seq_id,binary_label,pred_probability
5,1,0.5018495711256066
26,1,0.5023048170200869
120,1,0.5027386801284036
172,1,0.5007889934555393
183,1,0.5001340900038111
253,1,0.5006588461509566
265,1,0.5003801521564339
338,1,0.5062102059050646
386,1,0.5010220773560256
468,1,0.5011949672431801
501,1,0.5056472849967207
623,1,0.5014471090108212
635,1,0.5029132226798554
653,1,0.5079299416393838
658,1,0.5004523382156626
666,1,0.5081906105386974
1024,1,0.5001726700887601
1025,1,0.5002728851233402
1044,1,0.5004852961559653
1216,1,0.5013269519602692
1324,1,0.5002325232018441
1327,1,0.5023718459333149
1331,1,0.5020746806664335
1377,1,0.5067134893328368
1397,1,0.5006259611714683
1405,1,0.5023411120675352
1466,1,0.500815206337928
1516,1,0.5002595512456978
1523,1,0.5014103379713017
1569,1,0.5013874443818113
1583,1,0.5010456347723554
1590,1,0.5031671090616456
1592,1,0.5005906633553941
1713,1,0.5006768507836306
1733,1,0.5065769089395595
1845,1,0.5179492753991355
1959,1,0.5004043197882525
2090,1,0.5027445010536464
2254,1,0.524507719826084
2262,1,0.5086313853366008
2268,1,0.5013636884192251
2314,1,0.5185525470977115
2364,1,0.5005061573365649
2416,1,0.5002370989090948
2438,1,0.5002251839765592
2463,1,0.5019513832393442
2482,1,0.5004544617209908
2516,1,0.5004368885211053
2574,1,0.5350410668876243
2651,1,0.5003242057435622
2722,1,0.5095555804449691
2761,1,0.5360049874187497
2787,1,0.5016995024001732
2865,1,0.5015217403842185
2913,1,0.5036074633831871
2984,1,0.502104859634442
3089,1,0.5003925782933499
3180,1,0.5022683200402192
3441,1,0.502083308485224
3447,1,0.5179831766812856
3449,1,0.5015421231702482
3478,1,0.5011142901327637
3507,1,0.5026809467322084
3525,1,0.5057580164690987
3535,1,0.5030359081216246
3591,1,0.5052181410548964
3606,1,0.5002924801839049
3615,1,0.5029089334112296
3697,1,0.5006872774762383
3707,1,0.5001921191120321
3752,1,0.50310786450833
3857,1,0.5001734588226066
3975,1,0.5014585172257867
3977,1,0.5025719482231238
3988,1,0.5067953882604342
4092,1,0.5094040702944379
4141,1,0.5006920982652594
4290,1,0.5002779409289706
4322,1,0.5011694398723031
4325,1,0.5014298912730542
4463,1,0.5445187930883055
4567,1,0.5005407330667379
4684,1,0.5012619484719739
4694,1,0.5008077769853962
4718,1,0.5012841532979015
4758,1,0.5023671428037956
4846,1,0.500293167662096
4977,1,0.5242289067072033
5042,1,0.5736636051233025
5172,1,0.5011589077982673
5186,1,0.500300398282492
5211,1,0.5082034301030068
5217,1,0.5041036289260838
5294,1,0.5149266021486953
5295,1,0.501616931155059
5356,1,0.500334772156345
5482,1,0.5027926195093497
5488,1,0.5007451375088842
5496,1,0.5001309970659812
5514,1,0.5031264373515506
5532,1,0.5009522796240816
5590,1,0.5004239787077907
5618,1,0.5233229258352308
5623,1,0.500786756577408
5658,1,0.5009757910717375
5689,1,0.5004403642707791
5691,1,0.5005981413680921
5790,1,0.5005226929428684
5845,1,0.5009341153702876
5849,1,0.5001342794330281
5958,1,0.5057808332384933
6032,1,0.5005807053653933
6114,1,0.5018677022796916
6126,1,0.5036699312212358
6195,1,0.503667852533952
6200,1,0.5070806155017502
6223,1,0.5028561000090046
6234,1,0.5065327991869084
6245,1,0.522773714461921
6284,1,0.5008612180278709
6390,1,0.5193686185719691
6416,1,0.5033205282045111
6557,1,0.50474706435188
6637,1,0.5005750712688365
6640,1,0.5038865710109527
6662,1,0.5004558573807826
6675,1,0.5018874791822712
6691,1,0.5046095795833689
6710,1,0.5013567861820627
6792,1,0.5004397669287353
6924,1,0.5039757913439836
6994,1,0.5017404499442406
7048,1,0.5000705707939427
7051,1,0.5334629976415143
7077,1,0.5137952030092242
7078,1,0.501340535452118
7100,1,0.5026311854235687
7180,1,0.5059647111798754
7241,1,0.5023558516538821
7281,1,0.5001079314703041
7344,1,0.5021390785511216
7366,1,0.5009599447004486
7384,1,0.5059882289840144
7521,1,0.5067902984495412
7793,1,0.5216571373942737
7818,1,0.5025095789338915
7821,1,0.5016128610579095
7861,1,0.5006321363420897
7877,1,0.5002909399658055
7915,1,0.5038647907453743
7922,1,0.50055209809401
8068,1,0.5002603537068425
8095,1,0.5002037663741814
8116,1,0.5082374001740244
8161,1,0.5082674361787247
8172,1,0.5006876982019883
8210,1,0.5024232056441831
8228,1,0.5011452143280363
8239,1,0.5065019111339809
8249,1,0.5087322690321575
8279,1,0.513602634835134
8283,1,0.5006216955791943
8301,1,0.5004197236926856
8322,1,0.5060222470316234
8339,1,0.5011935510992361
8383,1,0.511628388435693
8395,1,0.5000363483810562
8425,1,0.5001807879682826
8544,1,0.5016900904254348
8558,1,0.5001890853920313
8612,1,0.501155698928259
8622,1,0.5029049305086893
8651,1,0.5042399504642456
8688,1,0.5007348347921329
8713,1,0.5084908282509633
8781,1,0.5028297145730932
8792,1,0.5004091157937562
8836,1,0.5032316349523138
8854,1,0.5003248959570553
8899,1,0.5047484308584057
8911,1,0.5039177861786196
8928,1,0.5158193630985459
8952,1,0.5041826808889011
9030,1,0.504580327034408
9039,1,0.5002877392179819
9067,1,0.500278036109796
9100,1,0.5035646935983401
9101,1,0.5003044799453548
9200,1,0.5005773316574529
9246,1,0.5005772442214008
9278,1,0.5013180364475274
9379,1,0.5098210755459194
9445,1,0.50389041883946
9489,1,0.5113646306071677
9512,1,0.5023511224710359
9515,1,0.5018442590147045
9699,1,0.5015588608385122
9728,1,0.5006517460098195
9742,1,0.5045743862463927
9755,1,0.5001189592662086
9922,1,0.5038175340154073
10005,1,0.5229404962609662
10019,1,0.500306055299677
10037,1,0.5003301224817007
10039,1,0.5031917508844599
10076,1,0.5018088831837315
10122,1,0.5116427955849833
10181,1,0.5092008003137841
10190,1,0.5078854914392062
10226,1,0.5003243479015211
10300,1,0.5008687804801755
10325,1,0.5001470575507564
10515,1,0.5015025636833836
10619,1,0.5185709214086959
10620,1,0.501740670812083
10636,1,0.5039038263439442
10705,1,0.5009820564707589
10707,1,0.5002156279071076
10724,1,0.5026775443898768
10726,1,0.5095235182595528
10770,1,0.5163924444405983
10849,1,0.5008346103175411
10907,1,0.5005621066306057
10952,1,0.5017163102825943
10995,1,0.5009365328155582
11090,1,0.5002097169035492
11128,1,0.5002780933331065
11339,1,0.5089091785706609
11387,1,0.5005915358355119
11599,1,0.5002327946695334
11629,1,0.5004955028687289
11680,1,0.5014768097609928
11700,1,0.5002789129982227
11761,1,0.5001458639162251
11792,1,0.5001194586878513
11795,1,0.5003862632132989
11811,1,0.5036447970374315
11857,1,0.5045769373816373
11881,1,0.5173372797841523
11885,1,0.5008232260062848
0,0,0.503598040956816
1,0,0.5015844691972827
2,0,0.5016843962105697
3,0,0.5035538258432987
4,0,0.5000850895685609
6,0,0.5003882365297451
7,0,0.5001836080104214
8,0,0.5008971195069815
9,0,0.5006649283164559
10,0,0.5003368075733963
11,0,0.5013681106598374
12,0,0.5042016161438008
13,0,0.5015341244542902
14,0,0.5002372287514667
15,0,0.5043922338678852
16,0,0.5007859968931633
17,0,0.5000775961830082
18,0,0.5030228130204949
19,0,0.5148224806837715
20,0,0.5015577130760108
21,0,0.5020176630293219
22,0,0.5077038348137152
23,0,0.5001947302289961
24,0,0.5011227344162638
25,0,0.500234884472597
27,0,0.5001421378145917
28,0,0.5002162008042246
29,0,0.5027755525888642
30,0,0.5033512871896384
31,0,0.5000506551374889
32,0,0.5037437981536921
33,0,0.500348753240395
34,0,0.5010663319716211
35,0,0.502646547575499
36,0,0.5015266785435436
37,0,0.5007905847276188
38,0,0.5002184036187729
39,0,0.5001051264631327
40,0,0.5004071324836908
41,0,0.5006200214145811
42,0,0.5010449316400977
43,0,0.5026244079314139
44,0,0.5005278576679428
45,0,0.5004892427265785
46,0,0.5011446232244268
47,0,0.5001240307774245
48,0,0.5001840488796802
49,0,0.5002639836245398
50,0,0.5007415275522158
51,0,0.5001589821337276
52,0,0.5009002921249676
53,0,0.5008112666357277
54,0,0.5004561299361954
55,0,0.5003955382663363
56,0,0.5027553134857895
57,0,0.5007997210420915
58,0,0.5003379358264914
59,0,0.5003459653250407
60,0,0.5000765984368455
61,0,0.5019560402534504
62,0,0.5004565323629099
63,0,0.5016199702724105
64,0,0.5026905235558791
65,0,0.5008452046001768
66,0,0.501187757347312
67,0,0.5004709348692936
68,0,0.5001530995903503
69,0,0.500466464260311
70,0,0.5001382859837888
71,0,0.5002004974513887
72,0,0.5002000249576436
73,0,0.5004467156961467
74,0,0.5022592654507497
75,0,0.5005569781301348
76,0,0.500109660844767
77,0,0.5019434997733841
78,0,0.5006251544087548
79,0,0.5010180834168675
80,0,0.5045084142179096
81,0,0.5005787318323934
82,0,0.5001591233410817
83,0,0.5005766757111553
84,0,0.5014133837494847
85,0,0.5001215185331067
86,0,0.5016311660201916
87,0,0.5023279568910252
88,0,0.5005823770901473
89,0,0.5006674270730905
90,0,0.5008505886742264
91,0,0.5010734315458538
92,0,0.5000367365660835
93,0,0.5001725061494341
94,0,0.500378490456835
95,0,0.5004685672217636
96,0,0.5013498269879862
97,0,0.5014612535215203
98,0,0.502293248918946
99,0,0.500380104756899
100,0,0.5002810548037782
101,0,0.500248462237895
102,0,0.5004071531335912
103,0,0.5093762618052379
104,0,0.5059519841898745
105,0,0.5025121253208521
106,0,0.500206095731515
107,0,0.5021737343678553
108,0,0.5180855909579012
109,0,0.5002734894793202
110,0,0.5046345465437758
111,0,0.5044444730731843
112,0,0.5001596277862097
113,0,0.5037750958600847
114,0,0.5003352737511114
115,0,0.5015015992071757
116,0,0.5010934045504032
117,0,0.5054947712489626
118,0,0.5015908566322052
119,0,0.502166302308505
121,0,0.5016611060249712
122,0,0.5015791267262757
123,0,0.5010202968640854
124,0,0.5006226698615809
125,0,0.5032037978948448
126,0,0.5114356766680616
127,0,0.5008802885194195
128,0,0.5000930756176671
129,0,0.5000610839816826
130,0,0.5019714497792405
131,0,0.5053565949971862
132,0,0.5012563011792267
133,0,0.5003808024358705
134,0,0.5039018799101612
135,0,0.500252104539426
136,0,0.5003658505949974
137,0,0.507353101390288
138,0,0.5006054998130971
139,0,0.5008767270801403
140,0,0.5009202411530028
141,0,0.5047491344714845
142,0,0.5005549829953833
143,0,0.5006103378303445
144,0,0.5007970217741654
145,0,0.500486123096491
146,0,0.5003534860691423
147,0,0.5000509436141383
148,0,0.5002477557365895
149,0,0.5007036690233575
150,0,0.500241211443055
151,0,0.5025442964892709
152,0,0.5009469580758127
153,0,0.500469891885759
154,0,0.5017921903511391
155,0,0.5002281255725461
156,0,0.5021139380982557
157,0,0.5009579369325359
158,0,0.5006059744347024
159,0,0.5001026772018536
160,0,0.505190669271227
161,0,0.5001663857844584
162,0,0.5016938706700645
163,0,0.5001621709398921
164,0,0.5055628187246498
165,0,0.5003779158931048
166,0,0.5007085102087703
167,0,0.5007336542983805
168,0,0.5105371895847011
169,0,0.5004492284122646
170,0,0.5005475256571345
171,0,0.5032213070387513
173,0,0.5002147789745444
174,0,0.5003047125859693
175,0,0.5000919902125227
176,0,0.500484341126932
177,0,0.5030286270169702
178,0,0.5000433827336203
179,0,0.501871051632923
180,0,0.5007683273994478
181,0,0.5006987374292681
182,0,0.5015286084436895
184,0,0.5005602001688627
185,0,0.5009385721072291
186,0,0.5036879823020756
187,0,0.5028487885021764
188,0,0.5170718902482007
189,0,0.5003715333333376
190,0,0.5011851568256226
191,0,0.5013421165602706
192,0,0.5006990834909444
193,0,0.5006459762559015
194,0,0.5083561250377366
195,0,0.5014056660175348
196,0,0.5001295561800648
197,0,0.5011975679690229
198,0,0.50003829810238
199,0,0.5002495729193305
200,0,0.502123639206553
201,0,0.5075998779790931
202,0,0.5002073434784793
203,0,0.5012475657768095
204,0,0.5001485506252102
205,0,0.500066512000894
206,0,0.5006396378923863
207,0,0.5004177471762601
208,0,0.5002646066377524
209,0,0.5002972157045923
210,0,0.5003309672875209
211,0,0.5004176015667114
212,0,0.5011418166902584
213,0,0.5004402375171373
214,0,0.5000937996255325
215,0,0.5007833581867812
216,0,0.5006633320352557
217,0,0.5007804392210484
218,0,0.5036751967311913
219,0,0.5002387809503052
220,0,0.5009009009766826
221,0,0.5000427306635881
222,0,0.5002502538601068
223,0,0.5000700598261939
224,0,0.5001008666792349
225,0,0.5005395939494043
226,0,0.5009538551517845
227,0,0.5005298404831117
228,0,0.5000738650046699
229,0,0.5003568605317331
230,0,0.5010934136580414
231,0,0.5026782856803104
232,0,0.5001778583345462
233,0,0.5016201670922192
234,0,0.5002045037461593
235,0,0.5001359742670463
236,0,0.5003607091474596
237,0,0.5002032506467491
238,0,0.5018942043463586
239,0,0.5000396474502309
240,0,0.502046426505669
241,0,0.5031256087410974
242,0,0.5009418146392741
243,0,0.5005959740927524
244,0,0.5023448995187537
245,0,0.5001219566566574
246,0,0.5016406510694317
247,0,0.5016798071956193
248,0,0.5010956962052053
249,0,0.5029737574398033
250,0,0.5001051673064512
251,0,0.5001384641956559
252,0,0.5001651586325788
254,0,0.5086562994525999
255,0,0.5001060060872422
256,0,0.5027462257205901
257,0,0.5005213008873579
258,0,0.5015486522494849
259,0,0.5001092159100097
260,0,0.5010428276738857
261,0,0.5001831737907434
262,0,0.5010565086654274
263,0,0.5002985410986938
264,0,0.5005653975444074
266,0,0.500528960706377
267,0,0.5006444762665506
268,0,0.5009553860219665
269,0,0.5004799299049979
270,0,0.5005081602304466
271,0,0.501231764560334
272,0,0.5003245285798427
273,0,0.500718391073956
274,0,0.5007707937890804
275,0,0.5002528883416899
277,0,0.5002021625505182
278,0,0.502264258333873
279,0,0.5002632705278087
280,0,0.5001229805016908
281,0,0.5008137418673854
282,0,0.5052685717816127
283,0,0.5008835812982967
284,0,0.5015455785268643
285,0,0.5003411637416255
286,0,0.5032736730615816
287,0,0.5049868531533613
288,0,0.500662764441213
289,0,0.5011666862300521
290,0,0.5166497871605186
291,0,0.5026785194728804
292,0,0.5005941423982107
293,0,0.5001668659587796
294,0,0.5018230997974681
295,0,0.5019129318491145
296,0,0.5019396962599902
297,0,0.5019738991217876
298,0,0.503599811053687
299,0,0.5010663466690806
300,0,0.5015683793757724
301,0,0.5026152430707478
302,0,0.502072944088066
303,0,0.5003186293614262
304,0,0.5010482948943208
305,0,0.5002272623219407
306,0,0.5009692503471292
307,0,0.5000704542137288
308,0,0.5005282100405358
309,0,0.5003767479994247
310,0,0.5018206600595757
311,0,0.5000685885477731
312,0,0.5005115694845554
313,0,0.5003413882040519
314,0,0.5019265141133595
315,0,0.5005010479718744
316,0,0.5006295204707931
317,0,0.5002781322619424
318,0,0.5005045713265783
319,0,0.5001628458790011
320,0,0.5003699095877004
321,0,0.502979263646987
322,0,0.5003348567024585
323,0,0.5003257723765068
324,0,0.5007663885530059
325,0,0.500525599732974
326,0,0.5018744818858304
327,0,0.506144278116787
328,0,0.5001045929878682
329,0,0.5017922358637148
330,0,0.502630811082602
331,0,0.5026763063624006
332,0,0.5003641658808772
333,0,0.5054262769745945
334,0,0.5008223426073266
335,0,0.5087001629725192
336,0,0.5026290059995495
337,0,0.5027089148547481
339,0,0.507323541657487
340,0,0.5009439150126679
341,0,0.5090475579543349
342,0,0.5006680396594998
343,0,0.5156618514729289
344,0,0.5011900090100947
345,0,0.500177580842457
346,0,0.5020118744363072
347,0,0.5003863197039975
348,0,0.5001225342743219
349,0,0.5022465623890172
350,0,0.5015932160180245
351,0,0.5119162197165862
352,0,0.500685241447394
353,0,0.5010067493193672
354,0,0.5015084846198782
355,0,0.5000828105689079
356,0,0.5034867767427961
357,0,0.5001741758268362
358,0,0.5009323803641711
359,0,0.5002952094452157
360,0,0.5002511652394269
361,0,0.5001627787377266
362,0,0.5004543812064248
363,0,0.5024866452342106
364,0,0.5002818234589063
365,0,0.5020145154476006
366,0,0.5001293727794888
367,0,0.5066570733170641
368,0,0.5007457047068756
369,0,0.5014361092063591
370,0,0.5001518208235357
371,0,0.5017662323896229
372,0,0.5012554943844274
373,0,0.5005631997999153
374,0,0.5015862607238233
375,0,0.5037264840904621
376,0,0.5000610640604325
377,0,0.502646446333038
378,0,0.5003934064314778
379,0,0.520400548909718
380,0,0.5104444981027961
381,0,0.5036316425156544
382,0,0.5191496087564591
383,0,0.5003807285436702
384,0,0.5018850133513219
385,0,0.5004604396105062
387,0,0.5006312306645206
388,0,0.5019307839892027
389,0,0.5000894233820933
390,0,0.5009908510890951
391,0,0.5006052097073288
392,0,0.5001322542688029
393,0,0.5014955406701241
394,0,0.5009736258093307
395,0,0.5001059021900465
396,0,0.5004393334587435
397,0,0.5004865803136423
398,0,0.5004538900164774
399,0,0.5005712535614574
400,0,0.500522870471207
401,0,0.5010607487185187
402,0,0.5012064855280276
403,0,0.5001778391072892
404,0,0.5001579832948371
405,0,0.5002452736441342
406,0,0.5010359626008194
407,0,0.5010396034083452
408,0,0.5002457794425247
409,0,0.5002416158904031
410,0,0.5008653151451293
411,0,0.5002308936828489
412,0,0.5105654461352411
413,0,0.5006984646645182
414,0,0.5000496346480661
415,0,0.5003607189864486
416,0,0.5006650272298929
417,0,0.5016369755563334
418,0,0.5019544540402363
419,0,0.5027494537081901
420,0,0.5043474363984741
421,0,0.5008381168643953
422,0,0.5014038662934076
423,0,0.500023125877962
424,0,0.5007030031523759
425,0,0.5012296638797156
426,0,0.5008952099152343
427,0,0.500154413126166
428,0,0.5001226220432754
429,0,0.5006791140900686
430,0,0.5024713586830473
431,0,0.5003529225084855
432,0,0.5013775137501914
433,0,0.5010911705923757
434,0,0.5010654766296637
435,0,0.5003214033137808
436,0,0.5000826182890361
437,0,0.5001478535882936
438,0,0.5007716939354121
439,0,0.5006085690716714
440,0,0.5000925285584329
441,0,0.5012703232966358
442,0,0.5000855732661686
443,0,0.5003265561381336
444,0,0.5002620811302892
445,0,0.5004007345819074
446,0,0.5032810857939245
447,0,0.5002782834535402
448,0,0.5001762325401007
449,0,0.5056432444703239
450,0,0.5040668110364306
451,0,0.500115042921048
452,0,0.500520120795768
453,0,0.5012070429644842
454,0,0.5003353588461683
455,0,0.5009139726793878
456,0,0.5008721368538905
457,0,0.5005086378709069
458,0,0.5037982590271922
459,0,0.5003655445474041
460,0,0.500302591365924
461,0,0.5002303660903377
462,0,0.5022310851515175
463,0,0.5001947256284196
464,0,0.5050485493627318
465,0,0.5002754932774633
466,0,0.5018744053038939
467,0,0.5004324040040978
469,0,0.5006874188145594
470,0,0.5003286090950392
471,0,0.5002723881600474
472,0,0.500243217904107
473,0,0.5023918383979588
474,0,0.5001786352882959
475,0,0.5008596260099386
476,0,0.5083035590860665
477,0,0.500441605347319
478,0,0.5005822410328341
479,0,0.500887599163434
480,0,0.5021807612987734
481,0,0.5019584256139719
482,0,0.503143122771851
483,0,0.5008685682822743
484,0,0.5048958101243121
485,0,0.5003175563723297
486,0,0.501451655313413
487,0,0.5015259345717556
488,0,0.5018234994094213
489,0,0.5026573770315437
490,0,0.5008518202966379
491,0,0.5001661684174508
492,0,0.5010073353208232
493,0,0.5003431769595692
494,0,0.5010482273730668
495,0,0.5001204056197838
496,0,0.5022389123146723
497,0,0.5026569108366328
498,0,0.5050937238704877
499,0,0.500303708479615
500,0,0.5004618153964574
502,0,0.5001433380517535
503,0,0.5011225395284475
504,0,0.500203826706905
505,0,0.5006466445053527
506,0,0.5000675399744285
507,0,0.5068807532899713
508,0,0.5074272818398947
509,0,0.500230270834605
510,0,0.5026524963361921
511,0,0.5000630078730323
512,0,0.5002542173916151
513,0,0.500424417812955
514,0,0.502950760242265
515,0,0.5000453352409734
516,0,0.5063497480486127
517,0,0.5004031932659593
518,0,0.501056124000829
519,0,0.5003360137286957
520,0,0.5023282781459507
521,0,0.5009074302895917
522,0,0.5008331653497357
523,0,0.5014747522176182
524,0,0.5017696592456645
525,0,0.5003554474245129
526,0,0.5013861987469287
527,0,0.5019877196280629
528,0,0.5046160599301522
529,0,0.5003085578222437
530,0,0.5002377430202564
531,0,0.5006925161550126
532,0,0.5001335444947872
533,0,0.5096006768470268
534,0,0.5001932037332426
535,0,0.5012678983026807
536,0,0.5001462255114915
537,0,0.5022451866485329
538,0,0.5036254378862045
539,0,0.5020510809669427
540,0,0.5001659099116351
541,0,0.5003185572839396
542,0,0.5007641628267607
543,0,0.5003258725152324
544,0,0.5035566568507297
545,0,0.5024987279437368
546,0,0.5001426521251171
547,0,0.5011225977714413
548,0,0.5014254693922383
549,0,0.5002403717673329
550,0,0.5038988983316441
551,0,0.5007497034101083
552,0,0.5003229987171123
553,0,0.5001790683335468
554,0,0.5002809981843038
555,0,0.5011470779773044
556,0,0.5051196632288177
557,0,0.5161859386688711
558,0,0.5002005005055836
559,0,0.5010240536157619
560,0,0.503190029808141
561,0,0.5002436816157634
562,0,0.5024812541569703
563,0,0.5016458037345457
564,0,0.5052035341503858
565,0,0.5013956317052429
566,0,0.5030690842637651
567,0,0.500311402194171
568,0,0.5001297641757703
569,0,0.5004297143705616
570,0,0.5043754488707032
571,0,0.5012791577876814
572,0,0.5008931229196305
573,0,0.5007178890288744
574,0,0.5007710764674534
575,0,0.5003082140674051
576,0,0.5056398307123023
577,0,0.502926265777322
578,0,0.5003137445551759
579,0,0.500692315761533
580,0,0.5011162918251213
581,0,0.5005029747335488
582,0,0.5004869744085974
583,0,0.5008567059815975
584,0,0.5025570370700999
585,0,0.5000866356043401
586,0,0.500207030626574
587,0,0.5003490686373921
588,0,0.5007018902926212
589,0,0.5002928666556568
590,0,0.5001318876648854
591,0,0.5001024944956913
592,0,0.5002831342138383
593,0,0.5031362203220008
594,0,0.5018454742081918
595,0,0.5015542025321132
596,0,0.5000259638213596
597,0,0.5022207524857848
598,0,0.5037385280621047
599,0,0.5007355946212929
600,0,0.5002778579560846
601,0,0.5011188637273627
602,0,0.500235588617016
603,0,0.5002425431984467
604,0,0.500250867195404
605,0,0.5006419810375679
606,0,0.5024052640479205
607,0,0.5016718254159924
608,0,0.500172025117517
609,0,0.5007425751435548
610,0,0.5002128295664631
611,0,0.5003967662241761
612,0,0.5002449250644742
613,0,0.5003348557009777
614,0,0.5003673398125194
615,0,0.5004123604215027
616,0,0.5004698805350234
617,0,0.5008419653989538
618,0,0.5005869016609749
619,0,0.5002108253706707
620,0,0.5011817494776936
621,0,0.504066833511283
622,0,0.5001219781470961
624,0,0.5012233223255125
625,0,0.5006397634068362
626,0,0.500797608820535
627,0,0.5005469831204055
628,0,0.5017499288638548
629,0,0.500275372702981
630,0,0.5015214362589556
631,0,0.5014267511355196
632,0,0.501866596345929
633,0,0.5022851039469477
634,0,0.5007746160283284
636,0,0.5009501290470485
637,0,0.5006078492295953
638,0,0.5003625161647818
639,0,0.5027797525049374
640,0,0.5005716959635257
641,0,0.5002151470032536
642,0,0.5021038923392263
643,0,0.5002043363943147
644,0,0.5003329290412495
645,0,0.5023426847586774
646,0,0.5027106652330477
647,0,0.5027780506742283
648,0,0.5004766494623694
649,0,0.5034390096335951
650,0,0.5000661936985447
651,0,0.5003670453662329
652,0,0.5009979775473061
654,0,0.5011029145304244
655,0,0.5003901886300975
656,0,0.500996957888778
657,0,0.5001645796963314
659,0,0.5006402600364591
660,0,0.500844145821313
661,0,0.5001477784507592
662,0,0.5059314880455341
663,0,0.5026631085136624
664,0,0.5005734506088212
665,0,0.500195569823755
667,0,0.5019531778296089
668,0,0.5014754460853882
669,0,0.5003026538386959
670,0,0.501382537394904
671,0,0.5017151669022107
672,0,0.5098489937278997
673,0,0.5002878380681783
674,0,0.5002906229232051
675,0,0.5003973162179438
676,0,0.5013501847115616
677,0,0.500084592352113
678,0,0.5011863767691301
679,0,0.5036887283653422
680,0,0.500104297376031
681,0,0.5004538536842776
682,0,0.5086668396893711
683,0,0.501366040262491
684,0,0.5006811745319346
685,0,0.5003713674103367
686,0,0.5022031136532555
687,0,0.5003669331473164
688,0,0.5028845517242347
689,0,0.5011991848187684
690,0,0.5006869454054149
691,0,0.5003919399558088
692,0,0.5004718099585274
693,0,0.5005337779251001
694,0,0.5001881423618004
695,0,0.5003964512738391
696,0,0.5006722366506925
697,0,0.5023059184441786
698,0,0.5119526746320634
699,0,0.5011267334133745
700,0,0.5017143629041068
701,0,0.5005709213979819
702,0,0.5001140651882601
703,0,0.5015049424262439
704,0,0.509515136811032
705,0,0.5019757203447132
706,0,0.5009416926718817
707,0,0.5014923455119419
708,0,0.5008043678532506
709,0,0.5006574655296441
710,0,0.5001425576756937
711,0,0.5013084811708899
712,0,0.5004101300224109
713,0,0.5003129056817877
714,0,0.5002779749015219
715,0,0.5020165595978772
716,0,0.5007430460602804
717,0,0.5002922139961262
718,0,0.5008156137929389
719,0,0.5002107363001811
720,0,0.5002606922220636
721,0,0.5008914014696313
722,0,0.50043885434015
723,0,0.5000953277131502
724,0,0.5001489573702701
725,0,0.5016367513950297
726,0,0.5020933346514583
727,0,0.5002598495441724
728,0,0.5001837101777084
729,0,0.5003965594868517
730,0,0.5005356271627767
731,0,0.5002665308196717
732,0,0.5007049329374091
733,0,0.5057340513639114
734,0,0.5004589542719986
735,0,0.5003661722918885
736,0,0.5001866477577054
737,0,0.5002560695079757
738,0,0.5001995910600949
739,0,0.5011070085219457
740,0,0.5043024030176227
741,0,0.5001186006977322
742,0,0.5006408823518395
743,0,0.500284665124655
744,0,0.5041715706872215
745,0,0.5001562510038083
746,0,0.5001683953321736
747,0,0.5004572026729824
748,0,0.5044943601563943
749,0,0.5001212996863187
750,0,0.5000537074184709
751,0,0.5004657074348546
752,0,0.5001891996727248
753,0,0.5033178903968767
754,0,0.5001299103373827
755,0,0.5026818720566993
756,0,0.5006263915419513
757,0,0.501053096680559
758,0,0.5001231520984267
759,0,0.5013653608282947
760,0,0.5008823856386473
761,0,0.5004402638376847
762,0,0.500223069437931
763,0,0.5000808857295084
764,0,0.5007558286849974
765,0,0.5006848191206393
766,0,0.5005322372881604
767,0,0.5002098411947865
768,0,0.5002149103233257
769,0,0.500662953509803
770,0,0.5005151208981695
771,0,0.505964270046361
772,0,0.5016298961587523
773,0,0.5002343032089906
774,0,0.5003985793734981
775,0,0.5002022304023461
776,0,0.5014123131755246
777,0,0.5013063686847183
778,0,0.5001893327621548
779,0,0.5002107342490894
780,0,0.5002216051390236
781,0,0.5023427598345277
782,0,0.500739860626398
783,0,0.5000702550624516
784,0,0.5005969959739102
785,0,0.5003032045560526
786,0,0.5006392093424803
787,0,0.5070903602943827
788,0,0.5006503577291204
789,0,0.505931587978926
790,0,0.500140211220929
791,0,0.5028212548253158
792,0,0.5015844317973978
793,0,0.5000583420685243
794,0,0.5004522856971101
795,0,0.5020917038439212
796,0,0.5003267925852503
797,0,0.5002321665772212
798,0,0.5000873731677324
799,0,0.5028871506359831
800,0,0.5004280849896603
801,0,0.5002183690899512
802,0,0.5000465047972509
803,0,0.5005506960828903
804,0,0.5001082793652701
805,0,0.5001526167151352
806,0,0.5003439750451234
807,0,0.5001784978164587
808,0,0.5028930505181707
809,0,0.5016159324620791
810,0,0.5012419444285926
811,0,0.5001013817433643
812,0,0.5002948968205613
813,0,0.5003563729471551
814,0,0.5004241157863246
815,0,0.5008914719030125
816,0,0.5009131148337468
817,0,0.50055626454859
818,0,0.5003107129753718
819,0,0.5003567552066246
820,0,0.5002406654681647
821,0,0.5001142635193576
822,0,0.5002064414665116
823,0,0.5024100223492712
824,0,0.5011880595464099
825,0,0.5001533602056305
826,0,0.5001828282769043
827,0,0.5002216301068146
828,0,0.5083614953977569
829,0,0.5075051829652715
830,0,0.5015479359578461
831,0,0.5003372801879674
832,0,0.5069049417005345
833,0,0.5044259294741336
834,0,0.5011360205305633
835,0,0.5008412755285632
836,0,0.5013220793476214
837,0,0.5015276367073384
838,0,0.5001531706143063
839,0,0.5006893558659404
840,0,0.5002578121309835
841,0,0.5003134067636327
842,0,0.5006282386636962
843,0,0.5006668691561655
844,0,0.5003868549282494
845,0,0.503311755173485
846,0,0.5006618442179104
847,0,0.5002191597184309
848,0,0.5007162076922961
849,0,0.5003629490006352
850,0,0.5001784915206556
851,0,0.5001062473435456
852,0,0.5002023163354665
853,0,0.5035679630609814
854,0,0.5009989094872889
855,0,0.5002330034643385
856,0,0.5004794294575658
857,0,0.5002195038123649
858,0,0.5000420494149161
859,0,0.5012086301417731
860,0,0.5028700082492907
861,0,0.501552462470911
862,0,0.5010409598361718
863,0,0.5016582498043344
864,0,0.500831750487024
865,0,0.5005266310110165
866,0,0.5001499091020547
867,0,0.5009731990664794
868,0,0.5004351497255688
869,0,0.5007203828371211
870,0,0.5013907929616945
871,0,0.500343096741495
872,0,0.5008176167935762
873,0,0.5005337852792303
874,0,0.5001969863886664
875,0,0.5012213700103174
876,0,0.5002274033113687
877,0,0.5002882533746567
878,0,0.500950641171572
879,0,0.5002506579162058
880,0,0.5004981856014576
881,0,0.5058795137134744
882,0,0.5046887924043229
883,0,0.5002952075503934
884,0,0.5002985159554462
885,0,0.5041621309483723
886,0,0.500255857191121
887,0,0.5001950504325582
888,0,0.5002189012924134
889,0,0.500833630273491
890,0,0.501024953499839
891,0,0.5005911424553948
892,0,0.5010283889983413
893,0,0.5028460380220328
894,0,0.5004177319492216
895,0,0.5005865562488211
896,0,0.5008522874486163
897,0,0.5014854010117504
898,0,0.5011536338358522
899,0,0.5012500535677422
900,0,0.5002399800011463
901,0,0.5004471211371602
902,0,0.500727754023654
903,0,0.5007813587193634
904,0,0.5006220686859962
905,0,0.5006864279160256
906,0,0.502741222595887
907,0,0.5002186849162532
908,0,0.5012694793144166
909,0,0.5010001384727689
910,0,0.5004940179688262
911,0,0.500151859311975
912,0,0.5015743095275131
913,0,0.5002494870436205
914,0,0.5004080008943225
915,0,0.5016157440970979
916,0,0.5016160655195205
917,0,0.5005391615814061
918,0,0.5001143959127522
919,0,0.5003816638268389
920,0,0.5009337711236581
921,0,0.5018165249516595
922,0,0.500025831601818
923,0,0.5028580364131827
924,0,0.5003769166842625
925,0,0.5006569314199882
926,0,0.5005504659917152
927,0,0.5016205461707852
928,0,0.5008105767055273
929,0,0.5010314720770292
930,0,0.5004576392608778
931,0,0.501776241743006
932,0,0.500445480262015
933,0,0.5008262010765423
934,0,0.5023802313214891
935,0,0.5121974948063311
936,0,0.5007377600201757
937,0,0.5002230229533027
938,0,0.5002226974218971
939,0,0.5014548230637627
940,0,0.5002329401692459
941,0,0.500103599278484
942,0,0.5002825068994234
943,0,0.5031221228748598
944,0,0.5009557541985588
945,0,0.5000767822018091
946,0,0.5008809781862581
947,0,0.5008689469298594
948,0,0.5001984753759878
949,0,0.5010637010276676
950,0,0.5005333035055112
951,0,0.5053347256687166
952,0,0.5005288445929843
953,0,0.5062192137351399
954,0,0.5011657973157998
955,0,0.5038591213948034
956,0,0.5020129068449735
957,0,0.5019765400405573
958,0,0.5010231948822025
959,0,0.5004165138705322
960,0,0.5014417348230268
961,0,0.5002176770095232
962,0,0.500818390674993
963,0,0.5001494631007548
964,0,0.509381835372892
965,0,0.5007328939175699
966,0,0.501253401192167
967,0,0.50087619698765
968,0,0.5001973604450274
969,0,0.5036793025421329
970,0,0.5010350940999754
971,0,0.5058636645261823
972,0,0.5009289331852366
973,0,0.5230031224777154
974,0,0.5003872755185879
975,0,0.5003553988879519
976,0,0.5010409999871429
977,0,0.5013412722373248
978,0,0.5047996571888389
979,0,0.5003923223172378
980,0,0.5078379937789367
981,0,0.5000348397290727
982,0,0.5010672668727754
983,0,0.5006107947856416
984,0,0.500803662727292
985,0,0.5004949090482996
986,0,0.5052466699715447
987,0,0.5005334124672592
988,0,0.5001296561159311
989,0,0.5010047969023346
990,0,0.500712458014896
991,0,0.5025573998724928
992,0,0.5002947559392574
993,0,0.5001150404426598
994,0,0.500250869919648
995,0,0.5002174950100382
996,0,0.5003304284770375
997,0,0.5006509446550882
998,0,0.5015292083703368
999,0,0.5018292722349731
1000,0,0.5037027387736215
1001,0,0.5009400550730264
1002,0,0.500403285140559
1003,0,0.5005801973765529
1004,0,0.5006624592132402
1005,0,0.501338774508626
1006,0,0.5001436327805016
1007,0,0.5002068591667205
1008,0,0.5021076550003548
1009,0,0.5294259195479837
1010,0,0.5012216775133037
1011,0,0.5041864557973738
1012,0,0.5001092702457247
1013,0,0.5034373383390631
1014,0,0.5009866078001114
1015,0,0.500378601074874
1016,0,0.508913456648338
1017,0,0.5002915553293584
1018,0,0.5028575787786991
1019,0,0.5006073556138627
1020,0,0.5006240527019941
1021,0,0.5014421979652275
1022,0,0.5003383321264773
1023,0,0.5003917131910655
1026,0,0.5011466941808621
1027,0,0.5001794468255034
1028,0,0.5003238850629105
1029,0,0.5004241801027028
1030,0,0.5004350075875073
1031,0,0.5000584800978651
1032,0,0.501081937385433
1033,0,0.5038945681231863
1034,0,0.5006290979177808
1035,0,0.5003367780429089
1036,0,0.5080133206101617
1037,0,0.5011316427783014
1038,0,0.5005534891763935
1039,0,0.5002108071952819
1040,0,0.5012704373314583
1041,0,0.5005965801505855
1042,0,0.5021874307920667
1043,0,0.5012569738574963
1045,0,0.5059823198815924
1046,0,0.5000379137232354
1047,0,0.5005048953474495
1048,0,0.5028276594901505
1049,0,0.5002422319678504
1050,0,0.5043937901291333
1051,0,0.5000655397086767
1052,0,0.5004302813537425
1053,0,0.5008243323806819
1054,0,0.5009798836500775
1055,0,0.5015019777499452
1056,0,0.5054038936514479
1057,0,0.5071931282986666
1058,0,0.5031386247890832
1059,0,0.5006744837045188
1060,0,0.5002051525222992
1061,0,0.5032467401428163
1062,0,0.5008679262454694
1063,0,0.5002148273431822
1064,0,0.5019588059505155
1065,0,0.5101637834314124
1066,0,0.5010300408164369
1067,0,0.5024534126663961
1068,0,0.5000906424822883
1069,0,0.5013155674683869
1070,0,0.5042595196662072
1071,0,0.5009332678274959
1072,0,0.5042188623502419
1073,0,0.5006822657677076
1074,0,0.5004076455728904
1075,0,0.5001299100549939
1076,0,0.5022214667616143
1077,0,0.5000948931950175
1078,0,0.5003677377234261
1079,0,0.5009165708922059
1080,0,0.5150735514453288
1081,0,0.5003911327937858
1082,0,0.5001611372129706
1083,0,0.5009461397801952
1084,0,0.5003092550004333
1085,0,0.5002410016434916
1086,0,0.5010154214770335
1087,0,0.5002703423877944
1088,0,0.5001702534201067
1089,0,0.5331334384501113
1090,0,0.5056595397960078
1091,0,0.5002396018151034
1092,0,0.5007125888739002
1093,0,0.5007338910907975
1094,0,0.5004245833633202
1095,0,0.5001755185106898
1096,0,0.500688079154153
1097,0,0.5004736120869802
1098,0,0.5004645532089793
1099,0,0.5006498501833107
1100,0,0.5002377986153863
1101,0,0.5008565372720771
1102,0,0.5035821996402505
1103,0,0.5003956807439582
1104,0,0.5002748007107104
1105,0,0.5001956255093246
1106,0,0.5004867027522721
1107,0,0.5001714766012461
1108,0,0.5023422511538075
1109,0,0.5075196043448112
1110,0,0.5018799720380553
1111,0,0.5000614473297956
1112,0,0.5023940980408094
1113,0,0.5005813835356593
1114,0,0.5021327895235264
1115,0,0.5003268270538626
1116,0,0.5012875345885851
1117,0,0.5002020220907016
1118,0,0.5007901302098914
1119,0,0.5006138388352405
1120,0,0.5016965458839567
1121,0,0.5021241227512399
1122,0,0.5004090457093968
1123,0,0.5001531481244811
1124,0,0.5001717225881784
1125,0,0.5027263850909965
1126,0,0.5001928338334259
1127,0,0.5002330802895
1128,0,0.5002556859859414
1129,0,0.5004230332979556
1130,0,0.5007769930639314
1131,0,0.5068282378592694
1132,0,0.5003069308636382
1133,0,0.50071421880559
1134,0,0.5005366544382663
1135,0,0.5000770186806176
1136,0,0.5023548578893949
1137,0,0.500523305320901
1138,0,0.5021512211718107
1139,0,0.5000855692850676
1140,0,0.5010833436090684
1141,0,0.5210208932942904
1142,0,0.5044805829564017
1143,0,0.5032753323395079
1144,0,0.5001221805357046
1145,0,0.501928125259452
1146,0,0.501930053497348
1147,0,0.5002091223088981
1148,0,0.5007959946322517
1149,0,0.5001892025251289
1150,0,0.5041149992048909
1151,0,0.5000494329796745
1152,0,0.5014744967062514
1153,0,0.5002843239487181
1154,0,0.503817328196561
1155,0,0.5005242387763531
1156,0,0.5000759002177073
1157,0,0.5011006558300978
1158,0,0.500307215407089
1159,0,0.5008278729185311
1160,0,0.5008633198654843
1161,0,0.5002767805514269
1162,0,0.5001747391376442
1163,0,0.5017567762955989
1164,0,0.5004386638449402
1165,0,0.5005101488515675
1166,0,0.5000216773174493
1167,0,0.5000292766349704
1168,0,0.500596173348114
1169,0,0.5007223625385372
1170,0,0.5016353126134988
1171,0,0.5055545431486376
1172,0,0.5009291629877187
1173,0,0.5002530110722423
1174,0,0.5022917545770729
1175,0,0.5005146217903891
1176,0,0.5004591117594644
1177,0,0.5001353974795818
1178,0,0.5011161831176291
1179,0,0.5001822256740143
1180,0,0.5020843295810092
1181,0,0.5005328066950451
1182,0,0.5001024916780804
1183,0,0.5014616449872751
1184,0,0.5022866936756534
1185,0,0.5024371986675228
1186,0,0.5001985797229209
1187,0,0.5008488122131074
1188,0,0.5006218931793649
1189,0,0.5004763768492863
1190,0,0.500580782796233
1191,0,0.5015881299614535
1192,0,0.5002177050631733
1193,0,0.5001536063985847
1194,0,0.5061032551612638
1195,0,0.5001966624954122
1196,0,0.5002822053049535
1197,0,0.5000259265034305
1198,0,0.5013386201710303
1199,0,0.500216243373892
1200,0,0.5030955930598463
1201,0,0.5012236429881177
1202,0,0.5007724788224015
1203,0,0.5002149461729113
1204,0,0.5002666225783036
1205,0,0.5000453110141382
1206,0,0.5016217779363759
1207,0,0.5001356817043292
1208,0,0.5002269380191862
1209,0,0.5005312822307791
1210,0,0.5005861526579722
1211,0,0.5020155756358893
1212,0,0.5000548380114951
1213,0,0.500090701129195
1214,0,0.5016846574831544
1215,0,0.5014380188124613
1217,0,0.500554186599281
1218,0,0.5003495975334887
1219,0,0.5006084185215387
1220,0,0.5007610516411175
1221,0,0.5009497337389678
1222,0,0.5044103477643153
1223,0,0.5015563615462187
1224,0,0.5005279999595915
1225,0,0.5000305824340555
1226,0,0.5002453430481079
1227,0,0.5001966568729773
1228,0,0.5022735837980236
1229,0,0.5001246675677921
1230,0,0.5001265039054408
1231,0,0.5179747206047284
1232,0,0.5005931613109352
1233,0,0.5003135490833807
1234,0,0.5000556321944053
1235,0,0.5003176822508856
1236,0,0.5000356960341447
1237,0,0.5238567196440099
1238,0,0.5020331298534275
1239,0,0.5008450179392083
1240,0,0.5011175323467406
1241,0,0.5002233294864991
1242,0,0.5026314316263607
1243,0,0.5004223864545588
1244,0,0.5002050711074097
1245,0,0.5024005841917694
1246,0,0.5008679596889788
1247,0,0.500739052921833
1248,0,0.5024434342330094
1249,0,0.5005309255905342
1250,0,0.5003263048236304
1251,0,0.5008146407934435
1252,0,0.5029156816462059
1253,0,0.5004307245580212
1254,0,0.5019117253871271
1255,0,0.500449814101415
1256,0,0.501343488190057
1257,0,0.5017081472465335
1258,0,0.5017752890148929
1259,0,0.5019373292348956
1260,0,0.5012110287733704
1261,0,0.5014287447660156
1262,0,0.5003669865994808
1263,0,0.5002368206016997
1264,0,0.5037275795292961
1265,0,0.5010074708393965
1266,0,0.5006469701061138
1267,0,0.5013432402672096
1268,0,0.5002235056700028
1269,0,0.5003740773454953
1270,0,0.5001099328401131
1271,0,0.5005763916079384
1272,0,0.5000380223793142
1273,0,0.5000381777554141
1274,0,0.501404920612747
1275,0,0.5017058664675795
1276,0,0.5076637048978959
1277,0,0.5003410820329979
1278,0,0.5000382993138135
1279,0,0.5006771626161702
1280,0,0.5005943292532327
1281,0,0.5007820226748663
1282,0,0.501664321234269
1283,0,0.5014962966803547
1284,0,0.50012542856786
1285,0,0.5015609010703057
1286,0,0.5008965702233502
1287,0,0.501725290100792
1288,0,0.5043307680556026
1289,0,0.5005447715295218
1290,0,0.5005868342985949
1291,0,0.5007171911418452
1292,0,0.500460055995127
1293,0,0.5008990569848668
1294,0,0.5001273730492721
1295,0,0.5002131094430363
1296,0,0.5006773292759613
1297,0,0.5002339398061827
1298,0,0.5012590929250159
1299,0,0.5011251420732032
1300,0,0.5000534104166701
1301,0,0.5015221982882508
1302,0,0.5012089184057605
1303,0,0.5014154376204635
1304,0,0.5027791404186599
1305,0,0.5005565189098733
1306,0,0.5000307213399817
1307,0,0.5002548005948882
1308,0,0.5003147537630571
1309,0,0.5017304541940651
1310,0,0.5004572768758102
1311,0,0.5002396451562195
1312,0,0.502115081598821
1313,0,0.5012383442793787
1314,0,0.5001487538780703
1315,0,0.5009030398659602
1316,0,0.5005769465193795
1317,0,0.5016461981491197
1318,0,0.5007232108121364
1319,0,0.5005254310713491
1320,0,0.5007118382021352
1321,0,0.5010447303605102
1322,0,0.5004262901229753
1323,0,0.5004542888891546
1325,0,0.5010514646306498
1326,0,0.5052710198427695
1328,0,0.5068776333697362
1329,0,0.50098993742635
1330,0,0.5015037457472629
1332,0,0.5005204324222754
1333,0,0.500676509183458
1334,0,0.500096253044011
1335,0,0.5025975028995571
1336,0,0.5004273490641423
1337,0,0.5011262662901736
1338,0,0.5001702415746555
1339,0,0.5006407704555139
1340,0,0.500107551380912
1341,0,0.5003517014041537
1342,0,0.501075626241689
1343,0,0.5048290388382433
1344,0,0.5026569186109124
1345,0,0.5014170929601233
1346,0,0.5003408208000474
1347,0,0.5001796065477461
1348,0,0.5002756299532871
1349,0,0.5004613966928373
1350,0,0.5005129379491066
1351,0,0.5013555525384523
1352,0,0.5014838859014356
1353,0,0.5066252415099571
1354,0,0.5010384165062827
1355,0,0.5002982532611938
1356,0,0.5010747786390859
1357,0,0.5011712780936548
1358,0,0.5001348624624935
1359,0,0.5097704115048886
1360,0,0.5002991303765648
1361,0,0.5006867787078529
1362,0,0.5004977730082447
1363,0,0.5020822334770536
1364,0,0.5003939385651925
1365,0,0.5004656835070084
1366,0,0.5008298819030831
1367,0,0.5001213339119613
1368,0,0.5005290547710336
1369,0,0.5010492645948533
1370,0,0.5018923204453191
1371,0,0.501684581638558
1372,0,0.5293821027344134
1373,0,0.5015187765064242
1374,0,0.5000741254301369
1375,0,0.5033002387909011
1376,0,0.5006190878820278
1378,0,0.5013615267230254
1379,0,0.5017963132363422
1380,0,0.5001214892304873
1381,0,0.502525771711477
1382,0,0.5001736286589352
1383,0,0.502106457969571
1384,0,0.5001809271980908
1385,0,0.5024870051072152
1386,0,0.5028655025907243
1387,0,0.5169917268317504
1388,0,0.5006891235241384
1389,0,0.5018995910142748
1390,0,0.5036594286637377
1391,0,0.5001038425229978
1392,0,0.50713137227214
1393,0,0.5001548345081974
1394,0,0.5013145784749908
1395,0,0.5003435113480904
1396,0,0.5006599000713946
1398,0,0.5016828733806848
1399,0,0.5002190964018002
1400,0,0.5013234824204982
1401,0,0.5003968155738439
1402,0,0.5003393450354432
1403,0,0.500291598498954
1404,0,0.5011620986633503
1406,0,0.5008912118212173
1407,0,0.5005866145487978
1408,0,0.5006719892981176
1409,0,0.504633915959785
1410,0,0.510758015048752
1411,0,0.5001788281200852
1412,0,0.5013861583232517
1413,0,0.5014728490173821
1414,0,0.5001900860309292
1415,0,0.5004036570414395
1416,0,0.5019688780792303
1417,0,0.5002258819308644
1418,0,0.5017640743926911
1419,0,0.5001996121764196
1420,0,0.5033569175687617
1421,0,0.5015427296730894
1422,0,0.5003091488580423
1423,0,0.5028200378742125
1424,0,0.503620839347826
1425,0,0.5009685323882663
1426,0,0.5017080911049402
1427,0,0.500161303986545
1428,0,0.5008419383753451
1429,0,0.5004759124309516
1430,0,0.5000854061117413
1431,0,0.5003625509057243
1432,0,0.5001575710319691
1433,0,0.5130124378001472
1434,0,0.5018099470967844
1435,0,0.5015067800199858
1436,0,0.5003479599151895
1437,0,0.5032536357729573
1438,0,0.5009767564251734
1439,0,0.5014939500193006
1440,0,0.5001193176349107
1441,0,0.5003491308708493
1442,0,0.5001646646783268
1443,0,0.5008472260018542
1444,0,0.502187649941067
1445,0,0.5031565340038939
1446,0,0.500691712150855
1447,0,0.5001646414988474
1448,0,0.501206236813936
1449,0,0.5013680286463801
1450,0,0.5001453420235412
1451,0,0.5000872902520549
1452,0,0.5012965196393522
1453,0,0.5021930579985971
1454,0,0.5001563726805858
1455,0,0.5022787645949753
1456,0,0.5015160474993945
1457,0,0.5004354370850554
1458,0,0.5005745552547631
1459,0,0.5003017241462269
1460,0,0.5001204094451714
1461,0,0.5048202282344898
1462,0,0.5000303086936994
1463,0,0.5001938849105743
1464,0,0.5001374252766727
1465,0,0.5018363679977145
1467,0,0.5001730653914753
1468,0,0.5003284018889117
1469,0,0.5001109501097569
1470,0,0.5044613952241861
1471,0,0.5016044191217888
1472,0,0.5003368070044578
1473,0,0.5004335795250999
1474,0,0.5002451904206638
1475,0,0.5168711464560721
1476,0,0.5019308128699975
1477,0,0.500517520650937
1478,0,0.5012512867766541
1479,0,0.5012103439805748
1480,0,0.5001793434899898
1481,0,0.5001585073205318
1482,0,0.5005779017617848
1483,0,0.5001214416674231
1484,0,0.5011421902074782
1485,0,0.5000245032408545
1486,0,0.5001605813620694
1487,0,0.5007030004028016
1488,0,0.5000919362281236
1489,0,0.5001962394561223
1490,0,0.5010633927881456
1491,0,0.5002764439396387
1492,0,0.5022848500332253
1493,0,0.5004010391541062
1494,0,0.5048605387919584
1495,0,0.5011208111925458
1496,0,0.5004197154940638
1497,0,0.5002908430498845
1498,0,0.500406107267117
1499,0,0.5004368885861932
1500,0,0.5042292645179419
1501,0,0.5000957372819969
1502,0,0.5012322278348945
1503,0,0.5055612391910057
1504,0,0.5008301854121314
1505,0,0.5010128290514408
1506,0,0.5000730565055516
1507,0,0.5012338691675824
1508,0,0.5003044450775782
1509,0,0.5002161600786693
1510,0,0.5001482502320874
1511,0,0.5005910720411011
1512,0,0.5093901100329536
1513,0,0.5019169002744802
1514,0,0.500269188149804
1515,0,0.5008417804662118
1517,0,0.5003618130955861
1518,0,0.5016835152479525
1519,0,0.503900454319379
1520,0,0.5001229310156421
1521,0,0.5005873762251406
1522,0,0.5009286005388528
1524,0,0.5004899358596568
1525,0,0.5053284571586355
1526,0,0.5003442552300845
1527,0,0.5032232350083962
1528,0,0.5025000028033166
1529,0,0.5057020950781076
1530,0,0.500585954314133
1531,0,0.5003258852427904
1532,0,0.5003539849661884
1533,0,0.5000905777051257
1534,0,0.5013219931408769
1535,0,0.500232454062104
1536,0,0.5014928863454347
1537,0,0.5012162633370055
1538,0,0.5005289760127152
1539,0,0.5005932647083671
1540,0,0.5003052632096467
1541,0,0.5012349764782047
1542,0,0.5009234699620668
1543,0,0.5001164372286822
1544,0,0.5012846836394425
1545,0,0.501413221928192
1546,0,0.5008122808104777
1547,0,0.501846178267011
1548,0,0.5001419209926865
1549,0,0.5004657305717034
1550,0,0.5007648098679192
1551,0,0.5001736265974227
1552,0,0.5014244404307072
1553,0,0.5011481245706727
1554,0,0.5031367336523019
1555,0,0.5002013525876723
1556,0,0.5028000243671279
1557,0,0.500835676137955
1558,0,0.5004270021440645
1559,0,0.5025262489200258
1560,0,0.5004424328147227
1561,0,0.5007676222856744
1562,0,0.501869587157997
1563,0,0.5011447879029833
1564,0,0.5001980368509878
1565,0,0.5002035582377766
1566,0,0.5011005371072349
1567,0,0.5012041328393408
1568,0,0.5019947258854112
1570,0,0.5026253415114068
1571,0,0.5023516270336498
1572,0,0.5003946537963923
1573,0,0.5019227062567383
1574,0,0.5001006462917553
1575,0,0.5001876018682341
1576,0,0.5001248951570377
1577,0,0.5005405271931235
1578,0,0.5000847083815042
1579,0,0.5000393374126795
1580,0,0.5021971864484055
1581,0,0.5002600616049494
1582,0,0.5003704825661065
1584,0,0.5010726077229676
1585,0,0.5001160602757597
1586,0,0.5042575873672692
1587,0,0.5023543218274505
1588,0,0.5001175638085895
1589,0,0.5000937862805558
1591,0,0.5009682695214972
1593,0,0.5002677549332372
1594,0,0.5004483297662241
1595,0,0.5008078718682466
1596,0,0.5000617289380482
1597,0,0.5002792524549109
1598,0,0.50033058610576
1599,0,0.5015189052503223
1600,0,0.5001634095065687
1601,0,0.5000850432735022
1602,0,0.500287860828602
1603,0,0.5000470751370311
1604,0,0.5008958506746083
1605,0,0.5008040195452145
1606,0,0.5027516666711689
1607,0,0.5149419980042811
1608,0,0.5004960848290442
1609,0,0.5019902449215423
1610,0,0.5001942346586101
1611,0,0.5012796187554209
1612,0,0.50020994218474
1613,0,0.5004542250115112
1614,0,0.5002472061680197
1615,0,0.5000278188810567
1616,0,0.5007126153526578
1617,0,0.5003342697228
1618,0,0.5019015729762449
1619,0,0.5008180373207075
1620,0,0.5006221379737297
1621,0,0.5020443862631682
1622,0,0.5002761834697788
1623,0,0.5002195590697104
1624,0,0.5001240667996154
1625,0,0.5016770096551442
1626,0,0.503931682377177
1627,0,0.5021361297010931
1628,0,0.500306196623791
1629,0,0.5003721785278777
1630,0,0.5001438442062779
1631,0,0.501370634220077
1632,0,0.5013401128176531
1633,0,0.500241247891715
1634,0,0.5020196227773188
1635,0,0.5003946092415266
1636,0,0.5001335254152405
1637,0,0.5002014332961626
1638,0,0.5005790834744696
1639,0,0.5078351477314792
1640,0,0.5001944809120996
1641,0,0.5001163046340619
1642,0,0.5007752953039719
1643,0,0.5008010329092197
1644,0,0.5009584741736408
1645,0,0.5004917899495003
1646,0,0.5004292451986067
1647,0,0.5013123324316161
1648,0,0.5016753332442327
1649,0,0.5002017801153461
1650,0,0.5002161754953138
1651,0,0.5004607760220765
1652,0,0.500294403855804
1653,0,0.5002021412067787
1654,0,0.5025118669075745
1655,0,0.5009326339635763
1656,0,0.5014348154305205
1657,0,0.5001168405467887
1658,0,0.5006287428141438
1659,0,0.5035961439142901
1660,0,0.5001864823099844
1661,0,0.5005492191575978
1662,0,0.5003178009995385
1663,0,0.5001144292048995
1664,0,0.5001760839802019
1665,0,0.5004675960251966
1666,0,0.5009186793856655
1667,0,0.5032426793925716
1668,0,0.5059554309127506
1669,0,0.5008737919602219
1670,0,0.5058619561301032
1671,0,0.5029497469515851
1672,0,0.5003577792841332
1673,0,0.5008162199177445
1674,0,0.5002863427717504
1675,0,0.5015560380377501
1676,0,0.5003664463288309
1677,0,0.5005026779541399
1678,0,0.5046465262838059
1679,0,0.5112064888957286
1680,0,0.500045346699901
1681,0,0.500349913089637
1682,0,0.5002112705064815
1683,0,0.5057940415927683
1684,0,0.5027301439225497
1685,0,0.5006775395027769
1686,0,0.5002267452289338
1687,0,0.500734431812481
1688,0,0.5001226489753006
1689,0,0.5000319447529422
1690,0,0.5006016380469573
1691,0,0.5057935947406758
1692,0,0.5010975483680112
1693,0,0.5011851340819802
1694,0,0.5040718105939911
1695,0,0.5019413374896629
1696,0,0.5013425139052111
1697,0,0.5002728521308395
1698,0,0.5002423915521089
1699,0,0.5006100410904984
1700,0,0.5045138498561517
1701,0,0.5002488567753628
1702,0,0.5003535265941006
1703,0,0.5013871978985904
1704,0,0.5001227725764963
1705,0,0.5031591186579669
1706,0,0.5039963447040828
1707,0,0.5115920763417345
1708,0,0.5000937616179401
1709,0,0.5018723193311375
1710,0,0.5001910397130099
1711,0,0.5016088766064261
1712,0,0.5002656742750805
1714,0,0.5001195609283715
1715,0,0.5001837473585006
1716,0,0.5025886088225352
1717,0,0.5015136351524153
1718,0,0.5005035156764699
1719,0,0.5025544535488298
1720,0,0.5104987848502301
1721,0,0.5001872935401451
1722,0,0.5001279589093667
1723,0,0.5003046249825005
1724,0,0.5006121550780664
1725,0,0.5004773660964337
1726,0,0.5003997779742607
1727,0,0.5048008052023332
1728,0,0.5001776759529767
1729,0,0.5043545716849
1730,0,0.5002575888215318
1731,0,0.5003176036809746
1732,0,0.5004011622599396
1734,0,0.5002282801483807
1735,0,0.5014507371885326
1736,0,0.5001635916457039
1737,0,0.501026880919203
1738,0,0.5001070079599901
1739,0,0.5020098525069562
1740,0,0.5013093747905841
1741,0,0.5003916767045079
1742,0,0.5006199135702486
1743,0,0.5001215193652604
1744,0,0.5010238851334989
1745,0,0.5014200515090568
1746,0,0.5002789810276714
1747,0,0.5012259356573806
1748,0,0.500365313862039
1749,0,0.5017493565882956
1750,0,0.5004168794499634
1751,0,0.5007406200136086
1752,0,0.5008514127912245
1753,0,0.5015817842404858
1754,0,0.5001895792564359
1755,0,0.5007209223806682
1756,0,0.5011031898455994
1757,0,0.5001305461966015
1758,0,0.5011258198018733
1759,0,0.5003694299185956
1760,0,0.5002437853545099
1761,0,0.5115368646022129
1762,0,0.5008361884139545
1763,0,0.5009561101517866
1764,0,0.5005653169480796
1765,0,0.5005033844629412
1766,0,0.5072386849853059
1767,0,0.501671822121447
1768,0,0.5000937328571801
1769,0,0.5018363078058768
1770,0,0.5006906248747343
1771,0,0.5002786145400838
1772,0,0.5009430027555699
1773,0,0.5005087114482069
1774,0,0.5006089336488865
1775,0,0.5008730526722808
1776,0,0.5001825447760462
1777,0,0.5018255133548213
1778,0,0.5018339007367405
1779,0,0.5001382930665751
1780,0,0.5006926851749202
1781,0,0.5019110006914005
1782,0,0.5018366928985459
1783,0,0.5019769986376464
1784,0,0.5030643770926873
1785,0,0.5020798860496034
1786,0,0.5004826561598592
1787,0,0.5007440317973728
1788,0,0.5004058836937932
1789,0,0.5004388046083028
1790,0,0.5005456175647998
1791,0,0.5016338358574404
1792,0,0.5007197964589968
1793,0,0.5006048699075624
1794,0,0.5002931674337321
1795,0,0.5001020968968858
1796,0,0.5022453846215208
1797,0,0.5010550166529651
1798,0,0.5014502165780542
1799,0,0.5002324100596688
1800,0,0.5006118272975119
1801,0,0.5153835238112154
1802,0,0.5005740813091524
1803,0,0.5001632255262128
1804,0,0.5025605909596341
1805,0,0.5054722423669686
1806,0,0.5010969689780176
1807,0,0.5008992621958611
1808,0,0.5004886809662757
1809,0,0.5001080203045339
1810,0,0.5002542680780522
1811,0,0.5002730911015474
1812,0,0.5012972743924178
1813,0,0.5022204997361214
1814,0,0.5023650627739693
1815,0,0.5014393629506404
1816,0,0.5055044389510123
1817,0,0.5047429024812705
1818,0,0.5012098873802457
1819,0,0.5033619788866128
1820,0,0.5007903126618399
1821,0,0.5011152912776384
1822,0,0.5012039604126503
1823,0,0.5035319113201556
1824,0,0.5004748454754206
1825,0,0.5020914008769646
1826,0,0.5003119466263737
1827,0,0.5017954586012449
1828,0,0.5002488967505987
1829,0,0.5002779290597731
1830,0,0.500210859106577
1831,0,0.5000544407507926
1832,0,0.5030446569280782
1833,0,0.5035002818075142
1834,0,0.5001144078841898
1835,0,0.5002038660903306
1836,0,0.5016309969446358
1837,0,0.500254535877496
1838,0,0.5009015390202093
1839,0,0.5003033728187762
1840,0,0.5005016567348782
1841,0,0.5001935872947763
1842,0,0.5063695973570181
1843,0,0.5002233720456156
1844,0,0.5011766057331245
1846,0,0.5020749444114181
1847,0,0.5011491503565575
1848,0,0.5084402053991138
1849,0,0.5001444642289993
1850,0,0.5009514797412736
1851,0,0.5005087227003572
1852,0,0.5007271924135721
1853,0,0.5000306656881001
1854,0,0.5024497321184773
1855,0,0.5009267583755073
1856,0,0.5000799337910987
1857,0,0.5020216196229907
1858,0,0.5008040704090955
1859,0,0.5001059170084912
1860,0,0.5007377001610978
1861,0,0.501236509404816
1862,0,0.5020792927703825
1863,0,0.5004512981755417
1864,0,0.5011028679934887
1865,0,0.5004010164589254
1866,0,0.5000770870339578
1867,0,0.5003377417224514
1868,0,0.5021117763517997
1869,0,0.5022503890434259
1870,0,0.501380031170944
1871,0,0.5028959666756682
1872,0,0.5007098675201369
1873,0,0.5002350892770593
1874,0,0.5056341600152072
1875,0,0.5011341297877608
1876,0,0.5019150468443245
1877,0,0.5010465778112497
1878,0,0.5004570879540666
1879,0,0.5001291671456745
1880,0,0.5007557975151253
1881,0,0.5004705780886153
1882,0,0.500593878882396
1883,0,0.5054539100424175
1884,0,0.5008080851616282
1885,0,0.5005330977753435
1886,0,0.5022310669730943
1887,0,0.501484780580338
1888,0,0.5023344846570809
1889,0,0.5011892878743102
1890,0,0.5003050898468191
1891,0,0.5006871978114016
1892,0,0.5041969573691677
1893,0,0.5012299484730454
1894,0,0.5000768416095585
1895,0,0.5006982443865123
1896,0,0.5002789786149068
1897,0,0.5001664364953118
1898,0,0.5000611185673893
1899,0,0.5000483490432817
1900,0,0.5001999246100634
1901,0,0.5037518986093771
1902,0,0.5003263593101066
1903,0,0.5003542336353032
1904,0,0.5011824170601454
1905,0,0.5046004944732372
1906,0,0.5031857315595903
1907,0,0.5005176057058778
1908,0,0.5011996535835604
1909,0,0.5016366457339138
1910,0,0.5005402439649747
1911,0,0.5149858885593366
1912,0,0.5010103838533384
1913,0,0.502327860640971
1914,0,0.5008712948719598
1915,0,0.5007222661659293
1916,0,0.5040846119287793
1917,0,0.5001418596528296
1918,0,0.5001137452646089
1919,0,0.5010960482370963
1920,0,0.5287035333938012
1921,0,0.5019617957449629
1922,0,0.5000207820310326
1923,0,0.5003592001632589
1924,0,0.5005077104054387
1925,0,0.5037836507193683
1926,0,0.500698410410708
1927,0,0.5003650841323143
1928,0,0.5048958833446752
1929,0,0.5000780974585741
1930,0,0.5000708599085865
1931,0,0.5009335984735804
1932,0,0.5003383285890622
1933,0,0.5001534777377528
1934,0,0.5001329729839695
1935,0,0.5000519336181057
1936,0,0.5001119143972386
1937,0,0.5013806390449344
1938,0,0.501832692900384
1939,0,0.505495723684348
1940,0,0.5002032920769928
1941,0,0.5002893905125384
1942,0,0.5037910897727891
1943,0,0.5099855722449775
1944,0,0.5008296974758588
1945,0,0.501432266819291
1946,0,0.5002092560475463
1947,0,0.5018869786753307
1948,0,0.5005472721533774
1949,0,0.5015626946522113
1950,0,0.5006479433594282
1951,0,0.500118110340507
1952,0,0.5003097314883524
1953,0,0.500399837180769
1954,0,0.5012839514112298
1955,0,0.5006588603889276
1956,0,0.501359744202945
1957,0,0.5000884243752148
1958,0,0.5024519326631586
1960,0,0.5004023522228135
1961,0,0.5005353999985811
1962,0,0.5001647011520018
1963,0,0.5008621140364861
1964,0,0.5015480842943683
1965,0,0.5017332970835005
1966,0,0.5153783058869124
1967,0,0.5006035429432909
1968,0,0.509558186890668
1969,0,0.5002844756043479
1970,0,0.5005149755009787
1971,0,0.5050384562776008
1972,0,0.5000625843294808
1973,0,0.5008018075088949
1974,0,0.5009288000304599
1975,0,0.5045471953574361
1976,0,0.5008591844982654
1977,0,0.500077026688536
1978,0,0.5001799584863719
1979,0,0.5014492915022403
1980,0,0.5002381140188347
1981,0,0.5011310487467177
1982,0,0.500951513829119
1983,0,0.5003510971386066
1984,0,0.5011129725780025
1985,0,0.5000948563252544
1986,0,0.5001121635760039
1987,0,0.5009057216059649
1988,0,0.5001718415755122
1989,0,0.504071897593815
1990,0,0.504222643503208
1991,0,0.5011254811804468
1992,0,0.5001105688074757
1993,0,0.5007138660658266
1994,0,0.5012759740434783
1995,0,0.5030460469803326
1996,0,0.5009868869343013
1997,0,0.5003777865513331
1998,0,0.5015302091118621
1999,0,0.5009225054651512
2000,0,0.5000964862893388
2001,0,0.5044562169209369
2002,0,0.5002177163859788
2003,0,0.500367281513489
2004,0,0.5004942480375356
2005,0,0.5022515912195493
2006,0,0.5073045025527264
2007,0,0.5016035397575788
2008,0,0.5004443541267471
2009,0,0.5002774279857322
2010,0,0.5001378126891187
2011,0,0.5065227170999983
2012,0,0.5003047326874657
2013,0,0.5020976227335477
2014,0,0.5003464948375395
2015,0,0.5002988419823235
2016,0,0.5010503615440467
2017,0,0.5019365178842065
2018,0,0.5002423905690929
2019,0,0.5002561785236005
2020,0,0.5001213521092589
2021,0,0.5008196273635536
2022,0,0.5023568760544352
2023,0,0.5003481537421519
2024,0,0.5000884037843916
2025,0,0.5006012476856025
2026,0,0.5003884661866174
2027,0,0.5002789135638703
2028,0,0.5011108081653298
2029,0,0.500077404051759
2030,0,0.5002909689172444
2031,0,0.5004097242282658
2032,0,0.5024234583281054
2033,0,0.5002860803696743
2034,0,0.500509439729804
2035,0,0.5032543236455218
2036,0,0.5002696190927659
2037,0,0.5023475012051288
2038,0,0.5003410323063103
2039,0,0.503093671281947
2040,0,0.5005172206149974
2041,0,0.5003607189721162
2042,0,0.5032965015137894
2043,0,0.5002899349495384
2044,0,0.5004442793163651
2045,0,0.50219364094724
2046,0,0.5002558849541477
2047,0,0.5001993602517562
2048,0,0.5001896114688105
2049,0,0.5008452503766346
2050,0,0.500132444523864
2051,0,0.5122808499638043
2052,0,0.5005305674591163
2053,0,0.5009955207718598
2054,0,0.5002665849956739
2055,0,0.500583539940789
2056,0,0.5012773701627747
2057,0,0.5004535799824174
2058,0,0.5017378732429164
2059,0,0.5005617710249243
2060,0,0.5004964942488285
2061,0,0.5011207076978644
2062,0,0.5002005629259092
2063,0,0.5001968133858736
2064,0,0.5005270351815975
2065,0,0.5023714751169073
2066,0,0.5041838247791189
2067,0,0.5009520305166301
2068,0,0.5003119462858773
2069,0,0.5005991805745099
2070,0,0.500861109081559
2071,0,0.5006571884514319
2072,0,0.5001372642825545
2073,0,0.5007636413910405
2074,0,0.5136750654124892
2075,0,0.5018345341039213
2076,0,0.5061773700202927
2077,0,0.5001873538223861
2078,0,0.5038757485101274
2079,0,0.5108555557593617
2080,0,0.5005274533469096
2081,0,0.5005146189521013
2082,0,0.5009046791176581
2083,0,0.5040153599125494
2084,0,0.5006685609303876
2085,0,0.5015972362494463
2086,0,0.5001874725447865
2087,0,0.5020420352050112
2088,0,0.5000420093226573
2089,0,0.5072466792084879
2091,0,0.5015833054267257
2092,0,0.5023376317291416
2093,0,0.5008924934719767
2094,0,0.5014359706737426
2095,0,0.5002675940162941
2096,0,0.5004779618628605
2097,0,0.5013042949480879
2098,0,0.5009598149496401
2099,0,0.5024717678343378
2100,0,0.5010955490292711
2101,0,0.5004754059773533
2102,0,0.5034952141445493
2103,0,0.501519814446432
2104,0,0.5008783616827255
2105,0,0.5007495585726991
2106,0,0.5001954724369545
2107,0,0.50060589131496
2108,0,0.5121218713957486
2109,0,0.5005439355416708
2110,0,0.5027159554439881
2111,0,0.5027882049350251
2112,0,0.5001531688666269
2113,0,0.5002534313109734
2114,0,0.5007567161386635
2115,0,0.5011457830550642
2116,0,0.5001421372765446
2117,0,0.5001332057426674
2118,0,0.5011647870996879
2119,0,0.5001072844492171
2120,0,0.5025831523270253
2121,0,0.5023342556085477
2122,0,0.5022262957478911
2123,0,0.5021293612486257
2124,0,0.5002723025146704
2125,0,0.50105098212034
2126,0,0.5004051712290324
2127,0,0.500435383303616
2128,0,0.5001111001344639
2129,0,0.5004335973994195
2130,0,0.5008911627152883
2131,0,0.5000824159855319
2132,0,0.5075413381444027
2133,0,0.5026937288953846
2134,0,0.5005425858794353
2135,0,0.5016481286480031
2136,0,0.5010028535240826
2137,0,0.5000760614739661
2138,0,0.5018375986906549
2139,0,0.5000380780213161
2140,0,0.5007951299900292
2141,0,0.5009963423780817
2142,0,0.5009554264096711
2143,0,0.5048919317072267
2144,0,0.5058887427255752
2145,0,0.5008835261912665
2146,0,0.5004335988619275
2147,0,0.5010850560920558
2148,0,0.5011075960477106
2149,0,0.5010652676182156
2150,0,0.5042578195382806
2151,0,0.5049669681515604
2152,0,0.5020544128904301
2153,0,0.5008476310605627
2154,0,0.5049457541669923
2155,0,0.5002806990152215
2156,0,0.5017031978946902
2157,0,0.5013977638540356
2158,0,0.5009271446557224
2159,0,0.5006926212755055
2160,0,0.5004722521686206
2161,0,0.5003274412897388
2162,0,0.5001768651089004
2163,0,0.5003546030669691
2164,0,0.5004665963916296
2165,0,0.5003550653007862
2166,0,0.5021048551284178
2167,0,0.5000296323597021
2168,0,0.5016554206794218
2169,0,0.5003744814638281
2170,0,0.5005927866205416
2171,0,0.5000764791292247
2172,0,0.5012700171419139
2173,0,0.5006982576515795
2174,0,0.5001861719556849
2175,0,0.5025853301868651
2176,0,0.5165036504294099
2177,0,0.5021264776092865
2178,0,0.5012710998942883
2179,0,0.5006351321965115
2180,0,0.5014459377019392
2181,0,0.5016928180154414
2182,0,0.5000452646624908
2183,0,0.500342089827237
2184,0,0.5033537544341793
2185,0,0.5213852259057269
2186,0,0.5000515382726982
2187,0,0.5005602066106962
2188,0,0.5010053612463371
2189,0,0.5010019532566496
2190,0,0.5047204312506022
2191,0,0.500382764919431
2192,0,0.5001171576415987
2193,0,0.5007774218351105
2194,0,0.5012395255693547
2195,0,0.5006285003550757
2196,0,0.5009987651609745
2197,0,0.5017451273501713
2198,0,0.5004279363717697
2199,0,0.5013921765299177
2200,0,0.5111070351386029
2201,0,0.5005455538324556
2202,0,0.500235044263947
2203,0,0.5003885006824483
2204,0,0.5000300645968087
2205,0,0.5021096144768338
2206,0,0.5003713107019577
2207,0,0.5020943719101361
2208,0,0.5005193328432652
2209,0,0.5129801546527845
2210,0,0.5001353107576759
2211,0,0.5005837768741815
2212,0,0.5152419184050054
2213,0,0.5413747419275027
2214,0,0.5167893971891743
2215,0,0.500029973958988
2216,0,0.5003215470026344
2217,0,0.5003984196230141
2218,0,0.5004935510490046
2219,0,0.503893880708818
2220,0,0.5008651553568334
2221,0,0.5003337486549605
2222,0,0.5030139544447776
2223,0,0.5004985467033085
2224,0,0.5001168620704591
2225,0,0.5110053105139325
2226,0,0.5009110774614453
2227,0,0.5004834698412607
2228,0,0.5005402190574885
2229,0,0.5001134122045365
2230,0,0.50126606240519
2231,0,0.5001472317158383
2232,0,0.5005385324285095
2233,0,0.5007720953097552
2234,0,0.5006900587061824
2235,0,0.5031825893718948
2236,0,0.5004806695558062
2237,0,0.5005689194545835
2238,0,0.5014273162477614
2239,0,0.5005222821636808
2240,0,0.5023141485012584
2241,0,0.5006650390269713
2242,0,0.5002583676793142
2243,0,0.5002719695277641
2244,0,0.5003594966296332
2245,0,0.5034934162279509
2246,0,0.5005206477298735
2247,0,0.5012262458105783
2248,0,0.5007232229164237
2249,0,0.5002538796069121
2250,0,0.5007055666668435
2251,0,0.5070775267066339
2252,0,0.5089066209009299
2253,0,0.5001960689135867
2255,0,0.500772076644468
2256,0,0.5005218775895312
2257,0,0.5007271567222578
2258,0,0.5002630750242589
2259,0,0.5007975110876205
2260,0,0.5015693125767967
2261,0,0.5010029340292697
2263,0,0.5010924227703665
2264,0,0.5003470792351531
2265,0,0.5008135876586663
2266,0,0.5001425426941349
2267,0,0.5004895823688396
2269,0,0.5001445384817926
2270,0,0.5001616361223492
2271,0,0.5035114456565819
2272,0,0.5051661947161518
2273,0,0.5001821161389617
2274,0,0.5017913547943099
2275,0,0.5007638190136128
2276,0,0.502072106460373
2277,0,0.5007086509908073
2278,0,0.5008989452513815
2279,0,0.5003497969436473
2280,0,0.5001134741352412
2281,0,0.5007366090322524
2282,0,0.5039550295683964
2283,0,0.5003479512925065
2284,0,0.5002413198899651
2285,0,0.5012475320025435
2286,0,0.5135005086594024
2287,0,0.5014174759319118
2288,0,0.5005790764583776
2289,0,0.5002549014383003
2290,0,0.5005921545564448
2291,0,0.5061292071105109
2292,0,0.5009530513505753
2293,0,0.5000693364404326
2294,0,0.5000412315610809
2295,0,0.5007588057232631
2296,0,0.5001195406830228
2297,0,0.5027491950422592
2298,0,0.5001929043906477
2299,0,0.50007013675385
2300,0,0.5001418909170262
2301,0,0.500839850294955
2302,0,0.501910564755629
2303,0,0.5014909783960441
2304,0,0.5002900576920907
2305,0,0.5057073732715869
2306,0,0.500234809765668
2307,0,0.5001974464434426
2308,0,0.5005146330389955
2309,0,0.5006303786738655
2310,0,0.5003033662649442
2311,0,0.5006030191590716
2312,0,0.5001254445486137
2313,0,0.5005788534374183
2315,0,0.5000848177598228
2316,0,0.5006665929828198
2317,0,0.5001658743251394
2318,0,0.5067791570652809
2319,0,0.501064833933661
2320,0,0.5000834945189242
2321,0,0.500478145737586
2322,0,0.5002928450902777
2323,0,0.5001698241900981
2324,0,0.5001298145790458
2325,0,0.5002985116334634
2326,0,0.5002406500462819
2327,0,0.5001783989439738
2328,0,0.500106165727096
2329,0,0.500538239858279
2330,0,0.5055913655517974
2331,0,0.5017173677596457
2332,0,0.5003749268998096
2333,0,0.5006327330336562
2334,0,0.50015742776902
2335,0,0.5001278527677863
2336,0,0.5032115835279543
2337,0,0.500508515766295
2338,0,0.5027165900100886
2339,0,0.5052151759557649
2340,0,0.5002365138542453
2341,0,0.5001500995417669
2342,0,0.501848856365422
2343,0,0.5012517141601629
2344,0,0.500220339094639
2345,0,0.5017087339332575
2346,0,0.5031632650653446
2347,0,0.5002915173288622
2348,0,0.5010134171333823
2349,0,0.5001262078781566
2350,0,0.5002420711840273
2351,0,0.5015949974629053
2352,0,0.500879335220273
2353,0,0.5000504088838665
2354,0,0.5021891580349845
2355,0,0.5003347252645101
2356,0,0.5023298094448972
2357,0,0.500249516794767
2358,0,0.5007259691938862
2359,0,0.5028439597406312
2360,0,0.500039866696088
2361,0,0.5008813968800638
2362,0,0.5019025979105285
2363,0,0.5007597808285434
2365,0,0.5031373699436156
2366,0,0.5012432018612798
2367,0,0.502335886252734
2368,0,0.5013293754810519
2369,0,0.5003963451282081
2370,0,0.5021095988851102
2371,0,0.5020734380518707
2372,0,0.5034806617636142
2373,0,0.5029806754331608
2374,0,0.5004204770524984
2375,0,0.5018972974682505
2376,0,0.5009248098228152
2377,0,0.500747413704283
2378,0,0.5010595013573522
2379,0,0.5007254115961931
2380,0,0.5002033846068256
2381,0,0.5006456841708151
2382,0,0.5026119259633944
2383,0,0.5046133755304701
2384,0,0.5010412912171348
2385,0,0.5002007011598432
2386,0,0.5002690464572163
2387,0,0.5003745061084387
2388,0,0.5001000305077729
2389,0,0.5014761323508395
2390,0,0.5062101730520122
2391,0,0.5006649680103168
2392,0,0.5014412675729382
2393,0,0.5082458070797117
2394,0,0.5013053665574052
2395,0,0.501799494360347
2396,0,0.5027592845165184
2397,0,0.5009841916341986
2398,0,0.500638377326992
2399,0,0.5010831198869554
2400,0,0.5054675995268803
2401,0,0.504173496601431
2402,0,0.5013894205440875
2403,0,0.5013405158681835
2404,0,0.5006442532196241
2405,0,0.5289344767733288
2406,0,0.5010928988542473
2407,0,0.5005331349349686
2408,0,0.5004732259378436
2409,0,0.5054847425031604
2410,0,0.5003759755813264
2411,0,0.5046313584616904
2412,0,0.5002501607724227
2413,0,0.5000254593145944
2414,0,0.5088221363744323
2415,0,0.5009846162262718
2417,0,0.5002986780053156
2418,0,0.5010046190566836
2419,0,0.5027356956450019
2420,0,0.5004765037465126
2421,0,0.50133394716323
2422,0,0.5002413428123953
2423,0,0.5016149869875375
2424,0,0.5003536426162725
2425,0,0.5003855550704608
2426,0,0.5029958074405577
2427,0,0.5001133823359895
2428,0,0.500245781782072
2429,0,0.5004987401815278
2430,0,0.5008055973185367
2431,0,0.5001664677171254
2432,0,0.5008864891092509
2433,0,0.5001311469079643
2434,0,0.5002668745388698
2435,0,0.5007362153141953
2436,0,0.5005579887574138
2437,0,0.5063188627741625
2439,0,0.5004801194042273
2440,0,0.5006575878232485
2441,0,0.5039045816360728
2442,0,0.5061608699622935
2443,0,0.5001655553683971
2444,0,0.5012774000445053
2445,0,0.5105744761969941
2446,0,0.5017541573338673
2447,0,0.5022706629345745
2448,0,0.5006801112512225
2449,0,0.5021543252635579
2450,0,0.5002643559510859
2451,0,0.5072909860337547
2452,0,0.501351670307058
2453,0,0.5006839138173594
2454,0,0.5020019115125751
2455,0,0.5014278658840264
2456,0,0.5022808262452321
2457,0,0.5001967909390015
2458,0,0.5005772575515152
2459,0,0.5033044038099642
2460,0,0.5003043649596925
2461,0,0.5000319206953733
2462,0,0.5001310243486311
2464,0,0.5006398666665579
2465,0,0.5069090867616386
2466,0,0.5013747577884591
2467,0,0.5024318262369175
2468,0,0.5008104607018377
2469,0,0.5007312755964531
2470,0,0.5007317535555434
2471,0,0.5002985479781495
2472,0,0.5000881192717896
2473,0,0.5016280058956736
2474,0,0.5034097031842981
2475,0,0.5034997810109559
2476,0,0.5013182467278585
2477,0,0.5001174658248929
2478,0,0.5097894699364722
2479,0,0.5010655784394297
2480,0,0.5000930118865166
2481,0,0.5002818374392768
2483,0,0.5008457567333656
2484,0,0.5010164694712222
2485,0,0.5002850505570634
2486,0,0.5005864313831059
2487,0,0.5003266184913279
2488,0,0.5010365580364644
2489,0,0.5030322367300601
2490,0,0.5017941443773074
2491,0,0.5005977202583616
2492,0,0.5096943312705818
2493,0,0.5003053334218617
2494,0,0.5002690349620117
2495,0,0.5003679108106922
2496,0,0.5073134419342336
2497,0,0.5022306720969965
2498,0,0.5002322702056585
2499,0,0.5002941133911321
2500,0,0.5047874934107212
2501,0,0.5042456407628947
2502,0,0.5007394006998114
2503,0,0.500383388778625
2504,0,0.502171411498494
2505,0,0.5028449074760524
2506,0,0.502433503214098
2507,0,0.5001107725004322
2508,0,0.5002155168958138
2509,0,0.5002531722634364
2510,0,0.5007619134740798
2511,0,0.5011168907248175
2512,0,0.5028255359197006
2513,0,0.5015499436667379
2514,0,0.5031564367894421
2515,0,0.5011092581189511
2517,0,0.5005307849912364
2518,0,0.5004449465588237
2519,0,0.5006231445647571
2520,0,0.50053460997754
2521,0,0.503230903648575
2522,0,0.5017166211517218
2523,0,0.5006034152063119
2524,0,0.5002738793263407
2525,0,0.500588729535848
2526,0,0.5045824278142169
2527,0,0.5005738345677555
2528,0,0.5078885748841028
2529,0,0.5019440076352512
2530,0,0.5005172518799037
2531,0,0.5015708007879919
2532,0,0.5004771678044557
2533,0,0.5003070166038102
2534,0,0.5005892776492995
2535,0,0.5008611862546405
2536,0,0.5032103937390965
2537,0,0.5010683517824521
2538,0,0.5082099804940197
2539,0,0.5026108907027887
2540,0,0.5015463119805967
2541,0,0.5019225107371864
2542,0,0.5014227831182039
2543,0,0.5002523549122317
2544,0,0.5003271506791949
2545,0,0.5002819950878276
2546,0,0.5013078859375525
2547,0,0.500456641619377
2548,0,0.5005290457552459
2549,0,0.5007891495348807
2550,0,0.5006365590988142
2551,0,0.5013663595801335
2552,0,0.501554794822264
2553,0,0.5004331474118714
2554,0,0.5011062550701354
2555,0,0.5053302786485627
2556,0,0.5023218151768254
2557,0,0.5007627298929574
2558,0,0.5002378089156829
2559,0,0.5007680036762651
2560,0,0.5059829358160456
2561,0,0.5008111692758894
2562,0,0.5034002365999322
2563,0,0.5028104519291025
2564,0,0.5002456947384116
2565,0,0.5011870760052853
2566,0,0.5006402528189532
2567,0,0.5018341250526156
2568,0,0.501819645374919
2569,0,0.50029238812301
2570,0,0.5006522178828683
2571,0,0.5006187264618809
2572,0,0.5006464954562156
2573,0,0.5000755682826701
2575,0,0.5001626753432291
2576,0,0.5005524651066801
2577,0,0.5001001281133247
2578,0,0.5131208329736372
2579,0,0.5004681714260575
2580,0,0.5000891420015007
2581,0,0.5003230847454689
2582,0,0.5002766651245871
2583,0,0.5000628789393654
2584,0,0.5007760459316977
2585,0,0.5002739004498615
2586,0,0.5001204711489289
2587,0,0.5011087765926592
2588,0,0.5002949850935008
2589,0,0.5000949190761462
2590,0,0.5002265113949679
2591,0,0.500499834302432
2592,0,0.5005238578798784
2593,0,0.5012438624135701
2594,0,0.506415836112717
2595,0,0.5006753654900374
2596,0,0.5002656201305182
2597,0,0.5000268038805724
2598,0,0.5041330988387237
2599,0,0.5020855226044174
2600,0,0.5000627541907876
2601,0,0.500099180931987
2602,0,0.5033988237739387
2603,0,0.5004677674625873
2604,0,0.5005425845149026
2605,0,0.5004009962017049
2606,0,0.5007995897919759
2607,0,0.5002811239994587
2608,0,0.5004755122487546
2609,0,0.5000828518088124
2610,0,0.5004877998964123
2611,0,0.5038035604993794
2612,0,0.5004268648474087
2613,0,0.5009081223257544
2614,0,0.5004530592896381
2615,0,0.5012287517382595
2616,0,0.500220211793638
2617,0,0.5003221302773898
2618,0,0.5018380005455882
2619,0,0.500239517387739
2620,0,0.5021083013218277
2621,0,0.5004838110949366
2622,0,0.5001307620661538
2623,0,0.5076345171914202
2624,0,0.5055313622123867
2625,0,0.5006171541270633
2626,0,0.5002914539531419
2627,0,0.5057000922502478
2628,0,0.5007035805191731
2629,0,0.5009493774889958
2630,0,0.5006088624350469
2631,0,0.5002220296190274
2632,0,0.5003607780208754
2633,0,0.5003158683055691
2634,0,0.5001935315642153
2635,0,0.5039837773015651
2636,0,0.5021266915775794
2637,0,0.5055011897196876
2638,0,0.5001858620864961
2639,0,0.5001143717338948
2640,0,0.50001440705438
2641,0,0.5001115910094346
2642,0,0.5014655116739907
2643,0,0.5003579273052737
2644,0,0.5003232843285511
2645,0,0.500294019494695
2646,0,0.5005538091714424
2647,0,0.5000893324104936
2648,0,0.5001515169322551
2649,0,0.500176692964996
2650,0,0.5002425879359094
2652,0,0.500506486503172
2653,0,0.5001300561689472
2654,0,0.5009631202158077
2655,0,0.5084710652847866
2656,0,0.5006195813121288
2657,0,0.5000660375751319
2658,0,0.5010809715428034
2659,0,0.5002453199753704
2660,0,0.5001420925475523
2661,0,0.5048095722578505
2662,0,0.5014129668664016
2663,0,0.5004175059139445
2664,0,0.5004997131383059
2665,0,0.5005780915871391
2666,0,0.5009985361217112
2667,0,0.5010091257352843
2668,0,0.5005155803128416
2669,0,0.5014108846584688
2670,0,0.500954166110479
2671,0,0.500200717053737
2672,0,0.5018678634659113
2673,0,0.5024439060617192
2674,0,0.5003905094222569
2675,0,0.5053873094239159
2676,0,0.5016877322293257
2677,0,0.5027138785526616
2678,0,0.5006790193507715
2679,0,0.5003703641173554
2680,0,0.5026563704355271
2681,0,0.5004815992472832
2682,0,0.5011158015704141
2683,0,0.5004937384777168
2684,0,0.5002659328112885
2685,0,0.5005607717466424
2686,0,0.5011420243499912
2687,0,0.500643707266452
2688,0,0.5001097411300665
2689,0,0.5009695351858761
2690,0,0.5022163543425359
2691,0,0.5020090853250542
2692,0,0.5004256277849121
2693,0,0.5019598253247038
2694,0,0.5015860370031183
2695,0,0.5002091479850939
2696,0,0.5001199523555623
2697,0,0.5086912681308604
2698,0,0.5007525812709823
2699,0,0.5004118123969354
2700,0,0.5001340765597909
2701,0,0.5026149272940151
2702,0,0.5022395273063378
2703,0,0.5002601323089746
2704,0,0.5010500143369873
2705,0,0.5001320304681288
2706,0,0.5014737945813288
2707,0,0.5004976848429572
2708,0,0.500397948395437
2709,0,0.5007654671164382
2710,0,0.5001104280955687
2711,0,0.5008707752128652
2712,0,0.5002664457119415
2713,0,0.5002852086868373
2714,0,0.5004055370504562
2715,0,0.5061262206269862
2716,0,0.5013120084917168
2717,0,0.5002039121462685
2718,0,0.5014300936970183
2719,0,0.506367394995382
2720,0,0.5020866083713442
2721,0,0.5015773809725762
2723,0,0.5014279230110394
2724,0,0.5008095888122667
2725,0,0.5001894003735015
2726,0,0.5002935070617751
2727,0,0.5004766027088631
2728,0,0.5112794425152934
2729,0,0.5004189385027054
2730,0,0.5006829625182586
2731,0,0.5004045477643242
2732,0,0.5012617474039833
2733,0,0.5009407809175731
2734,0,0.5004134430681794
2735,0,0.5042764328225541
2736,0,0.5004706365158323
2737,0,0.5014576535570434
2738,0,0.5001643734455808
2739,0,0.5000518831154409
2740,0,0.5079104137751581
2741,0,0.505218113378455
2742,0,0.5006622192365984
2743,0,0.5050439451347885
2744,0,0.5000472133685673
2745,0,0.5037310610929543
2746,0,0.500180475209244
2747,0,0.5019873514547313
2748,0,0.5019860162054729
2749,0,0.5009734006874971
2750,0,0.5000966001925993
2751,0,0.5001275259813297
2752,0,0.500722148368318
2753,0,0.5001753564312702
2754,0,0.500300686187609
2755,0,0.5328709970282156
2756,0,0.5005621472809011
2757,0,0.500498212010038
2758,0,0.500227910472046
2759,0,0.5006537403134692
2760,0,0.5003333214867648
2762,0,0.5010664801965248
2763,0,0.5015386791108085
2764,0,0.5001822694630349
2765,0,0.5003909636278968
2766,0,0.5008485177576204
2767,0,0.5005006055768392
2768,0,0.5001240658708778
2769,0,0.5001359496820968
2770,0,0.501952641735564
2771,0,0.500109543026279
2772,0,0.5098182942590282
2773,0,0.5003411002308575
2774,0,0.5001585765120964
2775,0,0.5010769493374552
2776,0,0.503248466396048
2777,0,0.5001783460979641
2778,0,0.5011176237831522
2779,0,0.5020682938228708
2780,0,0.5004848223812931
2781,0,0.5056995352131929
2782,0,0.5002675772020104
2783,0,0.5003538759088656
2784,0,0.5003062275913126
2785,0,0.5013133409114587
2786,0,0.5065498468849157
2788,0,0.5004716782261943
2789,0,0.5002829252284952
2790,0,0.5009990286189517
2791,0,0.5163446214981888
2792,0,0.5090318620664067
2793,0,0.5012922941082383
2794,0,0.5055016530283006
2795,0,0.5007688592666982
2796,0,0.5023825766930909
2797,0,0.5007732819783003
2798,0,0.5005210476418187
2799,0,0.5118887210104747
2800,0,0.500068141630423
2801,0,0.5002285465353152
2802,0,0.5004512687802352
2803,0,0.5000325486536609
2804,0,0.5029854907471918
2805,0,0.5000605002174712
2806,0,0.5012461120205054
2807,0,0.5011125854600114
2808,0,0.5001687087541017
2809,0,0.5007615936737201
2810,0,0.5012051981055821
2811,0,0.5009717952486747
2812,0,0.5020859550085977
2813,0,0.5006282234023671
2814,0,0.5004642599839997
2815,0,0.5005413134269523
2816,0,0.5001503462714785
2817,0,0.5003304761967363
2818,0,0.5001991289741397
2819,0,0.5030518771197287
2820,0,0.5014945159228149
2821,0,0.5006112309236637
2822,0,0.5008134288268761
2823,0,0.5027327553616118
2824,0,0.500305702053312
2825,0,0.5019851842581193
2826,0,0.5054084933058837
2827,0,0.5002699525186473
2828,0,0.5040748744778593
2829,0,0.5124705207732784
2830,0,0.5014149185146403
2831,0,0.5002182431140131
2832,0,0.5038134591807969
2833,0,0.5001049543538646
2834,0,0.5001937091949366
2835,0,0.5002224777824252
2836,0,0.5027173862116789
2837,0,0.5001887663034138
2838,0,0.503771020699999
2839,0,0.5033637495414927
2840,0,0.5032743231522412
2841,0,0.5020793501569031
2842,0,0.5054611004390943
2843,0,0.500339000236767
2844,0,0.5051739431469673
2845,0,0.5155418246003818
2846,0,0.5002737563247402
2847,0,0.5001465061027194
2848,0,0.5041880072748202
2849,0,0.5004424604569956
2850,0,0.5004639541447954
2851,0,0.5004888062452819
2852,0,0.5001922436615924
2853,0,0.5002896466315251
2854,0,0.5006425163966877
2855,0,0.5002189690214291
2856,0,0.500457684947642
2857,0,0.5041393625016451
2858,0,0.500553017171236
2859,0,0.5031138994775857
2860,0,0.5057770122064648
2861,0,0.500303511584012
2862,0,0.5045581685011831
2863,0,0.5009031396486613
2864,0,0.5001694003703173
2866,0,0.5004010961805849
2867,0,0.5000588890972513
2868,0,0.5009060506287311
2869,0,0.502009190238045
2870,0,0.5022143466334472
2871,0,0.5045372030882939
2872,0,0.5006925415191504
2873,0,0.5002522164238726
2874,0,0.5011203309587667
2875,0,0.5005833032917635
2876,0,0.5000879580250533
2877,0,0.5012829004652206
2878,0,0.50047452138257
2879,0,0.5010701222300173
2880,0,0.5019865448652319
2881,0,0.5001071113631425
2882,0,0.5000973505324726
2883,0,0.5014558690537388
2884,0,0.5002932292654415
2885,0,0.500807329325911
2886,0,0.5006927633601156
2887,0,0.501219669889646
2888,0,0.5000608292265821
2889,0,0.5002868498096678
2890,0,0.502761421497319
2891,0,0.5000624417852669
2892,0,0.5002573139969061
2893,0,0.5008517005819006
2894,0,0.5000471257100588
2895,0,0.5003878643807647
2896,0,0.5000771054438122
2897,0,0.5003635262524858
2898,0,0.500188922878288
2899,0,0.5032717827378728
2900,0,0.5003904868897943
2901,0,0.5004158962257285
2902,0,0.516594366436285
2903,0,0.5004701376416605
2904,0,0.5018074161596122
2905,0,0.5002740869251634
2906,0,0.5003238008157604
2907,0,0.5020636407345244
2908,0,0.5004862340481174
2909,0,0.5001465053326623
2910,0,0.5002873155937004
2911,0,0.5008357889009313
2912,0,0.5006695849929865
2914,0,0.5018946330361084
2915,0,0.503597804114719
2916,0,0.5024799628385083
2917,0,0.5013869964510784
2918,0,0.5002208987241717
2919,0,0.5029739876320768
2920,0,0.5001625662227096
2921,0,0.5019107420256588
2922,0,0.5014971945763389
2923,0,0.5004501198391289
2924,0,0.5001536729846873
2925,0,0.5008442152531928
2926,0,0.5040989484804073
2927,0,0.5001170350249605
2928,0,0.500226992947853
2929,0,0.5001792670250635
2930,0,0.5011980932467801
2931,0,0.5013990467472982
2932,0,0.5006129156729188
2933,0,0.5001088818615417
2934,0,0.5000764389633755
2935,0,0.5008678258278527
2936,0,0.5003412127231837
2937,0,0.5002195564936526
2938,0,0.5118840651236679
2939,0,0.5001917878907208
2940,0,0.5000452558388534
2941,0,0.5011245409688178
2942,0,0.500576371190535
2943,0,0.5008178773003241
2944,0,0.5004641955576281
2945,0,0.500505026037301
2946,0,0.5031067017070688
2947,0,0.5021706314496628
2948,0,0.5001545487090356
2949,0,0.502365188339879
2950,0,0.5001019282218271
2951,0,0.5010864657466315
2952,0,0.5084225449344546
2953,0,0.5002300977863425
2954,0,0.5005894722751772
2955,0,0.5056412362357373
2956,0,0.5019963142211014
2957,0,0.5001532278939688
2958,0,0.5004132049851264
2959,0,0.500188123379824
2960,0,0.5000419258015664
2961,0,0.5003514899751365
2962,0,0.5012452678679287
2963,0,0.5030776534755603
2964,0,0.5019704222391748
2965,0,0.5002521774475092
2966,0,0.5003609747799121
2967,0,0.5008218816081722
2968,0,0.5000625854921429
2969,0,0.5000945521152036
2970,0,0.5011338365621194
2971,0,0.5004788753037446
2972,0,0.5037571866096728
2973,0,0.5000556987391511
2974,0,0.5003171667608506
2975,0,0.5036824549959311
2976,0,0.500406564401089
2977,0,0.5001312853604042
2978,0,0.5006761599576058
2979,0,0.5001987151795816
2980,0,0.500352096888652
2981,0,0.5001316696038831
2982,0,0.5000914227889733
2983,0,0.5005363982870124
2985,0,0.5003662984991555
2986,0,0.5008635080896635
2987,0,0.5008002676131812
2988,0,0.500226886433267
2989,0,0.5003273298522446
2990,0,0.5012801322052254
2991,0,0.5038110752831151
2992,0,0.5006520936090953
2993,0,0.5014925995969326
2994,0,0.5007576407295382
2995,0,0.5014382624243001
2996,0,0.5005391130019824
2997,0,0.5014365195188377
2998,0,0.5003782913047736
2999,0,0.5009611827388946
3000,0,0.5019874253443093
3001,0,0.5001198458158809
3002,0,0.5005510324537397
3003,0,0.5042360144125314
3004,0,0.5004179456889412
3005,0,0.5017218099936326
3006,0,0.5001184087157269
3007,0,0.5007313721998075
3008,0,0.5015355095269155
3009,0,0.5047740317409436
3010,0,0.5037373702708529
3011,0,0.500194359724297
3012,0,0.5004036350900055
3013,0,0.5020722375098569
3014,0,0.5001836677891144
3015,0,0.5010709492556965
3016,0,0.5010532299608477
3017,0,0.5045816129009191
3018,0,0.5002183140963078
3019,0,0.5001063948453778
3020,0,0.5004094967699608
3021,0,0.5002963181768408
3022,0,0.5004392483961141
3023,0,0.5000880920548973
3024,0,0.5002873153050101
3025,0,0.5007195253183144
3026,0,0.5006370139410459
3027,0,0.5047487812753856
3028,0,0.5013370231658403
3029,0,0.5005338182487301
3030,0,0.5004453415780267
3031,0,0.5000481868874819
3032,0,0.5040748942911182
3033,0,0.5000975380798721
3034,0,0.5062849651901989
3035,0,0.5007133742773804
3036,0,0.5051421177036609
3037,0,0.5002244916871741
3038,0,0.5012184891812117
3039,0,0.5051063823708917
3040,0,0.5019068044437176
3041,0,0.5000414811527398
3042,0,0.5022203790922248
3043,0,0.5004592962929588
3044,0,0.5002721020430921
3045,0,0.5003012364994615
3046,0,0.5007718225038655
3047,0,0.5000784614518702
3048,0,0.5168009838496015
3049,0,0.5023196882936258
3050,0,0.5004806292511216
3051,0,0.5015584063166877
3052,0,0.5008688512183022
3053,0,0.500042876363116
3054,0,0.5009662770680002
3055,0,0.5024450856938479
3056,0,0.5020787592537215
3057,0,0.5023449009138088
3058,0,0.5000984159359287
3059,0,0.5011075095012761
3060,0,0.5005181972852788
3061,0,0.5002301701092259
3062,0,0.5025117653233094
3063,0,0.5013303756794242
3064,0,0.5013975766771264
3065,0,0.5038990139979518
3066,0,0.5021895789914772
3067,0,0.5023920304640587
3068,0,0.5000786526259423
3069,0,0.508400215559348
3070,0,0.5009035450445735
3071,0,0.5001151694110592
3072,0,0.5005129090429992
3073,0,0.5006225113480269
3074,0,0.5000542265696151
3075,0,0.5002348310389185
3076,0,0.5016433822633041
3077,0,0.501731510156543
3078,0,0.5006877380331878
3079,0,0.5012483812269062
3080,0,0.5007579111963096
3081,0,0.5024015869906191
3082,0,0.5011174888497578
3083,0,0.5037328701323426
3084,0,0.5027936883465891
3085,0,0.5011457423814216
3086,0,0.5013001012394704
3087,0,0.5051868168370104
3088,0,0.5010941804989375
3090,0,0.500827718381827
3091,0,0.5000871473497994
3092,0,0.5038650228144342
3093,0,0.5008424675909562
3094,0,0.500478192247555
3095,0,0.5017749271978422
3096,0,0.5012159105562196
3097,0,0.5004157460669433
3098,0,0.5057380145429253
3099,0,0.5005732593320388
3100,0,0.5008701214504612
3101,0,0.5023305226495497
3102,0,0.5016908912354326
3103,0,0.5000398538150134
3104,0,0.5008029180283231
3105,0,0.5014172838620142
3106,0,0.5001946857161521
3107,0,0.5071641981413657
3108,0,0.503566850797699
3109,0,0.5026700101048793
3110,0,0.5031347801914593
3111,0,0.505360087748538
3112,0,0.5000984283920812
3113,0,0.5003706306152174
3114,0,0.5024614811154101
3115,0,0.5001076697662333
3116,0,0.506177058806932
3117,0,0.5000858124463112
3118,0,0.5006111385277946
3119,0,0.5001742467057991
3120,0,0.5040204809147685
3121,0,0.500094299652345
3122,0,0.5001341583966701
3123,0,0.5019314579116622
3124,0,0.50043475385942
3125,0,0.50213740089349
3126,0,0.5012218941463257
3127,0,0.5004508367714502
3128,0,0.5082802372979521
3129,0,0.5002662768477437
3130,0,0.5086603160895153
3131,0,0.5012194780607041
3132,0,0.5024899350223635
3133,0,0.5187256675318884
3134,0,0.5009595073117626
3135,0,0.5009216976163399
3136,0,0.5019420392553083
3137,0,0.5002809682206248
3138,0,0.5006596533947022
3139,0,0.5011923619596891
3140,0,0.5001840823895813
3141,0,0.5074663827962349
3142,0,0.5002985922645276
3143,0,0.5006920823924428
3144,0,0.5013270783241943
3145,0,0.5026853180281539
3146,0,0.5003175818895358
3147,0,0.5002883236309756
3148,0,0.5227795049043416
3149,0,0.5001729573235361
3150,0,0.5003927234679192
3151,0,0.5010308696775106
3152,0,0.5003651235449528
3153,0,0.5041739652603885
3154,0,0.5010912119875113
3155,0,0.5011436835363767
3156,0,0.5032787034159641
3157,0,0.5007201328703784
3158,0,0.5004078254005528
3159,0,0.5051402174669604
3160,0,0.5004174482169031
3161,0,0.501374337414394
3162,0,0.5069066728144672
3163,0,0.50034906725246
3164,0,0.5010525003810878
3165,0,0.5003465820143708
3166,0,0.5003192411671288
3167,0,0.5001202137979082
3168,0,0.5007114870875463
3169,0,0.5002115762102199
3170,0,0.5016029448415964
3171,0,0.501897176328766
3172,0,0.5001100677765169
3173,0,0.5006498055949169
3174,0,0.5022554584289887
3175,0,0.5007045676372204
3176,0,0.5004316779929615
3177,0,0.5003771381717608
3178,0,0.5013164437721521
3179,0,0.5010316624336562
3181,0,0.5002754751871472
3182,0,0.5001692888728286
3183,0,0.5028601435619691
3184,0,0.5002425929567313
3185,0,0.5000629441499516
3186,0,0.5007034955739467
3187,0,0.5031672800304918
3188,0,0.5053678568645303
3189,0,0.503433093132362
3190,0,0.5009649919462317
3191,0,0.5008804668442994
3192,0,0.5006922755288029
3193,0,0.5078029118225836
3194,0,0.5002146698681976
3195,0,0.5004136151742897
3196,0,0.501162324843558
3197,0,0.5019034788572305
3198,0,0.5024694898146118
3199,0,0.5001968511037983
3200,0,0.5004527632710695
3201,0,0.500950771802241
3202,0,0.5005179533119705
3203,0,0.5002935710182937
3204,0,0.5002533746254108
3205,0,0.5010827719037845
3206,0,0.5005690636976042
3207,0,0.5008840138698541
3208,0,0.50010149324653
3209,0,0.5001434579484939
3210,0,0.5001184663515026
3211,0,0.5003500984609739
3212,0,0.5016812165292497
3213,0,0.500871529343441
3214,0,0.502026688788578
3215,0,0.5021987977189568
3216,0,0.5000832687633762
3217,0,0.5002696276134876
3218,0,0.5009211649252796
3219,0,0.5020763149962805
3220,0,0.5015438365250355
3221,0,0.5052632706105159
3222,0,0.5000661455287793
3223,0,0.5002614765435848
3224,0,0.500807535317056
3225,0,0.500818261028893
3226,0,0.5025255974934459
3227,0,0.5010659465693207
3228,0,0.5002202344709941
3229,0,0.5007024022307697
3230,0,0.5010896956734047
3231,0,0.5001986003783893
3232,0,0.5038845426731483
3233,0,0.500444198502594
3234,0,0.5392697469512352
3235,0,0.5010889153715227
3236,0,0.5072402682059033
3237,0,0.5002154969942256
3238,0,0.5000339229097818
3239,0,0.501153258858799
3240,0,0.5002832770552827
3241,0,0.5013640942503903
3242,0,0.5011018731568958
3243,0,0.5004123482185616
3244,0,0.5001429623772743
3245,0,0.5003894169067208
3246,0,0.5006096283324504
3247,0,0.5002939328892347
3248,0,0.500226786765691
3249,0,0.5006344949870168
3250,0,0.500076914192487
3251,0,0.500313432196904
3252,0,0.5001207824441414
3253,0,0.5147386087686706
3254,0,0.502379259511582
3255,0,0.5012830985916712
3256,0,0.5000746280699786
3257,0,0.5002088469462772
3258,0,0.5010395199334085
3259,0,0.5003437350802891
3260,0,0.5027644221468432
3261,0,0.5008499793429446
3262,0,0.5051075027924886
3263,0,0.5006605850322089
3264,0,0.5005141588781385
3265,0,0.5022034563368071
3266,0,0.5028636637103561
3267,0,0.5004437703516917
3268,0,0.5029415894487159
3269,0,0.500563269486103
3270,0,0.5011830974552315
3271,0,0.5021060562535601
3272,0,0.5003221853559502
3273,0,0.5008566337769652
3274,0,0.5017676869806664
3275,0,0.5006214234815664
3276,0,0.5014786072410209
3277,0,0.500438184215826
3278,0,0.5002723699051567
3279,0,0.5002426954628063
3280,0,0.501689805164518
3281,0,0.5006178949721466
3282,0,0.5001411489721767
3283,0,0.5015722947387722
3284,0,0.5011625839387346
3285,0,0.5007828437039787
3286,0,0.5003365363953651
3287,0,0.50008986783457
3288,0,0.500173037991062
3289,0,0.5003685575374454
3290,0,0.5030209414731622
3291,0,0.5023020375040268
3292,0,0.50031884959749
3293,0,0.5003024370751018
3294,0,0.5017522861556941
3295,0,0.5021385472738701
3296,0,0.5001004562117042
3297,0,0.5014974013261531
3298,0,0.5001669542585193
3299,0,0.5025459117605259
3300,0,0.502322700518094
3301,0,0.5011225868617799
3302,0,0.501549005154756
3303,0,0.5017576286233326
3304,0,0.5002939312318644
3305,0,0.5018496793075908
3306,0,0.5015551803910069
3307,0,0.5002932548490553
3308,0,0.5029567593757057
3309,0,0.5059469226472645
3310,0,0.5000349955015921
3311,0,0.512642796904866
3312,0,0.5016808767720482
3313,0,0.5003281583897715
3314,0,0.5018847964367483
3315,0,0.5002445385808857
3316,0,0.500360351768678
3317,0,0.5018883604106614
3318,0,0.5010723309663397
3319,0,0.5004371853824875
3320,0,0.5027684139737388
3321,0,0.5077792416079556
3322,0,0.5019498726431716
3323,0,0.5011326615663737
3324,0,0.5009069647604071
3325,0,0.5000605891203833
3326,0,0.5007451154577333
3327,0,0.5003375715438797
3328,0,0.500805330222608
3329,0,0.5004863926138383
3330,0,0.5008461776793768
3331,0,0.5037655355450347
3332,0,0.5006708078226162
3333,0,0.500584559271721
3334,0,0.500362879479582
3335,0,0.5004716014219498
3336,0,0.5020767330834857
3337,0,0.5023833306855784
3338,0,0.5009863519069737
3339,0,0.5006594831806619
3340,0,0.5039167233644651
3341,0,0.5018780460532495
3342,0,0.5009087051055526
3343,0,0.5100456035540161
3344,0,0.5025096825964291
3345,0,0.5024821019500539
3346,0,0.5032248781762976
3347,0,0.5008638983417254
3348,0,0.5008380237921642
3349,0,0.5005979061576353
3350,0,0.5000988440453128
3351,0,0.5005500176703912
3352,0,0.5013918412982721
3353,0,0.5001137707982682
3354,0,0.5004010796473918
3355,0,0.5003737707705181
3356,0,0.5002140499631292
3357,0,0.5001816162909137
3358,0,0.5004086299166649
3359,0,0.5016904334538305
3360,0,0.5007492021624504
3361,0,0.500220804053849
3362,0,0.5001483903766705
3363,0,0.5004512518310658
3364,0,0.5002008226548147
3365,0,0.5001373835890888
3366,0,0.5001242657193066
3367,0,0.5003236970479988
3368,0,0.5097769206022239
3369,0,0.5394743532842572
3370,0,0.5018116605664569
3371,0,0.5011604318352273
3372,0,0.5003540610960594
3373,0,0.5035159763607621
3374,0,0.5000698417202956
3375,0,0.5012012123149556
3376,0,0.5001830276964747
3377,0,0.5003847977429671
3378,0,0.5004895946467786
3379,0,0.5047790378167618
3380,0,0.5001720757305588
3381,0,0.502442658414714
3382,0,0.5001336462317882
3383,0,0.500157345014061
3384,0,0.5014442265232235
3385,0,0.5003543957583985
3386,0,0.500386628717932
3387,0,0.501804067701906
3388,0,0.503791401632765
3389,0,0.5005252527202109
3390,0,0.5078297416893303
3391,0,0.5007927750028045
3392,0,0.5019203794305943
3393,0,0.5001571242680729
3394,0,0.5001790283199958
3395,0,0.5009616454309233
3396,0,0.5004703241729679
3397,0,0.5139441490911926
3398,0,0.5002388383650652
3399,0,0.5000277538832759
3400,0,0.5002923267237741
3401,0,0.5012774757776386
3402,0,0.5003983127688717
3403,0,0.5012161106312853
3404,0,0.5038907504874048
3405,0,0.5008806060832328
3406,0,0.5004539368663721
3407,0,0.5071199820605372
3408,0,0.5000723254008232
3409,0,0.5019612307073648
3410,0,0.5001107063210497
3411,0,0.5002846009417126
3412,0,0.5009210505133905
3413,0,0.5004638512730749
3414,0,0.500252812678303
3415,0,0.5002798239845806
3416,0,0.5066311337630266
3417,0,0.5007546426422569
3418,0,0.5029122428562063
3419,0,0.5002657281441789
3420,0,0.5002737630944399
3421,0,0.5028653428076374
3422,0,0.5011458278638817
3423,0,0.5005853050332123
3424,0,0.5009023326416892
3425,0,0.5005462190140068
3426,0,0.5010543087106718
3427,0,0.5009158534697549
3428,0,0.5010764396938941
3429,0,0.5007984892263252
3430,0,0.5003369901805149
3431,0,0.5045399963087812
3432,0,0.5001840021449214
3433,0,0.5003216549239698
3434,0,0.5001706655678975
3435,0,0.5001386697137172
3436,0,0.5005852827477547
3437,0,0.5025396396286222
3438,0,0.5011488202051227
3439,0,0.5002712347104467
3440,0,0.5118133199442111
3442,0,0.5006926480011303
3443,0,0.5002163488622718
3444,0,0.5059441469286137
3445,0,0.5000544748610305
3446,0,0.500200692329895
3448,0,0.5004865848671444
3450,0,0.50079787332596
3451,0,0.5003130742824525
3452,0,0.5015881718656513
3453,0,0.500237554538207
3454,0,0.5001818231419871
3455,0,0.5048970594584093
3456,0,0.5001225586573701
3457,0,0.5003437869429417
3458,0,0.5001122215794145
3459,0,0.500189284415789
3460,0,0.5002448826407946
3461,0,0.5062535758657162
3462,0,0.5016367816673198
3463,0,0.5021868853244378
3464,0,0.500736185259604
3465,0,0.5032843576333631
3466,0,0.5002619107329722
3467,0,0.5007952518536763
3468,0,0.5000754431845199
3469,0,0.5003171206330823
3470,0,0.5001912725884181
3471,0,0.5021925842909316
3472,0,0.5008733195029165
3473,0,0.512885111063279
3474,0,0.5037675572106257
3475,0,0.5019446226881569
3476,0,0.5001208263994137
3477,0,0.5003512894160222
3479,0,0.5002486594649035
3480,0,0.5014743162751786
3481,0,0.5016311040976846
3482,0,0.5004148776231022
3483,0,0.5076777396206005
3484,0,0.5017697329704931
3485,0,0.5003693065830614
3486,0,0.5008314994734341
3487,0,0.5002411171418422
3488,0,0.500471270988459
3489,0,0.5028937616536281
3490,0,0.5007210866871075
3491,0,0.5006866187187257
3492,0,0.5026098198595239
3493,0,0.5003590816909949
3494,0,0.5012857662012097
3495,0,0.5002596250820117
3496,0,0.5003559649949467
3497,0,0.5003212354905983
3498,0,0.5003943234342566
3499,0,0.5012032396254876
3500,0,0.5012055456384381
3501,0,0.5008196523117937
3502,0,0.500985025832861
3503,0,0.5015206962785775
3504,0,0.5000488386407906
3505,0,0.5039934874628078
3506,0,0.5001704238596713
3508,0,0.5018185328558117
3509,0,0.5000770524865017
3510,0,0.5037931757353905
3511,0,0.5015196472451339
3512,0,0.500198924810396
3513,0,0.5001232908760055
3514,0,0.500853694216398
3515,0,0.5032973134728136
3516,0,0.5018261152400493
3517,0,0.5027880685545703
3518,0,0.5001953104855229
3519,0,0.5055589411030387
3520,0,0.5019503975364795
3521,0,0.5004334141965431
3522,0,0.5011610855576157
3523,0,0.5012826416820807
3524,0,0.5004334684674956
3526,0,0.5030131323350613
3527,0,0.503001982028842
3528,0,0.5042082723483985
3529,0,0.5004524529714024
3530,0,0.5080437289254905
3531,0,0.5001959056489954
3532,0,0.5003553778651252
3533,0,0.5050076083317327
3534,0,0.5008692855597204
3536,0,0.5008561925974467
3537,0,0.502387232202596
3538,0,0.5065552772626158
3539,0,0.5061171661243894
3540,0,0.5002911847087319
3541,0,0.500714051729167
3542,0,0.5011425500119582
3543,0,0.5003180539584186
3544,0,0.5007115107589379
3545,0,0.5024376058297849
3546,0,0.5008646611276772
3547,0,0.5004882393368806
3548,0,0.50056586934632
3549,0,0.5035421536401596
3550,0,0.5017295240576649
3551,0,0.5005668315093617
3552,0,0.5004626684938972
3553,0,0.5038645901521359
3554,0,0.5057237827643067
3555,0,0.5017472093713887
3556,0,0.5008309398968376
3557,0,0.5001257416954055
3558,0,0.5080495169405028
3559,0,0.5153178199415954
3560,0,0.5003733052544289
3561,0,0.5005404240920904
3562,0,0.5002287198433023
3563,0,0.5001593898742128
3564,0,0.500136791935866
3565,0,0.501071142336578
3566,0,0.5007164534122875
3567,0,0.5000308278119755
3568,0,0.5154649408021512
3569,0,0.5056759965538423
3570,0,0.5186797818515795
3571,0,0.5003750118943142
3572,0,0.5010271224412037
3573,0,0.5000598912424853
3574,0,0.5016401352113673
3575,0,0.5000438593881377
3576,0,0.5087822274597477
3577,0,0.5002201676176146
3578,0,0.5004047243396017
3579,0,0.503470073296209
3580,0,0.5001782887065829
3581,0,0.5005579194398261
3582,0,0.5012358255413195
3583,0,0.500628956385568
3584,0,0.5009976427210182
3585,0,0.5016394648687599
3586,0,0.5016690726486461
3587,0,0.5009172888062076
3588,0,0.5002497116413881
3589,0,0.5108079463652129
3590,0,0.5002435672644115
3592,0,0.5004214373593742
3593,0,0.5003804605545784
3594,0,0.5002174335127079
3595,0,0.5003732847665261
3596,0,0.5001864568760438
3597,0,0.500419106488849
3598,0,0.5000934752225721
3599,0,0.5026590672418847
3600,0,0.5001671341339908
3601,0,0.5007071519605398
3602,0,0.5047285758691816
3603,0,0.5020767807662011
3604,0,0.500945425141901
3605,0,0.5007528623417307
3607,0,0.5009905818670035
3608,0,0.5001987200231355
3609,0,0.5003622743481664
3610,0,0.5006400680048301
3611,0,0.5002552448682414
3612,0,0.500809725288252
3613,0,0.5017801172233354
3614,0,0.5041987186213227
3616,0,0.5002597987799247
3617,0,0.5005113842721228
3618,0,0.5007868478018139
3619,0,0.5002479339980932
3620,0,0.5008522628080703
3621,0,0.5028210843875055
3622,0,0.5043320216187228
3623,0,0.5000626659006263
3624,0,0.5003775923076949
3625,0,0.5003983801853846
3626,0,0.5008214679304935
3627,0,0.5013079677959408
3628,0,0.5009009819276214
3629,0,0.5003866245235671
3630,0,0.5002006122094682
3631,0,0.5006451775781072
3632,0,0.5004408746192555
3633,0,0.5003404444962741
3634,0,0.500597699563344
3635,0,0.5011928112812297
3636,0,0.5003819035975219
3637,0,0.5013934305365899
3638,0,0.5055588649063053
3639,0,0.5010279684107337
3640,0,0.5005250570189789
3641,0,0.5013086699174653
3642,0,0.5022059526687318
3643,0,0.5011685688766442
3644,0,0.500965427059155
3645,0,0.5012544630404331
3646,0,0.5001406818789951
3647,0,0.5007446391138564
3648,0,0.5060763187606011
3649,0,0.50455678371865
3650,0,0.5014664407871737
3651,0,0.5059336750103597
3652,0,0.5005212319311587
3653,0,0.5001527092797615
3654,0,0.5002329898652218
3655,0,0.5011172448180602
3656,0,0.5005128686769944
3657,0,0.5006275800742181
3658,0,0.5010094699308055
3659,0,0.5012378772538556
3660,0,0.5001811343254347
3661,0,0.5124620180937072
3662,0,0.5002977207135055
3663,0,0.5005439211569137
3664,0,0.5020247934979053
3665,0,0.5084626154059164
3666,0,0.501349273299754
3667,0,0.5009256368926535
3668,0,0.5020850928504752
3669,0,0.5000846615624461
3670,0,0.5008311904923113
3671,0,0.5000255462816752
3672,0,0.5006141161673077
3673,0,0.5012198470226742
3674,0,0.5054716207719213
3675,0,0.5026405260842388
3676,0,0.5013340693926888
3677,0,0.5003441133723853
3678,0,0.500827761695542
3679,0,0.5013403252664133
3680,0,0.5005083004150506
3681,0,0.5002576769008618
3682,0,0.5001133786574543
3683,0,0.5010465502442621
3684,0,0.5034504072913057
3685,0,0.5002003026109805
3686,0,0.5009503666323618
3687,0,0.5206470236253967
3688,0,0.5004661325045892
3689,0,0.5006230456381738
3690,0,0.501383762062466
3691,0,0.5013454764858917
3692,0,0.5054760482719309
3693,0,0.5003790124725989
3694,0,0.5004022086859946
3695,0,0.500459821862084
3696,0,0.5002210750365552
3698,0,0.5010341869439684
3699,0,0.5025389407967071
3700,0,0.5021090155530172
3701,0,0.5002707071794177
3702,0,0.500320072856278
3703,0,0.5012018567704379
3704,0,0.5009756698818791
3705,0,0.5005681314644309
3706,0,0.5021044548184079
3708,0,0.5001643290519692
3709,0,0.5087588193795232
3710,0,0.5009894053879018
3711,0,0.5000613136998654
3712,0,0.5001517510408274
3713,0,0.5003783011462812
3714,0,0.5007159320818897
3715,0,0.5002750226251468
3716,0,0.5001339498063165
3717,0,0.5000460209558002
3718,0,0.5000394915979113
3719,0,0.5000871365296725
3720,0,0.5032767909637365
3721,0,0.5003685285978432
3722,0,0.5072401919761155
3723,0,0.5002820198362201
3724,0,0.5005072157957589
3725,0,0.5020401560512415
3726,0,0.5000679953031083
3727,0,0.5001230882049948
3728,0,0.5002250284465242
3729,0,0.5016547078723909
3730,0,0.5001080424496802
3731,0,0.5014182916383003
3732,0,0.5013616252415498
3733,0,0.5002728413350697
3734,0,0.5002379007412013
3735,0,0.5004210247773561
3736,0,0.501053635518164
3737,0,0.5029721993072577
3738,0,0.5001801029961026
3739,0,0.5001385323448125
3740,0,0.5001995208296455
3741,0,0.5010527698387027
3742,0,0.500760131162529
3743,0,0.5002018151160444
3744,0,0.500226074906163
3745,0,0.5004661407541983
3746,0,0.5006164412369213
3747,0,0.5005594761228973
3748,0,0.5000892295309565
3749,0,0.500461846754606
3750,0,0.5006261516018495
3751,0,0.5085954592020725
3753,0,0.5108601904711083
3754,0,0.5005132351559365
3755,0,0.502744589235269
3756,0,0.5002200000212527
3757,0,0.5002587780224261
3758,0,0.500053332281058
3759,0,0.5006938437933978
3760,0,0.5003270446312462
3761,0,0.5003704653938114
3762,0,0.5004682807944657
3763,0,0.5008371393823361
3764,0,0.5005393099866295
3765,0,0.500639359057471
3766,0,0.5008767923004039
3767,0,0.50809347023094
3768,0,0.5006219988853989
3769,0,0.5027337058519573
3770,0,0.5006866996125376
3771,0,0.5006402950738768
3772,0,0.5005127329613293
3773,0,0.5002637347711306
3774,0,0.5004785641811722
3775,0,0.5006094781228531
3776,0,0.5001902895407646
3777,0,0.5006978623577825
3778,0,0.5003159730300507
3779,0,0.5004303466616575
3780,0,0.5001746971389895
3781,0,0.5012300222241869
3782,0,0.5002019208818629
3783,0,0.500452858360901
3784,0,0.5091726101431142
3785,0,0.5042872782604343
3786,0,0.5003247216801713
3787,0,0.5002634625040564
3788,0,0.5021360650003749
3789,0,0.50017887022646
3790,0,0.5003632929579303
3791,0,0.5004133358549029
3792,0,0.5002261083213357
3793,0,0.5001889985176956
3794,0,0.5045716656577285
3795,0,0.5006584527913134
3796,0,0.5003139982084354
3797,0,0.5017057300564837
3798,0,0.5002985473145953
3799,0,0.5015273104109145
3800,0,0.5003183299759512
3801,0,0.5007655151344644
3802,0,0.501406551804021
3803,0,0.500642656668207
3804,0,0.5001116945282968
3805,0,0.5003688197918783
3806,0,0.5017291740560561
3807,0,0.5030739351478591
3808,0,0.501288017429163
3809,0,0.500145275592878
3810,0,0.5004927731694818
3811,0,0.5006566101864758
3812,0,0.5017904880553288
3813,0,0.5012305476285637
3814,0,0.5010504957998958
3815,0,0.5006014839237678
3816,0,0.5019414133828983
3817,0,0.5016036498625103
3818,0,0.5002717865159172
3819,0,0.5026967372473038
3820,0,0.5004070460359131
3821,0,0.5000640675436081
3822,0,0.5001471122490013
3823,0,0.5008115961139447
3824,0,0.5003838597560716
3825,0,0.5047367166059138
3826,0,0.5007922953518535
3827,0,0.5004851183540407
3828,0,0.5003444134192547
3829,0,0.5001147986249497
3830,0,0.501770335190304
3831,0,0.5062178290538033
3832,0,0.5002717293945395
3833,0,0.500315213461613
3834,0,0.5012738766164855
3835,0,0.5002195462349059
3836,0,0.5301612721353672
3837,0,0.5001916886881871
3838,0,0.5025549913794456
3839,0,0.5025577191636543
3840,0,0.5000491348171915
3841,0,0.5003115430022075
3842,0,0.5032185503017762
3843,0,0.5007761883633505
3844,0,0.503717391199058
3845,0,0.5016107990413728
3846,0,0.5008962712132593
3847,0,0.500607455982996
3848,0,0.501961528245138
3849,0,0.5005324685456269
3850,0,0.5013175503284276
3851,0,0.5011983651657442
3852,0,0.504102499255619
3853,0,0.5005041931775441
3854,0,0.5014178450352467
3855,0,0.5005833645034156
3856,0,0.5012167639990635
3858,0,0.5002853655429066
3859,0,0.5002142802874437
3860,0,0.5008395165468471
3861,0,0.5000352866846902
3862,0,0.5008821166184092
3863,0,0.5008515500663958
3864,0,0.5001770288067302
3865,0,0.5023087642088737
3866,0,0.5003988240472107
3867,0,0.5006848863569326
3868,0,0.5002740711751823
3869,0,0.5007803558987284
3870,0,0.500757004280478
3871,0,0.5000606323059508
3872,0,0.501137503052538
3873,0,0.5004627208748919
3874,0,0.5004133811582188
3875,0,0.5016264753997116
3876,0,0.5001768683775752
3877,0,0.5001027669905115
3878,0,0.500197854145162
3879,0,0.5002488881180142
3880,0,0.5011520830888524
3881,0,0.5003756038953543
3882,0,0.5028637714371685
3883,0,0.5020670617149606
3884,0,0.5006277671397031
3885,0,0.500438153000751
3886,0,0.5034369820583731
3887,0,0.501226874369986
3888,0,0.5004885826125732
3889,0,0.500434772818274
3890,0,0.5064814155978952
3891,0,0.5057323600953013
3892,0,0.5006009257612141
3893,0,0.5005305121957038
3894,0,0.5012168638413085
3895,0,0.5001787678914806
3896,0,0.5010483144965379
3897,0,0.5003010657531336
3898,0,0.5005880942239357
3899,0,0.5005166205365296
3900,0,0.5014252564685006
3901,0,0.5041526060074843
3902,0,0.511001444853059
3903,0,0.5008296552011604
3904,0,0.5009406881210395
3905,0,0.5012013435621293
3906,0,0.5007276574832114
3907,0,0.5002956135956207
3908,0,0.5002736319267586
3909,0,0.5001957242049013
3910,0,0.5002603707156956
3911,0,0.5008892397997678
3912,0,0.5007231035884722
3913,0,0.5033712798544001
3915,0,0.5009952552826564
3916,0,0.5001743418734926
3917,0,0.5011538693645835
3918,0,0.5006938474254814
3919,0,0.5000506406527241
3920,0,0.500202369415613
3921,0,0.5002920979807461
3922,0,0.5005012607745699
3923,0,0.5001616036437392
3924,0,0.5004883444369516
3925,0,0.500366676972607
3926,0,0.5001597798025744
3927,0,0.5002821999769351
3928,0,0.5024249386307211
3929,0,0.5001120578901661
3930,0,0.5008038894076444
3931,0,0.5015415532530209
3932,0,0.5000403995486267
3933,0,0.5004611179426145
3934,0,0.5003057520155525
3935,0,0.500426308717053
3936,0,0.5004921672728294
3937,0,0.5005068338799639
3938,0,0.5003937132955547
3939,0,0.5002445268184442
3940,0,0.5002560884747383
3941,0,0.5001386601279764
3942,0,0.5149514370402303
3943,0,0.5008561464160083
3944,0,0.5000780178828903
3945,0,0.5023059100895128
3946,0,0.5001557920803174
3947,0,0.5014992574420064
3948,0,0.5002501351387844
3949,0,0.5003536385488814
3950,0,0.5002267995511799
3951,0,0.5004345037713681
3952,0,0.5000182581694234
3953,0,0.5019451650096245
3954,0,0.5011072557756951
3955,0,0.500548388755483
3956,0,0.5006680652970692
3957,0,0.50010486385276
3958,0,0.5004808922592786
3959,0,0.5000798282618538
3960,0,0.5007068686458769
3961,0,0.5018165104299398
3962,0,0.500219503944294
3963,0,0.5019766101404892
3964,0,0.5005662175313838
3965,0,0.5004739974457693
3966,0,0.5052721702245283
3967,0,0.5009151371743948
3968,0,0.5015158534356229
3969,0,0.5002986287382011
3970,0,0.5029851043185525
3971,0,0.5007637561900934
3972,0,0.5010763905267794
3973,0,0.5005489362936434
3974,0,0.5167130632008057
3976,0,0.5006765070806416
3978,0,0.5011083892546071
3979,0,0.5004139190616329
3980,0,0.5002568757283647
3981,0,0.5016171046342629
3982,0,0.500077762422831
3983,0,0.5006710450358967
3984,0,0.5007204069440724
3985,0,0.5000913856428334
3986,0,0.5041928463230564
3987,0,0.5002532419308087
3989,0,0.5016906358131648
3990,0,0.5011752583487334
3991,0,0.5046946278875009
3992,0,0.5002156809591263
3993,0,0.5006178538883197
3994,0,0.5010414912083787
3995,0,0.5019013323431292
3996,0,0.5001788398731964
3997,0,0.500115318347901
3998,0,0.5002655837113746
3999,0,0.5015680225788924
4000,0,0.501108003734943
4001,0,0.5006910375467433
4002,0,0.5001011123748981
4003,0,0.5308817690605558
4004,0,0.5003006515834716
4005,0,0.5062555709109389
4006,0,0.5001033930395101
4007,0,0.5003567894910284
4008,0,0.5008557686347921
4009,0,0.5009037486349355
4010,0,0.5002412425392421
4011,0,0.5003872995322827
4012,0,0.5001669085538079
4013,0,0.5049889085314327
4014,0,0.5037659652021794
4015,0,0.5000677416835786
4016,0,0.5000721154871499
4017,0,0.5026164557583769
4018,0,0.5002188751138232
4019,0,0.5008188498372458
4020,0,0.5002058107451524
4021,0,0.5003290065324386
4022,0,0.501238339552995
4023,0,0.5003648091664296
4024,0,0.502168252042163
4025,0,0.5000902719005792
4026,0,0.5001875672674168
4027,0,0.5008046620688711
4028,0,0.5011721093079781
4029,0,0.501392798298123
4030,0,0.5012837463113908
4031,0,0.5000601731011584
4032,0,0.5054616785161005
4033,0,0.5011597608888209
4034,0,0.500820271482265
4035,0,0.5017207857319194
4036,0,0.5023153456483184
4037,0,0.5025011242914791
4038,0,0.5002330084776406
4039,0,0.5055793808304324
4040,0,0.501792709139024
4041,0,0.5118406416701143
4042,0,0.5000922553370433
4043,0,0.503544591245578
4044,0,0.5007090569522461
4045,0,0.5008555529436678
4046,0,0.5088091547894007
4047,0,0.5007280996294452
4048,0,0.5001892160617891
4049,0,0.5004065279107468
4050,0,0.500117942405801
4051,0,0.5002588824932616
4052,0,0.5002709132290931
4053,0,0.5001023215844854
4054,0,0.500780339092829
4055,0,0.5001439118260993
4056,0,0.5025252009013552
4057,0,0.5010174604442881
4058,0,0.5008276792857577
4059,0,0.5004422550834756
4060,0,0.5007600596097164
4061,0,0.5002816845944539
4062,0,0.5004008349951415
4063,0,0.5005956819181878
4064,0,0.5002230019213163
4065,0,0.5001776547805099
4066,0,0.5000519595389404
4067,0,0.5005561945183371
4068,0,0.500066160550233
4069,0,0.5004719977621338
4070,0,0.5017482640380766
4071,0,0.5008412902288497
4072,0,0.5017555697950031
4073,0,0.500440857143579
4074,0,0.5012750134633301
4075,0,0.5010884678317321
4076,0,0.500429980913618
4077,0,0.5003010963027318
4078,0,0.5010542973269896
4079,0,0.5002168644939616
4080,0,0.5002911721049391
4081,0,0.501306052002951
4082,0,0.5001441754951882
4083,0,0.5006510477712887
4084,0,0.5005539688392683
4085,0,0.5001249751590836
4086,0,0.5001787376259398
4087,0,0.5005843204049502
4088,0,0.5018996082464248
4089,0,0.5007582873534955
4090,0,0.5001264571935868
4091,0,0.5003253379273725
4093,0,0.5023057775409802
4094,0,0.5005809319838167
4095,0,0.5088186713291694
4096,0,0.5029299871214515
4097,0,0.5001816169131117
4098,0,0.5004047346519661
4099,0,0.5001532705220144
4100,0,0.5007343872110354
4101,0,0.5012703811123458
4102,0,0.5009552158147225
4103,0,0.5009784948991002
4104,0,0.5016134703152022
4105,0,0.5005433896546989
4106,0,0.5013788835532736
4107,0,0.5032877214861093
4108,0,0.5015493313421193
4109,0,0.5000578631684883
4110,0,0.5017786911676763
4111,0,0.5002463886665998
4112,0,0.5002035228483332
4113,0,0.5005012608305228
4114,0,0.500243767271025
4115,0,0.5000939380201399
4116,0,0.5004283547228614
4117,0,0.5026050805232241
4118,0,0.5004019400314493
4119,0,0.5000758991709067
4120,0,0.5010803635371707
4121,0,0.5020409699950775
4122,0,0.5031090817850106
4123,0,0.500329405415544
4124,0,0.5005258630560752
4125,0,0.5001598005777516
4126,0,0.500135041300006
4127,0,0.5003370362970223
4128,0,0.5024682528298271
4129,0,0.5003030631138914
4130,0,0.5013229157144068
4131,0,0.500050124867742
4132,0,0.5019998751908181
4133,0,0.5013891363164632
4134,0,0.5025486308063413
4135,0,0.5007371450923674
4136,0,0.5025346935051184
4137,0,0.5003647111855748
4138,0,0.5000598948781457
4139,0,0.5000246641765029
4140,0,0.5003459388229945
4142,0,0.5001723807528219
4143,0,0.5012265098602019
4144,0,0.5009162102894027
4145,0,0.5012647905731438
4146,0,0.500059433266857
4147,0,0.5004914933520782
4148,0,0.5009768324640941
4149,0,0.5000456320114856
4150,0,0.5004680116842051
4151,0,0.5007222461468309
4152,0,0.5008732412278611
4153,0,0.5001710008227397
4154,0,0.500870295822818
4155,0,0.5004092005204718
4156,0,0.5002910191006675
4157,0,0.5009152064131698
4158,0,0.5002328592322722
4159,0,0.5001588928739894
4160,0,0.5003218393649519
4161,0,0.5043196553427538
4162,0,0.5013181355038304
4163,0,0.5016326552887888
4164,0,0.5000588268400492
4165,0,0.5007908331863756
4166,0,0.5005356383839854
4167,0,0.50067720079241
4168,0,0.5013689484847182
4169,0,0.5000622417064425
4170,0,0.5002715476809484
4171,0,0.5005511684617285
4172,0,0.5000469008814428
4173,0,0.502483071508681
4174,0,0.5001600462717419
4175,0,0.5005658030540368
4176,0,0.5001452620668875
4177,0,0.5006845145487688
4178,0,0.5016334799574014
4179,0,0.500295108756453
4180,0,0.5141885104397589
4181,0,0.5000329340978588
4182,0,0.5002833786870776
4183,0,0.5001580271753494
4184,0,0.5125983921912591
4185,0,0.503065461547223
4186,0,0.5003022439365135
4187,0,0.5003984176817877
4188,0,0.5002437280036857
4189,0,0.5071466998604663
4190,0,0.500899755454977
4191,0,0.501704137660078
4192,0,0.5012768170901446
4193,0,0.5002697543755701
4194,0,0.5004602502085047
4195,0,0.500654822314811
4196,0,0.5002533158585121
4197,0,0.5004312479900669
4198,0,0.501760592544901
4199,0,0.5002732782953672
4200,0,0.5001371665941288
4201,0,0.5014690186245098
4202,0,0.5001344007662412
4203,0,0.5004840121874922
4204,0,0.501034334380749
4205,0,0.5442167833591315
4206,0,0.5002770292158305
4207,0,0.5006177682501741
4208,0,0.5002172006627723
4209,0,0.5004130402177319
4210,0,0.5086445211917257
4211,0,0.5009432857597145
4212,0,0.5004034078067787
4213,0,0.5001254513379035
4214,0,0.5000984423085052
4215,0,0.5004371595435101
4216,0,0.5020510150950793
4217,0,0.5105700919186723
4218,0,0.5005613485780958
4219,0,0.5018359388423531
4220,0,0.5009327892039339
4221,0,0.502262718201929
4222,0,0.5009901255489628
4223,0,0.5002581759383677
4224,0,0.5002911163030637
4225,0,0.5009124674332814
4226,0,0.5003887103195417
4227,0,0.5003654464043553
4228,0,0.5005626212442511
4229,0,0.5022678929437807
4230,0,0.5002473403998813
4231,0,0.5005637017025552
4232,0,0.5010349778311868
4233,0,0.5040277047789787
4234,0,0.50530953033412
4235,0,0.5039415587088817
4236,0,0.5003479352705859
4237,0,0.5022991026732875
4238,0,0.500232845644614
4239,0,0.5029663465955685
4240,0,0.5002953186472899
4241,0,0.5006117777483045
4242,0,0.5028265490486463
4243,0,0.5007937256854392
4244,0,0.5005627981586344
4245,0,0.5009262660386301
4246,0,0.5016186276658822
4247,0,0.5000708588236922
4248,0,0.5024549225978009
4249,0,0.5006901694573288
4250,0,0.500432712084205
4251,0,0.5005375079047569
4252,0,0.500452012662418
4253,0,0.5016804680221835
4254,0,0.5011013082620455
4255,0,0.5039373574506276
4256,0,0.5002648249727765
4257,0,0.5005661169436627
4258,0,0.5004384222451194
4259,0,0.5003290632840048
4260,0,0.5006896534966168
4261,0,0.5012486167789943
4262,0,0.50037017846634
4263,0,0.5001043562549259
4264,0,0.5078391964174038
4265,0,0.5035569283669401
4266,0,0.5004490975261588
4267,0,0.5003199228060365
4268,0,0.5026342833166041
4269,0,0.5000781365096756
4270,0,0.5009666386059092
4271,0,0.5005464008188966
4272,0,0.5002208803978145
4273,0,0.5004256157035546
4274,0,0.5005707912012446
4275,0,0.5001342969412319
4276,0,0.5010111902010641
4277,0,0.5146742142782532
4278,0,0.5022468336579107
4279,0,0.5016432516253455
4280,0,0.5003307067762133
4281,0,0.5030776272736225
4282,0,0.5025619544770463
4283,0,0.5000752278118407
4284,0,0.5008569985390784
4285,0,0.5010180017616944
4286,0,0.5003097895652876
4287,0,0.5002248034287154
4288,0,0.5003842284326413
4289,0,0.5009982991388985
4291,0,0.5001188081577717
4292,0,0.5000351010566979
4293,0,0.500434376932689
4294,0,0.5007155993121948
4295,0,0.5001957093672312
4296,0,0.5005951093956812
4297,0,0.5003452619503398
4298,0,0.5026180649295754
4299,0,0.5004097785956885
4300,0,0.500280931532804
4301,0,0.5001361313630683
4302,0,0.5014526445534045
4303,0,0.5007754777893855
4304,0,0.5005181531331971
4305,0,0.5010544805615262
4306,0,0.504606762965877
4307,0,0.5008857391091717
4308,0,0.5006303362905301
4309,0,0.5001345272517744
4310,0,0.5000418943611901
4311,0,0.5020033322645681
4312,0,0.5060583131348989
4313,0,0.5004133037412765
4314,0,0.5001022550168609
4315,0,0.501392850581771
4316,0,0.5002046388954388
4317,0,0.5012832576802378
4318,0,0.5001793660877264
4319,0,0.5002254797657374
4320,0,0.500282521786702
4321,0,0.505583659617374
4323,0,0.5000574168830336
4324,0,0.5007166866168922
4326,0,0.500777795550768
4327,0,0.5024232247918774
4328,0,0.5013030778285227
4329,0,0.5005139554148851
4330,0,0.500427191714172
4331,0,0.5021703599155131
4332,0,0.5019691552617652
4333,0,0.5065421534734246
4334,0,0.5002467129004404
4335,0,0.5013675170584734
4336,0,0.5045072915356665
4337,0,0.5001799321713244
4338,0,0.5053944993969287
4339,0,0.5001647551564656
4340,0,0.5024465987949044
4341,0,0.5004550208778407
4342,0,0.500936841699527
4343,0,0.5039092368146505
4344,0,0.5110486985932122
4345,0,0.5017611701514796
4346,0,0.5015027391096665
4347,0,0.5001723753832137
4348,0,0.5019275303696848
4349,0,0.5001805038165474
4350,0,0.5005618717730024
4351,0,0.5002808670976271
4352,0,0.5011560604825368
4353,0,0.5001798119648575
4354,0,0.504391887918172
4355,0,0.5002568865452535
4356,0,0.5002894663128177
4357,0,0.5003271703192854
4358,0,0.5060770938862449
4359,0,0.502763229360026
4360,0,0.5013425070462271
4361,0,0.5006504575689046
4362,0,0.500499290181546
4363,0,0.5008048783963717
4364,0,0.5014433382381204
4365,0,0.5005725040030631
4366,0,0.5016424531069573
4367,0,0.5001147566840026
4368,0,0.5007342829843128
4369,0,0.5042446927397454
4370,0,0.5005816081678266
4371,0,0.5008905449239065
4372,0,0.5021199373930884
4373,0,0.500675010426228
4374,0,0.5091857470497425
4375,0,0.5011326676991447
4376,0,0.5009484298351574
4377,0,0.500297019493243
4378,0,0.5021866665486145
4379,0,0.5037621872299879
4380,0,0.5013191663975818
4381,0,0.5004050756226283
4382,0,0.5003528927890148
4383,0,0.5003497455787163
4384,0,0.5009723347143137
4385,0,0.5002646804294615
4386,0,0.5063117212593595
4387,0,0.5001059160583161
4388,0,0.5072050849958702
4389,0,0.5001244690293658
4390,0,0.5008554482090073
4391,0,0.501024869337119
4392,0,0.5001616634100995
4393,0,0.5009990259747027
4394,0,0.5018199437338197
4395,0,0.5003327367575496
4396,0,0.5003441157383477
4397,0,0.5043513175742024
4398,0,0.5009501468440615
4399,0,0.501716871228129
4400,0,0.5004780827109279
4401,0,0.5000848366446272
4402,0,0.5002691642124428
4403,0,0.5021684935099815
4404,0,0.5004019074677332
4405,0,0.500460078721413
4406,0,0.5002991925223341
4407,0,0.5000660571186124
4408,0,0.5004925522537198
4409,0,0.5000319064247772
4410,0,0.5002501373220848
4411,0,0.5023476915378032
4412,0,0.5002029134621772
4413,0,0.5022247425841967
4414,0,0.5028598902458716
4415,0,0.5035457472135358
4416,0,0.5012679382102351
4417,0,0.5003411578811797
4418,0,0.5006184587978464
4419,0,0.5053502632606951
4420,0,0.5007244715144575
4421,0,0.5001240025396317
4422,0,0.5059457554476341
4423,0,0.5013904560926874
4424,0,0.5001063169655418
4425,0,0.5011409384399164
4426,0,0.5004144747804856
4427,0,0.5107928377567913
4428,0,0.5000648007238265
4429,0,0.5052725823098179
4430,0,0.5004714366222509
4431,0,0.5001677185198549
4432,0,0.5052265748462607
4433,0,0.5002932724063376
4434,0,0.5013912881845299
4435,0,0.500807371891842
4436,0,0.5020366316427685
4437,0,0.5003414368650309
4438,0,0.5016476513005086
4439,0,0.5008941082127422
4440,0,0.5003130641924107
4441,0,0.5011218926981521
4442,0,0.5033704637026194
4443,0,0.500041869973753
4444,0,0.5009226515073764
4445,0,0.5017772623036729
4446,0,0.5000251741663809
4447,0,0.500108165580146
4448,0,0.5016378812007228
4449,0,0.5011525940882161
4450,0,0.5012036575536705
4451,0,0.5000955195723408
4452,0,0.5045743280139339
4453,0,0.5005276406168078
4454,0,0.5009331507894462
4455,0,0.5040712178920941
4456,0,0.5093354906291432
4457,0,0.500260377372246
4458,0,0.5019440645101101
4459,0,0.5012639549674113
4460,0,0.5001543558643392
4461,0,0.5004026533404403
4462,0,0.5008491570758309
4464,0,0.5002225571910348
4465,0,0.5009044812603721
4466,0,0.5004913163754563
4467,0,0.5036714796155883
4468,0,0.5004667630322891
4469,0,0.5010468496564726
4470,0,0.5003965225516187
4471,0,0.5135474996651639
4472,0,0.5006129242356564
4473,0,0.5002939129705549
4474,0,0.5003191542368535
4475,0,0.5023671454658039
4476,0,0.500663547931593
4477,0,0.5001468706971538
4478,0,0.5010638561413978
4479,0,0.5003344712449569
4480,0,0.5005595638848331
4481,0,0.5001034595162617
4482,0,0.5252150278261735
4483,0,0.5009933888530925
4484,0,0.5002448368623679
4485,0,0.5004775865098727
4486,0,0.5008832851484141
4487,0,0.5044525627141189
4488,0,0.506560336260316
4489,0,0.5001891346032143
4490,0,0.5006892297806994
4491,0,0.5006630338881969
4492,0,0.5001092801878213
4493,0,0.5000446445669102
4494,0,0.5001621782424637
4495,0,0.500434945538072
4496,0,0.5002745489228552
4497,0,0.5002051241630389
4498,0,0.5000911536611424
4499,0,0.5053800617995193
4500,0,0.501662318977874
4501,0,0.5001578388166852
4502,0,0.5005652523437905
4503,0,0.5173499768703752
4504,0,0.5004567178006747
4505,0,0.5002198391501226
4506,0,0.5004974252968222
4507,0,0.5003106541406716
4508,0,0.5008634250002812
4509,0,0.500681314444095
4510,0,0.5002482799944218
4511,0,0.5000997028347167
4512,0,0.500051126905557
4513,0,0.5001626051839104
4514,0,0.5000569599290055
4515,0,0.5006594169512253
4516,0,0.5022714668014245
4517,0,0.5000607346615384
4518,0,0.5035069801511247
4519,0,0.5002762907775884
4520,0,0.5006786989783333
4521,0,0.5002545823062261
4522,0,0.5025431764872094
4523,0,0.5024777604801074
4524,0,0.5000752228011645
4525,0,0.5004509536763544
4526,0,0.5008444270034519
4527,0,0.5009923076746883
4528,0,0.504178018250063
4529,0,0.5005679931049198
4530,0,0.5000323847628815
4531,0,0.5004900341187507
4532,0,0.5000824719620867
4533,0,0.5002391880143068
4534,0,0.5004448600531146
4535,0,0.5007995547417617
4536,0,0.5001818077762414
4537,0,0.5008528916334066
4538,0,0.5004918781421259
4539,0,0.5104962786408024
4540,0,0.5009613540379666
4541,0,0.5000589352529475
4542,0,0.5004595836731023
4543,0,0.5008001851694234
4544,0,0.5002840943224649
4545,0,0.5001432393249006
4546,0,0.5007723455243872
4547,0,0.5003567819292858
4548,0,0.5014848163414949
4549,0,0.5003554400716366
4550,0,0.5053621147885192
4551,0,0.5222303036378689
4552,0,0.5001491810255829
4553,0,0.5031188756049946
4554,0,0.500231820222073
4555,0,0.5002589762822475
4556,0,0.5010504068271866
4557,0,0.5002603904893659
4558,0,0.5002969502672817
4559,0,0.5001319197898584
4560,0,0.5018990415904174
4561,0,0.5001178235958532
4562,0,0.5007150491861314
4563,0,0.5012749742145233
4564,0,0.5002079265248098
4565,0,0.5001296730112608
4566,0,0.5010145690526205
4568,0,0.5006757784481538
4569,0,0.5003493848306784
4570,0,0.5002693359045514
4571,0,0.5004405651852541
4572,0,0.5007632209164355
4573,0,0.5015748866955796
4574,0,0.5004319827528783
4575,0,0.5010342427163902
4576,0,0.501102066081924
4577,0,0.5003227435951061
4578,0,0.5021733442112504
4579,0,0.5001635062283837
4580,0,0.5001924008003157
4581,0,0.5005595203560832
4582,0,0.5002258958333407
4583,0,0.5020334538372441
4584,0,0.5000463305270862
4585,0,0.5002669808021795
4586,0,0.500242819471835
4587,0,0.500199802367665
4588,0,0.5016372204035406
4589,0,0.5007152414841239
4590,0,0.5004276124053458
4591,0,0.5007933561156903
4592,0,0.5004180708463136
4593,0,0.5002612312924344
4594,0,0.5005059673221378
4595,0,0.5001087466725752
4596,0,0.5176403729233487
4597,0,0.5002723970216109
4598,0,0.500034329830563
4599,0,0.5238941695887243
4600,0,0.5014400546000298
4601,0,0.5001414932595816
4602,0,0.500562567227497
4603,0,0.500688577121998
4604,0,0.5008387547948796
4605,0,0.5009090836230403
4606,0,0.5018994078670855
4607,0,0.5033223907176972
4608,0,0.5006192361885317
4609,0,0.5003750541099253
4610,0,0.5002391829284557
4611,0,0.501051752650219
4612,0,0.5020988927246945
4613,0,0.5006675737126415
4614,0,0.5004935274700639
4615,0,0.5011622207810057
4616,0,0.5035841984771684
4617,0,0.5005264255100106
4618,0,0.5019018734451544
4619,0,0.5013385513910628
4620,0,0.5007315633108746
4621,0,0.5052531078285764
4622,0,0.5000565710728022
4623,0,0.5014105808868181
4624,0,0.5025132782418845
4625,0,0.5001296990568133
4626,0,0.5004585411714071
4627,0,0.500570794959178
4628,0,0.5002511442697634
4629,0,0.5019607386388626
4630,0,0.50082739320819
4631,0,0.5033653641827726
4632,0,0.5001243480670892
4633,0,0.5004860961287417
4634,0,0.5002109977062338
4635,0,0.500493489590586
4636,0,0.5036314691304605
4637,0,0.5000911067112572
4638,0,0.5000758347551609
4639,0,0.5016155681613098
4640,0,0.5003552968976448
4641,0,0.5005218680074917
4642,0,0.5091917881012922
4643,0,0.5183172542122814
4644,0,0.5008656557864662
4645,0,0.504788594767169
4646,0,0.5013586726577589
4647,0,0.5007307850538399
4648,0,0.5031822060530907
4649,0,0.5000386502824093
4650,0,0.5006024203015462
4651,0,0.5018562097469027
4652,0,0.500618742678795
4653,0,0.5007495664681746
4654,0,0.5013998442867874
4655,0,0.5004434648387982
4656,0,0.5008857467503401
4657,0,0.5007517471686213
4658,0,0.5005158186587841
4659,0,0.5002133379244156
4660,0,0.5000702929290561
4661,0,0.5004412446480182
4662,0,0.5002606779159686
4663,0,0.5004040340297641
4664,0,0.5005304957924522
4665,0,0.5000728254273666
4666,0,0.5012867036571211
4667,0,0.5003509585416706
4668,0,0.5004988030134528
4669,0,0.5039129751620511
4670,0,0.5002273003553188
4671,0,0.5005161624188966
4672,0,0.5007493724921495
4673,0,0.5083764999980795
4674,0,0.5020872233757504
4675,0,0.5022240095004191
4676,0,0.5016129203168951
4677,0,0.5001917653178645
4678,0,0.5004751470498352
4679,0,0.5000699659494213
4680,0,0.5076874478017608
4681,0,0.5025415476980606
4682,0,0.5078016537066716
4683,0,0.5002838576895972
4685,0,0.5032542409603977
4686,0,0.5004835233598407
4687,0,0.5006060652540546
4688,0,0.501175420192526
4689,0,0.5014806903051159
4690,0,0.5014118416954209
4691,0,0.5025593416348391
4692,0,0.500361677536749
4693,0,0.5001962302540885
4695,0,0.5006412819647502
4696,0,0.5005029156148436
4697,0,0.5004438467052497
4698,0,0.5009976404093176
4699,0,0.5000587125920765
4700,0,0.5037893971827545
4701,0,0.5003508536591532
4702,0,0.5025898855410246
4703,0,0.5031377104808527
4704,0,0.5006959590730363
4705,0,0.501450376654616
4706,0,0.5195130026943485
4707,0,0.5014356996155575
4708,0,0.5080054477866056
4709,0,0.5204238936321051
4710,0,0.5002354483720259
4711,0,0.5020471479954194
4712,0,0.5010578556749166
4713,0,0.5006946403088296
4714,0,0.50033215686505
4715,0,0.5000905742039148
4716,0,0.500495354281024
4717,0,0.5033964223944017
4719,0,0.5006699203660184
4720,0,0.5015852686065617
4721,0,0.5004775315317398
4722,0,0.503410639328818
4723,0,0.500150456499826
4724,0,0.5000907917003655
4725,0,0.5007384274313634
4726,0,0.5002654909875361
4727,0,0.5003724556821134
4728,0,0.5036355900303257
4729,0,0.500421236252719
4730,0,0.5015817895765686
4731,0,0.5012499120205979
4732,0,0.5010572020512903
4733,0,0.5013466073912292
4734,0,0.5010216302163238
4735,0,0.5002045384290719
4736,0,0.5001296725772758
4737,0,0.5002393484727761
4738,0,0.5004438979304191
4739,0,0.5001460308830171
4740,0,0.5025465620241911
4741,0,0.5004828243302357
4742,0,0.5001546425574507
4743,0,0.5013040317228911
4744,0,0.5033115256657484
4745,0,0.5007063394166564
4746,0,0.5034662271777096
4747,0,0.5003444854058886
4748,0,0.5008411924738483
4749,0,0.5003090589688427
4750,0,0.5048847181432835
4751,0,0.5001948483152666
4752,0,0.5005203313439837
4753,0,0.5000662083387543
4754,0,0.5001460118667289
4755,0,0.501461484140434
4756,0,0.5002141742545256
4757,0,0.5005253370778755
4759,0,0.5005211835863219
4760,0,0.5002159068404087
4761,0,0.501148127939425
4762,0,0.5014650296010422
4763,0,0.5000657713673891
4764,0,0.500022542608732
4765,0,0.5178395352393359
4766,0,0.5001261082491852
4767,0,0.5007083203192482
4768,0,0.5004358057314112
4769,0,0.5010946051255063
4770,0,0.5004828244175119
4771,0,0.5016533363973079
4772,0,0.500136675085792
4773,0,0.5017821558237558
4774,0,0.5006877905098494
4775,0,0.5000509552689326
4776,0,0.5004591380994912
4777,0,0.5113778433044771
4778,0,0.5014658078144842
4779,0,0.5026508980536907
4780,0,0.5012584334857194
4781,0,0.5000704972934764
4782,0,0.5004130761535318
4783,0,0.5131614208557188
4784,0,0.5002559542251513
4785,0,0.5087940092917774
4786,0,0.5011179763151298
4787,0,0.5082734274125241
4788,0,0.5003374639916474
4789,0,0.5017759796736172
4790,0,0.5014701289611055
4791,0,0.5001671050354646
4792,0,0.501239049434274
4793,0,0.500368168445851
4794,0,0.5038947481744371
4795,0,0.5000746050485095
4796,0,0.501283319963643
4797,0,0.5018307984604076
4798,0,0.5000909121342255
4799,0,0.5009315865634988
4800,0,0.5002305085911589
4801,0,0.5009585793534367
4802,0,0.5001485161077156
4803,0,0.5001530688967674
4804,0,0.5011873654176476
4805,0,0.5002770177121466
4806,0,0.5004294630743642
4807,0,0.5006334718141305
4808,0,0.5001941016465977
4809,0,0.5010844165804496
4810,0,0.5001993000598843
4811,0,0.5001577981441555
4812,0,0.5046250084464657
4813,0,0.5040467576801428
4814,0,0.5001277648277352
4815,0,0.500480852106201
4816,0,0.5002174714769465
4817,0,0.5008766876249311
4818,0,0.5225225879986157
4819,0,0.5007376678806217
4820,0,0.500515493382009
4821,0,0.5009916979266547
4822,0,0.5000403729725659
4823,0,0.5001954992785531
4824,0,0.5000898326228153
4825,0,0.5000907363931928
4826,0,0.5043636818456061
4827,0,0.5003074830788926
4828,0,0.5005252130578918
4829,0,0.5009759431629521
4830,0,0.5048912103739072
4831,0,0.5011338599340285
4832,0,0.5026985298596437
4833,0,0.5011291728913141
4834,0,0.5074501226965635
4835,0,0.530545030234806
4836,0,0.501122705202675
4837,0,0.5003981552506818
4838,0,0.5023842605948232
4839,0,0.5010279583053323
4840,0,0.5003130562507317
4841,0,0.5091335014878977
4842,0,0.5014265386308238
4843,0,0.5011183907222281
4844,0,0.5002354768927838
4845,0,0.5002238256324392
4847,0,0.5014427488098621
4848,0,0.5008353033317474
4849,0,0.5002759909438756
4850,0,0.5001490694894388
4851,0,0.5040692055111404
4852,0,0.5005775599249391
4853,0,0.5008285658089587
4854,0,0.501047573089411
4855,0,0.5003391765416596
4856,0,0.5015466529755467
4857,0,0.5010663515859449
4858,0,0.501889823424727
4859,0,0.5002071788885821
4860,0,0.5011237695577297
4861,0,0.5009976393049265
4862,0,0.5003769176483206
4863,0,0.5003370148200231
4864,0,0.5024973009935646
4865,0,0.5004967544960329
4866,0,0.5014021307530561
4867,0,0.5018916945828844
4868,0,0.5135116911048306
4869,0,0.5003099722643517
4870,0,0.5004300012827345
4871,0,0.5003834198529851
4872,0,0.5004318307608495
4873,0,0.5004770409508454
4874,0,0.5006825369645694
4875,0,0.5122788520816242
4876,0,0.5001136485698532
4877,0,0.5003417027000511
4878,0,0.5001346938225434
4879,0,0.5010946166174457
4880,0,0.5006971399763999
4881,0,0.500316047388692
4882,0,0.5002906013274895
4883,0,0.5000810434245575
4884,0,0.5011650581712277
4885,0,0.502182537422248
4886,0,0.5002686269752221
4887,0,0.5342558697258938
4888,0,0.5003059910044525
4889,0,0.5016459607660778
4890,0,0.5001969185162422
4891,0,0.5015740886824624
4892,0,0.5005332887431536
4893,0,0.5005017952892841
4894,0,0.5036007344889577
4895,0,0.5006914563728103
4896,0,0.5001737702645351
4897,0,0.500611294687267
4898,0,0.5014294198437351
4899,0,0.500612001349265
4900,0,0.5002378080966269
4901,0,0.5000725000806824
4902,0,0.5016331523371163
4903,0,0.5014817606176051
4904,0,0.5000946037436561
4905,0,0.5015944146974829
4906,0,0.5006398780117958
4907,0,0.5004492172856092
4908,0,0.5001418764254831
4909,0,0.500225837511079
4910,0,0.5004825341668487
4911,0,0.5008163137210782
4912,0,0.5006556760533244
4913,0,0.5028238250364553
4914,0,0.5060015288934119
4915,0,0.5006078033275085
4916,0,0.5002781413800056
4917,0,0.5003660768260515
4918,0,0.5005603918618382
4919,0,0.5003944656521452
4920,0,0.5006159251835076
4921,0,0.5012705938137603
4922,0,0.5104117634165738
4923,0,0.5001437560388907
4924,0,0.5001833023974303
4925,0,0.5015624992373882
4926,0,0.5011951820458872
4927,0,0.5009470385261613
4928,0,0.5005164365805456
4929,0,0.5000789525182306
4930,0,0.5004887988870625
4931,0,0.5009805218605174
4932,0,0.5018368618039074
4933,0,0.500062045385498
4934,0,0.500602753437972
4935,0,0.5002424577040396
4936,0,0.5010602806436857
4937,0,0.5001401086273407
4938,0,0.5004294856521547
4939,0,0.5003338343644244
4940,0,0.5001734344791369
4941,0,0.5019099405276658
4942,0,0.5000606103269084
4943,0,0.5000355873963624
4944,0,0.5016216341860465
4945,0,0.5003427335318034
4946,0,0.5004147684360781
4947,0,0.5014490679490351
4948,0,0.5004117404190346
4949,0,0.5008267650571021
4950,0,0.5012857691148155
4951,0,0.5006940982217349
4952,0,0.5030602554619382
4953,0,0.5008901364027966
4954,0,0.5005610755647121
4955,0,0.5037220051172788
4956,0,0.5008991727555072
4957,0,0.5014272117134798
4958,0,0.5000686417423369
4959,0,0.5024960952956603
4960,0,0.5099401419275429
4961,0,0.5010192878327924
4962,0,0.5011382028528086
4963,0,0.5007784093357583
4964,0,0.5005406380813501
4965,0,0.5006626790720129
4966,0,0.5003287299165686
4967,0,0.5152242188162923
4968,0,0.5004231574156092
4969,0,0.5001582985262208
4970,0,0.5001595342328427
4971,0,0.5002444259296092
4972,0,0.5002505941318959
4973,0,0.5001212420855278
4974,0,0.5019152763076854
4975,0,0.5005926965082429
4976,0,0.5009734298502342
4978,0,0.5021087609950886
4979,0,0.5001098349542004
4980,0,0.5009215781505224
4981,0,0.5116972847521011
4982,0,0.5000631179682586
4983,0,0.5021481323012016
4984,0,0.5004792190860571
4985,0,0.5015512390158966
4986,0,0.5007118764138401
4987,0,0.5002233857300139
4988,0,0.5001750913334403
4989,0,0.5005051233841202
4990,0,0.5002944493850908
4991,0,0.5006817399885408
4992,0,0.5003112306409032
4993,0,0.5003573446353241
4994,0,0.5006701169607134
4995,0,0.5002306877834801
4996,0,0.5004604304759369
4997,0,0.5002193080912736
4998,0,0.5025944854302632
4999,0,0.5051720596318728
5000,0,0.5011010243541164
5001,0,0.5006652567004471
5002,0,0.5006741025129005
5003,0,0.5012730682760362
5004,0,0.5000583972127111
5005,0,0.5010399806269239
5006,0,0.5002414755534227
5007,0,0.5002554252695934
5008,0,0.5000794726536187
5009,0,0.5000987671479746
5010,0,0.5000809323556787
5011,0,0.5002726462252313
5012,0,0.5011802859266123
5013,0,0.5012886137420404
5014,0,0.5009398865566381
5015,0,0.5003669049324319
5016,0,0.5001860826437272
5017,0,0.5018147104574752
5018,0,0.5001190707086416
5019,0,0.5354622012857925
5020,0,0.5012895093263813
5021,0,0.5020655004233786
5022,0,0.5007680602955189
5023,0,0.5004877779535881
5024,0,0.5015329669119736
5025,0,0.5017258930674772
5026,0,0.5008524342017231
5027,0,0.5539568518700949
5028,0,0.5040952739915479
5029,0,0.5004252786648515
5030,0,0.5009613804673904
5031,0,0.5012087873858418
5032,0,0.5029260617588316
5033,0,0.5006610769622598
5034,0,0.5057343052009713
5035,0,0.5004419593482811
5036,0,0.5009012025480531
5037,0,0.5015314528020284
5038,0,0.5011183171699305
5039,0,0.5019584953784483
5040,0,0.5000323618581805
5041,0,0.5008749207296145
5043,0,0.5078331637156369
5044,0,0.5011340007700998
5045,0,0.502526030127531
5046,0,0.5012502549857916
5047,0,0.500658317775089
5048,0,0.5001961177763505
5049,0,0.5015461697673151
5050,0,0.5013488990060783
5051,0,0.5007979504279825
5052,0,0.500577926495658
5053,0,0.5022205475496849
5054,0,0.5029015256075895
5055,0,0.5003440724826657
5056,0,0.5006507271331694
5057,0,0.5001384637276813
5058,0,0.500529432390974
5059,0,0.5020341797482457
5060,0,0.5003343260081946
5061,0,0.5002794850364853
5062,0,0.5015322510115885
5063,0,0.500308629005979
5064,0,0.5001064612252459
5065,0,0.5018290652533514
5066,0,0.5003499846959275
5067,0,0.5021394165327299
5068,0,0.500286350454811
5069,0,0.500681553372529
5070,0,0.5002738450412029
5071,0,0.5016559410533075
5072,0,0.502393959805155
5073,0,0.5003423152076478
5074,0,0.5007018315157171
5075,0,0.5037957349944276
5076,0,0.5010251421540907
5077,0,0.5011335413713319
5078,0,0.5009113992170655
5079,0,0.500180746299292
5080,0,0.500099236282972
5081,0,0.506085177322216
5082,0,0.5009237653749933
5083,0,0.5040577091528675
5084,0,0.5001854972300303
5085,0,0.5009142025624534
5086,0,0.5004965515002702
5087,0,0.5012156142093837
5088,0,0.5046695146367636
5089,0,0.5037317292238732
5090,0,0.500613677716657
5091,0,0.504375481951912
5092,0,0.5003571073967998
5093,0,0.5003261476218709
5094,0,0.500087463758758
5095,0,0.5017232445120621
5096,0,0.5000513200054186
5097,0,0.5011645462966692
5098,0,0.5010878474611044
5099,0,0.5371151169913735
5100,0,0.50014555178947
5101,0,0.5010094262584158
5102,0,0.5000531671311658
5103,0,0.5006994456853963
5104,0,0.5033091738170817
5105,0,0.5002906324950791
5106,0,0.5008227787893957
5107,0,0.500168590570552
5108,0,0.5006815614341664
5109,0,0.500235743397786
5110,0,0.5003139733188956
5111,0,0.5011926652213237
5112,0,0.5016423772552545
5113,0,0.5008055291847192
5114,0,0.5002330610568437
5115,0,0.5042666161524081
5116,0,0.5001999911757543
5117,0,0.500611109006727
5118,0,0.5004108549514165
5119,0,0.5006826322783565
5120,0,0.5009461229824304
5121,0,0.5048806525178298
5122,0,0.5008201266725544
5123,0,0.5017111751902317
5124,0,0.500236476057647
5125,0,0.5001763038868664
5126,0,0.5005903695607196
5127,0,0.5010834379844464
5128,0,0.5010147888421183
5129,0,0.5058965875433865
5130,0,0.50049663657243
5131,0,0.5007886580260703
5132,0,0.5008775818529239
5133,0,0.5012362767656252
5134,0,0.5004137304387253
5135,0,0.5011022150091096
5136,0,0.5011149757611814
5137,0,0.5002307808558605
5138,0,0.5039236001847326
5139,0,0.5005472081006468
5140,0,0.5024964242843891
5141,0,0.5027724846032912
5142,0,0.502430069774763
5143,0,0.5006545002560293
5144,0,0.50018162761997
5145,0,0.502809166865224
5146,0,0.5002150030223826
5147,0,0.5002995291158076
5148,0,0.5015695847627664
5149,0,0.5000899150316548
5150,0,0.5075352638172068
5151,0,0.5025684514202937
5152,0,0.5007808025014948
5153,0,0.5003874476294405
5154,0,0.5090064727260789
5155,0,0.5003240829659796
5156,0,0.5000795765586834
5157,0,0.5073570860534695
5158,0,0.5025724480748254
5159,0,0.5006699897584619
5160,0,0.501100283926493
5161,0,0.5033315966248891
5162,0,0.5000809752766016
5163,0,0.5002662531967693
5164,0,0.5010178517102987
5165,0,0.500480095534374
5166,0,0.5009136546381832
5167,0,0.5005905604682532
5168,0,0.5003385411892441
5169,0,0.5041772995156935
5170,0,0.5008440680679305
5171,0,0.5031818311567122
5173,0,0.5001273854573989
5174,0,0.5049539785443024
5175,0,0.5029037362115423
5176,0,0.5023415614850872
5177,0,0.5024281588775359
5178,0,0.5003588437003413
5179,0,0.5008624309231756
5180,0,0.5217863517351773
5181,0,0.5073954810849142
5182,0,0.5021538781478537
5183,0,0.5117601461376241
5184,0,0.5049797022067877
5185,0,0.5003700443057559
5187,0,0.5004908628875968
5188,0,0.5012494604914524
5189,0,0.5006444895091813
5190,0,0.5001631402697775
5191,0,0.5048137854961711
5192,0,0.500328759834047
5193,0,0.5031807153917668
5194,0,0.5009870662145032
5195,0,0.5140456708038239
5196,0,0.5000779388983776
5197,0,0.5009147538973067
5198,0,0.5018743315976446
5199,0,0.5010441806250324
5200,0,0.5058958611780853
5201,0,0.5010850464077036
5202,0,0.5002248369331165
5203,0,0.5001673538192175
5204,0,0.500353244577071
5205,0,0.5003054776983357
5206,0,0.5001763055199188
5207,0,0.5012254542601724
5208,0,0.5116975675516962
5209,0,0.5015143306273501
5210,0,0.500253851609842
5212,0,0.500435414221708
5213,0,0.5006664714827532
5214,0,0.5002264836849185
5215,0,0.5005450280197976
5216,0,0.5010028987378708
5218,0,0.5001354604489484
5219,0,0.5038172016475286
5220,0,0.5048588230862626
5221,0,0.5001751161821094
5222,0,0.5015933384920649
5223,0,0.5020969644683325
5224,0,0.5002020442046238
5225,0,0.5005038995083191
5226,0,0.5008647853020858
5227,0,0.5003503000687676
5228,0,0.5003748409018794
5229,0,0.5005292634973889
5230,0,0.5002703082584844
5231,0,0.5012377288662337
5232,0,0.5008568855625742
5233,0,0.5014172794908254
5234,0,0.5011426611521088
5235,0,0.5000480580271438
5236,0,0.5003577662329659
5237,0,0.5021317630143136
5238,0,0.5053887799142649
5239,0,0.5012843514437286
5240,0,0.5002527161215126
5241,0,0.5128035781491994
5242,0,0.5017027986342321
5243,0,0.5000827929728636
5244,0,0.5007822186847363
5245,0,0.5001911851245431
5246,0,0.5007549237264419
5247,0,0.5077715284814902
5248,0,0.5003084425636015
5249,0,0.5014965260565857
5250,0,0.5013913604869757
5251,0,0.5023501472066333
5252,0,0.5009435283175947
5253,0,0.5001349250340067
5254,0,0.5006322601234409
5255,0,0.500352412362359
5256,0,0.5016598733348999
5257,0,0.5000412046062441
5258,0,0.5009728924973506
5259,0,0.5002075425716831
5260,0,0.5002449504778766
5261,0,0.5007030373793614
5262,0,0.5003000823624109
5263,0,0.5001869360642484
5264,0,0.5007420866133441
5265,0,0.5121151298966609
5266,0,0.5002945470037098
5267,0,0.5121163862413594
5268,0,0.5004301929753633
5269,0,0.5005147828609958
5270,0,0.5020930084739685
5271,0,0.5015611361857328
5272,0,0.5005541058793548
5273,0,0.5000487836707542
5274,0,0.504545678279188
5275,0,0.5012567330608552
5276,0,0.5025017062984563
5277,0,0.5005319568773773
5278,0,0.5008602955040026
5279,0,0.5001772721137234
5280,0,0.5003277527440926
5281,0,0.5007211671638877
5282,0,0.5007591185546297
5283,0,0.5002518825790602
5284,0,0.5001502700269541
5285,0,0.5002529469125744
5286,0,0.5004160354602508
5287,0,0.5003179228828248
5288,0,0.5008979591523605
5289,0,0.5006844326585358
5290,0,0.5028151151600417
5291,0,0.5003368640691417
5292,0,0.5009237593205972
5293,0,0.5004673673082337
5296,0,0.5007983867024808
5297,0,0.5036144070849452
5298,0,0.5001265001125946
5299,0,0.5015250089171427
5300,0,0.501709394728804
5301,0,0.5004359632071833
5302,0,0.5001563819528833
5303,0,0.501145213337395
5304,0,0.5009656518185994
5305,0,0.5044104675646941
5306,0,0.500798870599266
5307,0,0.5014944165192514
5308,0,0.50025362173596
5309,0,0.5001590581730314
5310,0,0.5002722548004795
5311,0,0.5005052983045886
5312,0,0.5002160471444764
5313,0,0.5001881428008831
5314,0,0.50015340718734
5315,0,0.5014148760602527
5316,0,0.5006699648606404
5317,0,0.5019193764017391
5318,0,0.5001633031576492
5319,0,0.5020994774037029
5320,0,0.5057850475244552
5321,0,0.5003458010039094
5322,0,0.5021200528759964
5323,0,0.500354084552528
5324,0,0.5006811275354854
5325,0,0.5002490780357781
5326,0,0.5004237568784468
5327,0,0.5005377034049125
5328,0,0.5002755695552524
5329,0,0.5000823537512794
5330,0,0.5012851301946
5331,0,0.5001596452116774
5332,0,0.5003025553978642
5333,0,0.500046434903354
5334,0,0.5014829016377236
5335,0,0.5090620763365894
5336,0,0.5007071385580089
5337,0,0.500183494355483
5338,0,0.5034449052413403
5339,0,0.5002777882684165
5340,0,0.5004078316227326
5341,0,0.5002846251081144
5342,0,0.5003740806881486
5343,0,0.5020326754126543
5344,0,0.5002152283436243
5345,0,0.5012168900171339
5346,0,0.5011944625958219
5347,0,0.503486441069635
5348,0,0.5021775419687979
5349,0,0.500097369573352
5350,0,0.5014892434303589
5351,0,0.5002577263183143
5352,0,0.5002822430562026
5353,0,0.5008742533645328
5354,0,0.5003784447491852
5355,0,0.5024973535850158
5357,0,0.5060128877572712
5358,0,0.5013566142226822
5359,0,0.5001746766816655
5360,0,0.5009328412168422
5361,0,0.500854584464537
5362,0,0.5004745816874793
5363,0,0.5022889254486356
5364,0,0.5001723005557085
5365,0,0.5000334106598563
5366,0,0.5001308123844415
5367,0,0.5002749259344598
5368,0,0.5003952584137448
5369,0,0.5009771930747948
5370,0,0.5005268238520133
5371,0,0.500118317225441
5372,0,0.5005736598808918
5373,0,0.5001458616098637
5374,0,0.5001788262821416
5375,0,0.5005201573424525
5376,0,0.5006880625503339
5377,0,0.5006144292478683
5378,0,0.5002016048532509
5379,0,0.5003180838081351
5380,0,0.5002425480363323
5381,0,0.5000423809958882
5382,0,0.5005414773921719
5383,0,0.5003115151130195
5384,0,0.5017305713400777
5385,0,0.5005714767852598
5386,0,0.5008892661661724
5387,0,0.504945226603966
5388,0,0.5008120235373419
5389,0,0.5014362731529308
5390,0,0.5042254120789699
5391,0,0.5002876568406542
5392,0,0.5002343827010282
5393,0,0.5003816943089395
5394,0,0.500334189452426
5395,0,0.5013886479827293
5396,0,0.500717716516591
5397,0,0.5010692455090534
5398,0,0.5003360457559459
5399,0,0.5007627836288399
5400,0,0.5003428276383426
5401,0,0.5004359633107117
5402,0,0.500279999207674
5403,0,0.5035043359403365
5404,0,0.5006161977621514
5405,0,0.5063991653776141
5406,0,0.5002763440327241
5407,0,0.5001202757788001
5408,0,0.5009810632447899
5409,0,0.5004786287775939
5410,0,0.5010930476899752
5411,0,0.5004597375660709
5412,0,0.5002259496407361
5413,0,0.5004752077034583
5414,0,0.5006918027362312
5415,0,0.5005007167845691
5416,0,0.5002907182286731
5417,0,0.5000927076274936
5418,0,0.5003729636494804
5419,0,0.5013486853751843
5420,0,0.5005000694843971
5421,0,0.5006847590889045
5422,0,0.5001276688175011
5423,0,0.500184857427676
5424,0,0.5038385443543048
5425,0,0.5000526913338703
5426,0,0.5035824668149136
5427,0,0.5004674081918599
5428,0,0.5007084319645669
5429,0,0.5041666264468129
5430,0,0.501738532158085
5431,0,0.5008455602650008
5432,0,0.5059093303654195
5433,0,0.5005087511142146
5434,0,0.5008875656355642
5435,0,0.5019938206358989
5436,0,0.5045974593741711
5437,0,0.5053790018811999
5438,0,0.5017781478513792
5439,0,0.500072236912046
5440,0,0.5003458527600434
5441,0,0.5001676833236631
5442,0,0.5012003294939789
5443,0,0.5000371614460505
5444,0,0.5057788355965787
5445,0,0.5019147898814056
5446,0,0.5000769311381724
5447,0,0.5056079702816599
5448,0,0.500455069549238
5449,0,0.5013749888075727
5450,0,0.5012506959069665
5451,0,0.5078703806639644
5452,0,0.5000433742740293
5453,0,0.5019333661206874
5454,0,0.5001271621087786
5455,0,0.5003521308595079
5456,0,0.5048156229684653
5457,0,0.5009643041302771
5458,0,0.5014050097438579
5459,0,0.5001489884215631
5460,0,0.5001646774513666
5461,0,0.5001632554388348
5462,0,0.5015152787669636
5463,0,0.500292861245928
5464,0,0.5007289241588931
5465,0,0.5006165807568295
5466,0,0.5001154702672009
5467,0,0.5022181681609537
5468,0,0.5076647716188631
5469,0,0.5013250080175752
5470,0,0.5002819608791655
5471,0,0.5002327826609524
5472,0,0.5007789366717124
5473,0,0.500185648710118
5474,0,0.5012087661498023
5475,0,0.5000622149090612
5476,0,0.5044374327646304
5477,0,0.5001282642219967
5478,0,0.5034644165637137
5479,0,0.5012040744318097
5480,0,0.5043337870562342
5481,0,0.5001968682444379
5483,0,0.5001113248917438
5484,0,0.5017558252327221
5485,0,0.5004642752633918
5486,0,0.5002502439839362
5487,0,0.500576752319422
5489,0,0.5010046555732713
5490,0,0.5004099304013869
5491,0,0.5039183654385089
5492,0,0.5003324797933052
5493,0,0.5002080085497069
5494,0,0.5002710740314288
5495,0,0.5005992175126156
5497,0,0.5005501446946484
5498,0,0.5067285088801309
5499,0,0.500554704700476
5500,0,0.5003333282739657
5501,0,0.5033938727232692
5502,0,0.5002068948821424
5503,0,0.5002433191010053
5504,0,0.5005490807066598
5505,0,0.5100168503613436
5506,0,0.502920015346467
5507,0,0.5004726639838304
5508,0,0.5029447754948595
5509,0,0.5075149619103638
5510,0,0.5005252308391924
5511,0,0.5000360208970169
5512,0,0.5004691465218412
5513,0,0.500464391091057
5515,0,0.5051144756519006
5516,0,0.5004867719577984
5517,0,0.5032922672447043
5518,0,0.5107934024974787
5519,0,0.5004140047756578
5520,0,0.5003172603327798
5521,0,0.5005720214235819
5522,0,0.500278834649563
5523,0,0.5003141446054654
5524,0,0.5006848083681099
5525,0,0.5001875360625351
5526,0,0.5046883410433913
5527,0,0.5025823822545362
5528,0,0.5010567509819407
5529,0,0.5010859165263822
5530,0,0.5059024109772052
5531,0,0.5014238819784484
5533,0,0.500411252272534
5534,0,0.5002636287682966
5535,0,0.5003918761760245
5536,0,0.5012984121902333
5537,0,0.5064338357983296
5538,0,0.5071986748300737
5539,0,0.5004560871620479
5540,0,0.5000274416441536
5541,0,0.5022665617773561
5542,0,0.5021300141017215
5543,0,0.5022089744262596
5544,0,0.5000279074964212
5545,0,0.5026615917428036
5546,0,0.5021479619599458
5547,0,0.501226130210715
5548,0,0.5001583639542879
5549,0,0.5001368919714408
5550,0,0.5002961382014325
5551,0,0.5008778951270378
5552,0,0.5010457338522326
5553,0,0.5019449200301357
5554,0,0.5006219233736511
5555,0,0.501508755644152
5556,0,0.5026055671153576
5557,0,0.5009139270715428
5558,0,0.5003178389669016
5559,0,0.5016394551862176
5560,0,0.5003816821263501
5561,0,0.5001842569664469
5562,0,0.5004760525465441
5563,0,0.5001844058643066
5564,0,0.5039183207551897
5565,0,0.5001795915266936
5566,0,0.5007241217689351
5567,0,0.5021278891523746
5568,0,0.5009727744204595
5569,0,0.5136088734710893
5570,0,0.5010608905039872
5571,0,0.5013493042594392
5572,0,0.5002770261778352
5573,0,0.5004078430474145
5574,0,0.5001595633014398
5575,0,0.5012077611698877
5576,0,0.5203101150622854
5577,0,0.5055452454105781
5578,0,0.5316715862106413
5579,0,0.5002393927012396
5580,0,0.5002154618690131
5581,0,0.5006561906170154
5582,0,0.5003193496887044
5583,0,0.5011027010235273
5584,0,0.5008090565028064
5585,0,0.5004575492960934
5586,0,0.5005206793593328
5587,0,0.5466187014338342
5588,0,0.5006875714307925
5589,0,0.5074777837650882
5591,0,0.5005237959691544
5592,0,0.5002909530074913
5593,0,0.5002181049184218
5594,0,0.5000866596284719
5595,0,0.5039088302656917
5596,0,0.5001222835095767
5597,0,0.5003006729403785
5598,0,0.5023414522041868
5599,0,0.5007989055539336
5600,0,0.5003607211727646
5601,0,0.5005527220924627
5602,0,0.5058852113768274
5603,0,0.5007066944678368
5604,0,0.5010010768855021
5605,0,0.5008266276949156
5606,0,0.5000886690146958
5607,0,0.5017348110609361
5608,0,0.5031388041165127
5609,0,0.5001305523598163
5610,0,0.5020661678330164
5611,0,0.5003434962584158
5612,0,0.5000672229902924
5613,0,0.500292562276326
5614,0,0.5093794575335677
5615,0,0.5005897723877233
5616,0,0.500627778413688
5617,0,0.5003649600489867
5619,0,0.5032160796309987
5620,0,0.500614434264938
5621,0,0.5036057022609066
5622,0,0.5015473263303987
5624,0,0.5003886680054069
5625,0,0.5013852843223398
5626,0,0.5001201295337429
5627,0,0.5005565216398369
5628,0,0.500566249731989
5629,0,0.5006318091896408
5630,0,0.5016594499691457
5631,0,0.5006935672994549
5632,0,0.5045723445533944
5633,0,0.5018939837155943
5634,0,0.5008699116753913
5635,0,0.5046061656844367
5636,0,0.5004235100788766
5637,0,0.5001159115266921
5638,0,0.5009872429398275
5639,0,0.5000767922381474
5640,0,0.5011329496457632
5641,0,0.500075390605953
5642,0,0.5005636732644799
5643,0,0.5001732338902488
5644,0,0.5001414999957212
5645,0,0.50081169074418
5646,0,0.5002952552644008
5647,0,0.5009135909161209
5648,0,0.5005671546207582
5649,0,0.5003466269134251
5650,0,0.500252953342569
5651,0,0.5001630424404627
5652,0,0.5003939814785094
5653,0,0.5002854203317668
5654,0,0.5020793341975716
5655,0,0.5000707543680861
5656,0,0.5040285358919285
5657,0,0.5012553022354387
5659,0,0.5003550069888235
5660,0,0.5020119442186631
5661,0,0.5005164607411791
5662,0,0.5156325576882045
5663,0,0.5107043601508238
5664,0,0.5000947175894408
5665,0,0.5003961827888818
5666,0,0.5015560074395728
5667,0,0.5005106645650507
5668,0,0.5001445607228336
5669,0,0.5018018075030822
5670,0,0.5007285530449385
5671,0,0.5013906256308012
5672,0,0.5026333205336594
5673,0,0.5003747342490136
5674,0,0.500693476366543
5675,0,0.500843752562587
5676,0,0.5001330984434244
5677,0,0.5001339994461709
5678,0,0.5016154807428923
5679,0,0.5004869264625164
5680,0,0.5004157931661954
5681,0,0.500363904270266
5682,0,0.5038420501096259
5683,0,0.5003705676796903
5684,0,0.5009336417400136
5685,0,0.5022287303151184
5686,0,0.5007570638549618
5687,0,0.500211946004631
5688,0,0.5002062931187662
5690,0,0.5003967210944077
5692,0,0.5016155382304449
5693,0,0.5037549880175213
5694,0,0.5002334847615328
5695,0,0.5184493384661899
5696,0,0.5005559590723843
5697,0,0.5005911702897448
5698,0,0.5004453569056075
5699,0,0.5003584336860083
5700,0,0.503455163121178
5701,0,0.5004791610476678
5702,0,0.5005200886419321
5703,0,0.5005231166422798
5704,0,0.5000937437461636
5705,0,0.5008037889591658
5706,0,0.506650834233114
5707,0,0.5006026496461187
5708,0,0.5013715840776656
5709,0,0.5001447532727457
5710,0,0.5005387834941027
5711,0,0.501552756393472
5712,0,0.5002039590688628
5713,0,0.5048556106903436
5714,0,0.5002246186474973
5715,0,0.5028136218551644
5716,0,0.5030079179469584
5717,0,0.5010114375286502
5718,0,0.502364393541716
5719,0,0.5003761385402604
5720,0,0.5009316984234927
5721,0,0.5004202855484601
5722,0,0.5011361972182554
5723,0,0.5001794289317714
5724,0,0.5003427908022232
5725,0,0.5022578868357052
5726,0,0.502367665133603
5727,0,0.5003694871844052
5728,0,0.5004669162513172
5729,0,0.5002207470844438
5730,0,0.5008279791423076
5731,0,0.5000976278907044
5732,0,0.5005421461087997
5733,0,0.5004555438405629
5734,0,0.505021425603129
5735,0,0.5003109433057797
5736,0,0.5000491701775277
5737,0,0.500069763733103
5738,0,0.500075635376684
5739,0,0.5003905461448476
5740,0,0.5002780299737579
5741,0,0.5003074911951874
5742,0,0.501707083977266
5743,0,0.5048567034481463
5744,0,0.5001632073407329
5745,0,0.5001924380472483
5746,0,0.5001917669740431
5747,0,0.5004009036161398
5748,0,0.507709212522643
5749,0,0.5003380426484556
5750,0,0.5001025092219684
5751,0,0.5020449363219778
5752,0,0.5014747541791023
5753,0,0.5037321106446645
5754,0,0.501138474671511
5755,0,0.5004132392455002
5756,0,0.5030587116065613
5757,0,0.5019615891610244
5758,0,0.5007577495281397
5759,0,0.5000489755555073
5760,0,0.5001453832242415
5761,0,0.5001978603387545
5762,0,0.5004962447233624
5763,0,0.5008444860771818
5764,0,0.500327712098283
5765,0,0.5022383698155704
5766,0,0.5028457275691383
5767,0,0.5006566690055598
5768,0,0.5006106817031011
5769,0,0.5005997208918965
5770,0,0.5021713692228298
5771,0,0.5006047042002626
5772,0,0.5017405825162239
5773,0,0.5043357865337658
5774,0,0.5038066261639954
5775,0,0.5039469212789219
5776,0,0.500918547667406
5777,0,0.5006809713763675
5778,0,0.5005928170203582
5779,0,0.5001390116429274
5780,0,0.5013440900051712
5781,0,0.5000698151719629
5782,0,0.5162349239751056
5783,0,0.5025677397101493
5784,0,0.5023457652018476
5785,0,0.5015254275692194
5786,0,0.5001508628044379
5787,0,0.5001198649127504
5788,0,0.500216030233196
5789,0,0.5011352698391576
5791,0,0.5018345580684996
5792,0,0.501582663752034
5793,0,0.5031690701972125
5794,0,0.503467484300843
5795,0,0.5014217540803194
5796,0,0.5009110063265795
5797,0,0.5005210969340054
5798,0,0.5002255514133325
5799,0,0.5049585678778739
5800,0,0.5012118162858258
5801,0,0.5005660731108702
5802,0,0.5014832050564073
5803,0,0.5013492671026448
5804,0,0.500026161784864
5805,0,0.5013059625044631
5806,0,0.5010334001045337
5807,0,0.5006043321380493
5808,0,0.5001444118415719
5809,0,0.5001616488577638
5810,0,0.5003080849723982
5811,0,0.503149091914786
5812,0,0.5036289655493551
5813,0,0.500762742734786
5814,0,0.5053334447537459
5815,0,0.5008062946352599
5816,0,0.5007257410476502
5817,0,0.5000771147192176
5818,0,0.500905989473168
5819,0,0.501030085518068
5820,0,0.5009292515015761
5821,0,0.5002199133370736
5822,0,0.5001913422261021
5823,0,0.5007798780805279
5824,0,0.5015303392789231
5825,0,0.5057933346925348
5826,0,0.5003280088893565
5827,0,0.5008407423696039
5828,0,0.5005042389183787
5829,0,0.5026973904851316
5830,0,0.5008015431918004
5831,0,0.500239281379204
5832,0,0.5011543910053321
5833,0,0.5014850734419607
5834,0,0.5003288610787473
5835,0,0.5003357298500726
5836,0,0.500571294891855
5837,0,0.5011922603928501
5838,0,0.5014979111861186
5839,0,0.5002642123821847
5840,0,0.5003301918510826
5841,0,0.500849707514802
5842,0,0.5007872824617683
5843,0,0.5017777350534725
5844,0,0.5038849073813405
5846,0,0.5009606862098378
5847,0,0.50037954496113
5848,0,0.5010593324713439
5850,0,0.5000862675010668
5851,0,0.5007719374258811
5852,0,0.5001685141392934
5853,0,0.5002250341281388
5854,0,0.5000443597478582
5855,0,0.5009511029461585
5856,0,0.5007061408703304
5857,0,0.5056293885460034
5858,0,0.5019121112172686
5859,0,0.501806595962231
5860,0,0.500514340257113
5861,0,0.5003291181160793
5862,0,0.5006533280156875
5863,0,0.5002250907685608
5864,0,0.5014312419520899
5865,0,0.5013584470523281
5866,0,0.5001198776344629
5867,0,0.5014658276171013
5868,0,0.5001312434443583
5869,0,0.5002292849028395
5870,0,0.506728402682934
5871,0,0.5007797241749588
5872,0,0.5008051529637882
5873,0,0.5034393285242272
5874,0,0.5001592475532874
5875,0,0.5002928864288888
5876,0,0.5013959419316567
5877,0,0.5026771583938906
5878,0,0.5015422803011068
5879,0,0.5005285025679502
5880,0,0.5013085283703766
5881,0,0.5002657128969783
5882,0,0.5002505987370334
5883,0,0.5016060766616685
5884,0,0.5005256571715204
5885,0,0.5001626617691328
5886,0,0.5014122216540171
5887,0,0.5020031044414573
5888,0,0.5001502993600746
5889,0,0.5009479762062122
5890,0,0.5015323078020302
5891,0,0.5028205194360218
5892,0,0.5003334965901273
5893,0,0.5035045139404682
5894,0,0.500984325305728
5895,0,0.5001824089859714
5896,0,0.5003918539484248
5897,0,0.5009613362878276
5898,0,0.5012113095654441
5899,0,0.5004183205097495
5900,0,0.5010452151182205
5901,0,0.5003123613886525
5902,0,0.5000932288559096
5903,0,0.5021942027018028
5904,0,0.5003372381848724
5905,0,0.5083206406469563
5906,0,0.5001698073290206
5907,0,0.5000671875933239
5908,0,0.5004068159758319
5909,0,0.5004808146227255
5910,0,0.5001598372005611
5911,0,0.5070302322241761
5912,0,0.5014444428336254
5913,0,0.5047864160384673
5914,0,0.5019804145008989
5915,0,0.5016592459628338
5916,0,0.500642285106098
5917,0,0.5007166462313039
5918,0,0.5001427959648229
5919,0,0.5025430640414535
5920,0,0.5031658457548179
5921,0,0.5013747031950183
5922,0,0.5007032647682402
5923,0,0.5062691363182986
5924,0,0.5000452925854494
5925,0,0.5001887702002545
5926,0,0.500162606022711
5927,0,0.5011495613596716
5928,0,0.5040953314207259
5929,0,0.500412935212765
5930,0,0.5001450812172413
5931,0,0.500174779898851
5932,0,0.5004072150601995
5933,0,0.5003781666149042
5934,0,0.5005656814798838
5935,0,0.5004198229187679
5936,0,0.5002267427917306
5937,0,0.5006747166727332
5938,0,0.5010281681430628
5939,0,0.5005901413182456
5940,0,0.5018646238548494
5941,0,0.5029039537584394
5942,0,0.5003905223768712
5943,0,0.5018430713580286
5944,0,0.5007201350393651
5945,0,0.5043885516358437
5946,0,0.5002311614909475
5947,0,0.5027273879195601
5948,0,0.5002736255480614
5949,0,0.502531445849727
5950,0,0.5005554687691884
5951,0,0.5009780179858342
5952,0,0.5005567256730301
5953,0,0.5005754769630842
5954,0,0.5001253489993134
5955,0,0.5000346231451137
5956,0,0.5001327219399366
5957,0,0.5008650823677393
5959,0,0.5009397933642943
5960,0,0.5006500528133229
5961,0,0.50016657025761
5962,0,0.5034586395802569
5963,0,0.5000479044299715
5964,0,0.5003586724632726
5965,0,0.5017960608659474
5966,0,0.5005998358872384
5967,0,0.507522878220335
5968,0,0.5025635543591784
5969,0,0.5030136468645323
5970,0,0.503128070524613
5971,0,0.5005295431779823
5972,0,0.5011606593651241
5973,0,0.5002947610392997
5974,0,0.5045393314782411
5975,0,0.5002535674568205
5976,0,0.500802404410471
5977,0,0.5002989113756434
5978,0,0.5004636875151264
5979,0,0.5006959053770961
5980,0,0.5001767310266932
5981,0,0.5006193200084214
5982,0,0.5010807235859502
5983,0,0.5003172622825202
5984,0,0.5015090505554981
5985,0,0.5002911072146258
5986,0,0.5005970930656928
5987,0,0.5016221549485808
5988,0,0.5019022371024029
5989,0,0.5002495039277505
5990,0,0.5000917174747963
5991,0,0.500976818621199
5992,0,0.5010786775332873
5993,0,0.5002996341840147
5994,0,0.5007745597280193
5995,0,0.5003043378585026
5996,0,0.5001552385282783
5997,0,0.5000829604048543
5998,0,0.5001238682927635
5999,0,0.5072348755310647
6000,0,0.5012943655326825
6001,0,0.5005573615617065
6002,0,0.5018398551188237
6003,0,0.5007855278982292
6004,0,0.5003263192369309
6005,0,0.5002580061319961
6006,0,0.5003611442746516
6007,0,0.5009264873312932
6008,0,0.5008998319211775
6009,0,0.5001533811861268
6010,0,0.5005831270332248
6011,0,0.5016990993702654
6012,0,0.5001523421873797
6013,0,0.5004087409929652
6014,0,0.5037758696489278
6015,0,0.5007329498727839
6016,0,0.5006480749926108
6017,0,0.5142286361874129
6018,0,0.502150581659748
6019,0,0.5004202942745892
6020,0,0.500327113598715
6021,0,0.5030866669030976
6022,0,0.5005019783407555
6023,0,0.5005176711185821
6024,0,0.5006878536733022
6025,0,0.5007533250968018
6026,0,0.5002175139345076
6027,0,0.5007776840291149
6028,0,0.5009785641595804
6029,0,0.5083820765174388
6030,0,0.5000727614003608
6031,0,0.5000562621168829
6033,0,0.5046451268508322
6034,0,0.5001097015954233
6035,0,0.5002622262957864
6036,0,0.5029387152582008
6037,0,0.501119956066897
6038,0,0.5072088339144092
6039,0,0.500309590043206
6040,0,0.5007641867982163
6041,0,0.5001586461177974
6042,0,0.500750070367447
6043,0,0.502718852142938
6044,0,0.5015104716786599
6045,0,0.5004146002998742
6046,0,0.5003133015062875
6047,0,0.5002854752843053
6048,0,0.501343647609556
6049,0,0.5017690848603149
6050,0,0.5007686166533012
6051,0,0.5088865869603431
6052,0,0.500197243267813
6053,0,0.5016141365321848
6054,0,0.5012752571076295
6055,0,0.5003675585880256
6056,0,0.5003247917568198
6057,0,0.5017084355269783
6058,0,0.5005594361320728
6059,0,0.5001631264576777
6060,0,0.5003308899450952
6061,0,0.5007716011968742
6062,0,0.5008865926511531
6063,0,0.5001016766243453
6064,0,0.5001208916532259
6065,0,0.501163279967038
6066,0,0.5002934180930584
6067,0,0.500089887351097
6068,0,0.5038174645904027
6069,0,0.5011386222734026
6070,0,0.5003281147879506
6071,0,0.5003310080930311
6072,0,0.5054473756986346
6073,0,0.5007595958791424
6074,0,0.5022183341244257
6075,0,0.5005484295171821
6076,0,0.5006763204281869
6077,0,0.5008015249985226
6078,0,0.5012874479436193
6079,0,0.5015271401861923
6080,0,0.5001056239155175
6081,0,0.5008347560996544
6082,0,0.5015135922961679
6083,0,0.5005556813816516
6084,0,0.5000369517274296
6085,0,0.5009945342240616
6086,0,0.5029113460795711
6087,0,0.5000757185416983
6088,0,0.5003501618499743
6089,0,0.5051394291621017
6090,0,0.5000751136799927
6091,0,0.5008908619713764
6092,0,0.5000731967715155
6093,0,0.5005991582697371
6094,0,0.5001346307059458
6095,0,0.5006254456948275
6096,0,0.5018966289303879
6097,0,0.50021941556423
6098,0,0.5124941901428487
6099,0,0.5001876070370882
6100,0,0.5036579666537223
6101,0,0.5012188588791604
6102,0,0.5001815512315705
6103,0,0.5000273900801029
6104,0,0.5009266125739912
6105,0,0.5005010446169686
6106,0,0.5010318974700229
6107,0,0.5009269010803488
6108,0,0.5001438650915093
6109,0,0.5004155590498724
6110,0,0.5021159052915404
6111,0,0.5002256728183161
6112,0,0.5002706685712496
6113,0,0.5021274471778215
6115,0,0.5002140234521947
6116,0,0.5002293678718004
6117,0,0.5042997357196248
6118,0,0.502233207477049
6119,0,0.5003388647959142
6120,0,0.5003771901781611
6121,0,0.5009694205674023
6122,0,0.5000654746531107
6123,0,0.5006466989771882
6124,0,0.5018898229808956
6125,0,0.5022784642544426
6127,0,0.5014790916275371
6128,0,0.5278993221294668
6129,0,0.501667655736394
6130,0,0.500493964259318
6131,0,0.5002424503681259
6132,0,0.5004601216583118
6133,0,0.5004076359625671
6134,0,0.5002403046144748
6135,0,0.5001334163431074
6136,0,0.5007484381597072
6137,0,0.5009155349908508
6138,0,0.5003619104643342
6139,0,0.5006628613351598
6140,0,0.5050423431102653
6141,0,0.5002462803005999
6142,0,0.5002166916436714
6143,0,0.5002782212866185
6144,0,0.5014104827969158
6145,0,0.5028859291775738
6146,0,0.5008119356890991
6147,0,0.5007545469453815
6148,0,0.5001767269506516
6149,0,0.5001035134864448
6150,0,0.5001130716069309
6151,0,0.5003859274029954
6152,0,0.5008720399183155
6153,0,0.5000440087247988
6154,0,0.5001290819058285
6155,0,0.5005098680682962
6156,0,0.5002986198573331
6157,0,0.5005458686821952
6158,0,0.5003696374913043
6159,0,0.5006357209262863
6160,0,0.5007135565706969
6161,0,0.5003861772447297
6162,0,0.5002315554309875
6163,0,0.5003172952899486
6164,0,0.5003133102244233
6165,0,0.5059919830526731
6166,0,0.5040679304583002
6167,0,0.500644853021427
6168,0,0.5032475898514164
6169,0,0.5004013373582418
6170,0,0.5047975093668873
6171,0,0.5007710033155387
6172,0,0.5100357862494461
6173,0,0.5005952729243964
6174,0,0.5012183165557089
6175,0,0.5007323420955416
6176,0,0.5003963051837029
6177,0,0.5002029714440724
6178,0,0.5001767784143559
6179,0,0.5002242882066271
6180,0,0.5002151682373251
6181,0,0.5019325861900747
6182,0,0.5000507267824906
6183,0,0.5002621195530835
6184,0,0.5005293651848595
6185,0,0.5027254669887185
6186,0,0.500572253343547
6187,0,0.50197655209905
6188,0,0.5037183055043057
6189,0,0.5012885857570581
6190,0,0.5003148477960331
6191,0,0.5002234434318985
6192,0,0.5001154763434584
6193,0,0.5002936328094765
6194,0,0.5007711757470132
6196,0,0.5006918677329509
6197,0,0.5022795789336348
6198,0,0.5002107584354977
6199,0,0.5008119456771863
6201,0,0.5014025208573063
6202,0,0.5001824397932592
6203,0,0.5013752207787371
6204,0,0.50072872379997
6205,0,0.5008283441757366
6206,0,0.5033687932792769
6207,0,0.5000612050236655
6208,0,0.5011334690200274
6209,0,0.5013830108574135
6210,0,0.5016938605338395
6211,0,0.500369619733456
6212,0,0.501522490110661
6213,0,0.5015475684271337
6214,0,0.5001988797417979
6215,0,0.5001801205268168
6216,0,0.5016610192414374
6217,0,0.5001823184536799
6218,0,0.5040587828202985
6219,0,0.500674469197272
6220,0,0.5007304636138553
6221,0,0.5026322469805169
6222,0,0.5003353366095431
6224,0,0.5026665723220556
6225,0,0.5014284571095267
6226,0,0.5007526774723023
6227,0,0.5008795291933559
6228,0,0.5005439814243209
6229,0,0.5010846134993729
6230,0,0.5015049618483257
6231,0,0.500597907124137
6232,0,0.5008627806670748
6233,0,0.5008922636828941
6235,0,0.5037675673988664
6236,0,0.5016413265855139
6237,0,0.5002551580244468
6238,0,0.5006645103640225
6239,0,0.5003093881505267
6240,0,0.5003241022667955
6241,0,0.5003146223375579
6242,0,0.5007734410300155
6243,0,0.5070818989463808
6244,0,0.5013159611910057
6246,0,0.5007455992432824
6247,0,0.5005791849069045
6248,0,0.5003518926289301
6249,0,0.500074346031329
6250,0,0.5007209912454366
6251,0,0.5001789358806893
6252,0,0.5005334371524076
6253,0,0.5155466651889946
6254,0,0.5001583242681286
6255,0,0.500308235393918
6256,0,0.5035417567939208
6257,0,0.5002062905297233
6258,0,0.5012778449276025
6259,0,0.5000950243655696
6260,0,0.5000922499512465
6261,0,0.5002437595076286
6262,0,0.5007909706561466
6263,0,0.5044806530751352
6264,0,0.5016794484258238
6265,0,0.5005288577576987
6266,0,0.5025848607478364
6267,0,0.5011096407633552
6268,0,0.500491426068065
6269,0,0.5013513603738279
6270,0,0.5009778212560744
6271,0,0.5006647543101035
6272,0,0.5007908508203275
6273,0,0.5008875010535737
6274,0,0.500847120402483
6275,0,0.5068194365917861
6276,0,0.501911503528473
6277,0,0.5005517911212148
6278,0,0.5005773438930257
6279,0,0.5024543868632456
6280,0,0.501287913291079
6281,0,0.50029102933242
6282,0,0.5014954045455995
6283,0,0.5001356320570584
6285,0,0.5025193020786094
6286,0,0.5002503767022332
6287,0,0.5007311474446928
6288,0,0.5026928758081455
6289,0,0.5060938531300225
6290,0,0.500352809403297
6291,0,0.5004915489800387
6292,0,0.5018118764138747
6293,0,0.5003785317003727
6294,0,0.5000967115602419
6295,0,0.5000185786666141
6296,0,0.5025921111407758
6297,0,0.500072998606285
6298,0,0.5024266850505353
6299,0,0.5007687899162279
6300,0,0.5008651199002747
6301,0,0.5004312839780901
6302,0,0.5014155176723409
6303,0,0.5002862489805698
6304,0,0.5009815702309324
6305,0,0.5005322836944989
6306,0,0.5007228297631855
6307,0,0.501795740885075
6308,0,0.5000347000540248
6309,0,0.5043352275787628
6310,0,0.5003016993664435
6311,0,0.5001092795647984
6312,0,0.500157087738286
6313,0,0.5007129592725335
6314,0,0.5023935275095289
6315,0,0.5004762750542174
6316,0,0.5017535968547708
6317,0,0.5001298032109935
6318,0,0.500547459201761
6319,0,0.5007611398012366
6320,0,0.500095730918634
6321,0,0.5006931976697795
6322,0,0.5003946600224582
6323,0,0.5001246461811867
6324,0,0.5008576692771108
6325,0,0.5005114345701536
6326,0,0.5013236949797397
6327,0,0.5001901997850662
6328,0,0.5010886889941571
6329,0,0.500755050446063
6330,0,0.5001380732791113
6331,0,0.5026726567416986
6332,0,0.5003914322287434
6333,0,0.5003242156289037
6334,0,0.5036973588612785
6335,0,0.5004778586855351
6336,0,0.5008195878657467
6337,0,0.5021560889712819
6338,0,0.528650787694345
6339,0,0.5002183785683391
6340,0,0.5001966056304203
6341,0,0.5004499421462503
6342,0,0.5006645452755257
6343,0,0.5002985442412481
6344,0,0.5000464097354391
6345,0,0.5003473375082328
6346,0,0.5007848905486041
6347,0,0.5002287533025295
6348,0,0.5001443516241005
6349,0,0.5022321241458213
6350,0,0.500983984024119
6351,0,0.500790953919897
6352,0,0.5004237675979458
6353,0,0.5080032654655586
6354,0,0.5001357399133428
6355,0,0.5015417246335879
6356,0,0.5003132240177162
6357,0,0.5007505796441843
6358,0,0.5006337363120821
6359,0,0.5028648894814408
6360,0,0.5007378879853603
6361,0,0.5027635943955723
6362,0,0.5176015621642067
6363,0,0.5002632078839705
6364,0,0.5001851812676299
6365,0,0.5054329226523887
6366,0,0.5008940224213275
6367,0,0.5001919984503096
6368,0,0.5018539642967965
6369,0,0.502424542405982
6370,0,0.5029840537457806
6371,0,0.5033826914696014
6372,0,0.5116632531060087
6373,0,0.5043681049395694
6374,0,0.5002101631395446
6375,0,0.5001888976256986
6376,0,0.5018839074515035
6377,0,0.5057465041749216
6378,0,0.5002623920961724
6379,0,0.5007361396944756
6380,0,0.5042785079603805
6381,0,0.5010288852214735
6382,0,0.5011483228733514
6383,0,0.500277408177389
6384,0,0.5012286103094556
6385,0,0.5003130120452198
6386,0,0.5016022354540423
6387,0,0.5003046689808184
6388,0,0.5008577722585112
6389,0,0.5010428351829131
6391,0,0.5003095235657452
6392,0,0.5009291660162247
6393,0,0.5070315628418947
6394,0,0.5013992167134863
6395,0,0.5000926982582895
6396,0,0.5001193996022818
6397,0,0.5004493849620565
6398,0,0.5049257217833433
6399,0,0.5002257002964641
6400,0,0.5002013167417696
6401,0,0.5002346244229517
6402,0,0.5013594893946877
6403,0,0.5004678362316394
6404,0,0.5005207404738997
6405,0,0.501494813687535
6406,0,0.5008442102657577
6407,0,0.5061287910637403
6408,0,0.5030511306490721
6409,0,0.5006241792023362
6410,0,0.500699100597834
6411,0,0.5003949056480718
6412,0,0.5000912070821153
6413,0,0.5007142709267549
6414,0,0.5022565992580406
6415,0,0.5003171855051313
6417,0,0.5001976228368419
6418,0,0.5002373359352882
6419,0,0.5003708554313363
6420,0,0.5005379328521502
6421,0,0.5002944877882094
6422,0,0.5000953283961805
6423,0,0.5021238359558974
6424,0,0.5002018654697291
6425,0,0.500391539401286
6426,0,0.5000259729112735
6427,0,0.5002580834344206
6428,0,0.5020454338417005
6429,0,0.5002261145610437
6430,0,0.5000445595802088
6431,0,0.5000687379567266
6432,0,0.5009323527329059
6433,0,0.5010665027096629
6434,0,0.5003974830543153
6435,0,0.5001095789296028
6436,0,0.5005348640170032
6437,0,0.5001274036354625
6438,0,0.5010053891259386
6439,0,0.5014388104846135
6440,0,0.5093250173445545
6441,0,0.5004082615230779
6442,0,0.5072784441803794
6443,0,0.501789703613333
6444,0,0.5001080545436428
6445,0,0.5034537839173567
6446,0,0.5003223009541308
6447,0,0.5001788201042952
6448,0,0.5005597567366831
6449,0,0.5010891326973598
6450,0,0.50048725509842
6451,0,0.5001141825881938
6452,0,0.5013772754448191
6453,0,0.5001449672225556
6454,0,0.5006501327795981
6455,0,0.5006784963179881
6456,0,0.500260811072796
6457,0,0.5001486117239543
6458,0,0.5001147943535443
6459,0,0.5060890667508777
6460,0,0.5003288362306978
6461,0,0.5005301288952401
6462,0,0.500828873107803
6463,0,0.5003523511944906
6464,0,0.5000977766946557
6465,0,0.5004797149331053
6466,0,0.5001377007652928
6467,0,0.5000874416695759
6468,0,0.5010967836710009
6469,0,0.5009249132569937
6470,0,0.501464603005059
6471,0,0.5028276991824386
6472,0,0.500422403893183
6473,0,0.5000283471655532
6474,0,0.5004679511110978
6475,0,0.5033842523173387
6476,0,0.5055435932445173
6477,0,0.5011497789217757
6478,0,0.5007157842705766
6479,0,0.50282911505972
6480,0,0.5015136133852276
6481,0,0.5004814102754019
6482,0,0.5006313934499873
6483,0,0.5006222688446537
6484,0,0.5004557578176002
6485,0,0.5027559687000333
6486,0,0.5006139505474939
6487,0,0.5034619531446459
6488,0,0.5036695233431313
6489,0,0.5009446821993213
6490,0,0.5016682823528454
6491,0,0.5044978374516135
6492,0,0.5000315594340106
6493,0,0.5008903305639104
6494,0,0.501298675182837
6495,0,0.5031832707870186
6496,0,0.5003569547542762
6497,0,0.5003088507532848
6498,0,0.5006072916115142
6499,0,0.5013434740812391
6500,0,0.5001777778377594
6501,0,0.5000942586037018
6502,0,0.5113789650374271
6503,0,0.5002965811075243
6504,0,0.5002060921028852
6505,0,0.5053340536867765
6506,0,0.5030146672873382
6507,0,0.500351636197936
6508,0,0.5002005222959293
6509,0,0.5015826041640375
6510,0,0.5002740087848615
6511,0,0.5011174460803156
6512,0,0.5000995666550195
6513,0,0.5001546587031956
6514,0,0.5001959488939318
6515,0,0.5007141049476987
6516,0,0.500526292022099
6517,0,0.5006234369800596
6518,0,0.5003158607256672
6519,0,0.5009542464406831
6520,0,0.5005988249095712
6521,0,0.5104259499193019
6522,0,0.5000704284316265
6523,0,0.500039177439431
6524,0,0.5005528358566154
6525,0,0.5001731452639232
6526,0,0.5003552227993823
6527,0,0.5036284488238923
6528,0,0.5005675219547044
6529,0,0.5002333666397453
6530,0,0.50034009436638
6531,0,0.5010222402477076
6532,0,0.5004246856640107
6533,0,0.5068743917603221
6534,0,0.502530656251397
6535,0,0.5002423718428858
6536,0,0.5008945072281523
6537,0,0.5008958805509519
6538,0,0.5006118924311522
6539,0,0.5006252595657934
6540,0,0.5001871941793581
6541,0,0.5001388397961835
6542,0,0.500564076951873
6543,0,0.5004328549310189
6544,0,0.5005256283972012
6545,0,0.5003015450633361
6546,0,0.5010170431824827
6547,0,0.5003101308775983
6548,0,0.5011081508917289
6549,0,0.5001445570563431
6550,0,0.5012198481611294
6551,0,0.5031145903966591
6552,0,0.500646038417085
6553,0,0.500727987121737
6554,0,0.5000224998158611
6555,0,0.5001152552704392
6556,0,0.5012225880114123
6558,0,0.5018929504656012
6559,0,0.5009787382195383
6560,0,0.5017068488901699
6561,0,0.5017899710251956
6562,0,0.5005126090325893
6563,0,0.5010865238387787
6564,0,0.5016142182271003
6565,0,0.5004705851240864
6566,0,0.5007529847309925
6567,0,0.5001362400355348
6568,0,0.503478703094364
6569,0,0.5032715969930567
6570,0,0.504204107310626
6571,0,0.5001699415666597
6572,0,0.5000724860997912
6573,0,0.5017125529320285
6574,0,0.5000923688006704
6575,0,0.5001677427131732
6576,0,0.5003050664031808
6577,0,0.5001111492374233
6578,0,0.5013052803080106
6579,0,0.500083988504382
6580,0,0.5004874593543273
6581,0,0.5008600032042543
6582,0,0.5023506903204724
6583,0,0.5006903053159383
6584,0,0.5082596060816352
6585,0,0.5002416756509632
6586,0,0.509071081911046
6587,0,0.5016813320991154
6588,0,0.501970213552916
6589,0,0.5010920492649447
6590,0,0.5002977104313152
6591,0,0.5001096666817918
6592,0,0.5003798412665751
6593,0,0.5031428423649031
6594,0,0.5000889266211019
6595,0,0.5001550940114011
6596,0,0.5028667040588153
6597,0,0.5000735169208849
6598,0,0.5002625748252407
6599,0,0.5030978316178665
6600,0,0.5017590702595217
6601,0,0.5001324237261037
6602,0,0.5015600110100263
6603,0,0.5030546684281318
6604,0,0.5018923530671316
6605,0,0.5016313328766568
6606,0,0.5006894747004679
6607,0,0.5007792593611137
6608,0,0.5012744679742251
6609,0,0.5120116390758862
6610,0,0.5003318828447002
6611,0,0.5001740638298393
6612,0,0.5004526972409021
6613,0,0.5024770223805075
6614,0,0.5001005667900429
6615,0,0.5001347269234155
6616,0,0.501163350824895
6617,0,0.5018021008798119
6618,0,0.5065882408523915
6619,0,0.5006009246042351
6620,0,0.5006909377454594
6621,0,0.500302398444321
6622,0,0.5005695870254235
6623,0,0.5008875681609016
6624,0,0.5011937940784307
6625,0,0.5026423730943183
6626,0,0.5004510581732781
6627,0,0.5007162794710319
6628,0,0.5002936667449882
6629,0,0.500303900109043
6630,0,0.5023281561987863
6631,0,0.5000928785271419
6632,0,0.5048270693747395
6633,0,0.50217573050225
6634,0,0.5005208853591206
6635,0,0.5035148657000291
6636,0,0.500255537237664
6638,0,0.50491409609941
6639,0,0.5322188966875452
6641,0,0.5005879594561401
6642,0,0.500574476036874
6643,0,0.5046931427802521
6644,0,0.5001862222271682
6645,0,0.5004148986725377
6646,0,0.5007951840884795
6647,0,0.5005829906107073
6648,0,0.5005831385749298
6649,0,0.5006207111942071
6650,0,0.5014048333806728
6651,0,0.500685686583253
6652,0,0.5001258084867329
6653,0,0.5003534287352901
6654,0,0.5015590081984056
6655,0,0.5003413715177859
6656,0,0.5003858528565399
6657,0,0.5002407888701892
6658,0,0.5094855085493413
6659,0,0.500087997178972
6660,0,0.5007640834067847
6661,0,0.5004690806863166
6663,0,0.5002705622000304
6664,0,0.5002536167229754
6665,0,0.503549737618511
6666,0,0.5003454118987356
6667,0,0.5000905223952177
6668,0,0.5012811295066953
6669,0,0.5001914409482652
6670,0,0.5001281457357906
6671,0,0.5001249126424128
6672,0,0.5006392178029859
6673,0,0.5016434608218417
6674,0,0.500600651660357
6676,0,0.5006881610789647
6677,0,0.5004199230354408
6678,0,0.5005983216566228
6679,0,0.5007922322550282
6680,0,0.5191781653020966
6681,0,0.5005481444817563
6682,0,0.5001715354436123
6683,0,0.502854451883216
6684,0,0.5037448259995718
6685,0,0.5003755136785824
6686,0,0.5013815771934944
6687,0,0.5008885143136156
6688,0,0.5027080932905101
6689,0,0.5014006185566859
6690,0,0.5014674612754688
6692,0,0.521006153146004
6693,0,0.5039974525951687
6694,0,0.5007100498295042
6695,0,0.5011143258390647
6696,0,0.503132624331875
6697,0,0.5005723927000137
6698,0,0.5010405565512535
6699,0,0.5062749289929865
6700,0,0.502320622717939
6701,0,0.5023020306263726
6702,0,0.5016378453961323
6703,0,0.5005458158206341
6704,0,0.5002038854994948
6705,0,0.5013933961811777
6706,0,0.5030821245672261
6707,0,0.5026093602292568
6708,0,0.5000653586699446
6709,0,0.5002896487746858
6711,0,0.5014878588972065
6712,0,0.5006587245777467
6713,0,0.5001037412845011
6714,0,0.5012813622675266
6715,0,0.5019633838498264
6716,0,0.5015365005328288
6717,0,0.5115000954700432
6718,0,0.5005764741503202
6719,0,0.5004415705390152
6720,0,0.5017191062445696
6721,0,0.5028024564498467
6722,0,0.5078344176737646
6723,0,0.5011232994339158
6724,0,0.5002914415692864
6725,0,0.5162529047228832
6726,0,0.503229916398238
6727,0,0.5005536150579425
6728,0,0.5000784790972694
6729,0,0.501208582088569
6730,0,0.5007051605471838
6731,0,0.5001866347082534
6732,0,0.5014255050603158
6733,0,0.5012454382840724
6734,0,0.5005428203122235
6735,0,0.5002688032350665
6736,0,0.500507827148776
6737,0,0.5003709269474321
6738,0,0.5045098658618242
6739,0,0.5003410063831588
6740,0,0.5002020667252647
6741,0,0.5006865017565706
6742,0,0.5010763621148244
6743,0,0.50072070799896
6744,0,0.500187194904227
6745,0,0.5005893016598403
6746,0,0.5000991514015687
6747,0,0.5013304413666391
6748,0,0.5004695044018079
6749,0,0.5008203209400527
6750,0,0.5003041050434047
6751,0,0.5013933522835652
6752,0,0.5025811811198232
6753,0,0.5011521491909696
6754,0,0.5004188376018328
6755,0,0.500284821913981
6756,0,0.5006538473563906
6757,0,0.5022383373958769
6758,0,0.5000772737480743
6759,0,0.503541912105507
6760,0,0.5001114067803561
6761,0,0.5015390201806226
6762,0,0.5001103964063947
6763,0,0.5000651125730208
6764,0,0.5013410888263103
6765,0,0.5023941955724985
6766,0,0.5002885089110384
6767,0,0.5002436373792716
6768,0,0.5002461859299226
6769,0,0.5004579579328102
6770,0,0.5000935749589754
6771,0,0.5005105657790764
6772,0,0.502306636291904
6773,0,0.5002724916397076
6774,0,0.500100737624836
6775,0,0.5009892771959419
6776,0,0.5011033699374325
6777,0,0.5004105887794612
6778,0,0.5021498256712799
6779,0,0.5017623075954004
6780,0,0.5009589337182248
6781,0,0.5018631702392038
6782,0,0.5010711822043765
6783,0,0.5011378078334054
6784,0,0.5019549603497508
6785,0,0.500380862330792
6786,0,0.500420655809212
6787,0,0.5004131418724539
6788,0,0.5003433815585093
6789,0,0.5004371576875916
6790,0,0.5197882503185351
6791,0,0.5002596725842681
6793,0,0.5002657772362321
6794,0,0.5020312044898732
6795,0,0.5033475102690927
6796,0,0.5002626160321618
6797,0,0.5005672366293031
6798,0,0.500457934988921
6799,0,0.5097251863022568
6800,0,0.5003510666629507
6801,0,0.5038781655400127
6802,0,0.5014102566236011
6803,0,0.5177999195356068
6804,0,0.5019773079398038
6805,0,0.5010483821618116
6806,0,0.502020068854175
6807,0,0.5009821895743333
6808,0,0.500946438176406
6809,0,0.5021488805724795
6810,0,0.5006054532293851
6811,0,0.5001337584173826
6812,0,0.5007864805612183
6813,0,0.5002373974879036
6814,0,0.5017633000660626
6815,0,0.502846543862379
6816,0,0.5000242899478041
6817,0,0.5004746616965147
6818,0,0.5004253865253177
6819,0,0.5010207473917072
6820,0,0.5005949417348461
6821,0,0.5001576348375272
6822,0,0.5016116112204507
6823,0,0.5001199823168196
6824,0,0.5013691747242569
6825,0,0.5001351517446447
6826,0,0.5047088662644655
6827,0,0.500579053341002
6828,0,0.5026849561564268
6829,0,0.5002087947022332
6830,0,0.5009674677580346
6831,0,0.5008176177612798
6832,0,0.5013337730121901
6833,0,0.5003503555742063
6834,0,0.5001375257688369
6835,0,0.5005230555608577
6836,0,0.5096796786356597
6837,0,0.500420449165429
6838,0,0.5010984654032538
6839,0,0.5005287695798162
6840,0,0.5011321857851943
6841,0,0.5000307593192099
6842,0,0.5004607309782702
6843,0,0.5026075627370483
6844,0,0.5003413251982823
6845,0,0.5001775073131164
6846,0,0.5002411637809931
6847,0,0.5001550133223339
6848,0,0.50022130768152
6849,0,0.5009660547508535
6850,0,0.5015226009191069
6851,0,0.5001504287097481
6852,0,0.5000551726579497
6853,0,0.5002491630489787
6854,0,0.5006895509163525
6855,0,0.5003231702971255
6856,0,0.5000572169590431
6857,0,0.5018470048976299
6858,0,0.5008528345132514
6859,0,0.5003181180157973
6860,0,0.5004719868570005
6861,0,0.5006624722491525
6862,0,0.500667438495779
6863,0,0.5005720687990315
6864,0,0.5001954109291452
6865,0,0.5196728084541785
6866,0,0.5063592604057244
6867,0,0.5002588011949711
6868,0,0.5001383294232212
6869,0,0.5024786437654262
6870,0,0.5007780600664008
6871,0,0.5015272830207952
6872,0,0.500371848580754
6873,0,0.5029293058907087
6874,0,0.5001721982084533
6875,0,0.5002321574918834
6876,0,0.500130356191904
6877,0,0.5002157920797784
6878,0,0.5004017531628179
6879,0,0.5009639521698106
6880,0,0.5001050167761631
6881,0,0.5002320276662751
6882,0,0.500405264023653
6883,0,0.5008644992799355
6884,0,0.5002573292264124
6885,0,0.5003996894438335
6886,0,0.5011201164515285
6887,0,0.5012185988919092
6888,0,0.5007920556442134
6889,0,0.5005119969001964
6890,0,0.5021105410737517
6891,0,0.5028284711781024
6892,0,0.500486252211397
6893,0,0.5004402365533339
6894,0,0.5099654022908705
6895,0,0.5044477146902997
6896,0,0.5003783918464588
6897,0,0.5003728736137669
6898,0,0.5003791094552166
6899,0,0.5009492366548168
6900,0,0.5006166305404633
6901,0,0.5001026028473105
6902,0,0.5005372848853292
6903,0,0.5048263486770452
6904,0,0.5017108190023118
6905,0,0.5000259307546228
6906,0,0.500128021977661
6907,0,0.5012937008362168
6908,0,0.5024970672507038
6909,0,0.5002249690839384
6910,0,0.500041208175033
6911,0,0.5025408462593165
6912,0,0.5012142848989113
6913,0,0.501686988373035
6914,0,0.503926682771992
6915,0,0.500754141750045
6916,0,0.5003419274078355
6917,0,0.5009952111760515
6918,0,0.5036383427124232
6919,0,0.5027887490879656
6920,0,0.5016843810104575
6921,0,0.5002972985688247
6922,0,0.5020938493944307
6923,0,0.5009416174257842
6925,0,0.5008537007062606
6926,0,0.5011569342385719
6927,0,0.5004244162224588
6928,0,0.5005600138168274
6929,0,0.5001061321800051
6930,0,0.5000681347748589
6931,0,0.5008997522403666
6932,0,0.5062430313960123
6933,0,0.5028812008255348
6934,0,0.5003954528004325
6935,0,0.500354626276093
6936,0,0.5001188635597559
6937,0,0.500868446391
6938,0,0.5002998662981228
6939,0,0.5001464199771801
6940,0,0.5000511205234482
6941,0,0.5028434113831453
6942,0,0.5017460875616898
6943,0,0.5033167249162042
6944,0,0.5001288336110279
6945,0,0.5035479259215088
6946,0,0.5007047639869094
6947,0,0.5000638990836179
6948,0,0.5003490787954122
6949,0,0.5006983595813507
6950,0,0.5001052568843235
6951,0,0.5001825497319792
6952,0,0.5024037723084281
6953,0,0.5012156751130397
6954,0,0.5001887893056108
6955,0,0.5014771148116667
6956,0,0.5007784303458997
6957,0,0.5009846717937191
6958,0,0.5009703621286202
6959,0,0.5000495546901803
6960,0,0.5048248362785954
6961,0,0.5013733917744281
6962,0,0.5009221927602423
6963,0,0.5010173107979122
6964,0,0.5018464213713268
6965,0,0.50034506508462
6966,0,0.5001932953970838
6967,0,0.5002430519717785
6968,0,0.5017906325705271
6969,0,0.5028294633560514
6970,0,0.5015089674197422
6971,0,0.501239302493907
6972,0,0.5001072792190521
6973,0,0.5002252859976816
6974,0,0.5003008897675061
6975,0,0.5009315106933588
6976,0,0.5012802667098082
6977,0,0.5001542838843593
6978,0,0.5003410177241018
6979,0,0.5132732450589943
6980,0,0.5009412285112284
6981,0,0.5003301275558997
6982,0,0.5030552771361474
6983,0,0.5013032804776978
6984,0,0.5005505648681163
6985,0,0.500477120855493
6986,0,0.5001649016151506
6987,0,0.500870449742231
6988,0,0.5013125412479422
6989,0,0.5004911170902302
6990,0,0.5031850332733465
6991,0,0.501948801280987
6992,0,0.5007213757326827
6993,0,0.5008448569262755
6995,0,0.5051942023938589
6996,0,0.5003733628349871
6997,0,0.5007117957748211
6998,0,0.5003092398952291
6999,0,0.5005116832671671
7000,0,0.5009899993681831
7001,0,0.5024730199287463
7002,0,0.5007599399222323
7003,0,0.5004026101451365
7004,0,0.5001232091434556
7005,0,0.5038984126981022
7006,0,0.5005356821319518
7007,0,0.5001103388517186
7008,0,0.5028718620099939
7009,0,0.5005336007835369
7010,0,0.5024815758755701
7011,0,0.5001333094646702
7012,0,0.5101991381188083
7013,0,0.5057808039049497
7014,0,0.5039020733363696
7015,0,0.5003822709706871
7016,0,0.5047485490297056
7017,0,0.5014576269921814
7018,0,0.5007626282193126
7019,0,0.5021780770500427
7020,0,0.5026940125039332
7021,0,0.5001668840356861
7022,0,0.5005683725162258
7023,0,0.5009767678793062
7024,0,0.5059322708989209
7025,0,0.5007477777895041
7026,0,0.500476360919797
7027,0,0.5010361174128503
7028,0,0.5003205967730223
7029,0,0.5002998147341313
7030,0,0.5021486342957743
7031,0,0.5001306159899401
7032,0,0.5012722189219256
7033,0,0.5004341537528356
7034,0,0.5027790359735355
7035,0,0.5002006434744446
7036,0,0.5001955740407176
7037,0,0.500117764552674
7038,0,0.500559644287618
7039,0,0.5003873487933848
7040,0,0.5003689761648727
7041,0,0.5014820870813044
7042,0,0.5003165303068506
7043,0,0.5008427723705455
7044,0,0.500192230014785
7045,0,0.5003580248906724
7046,0,0.5014299096236755
7047,0,0.504178260337997
7049,0,0.5096239946359866
7050,0,0.5001413925016096
7052,0,0.5011508417887036
7053,0,0.5001470618517634
7054,0,0.5001366815138126
7055,0,0.5003378399497714
7056,0,0.5000656302012386
7057,0,0.5003999189337474
7058,0,0.5000543016474273
7059,0,0.5004049931390727
7060,0,0.5002901038551192
7061,0,0.500508985382806
7062,0,0.5003374909809395
7063,0,0.5001622836708072
7064,0,0.500210398623284
7065,0,0.5008957238915581
7066,0,0.501126611278539
7067,0,0.5008241301840346
7068,0,0.5004122447772805
7069,0,0.5002026442751359
7070,0,0.5002434459521091
7071,0,0.5000460457207391
7072,0,0.5028006231032572
7073,0,0.5002842367993765
7074,0,0.5001691587816827
7075,0,0.5004174316353692
7076,0,0.5027507156289808
7079,0,0.5017682103354959
7080,0,0.5010370440653704
7081,0,0.5004422185690846
7082,0,0.5029985147429784
7083,0,0.5000848624044234
7084,0,0.5041970427115139
7085,0,0.5017822749574682
7086,0,0.5019281749608502
7087,0,0.5001082874902842
7088,0,0.5010250712556189
7089,0,0.5005505825288481
7090,0,0.5001860546054503
7091,0,0.501288978087936
7092,0,0.5002776401716248
7093,0,0.5002402071719987
7094,0,0.5008779631055229
7095,0,0.5009288949840535
7096,0,0.5010247180594288
7097,0,0.5014773300694182
7098,0,0.5000653899533954
7099,0,0.5001034194934617
7101,0,0.5010140119661285
7102,0,0.500472525424073
7103,0,0.5009389425081382
7104,0,0.5026590196375168
7105,0,0.5010117459950658
7106,0,0.501362012504214
7107,0,0.5004377915052173
7108,0,0.5005463444163606
7109,0,0.5008282409956263
7110,0,0.5016820772678106
7111,0,0.5016528106488932
7112,0,0.5012065593468047
7113,0,0.501231922008662
7114,0,0.5002878998458233
7115,0,0.502074941337382
7116,0,0.5005174951137351
7117,0,0.552653963592378
7118,0,0.5002225124948372
7119,0,0.5003001976910965
7120,0,0.5086770549391236
7121,0,0.5007654654035663
7122,0,0.5005151545632275
7123,0,0.5039808531320766
7124,0,0.5006329893048896
7125,0,0.5010742338559906
7126,0,0.5004880982456614
7127,0,0.5002866449223989
7128,0,0.5036259866700217
7129,0,0.5003300410424824
7130,0,0.5049485512084451
7131,0,0.5010083920016364
7132,0,0.5003952358779566
7133,0,0.503581606409599
7134,0,0.5003178487293662
7135,0,0.5013690110764405
7136,0,0.5003194189179905
7137,0,0.5006578199891684
7138,0,0.5003021107093762
7139,0,0.5046034319322146
7140,0,0.5016458537378063
7141,0,0.5015285454052335
7142,0,0.5000978223605669
7143,0,0.5058485327787374
7144,0,0.5010538181506605
7145,0,0.5021042727363042
7146,0,0.5163254253288969
7147,0,0.5019616004290935
7148,0,0.5004309261643289
7149,0,0.5013411737631753
7150,0,0.5003230830648202
7151,0,0.5014872734135432
7152,0,0.5004920259204679
7153,0,0.5006881641405273
7154,0,0.5013408928880749
7155,0,0.5008350970207253
7156,0,0.5007247999019216
7157,0,0.5002512902846508
7158,0,0.500130043452435
7159,0,0.5002412105711327
7160,0,0.500149668067835
7161,0,0.5001686330244572
7162,0,0.5009753273170612
7163,0,0.5008534023417545
7164,0,0.5001605161387735
7165,0,0.506044879684529
7166,0,0.5002353722123924
7167,0,0.5056109549572034
7168,0,0.5014377179315851
7169,0,0.5001906122114034
7170,0,0.5002257318534995
7171,0,0.5000982249820414
7172,0,0.5013926704872123
7173,0,0.5001706728531841
7174,0,0.5006028885919614
7175,0,0.5005998834211236
7176,0,0.5008538405038135
7177,0,0.5011362320695473
7178,0,0.5004530945596308
7179,0,0.5068940090641675
7181,0,0.5008698830082402
7182,0,0.5017614383038992
7183,0,0.5008431173544893
7184,0,0.5004290751582294
7185,0,0.501841057423084
7186,0,0.5001809199632473
7187,0,0.5011513357012922
7188,0,0.5006723324946698
7189,0,0.5003969058273956
7190,0,0.5047679140166608
7191,0,0.5002879968994939
7192,0,0.5017042210493067
7193,0,0.5010893792127887
7194,0,0.5001813462865872
7195,0,0.5023150052979084
7196,0,0.5012215526834689
7197,0,0.5002350346470323
7198,0,0.5001548463586831
7199,0,0.5004108316938031
7200,0,0.5003672433947989
7201,0,0.5005806192571565
7202,0,0.5019421666998332
7203,0,0.5004566088735115
7204,0,0.5008922886833145
7205,0,0.5004085952619836
7206,0,0.5000855152671527
7207,0,0.5074981710915738
7208,0,0.5012804855058446
7209,0,0.5088724306556729
7211,0,0.5010966672137905
7212,0,0.5014451263609867
7213,0,0.5009176870618832
7214,0,0.501752133624539
7215,0,0.5006506690820328
7216,0,0.5012661018358098
7217,0,0.500568123089888
7218,0,0.5232345156730052
7219,0,0.5051557083222258
7220,0,0.5007361670904854
7221,0,0.5084977301869275
7222,0,0.5020680159244763
7223,0,0.5000250076827489
7224,0,0.5008183949687053
7225,0,0.5024609873827258
7226,0,0.5017633430671302
7227,0,0.5014401119580243
7228,0,0.5000287272798035
7229,0,0.5002159476137993
7230,0,0.5065875619323237
7231,0,0.5002325912405873
7232,0,0.5015980909899903
7233,0,0.5001067534137776
7234,0,0.5020442505950674
7235,0,0.5002150643716367
7236,0,0.5001944904924118
7237,0,0.5006657268581081
7238,0,0.5136554529304341
7239,0,0.5001458199092018
7240,0,0.5001101626506792
7242,0,0.5009204870007542
7243,0,0.5032215454331015
7244,0,0.5011594721016596
7245,0,0.5003490473705169
7246,0,0.5004073953752438
7247,0,0.5004188584106967
7248,0,0.5000735978909373
7249,0,0.5012898753071695
7250,0,0.5021033619643243
7251,0,0.5003783730060587
7252,0,0.5002678514101695
7253,0,0.5001265017046764
7254,0,0.5001580501522971
7255,0,0.5008340365628278
7256,0,0.5021982300900073
7257,0,0.5000555821651715
7258,0,0.5001429150604976
7259,0,0.500864850594588
7260,0,0.5004368717406398
7261,0,0.5007568797196683
7262,0,0.5007186590322157
7263,0,0.5002454652726842
7264,0,0.5007010421750958
7265,0,0.5035416985603459
7266,0,0.503759473176583
7267,0,0.5001812094202079
7268,0,0.501287425009683
7269,0,0.5008816941395433
7270,0,0.5006604460170196
7271,0,0.5063888938813588
7272,0,0.5002797385091184
7273,0,0.5002149167791424
7274,0,0.5009609589177484
7275,0,0.5037981386380722
7276,0,0.5005978965576694
7277,0,0.500159459658685
7278,0,0.5004356544276601
7279,0,0.5006460742519202
7280,0,0.500260062103617
7282,0,0.5014636903412483
7283,0,0.5000348963504279
7284,0,0.502046542681051
7285,0,0.5022819917512668
7286,0,0.500835675117244
7287,0,0.5005332951664908
7288,0,0.5020357445049548
7289,0,0.50028792958127
7290,0,0.5019022052687746
7291,0,0.5003582576867315
7292,0,0.5002020579596312
7293,0,0.5008645336657377
7294,0,0.5003869960629712
7295,0,0.5015140148323662
7296,0,0.5000743507100603
7297,0,0.5005360536463274
7298,0,0.5037249652544413
7299,0,0.5070187592518662
7300,0,0.5001260661300724
7301,0,0.5000344852467487
7302,0,0.5009776282745816
7303,0,0.5003940680410909
7304,0,0.500276008532614
7305,0,0.5015538014833402
7306,0,0.5013421474822278
7307,0,0.5002639776667513
7308,0,0.5026717606668661
7309,0,0.5001935440544966
7310,0,0.5002267510226792
7311,0,0.5012428231263713
7312,0,0.519233549313343
7313,0,0.5007192425171803
7314,0,0.5008969547960086
7315,0,0.5003330550221857
7316,0,0.5030774685574044
7317,0,0.5007366210575812
7318,0,0.5002103290607128
7319,0,0.5008382795726829
7320,0,0.5008419214937321
7321,0,0.5000557111982024
7322,0,0.5007021236544349
7323,0,0.5008609590140534
7324,0,0.5004674863111268
7325,0,0.5015345003685809
7326,0,0.5048409193655976
7327,0,0.5025195291388346
7328,0,0.5005367620168688
7329,0,0.5013555776742618
7330,0,0.5009177571131077
7331,0,0.5021395883328241
7332,0,0.5001218826798887
7333,0,0.5089136121209908
7334,0,0.5003588421511252
7335,0,0.5002226638223956
7336,0,0.5001903131540358
7337,0,0.5017116104011113
7338,0,0.5005821785697269
7339,0,0.5030843938401112
7340,0,0.5009603528389994
7341,0,0.5012855529447472
7342,0,0.5004547858355092
7343,0,0.5001368155365
7345,0,0.5008952515658044
7346,0,0.5047752368751827
7347,0,0.5005954986206324
7348,0,0.5003644799251196
7349,0,0.5000978577139731
7350,0,0.5003161836491985
7351,0,0.5002452903391095
7352,0,0.5000862668819109
7353,0,0.5046330298372793
7354,0,0.5001519109804181
7355,0,0.5002837214005965
7356,0,0.504532069627925
7357,0,0.5001637490498495
7358,0,0.5001316071306849
7359,0,0.5017225664299932
7360,0,0.500213911414007
7361,0,0.500325339452872
7362,0,0.5019106572510147
7363,0,0.5005220136978793
7364,0,0.5004074976091784
7365,0,0.5011964052361618
7367,0,0.5009824722197976
7368,0,0.5011635860126346
7369,0,0.5121094718939343
7370,0,0.5002767108985164
7371,0,0.502503792044914
7372,0,0.5001056099253421
7373,0,0.5002105028912534
7374,0,0.5039724885875995
7375,0,0.5003836577622726
7376,0,0.5016896435317797
7377,0,0.5054460181676838
7378,0,0.5003603912641356
7379,0,0.5002408599509436
7380,0,0.5049248719960799
7381,0,0.5029470868787975
7382,0,0.5021001406273334
7383,0,0.5006211032146483
7385,0,0.5018041139921846
7386,0,0.5002647004160314
7387,0,0.5002006567870546
7388,0,0.503006408808285
7389,0,0.5015926943423117
7390,0,0.5011417487710682
7391,0,0.501334968956836
7392,0,0.5013134590068332
7393,0,0.5000907500891704
7394,0,0.5001629419815109
7395,0,0.5004840301223765
7396,0,0.5003407297342701
7397,0,0.5007220132975224
7398,0,0.5018696989703866
7399,0,0.5006143261254636
7400,0,0.5003436487194892
7401,0,0.500200815402616
7402,0,0.5009290179400308
7403,0,0.5003808502782892
7404,0,0.5031021083217124
7405,0,0.5005685942705419
7406,0,0.5002884578661265
7407,0,0.5006458205400225
7408,0,0.5012942242503572
7409,0,0.5005984512945042
7410,0,0.5024982885302206
7411,0,0.5013580607657002
7412,0,0.5001492771526708
7413,0,0.5004909506062831
7414,0,0.5002534887781405
7415,0,0.5008993484608154
7416,0,0.5005225743688358
7417,0,0.5160437217492277
7418,0,0.5010908836007009
7419,0,0.503880127558761
7420,0,0.500170859200587
7421,0,0.5005367720743268
7422,0,0.5001393476024462
7423,0,0.5010994276230393
7424,0,0.5040455559451789
7425,0,0.5002483850218111
7426,0,0.5000876454702136
7427,0,0.5019212627097122
7428,0,0.5002180064048393
7429,0,0.5027782747593595
7430,0,0.5053491753025937
7431,0,0.5013085523301662
7432,0,0.501778488389995
7433,0,0.5005674303502026
7434,0,0.5002138073561605
7435,0,0.5059398701167777
7436,0,0.5005130915527746
7437,0,0.5015655201720991
7438,0,0.5006538721441505
7439,0,0.5013451842503265
7440,0,0.5026108037574852
7441,0,0.5000422416150184
7442,0,0.5008340095348967
7443,0,0.5001949408227783
7444,0,0.5019507807422892
7445,0,0.5011229596260952
7446,0,0.5016092033697362
7447,0,0.5004980962237562
7448,0,0.5022321574290007
7449,0,0.5001787985884122
7450,0,0.5001709124333364
7451,0,0.5003354841099461
7452,0,0.5039132874030915
7453,0,0.502187279288876
7454,0,0.5005739013248054
7455,0,0.5008865258179132
7456,0,0.5025883097623141
7457,0,0.5014888740205561
7458,0,0.5008531504119647
7459,0,0.5054078419230127
7460,0,0.5007026879847392
7461,0,0.5014290727888054
7462,0,0.5010038558640337
7463,0,0.5006502280257755
7464,0,0.501866251056451
7465,0,0.5003414396851674
7466,0,0.5000977152097548
7467,0,0.5004693275841423
7468,0,0.500631639959787
7469,0,0.5029666644067049
7470,0,0.5040798105023594
7471,0,0.5006496473675316
7472,0,0.5210864789163523
7473,0,0.5004493858400979
7474,0,0.5037561020786684
7475,0,0.5005599985739037
7476,0,0.5003119286746214
7477,0,0.5078969277918857
7478,0,0.5037104063650877
7479,0,0.5041953747028675
7480,0,0.501517985915383
7481,0,0.5003610770453429
7482,0,0.500142650260276
7483,0,0.5065104534223029
7484,0,0.5026742171540478
7485,0,0.5017908678316262
7486,0,0.5007512997967059
7487,0,0.5006887583084305
7488,0,0.5000888651200586
7489,0,0.50091259930441
7490,0,0.5014154233272812
7491,0,0.5014207631383374
7492,0,0.5003214794660823
7493,0,0.5017130048136532
7494,0,0.5035019925639278
7495,0,0.5045270896233359
7496,0,0.5014739977633749
7497,0,0.5029280449161138
7498,0,0.500505272778207
7499,0,0.5000904392200739
7500,0,0.5005324546256887
7501,0,0.50314453861297
7502,0,0.5045517328546655
7503,0,0.5002812139576933
7504,0,0.5003308883015186
7505,0,0.5007259394480345
7506,0,0.5003582594968128
7507,0,0.5001319257535363
7508,0,0.5001395858189548
7509,0,0.5004522068678039
7510,0,0.5017647496135073
7511,0,0.5002965562390688
7512,0,0.5004368601426074
7513,0,0.504866144026885
7514,0,0.5001778356631654
7515,0,0.5005624845639891
7516,0,0.5007087315730906
7517,0,0.5003131802867772
7518,0,0.5023173791014414
7519,0,0.500085413866195
7520,0,0.5009460948433715
7522,0,0.5023305781257896
7523,0,0.5004706337024429
7524,0,0.5032142121033183
7525,0,0.5140702607007502
7526,0,0.5023022349735536
7527,0,0.5001742815407481
7528,0,0.5000464415166395
7529,0,0.5032546502854813
7530,0,0.5001993789158063
7531,0,0.5011747656517875
7532,0,0.5017111456592909
7533,0,0.5004612998315441
7534,0,0.5034431009973858
7535,0,0.5002291936172625
7536,0,0.5008905057027365
7537,0,0.5628636466290523
7538,0,0.5011534037560645
7539,0,0.5001602347207917
7540,0,0.5070391245631922
7541,0,0.5005553011440317
7542,0,0.5001691295031864
7543,0,0.5001821949139797
7544,0,0.5065861453736389
7545,0,0.5001827711315118
7546,0,0.5022268428931197
7547,0,0.5022504817160336
7548,0,0.5001782926383367
7549,0,0.50038278635444
7550,0,0.5003597322600692
7551,0,0.5003212023335909
7552,0,0.5011357322034401
7553,0,0.5003349733527279
7554,0,0.5000698459525431
7555,0,0.5058872734163119
7556,0,0.5025771641320647
7557,0,0.5020219044349665
7558,0,0.5018410317551285
7559,0,0.5008638277590384
7560,0,0.5008221304423166
7561,0,0.5003919977505945
7562,0,0.5010290354460447
7563,0,0.5005196035503197
7564,0,0.5005644187912105
7565,0,0.5015033502420315
7566,0,0.500298890114303
7567,0,0.5001323277848382
7568,0,0.5019648094949309
7569,0,0.5006786061043962
7570,0,0.5017048779672293
7571,0,0.504038147474637
7572,0,0.5012504566921191
7573,0,0.5001681322635863
7574,0,0.5004256231629853
7575,0,0.5024660898289134
7576,0,0.5000837622343175
7577,0,0.5002197079564433
7578,0,0.5039199899611114
7579,0,0.5001360389477852
7580,0,0.5002351263125298
7581,0,0.5006177942114273
7582,0,0.5000232043588704
7583,0,0.5012040775072676
7584,0,0.5003841866822484
7585,0,0.5011566386737712
7586,0,0.500685800050446
7587,0,0.5007683344193998
7588,0,0.5002519542116639
7589,0,0.5007515862986269
7590,0,0.5007015109735447
7591,0,0.5020373284640522
7592,0,0.5007612987026226
7593,0,0.5000429040243324
7594,0,0.5006812574911176
7595,0,0.5007851562177967
7596,0,0.5003842184449038
7597,0,0.5011391887830611
7598,0,0.5003744183299784
7599,0,0.5008090619085876
7600,0,0.5012554204548937
7601,0,0.501335034018031
7602,0,0.5011411967043715
7603,0,0.5002400553992362
7604,0,0.5001288094448779
7605,0,0.501311354973607
7606,0,0.5062870004968575
7607,0,0.5001557247683742
7608,0,0.5014235723252425
7609,0,0.5001006840870785
7610,0,0.507025131706362
7611,0,0.5000788126764217
7612,0,0.5006457054660678
7613,0,0.5003329365306731
7614,0,0.5020228425179643
7615,0,0.502206006009516
7616,0,0.5007686946100881
7617,0,0.5009006979689388
7618,0,0.5000420644693393
7619,0,0.5163778249859649
7620,0,0.5025986562647462
7621,0,0.5001754206248838
7622,0,0.5006000676888654
7623,0,0.5073869376518488
7624,0,0.5006852828059553
7625,0,0.5059509629562783
7626,0,0.5004608629593803
7627,0,0.5001280414799979
7628,0,0.5060107584585785
7629,0,0.501240705421604
7630,0,0.501244825347447
7631,0,0.501127142853587
7632,0,0.5003295638266788
7633,0,0.501102063003792
7634,0,0.5002231866651186
7635,0,0.500660104369442
7636,0,0.5013497880240669
7637,0,0.501742342625128
7638,0,0.5001145968625342
7639,0,0.503127450759268
7640,0,0.5000748963374235
7641,0,0.500973806445482
7642,0,0.5013256448019736
7643,0,0.5015876222552804
7644,0,0.5016397476613783
7645,0,0.506163793638126
7646,0,0.5002346697887713
7647,0,0.5027151009153191
7648,0,0.5006303405313507
7649,0,0.5001172502927268
7650,0,0.5001909646143
7651,0,0.500027910136799
7652,0,0.5014343011431249
7653,0,0.5011169657671194
7654,0,0.5007665221432834
7655,0,0.5008509103748403
7656,0,0.5002637774425676
7657,0,0.5023951612446659
7658,0,0.5026180530804757
7659,0,0.5002357689757112
7660,0,0.5005308743040533
7661,0,0.5001035734164606
7662,0,0.5001428775243861
7663,0,0.5072574361852275
7664,0,0.5002012360561731
7665,0,0.5001217207505777
7666,0,0.5009764670172493
7667,0,0.5003096248040033
7668,0,0.5000678337252356
7669,0,0.5007800927658026
7670,0,0.5009977137331456
7671,0,0.5017950338784274
7672,0,0.5230210554182668
7673,0,0.5007018233898927
7674,0,0.5008759575443238
7675,0,0.5014709836263614
7676,0,0.5020327141689436
7677,0,0.504926471375016
7678,0,0.5000408611288351
7679,0,0.5000878946741091
7680,0,0.50008054553517
7681,0,0.5025638814084306
7682,0,0.5009468523319085
7683,0,0.5004685614881126
7684,0,0.5004877155894035
7685,0,0.5001313000595147
7686,0,0.500298721813989
7687,0,0.5007995126908416
7688,0,0.5023847888347921
7689,0,0.5046141118130776
7690,0,0.5238393276479244
7691,0,0.5040836233186342
7692,0,0.5008715663187486
7693,0,0.5012282457926055
7694,0,0.5000851351874873
7695,0,0.5001383830224684
7696,0,0.5010000542655711
7697,0,0.5004002300482476
7698,0,0.5006906219945391
7699,0,0.5008683267273423
7700,0,0.5005524685059236
7701,0,0.5005438055410084
7702,0,0.5001793738801255
7703,0,0.5003083124504689
7704,0,0.5005894189542972
7705,0,0.5014337192210467
7706,0,0.5009054536821013
7707,0,0.5001014119398247
7708,0,0.5012466067428049
7709,0,0.5025289570224718
7710,0,0.5005672503948997
7711,0,0.5009043780379595
7712,0,0.5041108748012825
7713,0,0.5009717801559156
7714,0,0.5000987087276515
7715,0,0.5002362108393724
7716,0,0.5005549761440016
7717,0,0.500310607428325
7718,0,0.5014233437690582
7719,0,0.5005533716554045
7720,0,0.5004471579235323
7721,0,0.5003768349543919
7722,0,0.5688533364709745
7723,0,0.5020899363651472
7724,0,0.5073473106415638
7725,0,0.5004639162139006
7726,0,0.5005194554539643
7727,0,0.5007260297441414
7728,0,0.502154534382669
7729,0,0.5006926170690159
7730,0,0.5009202460073904
7731,0,0.5004759506034603
7732,0,0.5000657672223152
7733,0,0.5015678436874356
7734,0,0.5011402040043975
7735,0,0.5009579457175286
7736,0,0.5009768924411278
7737,0,0.5009421339669468
7738,0,0.5001366317896978
7739,0,0.5002118880549465
7740,0,0.501693377825598
7741,0,0.50030401647046
7742,0,0.5016398438767147
7743,0,0.5008864834365735
7744,0,0.5002891457950058
7745,0,0.5011025693246951
7746,0,0.5009461038773176
7747,0,0.5002010123967415
7748,0,0.5018828074850501
7749,0,0.5001275656973069
7750,0,0.5000895087887485
7751,0,0.5034744748662693
7752,0,0.5024405095509554
7753,0,0.5017807256805337
7754,0,0.5032877201435978
7755,0,0.5001360083420268
7756,0,0.5007264736941242
7757,0,0.5001212966755365
7758,0,0.5001263463142436
7759,0,0.5034406095494637
7760,0,0.5021603220018938
7761,0,0.5003653714642369
7762,0,0.5023615283133971
7763,0,0.5026124232227195
7764,0,0.5010162048389484
7765,0,0.5004016620872728
7766,0,0.500345890554846
7767,0,0.5047059592543549
7768,0,0.5034579345985583
7769,0,0.5004243859365196
7770,0,0.5006566608007684
7771,0,0.501830100060713
7772,0,0.5001687339078539
7773,0,0.5008526154707409
7774,0,0.500591527448191
7775,0,0.5121475079973516
7776,0,0.501960842464776
7777,0,0.5008737657575952
7778,0,0.5023148215762329
7779,0,0.5065763974910865
7780,0,0.5097976970093705
7781,0,0.5003363438163947
7782,0,0.5005928670659077
7783,0,0.5003319967413546
7784,0,0.5005200147101514
7785,0,0.5011360006617961
7786,0,0.5002530358385499
7787,0,0.5030070311320545
7788,0,0.5007485338743233
7789,0,0.5030882889228644
7790,0,0.5001800152886574
7791,0,0.5028193981878935
7792,0,0.5004438605758373
7794,0,0.5020297714529799
7795,0,0.5003535684840249
7796,0,0.500591035501311
7797,0,0.5013773696141095
7798,0,0.5001001504684265
7799,0,0.5035517010619386
7800,0,0.500942013632693
7801,0,0.5007319962618381
7802,0,0.5006872089542307
7803,0,0.5002166966367407
7804,0,0.5001229765708043
7805,0,0.502224124980959
7806,0,0.5037195735316486
7807,0,0.5004972271808197
7808,0,0.5004342040994613
7809,0,0.5048016342615651
7810,0,0.522348702188192
7811,0,0.5231402999730149
7812,0,0.500838012160526
7813,0,0.500374938252353
7814,0,0.5014685173156965
7815,0,0.5002081541350502
7816,0,0.5005428157355296
7817,0,0.5005902240349384
7819,0,0.5018089930209195
7820,0,0.5011243791146773
7822,0,0.50106066278483
7823,0,0.5004805871830565
7824,0,0.5001338796469228
7825,0,0.5005510635847221
7826,0,0.5006225849489261
7827,0,0.5002686244441485
7828,0,0.5013731911933903
7829,0,0.5178595641049578
7830,0,0.5003428934986598
7831,0,0.5000755795761586
7832,0,0.5020073914078164
7833,0,0.5006766251213459
7834,0,0.500167025989195
7835,0,0.5001680797327335
7836,0,0.5009625529336263
7837,0,0.5018836058514028
7838,0,0.5013495855985235
7839,0,0.5003238401113403
7840,0,0.5005138829053424
7841,0,0.5024780936281628
7842,0,0.5000725501008227
7843,0,0.5002781834084098
7844,0,0.5004002317655509
7845,0,0.5014210969891286
7846,0,0.5003117232210319
7847,0,0.5037166008437504
7848,0,0.5000993430839406
7849,0,0.5018480562041504
7850,0,0.503768262749321
7851,0,0.501648351230829
7852,0,0.5002332309495033
7853,0,0.500137504642146
7854,0,0.5120867213549228
7855,0,0.5003208869121835
7856,0,0.5004302177613628
7857,0,0.5011765968889001
7858,0,0.5002687915371012
7859,0,0.50113140953896
7860,0,0.5010342898052942
7862,0,0.5007093895591862
7863,0,0.5008710125310556
7864,0,0.500139596555502
7865,0,0.5006239458459095
7866,0,0.5006138340526631
7867,0,0.5031489667497024
7868,0,0.5000972138213877
7869,0,0.5005480357483517
7870,0,0.5027410176394312
7871,0,0.5005683400477275
7872,0,0.5005356656284145
7873,0,0.5015471883883421
7874,0,0.5037443175048925
7875,0,0.5001553149906063
7876,0,0.5004015314917898
7878,0,0.5001099515171356
7879,0,0.5068018655154255
7880,0,0.5006975555342862
7881,0,0.501293258884989
7882,0,0.500369515261119
7883,0,0.5009347397450211
7884,0,0.5003147072194775
7885,0,0.5004569429648461
7886,0,0.5000708711347435
7887,0,0.5166962283535632
7888,0,0.5008242264226138
7889,0,0.5010846863266982
7890,0,0.5026093078803708
7891,0,0.501058516218263
7892,0,0.5009683616992835
7893,0,0.5000654149557979
7894,0,0.5024335357621409
7895,0,0.5015227119892758
7896,0,0.500354479995738
7897,0,0.5010602380929502
7898,0,0.5009625296315176
7899,0,0.500144356463003
7900,0,0.5004912507471516
7901,0,0.5009857683327968
7902,0,0.5006918045167906
7903,0,0.5006256671499565
7904,0,0.5375604862518144
7905,0,0.5114107369196084
7906,0,0.5012887009937212
7907,0,0.500360105360363
7908,0,0.5003717844658908
7909,0,0.5000765385359044
7910,0,0.5020256865287274
7911,0,0.5026993978144072
7912,0,0.5007165255609778
7913,0,0.5007068653393926
7914,0,0.5001647080271411
7916,0,0.5008740635494697
7917,0,0.5076515875996814
7918,0,0.5002312287169545
7919,0,0.5020143844127015
7920,0,0.5003055164248152
7921,0,0.502094104065788
7923,0,0.5000686837278843
7924,0,0.5003542116708576
7925,0,0.5002313478336249
7926,0,0.502924490580937
7927,0,0.5002879004358244
7928,0,0.5000298693851046
7929,0,0.5010214364383463
7930,0,0.5004786620208483
7931,0,0.5011034094572544
7932,0,0.5002308272901267
7933,0,0.5003202877815626
7934,0,0.5008372570733775
7935,0,0.5030663750342182
7936,0,0.5000726946985681
7937,0,0.5003224680455176
7938,0,0.5004827738635429
7939,0,0.5037708734103743
7940,0,0.5006458015191
7941,0,0.5001182012104938
7942,0,0.5002413901486888
7943,0,0.502016668466767
7944,0,0.5004989192429355
7945,0,0.5014595490582899
7946,0,0.5012937267690755
7947,0,0.5001750589779352
7948,0,0.500303538757028
7949,0,0.5072865673473574
7950,0,0.5004030547534146
7951,0,0.5001755861978134
7952,0,0.5009005634517854
7953,0,0.5005702022199972
7954,0,0.5001464885520363
7955,0,0.500675330839408
7956,0,0.5014244888218616
7957,0,0.502496298553203
7958,0,0.5097659792940386
7959,0,0.5021161141955918
7960,0,0.500443004384226
7961,0,0.5012382607278351
7962,0,0.5005346209829458
7963,0,0.5049926919583343
7964,0,0.5002573682172256
7965,0,0.501542029450708
7966,0,0.5011519738934153
7967,0,0.502743763509266
7968,0,0.5046248280702306
7969,0,0.5016556683175583
7970,0,0.5002376930412615
7971,0,0.5006317706609021
7972,0,0.50016547239756
7973,0,0.5016214466572086
7974,0,0.5024419559102262
7975,0,0.5004412540296349
7976,0,0.5021793144453414
7977,0,0.5001676110822
7978,0,0.5021934286834066
7979,0,0.5004779251680266
7980,0,0.5008051374958099
7981,0,0.5014311944099924
7982,0,0.5001637211073148
7983,0,0.5003272698742433
7984,0,0.5047097661425879
7985,0,0.5070882700432127
7986,0,0.5016021445624804
7987,0,0.5002594859187146
7988,0,0.5043264599276247
7989,0,0.5000944165400595
7990,0,0.5071122359767521
7991,0,0.5001081216096935
7992,0,0.5001954888891578
7993,0,0.5003927311777556
7994,0,0.5003046240512883
7995,0,0.5001273919563008
7996,0,0.501680239981909
7997,0,0.5141674826190519
7998,0,0.500364310892669
7999,0,0.5027705018283167
8000,0,0.5021520033911714
8001,0,0.5004094250325832
8002,0,0.5002602671905267
8003,0,0.5006033132302118
8004,0,0.5001284694018492
8005,0,0.5015803880632167
8006,0,0.5006331821463872
8007,0,0.509413585110105
8008,0,0.5022823023464168
8009,0,0.5014381230034598
8010,0,0.5022502164038752
8011,0,0.5014923721832584
8012,0,0.5003358853287233
8013,0,0.5003687349197017
8014,0,0.5059394146982749
8015,0,0.5006481754010549
8016,0,0.5002954729071087
8017,0,0.5005171202447963
8018,0,0.5031080572366896
8019,0,0.5001174211350857
8020,0,0.5002689173862374
8021,0,0.5002029314210643
8022,0,0.500402050337645
8023,0,0.500705743802796
8024,0,0.5003213644699521
8025,0,0.5010422423312348
8026,0,0.5007173065883932
8027,0,0.5035121425251171
8028,0,0.5014565966278043
8029,0,0.5023130909597298
8030,0,0.5021951397099543
8031,0,0.5014889823887964
8032,0,0.5010961426400121
8033,0,0.501357677718245
8034,0,0.5011036463739253
8035,0,0.503808117269642
8036,0,0.5007397456400762
8037,0,0.5006128299962869
8038,0,0.5038702154946618
8039,0,0.5007031660704785
8040,0,0.5000586136487458
8041,0,0.5006731269533288
8042,0,0.5142069940639185
8043,0,0.5011615708000078
8044,0,0.5014735469700635
8045,0,0.5001665135185024
8046,0,0.5004808021961893
8047,0,0.5000824525732994
8048,0,0.5018305236604349
8049,0,0.5006532350026439
8050,0,0.5005708183235772
8051,0,0.5014562324121317
8052,0,0.5020501353818503
8053,0,0.5049967684434826
8054,0,0.501737333781775
8055,0,0.5011255828429961
8056,0,0.5022317106484675
8057,0,0.5009280376632095
8058,0,0.5012474988819015
8059,0,0.501674786967541
8060,0,0.500674186133976
8061,0,0.5008572094216339
8062,0,0.500451126540348
8063,0,0.5001203546326197
8064,0,0.5010758509419934
8065,0,0.5001897421829338
8066,0,0.5002904927181182
8067,0,0.5008030248559611
8069,0,0.5018967811260778
8070,0,0.5001305059369269
8071,0,0.5006557457595995
8072,0,0.501002113720646
8073,0,0.5006445505523349
8074,0,0.5000341800818127
8075,0,0.5011750404520956
8076,0,0.5003316736235901
8077,0,0.5013208753943679
8078,0,0.500371671573958
8079,0,0.5006192423864404
8080,0,0.5001447234610048
8081,0,0.5021601796113854
8082,0,0.5003123385234657
8083,0,0.5005465033923691
8084,0,0.5000684821724
8085,0,0.5003914656370881
8086,0,0.5006534300028783
8087,0,0.5011159698849337
8088,0,0.5009716292583372
8089,0,0.5004034736325468
8090,0,0.500519682361311
8091,0,0.5045121409424986
8092,0,0.5005700300960966
8093,0,0.5028201247035383
8094,0,0.5051761935537167
8096,0,0.5001680648800183
8097,0,0.5002066559880582
8098,0,0.5008410618396528
8099,0,0.5011832469613154
8100,0,0.5012427590782575
8101,0,0.501074928061314
8102,0,0.5003951414162846
8103,0,0.5003390068698049
8104,0,0.5002062594525961
8105,0,0.5002554789753
8106,0,0.5004189998606251
8107,0,0.5004250866907701
8108,0,0.5017924705856016
8109,0,0.5025824034809482
8110,0,0.5011127407171239
8111,0,0.5005144500608608
8112,0,0.5006097692587106
8113,0,0.5000585883469209
8114,0,0.5020425194852809
8115,0,0.5010801547016245
8117,0,0.5002489991936013
8118,0,0.5003961062604142
8119,0,0.5007924130469195
8120,0,0.5009184606629251
8121,0,0.5001308361854333
8122,0,0.5018734622104554
8123,0,0.5018844693258645
8124,0,0.5006378549768028
8125,0,0.5023665080566163
8126,0,0.5006072058614021
8127,0,0.5000668135885619
8128,0,0.5007025722380172
8129,0,0.5001966931625293
8130,0,0.5001198719136039
8131,0,0.500259069436804
8132,0,0.5051081713782652
8133,0,0.5002481914121701
8134,0,0.5016039284867403
8135,0,0.5011476966426719
8136,0,0.5001470562503484
8137,0,0.5025525226347727
8138,0,0.5000995820212564
8139,0,0.5041251493985354
8140,0,0.5015812411758247
8141,0,0.5005250443296919
8142,0,0.5005456015409798
8143,0,0.5003170682810842
8144,0,0.5008147212105104
8145,0,0.5002766595705147
8146,0,0.5004453728798559
8147,0,0.5003978109583764
8148,0,0.5011097161483491
8149,0,0.5001787822553062
8150,0,0.5002236469690942
8151,0,0.500273519803918
8152,0,0.5001852811786038
8153,0,0.5007452317211667
8154,0,0.5010302885333751
8155,0,0.5019017399482462
8156,0,0.500904571022039
8157,0,0.5005411681890254
8158,0,0.5065833316186995
8159,0,0.5038242255341567
8160,0,0.500160184915342
8162,0,0.5001314256140067
8163,0,0.500146286649646
8164,0,0.5003908185223915
8165,0,0.5006020470381559
8166,0,0.5011122234788467
8167,0,0.5007759493249391
8168,0,0.5001495164802048
8169,0,0.5000988193123478
8170,0,0.5022070817648329
8171,0,0.5003654091232914
8173,0,0.5004280418589376
8174,0,0.5004337745134019
8175,0,0.5016723364911448
8176,0,0.5003577685277707
8177,0,0.5001692610184175
8178,0,0.5011758339657851
8179,0,0.503469757637938
8180,0,0.5229754243359033
8181,0,0.5007422909920536
8182,0,0.5014730163997234
8183,0,0.5018540636602868
8184,0,0.5012822283160412
8185,0,0.5002229116143679
8186,0,0.5002430196782547
8187,0,0.500153378187856
8188,0,0.5001993813984273
8189,0,0.5256444349648708
8190,0,0.5021909650378275
8191,0,0.5009949760188609
8192,0,0.5006419508565148
8193,0,0.5003239774138544
8194,0,0.501309474560105
8195,0,0.5018716069978773
8196,0,0.5009927767623514
8197,0,0.5005857431101902
8198,0,0.5000695268498773
8199,0,0.5006463368961209
8200,0,0.5007146750773306
8201,0,0.5006830350065354
8202,0,0.5005463828648183
8203,0,0.505220859848494
8204,0,0.5003781597865509
8205,0,0.5013410409442948
8206,0,0.5017026210601088
8207,0,0.5016243587987296
8208,0,0.5002010595340844
8209,0,0.5004264801812928
8211,0,0.5004484702840648
8212,0,0.5027886023222545
8213,0,0.512697556595372
8214,0,0.5001793067087332
8215,0,0.5003005239507718
8216,0,0.500914809171451
8217,0,0.5011486649310437
8218,0,0.502004024281993
8219,0,0.5000866914704145
8220,0,0.5008406287294103
8221,0,0.5003792845612453
8222,0,0.5003729123994161
8223,0,0.500097129432815
8224,0,0.5007304130177397
8225,0,0.5001287717477672
8226,0,0.5012302238755304
8227,0,0.500118003666369
8229,0,0.5000386917778868
8230,0,0.5001520720712083
8231,0,0.5001939067322169
8232,0,0.5037180130796428
8233,0,0.5004446536068693
8234,0,0.5001631804350732
8235,0,0.5032608346150017
8236,0,0.5011659509624934
8237,0,0.5020447302453896
8238,0,0.5001057413872607
8240,0,0.5015038749364265
8241,0,0.5051390757260118
8242,0,0.5000704092556296
8243,0,0.5004446671342807
8244,0,0.5002695519146877
8245,0,0.5010610871285439
8246,0,0.5000685403101682
8247,0,0.5001449775977671
8248,0,0.5083190557516852
8250,0,0.5048185284069637
8251,0,0.5004504974650994
8252,0,0.5011887425330537
8253,0,0.5019377481074455
8254,0,0.5008507899740776
8255,0,0.5001462584164549
8256,0,0.5002039713457714
8257,0,0.5020849829432769
8258,0,0.5009579580916053
8259,0,0.5000802000972889
8260,0,0.5002154882815745
8261,0,0.5003256501282616
8262,0,0.5000767884104366
8263,0,0.5007428106392617
8264,0,0.5004878511596318
8265,0,0.5022726411019398
8266,0,0.5007601094025587
8267,0,0.5015900160464121
8268,0,0.5008892293217592
8269,0,0.5003662676589857
8270,0,0.500103962242784
8271,0,0.5001943115503306
8272,0,0.5000837241049879
8273,0,0.5001080858722778
8274,0,0.5011100764463873
8275,0,0.5010655832906479
8276,0,0.5013554310456767
8277,0,0.5001123656443888
8278,0,0.5005695433101953
8280,0,0.5008070226520637
8281,0,0.5007861969570583
8282,0,0.5000966105121967
8284,0,0.5028249684995777
8285,0,0.5010629724960782
8286,0,0.500064135452017
8287,0,0.5000506211366974
8288,0,0.5003456389190472
8289,0,0.5001366516428051
8290,0,0.5012329512248551
8291,0,0.5003760900287239
8292,0,0.5005006809366758
8293,0,0.5003886397806117
8294,0,0.5007973063661415
8295,0,0.5028334991181074
8296,0,0.5002128758697544
8297,0,0.5003279766696337
8298,0,0.5005437499392893
8299,0,0.5015140178877935
8300,0,0.5014106908746604
8302,0,0.500462657735568
8303,0,0.5019467196149858
8304,0,0.5006212355252799
8305,0,0.5015624858824873
8306,0,0.5005259785663229
8307,0,0.5004676529089722
8308,0,0.5001095148718255
8309,0,0.5269091745755342
8310,0,0.5024097961632858
8311,0,0.5010404058101132
8312,0,0.5007722396427433
8313,0,0.500524858550464
8314,0,0.5008905927628323
8315,0,0.5000869007796154
8316,0,0.5004653677117576
8317,0,0.5029694335519426
8318,0,0.5003668460748101
8319,0,0.5000800023016819
8320,0,0.5034265569758516
8321,0,0.5003866566922199
8323,0,0.5001826308756071
8324,0,0.5004971468291443
8325,0,0.5006870739259325
8326,0,0.5005677805033839
8327,0,0.5030749007402681
8328,0,0.5006336255032042
8329,0,0.5004824076016297
8330,0,0.5001707918911283
8331,0,0.5013184724943077
8332,0,0.501220342878953
8333,0,0.5002496976564859
8334,0,0.5003323216100083
8335,0,0.5013359091158934
8336,0,0.5004210577575637
8337,0,0.5022943625087891
8338,0,0.5092460069598401
8340,0,0.5005067292040776
8341,0,0.5000807233805381
8342,0,0.5003623385979565
8343,0,0.5000578341718644
8344,0,0.5001291032767726
8345,0,0.5010763064531456
8346,0,0.501458912959076
8347,0,0.5000385776791249
8348,0,0.502417129917507
8349,0,0.5012677841580628
8350,0,0.5047653933014083
8351,0,0.5000683773366349
8352,0,0.5001769869321485
8353,0,0.500102871713206
8354,0,0.5001328754165865
8355,0,0.5007128925409365
8356,0,0.5000874906273345
8357,0,0.5005999175447032
8358,0,0.5006216566892828
8359,0,0.5001945922376505
8360,0,0.5001401088055036
8361,0,0.5023209419959134
8362,0,0.5005243542575883
8363,0,0.5003720848862079
8364,0,0.5000514775954629
8365,0,0.5013618838842036
8366,0,0.5001287179604501
8367,0,0.500761056330311
8368,0,0.5004712960775264
8369,0,0.5031515008171825
8370,0,0.5000920378473552
8371,0,0.5002884214847426
8372,0,0.5004412770408093
8373,0,0.5005986275436679
8374,0,0.500580640513193
8375,0,0.5015057367706927
8376,0,0.5016612723935809
8377,0,0.502604515855062
8378,0,0.5041191583759009
8379,0,0.5012547301088703
8380,0,0.5011249853199579
8381,0,0.5003433515598912
8382,0,0.500547944277787
8384,0,0.5014721748923934
8385,0,0.5020159004873329
8386,0,0.5005470622030499
8387,0,0.5014327821855223
8388,0,0.5002127577243782
8389,0,0.502287059853814
8390,0,0.5013331509194004
8391,0,0.5019066456843494
8392,0,0.5005482220953037
8393,0,0.5016894128531298
8394,0,0.5039954448166923
8396,0,0.5007274156837148
8397,0,0.5005055748013267
8398,0,0.5018338280442268
8399,0,0.5002354426278718
8400,0,0.500265931678477
8401,0,0.502183252269717
8402,0,0.5007917438923699
8403,0,0.500591042978953
8404,0,0.5001715209113887
8405,0,0.5000545891493825
8406,0,0.5001768196175254
8407,0,0.5003985903924139
8408,0,0.5001994812899403
8409,0,0.5024682424914889
8410,0,0.5038167875359527
8411,0,0.5063718870198504
8412,0,0.5012835941060897
8413,0,0.5009400351437897
8414,0,0.5025635782526396
8415,0,0.5001485405178018
8416,0,0.5018133047429222
8417,0,0.5003801420689042
8418,0,0.5007324457496238
8419,0,0.5015000121017774
8420,0,0.5008285281713619
8421,0,0.5003531480306767
8422,0,0.5031831885440664
8423,0,0.503431983180007
8424,0,0.5007462506318837
8426,0,0.5009408905495295
8427,0,0.5007979693004693
8428,0,0.5005131927154589
8429,0,0.5003096248647453
8430,0,0.5001585185562155
8431,0,0.500615669681535
8432,0,0.5005767973333239
8433,0,0.5059172035347725
8434,0,0.5007610350662219
8435,0,0.500063333607349
8436,0,0.5014721055700183
8437,0,0.5011845949797663
8438,0,0.5020607470567724
8439,0,0.5000694190369314
8440,0,0.5006721349430059
8441,0,0.5026585436026102
8442,0,0.5064393767194074
8443,0,0.5013588030440191
8444,0,0.5011543964789142
8445,0,0.5005159278149341
8446,0,0.5001088689560506
8447,0,0.5008323633380731
8448,0,0.5002086395091843
8449,0,0.5011628024769941
8450,0,0.5010604305407779
8451,0,0.5135324462045373
8452,0,0.5011178189227556
8453,0,0.5002545997209897
8454,0,0.5001601855319938
8455,0,0.5064610287136769
8456,0,0.5003867457658401
8457,0,0.5021239916170834
8458,0,0.5005946078588833
8459,0,0.5047231068223704
8460,0,0.5002271203571564
8461,0,0.5031102462674172
8462,0,0.504825529281218
8463,0,0.5004273715794934
8464,0,0.5028116035729324
8465,0,0.5034658990562653
8466,0,0.5008829113228969
8467,0,0.5005541456499494
8468,0,0.5002430348504472
8469,0,0.5001267151122837
8470,0,0.5002459449864181
8471,0,0.500187692745074
8472,0,0.5003798131892201
8473,0,0.5005391381689734
8474,0,0.500353499385866
8475,0,0.502956303797479
8476,0,0.5017761919306275
8477,0,0.501180967818036
8478,0,0.5001072891772331
8479,0,0.5129398110273591
8480,0,0.5007076549142938
8481,0,0.5005317227438395
8482,0,0.5002412852379583
8483,0,0.5007516648638994
8484,0,0.50008839798644
8485,0,0.5003589209506887
8486,0,0.5011585140458341
8487,0,0.5019343680713605
8488,0,0.5017649543669365
8489,0,0.5000197534842784
8490,0,0.5010010020247203
8491,0,0.5014992272042761
8492,0,0.5018003862081005
8493,0,0.5031370200067867
8494,0,0.5027647163268478
8495,0,0.5003139833702828
8496,0,0.5011637526679672
8497,0,0.5052914728383184
8498,0,0.5005983361881629
8499,0,0.5015029117075115
8500,0,0.5016299640790398
8501,0,0.5000529353782823
8502,0,0.5005670274190396
8503,0,0.5053777595553135
8504,0,0.5011074619643437
8505,0,0.5002271332634155
8506,0,0.5018424280145843
8507,0,0.5001619318292462
8508,0,0.5004576528375235
8509,0,0.5002933904872873
8510,0,0.5011941799738738
8511,0,0.5021381903400277
8512,0,0.5023626678436998
8513,0,0.501088096017191
8514,0,0.5001754678609008
8515,0,0.5023104157148697
8516,0,0.5030459114404598
8517,0,0.5378961296484406
8518,0,0.5013714823457716
8519,0,0.500550615466533
8520,0,0.5005642692548583
8521,0,0.5056092657226523
8522,0,0.5009292874804273
8523,0,0.5000958585930118
8524,0,0.5002431543279908
8525,0,0.5000916214391583
8526,0,0.5006535150945819
8527,0,0.5009163746675017
8528,0,0.5044699735264221
8529,0,0.50006421079173
8530,0,0.5005499894745543
8531,0,0.5003263872085727
8532,0,0.500426896655326
8533,0,0.5037817790331822
8534,0,0.5001384135237497
8535,0,0.5018555766709586
8536,0,0.5014048236967994
8537,0,0.5002870374380902
8538,0,0.5010294166019911
8539,0,0.5005404215788936
8540,0,0.5010803855995062
8541,0,0.5014799495027925
8542,0,0.5007706454450245
8543,0,0.5004542277205033
8545,0,0.5002851203108641
8546,0,0.5002020716092761
8547,0,0.5037963676793981
8548,0,0.5001070692175326
8549,0,0.5023560355250856
8550,0,0.500173719730639
8551,0,0.5019761017065133
8552,0,0.5001744722025965
8553,0,0.5020792424955332
8554,0,0.5004583202604316
8555,0,0.502598311874109
8556,0,0.5003376465631937
8557,0,0.5000532375434907
8559,0,0.5003836980338322
8560,0,0.505088702089125
8561,0,0.5011801234926411
8562,0,0.5013835993541335
8563,0,0.5025269464387065
8564,0,0.5003407673545165
8565,0,0.5004664798746877
8566,0,0.5003045086185354
8567,0,0.5004640690156882
8568,0,0.5050496238831709
8569,0,0.5000525278487102
8570,0,0.5002408236865115
8571,0,0.5022641348896189
8572,0,0.5010111534532685
8573,0,0.5015208858937508
8574,0,0.5004629221970741
8575,0,0.5004750871564476
8576,0,0.5000634009299961
8577,0,0.5004293326284404
8578,0,0.5005415356582374
8579,0,0.5001408704618481
8580,0,0.5005912221837189
8581,0,0.5003727632653009
8582,0,0.5001817078491702
8583,0,0.5080032779723163
8584,0,0.5015054336255472
8585,0,0.5006182062468624
8586,0,0.5001892964373963
8587,0,0.5016756375378779
8588,0,0.5245688971823543
8589,0,0.5003757844979858
8590,0,0.5027895557907147
8591,0,0.5003232753334433
8592,0,0.5005856338767161
8593,0,0.500180915467786
8594,0,0.5001512255906311
8595,0,0.5008841510713686
8596,0,0.5000872313460774
8597,0,0.5038902380861708
8598,0,0.5001462102599478
8599,0,0.5045413346004797
8600,0,0.5007500640489079
8601,0,0.5002689550648298
8602,0,0.500314780491465
8603,0,0.5004986909196572
8604,0,0.531625144267042
8605,0,0.5133523618055141
8606,0,0.5139901180328545
8607,0,0.5051631399224844
8608,0,0.500329787625655
8609,0,0.5015365629751323
8610,0,0.50193565701134
8611,0,0.5000912092899251
8613,0,0.5028100605371394
8614,0,0.5007999273113336
8615,0,0.5018379345155132
8616,0,0.5027543459919516
8617,0,0.5004376591222384
8618,0,0.5021385686732455
8619,0,0.505327771122653
8620,0,0.5038054412337035
8621,0,0.5009465732304078
8623,0,0.5007952641649601
8624,0,0.5002069921275794
8625,0,0.5002916459035549
8626,0,0.5018582223751118
8627,0,0.5044446873499854
8628,0,0.5004376217982736
8629,0,0.5011988849669953
8630,0,0.5015092299390127
8631,0,0.5034878451803525
8632,0,0.5023857632644336
8633,0,0.5008703719944623
8634,0,0.5001563861661856
8635,0,0.5001267848939362
8636,0,0.5004863924320531
8637,0,0.500901324874176
8638,0,0.5008344203465428
8639,0,0.5045696633601959
8640,0,0.5010706230590614
8641,0,0.5027544219902922
8642,0,0.50009262026688
8643,0,0.5026141305989776
8644,0,0.5018719477899588
8645,0,0.5072753447345538
8646,0,0.5002222535452592
8647,0,0.5014086762034835
8648,0,0.500568055632146
8649,0,0.5015076761378344
8650,0,0.5002623772175238
8652,0,0.5003372739898276
8653,0,0.5017157117414615
8654,0,0.5003198026743632
8655,0,0.5010849414495758
8656,0,0.5003278363789653
8657,0,0.5013225657909094
8658,0,0.5030793367778846
8659,0,0.5002723410731102
8660,0,0.5021621719173812
8661,0,0.5004763147847784
8662,0,0.5003139280946726
8663,0,0.5046308269502271
8664,0,0.5144917564345206
8665,0,0.5003653345415526
8666,0,0.5002574363903911
8667,0,0.501301686416721
8668,0,0.5044562469351643
8669,0,0.5001165644899952
8670,0,0.5001983967520361
8671,0,0.5003499128956812
8672,0,0.503514360884127
8673,0,0.5003687091610131
8674,0,0.5002411488170162
8675,0,0.5008319015755056
8676,0,0.5001555933334815
8677,0,0.5007763857017814
8678,0,0.5106944482870855
8679,0,0.5006631852441409
8680,0,0.5034410429158339
8681,0,0.5034540281100585
8682,0,0.5009113026264321
8683,0,0.5007174340333038
8684,0,0.5001937975921515
8685,0,0.5003834966363693
8686,0,0.5005362187566458
8687,0,0.5002508776729786
8689,0,0.5002051515205607
8690,0,0.5008031926635127
8691,0,0.5016941670987091
8692,0,0.5022873945486709
8693,0,0.5000816381969271
8694,0,0.5008485580252439
8695,0,0.5005787171515227
8696,0,0.5007550374324979
8697,0,0.5007095119472095
8698,0,0.5002849375851693
8699,0,0.5033240124892118
8700,0,0.5001789627259577
8701,0,0.5017225916980255
8702,0,0.500139868978275
8703,0,0.5002682738946322
8704,0,0.5002035701908998
8705,0,0.5003040896837762
8706,0,0.500634314772238
8707,0,0.5007066825995613
8708,0,0.5017792068646272
8709,0,0.5024087847068384
8710,0,0.5013596316932255
8712,0,0.5031943047733884
8714,0,0.501346660641129
8715,0,0.5002643021685093
8716,0,0.5003694982622863
8717,0,0.5015181007879949
8718,0,0.501253463311513
8719,0,0.5002474438792747
8720,0,0.5007250916496878
8721,0,0.50005848859726
8722,0,0.5017196520815846
8723,0,0.5037420723383403
8724,0,0.5001719845175591
8725,0,0.5039060198301678
8726,0,0.5051842795355226
8727,0,0.501106162278751
8728,0,0.5011819462292684
8729,0,0.5001819099576714
8730,0,0.5013548466647939
8731,0,0.5014709426763742
8732,0,0.5079908223230734
8733,0,0.5006409420098643
8734,0,0.5010156165866609
8735,0,0.5049661192424652
8736,0,0.5004325654127261
8737,0,0.5001151021705253
8738,0,0.5018504878904149
8739,0,0.5011917301453737
8740,0,0.5001123761563327
8741,0,0.500222547734768
8742,0,0.5001035409181491
8743,0,0.5003663215292663
8744,0,0.5008795759921988
8745,0,0.5012302513670097
8746,0,0.5033719226722122
8747,0,0.5014311071208999
8748,0,0.5032243270920268
8749,0,0.5010356393580864
8750,0,0.501030649635071
8751,0,0.5008544530259005
8752,0,0.5059546874305691
8753,0,0.5001864319218084
8754,0,0.5007900515666699
8755,0,0.504761032897626
8756,0,0.5008310458569455
8757,0,0.5003528577297425
8758,0,0.5003950507962256
8759,0,0.5023533685583143
8760,0,0.501486636769146
8761,0,0.504622738860363
8762,0,0.5001349485244443
8763,0,0.5003134050424838
8764,0,0.5001756405493388
8765,0,0.5006440497163883
8766,0,0.5002811833779206
8767,0,0.503578894770072
8768,0,0.5029624951261848
8769,0,0.5057612451347758
8770,0,0.5016269825618533
8771,0,0.5001369104490239
8772,0,0.5009674993214878
8773,0,0.5007773997966215
8774,0,0.5006366099433083
8775,0,0.5005135462560024
8776,0,0.5001796118058671
8777,0,0.5011515708836296
8778,0,0.5001146003444747
8779,0,0.500520645966993
8780,0,0.5016821905564078
8782,0,0.500136318181766
8783,0,0.500134128379269
8784,0,0.5009770866782413
8785,0,0.5012202068907052
8786,0,0.5013598903822981
8787,0,0.5003329752261624
8788,0,0.5003926712995045
8789,0,0.5013560399974436
8790,0,0.5001473657070294
8791,0,0.5007711711200278
8793,0,0.5002226778834771
8794,0,0.5030535564619362
8795,0,0.5001765446426193
8796,0,0.5000879205363158
8797,0,0.5025714390016417
8798,0,0.5005515936703894
8799,0,0.5001315760875265
8800,0,0.5003516720819973
8801,0,0.5002611855275935
8802,0,0.5014049954315185
8803,0,0.5001099559696903
8804,0,0.5004142331217488
8805,0,0.5028507536065726
8806,0,0.502196778892755
8807,0,0.5010006921212052
8808,0,0.501633733562288
8809,0,0.5009279535485405
8810,0,0.501674529272469
8811,0,0.5004978952427239
8812,0,0.5016156090135357
8813,0,0.500087385483732
8814,0,0.501345421920129
8815,0,0.5000826705691577
8816,0,0.500665579959976
8817,0,0.5010017168943309
8818,0,0.5020366746867688
8819,0,0.5001937195302502
8820,0,0.5009486789657817
8821,0,0.5011041939394387
8822,0,0.5013696471707364
8823,0,0.5003944675026116
8824,0,0.5003565049096766
8825,0,0.5003235917559592
8826,0,0.5009702694246938
8827,0,0.5007193498830131
8828,0,0.5008674895143077
8829,0,0.5000904927236659
8830,0,0.500267014540145
8831,0,0.5002353258429114
8832,0,0.5015197583217906
8833,0,0.500151081998961
8834,0,0.5001615990208086
8835,0,0.5017248883142273
8837,0,0.5010557768363612
8838,0,0.5010475682021825
8839,0,0.50034479374343
8840,0,0.5056220066867251
8841,0,0.5043306466756999
8842,0,0.5013791112439421
8843,0,0.5003577225874498
8844,0,0.5016254231730832
8845,0,0.5013386784988528
8846,0,0.503109962209894
8847,0,0.5003095123744155
8848,0,0.5008673672763504
8849,0,0.5005764078062839
8850,0,0.5268577633887012
8851,0,0.5000134290502423
8852,0,0.500697261096044
8853,0,0.5013281533761954
8855,0,0.500128414274367
8856,0,0.5049805828594693
8857,0,0.5007654850585538
8858,0,0.5003067228788103
8859,0,0.5003725912356176
8860,0,0.5043754175861153
8861,0,0.5007400974083377
8862,0,0.5009413186011539
8863,0,0.5003982546164264
8864,0,0.5005808330706528
8865,0,0.500213115769915
8866,0,0.5053172396304304
8867,0,0.5008552482160373
8868,0,0.501668858157741
8869,0,0.5018885837584354
8870,0,0.5018411554485314
8871,0,0.5022712472651674
8872,0,0.5002150818694936
8873,0,0.5007589420961658
8874,0,0.5012786883851982
8875,0,0.5007201296931659
8876,0,0.5004509214702447
8877,0,0.501642771998944
8878,0,0.5006600168363435
8879,0,0.5004433031440789
8880,0,0.50028587872958
8881,0,0.5032513514179128
8882,0,0.5038693005951693
8883,0,0.5001460611640911
8884,0,0.5003083069941895
8885,0,0.5000357721478563
8886,0,0.5003102929021511
8887,0,0.5003034786886168
8888,0,0.5003803673381245
8889,0,0.5011641762872806
8890,0,0.5006172012179738
8891,0,0.5002791657068719
8892,0,0.500256495684957
8893,0,0.5004399870499373
8894,0,0.5022629217282074
8895,0,0.5002457920182642
8896,0,0.5001307502740118
8897,0,0.5013544540474978
8898,0,0.503144798563503
8900,0,0.502639160242041
8901,0,0.500456294711781
8902,0,0.5007034336497695
8903,0,0.5102155544806454
8904,0,0.5014677648635039
8905,0,0.5003099956848757
8906,0,0.5067713694081092
8907,0,0.5014158522597392
8908,0,0.5088232925884493
8909,0,0.5001996892564814
8910,0,0.5011218679188885
8912,0,0.5085933883946028
8913,0,0.505907914582759
8914,0,0.5006280354395235
8915,0,0.503053175609314
8916,0,0.5050685976002539
8917,0,0.5002911141033338
8918,0,0.500113966678946
8919,0,0.5054823557424806
8920,0,0.5000461602003978
8921,0,0.5003171673166958
8922,0,0.5008157200843193
8923,0,0.5005760189675136
8924,0,0.5004626588433903
8925,0,0.5001168267568161
8926,0,0.505067667795903
8927,0,0.5029733485223291
8929,0,0.5002265606963822
8930,0,0.5040438511848272
8931,0,0.5007696785950371
8932,0,0.5003074480641324
8933,0,0.5021954781529283
8934,0,0.500125470363225
8935,0,0.5021355400275733
8936,0,0.5006635142991873
8937,0,0.5010132771750084
8938,0,0.5034820471373892
8939,0,0.5005875118143733
8940,0,0.5009797093043944
8941,0,0.5028782787457996
8942,0,0.5017182268706665
8943,0,0.5002244617114265
8944,0,0.5010012925038351
8945,0,0.5003932390460392
8946,0,0.5002424727080663
8947,0,0.500122674753614
8948,0,0.5007295843692608
8949,0,0.5026987394257849
8950,0,0.5001741301663768
8951,0,0.5010292261027783
8953,0,0.5039626446399822
8954,0,0.500283500446385
8955,0,0.5002880468052661
8956,0,0.5000435334195338
8957,0,0.500130573726633
8958,0,0.5034577395230834
8959,0,0.500589294250606
8960,0,0.5008400046512816
8961,0,0.5005645129132815
8962,0,0.501916742147528
8963,0,0.5007150681432363
8964,0,0.5003084975802725
8965,0,0.5002961660751503
8966,0,0.5004233439750463
8967,0,0.5003888299708524
8968,0,0.5013232458548578
8969,0,0.5005433325804783
8970,0,0.5012244129921332
8971,0,0.5049101235121215
8972,0,0.5006278057186124
8973,0,0.5003519068965132
8974,0,0.5003838945776632
8975,0,0.5001900535527011
8976,0,0.5001886399452671
8977,0,0.5003646095619478
8978,0,0.5036068162322492
8979,0,0.500723217086563
8980,0,0.5108531769627175
8981,0,0.5004123820395845
8982,0,0.5016519965241639
8983,0,0.5003360237862445
8984,0,0.5006084987071364
8985,0,0.5004607512551849
8986,0,0.50266545010004
8987,0,0.5002160904411281
8988,0,0.5003988565877644
8989,0,0.5014711052804561
8990,0,0.5005239521637271
8991,0,0.5003631578221992
8992,0,0.5011804033008781
8993,0,0.5003311284466511
8994,0,0.5045168343536561
8995,0,0.5012816873392942
8996,0,0.5005283554490567
8997,0,0.5016223587921568
8998,0,0.5003287437060497
8999,0,0.5003067467619801
9000,0,0.500572914747738
9001,0,0.5004741289860256
9002,0,0.5010855241341144
9003,0,0.5002461367698894
9004,0,0.5016370339040342
9005,0,0.5003267901994869
9006,0,0.5045680771965533
9007,0,0.5021177512712764
9008,0,0.5024196894517131
9009,0,0.5043016179338076
9010,0,0.5001968321980332
9011,0,0.5043918049689393
9012,0,0.5001626342291685
9013,0,0.5012692231946281
9014,0,0.5065484416328144
9015,0,0.5003455183857427
9016,0,0.5003145637210176
9017,0,0.5003757334533878
9018,0,0.5004050384752012
9019,0,0.5003524422038825
9020,0,0.5028423021912596
9021,0,0.5001058959279175
9022,0,0.5001864642971903
9023,0,0.5009279465839227
9024,0,0.5020797732088
9025,0,0.5003551224252341
9026,0,0.5003692061770826
9027,0,0.5018013396222377
9028,0,0.5021792043584592
9029,0,0.501680302329526
9031,0,0.5156661475767504
9032,0,0.5000852593398964
9033,0,0.5016727429136814
9034,0,0.501276054861108
9035,0,0.5000325219748024
9036,0,0.5003842272832291
9037,0,0.5009125815647902
9038,0,0.5002343766661808
9040,0,0.5046774740861022
9041,0,0.5009248027105306
9042,0,0.5010650658602405
9043,0,0.5015502315622729
9044,0,0.5012255334395792
9045,0,0.5003758051771506
9046,0,0.5002519360611577
9047,0,0.5004822150565092
9048,0,0.5010537451084174
9049,0,0.502381626957663
9050,0,0.5002786512016372
9051,0,0.5007039176987487
9052,0,0.5004467289025728
9053,0,0.5004190198002035
9054,0,0.5010509982770934
9055,0,0.5245696564563015
9056,0,0.500985011456093
9057,0,0.5001309622228485
9058,0,0.5002209937806704
9059,0,0.5001063443783161
9060,0,0.5005754184056741
9061,0,0.5003292954544553
9062,0,0.5001232500432646
9063,0,0.5042537999359442
9064,0,0.5000314117529538
9065,0,0.5015260862470075
9066,0,0.5009680100064465
9068,0,0.5009585863461276
9069,0,0.5006309676029109
9070,0,0.5047675491031961
9071,0,0.5012430705730065
9072,0,0.5003982541438831
9073,0,0.5007810539717623
9074,0,0.5000522358555759
9075,0,0.5009572228949349
9076,0,0.5006790307890087
9078,0,0.5009080238415905
9079,0,0.5009025877027883
9080,0,0.500102086100872
9081,0,0.5004991207656873
9082,0,0.5587894268485469
9083,0,0.5002620623986752
9084,0,0.500305137292893
9085,0,0.5013856407889148
9086,0,0.5011248004309425
9087,0,0.5041187705021105
9088,0,0.5051385569524048
9089,0,0.5013636750109519
9090,0,0.5004672886966951
9091,0,0.5004974943556774
9092,0,0.5001185428828778
9093,0,0.5039730737390614
9094,0,0.5015634689135389
9095,0,0.5018877275792276
9096,0,0.5027254942422092
9097,0,0.5007882991907622
9098,0,0.5058309401852866
9099,0,0.50382288300416
9102,0,0.5017632760567595
9103,0,0.5009122085861984
9104,0,0.5008717500999098
9105,0,0.5008006167694479
9106,0,0.5029046133890933
9107,0,0.5006973811208483
9108,0,0.5001969946966148
9109,0,0.5006646204716965
9110,0,0.5009168640143212
9111,0,0.5004874359842645
9112,0,0.500267264139189
9113,0,0.5004208066363034
9114,0,0.5001351147032588
9115,0,0.5001583621183152
9116,0,0.5007245410275539
9117,0,0.5007560944617793
9118,0,0.5009306399560733
9119,0,0.5001526996915534
9120,0,0.5018949646055345
9121,0,0.5010383593013593
9122,0,0.5003000612812258
9123,0,0.5006688217026329
9124,0,0.5054407651118883
9125,0,0.5013164400885892
9126,0,0.5007355148186555
9127,0,0.5000790030351183
9128,0,0.5002249165558961
9129,0,0.5007520633326961
9130,0,0.5004114441396311
9131,0,0.5011913827664063
9132,0,0.5009168919250347
9133,0,0.5007153690828697
9134,0,0.5007149696724569
9135,0,0.5032210943466884
9136,0,0.5011620825177673
9137,0,0.5002417537988035
9138,0,0.5010320747842826
9139,0,0.5011317511420511
9140,0,0.5009700826353519
9141,0,0.5023281693333549
9142,0,0.5003659829391467
9143,0,0.5010467885967186
9144,0,0.5000845869641766
9145,0,0.5024436771696896
9146,0,0.5012889991640725
9147,0,0.5008090030636031
9148,0,0.5004434359942526
9149,0,0.5000715708411054
9150,0,0.5008543453607183
9151,0,0.5001124801509481
9152,0,0.5001462283357294
9153,0,0.5000933762167357
9154,0,0.5006954498013185
9155,0,0.5004436256982909
9156,0,0.5002390283388328
9157,0,0.5014449353512473
9158,0,0.5009734759801571
9159,0,0.5000307564308325
9160,0,0.5020237168515891
9161,0,0.503617803321872
9162,0,0.500272714454138
9163,0,0.5004081626344828
9164,0,0.5007215747182544
9165,0,0.5001174786854097
9166,0,0.5001659655406598
9167,0,0.5007126452951262
9168,0,0.5000996324095145
9169,0,0.5005425474702517
9170,0,0.5002786949101469
9171,0,0.5016467193942225
9172,0,0.5001787489516888
9173,0,0.5045513704850068
9174,0,0.5003614560672648
9175,0,0.5010597210950625
9176,0,0.5068389196443075
9177,0,0.5005430202811773
9178,0,0.501142158608007
9179,0,0.5028265499112955
9180,0,0.5002875627002485
9181,0,0.5003550971781922
9182,0,0.5003814100182842
9183,0,0.5036666449303437
9184,0,0.500670008891087
9185,0,0.5012975899869048
9186,0,0.5002834595173107
9187,0,0.5001212679814426
9188,0,0.5000479114111689
9189,0,0.5569983513001984
9190,0,0.5007188696165801
9191,0,0.5002666014279986
9192,0,0.5001890530862791
9193,0,0.5002215140051656
9194,0,0.5001840051623393
9195,0,0.5002173959455916
9196,0,0.5020237644149945
9197,0,0.5011165473934486
9198,0,0.5012848833169252
9199,0,0.5000944567602318
9201,0,0.5043341439611093
9202,0,0.5008821681307568
9203,0,0.5020612330704243
9204,0,0.502575547135998
9205,0,0.5007577022119493
9206,0,0.5001067201824995
9207,0,0.5016027441974225
9208,0,0.5004858215964483
9209,0,0.5068869924824565
9210,0,0.5030782124782851
9211,0,0.5016203749361348
9212,0,0.5005849429239949
9213,0,0.5008726395242789
9214,0,0.5008891228860145
9215,0,0.5002117575020932
9216,0,0.5000272558246585
9217,0,0.5007689333427744
9218,0,0.5004040423537928
9219,0,0.500491114848266
9220,0,0.5003919858752189
9221,0,0.502645828112782
9222,0,0.5001860072190571
9223,0,0.5001191880520088
9224,0,0.500321437736019
9225,0,0.5021101359748092
9226,0,0.5017580026744575
9227,0,0.500541792447347
9228,0,0.5007682890037113
9229,0,0.5002216624735153
9230,0,0.5014860793181318
9231,0,0.5025097263730549
9232,0,0.5020632657356108
9233,0,0.5055268138081481
9234,0,0.5011825562187502
9235,0,0.5012025680858349
9236,0,0.5002202211060561
9237,0,0.5005364886334362
9238,0,0.5001571405625711
9239,0,0.5003625908882693
9240,0,0.5037360110279092
9241,0,0.5154353482165576
9242,0,0.501365746149323
9243,0,0.500398167879174
9244,0,0.5001088903352909
9245,0,0.5011710788673877
9247,0,0.5002038098932159
9248,0,0.5001987983223338
9249,0,0.5011491290947703
9250,0,0.5017830372251
9251,0,0.5013759412893177
9252,0,0.5027340421383379
9253,0,0.5000258059159992
9254,0,0.5000852423096984
9255,0,0.5004701099910238
9256,0,0.5099425828287204
9257,0,0.5032758565825802
9258,0,0.5001045855024322
9259,0,0.5006790245650836
9260,0,0.5013185234056622
9261,0,0.5042065858686228
9262,0,0.5087276584481701
9263,0,0.5005281330226475
9264,0,0.5001024022715697
9265,0,0.5014377263508484
9266,0,0.5006952717911345
9267,0,0.5003408088561647
9268,0,0.5014311504805028
9269,0,0.5004213707352959
9270,0,0.500584780240835
9271,0,0.5120431027489156
9272,0,0.5029199633117534
9273,0,0.5005312040995863
9274,0,0.5007109476790775
9275,0,0.5006331082779263
9276,0,0.5008198331365566
9277,0,0.5008556521013494
9279,0,0.500149697339951
9280,0,0.5305393087154671
9281,0,0.5001366999660567
9282,0,0.5108952846292232
9283,0,0.5007370278304614
9284,0,0.5010962104846864
9285,0,0.5001257631963382
9286,0,0.5012966938593549
9287,0,0.5024059120842165
9288,0,0.5017296870604094
9289,0,0.5003894506106095
9290,0,0.5020117726274408
9291,0,0.5003719536255624
9292,0,0.5002802604965949
9293,0,0.5021239050295477
9294,0,0.5004438261605378
9295,0,0.506611403859444
9296,0,0.5004974191331378
9297,0,0.5019272934846557
9298,0,0.5003759179780619
9299,0,0.5006709817247765
9300,0,0.500039365876284
9301,0,0.5004290610644682
9302,0,0.5008590090030743
9303,0,0.5052082822201988
9304,0,0.5010587549184463
9305,0,0.5003947890597631
9306,0,0.5107103336382178
9307,0,0.5074893380058522
9308,0,0.500349011254026
9309,0,0.5013096862145829
9310,0,0.5001228101602634
9311,0,0.5006909788624545
9312,0,0.5001517800423722
9313,0,0.5021347216213508
9314,0,0.5003455566599269
9315,0,0.5009160546639291
9316,0,0.5022253383429616
9317,0,0.50075788539608
9318,0,0.5012746465260587
9319,0,0.5004198984334532
9320,0,0.5006892551960754
9321,0,0.5024634047100656
9322,0,0.5001222120406359
9323,0,0.5006895835239578
9324,0,0.5077264477622166
9325,0,0.5010429149304323
9326,0,0.500375744632584
9327,0,0.5002355532307107
9328,0,0.5003143369140496
9329,0,0.5009710404745371
9330,0,0.5006686795377131
9331,0,0.5022173438454799
9332,0,0.5007871100974938
9333,0,0.5009047345094689
9334,0,0.5000677603800927
9335,0,0.5001736119247175
9336,0,0.500711994195417
9337,0,0.501384402557919
9338,0,0.5017370244678085
9339,0,0.5013383120903289
9340,0,0.5011799414250087
9341,0,0.5011231135182673
9342,0,0.5005384213974421
9343,0,0.5002540736929824
9344,0,0.5001375953761571
9345,0,0.5028838219812132
9346,0,0.5030234345576756
9347,0,0.5007212437832941
9348,0,0.5004797331080344
9349,0,0.5012017626512272
9350,0,0.5007135652437685
9351,0,0.5027271721038807
9352,0,0.5003631711885567
9353,0,0.5002727092911814
9354,0,0.5015606742373477
9355,0,0.5011923719823816
9356,0,0.5007637234286764
9357,0,0.5013823981420072
9358,0,0.5002282027729307
9359,0,0.5001891671803503
9360,0,0.5002037113319799
9361,0,0.5005120446935681
9362,0,0.5019879454648043
9363,0,0.5000416650075109
9364,0,0.5016827398062181
9365,0,0.5001002734694381
9366,0,0.5035584842464279
9367,0,0.5001583619328046
9368,0,0.5007636400980178
9369,0,0.5001290667950279
9370,0,0.501328651314207
9371,0,0.5004452066221382
9372,0,0.500932226461581
9373,0,0.5006706286212681
9374,0,0.5002255240334439
9375,0,0.5010614788394583
9376,0,0.5003273928821855
9377,0,0.5019190722445283
9378,0,0.5002922164247426
9380,0,0.5003354010893131
9381,0,0.5001523154175062
9382,0,0.5001118140122123
9383,0,0.5008177473430275
9384,0,0.5014643080071419
9385,0,0.5005012226838852
9386,0,0.5013055762079942
9387,0,0.5000834028464541
9388,0,0.5003739327912999
9389,0,0.509563766965358
9390,0,0.5008026978548838
9391,0,0.5041253768236815
9392,0,0.5002611405536719
9393,0,0.5007671867005264
9394,0,0.505661761383953
9395,0,0.500126342557265
9396,0,0.5086072137912601
9397,0,0.5008146171288412
9398,0,0.5011622128576261
9399,0,0.5010149572922248
9400,0,0.5001888449823704
9401,0,0.5000877693367741
9402,0,0.500191936636857
9403,0,0.5115477467776239
9404,0,0.5005045380072441
9405,0,0.5004294279512689
9406,0,0.5003544458115641
9407,0,0.5010274239531908
9408,0,0.5031244923590662
9409,0,0.5003651180301529
9410,0,0.503421275461544
9411,0,0.5000391044533942
9412,0,0.5006484150966968
9413,0,0.5016991837377042
9414,0,0.5006359232726545
9415,0,0.5002196104456474
9416,0,0.5006872390548421
9417,0,0.5010739082688073
9418,0,0.5007090716292331
9419,0,0.5021378181423223
9420,0,0.500530873556827
9421,0,0.5001975182486408
9422,0,0.5047540148785313
9423,0,0.5002130555138183
9424,0,0.5016150282416367
9425,0,0.500625638135335
9426,0,0.5039103373366051
9427,0,0.5004896517813392
9428,0,0.500608484008936
9429,0,0.500089075890188
9430,0,0.5002116311697223
9431,0,0.502098835194804
9432,0,0.500588863155544
9433,0,0.5020951024118478
9434,0,0.5013114272860967
9435,0,0.5000940855772367
9436,0,0.5004918433500375
9437,0,0.5113544118690888
9438,0,0.5001098049914581
9439,0,0.5012268639325022
9440,0,0.5001346638358336
9441,0,0.5002011656324936
9442,0,0.5038656597148232
9443,0,0.5021356438393131
9444,0,0.5022130679092023
9446,0,0.5003098472700097
9447,0,0.5000995589694943
9448,0,0.5017800600609763
9449,0,0.5013239537328728
9450,0,0.5001815344526838
9451,0,0.5002427995400005
9452,0,0.5013360385235316
9453,0,0.5004377946234245
9454,0,0.5000926851197357
9455,0,0.5003730758117632
9456,0,0.5005758880647652
9457,0,0.5037775424066125
9458,0,0.5009593709141255
9459,0,0.5008687820235943
9460,0,0.500520766088117
9461,0,0.5006067596060162
9462,0,0.5001741453444549
9463,0,0.5000816342919708
9464,0,0.5011240046249845
9465,0,0.5002978746267587
9466,0,0.514315703994249
9467,0,0.5004882726730022
9468,0,0.5038830505626626
9469,0,0.5003019192468467
9470,0,0.5018271655724572
9471,0,0.5004163470036895
9472,0,0.5013006663839535
9473,0,0.5005177942904531
9474,0,0.5014879457447954
9475,0,0.5023882722739234
9476,0,0.5005796576551312
9477,0,0.5003973940503669
9478,0,0.5018611185197108
9479,0,0.5004144206491888
9480,0,0.501186786942159
9481,0,0.5011851269251605
9482,0,0.5013128367970004
9483,0,0.5003771708991447
9484,0,0.5003123453145917
9485,0,0.5001125387537791
9486,0,0.5008247224827359
9487,0,0.5012052260909803
9488,0,0.5004793224988748
9490,0,0.5121282839184277
9491,0,0.5004212920509873
9492,0,0.500960756303536
9493,0,0.5006750881123582
9494,0,0.5009410420169853
9495,0,0.5005490780784652
9496,0,0.5044998862662986
9497,0,0.5035265927224847
9498,0,0.5003886442286064
9499,0,0.5001992641575739
9500,0,0.5008108372461952
9501,0,0.5026541832699694
9502,0,0.5050310687227249
9503,0,0.5001256932649815
9504,0,0.5003004815165643
9505,0,0.5005983181634129
9506,0,0.5003411501557036
9507,0,0.5006538197465773
9508,0,0.5040903452602903
9509,0,0.5002313029529767
9510,0,0.5001815134994135
9511,0,0.5014269692210028
9513,0,0.5006107077539981
9514,0,0.5010727767739305
9516,0,0.5001194590544048
9517,0,0.5020091120669847
9518,0,0.5007373341679855
9519,0,0.5049056746893067
9520,0,0.5008625533686258
9521,0,0.5006120218498652
9522,0,0.5011073001333975
9523,0,0.5005949223031738
9524,0,0.5001196241535573
9525,0,0.501061771481891
9526,0,0.5007460916685742
9527,0,0.5021243131914519
9528,0,0.5155297991199669
9529,0,0.5012522426741848
9530,0,0.5030685529175838
9531,0,0.5003030141961461
9532,0,0.519481208705634
9533,0,0.500987048275213
9534,0,0.5013287344072275
9535,0,0.5019520361023778
9536,0,0.5009095676998458
9537,0,0.5018209145512648
9538,0,0.5012381855919108
9539,0,0.5010164567320453
9540,0,0.5006208604602014
9541,0,0.5060880602202283
9542,0,0.5057480307393648
9543,0,0.5002492593663636
9544,0,0.5003553704824903
9545,0,0.5001616937184341
9546,0,0.5002507571077278
9547,0,0.5096525572418784
9548,0,0.500132350517904
9549,0,0.5011705531032643
9550,0,0.5013367029253771
9551,0,0.5001165584299738
9552,0,0.500752533644579
9553,0,0.5001778920032269
9554,0,0.5007954029178812
9555,0,0.5002445255925885
9556,0,0.5022326432565296
9557,0,0.5002990789922424
9558,0,0.502851175532541
9559,0,0.5001889890998208
9560,0,0.5001787553365792
9561,0,0.5064728917778902
9562,0,0.5006640002012134
9563,0,0.5004142598174786
9564,0,0.5003365604435797
9565,0,0.5003045570424322
9566,0,0.5015741794741517
9567,0,0.5009163924844281
9568,0,0.5013824061130608
9569,0,0.5001650091980107
9570,0,0.5012880858155224
9571,0,0.500745919259497
9572,0,0.5002806984767906
9573,0,0.5007988421630514
9574,0,0.5013401421409802
9575,0,0.5008594827668587
9576,0,0.5008045173479159
9577,0,0.5007011919831218
9578,0,0.5043079176881281
9579,0,0.5094110961379538
9580,0,0.5006029485920906
9581,0,0.5008784801117979
9582,0,0.5003076515161031
9583,0,0.5069742799863233
9584,0,0.5074155952001566
9585,0,0.5027289046832288
9586,0,0.5000884247634093
9587,0,0.5012752494713759
9588,0,0.5002162311787928
9589,0,0.5023185471871333
9590,0,0.5021914080946568
9591,0,0.5042061273354888
9592,0,0.5007647716914708
9593,0,0.5006455508996465
9594,0,0.5002481412173373
9595,0,0.5018466811904178
9596,0,0.5018118087329254
9597,0,0.5011925892797443
9598,0,0.5002236125491774
9599,0,0.5004072951854436
9600,0,0.5008842268446134
9601,0,0.5196710885862939
9602,0,0.5001366043755512
9603,0,0.5028898712137382
9604,0,0.5003925085692309
9605,0,0.5001119404963061
9606,0,0.5003003310661188
9607,0,0.5001549750496137
9608,0,0.5001921119253414
9609,0,0.5005532856040662
9610,0,0.5002642428176285
9611,0,0.5059432618254041
9612,0,0.5005474102855608
9613,0,0.5001578735336032
9614,0,0.5016204138874627
9615,0,0.5037627779429615
9616,0,0.5003765534784276
9617,0,0.5002463934842353
9618,0,0.5004560164598341
9619,0,0.5019538229353683
9620,0,0.5015444296268886
9621,0,0.5001083951564899
9622,0,0.500287736390496
9623,0,0.5005623095371546
9624,0,0.5001949568305469
9625,0,0.5005176433869261
9626,0,0.5037430732564232
9627,0,0.500314498663141
9628,0,0.5002627528646869
9629,0,0.5015414665088496
9630,0,0.5322980849001274
9631,0,0.5000632168074871
9632,0,0.5015404840698173
9633,0,0.500344262169338
9634,0,0.5007881874912401
9635,0,0.5010727641066781
9636,0,0.5022115642849975
9637,0,0.5001287279598418
9638,0,0.5003081328096176
9639,0,0.5001460907876032
9640,0,0.5000600852790974
9641,0,0.5007652853084429
9642,0,0.5020802769337824
9643,0,0.5024348929083642
9644,0,0.5003710878700727
9645,0,0.5002767812464279
9646,0,0.5003055022649172
9647,0,0.5003434521971173
9648,0,0.501233101147271
9649,0,0.5279977147147953
9650,0,0.5007503792273218
9651,0,0.5037158011862443
9652,0,0.5012988262307699
9653,0,0.5005539030295233
9654,0,0.5007492038928719
9655,0,0.5026524059686367
9656,0,0.5002791881849438
9657,0,0.5003408025470741
9658,0,0.5011336375232063
9659,0,0.5008774089113547
9660,0,0.5002825522175623
9661,0,0.5062228687676836
9662,0,0.5001418626788068
9663,0,0.5001472428260214
9664,0,0.5000837915754661
9665,0,0.5037959782544976
9666,0,0.5136913880253997
9667,0,0.5004156205452286
9668,0,0.5010082773564796
9669,0,0.5036739792738459
9670,0,0.503622401076285
9671,0,0.5007530066198145
9672,0,0.5005840310503683
9673,0,0.5007508736814622
9674,0,0.5004813537335384
9675,0,0.5003603100186288
9676,0,0.5001510139738693
9677,0,0.5003249500287438
9678,0,0.500167601576647
9679,0,0.5010807080133423
9680,0,0.5014158764725565
9681,0,0.5003413856376946
9682,0,0.5002270866654708
9683,0,0.5025090416698257
9684,0,0.500986661092703
9685,0,0.5002005292540121
9686,0,0.5009471431383201
9687,0,0.500372315796644
9688,0,0.5004916123914223
9689,0,0.5033556191582348
9690,0,0.5001415526818608
9691,0,0.5087282762369724
9692,0,0.502419898378184
9693,0,0.500577063032259
9694,0,0.5069397442605317
9695,0,0.5012399714401563
9696,0,0.5007348530152038
9697,0,0.5145058223432902
9698,0,0.5004513008255923
9700,0,0.5048163805778686
9701,0,0.5001717437001857
9702,0,0.5008647120831035
9703,0,0.5004861107281475
9704,0,0.5002510070538411
9705,0,0.5000733482243606
9706,0,0.5005983329491842
9707,0,0.5101477695187887
9708,0,0.5005022819024932
9709,0,0.5049151581239266
9710,0,0.5006217487840283
9711,0,0.5018437600640775
9712,0,0.5001748958610748
9713,0,0.5002214214080719
9714,0,0.5011184763769498
9715,0,0.5004121226708458
9716,0,0.5003539652018677
9717,0,0.5001953035570144
9718,0,0.5011877439549172
9719,0,0.5007610849717882
9720,0,0.5030120679658181
9721,0,0.5014398149985668
9722,0,0.5000778013223377
9723,0,0.5001974325937532
9724,0,0.5003095477289536
9725,0,0.5002444601544485
9726,0,0.5004443167902223
9727,0,0.5000474801790632
9729,0,0.5017155470789492
9730,0,0.5001770547740209
9731,0,0.5010270507539725
9732,0,0.5002421718524998
9733,0,0.5047598429009823
9734,0,0.5001226277930816
9735,0,0.5012203866761109
9736,0,0.5044510864616286
9737,0,0.5009202150287462
9738,0,0.5024176329229881
9739,0,0.5019830852471063
9740,0,0.5008791856830521
9741,0,0.5001542831431217
9743,0,0.5012480473630563
9744,0,0.5001009271594471
9745,0,0.5027292563933541
9746,0,0.5002922892028401
9747,0,0.5006109359119659
9748,0,0.5003175559638506
9749,0,0.5006485774349214
9750,0,0.5011968050307032
9751,0,0.5001686821032885
9752,0,0.5002754613642322
9753,0,0.5085390810790902
9754,0,0.5001811731718956
9756,0,0.504334914218523
9757,0,0.5013844783853462
9758,0,0.5008315669221018
9759,0,0.5001701114241149
9760,0,0.5003385850174843
9761,0,0.5013353805656211
9762,0,0.5014143578478178
9763,0,0.5122370683158174
9764,0,0.5004549984847191
9765,0,0.5003401860209769
9766,0,0.5026547262135744
9767,0,0.5030881310593666
9768,0,0.5001844878088764
9769,0,0.5001920448914474
9770,0,0.5015599499409644
9771,0,0.5016034508086884
9772,0,0.5008150391525958
9773,0,0.5003123312520978
9774,0,0.5027741328517681
9775,0,0.500231696875183
9776,0,0.5009130296829072
9777,0,0.500285681607277
9778,0,0.5010044237140051
9779,0,0.5007815898685579
9780,0,0.5001218554564392
9781,0,0.5038894676264964
9782,0,0.5001067763676914
9783,0,0.5002071144781144
9784,0,0.5012438778385371
9785,0,0.5006847396345412
9786,0,0.500650279702224
9787,0,0.5015120660789361
9788,0,0.5021458511102546
9789,0,0.5002651107472887
9790,0,0.5011151851671477
9791,0,0.5024744428176794
9792,0,0.5005936157905716
9793,0,0.5024288448376804
9794,0,0.5022080824927201
9795,0,0.5018023156114796
9796,0,0.5017560028439675
9797,0,0.5013827495285832
9798,0,0.5004836028504228
9799,0,0.5004387981347863
9800,0,0.5001038745621201
9801,0,0.5013463000272714
9802,0,0.5009261612808347
9803,0,0.5029298363511634
9804,0,0.5004233666489036
9805,0,0.5004627796441071
9806,0,0.5001280221908138
9807,0,0.5021887914638428
9808,0,0.5002073087292337
9809,0,0.5010546493400622
9810,0,0.500953820830798
9811,0,0.5003832884314934
9812,0,0.502026189197423
9813,0,0.5004744029480115
9814,0,0.500817205120278
9815,0,0.5006320222225453
9816,0,0.5001067497505456
9817,0,0.5002446980989884
9818,0,0.5006375136945289
9819,0,0.5001817899097974
9820,0,0.5018851832884023
9821,0,0.5003116843050147
9822,0,0.5006517427404956
9823,0,0.500572746203243
9824,0,0.500226183958348
9825,0,0.5017125965052576
9826,0,0.5008583702328114
9827,0,0.5002307524447961
9828,0,0.5003391268814578
9829,0,0.5003033331148024
9830,0,0.5008525163756581
9831,0,0.5001977274782657
9832,0,0.5000876314738719
9833,0,0.5002611517478973
9834,0,0.5004834600154536
9835,0,0.5020905951401087
9836,0,0.5007513323511577
9837,0,0.5007260085013405
9838,0,0.503570492551899
9839,0,0.5002778909801625
9840,0,0.5008195850810462
9841,0,0.5088214040793897
9842,0,0.5057344143266626
9843,0,0.5003823665605178
9844,0,0.501004532481733
9845,0,0.5007732037768907
9846,0,0.5186159080625479
9847,0,0.5007750122993495
9848,0,0.5005333160187856
9849,0,0.5009126864055283
9850,0,0.5038359790179096
9851,0,0.5014114287212108
9852,0,0.505468727441841
9853,0,0.5079115120068529
9854,0,0.5001768772357228
9855,0,0.5005699312616181
9856,0,0.5003333145210415
9857,0,0.5001105385850328
9858,0,0.5007569481765667
9859,0,0.5000727042897406
9860,0,0.5011703842625094
9861,0,0.5010887090588874
9862,0,0.5006307673586231
9863,0,0.5036077062796763
9864,0,0.5015983742415245
9865,0,0.5005657147882493
9866,0,0.5001545861274028
9867,0,0.5003656048908407
9868,0,0.5003146926054064
9869,0,0.5000515333654764
9870,0,0.5030599789579495
9871,0,0.5062176873884692
9872,0,0.5009252033067828
9873,0,0.5023868362100565
9874,0,0.5001066442156064
9875,0,0.5000937348754019
9876,0,0.5016018350755539
9877,0,0.5002703020721008
9878,0,0.500090689232613
9879,0,0.5036157637195117
9880,0,0.5009370741854867
9881,0,0.5007020316985376
9882,0,0.5012670902435613
9883,0,0.5019495301383339
9884,0,0.5115966439907147
9885,0,0.5055944702664485
9886,0,0.501102685101108
9887,0,0.5010810803382129
9888,0,0.5011353284181244
9889,0,0.5037154038959301
9890,0,0.5005280015387904
9891,0,0.5021561101801143
9892,0,0.5001028593029238
9893,0,0.5019192618689028
9894,0,0.5009021667545133
9895,0,0.5001608723756334
9896,0,0.50024920655921
9897,0,0.50030613470801
9898,0,0.5004657998039798
9899,0,0.5003354367226207
9900,0,0.5423646350215121
9901,0,0.5001920145294617
9902,0,0.5012580964871949
9903,0,0.5003028227958566
9904,0,0.5004402316892155
9905,0,0.5015792788602481
9906,0,0.5016727931993699
9907,0,0.5006323731098948
9908,0,0.5036013312556427
9909,0,0.5029497522441956
9910,0,0.5062122061604832
9911,0,0.5005304429445809
9912,0,0.500923927689535
9913,0,0.5005047588615689
9914,0,0.5016560502572499
9915,0,0.50035887582401
9916,0,0.507356572045175
9917,0,0.5008376157118424
9918,0,0.5007709682068859
9919,0,0.5002796632978314
9920,0,0.5005517979419863
9921,0,0.5004876903250365
9923,0,0.5005123385365444
9924,0,0.5006533460826186
9925,0,0.5035616860255312
9926,0,0.5008173615503227
9927,0,0.501926267921883
9928,0,0.5004237777701898
9929,0,0.5006809460187813
9930,0,0.5006204407586659
9931,0,0.5005303754273428
9932,0,0.500244656977244
9933,0,0.5002444431301982
9934,0,0.5029455262760528
9935,0,0.5299178295825051
9936,0,0.500439471703712
9937,0,0.5000465508074579
9938,0,0.5003572293322361
9939,0,0.5001159837408926
9940,0,0.503029272247703
9941,0,0.5008254384732495
9942,0,0.500652546463805
9943,0,0.501147302002056
9944,0,0.5006024094342651
9945,0,0.5035494597859719
9946,0,0.5001360886827837
9947,0,0.5019370898128578
9948,0,0.5007774934751973
9949,0,0.5063416565395515
9950,0,0.5017577943856705
9951,0,0.500299593030621
9952,0,0.5005820091074092
9953,0,0.5000702095450404
9954,0,0.5002030998103028
9955,0,0.5010120974300227
9956,0,0.5004905288561947
9957,0,0.5006952860163993
9958,0,0.5004175357794125
9959,0,0.5006838931285946
9960,0,0.5002408610804803
9961,0,0.5001358042016816
9962,0,0.5002998442862112
9963,0,0.5000536876910633
9964,0,0.5003937475532291
9965,0,0.5005590110403182
9966,0,0.508629423903468
9967,0,0.5048560157658424
9968,0,0.5041004650043387
9969,0,0.5004978432429592
9970,0,0.5004194241851008
9971,0,0.5056634331788789
9972,0,0.5014262759638197
9973,0,0.5009826244535269
9974,0,0.5007881655365626
9975,0,0.501508976225085
9976,0,0.5004629259707374
9977,0,0.5066418204337746
9978,0,0.500189858381279
9979,0,0.5001794749935561
9980,0,0.50005975750705
9981,0,0.5008021507941693
9982,0,0.5012226209049008
9983,0,0.5012338503887318
9984,0,0.5025388839654086
9985,0,0.5037521276308536
9986,0,0.5002635102415499
9987,0,0.5001283519600087
9988,0,0.5017643230491717
9989,0,0.5015714007000428
9990,0,0.5007920349180484
9991,0,0.5002681078059121
9992,0,0.5003066614985033
9993,0,0.5074762946549556
9994,0,0.5010906716290241
9995,0,0.5006531081703657
9996,0,0.5309511023043643
9997,0,0.5028178309606058
9998,0,0.5006245650986213
9999,0,0.500841762000721
10000,0,0.5010663306286178
10001,0,0.5035668690549652
10002,0,0.5003252177685129
10003,0,0.500463423756133
10004,0,0.5004653649492382
10006,0,0.5001058729036122
10007,0,0.5022456508540338
10008,0,0.5003885880595187
10009,0,0.5000267846880188
10010,0,0.5005316325131111
10011,0,0.5025092978148686
10012,0,0.5000466332752008
10013,0,0.5003924724393217
10014,0,0.5001310782144105
10015,0,0.5000897592991818
10016,0,0.501535784904369
10017,0,0.5000899884814106
10018,0,0.5001946905899446
10020,0,0.5021004608093641
10021,0,0.5086206538732984
10022,0,0.5003143346248656
10023,0,0.5029183172746968
10024,0,0.5003860909562982
10025,0,0.5019539532219054
10026,0,0.5006424831141649
10027,0,0.5017688987821879
10028,0,0.501196300399523
10029,0,0.5028891879959628
10030,0,0.5010463640443698
10031,0,0.5058113532387408
10032,0,0.5025169752484009
10033,0,0.500347793526325
10034,0,0.500732209737279
10035,0,0.5008178903017694
10036,0,0.5028408404923835
10038,0,0.5005306214145406
10040,0,0.5000973832634691
10041,0,0.5000725430603056
10042,0,0.5004916574909979
10043,0,0.5007559385622913
10044,0,0.5002749646448392
10045,0,0.5001959947392505
10046,0,0.5011603491813393
10047,0,0.5117999604029133
10048,0,0.5003955013475375
10049,0,0.5019741917103794
10050,0,0.5003700823235976
10051,0,0.5001073096271093
10052,0,0.5009462586160152
10053,0,0.5001778496279295
10054,0,0.5004187381072845
10055,0,0.5005838633601636
10056,0,0.5004879903190323
10057,0,0.5002030763658268
10058,0,0.5005353409681099
10059,0,0.5001025172274035
10060,0,0.5005525788993657
10061,0,0.5012084357021619
10062,0,0.5007389857337798
10063,0,0.5007177728685634
10064,0,0.5002442839548933
10065,0,0.5016003597268267
10066,0,0.5018023932671632
10067,0,0.5002758733858125
10068,0,0.5059003392965769
10069,0,0.5017513908671086
10070,0,0.5008846781699817
10071,0,0.500942215911578
10072,0,0.5056339449586137
10073,0,0.5010991806375984
10074,0,0.5013101659138102
10075,0,0.5010374635946766
10077,0,0.5010906571592075
10078,0,0.500629701283474
10079,0,0.5005174860069439
10080,0,0.5001122051069106
10081,0,0.5000683621664447
10082,0,0.5005948124026627
10083,0,0.5031017670446143
10084,0,0.5001870634616649
10085,0,0.5001887829420484
10086,0,0.500463841280603
10087,0,0.5001982919686068
10088,0,0.5006079816476712
10089,0,0.5009480895126135
10090,0,0.5009022814814548
10091,0,0.500218648441092
10092,0,0.500154715103993
10093,0,0.5023454005525285
10094,0,0.5004845487526626
10095,0,0.5054462897747223
10096,0,0.5015560596962682
10097,0,0.5002304725622206
10098,0,0.5004397584312873
10099,0,0.5006652909365313
10100,0,0.5018774544271557
10101,0,0.5002891098457362
10102,0,0.5001269746845447
10103,0,0.5003286451761044
10104,0,0.5003773664483158
10105,0,0.5003287601949004
10106,0,0.5004721109294928
10107,0,0.5022700359327689
10108,0,0.5029145674311822
10109,0,0.5005042258190922
10110,0,0.5019887698219786
10111,0,0.5003023808932027
10112,0,0.5011168509474841
10113,0,0.5009445876841102
10114,0,0.5002840227358673
10115,0,0.500046198580891
10116,0,0.5001565897790523
10117,0,0.5001599950350916
10118,0,0.5006949850133886
10119,0,0.5002702144470544
10120,0,0.5004820561622663
10121,0,0.5006818335997272
10123,0,0.5011076421504927
10124,0,0.5009455002480353
10125,0,0.5017114575084494
10126,0,0.5009633754940521
10127,0,0.5001031593738299
10128,0,0.5028376833816713
10129,0,0.5008217205675684
10130,0,0.5004027430681124
10131,0,0.500119869252824
10132,0,0.500050780211632
10133,0,0.502525242064166
10134,0,0.5005101037349137
10135,0,0.5057933424596172
10136,0,0.5006365471543839
10137,0,0.5001785739727205
10138,0,0.5003289506839838
10139,0,0.5019157982328003
10140,0,0.5028196852744368
10141,0,0.5015768304397721
10142,0,0.5001986119285423
10143,0,0.5002726238835491
10144,0,0.5019015269115544
10145,0,0.5018178112752903
10146,0,0.5014342157593277
10147,0,0.5001634365542275
10148,0,0.500154845020568
10149,0,0.5007630463351026
10150,0,0.5004579610471129
10151,0,0.5003599893685811
10152,0,0.5029102275272822
10153,0,0.5013051541426673
10154,0,0.5009781589844914
10155,0,0.5010288986495056
10156,0,0.5002462432646558
10157,0,0.5000330561100855
10158,0,0.5012743479102814
10159,0,0.5016124750848641
10160,0,0.5009799914954137
10161,0,0.5017770683339575
10162,0,0.5019090840768574
10163,0,0.5007284151999949
10164,0,0.5151404091828022
10165,0,0.5001521628882852
10166,0,0.5002948564557148
10167,0,0.5004672767382271
10168,0,0.5002456355668706
10169,0,0.5004318029002149
10170,0,0.5010214225041814
10171,0,0.5002766784684122
10172,0,0.5002237994391561
10173,0,0.5000870968801502
10174,0,0.5040018835767698
10175,0,0.5031411707657181
10176,0,0.50286317047612
10177,0,0.5042223438633489
10178,0,0.5001833489280927
10179,0,0.5019167692440077
10180,0,0.5016858381008221
10182,0,0.5004507549540202
10183,0,0.5025277947736858
10184,0,0.500525349416447
10185,0,0.5019045124258538
10186,0,0.5021092113635668
10187,0,0.5002952837146606
10188,0,0.5000746426675339
10189,0,0.5000850091431087
10191,0,0.5042236233396131
10192,0,0.5007402994592735
10193,0,0.5009675570490597
10194,0,0.5000871230876075
10195,0,0.5031118315909516
10196,0,0.5031472270728893
10197,0,0.5049619852876694
10198,0,0.5044198640558595
10199,0,0.5020005022075863
10200,0,0.5000693754791274
10201,0,0.500035078104196
10202,0,0.5053725253539603
10203,0,0.5004546441764368
10204,0,0.5005720492485948
10205,0,0.5007287505768706
10206,0,0.5006129312686459
10207,0,0.5039583389146485
10208,0,0.5013886298584561
10209,0,0.5012180763372924
10210,0,0.502427339150566
10211,0,0.5008241498031286
10212,0,0.5012136532996042
10213,0,0.5003245249028748
10214,0,0.5001722278615409
10215,0,0.5002746199673435
10216,0,0.5004274713799126
10217,0,0.5004358997078714
10218,0,0.5004000052114506
10219,0,0.5001459163923614
10220,0,0.5001998600528651
10221,0,0.5004648465881586
10222,0,0.5109261301809735
10223,0,0.5001443163156691
10224,0,0.5056168665401246
10225,0,0.5027234891768132
10227,0,0.5009704020260853
10228,0,0.5002178754196486
10229,0,0.5001791051442085
10230,0,0.5114789601191827
10231,0,0.5005361245020603
10232,0,0.5001557228992161
10233,0,0.5015312881488325
10234,0,0.5009891734837442
10235,0,0.5009833362340197
10236,0,0.501658384252508
10237,0,0.5001964892446004
10238,0,0.5002028512230059
10239,0,0.5015743234394454
10240,0,0.5004091899313726
10241,0,0.5010939171974247
10242,0,0.5001722415541582
10243,0,0.5066132161311462
10244,0,0.5002438249707456
10245,0,0.5003563482139222
10246,0,0.5002321381933719
10247,0,0.500213836456803
10248,0,0.504193725292118
10249,0,0.5003075692873061
10250,0,0.5006356367534236
10251,0,0.5012386804027837
10252,0,0.5007554191749054
10253,0,0.5002406945172546
10254,0,0.5004128306466854
10255,0,0.5001169977724034
10256,0,0.5026698881704108
10257,0,0.5000810150415542
10258,0,0.5005809243936126
10259,0,0.5000613158355174
10260,0,0.5010408627152998
10261,0,0.5006305230261263
10262,0,0.5007568796353742
10263,0,0.5005580591080817
10264,0,0.5005604260286121
10265,0,0.5030472168300849
10266,0,0.5022067956753541
10267,0,0.5007629741759393
10268,0,0.5012025853935959
10269,0,0.5001687234382578
10270,0,0.5007982887783429
10271,0,0.5013544593483037
10272,0,0.500286527109152
10273,0,0.5031403041842327
10274,0,0.5020428398361527
10275,0,0.5045027961585365
10276,0,0.5011279707199773
10277,0,0.5040132457550325
10278,0,0.5030126718078533
10279,0,0.5009086592073906
10280,0,0.5017890486711634
10281,0,0.5000448555123804
10282,0,0.5006320681822855
10283,0,0.5009552898972495
10284,0,0.5015483780297727
10285,0,0.5066052898864735
10286,0,0.5001035852027871
10287,0,0.5072213693098002
10288,0,0.5023338848000217
10289,0,0.5029403717088466
10290,0,0.5055919357974697
10291,0,0.500720162589941
10292,0,0.5003129127267225
10293,0,0.5002842534386617
10294,0,0.5020345982371907
10295,0,0.5002496613547338
10296,0,0.5008930095375891
10297,0,0.5003384955672596
10298,0,0.500102757261377
10299,0,0.5023329863609681
10301,0,0.5010743210007597
10302,0,0.500489995855451
10303,0,0.5034150021443765
10304,0,0.5001468362862931
10305,0,0.5001903771455548
10306,0,0.5008110888340337
10307,0,0.5003659769811756
10308,0,0.5001778340976925
10309,0,0.5002180129865231
10310,0,0.5160354094478405
10311,0,0.5032802409002005
10312,0,0.5035528551069927
10313,0,0.5003589544516485
10314,0,0.5002071118547778
10315,0,0.5000333933781944
10316,0,0.5010068549167338
10317,0,0.5006353704536707
10318,0,0.5005713526172869
10319,0,0.500407870604019
10320,0,0.5001022255046818
10321,0,0.501653761124486
10322,0,0.5001458963060267
10323,0,0.5044836982782612
10324,0,0.5001658783672912
10326,0,0.5003776946356475
10327,0,0.5000515577583561
10328,0,0.5011763430510646
10329,0,0.5010697724417478
10330,0,0.5003726217614274
10331,0,0.502039297490977
10332,0,0.500070103313595
10333,0,0.5011845023979099
10334,0,0.5005237053472127
10335,0,0.5017439176989685
10336,0,0.5027267774734142
10337,0,0.5035418907203816
10338,0,0.5000627682692227
10339,0,0.5001233929988169
10340,0,0.500427529855957
10341,0,0.5008390716517875
10342,0,0.5005663923085601
10343,0,0.5004489617615592
10344,0,0.5002828712708044
10345,0,0.5027431139598243
10346,0,0.5001246871896019
10347,0,0.5018729706730422
10348,0,0.5000373498461945
10349,0,0.5006316779709368
10350,0,0.5004558860245852
10351,0,0.5022114124260374
10352,0,0.5003648097090071
10353,0,0.5001875064833878
10354,0,0.500714149056903
10355,0,0.5004688629193454
10356,0,0.5000495822643127
10357,0,0.5012108374970589
10358,0,0.5004622505281163
10359,0,0.5036184535152574
10360,0,0.5001886169769643
10361,0,0.5001795655327699
10362,0,0.5160064292138732
10363,0,0.5013138154040344
10364,0,0.5001682786335948
10365,0,0.5004776397151894
10366,0,0.5250468364253441
10367,0,0.5023681473968936
10368,0,0.5005694636627425
10369,0,0.5004412309328847
10370,0,0.50019037115622
10371,0,0.5008578692053012
10372,0,0.5017853273358268
10373,0,0.5009028464809528
10374,0,0.5026643998188642
10375,0,0.5001409650628247
10376,0,0.5003754277548584
10377,0,0.5012122536645457
10378,0,0.5000407986708917
10379,0,0.5004218924942256
10380,0,0.5004585742432439
10381,0,0.5004603351468614
10382,0,0.5003896873211581
10383,0,0.5002419489308428
10384,0,0.5012843094042455
10385,0,0.5010713890005394
10386,0,0.5028390895161537
10387,0,0.500235182043327
10388,0,0.5007201072843236
10389,0,0.503243897033092
10390,0,0.5037735914554359
10391,0,0.5002262591983057
10392,0,0.5008596466288443
10393,0,0.5012802287048012
10394,0,0.5004262243222092
10395,0,0.5005530812524568
10396,0,0.5008234686052271
10397,0,0.5001580993940321
10398,0,0.500244285503383
10399,0,0.5002226563242337
10400,0,0.5002547995047483
10401,0,0.5020893961508466
10402,0,0.5029205305811771
10403,0,0.5003709334691566
10404,0,0.5004663367244645
10405,0,0.5002877178737253
10406,0,0.5003354110030077
10407,0,0.5022865191846655
10408,0,0.5008712089734536
10409,0,0.5021496192334851
10410,0,0.5013147641060088
10411,0,0.5002815062592169
10412,0,0.5002731695295545
10413,0,0.5020703868558277
10414,0,0.5008897847710853
10415,0,0.5006304247600483
10416,0,0.5001770632618545
10417,0,0.5013432914904994
10418,0,0.5007003685818477
10419,0,0.5001666998251889
10420,0,0.500725583589389
10421,0,0.5009946119830175
10422,0,0.5004974611692733
10423,0,0.5024804410677576
10424,0,0.5009176498430647
10425,0,0.5014768671138152
10426,0,0.5002849654592737
10427,0,0.5004859582853968
10428,0,0.5011036617545662
10429,0,0.5002602780758543
10430,0,0.5001787120818282
10431,0,0.5009799477315124
10432,0,0.5006333322391746
10433,0,0.5014204398710603
10434,0,0.5050739469126148
10435,0,0.5001954340746679
10436,0,0.5060379053006561
10437,0,0.501534303793597
10438,0,0.5000924316878866
10439,0,0.5030432430911929
10440,0,0.5078345496707162
10441,0,0.5001530764423242
10442,0,0.5007287154313186
10443,0,0.5009866865604199
10444,0,0.5002296508437843
10445,0,0.5001802686973493
10446,0,0.5030977025296312
10447,0,0.5013309236840345
10448,0,0.5005135679062331
10449,0,0.5008940835697998
10450,0,0.5072934142041227
10451,0,0.5025823483345032
10452,0,0.500716053217045
10453,0,0.5004958233268049
10454,0,0.5012801062889817
10455,0,0.5014477871393731
10456,0,0.5011429438948919
10457,0,0.5007632193531886
10458,0,0.503114365749361
10459,0,0.5007147485917065
10460,0,0.5004027260402032
10461,0,0.5003809828349872
10462,0,0.5043634284722684
10463,0,0.500163746533293
10464,0,0.5007285778570223
10465,0,0.5002528410160927
10466,0,0.5009584765496484
10467,0,0.5000454674424799
10468,0,0.5007757405830531
10469,0,0.5047203827844915
10470,0,0.5010429867082065
10471,0,0.500257885650163
10472,0,0.5029861874462783
10473,0,0.5034019618233005
10474,0,0.5149101816707377
10475,0,0.5006673260697211
10476,0,0.5002730283618283
10477,0,0.5001994724865332
10478,0,0.5001772646125126
10479,0,0.5060602685737117
10480,0,0.5049781589830536
10481,0,0.5002211477338953
10482,0,0.5001473319446949
10483,0,0.5004147978646498
10484,0,0.50086611123342
10485,0,0.5014270935724634
10486,0,0.5001704957791387
10487,0,0.5006772299826663
10488,0,0.5018570192900603
10489,0,0.5024492647429404
10490,0,0.5000381460879666
10491,0,0.5027209816368452
10492,0,0.506591246128172
10493,0,0.5003029821062254
10494,0,0.5056391445227323
10495,0,0.5012106168783773
10496,0,0.5001159255307135
10497,0,0.5008135778340498
10498,0,0.5011148220107051
10499,0,0.5003453696863689
10500,0,0.5003330090206586
10501,0,0.5009658720339892
10502,0,0.500275694023589
10503,0,0.50201061494276
10504,0,0.5010401627149637
10505,0,0.5003575482718784
10506,0,0.5004697959058071
10507,0,0.5005412903356853
10508,0,0.50050804210736
10509,0,0.501254363731996
10510,0,0.5015953396350217
10511,0,0.5000860490482395
10512,0,0.500183522493051
10513,0,0.5016703573924535
10514,0,0.5011529270067796
10516,0,0.5005460623233297
10517,0,0.5000756889362366
10518,0,0.5002504987636409
10519,0,0.500541579088423
10520,0,0.5008343527993984
10521,0,0.5020644268605748
10522,0,0.5038821265327221
10523,0,0.5000916128353186
10524,0,0.5002021653718278
10525,0,0.5010267284735881
10526,0,0.5001287392537173
10527,0,0.5010190786893859
10528,0,0.5092671183432066
10529,0,0.5011337689314278
10530,0,0.5007056514172236
10531,0,0.500457804086476
10532,0,0.5003053872890472
10533,0,0.5004217455201472
10534,0,0.5015090736648087
10535,0,0.5010779308167707
10536,0,0.5016120214555664
10537,0,0.5002468875184983
10538,0,0.5033243811923113
10539,0,0.5002466540901506
10540,0,0.500271307195516
10541,0,0.5001584403814512
10542,0,0.5003003274041325
10543,0,0.5004102388158205
10544,0,0.5002478263001767
10545,0,0.5017005870293906
10546,0,0.5004539220990377
10547,0,0.5007891219329577
10548,0,0.5002787301339658
10549,0,0.5003233770279628
10550,0,0.5003766065437704
10551,0,0.5091933074035013
10552,0,0.5004953135061989
10553,0,0.5091090766642551
10554,0,0.5004667415236957
10555,0,0.5008848068841801
10556,0,0.5007028854110871
10557,0,0.5016849937648414
10558,0,0.5017250719329404
10559,0,0.5024138869871212
10560,0,0.5043328262380363
10561,0,0.5021758780569394
10562,0,0.5021022824367531
10563,0,0.505382504547198
10564,0,0.5031573202123811
10565,0,0.5001576862345727
10566,0,0.5011082749018246
10567,0,0.5042077918734691
10568,0,0.5005482621273384
10569,0,0.5003231481556027
10570,0,0.5017306896628647
10571,0,0.5043989267635776
10572,0,0.500408387223999
10573,0,0.500209697658274
10574,0,0.500528032585887
10575,0,0.5012424754192178
10576,0,0.506036589086647
10577,0,0.5001929262992928
10578,0,0.5005224896888978
10579,0,0.5004174301706615
10580,0,0.5006034998485058
10581,0,0.5042660728638492
10582,0,0.5018471491288378
10583,0,0.5007173450867802
10584,0,0.5015495394508489
10585,0,0.5006128699096347
10586,0,0.500180956714585
10587,0,0.5001853383250705
10588,0,0.500539656489377
10589,0,0.5005733337438708
10590,0,0.5003385516331563
10591,0,0.5024700800601236
10592,0,0.5002962362154831
10593,0,0.5003238439996468
10594,0,0.5024902401278414
10595,0,0.5029966523752224
10596,0,0.5015915580348629
10597,0,0.5018094616154573
10598,0,0.5053466847129392
10599,0,0.5022178868380561
10600,0,0.5002808286401135
10601,0,0.5016922418435871
10602,0,0.5002871016849251
10603,0,0.5010507516112105
10604,0,0.5002791502460809
10605,0,0.5020719448594849
10606,0,0.5009946005680688
10607,0,0.5001425934826057
10608,0,0.50086742758808
10609,0,0.5007756356852445
10610,0,0.5001250463013879
10611,0,0.5008531980763778
10612,0,0.5001310091377418
10613,0,0.500440697287184
10614,0,0.5018941272996208
10615,0,0.5001848374304323
10616,0,0.5086213224297985
10617,0,0.5012143090873776
10618,0,0.5000501419012499
10621,0,0.5015418681105931
10622,0,0.5077586208348372
10623,0,0.5009900848575735
10624,0,0.5006199034533546
10625,0,0.5054397679490082
10626,0,0.5045110362647258
10627,0,0.5044637617568142
10628,0,0.5007194286434303
10629,0,0.5005955950935916
10630,0,0.5194803819080052
10631,0,0.5002558993145693
10632,0,0.5004136892193937
10633,0,0.500132579151969
10634,0,0.5038306845962102
10635,0,0.5001652130067223
10637,0,0.5004568925908458
10638,0,0.5000833673650547
10639,0,0.5001383252875836
10640,0,0.5003558385280842
10641,0,0.5056554431499432
10642,0,0.5028528554099438
10643,0,0.5008623283244388
10644,0,0.5003451632784597
10645,0,0.5005140323333891
10646,0,0.5004587057808431
10647,0,0.5000133875656197
10648,0,0.5005389036513243
10649,0,0.5033846246507232
10650,0,0.5010633064936746
10651,0,0.5014368367863525
10652,0,0.5005179316965376
10653,0,0.5005445889489539
10654,0,0.5000833093623199
10655,0,0.5005554972700423
10656,0,0.5022057253796737
10657,0,0.500051741265879
10658,0,0.5003173110420437
10659,0,0.5014629952518722
10660,0,0.5012483933289764
10661,0,0.5012914787667552
10662,0,0.5001042864091617
10663,0,0.5051328587579427
10664,0,0.5015631902489733
10665,0,0.5014494912173973
10666,0,0.5005679542746958
10667,0,0.500180671386592
10668,0,0.5001095844486504
10669,0,0.5015596335207598
10670,0,0.5002090007673258
10671,0,0.5042354122184421
10672,0,0.5008864972836726
10673,0,0.5084696458428736
10674,0,0.5002206666865551
10675,0,0.5004775954209006
10676,0,0.5004161648982445
10677,0,0.5049406281403559
10678,0,0.5002895131502297
10679,0,0.5042063992006144
10680,0,0.501379280438112
10681,0,0.5002354085406437
10682,0,0.5024004813880404
10683,0,0.5003711398680035
10684,0,0.5015482666594124
10685,0,0.5018298490183362
10686,0,0.5009791055119647
10687,0,0.5003512709797006
10688,0,0.5019562495218419
10689,0,0.50008306283731
10690,0,0.5037266996854319
10691,0,0.5011612248998812
10692,0,0.5013517688028397
10693,0,0.5005434490178658
10694,0,0.5001667135003922
10695,0,0.5000791657233904
10696,0,0.5086752166507879
10697,0,0.5001584675613757
10698,0,0.5000289790540315
10699,0,0.5001002567312894
10700,0,0.5011302013914576
10701,0,0.5003562591497144
10702,0,0.5004343706982208
10703,0,0.5002413961926178
10704,0,0.5013242254748591
10706,0,0.5000312671469629
10708,0,0.5014820031993505
10709,0,0.500060042463237
10710,0,0.5004095101969679
10711,0,0.5000984304228299
10712,0,0.5004045555610571
10713,0,0.5003040237242709
10714,0,0.5003896758693464
10715,0,0.500453548186342
10716,0,0.507640970916649
10717,0,0.5001485649360249
10718,0,0.5035189081238821
10719,0,0.5002757640254835
10720,0,0.5000492449957089
10721,0,0.5012287727168383
10722,0,0.5002283505727549
10723,0,0.5002710871429603
10725,0,0.5016700217461898
10727,0,0.5001678134149605
10728,0,0.50298238315457
10729,0,0.5006252993542891
10730,0,0.5003641884228682
10731,0,0.500743236759499
10732,0,0.5008329132623419
10733,0,0.500414910296776
10734,0,0.5016277533031469
10735,0,0.5004090086072308
10736,0,0.5000233068159592
10737,0,0.5096136330202784
10738,0,0.500322115832051
10739,0,0.5040572771975952
10740,0,0.5050863742920383
10741,0,0.500987873558523
10742,0,0.5008930444005198
10743,0,0.5003395760695374
10744,0,0.5050681992811851
10745,0,0.5000593681852172
10746,0,0.5007552385026823
10747,0,0.5005638246863752
10748,0,0.5003925525518356
10749,0,0.5002521471912053
10750,0,0.5003637352782291
10751,0,0.5025335565506169
10752,0,0.5012961662630989
10753,0,0.5026719950854854
10754,0,0.5004364093415126
10755,0,0.5044960463154118
10756,0,0.5068565228326325
10757,0,0.5008563304722897
10758,0,0.5048987789452395
10759,0,0.5020677708430783
10760,0,0.5022146958925007
10761,0,0.504082637237991
10762,0,0.5018816253652012
10763,0,0.5000735933321712
10764,0,0.5013157351656171
10765,0,0.5031449159391306
10766,0,0.5000503223613837
10767,0,0.5003440838788518
10768,0,0.5016205994942884
10769,0,0.5006885455620962
10771,0,0.5012338278887851
10772,0,0.5003664086983645
10773,0,0.5031208785816064
10774,0,0.5014600830828979
10775,0,0.5010890325985519
10776,0,0.5007771548561939
10777,0,0.5008070738886431
10778,0,0.500275095466069
10779,0,0.5040688591099087
10780,0,0.5001320799533936
10781,0,0.5002244868692453
10782,0,0.5000460733296044
10783,0,0.5011091955528155
10784,0,0.5017627593521347
10785,0,0.5007045825890531
10786,0,0.5003585474146071
10787,0,0.5003397867836129
10788,0,0.5014610910761192
10789,0,0.5015856343443265
10790,0,0.5006161491109878
10791,0,0.5009760523163825
10792,0,0.5004194378566172
10793,0,0.5001107039878583
10794,0,0.5034712963783675
10795,0,0.5009257175369158
10796,0,0.5018577865969331
10797,0,0.5013882404555858
10798,0,0.5006911189894201
10799,0,0.5003306726081174
10800,0,0.5007718147136637
10801,0,0.5010904909420067
10802,0,0.5009256197699326
10803,0,0.5012944940067858
10804,0,0.5002091560378262
10805,0,0.5012766348573162
10806,0,0.5002602165445224
10807,0,0.500449754827141
10808,0,0.5001469696625167
10809,0,0.5028396763421938
10810,0,0.503863203621161
10811,0,0.5014424104797746
10812,0,0.5044470617007027
10813,0,0.5009602420794743
10814,0,0.5010963403087764
10815,0,0.5022872607978147
10816,0,0.5062852504842935
10817,0,0.5013122511597807
10818,0,0.5002453617284625
10819,0,0.5002168233248807
10820,0,0.5018160354657447
10821,0,0.5029481331228101
10822,0,0.5014809814088074
10823,0,0.511524653119236
10824,0,0.5029749093224111
10825,0,0.5001040392571386
10826,0,0.5008620054294994
10827,0,0.5005291222842159
10828,0,0.5007354953733225
10829,0,0.5092187265361562
10830,0,0.5001603007575931
10831,0,0.5029323846401108
10832,0,0.5014491582403343
10833,0,0.5067392567244643
10834,0,0.5004783895395783
10835,0,0.5003101085463937
10836,0,0.5005319794049226
10837,0,0.5003881131208829
10838,0,0.5005090208623623
10839,0,0.5009550988588674
10840,0,0.5000816196452692
10841,0,0.5000652848240337
10842,0,0.5011002154076712
10843,0,0.5028060965142969
10844,0,0.5001677815902038
10845,0,0.5004091163125988
10846,0,0.5028696992856383
10847,0,0.500569249410369
10848,0,0.500369487793858
10850,0,0.5008477765649649
10851,0,0.5011384750644523
10852,0,0.502100886921877
10853,0,0.5008977451098419
10854,0,0.5007820310739691
10855,0,0.5005235675633948
10856,0,0.5007305195645817
10857,0,0.5033567443274669
10858,0,0.5001949844110202
10859,0,0.5018954838692767
10860,0,0.5006607968270049
10861,0,0.5034313593573329
10862,0,0.5003618202024147
10863,0,0.500116822173763
10864,0,0.5007712239813106
10865,0,0.5026872885697056
10866,0,0.5028477740604519
10867,0,0.5054486453616187
10868,0,0.5014580534963669
10869,0,0.5005752680146649
10870,0,0.5004113712808786
10871,0,0.5004481271614447
10872,0,0.5005822723727955
10873,0,0.5007660642301589
10874,0,0.5034033513732297
10875,0,0.5010862949177417
10876,0,0.5001251858796847
10877,0,0.5025334360135635
10878,0,0.5007294883377074
10879,0,0.5003799730852493
10880,0,0.5003150981122101
10881,0,0.5014234537093691
10882,0,0.5007947282697127
10883,0,0.5017897130764662
10884,0,0.5001958180354328
10885,0,0.5001543331915086
10886,0,0.501096647744735
10887,0,0.5024786885390949
10888,0,0.5008845439224239
10889,0,0.5003987449990466
10890,0,0.5001223678568967
10891,0,0.501269509025494
10892,0,0.5010353536404074
10893,0,0.5000973503346399
10894,0,0.5058217721364298
10895,0,0.5027210069957532
10896,0,0.5001237758800391
10897,0,0.5008034404242993
10898,0,0.5001912062178747
10899,0,0.500878260907251
10900,0,0.5003148758404088
10901,0,0.500904961106586
10902,0,0.5024143984298699
10903,0,0.5002564202182983
10904,0,0.5017288797605052
10905,0,0.500409679593816
10906,0,0.5003560817360029
10908,0,0.5038732105396868
10909,0,0.5003974820350527
10910,0,0.5001982293267976
10911,0,0.5006978662040658
10912,0,0.5009368169402125
10913,0,0.5007410921073709
10914,0,0.5006990730319708
10915,0,0.5001952986212881
10916,0,0.5007804796122478
10917,0,0.5056491016714094
10918,0,0.5007745696501336
10919,0,0.5044949964136635
10920,0,0.5011157818625772
10921,0,0.5009247873550585
10922,0,0.5003517480685014
10923,0,0.5001863259733916
10924,0,0.5010212616900398
10925,0,0.5002769933088694
10926,0,0.500364795169839
10927,0,0.5004773771257757
10928,0,0.5001644717465622
10929,0,0.5002463530661828
10930,0,0.5005479271695942
10931,0,0.5001751923046267
10932,0,0.5004809171209883
10933,0,0.5015419370740208
10934,0,0.5006472455093849
10935,0,0.5002030474611254
10936,0,0.5006794050070283
10937,0,0.50124303530751
10938,0,0.5140793919394331
10939,0,0.5001224613803588
10940,0,0.5005440203715726
10941,0,0.5002509210667458
10942,0,0.5002721501163925
10943,0,0.5026629553128522
10944,0,0.500343639980677
10945,0,0.5004258446393041
10946,0,0.5015243716121026
10947,0,0.502534391141235
10948,0,0.5001350861679812
10949,0,0.5015360512123435
10950,0,0.5010018750262589
10951,0,0.5002759003875336
10953,0,0.5021121080428829
10954,0,0.5040822613673468
10955,0,0.5004427902898472
10956,0,0.5002356297242773
10957,0,0.5003627875978465
10958,0,0.5001502543668014
10959,0,0.5003265261581802
10960,0,0.5011585474018717
10961,0,0.5000463493995967
10962,0,0.5001284950435667
10963,0,0.5142190943601097
10964,0,0.5004611965172158
10965,0,0.5003035505574632
10966,0,0.5001367869488303
10967,0,0.5001092725183741
10968,0,0.5007350027455377
10969,0,0.5010663814349459
10970,0,0.5013317356354893
10971,0,0.5002612131050386
10972,0,0.5007488745689292
10973,0,0.5000902831080467
10974,0,0.5035580876558621
10975,0,0.5015671674053261
10976,0,0.5004807407287234
10977,0,0.5004671151565313
10978,0,0.5001890766374976
10979,0,0.5004862897839244
10980,0,0.5008967973051666
10981,0,0.5001870000740966
10982,0,0.5147815374864787
10983,0,0.5002799330533619
10984,0,0.5054226754057759
10985,0,0.5001056109891558
10986,0,0.5011060731892795
10987,0,0.5016224029502416
10988,0,0.5003691462337826
10989,0,0.5042838755936813
10990,0,0.5002142984518909
10991,0,0.5007527716428454
10992,0,0.5068345399920685
10993,0,0.5002945908993565
10994,0,0.5008705058066657
10996,0,0.5004603176480293
10997,0,0.5009007836224882
10998,0,0.502521278181856
10999,0,0.5004491180633202
11000,0,0.5017150113608609
11001,0,0.5022825298269697
11002,0,0.5001925494383879
11003,0,0.5002899836387784
11004,0,0.5003097467329197
11005,0,0.5002876490635983
11006,0,0.5001916149937494
11007,0,0.5012943736862682
11008,0,0.5001501240188257
11009,0,0.5005840000657406
11010,0,0.500128129258661
11011,0,0.5020786731985375
11012,0,0.5005806767405139
11013,0,0.5006143438500108
11014,0,0.501125406266616
11015,0,0.5041539598772937
11016,0,0.5007989395896387
11017,0,0.5077464345635312
11018,0,0.5003401900160809
11019,0,0.5005144734835755
11020,0,0.5008101239386032
11021,0,0.5001496954927975
11022,0,0.5003706934171601
11023,0,0.5002975112044247
11024,0,0.5028632244355579
11025,0,0.5015851414967232
11026,0,0.5008741106573729
11027,0,0.500065313491631
11028,0,0.5001315166158151
11029,0,0.5004824370010451
11030,0,0.5000685116955981
11031,0,0.5002143265766625
11032,0,0.5019100075928004
11033,0,0.5008690420459047
11034,0,0.5001021538666313
11035,0,0.502842030619425
11036,0,0.5018064550116391
11037,0,0.503285075001047
11038,0,0.5000548849265835
11039,0,0.5011589082929916
11040,0,0.5006763423685181
11041,0,0.5009927809009567
11042,0,0.5030074056613604
11043,0,0.5007992274765043
11044,0,0.5003854059696242
11045,0,0.5003288865953662
11046,0,0.5005261713259967
11047,0,0.5039812806211883
11048,0,0.5000764710612968
11049,0,0.5006571586716981
11050,0,0.5001381787134227
11051,0,0.5028300505550962
11052,0,0.5011565889737162
11053,0,0.50114499824518
11054,0,0.5003004260085702
11055,0,0.5025023722678842
11056,0,0.5034944406730999
11057,0,0.5005929145706582
11058,0,0.5006326240833656
11059,0,0.5003890612256453
11060,0,0.5004327506003942
11061,0,0.5006507649421263
11062,0,0.5001555856510326
11063,0,0.5003855495905702
11064,0,0.5003284069673131
11065,0,0.5001562758693474
11066,0,0.5003261267524147
11067,0,0.507832788352512
11068,0,0.5001370621737232
11069,0,0.5005872738018042
11070,0,0.5005611665134295
11071,0,0.5004881460573736
11072,0,0.5007910231184423
11073,0,0.5000859908854612
11074,0,0.500256129160163
11075,0,0.5003012767149075
11076,0,0.5005049717678889
11077,0,0.500157486747021
11078,0,0.5026182757127313
11079,0,0.501297391055781
11080,0,0.5020620425739659
11081,0,0.5001862113570728
11082,0,0.5005121980465128
11083,0,0.5002044590322151
11084,0,0.5020937722430271
11085,0,0.5013431091367225
11086,0,0.5005235605164378
11087,0,0.5004624328568954
11088,0,0.5004747909155256
11089,0,0.50064163368519
11091,0,0.5002883313792534
11092,0,0.5030171622365635
11093,0,0.5003221967626409
11094,0,0.5005231155684359
11095,0,0.5002308794254863
11096,0,0.5009961146636125
11097,0,0.501682519798754
11098,0,0.5014547365926834
11099,0,0.5002965340150111
11100,0,0.5008588635793609
11101,0,0.500048026645766
11102,0,0.5073500794655101
11103,0,0.5007372318943376
11104,0,0.5001396152010851
11105,0,0.500606549529853
11106,0,0.5059503491446925
11107,0,0.5003513092053747
11108,0,0.5035237145345947
11109,0,0.501494228714778
11110,0,0.5001431611086002
11111,0,0.5022961822938634
11112,0,0.5001542884026888
11113,0,0.5002894079126763
11114,0,0.5036220827719385
11115,0,0.5067206354115823
11116,0,0.500689062514533
11117,0,0.500130226634819
11118,0,0.5005764375600722
11119,0,0.5003263096457095
11120,0,0.5012950641864535
11121,0,0.5036616410807908
11122,0,0.5000923992095714
11123,0,0.5013244548647635
11124,0,0.5011342285981794
11125,0,0.5006690043496117
11126,0,0.5006029125141465
11127,0,0.5017126633271578
11129,0,0.5001841522919859
11130,0,0.5006482031428272
11131,0,0.5011555959945817
11132,0,0.5006121309438504
11133,0,0.5007612407836133
11134,0,0.5078241838625358
11135,0,0.5064299587078238
11136,0,0.5005992184768678
11138,0,0.501025135239351
11139,0,0.5002270097820207
11140,0,0.5001034692806311
11141,0,0.5007640313293751
11142,0,0.5019430243185067
11143,0,0.5003955927594824
11144,0,0.5000491907590526
11145,0,0.501461361810563
11146,0,0.5001155828831579
11147,0,0.5009644776752722
11148,0,0.5001569059142413
11149,0,0.5012096607803095
11150,0,0.502895815671761
11151,0,0.5013227306902184
11152,0,0.5040085918660355
11153,0,0.500525275234086
11154,0,0.5001511464908763
11155,0,0.5010420838818541
11156,0,0.5007735752042353
11157,0,0.5000190237106215
11158,0,0.5004241197634904
11159,0,0.5006897625740582
11160,0,0.5018331062734932
11161,0,0.5010293579506001
11162,0,0.5009132986611146
11163,0,0.5006071049345876
11164,0,0.5001356087510406
11165,0,0.5005805937771315
11166,0,0.5009758025569109
11167,0,0.5016204405515252
11168,0,0.5000428668758742
11169,0,0.500770151610286
11170,0,0.5002796928946955
11171,0,0.5017855420778293
11172,0,0.5015692644697117
11173,0,0.5001444290320731
11174,0,0.5003841889283931
11175,0,0.5004968544866114
11176,0,0.5003764276271685
11177,0,0.5004743025857641
11178,0,0.5002161239278959
11179,0,0.5013232994015502
11180,0,0.5024709708103131
11181,0,0.5017564812589376
11182,0,0.5001007685611649
11183,0,0.5013396919729255
11184,0,0.5038469566008615
11185,0,0.5051901002835152
11186,0,0.5014621659243396
11187,0,0.501305698523981
11188,0,0.5001213924310894
11189,0,0.5006763388011316
11190,0,0.5026784688283717
11191,0,0.5086422048776034
11192,0,0.5004834926489152
11193,0,0.5001887556056365
11194,0,0.5000223866261394
11195,0,0.5004237058833026
11196,0,0.5017028044898509
11197,0,0.5018404280116474
11198,0,0.5024899272209018
11199,0,0.5001991971990777
11200,0,0.5003401457876789
11201,0,0.5001534968858787
11202,0,0.5000882541198602
11203,0,0.5339577116817151
11204,0,0.5004246920498993
11205,0,0.5001438947936365
11206,0,0.5001053034966491
11207,0,0.5002212465295867
11208,0,0.5001097889336132
11209,0,0.5003137849242301
11210,0,0.5001176646587558
11211,0,0.502765536788699
11212,0,0.5032856751106186
11213,0,0.5001289490242194
11214,0,0.5006631656846098
11215,0,0.5008658543826806
11216,0,0.5013273652852724
11217,0,0.501792675275436
11218,0,0.5016596376396071
11219,0,0.5003457726431548
11220,0,0.5002794711718788
11221,0,0.5015637752536348
11222,0,0.5004341185176374
11223,0,0.5023993787999215
11224,0,0.5025962460659626
11225,0,0.5072885984045165
11226,0,0.5001981050805925
11227,0,0.5004215989868274
11228,0,0.5030902272110964
11229,0,0.5042370499805803
11230,0,0.5003961294871706
11231,0,0.5011800190367036
11232,0,0.5028773897621197
11233,0,0.5007508043302634
11234,0,0.5007088621673679
11235,0,0.5001901260734505
11236,0,0.5001615667854835
11237,0,0.5008419518365329
11238,0,0.5026674321803494
11239,0,0.5007612977914844
11240,0,0.5006011726797148
11241,0,0.5002068636808984
11242,0,0.5015292773087439
11243,0,0.500212111588378
11244,0,0.5070863187264045
11245,0,0.5042565292217143
11246,0,0.5003306209323588
11247,0,0.5012652661285835
11248,0,0.5023477770055624
11249,0,0.5001278667716885
11250,0,0.5001734170324064
11251,0,0.5028856663578916
11252,0,0.5001867770167299
11253,0,0.5002580211028965
11254,0,0.5006070917727024
11255,0,0.5002841397628931
11256,0,0.5002215357841607
11257,0,0.5005160903224669
11258,0,0.5003923653818915
11259,0,0.5006418035676825
11260,0,0.5014932465082464
11261,0,0.5000665628393101
11262,0,0.5010608016867174
11263,0,0.5051505304321655
11264,0,0.5022377938867677
11265,0,0.5004038483086279
11266,0,0.5002471198244482
11267,0,0.5002368283985842
11268,0,0.5037588174412834
11269,0,0.5018083359799225
11270,0,0.5002283204080248
11271,0,0.5005521259245488
11272,0,0.5002383587524322
11273,0,0.501269526677319
11274,0,0.5023600889987606
11275,0,0.5001359016501361
11276,0,0.5004682332648961
11277,0,0.5002322710596749
11278,0,0.50456837472603
11279,0,0.501434863747583
11280,0,0.5003783963301431
11281,0,0.5008838540550784
11282,0,0.5005466629483595
11283,0,0.5009840384618387
11284,0,0.5000543656136234
11285,0,0.5004857568050992
11286,0,0.5031519055715773
11287,0,0.5005335666969418
11288,0,0.5015439844801499
11289,0,0.5004101545831336
11290,0,0.500219748585196
11291,0,0.5014058253578992
11292,0,0.5017555658834887
11293,0,0.5032835001369129
11294,0,0.5000800072102487
11295,0,0.5003096442035855
11296,0,0.5004619212983574
11297,0,0.501549354215766
11298,0,0.5005349608967922
11299,0,0.5002020814787985
11300,0,0.500525856983593
11301,0,0.5022750577520437
11302,0,0.5025758914784814
11303,0,0.5014393775409722
11304,0,0.5007020815599904
11305,0,0.5005309989581068
11306,0,0.5002793992534796
11307,0,0.5000637476493816
11308,0,0.5002142351419739
11309,0,0.5007994607863187
11310,0,0.5014514871626532
11311,0,0.5015032070689861
11312,0,0.5061536211866982
11313,0,0.5003866090187332
11314,0,0.5001587962616206
11315,0,0.5020381045199489
11316,0,0.5018326038938001
11317,0,0.5020498820120413
11318,0,0.500646243531576
11319,0,0.5030153271224662
11320,0,0.501868822983257
11321,0,0.5000490229650094
11322,0,0.5004468939105392
11323,0,0.5004486458320997
11324,0,0.5003697625187108
11325,0,0.5000724469050102
11326,0,0.5002470582138061
11327,0,0.5004084902702647
11328,0,0.5037045829783345
11329,0,0.5005152737868844
11330,0,0.5004540340086607
11331,0,0.5006305454814169
11332,0,0.5003129186316744
11333,0,0.5007686994734643
11334,0,0.5000598984670497
11335,0,0.5021244364240551
11336,0,0.5032808573088368
11337,0,0.5000891018027389
11338,0,0.5000927458177122
11340,0,0.500264773574457
11341,0,0.5004411485064341
11342,0,0.5002297897853092
11343,0,0.5015293870704436
11344,0,0.5047229378443193
11345,0,0.500340842666204
11346,0,0.5002936096292921
11347,0,0.5005990829596267
11348,0,0.5004759135285377
11349,0,0.5008383957691559
11350,0,0.5052832240862039
11351,0,0.5029909604207058
11352,0,0.5026230437114106
11353,0,0.5003186349551818
11354,0,0.500140176945111
11355,0,0.5000995140904444
11356,0,0.5002571359547017
11357,0,0.503717009839467
11358,0,0.5001446548860521
11359,0,0.500606740486475
11360,0,0.5002575638799255
11361,0,0.5004169818161522
11362,0,0.5002795629140789
11363,0,0.5123387862719365
11364,0,0.5001109069774815
11365,0,0.5018975721930848
11366,0,0.5014804394576672
11367,0,0.5052882251488569
11368,0,0.5006515735469523
11369,0,0.5025447978968632
11370,0,0.5004022307612942
11371,0,0.5069996270946578
11372,0,0.5005756985240487
11373,0,0.5010628923823948
11374,0,0.5003175100882442
11375,0,0.5002376487985655
11376,0,0.5020234938119613
11377,0,0.5015840223534284
11378,0,0.5029632549366356
11379,0,0.5002522468998213
11380,0,0.5001127038350305
11381,0,0.501304699280895
11382,0,0.5003904406353005
11383,0,0.5024156538962175
11384,0,0.5024795749096058
11385,0,0.5008156176513112
11386,0,0.5018296338420812
11388,0,0.5004472342455092
11389,0,0.5013286205023348
11390,0,0.5012308196439217
11391,0,0.5013756526242193
11392,0,0.5008245076404702
11393,0,0.5002456876946686
11394,0,0.5071390680110591
11395,0,0.5023439820003903
11396,0,0.5003820190980106
11397,0,0.5013007093755663
11398,0,0.5005225853136346
11399,0,0.5001043896117711
11400,0,0.500335415931053
11401,0,0.5000730507212494
11402,0,0.5009547752503772
11403,0,0.5001743195971985
11404,0,0.5070697794356459
11405,0,0.5002716728905269
11406,0,0.5006869131357888
11407,0,0.5011532539277472
11408,0,0.5016280495483231
11409,0,0.500260517013993
11410,0,0.5004022000196815
11411,0,0.500764409458741
11412,0,0.5006027129902485
11413,0,0.500084466120231
11414,0,0.5015576708256648
11415,0,0.5010809520906349
11416,0,0.5004777225026128
11417,0,0.5009651062933729
11418,0,0.5002085195888258
11419,0,0.500677543778915
11420,0,0.5018504740121494
11421,0,0.5017638338856403
11422,0,0.5002611475149897
11423,0,0.5029022531551046
11424,0,0.5042649654331179
11425,0,0.5003893255506744
11426,0,0.5044596697362933
11427,0,0.50491084031549
11428,0,0.5000567249994912
11429,0,0.5026707227080277
11430,0,0.5001151380965905
11431,0,0.5010307829776668
11432,0,0.5010734083197708
11433,0,0.5001965204665584
11434,0,0.5003826053062733
11435,0,0.5021952205704509
11436,0,0.501168268978215
11437,0,0.5002540776031493
11438,0,0.500469237299208
11439,0,0.500023485039921
11440,0,0.5030882483107751
11441,0,0.5014667791179045
11442,0,0.5020452358074768
11443,0,0.5031431334176825
11444,0,0.5003623972553634
11445,0,0.5012248251944077
11446,0,0.5028591629339212
11447,0,0.5000374823201359
11448,0,0.5028709702033147
11449,0,0.5007596859409355
11450,0,0.50411859290852
11451,0,0.5000997429872821
11452,0,0.5016841308409286
11453,0,0.5003870240359287
11454,0,0.5015477831245703
11455,0,0.5011170507753244
11456,0,0.5002873515854911
11457,0,0.5008657764069697
11458,0,0.5060489706922054
11459,0,0.5020198549605299
11460,0,0.5001713095933684
11461,0,0.5002426874535622
11462,0,0.5111169355020396
11463,0,0.5005789311883913
11464,0,0.5008499210850093
11465,0,0.5002445624129035
11466,0,0.5003211478639746
11467,0,0.5043306443284039
11468,0,0.5005018353455903
11469,0,0.5004870566390709
11470,0,0.5088334138013365
11471,0,0.5012408926469871
11472,0,0.500080484109023
11473,0,0.5000584853083381
11474,0,0.5037227038210088
11475,0,0.5023155947232052
11476,0,0.5002076362990849
11477,0,0.5000363986017383
11478,0,0.5002734893032752
11479,0,0.5005467187656705
11480,0,0.5001977694348997
11481,0,0.5003238673561277
11482,0,0.5001594201884486
11483,0,0.5001289668449375
11484,0,0.5002891436994328
11485,0,0.5012454334047122
11486,0,0.500462004195233
11487,0,0.5002592892164248
11488,0,0.500266008962395
11489,0,0.5000379517274995
11490,0,0.5011949422610953
11491,0,0.5002688965064334
11492,0,0.5026511830671356
11493,0,0.5001889248630348
11494,0,0.5020734339395875
11495,0,0.5006012629803497
11496,0,0.5015961885454863
11497,0,0.5014405219617039
11498,0,0.5001234742072457
11499,0,0.5010888151484598
11500,0,0.5000515915755659
11501,0,0.5042277286740653
11502,0,0.5002527702374538
11503,0,0.5037874476848483
11504,0,0.5006614176051103
11505,0,0.5004173894367192
11506,0,0.5014640546986147
11507,0,0.5106258141378462
11508,0,0.5002897504694246
11509,0,0.5002155397927008
11510,0,0.5018173460997205
11511,0,0.5004138871330058
11512,0,0.500668015839593
11513,0,0.5004467704133371
11514,0,0.5006003432729051
11515,0,0.5001969627393418
11516,0,0.5002490097117321
11517,0,0.5000677210706685
11518,0,0.5003081951921275
11519,0,0.5028118849561026
11520,0,0.5002766194521221
11521,0,0.5032768308141208
11522,0,0.5001684361720087
11523,0,0.5004489323793834
11524,0,0.5014667267823506
11525,0,0.5002359298734373
11526,0,0.5019802882854161
11527,0,0.5002078184634692
11528,0,0.5056489322829194
11529,0,0.5053449525148138
11530,0,0.5000791395426794
11531,0,0.5002762447833029
11532,0,0.5070550448866469
11533,0,0.500334130932914
11534,0,0.5019463851728126
11535,0,0.5023947204158018
11536,0,0.5004132820265107
11537,0,0.5005701087475783
11538,0,0.5008221562065226
11539,0,0.5022249801515993
11540,0,0.5011355850298735
11541,0,0.5005710256361153
11542,0,0.5020680821547291
11543,0,0.5011960305518742
11544,0,0.5014411023171372
11545,0,0.5010443377280146
11546,0,0.5008219883284705
11547,0,0.500209625979978
11548,0,0.5002673268127149
11549,0,0.500252852739088
11550,0,0.5002506652712588
11551,0,0.500106713109446
11552,0,0.5001166539304485
11553,0,0.5002199837164674
11554,0,0.5006433124185923
11555,0,0.5001518090700807
11556,0,0.5002208514346439
11557,0,0.5000991497906269
11558,0,0.5002695712208377
11559,0,0.5013960274514617
11560,0,0.5021797703932018
11561,0,0.5000738993056655
11562,0,0.5004872924452145
11563,0,0.5009747461703864
11564,0,0.5014940419312857
11565,0,0.5019945039693299
11566,0,0.5004181775286944
11567,0,0.5083250884281297
11568,0,0.5003330530240335
11569,0,0.502472632368897
11570,0,0.5001126250916627
11571,0,0.5019258962746797
11572,0,0.5002466000967726
11573,0,0.5003929840482544
11574,0,0.5038306831566184
11575,0,0.5002057108195392
11576,0,0.5053025729705183
11577,0,0.5007650315514568
11578,0,0.5008226089034379
11579,0,0.5011149454106636
11580,0,0.5003634689951937
11581,0,0.5004955865222173
11582,0,0.5006024946416044
11583,0,0.5001849933262984
11584,0,0.5010127878252028
11585,0,0.5004378620750941
11586,0,0.5020836440723759
11587,0,0.502649899094224
11588,0,0.5003812360314889
11589,0,0.5004673551917626
11590,0,0.5004801504772577
11591,0,0.5020383765393671
11592,0,0.5002637259397484
11593,0,0.5004350432513169
11594,0,0.5005298492897311
11595,0,0.5011999439466193
11596,0,0.5003429315325066
11597,0,0.5004640951499963
11598,0,0.5001913627572719
11600,0,0.5012053180128173
11601,0,0.5001327218374209
11602,0,0.5009320587321004
11603,0,0.5010069671450756
11604,0,0.5002064270027294
11605,0,0.5003295658873532
11606,0,0.5028884554932181
11607,0,0.5008661715201937
11608,0,0.5039067918401527
11609,0,0.5353731135188994
11610,0,0.5004673225727644
11611,0,0.5006933330207064
11612,0,0.5022151286743055
11613,0,0.500208167021346
11614,0,0.500366137191183
11615,0,0.5001453546768915
11616,0,0.5009745604125286
11617,0,0.5005145167436237
11618,0,0.5096878497720387
11619,0,0.5014510717565267
11620,0,0.5027631088461464
11621,0,0.5027331983279276
11622,0,0.5004509550031231
11623,0,0.5005561197851399
11624,0,0.5002568658834091
11625,0,0.5004494235769645
11626,0,0.5004450176456474
11627,0,0.5002221713481906
11628,0,0.5009141825245544
11630,0,0.5123021133603677
11631,0,0.5008961341583207
11632,0,0.5004772734241727
11633,0,0.5050105855521243
11634,0,0.5002363399036063
11635,0,0.5015422759361926
11636,0,0.5001822945762756
11637,0,0.501684872454755
11638,0,0.511911407045565
11639,0,0.5034361099046152
11640,0,0.5003094424595078
11641,0,0.5006228790162098
11642,0,0.5009071900606282
11643,0,0.5000584561591183
11644,0,0.5002098404810652
11645,0,0.5032171159650684
11646,0,0.5007888194572978
11647,0,0.5002514719165938
11648,0,0.5006838751721356
11649,0,0.5029730867925419
11650,0,0.5014382921892235
11651,0,0.5000736087359755
11652,0,0.5009022814006977
11653,0,0.5006356818766735
11654,0,0.5019027372477957
11655,0,0.5003435361428976
11656,0,0.5007205517116619
11657,0,0.5000376725669573
11658,0,0.5006109175422575
11659,0,0.500225197531467
11660,0,0.5001634336345017
11661,0,0.5004173219544283
11662,0,0.5011539220101783
11663,0,0.5093996679119978
11664,0,0.5004772945414745
11665,0,0.5103832836442815
11666,0,0.5005160487085434
11667,0,0.5000525341346458
11668,0,0.5009286364518809
11669,0,0.5030571262706236
11670,0,0.5002325780366335
11671,0,0.500590735912772
11672,0,0.500163494551418
11673,0,0.5010324587772669
11674,0,0.5020621984227535
11675,0,0.503325694157843
11676,0,0.5003304841290189
11677,0,0.5020783978070181
11678,0,0.5010506158635052
11679,0,0.5001315829786619
11681,0,0.5052625642371288
11682,0,0.5039085953151751
11683,0,0.5004200963180004
11684,0,0.5004320278654347
11685,0,0.5005468386027914
11686,0,0.5002184000123515
11687,0,0.5020258698252693
11688,0,0.5013199312642698
11689,0,0.5001211418777028
11690,0,0.5003363136476942
11691,0,0.5071948295228922
11692,0,0.5006070038453685
11693,0,0.5022057640356522
11694,0,0.5009321641237313
11695,0,0.5002189403992733
11696,0,0.5165428152798892
11697,0,0.5007335247911127
11698,0,0.5007563167780954
11699,0,0.5006699648964887
11701,0,0.5000545030904453
11702,0,0.5009089809339223
11703,0,0.5001864489955147
11704,0,0.5005807490831335
11705,0,0.5064768541789955
11706,0,0.5001148883107941
11707,0,0.5012820780438358
11708,0,0.5005831526362456
11709,0,0.5040533140522278
11710,0,0.5006008910196199
11711,0,0.501171270595768
11712,0,0.5003647315850464
11713,0,0.5007070152447608
11714,0,0.5020908679785223
11715,0,0.5002011253724384
11716,0,0.5061893798534268
11717,0,0.5007356357937406
11718,0,0.5002704800429417
11719,0,0.507642818654986
11720,0,0.500121006557914
11721,0,0.5007949322629006
11722,0,0.5002964433025309
11723,0,0.5003872884794409
11724,0,0.5002002091158704
11725,0,0.5026670907015192
11726,0,0.5073271210406938
11727,0,0.5002281725336268
11728,0,0.5019304734690482
11729,0,0.5008681535924423
11730,0,0.5003885725086142
11731,0,0.5010937977811138
11732,0,0.5016384276893512
11733,0,0.5060173800896816
11734,0,0.5021037644378656
11735,0,0.5001618689083421
11736,0,0.5018981710381842
11737,0,0.5014317466234055
11738,0,0.5357463941786679
11739,0,0.501511173357076
11740,0,0.500378984556775
11741,0,0.5012588457050948
11742,0,0.5001500083730195
11743,0,0.5002401678316875
11744,0,0.5026848971941201
11745,0,0.501682251402989
11746,0,0.5017993460789228
11747,0,0.5006766300636633
11748,0,0.5003533400998742
11749,0,0.5019585250460841
11750,0,0.5003704528964675
11751,0,0.5003500734399817
11752,0,0.5004458538620203
11753,0,0.5017855754282032
11754,0,0.5019120378239553
11755,0,0.5000695491551692
11756,0,0.5001436296544246
11757,0,0.5002343135661019
11758,0,0.5015774407117892
11759,0,0.5008837321614684
11760,0,0.5010815818097036
11762,0,0.5050878882824641
11763,0,0.5002162507497462
11764,0,0.5007230553511107
11765,0,0.5032790082879424
11766,0,0.5001338486458793
11767,0,0.500064881258398
11768,0,0.5020114148483962
11769,0,0.500302646513042
11770,0,0.502892456027258
11771,0,0.5052935487100473
11772,0,0.5001850265322563
11773,0,0.500763129645252
11774,0,0.5004627984988469
11775,0,0.5002477394699754
11776,0,0.5001838783826607
11777,0,0.5001890286859725
11778,0,0.5015589761244851
11779,0,0.5014145627657851
11780,0,0.5001446467241221
11781,0,0.5004320844310686
11782,0,0.5014197574923962
11783,0,0.5023846410739666
11784,0,0.5001122277078336
11785,0,0.5172548880270575
11786,0,0.5003120714800422
11787,0,0.5006084620312128
11788,0,0.5006399551878639
11789,0,0.5001799015279879
11790,0,0.5126549863923968
11791,0,0.5004819096355287
11793,0,0.5002822552152596
11794,0,0.5000751782805465
11796,0,0.5025173611741544
11797,0,0.5005283146816746
11798,0,0.5005131951574628
11799,0,0.5019339140703448
11800,0,0.5005971456833478
11801,0,0.5015270251903434
11802,0,0.5003156988095467
11803,0,0.500288804866337
11804,0,0.503849223098033
11805,0,0.5069243881412279
11806,0,0.5002865337063005
11807,0,0.503602421034177
11808,0,0.5025201357388478
11809,0,0.5007191281287462
11810,0,0.5005624525678376
11812,0,0.5081768732986649
11813,0,0.5003051892515947
11814,0,0.5002751783872389
11815,0,0.5009683736246879
11816,0,0.5004431961765612
11817,0,0.5001255037034297
11818,0,0.5004769951049063
11819,0,0.5001249423772934
11820,0,0.500271295276676
11821,0,0.5067951535619885
11822,0,0.5059325772897305
11823,0,0.5013642059291905
11824,0,0.5003618108419239
11825,0,0.500419808712241
11826,0,0.5000772490983275
11827,0,0.5009012027574838
11828,0,0.5001586947171234
11829,0,0.5008405835115436
11830,0,0.5001606222283463
11831,0,0.5031881824757899
11832,0,0.5008165933374485
11833,0,0.5001220296514216
11834,0,0.5031316637434526
11835,0,0.5002108014747381
11836,0,0.5005554125962952
11837,0,0.5044947921165763
11838,0,0.5001159906072326
11839,0,0.5009478208428808
11840,0,0.5002628526286514
11841,0,0.5003466718935471
11842,0,0.5005454888679959
11843,0,0.5011848143979549
11844,0,0.5010863283286111
11845,0,0.5003005304972777
11846,0,0.5001809564721612
11847,0,0.5022133594855644
11848,0,0.5001407290679777
11849,0,0.50197752837143
11850,0,0.5003332894817318
11851,0,0.5000687011724663
11852,0,0.5001942487048588
11853,0,0.5001932063111209
11854,0,0.5014956262233814
11855,0,0.50483273844945
11856,0,0.5002619826698729
11858,0,0.5008455845188786
11859,0,0.5002974138357806
11860,0,0.5002961444082935
11861,0,0.5017784173759174
11862,0,0.500098550540408
11863,0,0.504143367644646
11864,0,0.5048927050978962
11865,0,0.5012124054594442
11866,0,0.5005975589014132
11867,0,0.5003062824172213
11868,0,0.5005239141639007
11869,0,0.505629504495735
11870,0,0.5007218535915903
11871,0,0.5005720292323262
11872,0,0.5001648487054133
11873,0,0.5001473469313346
11874,0,0.5014726807553189
11875,0,0.5007804319447305
11876,0,0.5004583133210018
11877,0,0.500087038380873
11878,0,0.5002738491389437
11879,0,0.5016783340384384
11880,0,0.5028481857162062
11882,0,0.5000929685121345
11883,0,0.5016280670969931
11884,0,0.5017971964758562
11886,0,0.5004664114881627
11887,0,0.5004198781061675
11888,0,0.5003443193389818
11889,0,0.502278497726521
11890,0,0.5001254059863587
11891,0,0.5026816124652564
11892,0,0.5004827681493718
11893,0,0.500249936186333
11894,0,0.500969775315199
11895,0,0.5009582792100211
11896,0,0.5020497102896245
11897,0,0.5002260096224705
11898,0,0.5010053678634026
11899,0,0.5009685187018379
11900,0,0.5003512729914764
11901,0,0.5001092887329186
11902,0,0.5003756691005428
11903,0,0.5020773120107715
11904,0,0.5050941526066173
11905,0,0.5028347470570799
11906,0,0.5002033576279058
11907,0,0.500580602519096
11908,0,0.5054924037320176
11909,0,0.5014190879361786
11910,0,0.5004436010444149
11911,0,0.5004521917409291
11912,0,0.5000707118046485
11913,0,0.5003675649875751
11914,0,0.5000708162113116
11915,0,0.5004663505470741
11916,0,0.5022992787376991
11917,0,0.5000652901472993
11918,0,0.5007881958581245
11919,0,0.5013539643089575
11920,0,0.5002599487904011
11921,0,0.5002773187293511
11922,0,0.5005691171585986
11923,0,0.5002882387141733
11924,0,0.5006176980457875
11925,0,0.5001645256207853
11926,0,0.5005396428583863
11927,0,0.5009789555874069
11928,0,0.5008311930993696
11929,0,0.5017693615009988
11930,0,0.5014206749684924
11931,0,0.5007509063284397
11932,0,0.5001465003987101
11933,0,0.505455502225174
11934,0,0.5002438246470342
11935,0,0.5003403225010535
11936,0,0.5052161779985361
11937,0,0.5011113129035926
11938,0,0.5008852909716526
11939,0,0.5003743842095207
11940,0,0.5006892373168522
11941,0,0.5011400443591251
11942,0,0.5004794943416476
11943,0,0.5033630232120168
11944,0,0.5079469894179102
11945,0,0.5016905121622947
11946,0,0.5017574455013845
11947,0,0.5003732833938936
11948,0,0.5000182757970411
11949,0,0.5012212333146305
11950,0,0.500580656328766
11951,0,0.5049653091846504
11952,0,0.5092478931682388
11953,0,0.5003351728409581
11954,0,0.5003384191755212
11955,0,0.5017370484622903
11956,0,0.5014254765712873
11957,0,0.5026039926888104
11958,0,0.5008722777586238
11959,0,0.5009322115334951
11960,0,0.5013979599939833
11961,0,0.5012115470360053
11962,0,0.5010763973600649
11963,0,0.5005078996714049
11964,0,0.5035013041790728
11965,0,0.5000600945639582
11966,0,0.5006614763064049
11967,0,0.5062117665937548
11968,0,0.5001229652986966
11969,0,0.5010873450460369
11970,0,0.502045187353387
11971,0,0.5005689541498628
11972,0,0.5002036528671077
11973,0,0.5004948241003266
11974,0,0.5001309683620492
11975,0,0.5006130548943959
11976,0,0.5006250995011193
11977,0,0.500677752734297
11978,0,0.5001283438776147
11979,0,0.5005425509164052
11980,0,0.5010695399051927
11981,0,0.5014978250892703
11982,0,0.5003912381281199
11983,0,0.5001045331638637
11984,0,0.5013235283777924
11985,0,0.5005479260081591
11986,0,0.5000312126343137
11987,0,0.512459941064525
11988,0,0.500102734807847
11989,0,0.5001763074163358
11990,0,0.5005956848806498
11991,0,0.5004048951857069
11992,0,0.501757554296327
11993,0,0.5016936972013188
11994,0,0.5005364752654614
11995,0,0.5016275958501378
11996,0,0.5018518795367415
11997,0,0.5035965124807715
11998,0,0.5006135475346655
11999,0,0.5016833592441722
