fold,seq_id,binary_label,pred_probability
1,24,1,0.006615565
1,56,1,0.77671146
1,70,1,0.18205969
1,123,1,0.08054913
1,198,1,0.4255448
1,293,1,0.75970423
1,298,1,0.14065343
1,376,1,0.21960495
1,431,1,0.60065603
1,432,1,0.2503414
1,558,1,0.088986225
1,589,1,0.15190731
1,592,1,0.22867003
1,691,1,0.12329775
1,703,1,0.116132535
1,727,1,0.4087607
1,743,1,0.05010289
1,752,1,0.13394074
1,764,1,0.0039980463
1,765,1,0.01323684
1,809,1,0.4762516
1,834,1,0.76143587
1,835,1,0.0573734
1,870,1,0.29200277
1,872,1,0.090496816
1,907,1,0.36328587
1,1015,1,0.20332772
1,1123,1,0.037449386
1,1125,1,0.031474106
1,1158,1,0.12580392
1,1176,1,0.8614214
1,1267,1,0.1783014
1,1299,1,0.31078
1,1350,1,0.5401225
1,1380,1,0.020926056
1,1387,1,0.48337078
1,1408,1,0.0066932854
1,1437,1,0.038602646
1,1451,1,0.0078057046
1,1456,1,0.16352838
1,1492,1,0.48133278
1,1715,1,0.022200344
1,1750,1,0.006481517
1,1753,1,0.16906665
1,1874,1,0.29736835
1,1951,1,0.002179325
1,1972,1,0.28545105
1,1990,1,0.08144752
1,0,0,0.011794659
1,1,0,0.009264371
1,2,0,0.011309589
1,3,0,0.00061769556
1,4,0,0.0061019966
1,5,0,0.0025205896
1,6,0,0.05316005
1,7,0,0.0061621843
1,8,0,0.037575014
1,9,0,0.010224673
1,10,0,0.025567163
1,11,0,0.046919387
1,12,0,0.02208804
1,13,0,0.11806025
1,14,0,0.0037285467
1,15,0,0.02917738
1,16,0,0.0117813395
1,17,0,0.04128967
1,18,0,0.015662473
1,19,0,0.022321414
1,20,0,0.095644884
1,21,0,0.0038402318
1,22,0,0.096650325
1,23,0,0.0045188377
1,25,0,0.0026002578
1,26,0,0.0127497725
1,27,0,0.014145037
1,28,0,0.006298127
1,29,0,0.009633579
1,30,0,0.13583459
1,31,0,0.02723985
1,32,0,0.0063471566
1,33,0,0.122775264
1,34,0,0.03847848
1,35,0,0.0013588384
1,36,0,0.6461049
1,37,0,0.006548388
1,38,0,0.040911008
1,39,0,0.04564819
1,40,0,0.00514385
1,41,0,0.060445804
1,42,0,0.0028882597
1,43,0,0.014177751
1,44,0,0.17199063
1,45,0,0.0021062836
1,46,0,0.005283206
1,47,0,0.015999416
1,48,0,0.008451782
1,49,0,0.008006118
1,50,0,0.03140764
1,51,0,0.006375132
1,52,0,0.02505329
1,53,0,0.13266781
1,54,0,0.005590402
1,55,0,0.054289717
1,57,0,0.013431066
1,58,0,0.0038054488
1,59,0,0.001708317
1,60,0,0.048052378
1,61,0,0.026611393
1,62,0,0.118093416
1,63,0,0.01175409
1,64,0,0.0477792
1,65,0,0.0010670613
1,66,0,0.020692503
1,67,0,0.0036995786
1,68,0,0.021690963
1,69,0,0.0076359455
1,71,0,0.025179602
1,72,0,0.015832435
1,73,0,0.008396084
1,74,0,0.0329663
1,75,0,0.029984329
1,76,0,0.06074343
1,77,0,0.04493459
1,78,0,0.0030515422
1,79,0,0.053023957
1,80,0,0.37881607
1,81,0,0.009093442
1,82,0,0.0082512
1,83,0,0.002911407
1,84,0,0.062010385
1,85,0,0.099372014
1,86,0,0.028425481
1,87,0,0.04858614
1,88,0,0.0129616475
1,89,0,0.00084164005
1,90,0,0.10139837
1,91,0,0.005101638
1,92,0,0.065782785
1,93,0,0.20075971
1,94,0,0.09811962
1,95,0,0.003348058
1,96,0,0.03196391
1,97,0,0.012181796
1,98,0,0.01743745
1,99,0,0.011233755
1,100,0,0.009141768
1,101,0,0.025744678
1,102,0,0.04575657
1,103,0,0.026517302
1,104,0,0.11108371
1,105,0,0.007708147
1,106,0,0.073505424
1,107,0,0.026807496
1,108,0,0.018644197
1,109,0,0.13192566
1,110,0,0.00906637
1,111,0,0.006249072
1,112,0,0.043639626
1,113,0,0.009491064
1,114,0,0.112397194
1,115,0,0.037945572
1,116,0,0.081943944
1,117,0,0.03291125
1,118,0,0.00048466146
1,119,0,0.049312502
1,120,0,0.0032324877
1,121,0,0.025454642
1,122,0,0.018243538
1,124,0,0.010594299
1,125,0,0.069496065
1,126,0,0.0074099307
1,127,0,0.008111044
1,128,0,0.005371119
1,129,0,0.0135049075
1,130,0,0.07021503
1,131,0,0.0070762276
1,132,0,0.0074055023
1,133,0,0.05934477
1,134,0,0.022529742
1,135,0,0.003971796
1,136,0,0.0110586295
1,137,0,0.0052636378
1,138,0,0.004194475
1,139,0,0.043912344
1,140,0,0.013492601
1,141,0,0.077707216
1,142,0,0.013526943
1,143,0,0.10643636
1,144,0,0.0057096686
1,145,0,0.20360278
1,146,0,0.007923924
1,147,0,0.14773317
1,148,0,0.053687878
1,149,0,0.015701527
1,150,0,0.026774257
1,151,0,0.007910254
1,152,0,0.006868821
1,153,0,0.049321286
1,154,0,0.043510754
1,155,0,0.049444955
1,156,0,0.008942315
1,157,0,0.05356244
1,158,0,0.004826805
1,159,0,0.017223638
1,160,0,0.03524359
1,161,0,0.15979165
1,162,0,0.011696371
1,163,0,0.013162526
1,164,0,0.032641612
1,165,0,0.051251177
1,166,0,0.020804057
1,167,0,0.006899093
1,168,0,0.014288898
1,169,0,0.016739985
1,170,0,0.019000519
1,171,0,0.1284958
1,172,0,0.096655324
1,173,0,0.03758423
1,174,0,0.003448417
1,175,0,0.009671961
1,176,0,0.06363447
1,177,0,0.014671512
1,178,0,0.019824022
1,179,0,0.03816628
1,180,0,0.0034169315
1,181,0,0.05286686
1,182,0,0.053526904
1,183,0,0.23838194
1,184,0,0.009318034
1,185,0,0.02706339
1,186,0,0.07022065
1,187,0,0.0512268
1,188,0,0.00082044717
1,189,0,0.020577414
1,190,0,0.002308891
1,191,0,0.04046917
1,192,0,0.036794078
1,193,0,0.009095845
1,194,0,0.005002688
1,195,0,0.1285854
1,196,0,0.012577651
1,197,0,0.018077642
1,199,0,0.071462095
1,200,0,0.171871
1,201,0,0.014395746
1,202,0,0.014074223
1,203,0,0.0064153215
1,204,0,0.013646568
1,205,0,0.07099765
1,206,0,0.12415704
1,207,0,0.022882545
1,208,0,0.015459262
1,209,0,0.001881011
1,210,0,0.0047633876
1,211,0,0.12852958
1,212,0,0.038833264
1,213,0,0.2067303
1,214,0,0.0047936086
1,215,0,0.03518385
1,216,0,0.00554244
1,217,0,0.035055257
1,218,0,0.006697062
1,219,0,0.13445434
1,220,0,0.041216757
1,221,0,0.03568267
1,222,0,0.034895074
1,223,0,0.1660962
1,224,0,0.0069456794
1,225,0,0.061570693
1,226,0,0.071334496
1,227,0,0.036068786
1,228,0,0.00972431
1,229,0,0.04132226
1,230,0,0.012515138
1,231,0,0.056823507
1,232,0,0.0006997625
1,233,0,0.002273864
1,234,0,0.061304566
1,235,0,0.019123213
1,236,0,0.0019395375
1,237,0,0.010950339
1,238,0,0.029092439
1,239,0,0.07602157
1,240,0,0.010446969
1,241,0,0.15193062
1,242,0,0.020093817
1,243,0,0.0035267798
1,244,0,0.0720627
1,245,0,0.03717836
1,246,0,0.061775435
1,247,0,0.010128117
1,248,0,0.0074306764
1,249,0,0.06237113
1,250,0,0.13099267
1,251,0,0.021925347
1,252,0,0.05986171
1,253,0,0.0044706715
1,254,0,0.0016972972
1,255,0,0.021220317
1,256,0,0.15826389
1,257,0,0.012505148
1,258,0,0.010414815
1,259,0,0.0070701493
1,260,0,0.019019838
1,261,0,0.016194703
1,262,0,0.0052724136
1,263,0,0.013906393
1,264,0,0.026727825
1,265,0,0.06361735
1,266,0,0.0984845
1,267,0,0.015097489
1,268,0,0.0036651604
1,269,0,0.009133876
1,270,0,0.008407093
1,271,0,0.007120876
1,272,0,0.020838434
1,273,0,0.009385791
1,274,0,0.0023015705
1,275,0,0.015194978
1,276,0,0.014028601
1,277,0,0.013345827
1,278,0,0.032251827
1,279,0,0.024074763
1,280,0,0.0714134
1,281,0,0.004297647
1,282,0,0.027171744
1,283,0,0.007299913
1,284,0,0.031947587
1,285,0,0.20282651
1,286,0,0.1240517
1,287,0,0.0089691
1,288,0,0.09730811
1,289,0,0.030058851
1,290,0,0.028662154
1,291,0,0.014119061
1,292,0,0.022921275
1,294,0,0.014596632
1,295,0,0.007658511
1,296,0,0.003913004
1,297,0,0.0631671
1,299,0,0.049116854
1,300,0,0.059936166
1,301,0,0.16168398
1,302,0,0.15000765
1,303,0,0.30325544
1,304,0,0.027273541
1,305,0,0.02200917
1,306,0,0.028746845
1,307,0,0.0037561187
1,308,0,0.01589147
1,309,0,0.086499766
1,310,0,0.016532922
1,311,0,0.01945684
1,312,0,0.033444602
1,313,0,0.0039651636
1,314,0,0.015050855
1,315,0,0.0025884642
1,316,0,0.069923155
1,317,0,0.002962512
1,318,0,0.024718752
1,319,0,0.0021535442
1,320,0,0.08771412
1,321,0,0.0063351984
1,322,0,0.093101285
1,323,0,0.038244393
1,324,0,0.019506069
1,325,0,0.01395024
1,326,0,0.021316718
1,327,0,0.027239785
1,328,0,0.010639162
1,329,0,0.013075159
1,330,0,0.0045393924
1,331,0,0.015685359
1,332,0,0.16442862
1,333,0,0.02527384
1,334,0,0.042959295
1,335,0,0.020487923
1,336,0,0.0068193963
1,337,0,0.097833134
1,338,0,0.0009378966
1,339,0,0.23634297
1,340,0,0.031994324
1,341,0,0.0029068096
1,342,0,0.01086569
1,343,0,0.018145429
1,344,0,0.0066600293
1,345,0,0.012391287
1,346,0,0.09414494
1,347,0,0.034121197
1,348,0,0.22528602
1,349,0,0.07843695
1,350,0,0.061742406
1,351,0,0.03164209
1,352,0,0.016038965
1,353,0,0.007300631
1,354,0,0.019585278
1,355,0,0.0070763817
1,356,0,0.012579552
1,357,0,0.0018265541
1,358,0,0.011327417
1,359,0,0.029193891
1,360,0,0.026127601
1,361,0,0.060427755
1,362,0,0.006843233
1,363,0,0.007439132
1,364,0,0.016382288
1,365,0,0.12599102
1,366,0,0.020766417
1,367,0,0.0700484
1,368,0,0.005958385
1,369,0,0.005728546
1,370,0,0.060018692
1,371,0,0.010714693
1,372,0,0.010468469
1,373,0,0.038470585
1,374,0,0.02352613
1,375,0,0.0062411735
1,377,0,0.0022019772
1,378,0,0.004840152
1,379,0,0.027612213
1,380,0,0.006102812
1,381,0,0.016707195
1,382,0,0.004340269
1,383,0,0.1679102
1,384,0,0.023864197
1,385,0,0.01115356
1,386,0,0.0014960307
1,387,0,0.008346222
1,388,0,0.026425127
1,389,0,0.025580732
1,390,0,0.0034458435
1,391,0,0.0527635
1,392,0,0.0061511407
1,393,0,0.0065742135
1,394,0,0.00363384
1,395,0,0.0026229238
1,396,0,0.00087881624
1,397,0,0.28590193
1,398,0,0.032012936
1,399,0,0.06560652
1,400,0,0.053312898
1,401,0,0.11824259
1,402,0,0.00936162
1,403,0,0.014445246
1,404,0,0.018325603
1,405,0,0.003580255
1,406,0,0.014758356
1,407,0,0.038220733
1,408,0,0.013696542
1,409,0,0.0819364
1,410,0,0.13468386
1,411,0,0.0114372205
1,412,0,0.04103537
1,413,0,0.095288835
1,414,0,0.024502803
1,415,0,0.104195565
1,416,0,0.023423947
1,417,0,0.02049112
1,418,0,0.14712028
1,419,0,0.14108375
1,420,0,0.068238586
1,421,0,0.0076703266
1,422,0,0.0128169665
1,423,0,0.0016565858
1,424,0,0.07686946
1,425,0,0.0019456226
1,426,0,0.10173834
1,427,0,0.0064067496
1,428,0,0.42853987
1,429,0,0.0048990785
1,430,0,0.025365993
1,433,0,0.05590114
1,434,0,0.0039564893
1,435,0,0.005453036
1,436,0,0.11914045
1,437,0,0.01835384
1,438,0,0.010647492
1,439,0,0.06428042
1,440,0,0.013898229
1,441,0,0.0012149285
1,442,0,0.040132906
1,443,0,0.04749164
1,444,0,0.036793727
1,445,0,0.119522564
1,446,0,0.032724336
1,447,0,0.006284385
1,448,0,0.2653737
1,449,0,0.47077167
1,450,0,0.008881385
1,451,0,0.012752966
1,452,0,0.005398268
1,453,0,0.007022783
1,454,0,0.04461487
1,455,0,0.016816752
1,456,0,0.016154062
1,457,0,0.026707003
1,458,0,0.024602426
1,459,0,0.023549402
1,460,0,0.028368175
1,461,0,0.018209029
1,462,0,0.02207534
1,463,0,0.128716
1,464,0,0.035037495
1,465,0,0.19189927
1,466,0,0.006094612
1,467,0,0.014501917
1,468,0,0.012018896
1,469,0,0.34489936
1,470,0,0.0020818075
1,471,0,0.33585915
1,472,0,0.102886185
1,473,0,0.021798622
1,474,0,0.04331324
1,475,0,0.0050253924
1,476,0,0.012856786
1,477,0,0.12173247
1,478,0,0.029341904
1,479,0,0.0015655258
1,480,0,0.023345778
1,481,0,0.007795275
1,482,0,0.11700916
1,483,0,0.01255058
1,484,0,0.04007701
1,485,0,0.024303852
1,486,0,0.004626803
1,487,0,0.034882188
1,488,0,0.033335503
1,489,0,0.007063484
1,490,0,0.00742074
1,491,0,0.010280181
1,492,0,0.010899063
1,493,0,0.004509664
1,494,0,0.014157451
1,495,0,0.109005354
1,496,0,0.0008357629
1,497,0,0.028007863
1,498,0,0.08879891
1,499,0,0.0059355097
1,500,0,0.38621134
1,501,0,0.0044022
1,502,0,0.069149025
1,503,0,0.0100738825
1,504,0,0.014505556
1,505,0,0.02058395
1,506,0,0.031845357
1,507,0,0.013425356
1,508,0,0.024960522
1,509,0,0.052737515
1,510,0,0.24108516
1,511,0,0.013267943
1,512,0,0.0012140429
1,513,0,0.01929925
1,514,0,0.048378948
1,515,0,0.05391654
1,516,0,0.029033823
1,517,0,0.011555808
1,518,0,0.042518135
1,519,0,0.021210862
1,520,0,0.0072839935
1,521,0,0.004714224
1,522,0,0.0034141073
1,523,0,0.004132339
1,524,0,0.10734197
1,525,0,0.046265453
1,526,0,0.05413836
1,527,0,0.03614746
1,528,0,0.015508495
1,529,0,0.01366342
1,530,0,0.011866594
1,531,0,0.007026605
1,532,0,0.0052192193
1,533,0,0.025818903
1,534,0,0.005193781
1,535,0,0.0016717376
1,536,0,0.012615305
1,537,0,0.097055934
1,538,0,0.025985058
1,539,0,0.0107336035
1,540,0,0.011830193
1,541,0,0.0357809
1,542,0,0.0016591523
1,543,0,0.06276043
1,544,0,0.18214716
1,545,0,0.012689222
1,546,0,0.030895136
1,547,0,0.05347502
1,548,0,0.03543375
1,549,0,0.16134684
1,550,0,0.019728966
1,551,0,0.006476492
1,552,0,0.022392953
1,553,0,0.03363671
1,554,0,0.041836552
1,555,0,0.15725707
1,556,0,0.02803764
1,557,0,0.007617882
1,559,0,0.014075943
1,560,0,0.007419553
1,561,0,0.06493037
1,562,0,0.041188408
1,563,0,0.0019629018
1,564,0,0.007450622
1,565,0,0.0355062
1,566,0,0.012639014
1,567,0,0.010378314
1,568,0,0.032698084
1,569,0,0.022098176
1,570,0,0.008302997
1,571,0,0.0036731546
1,572,0,0.043965705
1,573,0,0.051212654
1,574,0,0.037334777
1,575,0,0.05703406
1,576,0,0.029500233
1,577,0,0.004845982
1,578,0,0.0074723545
1,579,0,0.015970845
1,580,0,0.04108238
1,581,0,0.036492996
1,582,0,0.0020705017
1,583,0,0.030389335
1,584,0,0.014531325
1,585,0,0.0067427405
1,586,0,0.004203675
1,587,0,0.0053691803
1,588,0,0.00782109
1,590,0,0.08468128
1,591,0,0.016650513
1,593,0,0.029937916
1,594,0,0.14614363
1,595,0,0.01080045
1,596,0,0.0051424326
1,597,0,0.04462448
1,598,0,0.058519855
1,599,0,0.0043635443
1,600,0,0.020891296
1,601,0,0.0043006376
1,602,0,0.14408521
1,603,0,0.05707312
1,604,0,0.014290468
1,605,0,0.0043362323
1,606,0,0.027823966
1,607,0,0.13416049
1,608,0,0.011369698
1,609,0,0.0015375175
1,610,0,0.0016593214
1,611,0,0.041340098
1,612,0,0.013253748
1,613,0,0.008649545
1,614,0,0.10230537
1,615,0,0.004123451
1,616,0,0.020039288
1,617,0,0.027213983
1,618,0,0.021206228
1,619,0,0.01943121
1,620,0,0.009865113
1,621,0,0.009803511
1,622,0,0.0028946633
1,623,0,0.049895566
1,624,0,0.03837893
1,625,0,0.0021992538
1,626,0,0.0036892616
1,627,0,0.020647762
1,628,0,0.024761783
1,629,0,0.28223735
1,630,0,0.027928602
1,631,0,0.028440531
1,632,0,0.02967668
1,633,0,0.0147015
1,634,0,0.009663971
1,635,0,0.012602862
1,636,0,0.14088777
1,637,0,0.04392278
1,638,0,0.011377917
1,639,0,0.052924212
1,640,0,0.018810296
1,641,0,0.023034882
1,642,0,0.53907275
1,643,0,0.03727651
1,644,0,0.017440049
1,645,0,0.01163313
1,646,0,0.0072564
1,647,0,0.079059035
1,648,0,0.077976525
1,649,0,0.0606155
1,650,0,0.013389447
1,651,0,0.04772025
1,652,0,0.026971007
1,653,0,0.0003696881
1,654,0,0.05311717
1,655,0,0.0063329414
1,656,0,0.0029788425
1,657,0,0.005209024
1,658,0,0.05539153
1,659,0,0.0065376232
1,660,0,0.010204015
1,661,0,0.0013773706
1,662,0,0.060236678
1,663,0,0.015310517
1,664,0,0.004316567
1,665,0,0.011772094
1,666,0,0.0074790902
1,667,0,0.06865293
1,668,0,0.2286267
1,669,0,0.0028129192
1,670,0,0.0076322216
1,671,0,0.13802402
1,672,0,0.0022026342
1,673,0,0.039561793
1,674,0,0.02540697
1,675,0,0.0013341118
1,676,0,0.0032102421
1,677,0,0.008842974
1,678,0,0.015678756
1,679,0,0.002269233
1,680,0,0.04191442
1,681,0,0.078441516
1,682,0,0.07201546
1,683,0,0.020251652
1,684,0,0.055579856
1,685,0,0.015572672
1,686,0,0.08340196
1,687,0,0.0021920875
1,688,0,0.00479395
1,689,0,0.07655556
1,690,0,0.012445052
1,692,0,0.057483148
1,693,0,0.0964988
1,694,0,0.08159392
1,695,0,0.008053401
1,696,0,0.046128772
1,697,0,0.02731779
1,698,0,0.015851028
1,699,0,0.01989109
1,700,0,0.025294665
1,701,0,0.003105211
1,702,0,0.13856944
1,704,0,0.0040106857
1,705,0,0.027881756
1,706,0,0.022285007
1,707,0,0.046063814
1,708,0,0.027568301
1,709,0,0.0021472843
1,710,0,0.0080947755
1,711,0,0.0066856714
1,712,0,0.013982442
1,713,0,0.02512145
1,714,0,0.22531514
1,715,0,0.037737407
1,716,0,0.024519814
1,717,0,0.051720437
1,718,0,0.13776559
1,719,0,0.14823599
1,720,0,0.0011626347
1,721,0,0.005993423
1,722,0,0.015991436
1,723,0,0.03055821
1,724,0,0.015313119
1,725,0,0.11184892
1,726,0,0.04656512
1,728,0,0.14147541
1,729,0,0.46503422
1,730,0,0.0044498877
1,731,0,0.069425546
1,732,0,0.0495445
1,733,0,0.054758202
1,734,0,0.0038512566
1,735,0,0.06317116
1,736,0,0.05244646
1,737,0,0.009353571
1,738,0,0.0041681756
1,739,0,0.0482348
1,740,0,0.07847512
1,741,0,0.1212839
1,742,0,0.0044920975
1,744,0,0.009121965
1,745,0,0.010293026
1,746,0,0.04252672
1,747,0,0.009968768
1,748,0,0.02341531
1,749,0,0.0052514733
1,750,0,0.008673312
1,751,0,0.13235602
1,753,0,0.004592641
1,754,0,0.018676257
1,755,0,0.014419242
1,756,0,0.01382332
1,757,0,0.08529283
1,758,0,0.0055330726
1,759,0,0.09813954
1,760,0,0.007310937
1,761,0,0.005314075
1,762,0,0.058167115
1,763,0,0.027657041
1,766,0,0.0048641595
1,767,0,0.0053480426
1,768,0,0.008746662
1,769,0,0.059927825
1,770,0,0.0031384337
1,771,0,0.0055234786
1,772,0,0.21077612
1,773,0,0.017045045
1,774,0,0.014608392
1,775,0,0.07199807
1,776,0,0.0100394655
1,777,0,0.005718845
1,778,0,0.0050725183
1,779,0,0.0135616325
1,780,0,0.004200261
1,781,0,0.0036362389
1,782,0,0.019196337
1,783,0,0.01933483
1,784,0,0.015037063
1,785,0,0.008516705
1,786,0,0.026738416
1,787,0,0.22732121
1,788,0,0.06844265
1,789,0,0.025157092
1,790,0,0.10912872
1,791,0,0.04006311
1,792,0,0.017059505
1,793,0,0.004087006
1,794,0,0.35087538
1,795,0,0.17733477
1,796,0,0.006866314
1,797,0,0.0073387437
1,798,0,0.024955014
1,799,0,0.054725062
1,800,0,0.0404254
1,801,0,0.03099606
1,802,0,0.018285293
1,803,0,0.0033845534
1,804,0,0.011044481
1,805,0,0.009144015
1,806,0,0.06345337
1,807,0,0.012412674
1,808,0,0.09781485
1,810,0,0.17295009
1,811,0,0.16888891
1,812,0,0.017307362
1,813,0,0.053452693
1,814,0,0.011956005
1,815,0,0.0032684573
1,816,0,0.020793593
1,817,0,0.035211835
1,818,0,0.0068236217
1,819,0,0.0055860826
1,820,0,0.021412887
1,821,0,0.009276318
1,822,0,0.019464828
1,823,0,0.0099152755
1,824,0,0.029143719
1,825,0,0.014629618
1,826,0,0.023101473
1,827,0,0.009914091
1,828,0,0.003258007
1,829,0,0.004826015
1,830,0,0.004588407
1,831,0,0.0023672364
1,832,0,0.051654235
1,833,0,0.012388766
1,836,0,0.025655054
1,837,0,0.012686947
1,838,0,0.017058408
1,839,0,0.0047816765
1,840,0,0.028106373
1,841,0,0.023035707
1,842,0,0.007064631
1,843,0,0.11960428
1,844,0,0.018975604
1,845,0,0.35497358
1,846,0,0.032992024
1,847,0,0.06098135
1,848,0,0.0064932294
1,849,0,0.020031257
1,850,0,0.15863042
1,851,0,0.008495777
1,852,0,0.009625881
1,853,0,0.0190614
1,854,0,0.024506975
1,855,0,0.035849977
1,856,0,0.4115743
1,857,0,0.02460817
1,858,0,0.08402875
1,859,0,0.0074423263
1,860,0,0.04651013
1,861,0,0.36748737
1,862,0,0.03402066
1,863,0,0.03319966
1,864,0,0.3308238
1,865,0,0.0082070185
1,866,0,0.2950472
1,867,0,0.016598236
1,868,0,0.03484793
1,869,0,0.0066013285
1,871,0,0.07610325
1,873,0,0.011448018
1,874,0,0.017782705
1,875,0,0.07340183
1,876,0,0.009425554
1,877,0,0.01079133
1,878,0,0.017686052
1,879,0,0.04024765
1,880,0,0.012547543
1,881,0,0.007302892
1,882,0,0.030689672
1,883,0,0.09709567
1,884,0,0.033720586
1,885,0,0.0030424614
1,886,0,0.14999247
1,887,0,0.16830188
1,888,0,0.0026956354
1,889,0,0.027780782
1,890,0,0.015619723
1,891,0,0.038858924
1,892,0,0.26681945
1,893,0,0.051157087
1,894,0,0.005562983
1,895,0,0.009851991
1,896,0,0.010459903
1,897,0,0.009840007
1,898,0,0.0076552215
1,899,0,0.0011084841
1,900,0,0.11193461
1,901,0,0.013930399
1,902,0,0.0033834164
1,903,0,0.09002495
1,904,0,0.026558075
1,905,0,0.008808552
1,906,0,0.008832694
1,908,0,0.18238957
1,909,0,0.012069416
1,910,0,0.0141269555
1,911,0,0.2009873
1,912,0,0.11221992
1,913,0,0.044768464
1,914,0,0.0045599975
1,915,0,0.012313359
1,916,0,0.04845717
1,917,0,0.048120517
1,918,0,0.0064729373
1,919,0,0.03327606
1,920,0,0.027676146
1,921,0,0.06509957
1,922,0,0.16252849
1,923,0,0.00263582
1,924,0,0.005964056
1,925,0,0.013382753
1,926,0,0.00920994
1,927,0,0.08572729
1,928,0,0.04150222
1,929,0,0.001420951
1,930,0,0.015714915
1,931,0,0.010101924
1,932,0,0.046995
1,933,0,0.08109307
1,934,0,0.014577824
1,935,0,0.252892
1,936,0,0.01246564
1,937,0,0.00446967
1,938,0,0.027113404
1,939,0,0.017417144
1,940,0,0.049077556
1,941,0,0.011879651
1,942,0,0.10343763
1,943,0,0.1491113
1,944,0,0.005961899
1,945,0,0.108375885
1,946,0,0.03516411
1,947,0,0.0073105083
1,948,0,0.0014658434
1,949,0,0.012678969
1,950,0,0.029161615
1,951,0,0.015099977
1,952,0,0.017549971
1,953,0,0.03922447
1,954,0,0.017845746
1,955,0,0.00837176
1,956,0,0.13717243
1,957,0,0.009686807
1,958,0,0.025208108
1,959,0,0.0052149333
1,960,0,0.014016872
1,961,0,0.007585421
1,962,0,0.26744312
1,963,0,0.11281512
1,964,0,0.0006366886
1,965,0,0.0026332315
1,966,0,0.010926052
1,967,0,0.03240711
1,968,0,0.0020567286
1,969,0,0.04096622
1,970,0,0.25779784
1,971,0,0.001424743
1,972,0,0.0026482693
1,973,0,0.016851138
1,974,0,0.0096930945
1,975,0,0.10005524
1,976,0,0.008844291
1,977,0,0.014204787
1,978,0,0.075515136
1,979,0,0.005970052
1,980,0,0.026978543
1,981,0,0.07807477
1,982,0,0.0025994368
1,983,0,0.006696992
1,984,0,0.029485166
1,985,0,0.021628808
1,986,0,0.019934513
1,987,0,0.042482365
1,988,0,0.017438317
1,989,0,0.10751524
1,990,0,0.06865765
1,991,0,0.0144433305
1,992,0,0.006369018
1,993,0,0.02642477
1,994,0,0.061215773
1,995,0,0.0074999677
1,996,0,0.0074854153
1,997,0,0.0051723514
1,998,0,0.16443144
1,999,0,0.005483517
1,1000,0,0.015844142
1,1001,0,0.017588167
1,1002,0,0.018566009
1,1003,0,0.0100381905
1,1004,0,0.006954417
1,1005,0,0.037349664
1,1006,0,0.003838724
1,1007,0,0.23299043
1,1008,0,0.018321885
1,1009,0,0.003233279
1,1010,0,0.011096978
1,1011,0,0.0552718
1,1012,0,0.034143526
1,1013,0,0.0064812563
1,1014,0,0.0060689277
1,1016,0,0.006449224
1,1017,0,0.034989264
1,1018,0,0.014206155
1,1019,0,0.0033611082
1,1020,0,0.005686829
1,1021,0,0.030795705
1,1022,0,0.065302454
1,1023,0,0.13130385
1,1024,0,0.0023249649
1,1025,0,0.060898777
1,1026,0,0.028399229
1,1027,0,0.01780429
1,1028,0,0.002256769
1,1029,0,0.06822064
1,1030,0,0.037310235
1,1031,0,0.042233612
1,1032,0,0.017174583
1,1033,0,0.01204858
1,1034,0,0.0008602037
1,1035,0,0.028218437
1,1036,0,0.15503325
1,1037,0,0.008953461
1,1038,0,0.0041724923
1,1039,0,0.080148354
1,1040,0,0.32099417
1,1041,0,0.006660174
1,1042,0,0.03722994
1,1043,0,0.088866055
1,1044,0,0.06883312
1,1045,0,0.016478319
1,1046,0,0.021743262
1,1047,0,0.01107509
1,1048,0,0.0581756
1,1049,0,0.034747656
1,1050,0,0.013176413
1,1051,0,0.21022175
1,1052,0,0.29625663
1,1053,0,0.003690713
1,1054,0,0.13078353
1,1055,0,0.014913745
1,1056,0,0.014057677
1,1057,0,0.10738225
1,1058,0,0.033901352
1,1059,0,0.02640954
1,1060,0,0.035265572
1,1061,0,0.009874796
1,1062,0,0.009420881
1,1063,0,0.009158867
1,1064,0,0.011002187
1,1065,0,0.0017778337
1,1066,0,0.0054833945
1,1067,0,0.007831802
1,1068,0,0.15932684
1,1069,0,0.062375527
1,1070,0,0.4176546
1,1071,0,0.021019707
1,1072,0,0.051438656
1,1073,0,0.0060868617
1,1074,0,0.0046943245
1,1075,0,0.009440489
1,1076,0,0.013184911
1,1077,0,0.16776401
1,1078,0,0.013708497
1,1079,0,0.055803508
1,1080,0,0.020852229
1,1081,0,0.047949255
1,1082,0,0.04180132
1,1083,0,0.04750661
1,1084,0,0.03808771
1,1085,0,0.02177944
1,1086,0,0.0036366002
1,1087,0,0.0018379934
1,1088,0,0.26692203
1,1089,0,0.0006537601
1,1090,0,0.0074999537
1,1091,0,0.009437944
1,1092,0,0.017586084
1,1093,0,0.012159209
1,1094,0,0.0064740013
1,1095,0,0.005656987
1,1096,0,0.0068708966
1,1097,0,0.010034135
1,1098,0,0.020404693
1,1099,0,0.009499226
1,1100,0,0.0022791212
1,1101,0,0.037351295
1,1102,0,0.0040134676
1,1103,0,0.005874354
1,1104,0,0.14906791
1,1105,0,0.04146267
1,1106,0,0.005408164
1,1107,0,0.038589943
1,1108,0,0.12756814
1,1109,0,0.2271629
1,1110,0,0.040696397
1,1111,0,0.048832834
1,1112,0,0.011805742
1,1113,0,0.019113293
1,1114,0,0.031668097
1,1115,0,0.0016338386
1,1116,0,0.0012329861
1,1117,0,0.02624483
1,1118,0,0.07385125
1,1119,0,0.0035001987
1,1120,0,0.026247604
1,1121,0,0.25554028
1,1122,0,0.0017158957
1,1124,0,0.024256214
1,1126,0,0.009099352
1,1127,0,0.01883046
1,1128,0,0.02826792
1,1129,0,0.016500637
1,1130,0,0.014210391
1,1131,0,0.006136193
1,1132,0,0.4925442
1,1133,0,0.07304622
1,1134,0,0.18892235
1,1135,0,0.019406114
1,1136,0,0.012702097
1,1137,0,0.0043228692
1,1138,0,0.0549493
1,1139,0,0.018992623
1,1140,0,0.010086063
1,1141,0,0.013521682
1,1142,0,0.0036534881
1,1143,0,0.0016724898
1,1144,0,0.009564326
1,1145,0,0.0022961437
1,1146,0,0.033655696
1,1147,0,0.08523818
1,1148,0,0.08276483
1,1149,0,0.007060569
1,1150,0,0.017788602
1,1151,0,0.24052791
1,1152,0,0.0010197248
1,1153,0,0.08262662
1,1154,0,0.005614928
1,1155,0,0.31616828
1,1156,0,0.112267956
1,1157,0,0.08195122
1,1159,0,0.047478713
1,1160,0,0.031351138
1,1161,0,0.18765987
1,1162,0,0.09295316
1,1163,0,0.057399996
1,1164,0,0.00918587
1,1165,0,0.022857761
1,1166,0,0.0021540085
1,1167,0,0.05880924
1,1168,0,0.005116496
1,1169,0,0.0049587945
1,1170,0,0.022301806
1,1171,0,0.0010941958
1,1172,0,0.01374192
1,1173,0,0.014359027
1,1174,0,0.0053085126
1,1175,0,0.022094108
1,1177,0,0.0039804564
1,1178,0,0.023423877
1,1179,0,0.018334962
1,1180,0,0.03369901
1,1181,0,0.04220259
1,1182,0,0.085348934
1,1183,0,0.04274943
1,1184,0,0.06697886
1,1185,0,0.015861498
1,1186,0,0.0012725324
1,1187,0,0.033648312
1,1188,0,0.07418967
1,1189,0,0.0009653805
1,1190,0,0.032222163
1,1191,0,0.04952993
1,1192,0,0.04331252
1,1193,0,0.2777036
1,1194,0,0.03249366
1,1195,0,0.027255869
1,1196,0,0.10689439
1,1197,0,0.0066644186
1,1198,0,0.019317452
1,1199,0,0.006771268
1,1200,0,0.022389185
1,1201,0,0.047691997
1,1202,0,0.0020165807
1,1203,0,0.04550874
1,1204,0,0.022961058
1,1205,0,0.003145758
1,1206,0,0.23525928
1,1207,0,0.0010760014
1,1208,0,0.024072567
1,1209,0,0.087236434
1,1210,0,0.051472053
1,1211,0,0.01256273
1,1212,0,0.077466935
1,1213,0,0.018138332
1,1214,0,0.5634371
1,1215,0,0.036711
1,1216,0,0.20054829
1,1217,0,0.0075502773
1,1218,0,0.0057623223
1,1219,0,0.025279816
1,1220,0,0.012138687
1,1221,0,0.013501351
1,1222,0,0.0031656795
1,1223,0,0.027748257
1,1224,0,0.013566769
1,1225,0,0.0067702513
1,1226,0,0.018230375
1,1227,0,0.25067317
1,1228,0,0.21738556
1,1229,0,0.021976193
1,1230,0,0.06774614
1,1231,0,0.01003903
1,1232,0,0.02952949
1,1233,0,0.016016465
1,1234,0,0.03258851
1,1235,0,0.00074260304
1,1236,0,0.021086888
1,1237,0,0.02832486
1,1238,0,0.0046102414
1,1239,0,0.0050981008
1,1240,0,0.07079543
1,1241,0,0.060580052
1,1242,0,0.011837588
1,1243,0,0.005789939
1,1244,0,0.13645427
1,1245,0,0.017182805
1,1246,0,0.006061856
1,1247,0,0.0025747176
1,1248,0,0.012134172
1,1249,0,0.014157623
1,1250,0,0.005079979
1,1251,0,0.04380937
1,1252,0,0.007752734
1,1253,0,0.009176157
1,1254,0,0.058674738
1,1255,0,0.06424828
1,1256,0,0.003485623
1,1257,0,0.012523426
1,1258,0,0.009990444
1,1259,0,0.0038106544
1,1260,0,0.0099476455
1,1261,0,0.1342917
1,1262,0,0.0108984355
1,1263,0,0.018150222
1,1264,0,0.020324025
1,1265,0,0.0065111103
1,1266,0,0.012212417
1,1268,0,0.0072790165
1,1269,0,0.0059366804
1,1270,0,0.088352524
1,1271,0,0.009516722
1,1272,0,0.0075304196
1,1273,0,0.008972665
1,1274,0,0.009185532
1,1275,0,0.13154139
1,1276,0,0.020909788
1,1277,0,0.022196902
1,1278,0,0.049784567
1,1279,0,0.059372995
1,1280,0,0.032952357
1,1281,0,0.011557474
1,1282,0,0.019788729
1,1283,0,0.31600237
1,1284,0,0.062781155
1,1285,0,0.035091817
1,1286,0,0.015215334
1,1287,0,0.0035950574
1,1288,0,0.045479964
1,1289,0,0.017446015
1,1290,0,0.01840527
1,1291,0,0.009900428
1,1292,0,0.40716556
1,1293,0,0.013871741
1,1294,0,0.0047872616
1,1295,0,0.00533347
1,1296,0,0.025884692
1,1297,0,0.0040556975
1,1298,0,0.022497011
1,1300,0,0.011196208
1,1301,0,0.031404424
1,1302,0,0.033180367
1,1303,0,0.004264088
1,1304,0,0.012046667
1,1305,0,0.048658576
1,1306,0,0.02218365
1,1307,0,0.021936854
1,1308,0,0.05359872
1,1309,0,0.038075574
1,1310,0,0.014368702
1,1311,0,0.020455357
1,1312,0,0.01724752
1,1313,0,0.028708862
1,1314,0,0.0039949487
1,1315,0,0.019395623
1,1316,0,0.03245878
1,1317,0,0.026671588
1,1318,0,0.11346824
1,1319,0,0.009520741
1,1320,0,0.16637515
1,1321,0,0.013709593
1,1322,0,0.5809602
1,1323,0,0.017665336
1,1324,0,0.0012305704
1,1325,0,0.0067264093
1,1326,0,0.0041486206
1,1327,0,0.033629432
1,1328,0,0.0613732
1,1329,0,0.03103821
1,1330,0,0.0033183342
1,1331,0,0.019107401
1,1332,0,0.0041291732
1,1333,0,0.004171304
1,1334,0,0.003077789
1,1335,0,0.023709988
1,1336,0,0.009980422
1,1337,0,0.4163509
1,1338,0,0.0062522055
1,1339,0,0.02931044
1,1340,0,0.037359294
1,1341,0,0.0061139753
1,1342,0,0.0052580135
1,1343,0,0.0017621691
1,1344,0,0.0055400305
1,1345,0,0.00559365
1,1346,0,0.0560933
1,1347,0,0.0259434
1,1348,0,0.015871773
1,1349,0,0.008749655
1,1351,0,0.05594221
1,1352,0,0.044604402
1,1353,0,0.015485667
1,1354,0,0.14660597
1,1355,0,0.0043307124
1,1356,0,0.02578293
1,1357,0,0.06774795
1,1358,0,0.0011519421
1,1359,0,0.006601122
1,1360,0,0.01622725
1,1361,0,0.025555884
1,1362,0,0.006317884
1,1363,0,0.000971697
1,1364,0,0.0054810545
1,1365,0,0.065075554
1,1366,0,0.0048050964
1,1367,0,0.05798679
1,1368,0,0.00856426
1,1369,0,0.23449913
1,1370,0,0.01773355
1,1371,0,0.036663134
1,1372,0,0.0076128654
1,1373,0,0.05767031
1,1374,0,0.0076001957
1,1375,0,0.03600359
1,1376,0,0.044613194
1,1377,0,0.02774239
1,1378,0,0.015258643
1,1379,0,0.007438298
1,1381,0,0.11188018
1,1382,0,0.014824558
1,1383,0,0.054431237
1,1384,0,0.0017999475
1,1385,0,0.016834145
1,1386,0,0.023856629
1,1388,0,0.015827844
1,1389,0,0.014859229
1,1390,0,0.03964257
1,1391,0,0.007339619
1,1392,0,0.06086625
1,1393,0,0.0066872356
1,1394,0,0.012223766
1,1395,0,0.0022837971
1,1396,0,0.22952655
1,1397,0,0.017809978
1,1398,0,0.013833413
1,1399,0,0.08322071
1,1400,0,0.014893443
1,1401,0,0.050587177
1,1402,0,0.010717898
1,1403,0,0.0067034443
1,1404,0,0.06455739
1,1405,0,0.089626774
1,1406,0,0.085406385
1,1407,0,0.02366343
1,1409,0,0.011227143
1,1410,0,0.030886458
1,1411,0,0.0012704615
1,1412,0,0.010620016
1,1413,0,0.05609782
1,1414,0,0.0055948095
1,1415,0,0.0042896946
1,1416,0,0.025307681
1,1417,0,0.015272856
1,1418,0,0.0048280214
1,1419,0,0.0012716934
1,1420,0,0.028780628
1,1421,0,0.0018828473
1,1422,0,0.015520468
1,1423,0,0.007522419
1,1424,0,0.0011646986
1,1425,0,0.0061325473
1,1426,0,0.04972309
1,1427,0,0.003326667
1,1428,0,0.006651451
1,1429,0,0.34140295
1,1430,0,0.041776534
1,1431,0,0.024585297
1,1432,0,0.051262837
1,1433,0,0.01451468
1,1434,0,0.004448405
1,1435,0,0.0566752
1,1436,0,0.049846638
1,1438,0,0.0055523203
1,1439,0,0.02046547
1,1440,0,0.009617883
1,1441,0,0.032521095
1,1442,0,0.1300527
1,1443,0,0.0020681433
1,1444,0,0.025927661
1,1445,0,0.041457858
1,1446,0,0.0054260995
1,1447,0,0.072743565
1,1448,0,0.100822344
1,1449,0,0.002840314
1,1450,0,0.065864794
1,1452,0,0.008888608
1,1453,0,0.009834415
1,1454,0,0.04730325
1,1455,0,0.0072005712
1,1457,0,0.011972002
1,1458,0,0.037448425
1,1459,0,0.040144023
1,1460,0,0.013923751
1,1461,0,0.17886108
1,1462,0,0.008342671
1,1463,0,0.0062026707
1,1464,0,0.0037098164
1,1465,0,0.053500894
1,1466,0,0.01509366
1,1467,0,0.06128127
1,1468,0,0.00059366575
1,1469,0,0.013861732
1,1470,0,0.0128920805
1,1471,0,0.010286058
1,1472,0,0.06359264
1,1473,0,0.029738396
1,1474,0,0.00414387
1,1475,0,0.01639871
1,1476,0,0.013172
1,1477,0,0.38081622
1,1478,0,0.06782108
1,1479,0,0.047431055
1,1480,0,0.0038679207
1,1481,0,0.006872804
1,1482,0,0.040203445
1,1483,0,0.20390335
1,1484,0,0.014180036
1,1485,0,0.0022579557
1,1486,0,0.16826072
1,1487,0,0.042220615
1,1488,0,0.0018131981
1,1489,0,0.01017043
1,1490,0,0.25418225
1,1491,0,0.0014597422
1,1493,0,0.016609572
1,1494,0,0.06721495
1,1495,0,0.115105666
1,1496,0,0.067870386
1,1497,0,0.051289134
1,1498,0,0.07120617
1,1499,0,0.0042923475
1,1500,0,0.006376727
1,1501,0,0.18262124
1,1502,0,0.02102958
1,1503,0,0.015415676
1,1504,0,0.036794774
1,1505,0,0.029683076
1,1506,0,0.00024904654
1,1507,0,0.020530146
1,1508,0,0.045796897
1,1509,0,0.0162939
1,1510,0,0.08935076
1,1511,0,0.054607157
1,1512,0,0.13418734
1,1513,0,0.2623831
1,1514,0,0.005108368
1,1515,0,0.032714814
1,1516,0,0.43035823
1,1517,0,0.028657407
1,1518,0,0.065078944
1,1519,0,0.0059059546
1,1520,0,0.005232134
1,1521,0,0.039016977
1,1522,0,0.048377227
1,1523,0,0.057236556
1,1524,0,0.007911662
1,1525,0,0.02071825
1,1526,0,0.066579975
1,1527,0,0.040688597
1,1528,0,0.22341359
1,1529,0,0.054158486
1,1530,0,0.013575386
1,1531,0,0.022302171
1,1532,0,0.0170551
1,1533,0,0.0039184755
1,1534,0,0.009229532
1,1535,0,0.11253467
1,1536,0,0.059215486
1,1537,0,0.029137095
1,1538,0,0.06260472
1,1539,0,0.21430893
1,1540,0,0.0013997982
1,1541,0,0.0037073162
1,1542,0,0.0037554617
1,1543,0,0.029665574
1,1544,0,0.007485082
1,1545,0,0.0034890266
1,1546,0,0.00532093
1,1547,0,0.013895851
1,1548,0,0.18329582
1,1549,0,0.05154215
1,1550,0,0.0030264794
1,1551,0,0.028493164
1,1552,0,0.006431743
1,1553,0,0.004766596
1,1554,0,0.021931319
1,1555,0,0.017550858
1,1556,0,0.07753297
1,1557,0,0.0029515603
1,1558,0,0.0139196925
1,1559,0,0.021013007
1,1560,0,0.048625052
1,1561,0,0.01781857
1,1562,0,0.040366165
1,1563,0,0.008655079
1,1564,0,0.06421963
1,1565,0,0.2782985
1,1566,0,0.0084879035
1,1567,0,0.013798939
1,1568,0,0.0038178875
1,1569,0,0.04928756
1,1570,0,0.04843911
1,1571,0,0.013284872
1,1572,0,0.048141383
1,1573,0,0.029228434
1,1574,0,0.03220052
1,1575,0,0.23892246
1,1576,0,0.10622867
1,1577,0,0.059386015
1,1578,0,0.009180113
1,1579,0,0.3050635
1,1580,0,0.12152582
1,1581,0,0.04951446
1,1582,0,0.011254845
1,1583,0,0.0296519
1,1584,0,0.004396242
1,1585,0,0.001670076
1,1586,0,0.0034145454
1,1587,0,0.012888378
1,1588,0,0.00527526
1,1589,0,0.1492808
1,1590,0,0.0044029653
1,1591,0,0.0036781176
1,1592,0,0.011744291
1,1593,0,0.0145914
1,1594,0,0.013965426
1,1595,0,0.032252777
1,1596,0,0.047701895
1,1597,0,0.027638542
1,1598,0,0.24320333
1,1599,0,0.061474446
1,1600,0,0.007134766
1,1601,0,0.005648627
1,1602,0,0.006189422
1,1603,0,0.007136286
1,1604,0,0.04529081
1,1605,0,0.008986096
1,1606,0,0.0017777702
1,1607,0,0.024335891
1,1608,0,0.0144056
1,1609,0,0.027719043
1,1610,0,0.007827568
1,1611,0,0.025099901
1,1612,0,0.02822486
1,1613,0,0.072976224
1,1614,0,0.002650367
1,1615,0,0.006052549
1,1616,0,0.01368066
1,1617,0,0.019850677
1,1618,0,0.041456643
1,1619,0,0.0069051194
1,1620,0,0.026959246
1,1621,0,0.029223751
1,1622,0,0.18221831
1,1623,0,0.00306629
1,1624,0,0.02270166
1,1625,0,0.06409479
1,1626,0,0.03263358
1,1627,0,0.050689965
1,1628,0,0.0017988185
1,1629,0,0.0133442255
1,1630,0,0.015530418
1,1631,0,0.06708959
1,1632,0,0.01390413
1,1633,0,0.13413537
1,1634,0,0.0069719944
1,1635,0,0.019624384
1,1636,0,0.05492667
1,1637,0,0.0083747255
1,1638,0,0.011487972
1,1639,0,0.009002186
1,1640,0,0.010653626
1,1641,0,0.0016605968
1,1642,0,0.0642897
1,1643,0,0.011167137
1,1644,0,0.0011458936
1,1645,0,0.032128006
1,1646,0,0.029608112
1,1647,0,0.11022252
1,1648,0,0.04245868
1,1649,0,0.01057899
1,1650,0,0.05276629
1,1651,0,0.01236233
1,1652,0,0.038878225
1,1653,0,0.009771369
1,1654,0,0.025036342
1,1655,0,0.005704035
1,1656,0,0.167236
1,1657,0,0.038553394
1,1658,0,0.015078732
1,1659,0,0.12237772
1,1660,0,0.030827222
1,1661,0,0.026768476
1,1662,0,0.010034727
1,1663,0,0.008156283
1,1664,0,0.20101924
1,1665,0,0.02628649
1,1666,0,0.0029812283
1,1667,0,0.09506526
1,1668,0,0.027982207
1,1669,0,0.025169177
1,1670,0,0.051093347
1,1671,0,0.0057242513
1,1672,0,0.057927504
1,1673,0,0.009326859
1,1674,0,0.008302435
1,1675,0,0.17512251
1,1676,0,0.02118366
1,1677,0,0.036200102
1,1678,0,0.022872051
1,1679,0,0.014834854
1,1680,0,0.024795935
1,1681,0,0.02572498
1,1682,0,0.009101196
1,1683,0,0.007064819
1,1684,0,0.027875451
1,1685,0,0.015692737
1,1686,0,0.056427773
1,1687,0,0.021613175
1,1688,0,0.0045017805
1,1689,0,0.0016599281
1,1690,0,0.0030633705
1,1691,0,0.012767359
1,1692,0,0.14905871
1,1693,0,0.0010960737
1,1694,0,0.0012149197
1,1695,0,0.012582069
1,1696,0,0.0015730313
1,1697,0,0.005621505
1,1698,0,0.006365112
1,1699,0,0.097694784
1,1700,0,0.03872038
1,1701,0,0.13750097
1,1702,0,0.0047133067
1,1703,0,0.0031136863
1,1704,0,0.0076041417
1,1705,0,0.010085167
1,1706,0,0.014644851
1,1707,0,0.050556544
1,1708,0,0.0077875406
1,1709,0,0.0051973746
1,1710,0,0.0069500357
1,1711,0,0.003399842
1,1712,0,0.0888037
1,1713,0,0.19063818
1,1714,0,0.30076385
1,1716,0,0.022724438
1,1717,0,0.15847804
1,1718,0,0.01680724
1,1719,0,0.012290131
1,1720,0,0.0016406619
1,1721,0,0.010040968
1,1722,0,0.12836674
1,1723,0,0.12954497
1,1724,0,0.00090717664
1,1725,0,0.1412919
1,1726,0,0.11323375
1,1727,0,0.0059587634
1,1728,0,0.030777207
1,1729,0,0.015600503
1,1730,0,0.015139464
1,1731,0,0.016862707
1,1732,0,0.016245255
1,1733,0,0.0044744634
1,1734,0,0.017842937
1,1735,0,0.01215421
1,1736,0,0.004290615
1,1737,0,0.014997917
1,1738,0,0.039479718
1,1739,0,0.03890091
1,1740,0,0.024853641
1,1741,0,0.00095970393
1,1742,0,0.0025719185
1,1743,0,0.037631698
1,1744,0,0.055481497
1,1745,0,0.08318037
1,1746,0,0.30108017
1,1747,0,0.0015190982
1,1748,0,0.015070497
1,1749,0,0.09430056
1,1751,0,0.0376326
1,1752,0,0.006490034
1,1754,0,0.008167775
1,1755,0,0.025457196
1,1756,0,0.17094736
1,1757,0,0.0012135006
1,1758,0,0.030738087
1,1759,0,0.02350144
1,1760,0,0.027879516
1,1761,0,0.011522152
1,1762,0,0.009018702
1,1763,0,0.0039392277
1,1764,0,0.007212997
1,1765,0,0.014280404
1,1766,0,0.014831559
1,1767,0,0.025739959
1,1768,0,0.004158455
1,1769,0,0.101646386
1,1770,0,0.034669727
1,1771,0,0.12063574
1,1772,0,0.0113509055
1,1773,0,0.058845714
1,1774,0,0.040095948
1,1775,0,0.27351627
1,1776,0,0.006496497
1,1777,0,0.03323514
1,1778,0,0.0077350955
1,1779,0,0.009794044
1,1780,0,0.020942284
1,1781,0,0.024965562
1,1782,0,0.15481375
1,1783,0,0.011715569
1,1784,0,0.10681024
1,1785,0,0.6923421
1,1786,0,0.048300344
1,1787,0,0.07693566
1,1788,0,0.004665364
1,1789,0,0.123691395
1,1790,0,0.017599095
1,1791,0,0.006288072
1,1792,0,0.0068659363
1,1793,0,0.12533641
1,1794,0,0.051168717
1,1795,0,0.007222595
1,1796,0,0.007924712
1,1797,0,0.048672553
1,1798,0,0.2121837
1,1799,0,0.048326004
1,1800,0,0.012097872
1,1801,0,0.010809125
1,1802,0,0.0076805684
1,1803,0,0.0063233827
1,1804,0,0.020263681
1,1805,0,0.16277844
1,1806,0,0.017230049
1,1807,0,0.054569036
1,1808,0,0.017215358
1,1809,0,0.024030851
1,1810,0,0.0031041324
1,1811,0,0.0054686936
1,1812,0,0.00943227
1,1813,0,0.017677836
1,1814,0,0.014596455
1,1815,0,0.08138299
1,1816,0,0.044316217
1,1817,0,0.0031950243
1,1818,0,0.008298809
1,1819,0,0.08855884
1,1820,0,0.02456274
1,1821,0,0.078729615
1,1822,0,0.039638367
1,1823,0,0.0039222757
1,1824,0,0.0071130283
1,1825,0,0.06084659
1,1826,0,0.02438382
1,1827,0,0.0046422537
1,1828,0,0.028043034
1,1829,0,0.16909558
1,1830,0,0.0052123168
1,1831,0,0.045098152
1,1832,0,0.00804197
1,1833,0,0.036033243
1,1834,0,0.012706146
1,1835,0,0.042383477
1,1836,0,0.03298867
1,1837,0,0.7271624
1,1838,0,0.07643714
1,1839,0,0.0030594408
1,1840,0,0.0042191907
1,1841,0,0.061711926
1,1842,0,0.010659639
1,1843,0,0.15077245
1,1844,0,0.072032906
1,1845,0,0.047397576
1,1846,0,0.07151986
1,1847,0,0.0020180764
1,1848,0,0.056535013
1,1849,0,0.030779375
1,1850,0,0.009712526
1,1851,0,0.0015344548
1,1852,0,0.08509792
1,1853,0,0.0015234983
1,1854,0,0.0022494786
1,1855,0,0.0053267935
1,1856,0,0.0013222628
1,1857,0,0.015988195
1,1858,0,0.08060378
1,1859,0,0.015068785
1,1860,0,0.053510264
1,1861,0,0.009402387
1,1862,0,0.0058117653
1,1863,0,0.039296716
1,1864,0,0.017213648
1,1865,0,0.028353222
1,1866,0,0.0115819415
1,1867,0,0.019740948
1,1868,0,0.10201679
1,1869,0,0.0014222893
1,1870,0,0.026019474
1,1871,0,0.0054950016
1,1872,0,0.019719949
1,1873,0,0.0048170825
1,1875,0,0.07224185
1,1876,0,0.015716096
1,1877,0,0.025946172
1,1878,0,0.011133205
1,1879,0,0.106508106
1,1880,0,0.010821072
1,1881,0,0.0014091154
1,1882,0,0.11681916
1,1883,0,0.021796878
1,1884,0,0.022644836
1,1885,0,0.029093895
1,1886,0,0.011492575
1,1887,0,0.035654277
1,1888,0,0.006697636
1,1889,0,0.10662901
1,1890,0,0.0043754866
1,1891,0,0.0021117125
1,1892,0,0.017247222
1,1893,0,0.02718519
1,1894,0,0.025841838
1,1895,0,0.0045275204
1,1896,0,0.008907595
1,1897,0,0.0046440894
1,1898,0,0.0159616
1,1899,0,0.23372649
1,1900,0,0.04458159
1,1901,0,0.007820793
1,1902,0,0.01225837
1,1903,0,0.06520452
1,1904,0,0.012627183
1,1905,0,0.046541244
1,1906,0,0.0015709104
1,1907,0,0.03215156
1,1908,0,0.029209116
1,1909,0,0.02840359
1,1910,0,0.036456738
1,1911,0,0.5410474
1,1912,0,0.012173943
1,1913,0,0.000822317
1,1914,0,0.10926451
1,1915,0,0.015476924
1,1916,0,0.0015059048
1,1917,0,0.017602328
1,1918,0,0.013094581
1,1919,0,0.0029579788
1,1920,0,0.0044788835
1,1921,0,0.0070084496
1,1922,0,0.003333797
1,1923,0,0.023153821
1,1924,0,0.016073143
1,1925,0,0.018807938
1,1926,0,0.04159679
1,1927,0,0.19690444
1,1928,0,0.040501453
1,1929,0,0.00037169197
1,1930,0,0.08870094
1,1931,0,0.06560975
1,1932,0,0.009575607
1,1933,0,0.08469219
1,1934,0,0.061491072
1,1935,0,0.08015512
1,1936,0,0.013487778
1,1937,0,0.006377543
1,1938,0,0.014316507
1,1939,0,0.0036102918
1,1940,0,0.0068308157
1,1941,0,0.5764956
1,1942,0,0.024553763
1,1943,0,0.004423098
1,1944,0,0.03187349
1,1945,0,0.009941214
1,1946,0,0.007928518
1,1947,0,0.062316068
1,1948,0,0.031049084
1,1949,0,0.058530565
1,1950,0,0.0117655955
1,1952,0,0.02648544
1,1953,0,0.024887236
1,1954,0,0.1008993
1,1955,0,0.10978104
1,1956,0,0.10682655
1,1957,0,0.034540787
1,1958,0,0.021916851
1,1959,0,0.19630933
1,1960,0,0.004841985
1,1961,0,0.14828247
1,1962,0,0.017261995
1,1963,0,0.019494632
1,1964,0,0.045740202
1,1965,0,0.26668394
1,1966,0,0.028924016
1,1967,0,0.028424285
1,1968,0,0.087186575
1,1969,0,0.016796818
1,1970,0,0.09056466
1,1971,0,0.0015067431
1,1973,0,0.023581216
1,1974,0,0.0148217585
1,1975,0,0.034846447
1,1976,0,0.0067036
1,1977,0,0.008447528
1,1978,0,0.14152406
1,1979,0,0.0070748036
1,1980,0,0.011865816
1,1981,0,0.0002567177
1,1982,0,0.026949096
1,1983,0,0.0076201498
1,1984,0,0.04513733
1,1985,0,0.009616171
1,1986,0,0.01702625
1,1987,0,0.06354876
1,1988,0,0.019400524
1,1989,0,0.0037301553
1,1991,0,0.01420191
1,1992,0,0.002423028
1,1993,0,0.031993505
1,1994,0,0.29936448
1,1995,0,0.025284663
1,1996,0,0.025167037
1,1997,0,0.0039480985
1,1998,0,0.03320945
1,1999,0,0.013700703
1,2000,0,0.0051793787
1,2001,0,0.020852298
1,2002,0,0.18325184
1,2003,0,0.018375983
1,2004,0,0.0034608913
1,2005,0,0.010744413
1,2006,0,0.09333727
1,2007,0,0.012947966
1,2008,0,0.010161741
1,2009,0,0.016796008
1,2010,0,0.008138646
1,2011,0,0.0037910289
1,2012,0,0.07131978
1,2013,0,0.11019015
1,2014,0,0.021977866
1,2015,0,0.06167512
1,2016,0,0.002974324
1,2017,0,0.006521115
1,2018,0,0.08919516
1,2019,0,0.021359665
1,2021,0,0.3742861
1,2022,0,0.021013457
1,2023,0,0.0061792885
1,2024,0,0.003734336
1,2025,0,0.528951
1,2026,0,0.37679055
1,2027,0,0.030541401
1,2028,0,0.008658868
1,2029,0,0.030454176
1,2030,0,0.24597588
1,2031,0,0.42946264
1,2032,0,0.018438676
1,2033,0,0.015877308
1,2034,0,0.013239363
1,2036,0,0.026168715
1,2037,0,0.0036292663
1,2038,0,0.016868638
1,2039,0,0.064300254
1,2040,0,0.06427427
1,2041,0,0.017727247
1,2042,0,0.05873606
1,2043,0,0.022136409
1,2044,0,0.0074658925
1,2045,0,0.1647744
1,2047,0,0.115917884
1,2048,0,0.08465523
1,2049,0,0.09389039
1,2050,0,0.06080956
1,2051,0,0.04914957
1,2052,0,0.021649903
1,2053,0,0.1693518
1,2054,0,0.09356982
1,2055,0,0.0019252956
1,2056,0,0.002119351
1,2057,0,0.017798888
1,2058,0,0.022345673
1,2059,0,0.00333246
1,2060,0,0.08774535
1,2061,0,0.037236385
1,2062,0,0.053839587
1,2063,0,0.0035456643
1,2064,0,0.017974347
1,2065,0,0.004962848
1,2066,0,0.011567076
1,2067,0,0.0049072076
1,2068,0,0.019104306
1,2069,0,0.0018820552
1,2070,0,0.064694695
1,2071,0,0.0026504844
1,2072,0,0.05395866
1,2073,0,0.119947635
1,2074,0,0.0022244048
1,2075,0,0.028040783
1,2076,0,0.034912195
1,2077,0,0.025116209
1,2078,0,0.009592255
1,2079,0,0.13332818
1,2080,0,0.029379912
1,2081,0,0.050233882
1,2082,0,0.017422384
1,2083,0,0.008130995
1,2084,0,0.22117269
1,2085,0,0.3348193
1,2086,0,0.0058383164
1,2087,0,0.009081106
1,2088,0,0.004350591
1,2089,0,0.011087364
1,2090,0,0.022795694
1,2091,0,0.02133056
1,2092,0,0.3297668
1,2093,0,0.20714793
1,2094,0,0.0066327695
1,2095,0,0.012477972
1,2096,0,0.008439224
1,2097,0,0.06572405
1,2098,0,0.031959344
1,2099,0,0.03227211
1,2100,0,0.01766336
1,2101,0,0.005256315
1,2102,0,0.026858218
1,2103,0,0.02778585
1,2104,0,0.014268515
1,2105,0,0.00571066
1,2106,0,0.10099806
1,2107,0,0.14872663
1,2108,0,0.002088652
1,2109,0,0.11985826
1,2110,0,0.11137993
1,2111,0,0.012758731
1,2112,0,0.0022070284
1,2113,0,0.018089233
1,2114,0,0.12353
1,2115,0,0.03171268
1,2116,0,0.036353104
1,2117,0,0.0018500481
1,2118,0,0.060736313
1,2119,0,0.021858005
1,2120,0,0.0006993102
1,2121,0,0.07672877
1,2122,0,0.010524815
1,2123,0,0.07988522
1,2124,0,0.054191045
1,2125,0,0.02031208
1,2126,0,0.004552793
1,2127,0,0.0143602295
1,2128,0,0.020443082
1,2129,0,0.0064044674
1,2130,0,0.013243495
1,2131,0,0.011108427
1,2132,0,0.04454405
1,2133,0,0.19282426
1,2134,0,0.0103147235
1,2135,0,0.0105523355
1,2136,0,0.120886974
1,2137,0,0.029239163
1,2138,0,0.013351329
1,2139,0,0.01862629
1,2140,0,0.0012551551
1,2141,0,0.015639435
1,2142,0,0.0346625
1,2143,0,0.046358187
1,2144,0,0.02466672
1,2146,0,0.03579357
1,2147,0,0.017334403
1,2148,0,0.021495515
1,2149,0,0.031362765
1,2150,0,0.0051405327
1,2151,0,0.061253723
1,2152,0,0.06094103
1,2153,0,0.0048424723
1,2154,0,0.106105305
1,2155,0,0.014172839
1,2156,0,0.051234577
1,2157,0,0.06192813
1,2160,0,0.014446577
1,2161,0,0.047815
1,2162,0,0.0016890928
1,2163,0,0.017407363
1,2164,0,0.055569116
1,2165,0,0.002832158
1,2166,0,0.017147833
1,2167,0,0.02238977
1,2168,0,0.004356074
1,2170,0,0.058014505
1,2171,0,0.27481365
1,2172,0,0.010434849
1,2173,0,0.0047598463
1,2174,0,0.019726578
1,2175,0,0.3069005
1,2176,0,0.012478277
1,2177,0,0.09819697
1,2178,0,0.009248148
1,2179,0,0.019205598
1,2180,0,0.025298992
1,2181,0,0.031195669
1,2182,0,0.005842522
1,2183,0,0.01562449
1,2184,0,0.125214
1,2185,0,0.045007978
1,2186,0,0.0333868
1,2187,0,0.004475343
1,2188,0,0.008458759
1,2189,0,0.015477069
1,2190,0,0.02172329
1,2191,0,0.0028898283
1,2192,0,0.009516857
1,2193,0,0.014895732
1,2194,0,0.12140976
1,2195,0,0.013244758
1,2196,0,0.038373735
1,2197,0,0.004658739
1,2198,0,0.017446792
1,2200,0,0.0034828947
1,2201,0,0.078714035
1,2202,0,0.034239065
1,2203,0,0.10457386
1,2204,0,0.003458815
1,2205,0,0.097609796
1,2206,0,0.024262456
1,2207,0,0.029337274
1,2208,0,0.08268815
1,2209,0,0.0021135723
1,2210,0,0.22746293
1,2211,0,0.011753054
1,2212,0,0.008629729
1,2213,0,0.003952215
1,2214,0,0.08451771
1,2215,0,0.031667247
1,2216,0,0.00734543
1,2217,0,0.011065626
1,2218,0,0.054012794
1,2219,0,0.015897376
1,2220,0,0.0067425175
1,2221,0,0.002335016
1,2222,0,0.0019039115
1,2223,0,0.10134162
1,2224,0,0.008402558
1,2226,0,0.193253
1,2227,0,0.024746012
1,2228,0,0.20126155
1,2229,0,0.008540438
1,2230,0,0.057822544
1,2231,0,0.0015739019
1,2232,0,0.0012987395
1,2233,0,0.14043269
1,2234,0,0.11974122
1,2235,0,0.002454731
1,2236,0,0.044990182
1,2237,0,0.011517482
1,2238,0,0.16459018
1,2239,0,0.028482532
1,2240,0,0.0027897167
1,2241,0,0.14818603
1,2242,0,0.008795972
1,2243,0,0.025081124
1,2244,0,0.20647588
1,2245,0,0.0022015215
1,2246,0,0.050607618
1,2247,0,0.03372259
1,2248,0,0.012462117
1,2249,0,0.07691583
1,2250,0,0.0618365
1,2251,0,0.011653731
1,2252,0,0.11183265
1,2253,0,0.011235467
1,2254,0,0.115070626
1,2255,0,0.0031906068
1,2256,0,0.021296905
1,2257,0,0.0059087775
1,2258,0,0.065469116
1,2259,0,0.004960475
1,2260,0,0.00095492636
1,2261,0,0.016676163
1,2262,0,0.011240638
1,2263,0,0.011604989
1,2264,0,0.049806587
1,2265,0,0.010051429
1,2266,0,0.014719815
1,2267,0,0.019094221
1,2268,0,0.0014771817
1,2269,0,0.050037414
1,2270,0,0.07356661
1,2271,0,0.056460764
1,2272,0,0.3185179
1,2273,0,0.11736127
1,2274,0,0.0023002657
1,2275,0,0.043977134
1,2276,0,0.0008124255
1,2277,0,0.0904081
1,2278,0,0.002955644
1,2279,0,0.016930223
1,2280,0,0.008093833
1,2281,0,0.18892917
1,2282,0,0.0069854935
1,2283,0,0.0027067144
1,2284,0,0.095997475
1,2285,0,0.0026252351
1,2286,0,0.033531725
1,2287,0,0.52057946
1,2288,0,0.017750036
1,2289,0,0.11181202
1,2290,0,0.031480532
1,2291,0,0.0059173596
1,2292,0,0.0046913247
1,2293,0,0.13256645
1,2294,0,0.013393996
1,2295,0,0.013438468
1,2296,0,0.079871014
1,2297,0,0.026525242
1,2298,0,0.0025340095
1,2299,0,0.15219697
1,2300,0,0.042081848
1,2301,0,0.038215883
1,2302,0,0.034595698
1,2304,0,0.033605468
1,2305,0,0.01611583
1,2306,0,0.018545475
1,2307,0,0.07608
1,2308,0,0.18108821
1,2309,0,0.0013358352
1,2310,0,0.010970116
1,2311,0,0.032348465
1,2312,0,0.09207696
1,2313,0,0.050177418
1,2314,0,0.08454758
1,2315,0,0.113066636
1,2316,0,0.0031089096
1,2317,0,0.018082958
1,2318,0,0.030256279
1,2319,0,0.009517324
1,2320,0,0.032064117
1,2321,0,0.021845218
1,2322,0,0.06762172
1,2323,0,0.04522951
1,2324,0,0.05335106
1,2325,0,0.0052505564
1,2326,0,0.028206043
1,2327,0,0.02188338
1,2328,0,0.011754301
1,2329,0,0.0042972574
1,2330,0,0.0043409145
1,2331,0,0.032051586
1,2332,0,0.042726986
1,2333,0,0.14096469
1,2334,0,0.0054408074
1,2335,0,0.008624835
1,2338,0,0.011322761
1,2339,0,0.0073688207
1,2340,0,0.05537703
1,2341,0,0.04727741
1,2342,0,0.03520252
1,2343,0,0.0040715258
1,2344,0,0.017860346
1,2346,0,0.14352174
1,2347,0,0.14434697
1,2348,0,0.014012913
1,2349,0,0.025660941
1,2350,0,0.02225373
1,2351,0,0.31000048
1,2352,0,0.0131061645
1,2353,0,0.00037270164
1,2354,0,0.0082502365
1,2355,0,0.016065694
1,2356,0,0.013415639
1,2357,0,0.027045745
1,2358,0,0.004487771
1,2359,0,0.004235314
1,2360,0,0.0071845846
1,2361,0,0.007846102
1,2362,0,0.009131076
1,2363,0,0.15313302
1,2364,0,0.008149265
1,2365,0,0.030789519
1,2366,0,0.018460093
1,2367,0,0.0051313085
1,2368,0,0.03909362
1,2369,0,0.00597393
1,2370,0,0.0020251926
1,2371,0,0.0038200754
1,2372,0,0.029469246
1,2373,0,0.062148634
1,2374,0,0.051322266
1,2375,0,0.006129433
1,2376,0,0.281318
1,2377,0,0.03365647
1,2378,0,0.01691998
1,2379,0,0.03214109
1,2380,0,0.09006352
1,2381,0,0.027245888
1,2382,0,0.07406403
1,2383,0,0.07765822
1,2384,0,0.075375594
1,2385,0,0.007872571
1,2386,0,0.006629258
1,2387,0,0.005535931
1,2388,0,0.013523164
1,2389,0,0.12688321
1,2390,0,0.028980697
1,2391,0,0.07485309
1,2392,0,0.009023041
1,2393,0,0.10638776
1,2394,0,0.021837395
1,2395,0,0.03242249
1,2396,0,0.013114598
1,2397,0,0.0074609476
1,2399,0,0.046403375
1,2400,0,0.006569105
1,2401,0,0.06594289
1,2402,0,0.014838722
1,2403,0,0.005723236
1,2404,0,0.02738974
1,2405,0,0.0035147986
1,2406,0,0.058447834
1,2407,0,0.0068809944
1,2408,0,0.017616129
1,2409,0,0.031108059
1,2410,0,0.053266484
1,2411,0,0.008984011
1,2412,0,0.020614894
1,2413,0,0.005566458
2,2020,1,0.0865514
2,2035,1,0.42408803
2,2046,1,0.028791774
2,2145,1,0.21872921
2,2158,1,0.16151454
2,2159,1,0.09438074
2,2169,1,0.061270043
2,2199,1,0.034309365
2,2225,1,0.22480612
2,2303,1,0.028147457
2,2336,1,0.118912645
2,2337,1,0.62899196
2,2345,1,0.036620144
2,2398,1,0.049321692
2,2469,1,0.0002630158
2,2500,1,0.05665013
2,2563,1,0.03349319
2,2565,1,0.0061712344
2,2631,1,0.18852969
2,2699,1,0.7240917
2,2721,1,0.0130205145
2,2851,1,0.0058376305
2,2957,1,0.037517272
2,2978,1,0.009862482
2,3056,1,0.22081281
2,3077,1,0.074323915
2,3104,1,0.013872112
2,3109,1,0.0028294618
2,3168,1,0.0065018698
2,3180,1,0.0003916841
2,3270,1,0.64501286
2,3325,1,0.0030161033
2,3420,1,0.25560278
2,3530,1,0.00037265706
2,3537,1,0.13633509
2,3582,1,0.035962354
2,3935,1,0.8799932
2,3959,1,0.087304495
2,3974,1,0.0010405807
2,4020,1,0.4463373
2,4087,1,0.0022431135
2,4189,1,0.0011302049
2,4301,1,0.98445606
2,4341,1,2.5339608e-05
2,4456,1,0.00061979407
2,4501,1,0.0014383845
2,4506,1,0.0015984512
2,4556,1,0.8355361
2,2414,0,0.00016373832
2,2415,0,0.0013720302
2,2416,0,2.3879655e-05
2,2417,0,8.3606385e-05
2,2418,0,0.0015597095
2,2419,0,0.00014756637
2,2420,0,0.008818733
2,2421,0,0.029598206
2,2422,0,0.010208953
2,2423,0,0.006440177
2,2424,0,0.00084253796
2,2425,0,6.6970984e-05
2,2426,0,0.019980857
2,2427,0,0.0022865247
2,2428,0,0.0002934968
2,2429,0,0.0052807676
2,2430,0,0.0024029159
2,2431,0,0.01252362
2,2432,0,6.707005e-05
2,2433,0,9.709652e-05
2,2434,0,0.011881482
2,2435,0,0.03341308
2,2436,0,0.0018002866
2,2437,0,0.001135748
2,2438,0,8.2571925e-05
2,2439,0,0.00042738346
2,2440,0,3.3260472e-05
2,2441,0,0.0032128035
2,2442,0,0.0011749672
2,2443,0,0.08339478
2,2444,0,0.003066736
2,2445,0,8.530797e-07
2,2446,0,0.0042113764
2,2447,0,9.158984e-05
2,2448,0,0.033354823
2,2449,0,0.0049924213
2,2450,0,0.00069771847
2,2451,0,0.010054817
2,2452,0,0.01720089
2,2453,0,0.0011137723
2,2454,0,0.021122565
2,2455,0,0.001512571
2,2456,0,0.0025492667
2,2457,0,0.058798335
2,2458,0,0.00038235844
2,2459,0,0.009057665
2,2460,0,4.731119e-05
2,2461,0,0.020114187
2,2462,0,0.005951077
2,2463,0,0.1988925
2,2464,0,0.0010576678
2,2465,0,0.00028148928
2,2466,0,8.616984e-05
2,2467,0,4.5539678e-06
2,2468,0,0.0018447662
2,2470,0,0.07382824
2,2471,0,0.00011126451
2,2472,0,0.04522958
2,2473,0,0.0033175303
2,2474,0,0.50440997
2,2475,0,0.000948973
2,2476,0,0.009401809
2,2477,0,0.0021428587
2,2478,0,0.002817133
2,2479,0,0.0020061955
2,2480,0,5.9536706e-05
2,2481,0,0.0076307044
2,2482,0,0.0009094831
2,2483,0,0.0051114857
2,2484,0,0.005529008
2,2485,0,0.038721815
2,2486,0,0.0037320147
2,2487,0,0.07413055
2,2488,0,0.08209955
2,2489,0,0.0007347766
2,2490,0,0.000628648
2,2491,0,0.00064960873
2,2492,0,0.005958766
2,2493,0,0.00087717234
2,2494,0,0.0038833972
2,2495,0,0.00032909997
2,2496,0,0.0037669346
2,2497,0,0.0024160875
2,2498,0,0.005163367
2,2499,0,0.001276536
2,2501,0,0.00058148726
2,2502,0,0.059097264
2,2503,0,4.5738994e-05
2,2504,0,5.3061895e-06
2,2505,0,0.000120535
2,2506,0,2.8996234e-05
2,2507,0,0.00054983963
2,2508,0,0.05224559
2,2509,0,0.0005508583
2,2510,0,0.0006564973
2,2511,0,0.018290378
2,2512,0,0.0072739525
2,2513,0,7.828836e-05
2,2514,0,0.0027851253
2,2515,0,0.0005819951
2,2516,0,0.0028037638
2,2517,0,0.0010248818
2,2518,0,0.00014966363
2,2519,0,0.07360703
2,2520,0,0.0029534933
2,2521,0,0.00011267966
2,2522,0,0.0007618676
2,2523,0,0.043937165
2,2524,0,0.015051556
2,2525,0,0.004082891
2,2526,0,2.6461254e-05
2,2527,0,7.809814e-05
2,2528,0,3.433496e-05
2,2529,0,0.04941035
2,2530,0,9.293247e-05
2,2531,0,0.047193438
2,2532,0,0.0009224939
2,2533,0,0.00266404
2,2534,0,0.00037080172
2,2535,0,2.2860677e-05
2,2536,0,0.004217402
2,2537,0,0.00038128954
2,2538,0,0.0028455402
2,2539,0,0.0020546683
2,2540,0,0.00020249015
2,2541,0,0.00080566056
2,2542,0,0.0005489212
2,2543,0,2.4764531e-05
2,2544,0,0.007616693
2,2545,0,0.0071571143
2,2546,0,0.09340303
2,2547,0,0.005326321
2,2548,0,0.0005552706
2,2549,0,0.00037839543
2,2550,0,0.009616421
2,2551,0,0.0008602643
2,2552,0,0.007937563
2,2553,0,0.0023798689
2,2554,0,0.11668376
2,2555,0,6.4891516e-05
2,2556,0,4.1338946e-05
2,2557,0,0.0056442176
2,2558,0,0.000508243
2,2559,0,0.00031734022
2,2560,0,0.02407581
2,2561,0,0.0010884487
2,2562,0,0.00018230802
2,2564,0,0.0012890926
2,2566,0,0.0021497142
2,2567,0,0.019026525
2,2568,0,0.0025810197
2,2569,0,2.6138217e-05
2,2570,0,0.00015872777
2,2571,0,0.0016227152
2,2572,0,0.00043444947
2,2573,0,5.9666294e-05
2,2574,0,0.20301124
2,2575,0,0.0238774
2,2576,0,0.00025468593
2,2577,0,0.00042944602
2,2578,0,0.021723863
2,2579,0,0.00030094758
2,2580,0,0.0012530318
2,2581,0,0.00098246
2,2582,0,0.0031347957
2,2583,0,5.727019e-06
2,2584,0,0.0002609536
2,2585,0,0.04291603
2,2586,0,0.0029613585
2,2587,0,0.007477717
2,2588,0,8.087681e-05
2,2589,0,0.0010132403
2,2590,0,0.0031476966
2,2591,0,0.0020549265
2,2592,0,0.00019320838
2,2593,0,0.00011643959
2,2594,0,0.005978057
2,2595,0,0.0005715657
2,2596,0,0.24322386
2,2597,0,0.0023930534
2,2598,0,0.02494113
2,2599,0,0.00022984747
2,2600,0,0.27588832
2,2601,0,0.10761645
2,2602,0,0.023787968
2,2603,0,0.00057940074
2,2604,0,9.573745e-06
2,2605,0,8.585636e-05
2,2606,0,0.00010666732
2,2607,0,0.011582875
2,2608,0,0.008180014
2,2609,0,0.00021922059
2,2610,0,0.005235138
2,2611,0,0.004219497
2,2612,0,0.04722396
2,2613,0,0.00043417045
2,2614,0,0.02929634
2,2615,0,0.0010353196
2,2616,0,0.000677733
2,2617,0,0.0012454921
2,2618,0,0.00017148715
2,2619,0,3.197245e-05
2,2620,0,0.0001385929
2,2621,0,0.029975303
2,2622,0,0.0016368859
2,2623,0,0.0008002586
2,2624,0,0.003146863
2,2625,0,0.0048993947
2,2626,0,0.0003742907
2,2627,0,1.489851e-06
2,2628,0,0.002807434
2,2629,0,0.0005601974
2,2630,0,0.0019896065
2,2632,0,0.00045964468
2,2633,0,0.00014381266
2,2634,0,0.052536342
2,2635,0,0.0016935016
2,2636,0,0.011834865
2,2637,0,0.00017206024
2,2638,0,0.006181315
2,2639,0,0.0006807577
2,2640,0,0.0007696926
2,2641,0,8.671876e-05
2,2642,0,0.002158112
2,2643,0,4.30475e-06
2,2644,0,6.934155e-05
2,2645,0,0.0002899598
2,2646,0,0.00096888293
2,2647,0,0.0006425042
2,2648,0,0.01349575
2,2649,0,0.0004195551
2,2650,0,0.00014427913
2,2651,0,0.0032980118
2,2652,0,0.002516998
2,2653,0,0.007112857
2,2654,0,0.0033318992
2,2655,0,0.00012431589
2,2656,0,0.00050934165
2,2657,0,0.038852885
2,2658,0,0.0011205267
2,2659,0,2.5932912e-05
2,2660,0,0.0016004218
2,2661,0,0.0009958209
2,2662,0,4.4770004e-05
2,2663,0,0.0038536077
2,2664,0,3.0942072e-05
2,2665,0,0.01934211
2,2666,0,0.0002559264
2,2667,0,0.0024735841
2,2668,0,0.001003958
2,2669,0,3.3035874e-05
2,2670,0,0.22411549
2,2671,0,0.0005401349
2,2672,0,0.0012814673
2,2673,0,0.0021698826
2,2674,0,0.00309923
2,2675,0,0.0020748226
2,2676,0,0.03400792
2,2677,0,0.0044848365
2,2678,0,0.00012886143
2,2679,0,0.039712228
2,2680,0,0.000781231
2,2681,0,3.2038333e-06
2,2682,0,0.00012991049
2,2683,0,0.00075322477
2,2684,0,0.0006154437
2,2685,0,0.0016352113
2,2686,0,0.009538294
2,2687,0,0.052186098
2,2688,0,0.00043037286
2,2689,0,0.0017264608
2,2690,0,0.0057207346
2,2691,0,0.0013986602
2,2692,0,0.005143758
2,2693,0,0.0015200141
2,2694,0,0.0024224077
2,2695,0,0.0032026158
2,2696,0,0.0029703404
2,2697,0,4.0361272e-05
2,2698,0,0.024443531
2,2700,0,0.00021912152
2,2701,0,0.017261881
2,2702,0,0.00053079205
2,2703,0,0.00019745594
2,2704,0,0.00056776335
2,2705,0,4.5104516e-05
2,2706,0,6.850409e-05
2,2707,0,0.0113152955
2,2708,0,0.0045513758
2,2709,0,0.00037994504
2,2710,0,0.00010849765
2,2711,0,0.010410416
2,2712,0,0.005525139
2,2713,0,0.0025816998
2,2714,0,3.44842e-05
2,2715,0,0.0004317891
2,2716,0,0.002607827
2,2717,0,8.3939514e-05
2,2718,0,0.0012414699
2,2719,0,0.0008795777
2,2720,0,0.12534063
2,2722,0,0.19055995
2,2723,0,0.0022168169
2,2724,0,0.004455307
2,2725,0,0.00024161006
2,2726,0,0.0009736449
2,2727,0,0.0041919346
2,2728,0,0.0013568824
2,2729,0,0.0017845638
2,2730,0,0.02758976
2,2731,0,0.0046701957
2,2732,0,0.0013300483
2,2733,0,0.03044681
2,2734,0,0.997216
2,2735,0,0.002376224
2,2736,0,0.0044757253
2,2737,0,0.0009578158
2,2738,0,0.010031758
2,2739,0,9.4482435e-05
2,2740,0,0.0011422978
2,2741,0,0.03677211
2,2742,0,0.16087215
2,2743,0,0.0015687497
2,2744,0,0.013507524
2,2745,0,0.0041820933
2,2746,0,0.00059594755
2,2747,0,8.522321e-05
2,2748,0,0.00046374043
2,2749,0,4.5085206e-05
2,2750,0,0.0019006804
2,2751,0,0.0015977406
2,2752,0,0.0053942474
2,2753,0,0.00029833565
2,2754,0,0.0039691
2,2755,0,0.0012206255
2,2756,0,0.044808824
2,2757,0,0.0028016781
2,2758,0,0.0041638035
2,2759,0,0.0040398305
2,2760,0,0.0003861032
2,2761,0,0.00020560395
2,2762,0,0.0037245527
2,2763,0,0.00040450002
2,2764,0,0.0007052651
2,2765,0,0.0001226264
2,2766,0,0.0007109867
2,2767,0,0.06323872
2,2768,0,0.006098498
2,2769,0,0.00033314756
2,2770,0,0.0045533744
2,2771,0,0.005014515
2,2772,0,0.0029352754
2,2773,0,0.00038204508
2,2774,0,0.00118951
2,2775,0,0.00033332896
2,2776,0,0.007758286
2,2777,0,0.019302841
2,2778,0,0.0069530173
2,2779,0,5.6965684e-05
2,2780,0,4.4752076e-05
2,2781,0,0.12623
2,2782,0,0.010822766
2,2783,0,0.0021720952
2,2784,0,0.00071710115
2,2785,0,0.0016083469
2,2786,0,0.005450156
2,2787,0,0.0032250555
2,2788,0,0.11310365
2,2789,0,0.00012867259
2,2790,0,0.0005601408
2,2791,0,0.1467462
2,2792,0,9.476368e-06
2,2793,0,0.00048579628
2,2794,0,0.00038339285
2,2795,0,0.0005688084
2,2796,0,0.013392364
2,2797,0,0.0007987996
2,2798,0,5.3465727e-05
2,2799,0,0.0034124951
2,2800,0,0.0031139338
2,2801,0,0.0005602369
2,2802,0,0.00038168707
2,2803,0,0.0022812723
2,2804,0,0.0023002175
2,2805,0,0.00014730965
2,2806,0,0.0074904193
2,2807,0,0.0030905865
2,2808,0,0.0045838533
2,2809,0,0.03949953
2,2810,0,0.007714543
2,2811,0,0.027549451
2,2812,0,0.5002439
2,2813,0,0.006344348
2,2814,0,0.0007895661
2,2815,0,0.019048369
2,2816,0,0.001480253
2,2817,0,9.237091e-05
2,2818,0,0.028464437
2,2819,0,0.020275764
2,2820,0,0.0013674475
2,2821,0,6.396136e-05
2,2822,0,6.5770684e-05
2,2823,0,9.6795695e-05
2,2824,0,0.0041824984
2,2825,0,3.9159848e-05
2,2826,0,6.661112e-05
2,2827,0,7.286399e-05
2,2828,0,0.020936307
2,2829,0,0.0003300904
2,2830,0,0.003198694
2,2831,0,0.0018262212
2,2832,0,8.515854e-05
2,2833,0,4.4549222e-05
2,2834,0,2.1242474e-06
2,2835,0,0.0006592055
2,2836,0,0.0026320245
2,2837,0,0.028162232
2,2838,0,0.00022345086
2,2839,0,0.0019627924
2,2840,0,0.0004084364
2,2841,0,0.0032807556
2,2842,0,6.0535665e-05
2,2843,0,0.18288575
2,2844,0,0.0015156015
2,2845,0,0.016922725
2,2846,0,0.00013837648
2,2847,0,0.0007707984
2,2848,0,0.00019515205
2,2849,0,9.580212e-05
2,2850,0,0.0064876177
2,2852,0,0.006417711
2,2853,0,0.0012600085
2,2854,0,0.00020874054
2,2855,0,4.6686997e-05
2,2856,0,0.00029426
2,2857,0,0.0027039421
2,2858,0,0.008812888
2,2859,0,0.0027493394
2,2860,0,1.6582107e-05
2,2861,0,0.0035626746
2,2862,0,2.7844799e-06
2,2863,0,0.0005894107
2,2864,0,0.012904355
2,2865,0,0.001962161
2,2866,0,0.004210075
2,2867,0,0.0025960454
2,2868,0,0.072356716
2,2869,0,6.879025e-06
2,2870,0,0.0133170625
2,2871,0,0.00044430053
2,2872,0,0.0015402789
2,2873,0,0.0025689465
2,2874,0,0.0031237423
2,2875,0,0.0004941313
2,2876,0,0.006437142
2,2877,0,0.0041438662
2,2878,0,0.00067317445
2,2879,0,0.00055233337
2,2880,0,0.0020065564
2,2881,0,0.005045055
2,2882,0,0.0009310441
2,2883,0,0.0001598389
2,2884,0,8.984069e-05
2,2885,0,0.00019958502
2,2886,0,0.05733999
2,2887,0,0.016781524
2,2888,0,0.017375274
2,2889,0,0.0015877004
2,2890,0,0.00027538964
2,2891,0,0.007945207
2,2892,0,0.006793515
2,2893,0,0.0018912058
2,2894,0,0.0067090313
2,2895,0,0.0023383219
2,2896,0,4.2370193e-05
2,2897,0,0.00072707556
2,2898,0,3.0053989e-05
2,2899,0,0.089937285
2,2900,0,0.5730804
2,2901,0,0.0032239489
2,2902,0,0.002038455
2,2903,0,0.00968871
2,2904,0,0.0002556664
2,2905,0,0.013389592
2,2906,0,0.014127029
2,2907,0,0.00125011
2,2908,0,0.0027663866
2,2909,0,0.00081819517
2,2910,0,0.0005173829
2,2911,0,0.003374001
2,2912,0,0.00017951
2,2913,0,0.0013957017
2,2914,0,0.00010607698
2,2915,0,0.0022336396
2,2916,0,0.019650558
2,2917,0,6.997913e-05
2,2918,0,0.008245848
2,2919,0,0.00073509174
2,2920,0,0.0005055156
2,2921,0,0.00012182327
2,2922,0,0.00023746338
2,2923,0,0.014468453
2,2924,0,6.0880586e-05
2,2925,0,0.49698418
2,2926,0,0.00015606642
2,2927,0,8.940363e-05
2,2928,0,0.00086880015
2,2929,0,0.008162438
2,2930,0,0.000119724216
2,2931,0,0.00054427993
2,2932,0,0.00013360678
2,2933,0,0.022292415
2,2934,0,0.0006713047
2,2935,0,0.51198363
2,2936,0,0.004636271
2,2937,0,0.00076309807
2,2938,0,0.0051735174
2,2939,0,0.013922815
2,2940,0,0.00086664956
2,2941,0,0.00075426337
2,2942,0,0.018348789
2,2943,0,0.0017919444
2,2944,0,8.056491e-05
2,2945,0,0.0053389343
2,2946,0,0.002084816
2,2947,0,0.0036962056
2,2948,0,8.8757864e-05
2,2949,0,0.00020461711
2,2950,0,1.6173077e-05
2,2951,0,0.002208351
2,2952,0,0.0018451009
2,2953,0,2.9146635e-05
2,2954,0,5.6749504e-05
2,2955,0,1.6122998e-05
2,2956,0,0.0009536726
2,2958,0,3.9295268e-05
2,2959,0,0.0015595284
2,2960,0,0.0059732306
2,2961,0,0.0012953861
2,2962,0,1.1472486e-05
2,2963,0,0.00025850453
2,2964,0,0.0027796887
2,2965,0,0.00020024263
2,2966,0,0.0013342148
2,2967,0,0.0025200166
2,2968,0,0.00287922
2,2969,0,3.9402585e-05
2,2970,0,0.00017870955
2,2971,0,0.008918997
2,2972,0,0.0007077071
2,2973,0,0.00012752415
2,2974,0,0.02953818
2,2975,0,0.0019398725
2,2976,0,0.00032532788
2,2977,0,0.38027593
2,2979,0,0.0010126743
2,2980,0,0.0026092094
2,2981,0,0.018902333
2,2982,0,0.0036510017
2,2983,0,0.00012136434
2,2984,0,0.0056273746
2,2985,0,0.00028024358
2,2986,0,2.632378e-05
2,2987,0,0.0012441872
2,2988,0,0.0029923609
2,2989,0,0.002365864
2,2990,0,0.00012967695
2,2991,0,0.0014551682
2,2992,0,0.0041850726
2,2993,0,0.0073735206
2,2994,0,0.02145124
2,2995,0,0.0003248955
2,2996,0,0.021487955
2,2997,0,0.09548337
2,2998,0,0.002159244
2,2999,0,6.425627e-05
2,3000,0,0.002220708
2,3001,0,0.0009166647
2,3002,0,0.0007333254
2,3003,0,0.003679442
2,3004,0,0.003937909
2,3005,0,0.00028452717
2,3006,0,0.0029357444
2,3007,0,0.00018057642
2,3008,0,0.007172497
2,3009,0,0.00087395
2,3010,0,4.9904294e-05
2,3011,0,0.0014069752
2,3012,0,0.0030215268
2,3013,0,0.0009025804
2,3014,0,2.5289924e-05
2,3015,0,1.0174965e-06
2,3016,0,0.0066207224
2,3017,0,0.0019631379
2,3018,0,0.0019229146
2,3019,0,0.01702854
2,3020,0,0.008397279
2,3021,0,0.00034140324
2,3022,0,0.027000476
2,3023,0,0.00063062797
2,3024,0,0.06103057
2,3025,0,0.017931757
2,3026,0,0.00015798546
2,3027,0,0.0008317422
2,3028,0,3.9019757e-05
2,3029,0,2.6563666e-06
2,3030,0,0.011032435
2,3031,0,0.0028524082
2,3032,0,0.00046725143
2,3033,0,0.0009656492
2,3034,0,0.00029133784
2,3035,0,0.00017010029
2,3036,0,0.0055795284
2,3037,0,0.00031776621
2,3038,0,0.006659023
2,3039,0,0.006010201
2,3040,0,0.005017292
2,3041,0,0.0008564358
2,3042,0,0.03770618
2,3043,0,0.00043269584
2,3044,0,0.0015258924
2,3045,0,5.1302395e-05
2,3046,0,0.0025969048
2,3047,0,0.0022995337
2,3048,0,0.0026984478
2,3049,0,0.0016604767
2,3050,0,0.0039697518
2,3051,0,0.00070626923
2,3052,0,0.00144354
2,3053,0,0.0009516803
2,3054,0,7.653156e-05
2,3055,0,3.067925e-05
2,3057,0,0.0008810976
2,3058,0,0.0014569582
2,3059,0,0.0007241843
2,3060,0,0.000981602
2,3061,0,8.2153776e-05
2,3062,0,0.00020065796
2,3063,0,6.962441e-05
2,3064,0,0.0073200543
2,3065,0,0.051453605
2,3066,0,5.1371375e-05
2,3067,0,0.0004875215
2,3068,0,0.0004598546
2,3069,0,5.3659212e-05
2,3070,0,0.0057150335
2,3071,0,0.007255026
2,3072,0,0.00020020637
2,3073,0,0.0017707336
2,3074,0,0.0007129119
2,3075,0,0.0066410843
2,3076,0,0.00012900983
2,3078,0,0.0016689482
2,3079,0,0.14643408
2,3080,0,0.00026753053
2,3081,0,0.00014718385
2,3082,0,0.14766963
2,3083,0,0.0074493526
2,3084,0,0.009023865
2,3085,0,0.02691698
2,3086,0,0.0014114764
2,3087,0,0.0006189856
2,3088,0,0.0035458042
2,3089,0,0.00045391766
2,3090,0,3.7122503e-05
2,3091,0,0.00012102713
2,3092,0,0.0041877446
2,3093,0,0.0011362631
2,3094,0,0.00046317698
2,3095,0,0.0014535707
2,3096,0,0.002891152
2,3097,0,0.00794826
2,3098,0,0.026141679
2,3099,0,7.305163e-05
2,3100,0,0.008415906
2,3101,0,0.00021136679
2,3102,0,0.013906641
2,3103,0,9.370389e-05
2,3105,0,4.9125767e-05
2,3106,0,0.051348787
2,3107,0,0.0012884678
2,3108,0,0.0010304173
2,3110,0,0.0022536737
2,3111,0,0.00041855444
2,3112,0,0.0030123433
2,3113,0,0.0012462586
2,3114,0,0.015896043
2,3115,0,0.012694182
2,3116,0,0.0009917269
2,3117,0,0.044482175
2,3118,0,0.0008307228
2,3119,0,0.36476117
2,3120,0,0.00027959346
2,3121,0,0.00090946927
2,3122,0,0.005014296
2,3123,0,0.0025974556
2,3124,0,0.038480606
2,3125,0,0.0016545666
2,3126,0,0.0017058045
2,3127,0,0.0005515771
2,3128,0,0.00014350418
2,3129,0,0.014774909
2,3130,0,0.0007030727
2,3131,0,0.023470169
2,3132,0,0.00018754708
2,3133,0,0.004291972
2,3134,0,0.0039634537
2,3135,0,0.0001522531
2,3136,0,0.00019350355
2,3137,0,0.008854324
2,3138,0,0.059536513
2,3139,0,8.397658e-05
2,3140,0,0.00087773753
2,3141,0,0.028119016
2,3142,0,2.8659915e-06
2,3143,0,0.0039351624
2,3144,0,0.017070983
2,3145,0,0.10851359
2,3146,0,0.00093489705
2,3147,0,1.3469145e-05
2,3148,0,0.0005214792
2,3149,0,0.0020658623
2,3150,0,6.1692415e-05
2,3151,0,0.0039915787
2,3152,0,0.011300246
2,3153,0,0.0018182789
2,3154,0,0.007115726
2,3155,0,1.9123445e-05
2,3156,0,6.462461e-05
2,3157,0,0.0027863467
2,3158,0,0.25705993
2,3159,0,0.0034934327
2,3160,0,0.00847099
2,3161,0,0.0017174778
2,3162,0,0.005605814
2,3163,0,0.43743834
2,3164,0,0.0025897375
2,3165,0,0.0027912783
2,3166,0,0.014432149
2,3167,0,0.0030253113
2,3169,0,0.0009037003
2,3170,0,0.031627223
2,3171,0,0.00017068404
2,3172,0,0.00023236714
2,3173,0,0.005847022
2,3174,0,0.0012995871
2,3175,0,0.012904672
2,3176,0,0.003011862
2,3177,0,5.735245e-06
2,3178,0,0.00011931745
2,3179,0,0.0006952139
2,3181,0,0.0014731095
2,3182,0,0.09356614
2,3183,0,0.00025579953
2,3184,0,0.0019051724
2,3185,0,0.00057518954
2,3186,0,6.044061e-05
2,3187,0,0.0055014156
2,3188,0,0.00068877346
2,3189,0,0.000760413
2,3190,0,8.104852e-05
2,3191,0,0.00082252076
2,3192,0,0.00061892427
2,3193,0,0.00019932752
2,3194,0,0.03256543
2,3195,0,0.0016720273
2,3196,0,0.0031734912
2,3197,0,0.0013530859
2,3198,0,0.00023022314
2,3199,0,0.00019372175
2,3200,0,0.011502628
2,3201,0,5.0666553e-05
2,3202,0,0.005831537
2,3203,0,1.3774438e-05
2,3204,0,3.6839985e-05
2,3205,0,0.13497575
2,3206,0,0.0032413632
2,3207,0,5.7088228e-06
2,3208,0,0.00096624467
2,3209,0,0.00019982057
2,3210,0,0.001974477
2,3211,0,4.7830294e-05
2,3212,0,0.00049764186
2,3213,0,0.0007108156
2,3214,0,0.0026237196
2,3215,0,0.0054839537
2,3216,0,0.00026264068
2,3217,0,0.0016532603
2,3218,0,0.013660297
2,3219,0,0.02012475
2,3220,0,2.0728874e-05
2,3221,0,6.259835e-05
2,3222,0,0.00030107098
2,3223,0,0.58724827
2,3224,0,0.0007399191
2,3225,0,0.0007962362
2,3226,0,0.0003609128
2,3227,0,0.0077595375
2,3228,0,0.00091040734
2,3229,0,1.7608754e-05
2,3230,0,0.08673809
2,3231,0,0.00025583076
2,3232,0,0.10014338
2,3233,0,0.002642403
2,3234,0,0.005914261
2,3235,0,0.0019687898
2,3236,0,0.0027649964
2,3237,0,0.00015335623
2,3238,0,0.017972
2,3239,0,0.0035574648
2,3240,0,0.034806944
2,3241,0,0.009514358
2,3242,0,0.00014740112
2,3243,0,3.5509896e-05
2,3244,0,0.0005851355
2,3245,0,0.001069333
2,3246,0,0.00010768749
2,3247,0,0.0014349233
2,3248,0,9.177843e-05
2,3249,0,0.14360729
2,3250,0,0.00028816873
2,3251,0,0.000600478
2,3252,0,0.004887648
2,3253,0,0.0016619816
2,3254,0,0.0008445305
2,3255,0,0.11050942
2,3256,0,0.07650284
2,3257,0,0.00084953615
2,3258,0,6.396867e-06
2,3259,0,0.0012486867
2,3260,0,0.06952024
2,3261,0,0.0003101412
2,3262,0,1.0891178e-05
2,3263,0,5.119932e-05
2,3264,0,0.00027963397
2,3265,0,0.0014194781
2,3266,0,0.0005457222
2,3267,0,0.003976806
2,3268,0,2.39878e-06
2,3269,0,0.002593909
2,3271,0,0.0009136848
2,3272,0,0.0009296781
2,3273,0,0.0011496039
2,3274,0,0.00014845804
2,3275,0,0.004361328
2,3276,0,0.0007141481
2,3277,0,0.0034998313
2,3278,0,0.00028206554
2,3279,0,0.012208053
2,3280,0,0.0016932228
2,3281,0,0.00034880705
2,3282,0,0.0001280503
2,3283,0,0.026381949
2,3284,0,0.007089071
2,3285,0,0.00030007545
2,3286,0,0.00020835576
2,3287,0,0.0003394338
2,3288,0,1.6337877e-06
2,3289,0,0.0021039906
2,3290,0,0.007832483
2,3291,0,0.0019770975
2,3292,0,0.0018588647
2,3293,0,7.893131e-05
2,3294,0,0.03497247
2,3295,0,0.0035533244
2,3296,0,0.0022701975
2,3297,0,1.8675864e-05
2,3298,0,0.0024462058
2,3299,0,0.0006899202
2,3300,0,0.0016726283
2,3301,0,3.7741935e-05
2,3302,0,0.0004097536
2,3303,0,0.002026763
2,3304,0,0.52017814
2,3305,0,0.0036948572
2,3306,0,0.002971024
2,3307,0,0.0033890053
2,3308,0,0.00069622963
2,3309,0,0.000132112
2,3310,0,0.000529923
2,3311,0,0.00013622806
2,3312,0,0.0005540929
2,3313,0,0.00060751464
2,3314,0,0.00082994974
2,3315,0,0.0074356366
2,3316,0,1.5804779e-05
2,3317,0,0.0016870229
2,3318,0,0.001039121
2,3319,0,8.197871e-06
2,3320,0,0.0003066574
2,3321,0,0.03445847
2,3322,0,0.00045895096
2,3323,0,0.0011809466
2,3324,0,0.0007548285
2,3326,0,0.00022534629
2,3327,0,0.1647009
2,3328,0,0.0009008067
2,3329,0,0.037866324
2,3330,0,0.0013568269
2,3331,0,0.0005404624
2,3332,0,0.00090379594
2,3333,0,0.0011020871
2,3334,0,8.5895175e-05
2,3335,0,0.3312755
2,3336,0,0.008947747
2,3337,0,0.00094517675
2,3338,0,0.0010247296
2,3339,0,0.0015957085
2,3340,0,0.0012726076
2,3341,0,0.0005586205
2,3342,0,0.0005373097
2,3343,0,0.00015099297
2,3344,0,0.00022219867
2,3345,0,0.010449617
2,3346,0,0.0008334495
2,3347,0,0.00053168874
2,3348,0,0.0018086574
2,3349,0,0.00022304815
2,3350,0,0.0022729912
2,3351,0,0.004302692
2,3352,0,0.00858974
2,3353,0,0.0008616967
2,3354,0,0.00045961622
2,3355,0,0.0039391248
2,3356,0,0.00060024456
2,3357,0,0.0008707929
2,3358,0,0.1753798
2,3359,0,0.002843072
2,3360,0,4.2530417e-05
2,3361,0,0.00013183164
2,3362,0,0.00012594901
2,3363,0,0.00735841
2,3364,0,2.4209776e-05
2,3365,0,0.0040288484
2,3366,0,0.00082595967
2,3367,0,0.0026831755
2,3368,0,0.0021344502
2,3369,0,0.03971985
2,3370,0,7.00308e-05
2,3371,0,0.010316486
2,3372,0,8.4403684e-05
2,3373,0,0.0020233307
2,3374,0,0.0013370082
2,3375,0,0.008399051
2,3376,0,0.0010416509
2,3377,0,0.0070160497
2,3378,0,0.031911984
2,3379,0,0.00091082905
2,3380,0,0.0009281974
2,3381,0,0.0008385381
2,3382,0,0.00028296193
2,3383,0,0.022460967
2,3384,0,1.7659557e-05
2,3385,0,0.00053174887
2,3386,0,0.003864149
2,3387,0,0.004644129
2,3388,0,0.0001880741
2,3389,0,0.010323567
2,3390,0,0.0016792205
2,3391,0,0.0027354092
2,3392,0,0.05642465
2,3393,0,9.266e-06
2,3394,0,0.051647227
2,3395,0,0.05404483
2,3396,0,0.0044777016
2,3397,0,4.1398987e-05
2,3398,0,0.00042861234
2,3399,0,0.0020521511
2,3400,0,0.0014177987
2,3401,0,0.0009386726
2,3402,0,0.012547762
2,3403,0,0.0041487683
2,3404,0,3.1289364e-05
2,3405,0,0.00030574686
2,3406,0,0.013946028
2,3407,0,0.0013639617
2,3408,0,5.133024e-05
2,3409,0,0.0017261631
2,3410,0,0.00013305196
2,3411,0,0.00068013516
2,3412,0,0.0018548066
2,3413,0,0.16274798
2,3414,0,0.000512233
2,3415,0,0.033386316
2,3416,0,1.156767e-05
2,3417,0,0.0019661505
2,3418,0,0.0014706118
2,3419,0,0.0095031215
2,3421,0,0.0006158768
2,3422,0,0.00029739086
2,3423,0,0.00019160697
2,3424,0,7.195648e-05
2,3425,0,0.00068666175
2,3426,0,0.0031944334
2,3427,0,6.4268266e-07
2,3428,0,0.18434149
2,3429,0,0.0018016478
2,3430,0,0.007535596
2,3431,0,0.00039312578
2,3432,0,0.0006174054
2,3433,0,0.0009006402
2,3434,0,9.6843614e-05
2,3435,0,0.0005465981
2,3436,0,0.01521087
2,3437,0,0.0006540954
2,3438,0,0.0009799924
2,3439,0,0.0028002425
2,3440,0,0.011968088
2,3441,0,5.605262e-05
2,3442,0,0.0012178667
2,3443,0,0.00903334
2,3444,0,0.019713212
2,3445,0,0.016607026
2,3446,0,4.371719e-05
2,3447,0,0.011141875
2,3448,0,0.0004197657
2,3449,0,0.003646808
2,3450,0,0.010764665
2,3451,0,8.432219e-05
2,3452,0,0.0034268785
2,3453,0,0.0045045745
2,3454,0,7.8781515e-05
2,3455,0,1.705273e-05
2,3456,0,7.339091e-05
2,3457,0,0.0009632032
2,3458,0,0.0052820705
2,3459,0,0.008764602
2,3460,0,0.0081728175
2,3461,0,0.0018388507
2,3462,0,0.00032271698
2,3463,0,6.312828e-05
2,3464,0,0.000106396794
2,3465,0,0.0021792029
2,3466,0,0.00021614347
2,3467,0,0.0016958185
2,3468,0,0.00398012
2,3469,0,0.0010993519
2,3470,0,0.0006999839
2,3471,0,0.00024913962
2,3472,0,0.00029244486
2,3473,0,0.0028631384
2,3474,0,0.002939788
2,3475,0,0.051457386
2,3476,0,0.0004216205
2,3477,0,0.0022662599
2,3478,0,0.00033124167
2,3479,0,1.6736658e-05
2,3480,0,0.21857753
2,3481,0,0.00023006166
2,3482,0,0.000851269
2,3483,0,0.010131
2,3484,0,0.009077318
2,3485,0,7.679701e-06
2,3486,0,0.0002111128
2,3487,0,0.00019644809
2,3488,0,0.018807277
2,3489,0,1.3078025e-05
2,3490,0,0.00013177432
2,3491,0,0.0021121546
2,3492,0,0.0017676045
2,3493,0,3.4935358e-05
2,3494,0,0.0003381206
2,3495,0,0.0028207465
2,3496,0,0.0010309834
2,3497,0,0.000672614
2,3498,0,0.000104453
2,3499,0,0.00022759367
2,3500,0,0.00015733902
2,3501,0,0.0006610819
2,3502,0,0.00062471256
2,3503,0,0.002071987
2,3504,0,0.072021864
2,3505,0,0.0010816905
2,3506,0,1.8448327e-05
2,3507,0,0.0010504939
2,3508,0,0.0033371402
2,3509,0,0.008254475
2,3510,0,1.05894505e-05
2,3511,0,0.006034097
2,3512,0,0.00048719998
2,3513,0,0.00072923955
2,3514,0,6.513051e-05
2,3515,0,0.00018830251
2,3516,0,1.82485e-05
2,3517,0,0.0006835939
2,3518,0,0.00030585882
2,3519,0,1.0676199e-05
2,3520,0,0.00038123032
2,3521,0,0.0013896048
2,3522,0,0.0003340903
2,3523,0,0.044076648
2,3524,0,0.0020596138
2,3525,0,6.9821945e-05
2,3526,0,0.00134371
2,3527,0,0.0003751325
2,3528,0,0.0009914672
2,3529,0,0.0032598628
2,3531,0,0.00086643576
2,3532,0,0.0032239947
2,3533,0,0.003206745
2,3534,0,0.011512392
2,3535,0,0.0016437733
2,3536,0,0.012603029
2,3538,0,0.0023607342
2,3539,0,0.00019963202
2,3540,0,0.00026301053
2,3541,0,0.0038437685
2,3542,0,0.001680524
2,3543,0,0.0052258167
2,3544,0,3.509845e-05
2,3545,0,0.008664179
2,3546,0,0.00047344094
2,3547,0,0.006492464
2,3548,0,3.4786284e-05
2,3549,0,0.0137058925
2,3550,0,0.0023254913
2,3551,0,0.0015726269
2,3552,0,0.02005428
2,3553,0,0.0023888121
2,3554,0,0.006181494
2,3555,0,0.0015349239
2,3556,0,3.512055e-05
2,3557,0,0.008447456
2,3558,0,0.00028232194
2,3559,0,0.011424499
2,3560,0,0.00027167346
2,3561,0,0.27429488
2,3562,0,0.00020673506
2,3563,0,4.7279485e-05
2,3564,0,0.0018914272
2,3565,0,0.04161116
2,3566,0,0.006412052
2,3567,0,0.00011235478
2,3568,0,9.992336e-05
2,3569,0,0.012119199
2,3570,0,0.050398115
2,3571,0,0.0025128974
2,3572,0,4.501956e-05
2,3573,0,0.0012390233
2,3574,0,0.1210807
2,3575,0,0.026284605
2,3576,0,0.00029637443
2,3577,0,0.0028753649
2,3578,0,0.003044089
2,3579,0,0.0014661994
2,3580,0,0.00013632487
2,3581,0,0.00303968
2,3583,0,4.086452e-05
2,3584,0,0.0003122048
2,3585,0,0.007390166
2,3586,0,0.0004111322
2,3587,0,0.02698688
2,3588,0,3.6458296e-05
2,3589,0,0.008259949
2,3590,0,0.0019618706
2,3591,0,5.958856e-05
2,3592,0,0.00055895123
2,3593,0,6.336394e-06
2,3594,0,0.0095772715
2,3595,0,0.001699544
2,3596,0,0.00017213442
2,3597,0,0.0025930083
2,3598,0,0.0014197093
2,3599,0,0.0011479087
2,3600,0,0.0009810363
2,3601,0,0.011542949
2,3602,0,0.022942284
2,3603,0,0.00018913836
2,3604,0,0.00094175554
2,3605,0,0.0001217897
2,3606,0,0.8703539
2,3607,0,0.00043141207
2,3608,0,4.6482523e-06
2,3609,0,0.00011774392
2,3610,0,0.0010949663
2,3611,0,0.024837317
2,3612,0,0.009992128
2,3613,0,0.00019343567
2,3614,0,0.029965112
2,3615,0,0.024339134
2,3616,0,0.00032589037
2,3617,0,0.0022056147
2,3618,0,0.0009543543
2,3619,0,0.00909578
2,3620,0,0.00057964487
2,3621,0,2.5022819e-05
2,3622,0,0.0019398376
2,3623,0,0.004514481
2,3624,0,0.0012338097
2,3625,0,0.0020903074
2,3626,0,0.012394975
2,3627,0,0.00539503
2,3628,0,0.40003148
2,3629,0,0.0034794852
2,3630,0,0.0011034518
2,3631,0,0.0001523905
2,3632,0,0.00040073102
2,3633,0,0.0099804085
2,3634,0,0.0013649507
2,3635,0,0.0063855457
2,3636,0,0.00051669026
2,3637,0,0.002073572
2,3638,0,0.032202702
2,3639,0,0.00030546714
2,3640,0,0.010332155
2,3641,0,0.0076005016
2,3642,0,0.0008088259
2,3643,0,0.0016056938
2,3644,0,0.00832652
2,3645,0,0.010391452
2,3646,0,0.0010862341
2,3647,0,0.00034220144
2,3648,0,6.9588634e-05
2,3649,0,0.0022675777
2,3650,0,0.0017755132
2,3651,0,0.021829197
2,3652,0,0.00094099407
2,3653,0,0.0016601763
2,3654,0,0.0016218224
2,3655,0,0.0013586546
2,3656,0,0.0044896523
2,3657,0,0.0034358434
2,3658,0,0.0013645231
2,3659,0,0.0017056518
2,3660,0,0.00017480715
2,3661,0,0.00049495813
2,3662,0,0.00070909946
2,3663,0,0.019334868
2,3664,0,2.7447812e-05
2,3665,0,2.4021745e-05
2,3666,0,0.0025444708
2,3667,0,0.0004740061
2,3668,0,7.7494864e-05
2,3669,0,0.0154202515
2,3670,0,0.0004907208
2,3671,0,0.0003750408
2,3672,0,0.0016239872
2,3673,0,0.012840868
2,3674,0,0.00090817903
2,3675,0,0.0020104179
2,3676,0,0.0017078933
2,3677,0,0.005956171
2,3678,0,9.8811804e-05
2,3679,0,0.00060645276
2,3680,0,0.0014472799
2,3681,0,0.0014179797
2,3682,0,0.0073051983
2,3683,0,0.0002744272
2,3684,0,0.0015711677
2,3685,0,0.0028604376
2,3686,0,0.00075902726
2,3687,0,0.0048373025
2,3688,0,0.00012171331
2,3689,0,3.821898e-05
2,3690,0,0.0012618377
2,3691,0,0.0006032061
2,3692,0,0.036054183
2,3693,0,0.0010341839
2,3694,0,0.02440475
2,3695,0,0.015925795
2,3696,0,0.003299454
2,3697,0,0.0019157606
2,3698,0,0.0010871326
2,3699,0,0.007874784
2,3700,0,0.0005246463
2,3701,0,0.00104633
2,3702,0,2.6546331e-05
2,3703,0,0.002222046
2,3704,0,0.00038215893
2,3705,0,0.0014970731
2,3706,0,0.00039556538
2,3707,0,0.00028690332
2,3708,0,0.0013002172
2,3709,0,0.007247162
2,3710,0,0.00016025644
2,3711,0,0.0692074
2,3712,0,0.00109646
2,3713,0,0.10439736
2,3714,0,0.0018474004
2,3715,0,0.00057787885
2,3716,0,0.0020431576
2,3717,0,0.0018189065
2,3718,0,0.00020059312
2,3719,0,3.476474e-06
2,3720,0,0.00019208789
2,3721,0,0.00015221609
2,3722,0,0.004109428
2,3723,0,0.18819927
2,3724,0,0.00014236342
2,3725,0,0.00039758364
2,3726,0,0.0009354955
2,3727,0,0.001583554
2,3728,0,0.016002929
2,3729,0,0.009826543
2,3730,0,0.0029885166
2,3731,0,0.0007874622
2,3732,0,0.000408923
2,3733,0,0.001589076
2,3734,0,0.00012601027
2,3735,0,5.7970687e-05
2,3736,0,0.0006078056
2,3737,0,0.00034408164
2,3738,0,1.6585587e-05
2,3739,0,0.0004964122
2,3740,0,0.00015157244
2,3741,0,0.0004270821
2,3742,0,0.011139059
2,3743,0,0.0106558185
2,3744,0,0.00048196292
2,3745,0,0.0043499405
2,3746,0,0.020662047
2,3747,0,0.00092124275
2,3748,0,0.004112112
2,3749,0,0.00083575334
2,3750,0,0.001479444
2,3751,0,0.0044499342
2,3752,0,0.0261664
2,3753,0,0.0067151412
2,3754,0,0.002283946
2,3755,0,0.011402004
2,3756,0,0.015493434
2,3757,0,0.00055654434
2,3758,0,0.002373282
2,3759,0,0.00018028825
2,3760,0,0.009428222
2,3761,0,0.92049325
2,3762,0,0.0034954501
2,3763,0,0.0011328274
2,3764,0,0.027983775
2,3765,0,0.0005256565
2,3766,0,4.1355033e-05
2,3767,0,0.018441133
2,3768,0,0.05241639
2,3769,0,0.001938455
2,3770,0,0.0051843245
2,3771,0,0.000558871
2,3772,0,0.058005534
2,3773,0,0.0057826117
2,3774,0,0.0001058245
2,3775,0,0.0012975797
2,3776,0,0.0001331559
2,3777,0,0.0088197
2,3778,0,0.00046941126
2,3779,0,0.0068397764
2,3780,0,0.0030650948
2,3781,0,0.0005237315
2,3782,0,0.0011938132
2,3783,0,0.00011435409
2,3784,0,3.1718107e-05
2,3785,0,0.001119407
2,3786,0,0.0006513514
2,3787,0,0.00014489195
2,3788,0,0.0010388715
2,3789,0,0.029209504
2,3790,0,0.0010670974
2,3791,0,4.6562232e-05
2,3792,0,0.012249402
2,3793,0,0.0003737589
2,3794,0,0.009229476
2,3795,0,0.024004774
2,3796,0,0.00017082604
2,3797,0,0.012293414
2,3798,0,0.00013409459
2,3799,0,0.00045486368
2,3800,0,5.9764185e-05
2,3801,0,0.0027690385
2,3802,0,0.0037378112
2,3803,0,0.0011096552
2,3804,0,0.00022235847
2,3805,0,4.78715e-05
2,3806,0,0.0072375005
2,3807,0,0.12293436
2,3808,0,0.00072540966
2,3809,0,0.0058036842
2,3810,0,0.0022893636
2,3811,0,0.0006688072
2,3812,0,5.200729e-05
2,3813,0,0.04436623
2,3814,0,0.0009824544
2,3815,0,4.5688943e-05
2,3816,0,0.06478517
2,3817,0,0.00086103147
2,3818,0,0.0034854342
2,3819,0,0.0014418152
2,3820,0,0.030928617
2,3821,0,0.002458316
2,3822,0,0.0010405629
2,3823,0,0.21206106
2,3824,0,0.0013015338
2,3825,0,1.3159698e-05
2,3826,0,0.00050387636
2,3827,0,7.1900504e-05
2,3828,0,2.6203585e-05
2,3829,0,0.0031176438
2,3830,0,0.012640812
2,3831,0,0.00013607604
2,3832,0,0.0004154494
2,3833,0,0.000542378
2,3834,0,0.0014799717
2,3835,0,0.0019447755
2,3836,0,0.00012348285
2,3837,0,0.0072369385
2,3838,0,0.0004036414
2,3839,0,0.00739636
2,3840,0,0.0012591628
2,3841,0,1.2207289e-05
2,3842,0,0.036107693
2,3843,0,0.012376124
2,3844,0,0.009798786
2,3845,0,0.00788886
2,3846,0,0.008470072
2,3847,0,0.0039554806
2,3848,0,0.005623622
2,3849,0,0.04284898
2,3850,0,9.818851e-06
2,3851,0,0.00025863101
2,3852,0,0.0049306992
2,3853,0,0.0073783454
2,3854,0,0.00081104325
2,3855,0,0.0006462464
2,3856,0,0.00015433395
2,3857,0,4.614697e-05
2,3858,0,0.0038255155
2,3859,0,2.491538e-05
2,3860,0,0.00024403776
2,3861,0,0.0029548751
2,3862,0,0.012938784
2,3863,0,0.0075587863
2,3864,0,0.024176706
2,3865,0,0.0011102088
2,3866,0,0.00023737125
2,3867,0,0.00016045262
2,3868,0,0.0065736934
2,3869,0,0.0011373785
2,3870,0,0.0011441561
2,3871,0,0.0664701
2,3872,0,0.0052367398
2,3873,0,0.00054581615
2,3874,0,0.010620527
2,3875,0,0.0006852428
2,3876,0,0.0076352884
2,3877,0,0.0007279241
2,3878,0,0.00047926456
2,3879,0,0.0352252
2,3880,0,0.006475133
2,3881,0,0.0017213484
2,3882,0,0.07075974
2,3883,0,0.0024045727
2,3884,0,0.0017694186
2,3885,0,0.0006323538
2,3886,0,0.00020001385
2,3887,0,1.7070757e-05
2,3888,0,0.0022129798
2,3889,0,0.021046365
2,3890,0,0.00014854272
2,3891,0,0.014616328
2,3892,0,0.0026955737
2,3893,0,0.017111009
2,3894,0,0.00028054137
2,3895,0,0.0015489691
2,3896,0,0.01939123
2,3897,0,8.5011845e-05
2,3898,0,0.00074829813
2,3899,0,0.0014832251
2,3900,0,0.0021728643
2,3901,0,0.00012471044
2,3902,0,0.00018138332
2,3903,0,0.038073495
2,3904,0,2.3188717e-05
2,3905,0,8.021174e-05
2,3906,0,0.0016719046
2,3907,0,0.0050436887
2,3908,0,0.0001131926
2,3909,0,0.008856965
2,3910,0,0.0008299632
2,3911,0,0.003524969
2,3912,0,0.0031160347
2,3913,0,0.00037361198
2,3914,0,0.10756915
2,3915,0,0.0009601722
2,3916,0,0.0014594746
2,3917,0,0.012059163
2,3918,0,0.0071284017
2,3919,0,0.00025962913
2,3920,0,8.125599e-05
2,3921,0,0.00027597893
2,3922,0,7.708956e-05
2,3923,0,3.0134288e-05
2,3924,0,0.00035995
2,3925,0,0.0010801058
2,3926,0,2.883888e-05
2,3927,0,0.00037829913
2,3928,0,0.0028422272
2,3929,0,0.0016656241
2,3930,0,0.0013310608
2,3931,0,0.0008807476
2,3932,0,0.0016133817
2,3933,0,0.009519851
2,3934,0,9.178088e-05
2,3936,0,0.00025511367
2,3937,0,0.0013046372
2,3938,0,0.00028443497
2,3939,0,0.016627807
2,3940,0,0.00032533534
2,3941,0,0.0070295096
2,3942,0,8.432219e-06
2,3943,0,4.7842794e-05
2,3944,0,0.00655321
2,3945,0,0.01519851
2,3946,0,1.1844947e-05
2,3947,0,0.005945974
2,3948,0,0.06925615
2,3949,0,0.011059584
2,3950,0,0.24719995
2,3951,0,0.0031573467
2,3952,0,2.1267437e-05
2,3953,0,0.00018528369
2,3954,0,0.00022230652
2,3955,0,0.00092974625
2,3956,0,0.0002216669
2,3957,0,0.00845052
2,3958,0,0.013244735
2,3960,0,0.000117661984
2,3961,0,0.0047717383
2,3962,0,0.00077758497
2,3963,0,0.00396587
2,3964,0,0.0034390662
2,3965,0,0.00017306922
2,3966,0,0.013341287
2,3967,0,0.00038629997
2,3968,0,0.00025734308
2,3969,0,0.005200095
2,3970,0,0.00094514346
2,3971,0,0.00039582964
2,3972,0,0.015767718
2,3973,0,0.00043086545
2,3975,0,1.9379813e-05
2,3976,0,0.011225709
2,3977,0,0.000502455
2,3978,0,0.00033025787
2,3979,0,0.00038345827
2,3980,0,0.012096579
2,3981,0,0.010810073
2,3982,0,0.010992281
2,3983,0,0.030133683
2,3984,0,0.00021415323
2,3985,0,0.0010520262
2,3986,0,0.007584
2,3987,0,0.00038509176
2,3988,0,0.03190258
2,3989,0,0.00019828156
2,3990,0,0.002358717
2,3991,0,0.00087563455
2,3992,0,1.716266e-05
2,3993,0,0.001524533
2,3994,0,0.0022002817
2,3995,0,0.00010623763
2,3996,0,0.0020207749
2,3997,0,0.034116004
2,3998,0,0.008418369
2,3999,0,0.009192157
2,4000,0,0.01407239
2,4001,0,0.00070861075
2,4002,0,0.0017802886
2,4003,0,0.0022468367
2,4004,0,0.00015491102
2,4005,0,0.0021688237
2,4006,0,9.156723e-05
2,4007,0,0.028320812
2,4008,0,0.008423278
2,4009,0,0.28603297
2,4010,0,0.0010931675
2,4011,0,0.0035793346
2,4012,0,8.565126e-05
2,4013,0,0.0011290106
2,4014,0,0.0013467869
2,4015,0,0.0012854891
2,4016,0,5.892893e-05
2,4017,0,0.0005140099
2,4018,0,0.0028365124
2,4019,0,0.0053115655
2,4021,0,0.00036774884
2,4022,0,0.0009473934
2,4023,0,0.002777901
2,4024,0,0.0017368376
2,4025,0,0.010148752
2,4026,0,0.0024338379
2,4027,0,0.010133869
2,4028,0,7.0073416e-05
2,4029,0,0.0042346283
2,4030,0,0.0017896335
2,4031,0,0.00015416744
2,4032,0,0.0016600341
2,4033,0,0.0012198235
2,4034,0,0.0009983154
2,4035,0,0.005519996
2,4036,0,0.053141244
2,4037,0,0.0010446426
2,4038,0,0.0068423357
2,4039,0,3.133275e-05
2,4040,0,0.008074856
2,4041,0,0.0003493332
2,4042,0,0.0030869846
2,4043,0,7.5391064e-05
2,4044,0,0.13767242
2,4045,0,0.009071941
2,4046,0,0.00033928693
2,4047,0,0.00014712295
2,4048,0,0.008645127
2,4049,0,1.927523e-05
2,4050,0,0.0021877259
2,4051,0,8.599532e-05
2,4052,0,0.0053243786
2,4053,0,0.004410488
2,4054,0,0.001127552
2,4055,0,0.00093207194
2,4056,0,0.0033621886
2,4057,0,0.0006679361
2,4058,0,0.00042030285
2,4059,0,1.9063866e-05
2,4060,0,0.0007732541
2,4061,0,0.009126646
2,4062,0,0.0003090877
2,4063,0,0.00025874915
2,4064,0,1.9786892e-05
2,4065,0,0.0004819758
2,4066,0,0.0022442683
2,4067,0,0.0120281745
2,4068,0,0.00092015974
2,4069,0,0.00713511
2,4070,0,0.00010593253
2,4071,0,2.6164855e-05
2,4072,0,0.006641795
2,4073,0,9.301067e-05
2,4074,0,0.04993688
2,4075,0,0.019277137
2,4076,0,0.0042130505
2,4077,0,0.03846361
2,4078,0,0.0019458336
2,4079,0,1.3261113e-05
2,4080,0,0.0017958133
2,4081,0,0.089921676
2,4082,0,0.0034395303
2,4083,0,0.0074806763
2,4084,0,0.008432133
2,4085,0,0.0004706003
2,4086,0,0.038640607
2,4088,0,0.0012941764
2,4089,0,0.0020000145
2,4090,0,0.00020635733
2,4091,0,0.0001632152
2,4092,0,0.007722106
2,4093,0,0.00015779817
2,4094,0,4.926426e-05
2,4095,0,0.18399106
2,4096,0,0.003637699
2,4097,0,0.0013902792
2,4098,0,0.00019201355
2,4099,0,0.0012748137
2,4100,0,0.005465339
2,4101,0,0.0074555567
2,4102,0,0.001036574
2,4103,0,0.003947986
2,4104,0,0.0022544286
2,4105,0,0.035737462
2,4106,0,0.0045280084
2,4107,0,0.0008667429
2,4108,0,0.00023563585
2,4109,0,0.0023146304
2,4110,0,0.00073192525
2,4111,0,0.0006558695
2,4112,0,0.19631949
2,4113,0,0.0073864204
2,4114,0,0.0003527926
2,4115,0,0.0071445173
2,4116,0,0.009411291
2,4117,0,0.01101236
2,4118,0,0.00020419067
2,4119,0,8.301673e-06
2,4120,0,0.0026458825
2,4121,0,0.00040511438
2,4122,0,0.0015581154
2,4123,0,0.0011728795
2,4124,0,0.0017392691
2,4125,0,6.356697e-05
2,4126,0,0.0041064587
2,4127,0,0.00044548226
2,4128,0,0.0010886441
2,4129,0,0.003234155
2,4130,0,0.0031925696
2,4131,0,0.00085542287
2,4132,0,0.0007757273
2,4133,0,0.0006873361
2,4134,0,0.0043205754
2,4135,0,0.00048773157
2,4136,0,0.09416973
2,4137,0,0.0024633538
2,4138,0,0.000108801316
2,4139,0,0.00062287314
2,4140,0,0.0068880715
2,4141,0,0.0009910912
2,4142,0,5.197952e-05
2,4143,0,0.0012171587
2,4144,0,0.020744625
2,4145,0,0.0031366914
2,4146,0,0.13290946
2,4147,0,0.0005592502
2,4148,0,0.0013078331
2,4149,0,0.0007776072
2,4150,0,0.00038950896
2,4151,0,3.1209318e-06
2,4152,0,0.0017210043
2,4153,0,0.039067272
2,4154,0,9.2461065e-05
2,4155,0,0.002850522
2,4156,0,0.0017186227
2,4157,0,0.0027101946
2,4158,0,0.0009687878
2,4159,0,0.006805578
2,4160,0,0.0017266835
2,4161,0,0.038749497
2,4162,0,0.01508155
2,4163,0,0.031401798
2,4164,0,0.03126148
2,4165,0,0.0003702597
2,4166,0,0.008372615
2,4167,0,0.004081302
2,4168,0,0.0006482722
2,4169,0,0.0055580023
2,4170,0,6.8003894e-05
2,4171,0,0.00079050416
2,4172,0,0.00959417
2,4173,0,0.0037358105
2,4174,0,0.00029912512
2,4175,0,0.020166047
2,4176,0,0.0034726374
2,4177,0,0.0061212173
2,4178,0,0.0022924459
2,4179,0,0.009399923
2,4180,0,0.029420884
2,4181,0,0.0005331895
2,4182,0,0.00011067406
2,4183,0,0.00043542424
2,4184,0,0.00023364033
2,4185,0,0.0001272875
2,4186,0,4.352907e-05
2,4187,0,0.00054195785
2,4188,0,0.0074783685
2,4190,0,0.00081458903
2,4191,0,0.0024317547
2,4192,0,0.00058386056
2,4193,0,0.0078331465
2,4194,0,0.00035527346
2,4195,0,0.00017721039
2,4196,0,4.153106e-05
2,4197,0,0.00050978514
2,4198,0,0.0145444
2,4199,0,0.013378063
2,4200,0,0.00024454738
2,4201,0,0.0004923304
2,4202,0,0.0068311105
2,4203,0,0.06585931
2,4204,0,0.0006515917
2,4205,0,0.007878973
2,4206,0,9.009316e-05
2,4207,0,0.012320981
2,4208,0,0.002819151
2,4209,0,0.0003187532
2,4210,0,0.00021882297
2,4211,0,0.018883089
2,4212,0,0.0017922139
2,4213,0,0.023157287
2,4214,0,0.022168273
2,4215,0,0.005252863
2,4216,0,0.00085217436
2,4217,0,0.0024112472
2,4218,0,0.012788785
2,4219,0,0.0018769939
2,4220,0,0.0666635
2,4221,0,0.0022993477
2,4222,0,0.0007123428
2,4223,0,0.0008874539
2,4224,0,0.00052451884
2,4225,0,0.00048691494
2,4226,0,0.25705343
2,4227,0,0.0032921408
2,4228,0,0.00023220657
2,4229,0,0.00011414568
2,4230,0,3.2272837e-05
2,4231,0,3.2311425e-05
2,4232,0,0.00012789728
2,4233,0,0.0245645
2,4234,0,0.004115216
2,4235,0,0.0040607895
2,4236,0,0.0008525715
2,4237,0,0.01511037
2,4238,0,0.0013434585
2,4239,0,0.000100897705
2,4240,0,0.00087630725
2,4241,0,0.0048576826
2,4242,0,0.00023338606
2,4243,0,0.011452039
2,4244,0,0.068900034
2,4245,0,0.00168701
2,4246,0,0.0004182497
2,4247,0,0.0010728524
2,4248,0,0.000911148
2,4249,0,0.0001268369
2,4250,0,0.0017889242
2,4251,0,0.0041226936
2,4252,0,0.00050642976
2,4253,0,0.00052774395
2,4254,0,0.0012530037
2,4255,0,0.025980804
2,4256,0,0.006751676
2,4257,0,0.0003418128
2,4258,0,0.003743912
2,4259,0,0.009342319
2,4260,0,6.0035567e-05
2,4261,0,0.0009944878
2,4262,0,0.0004365216
2,4263,0,0.00033804934
2,4264,0,0.019823954
2,4265,0,0.0031919884
2,4266,0,0.037251055
2,4267,0,0.0006396445
2,4268,0,0.000100149344
2,4269,0,0.0011597864
2,4270,0,0.8118728
2,4271,0,0.00038239034
2,4272,0,0.06823498
2,4273,0,0.022332447
2,4274,0,0.00023838255
2,4275,0,0.008993687
2,4276,0,0.0006846374
2,4277,0,0.0001485066
2,4278,0,0.00073862873
2,4279,0,0.00013579438
2,4280,0,0.0006206698
2,4281,0,0.45570394
2,4282,0,0.63320506
2,4283,0,0.022841845
2,4284,0,0.00085258536
2,4285,0,9.117792e-05
2,4286,0,0.0006626943
2,4287,0,0.0009974849
2,4288,0,3.370481e-05
2,4289,0,8.5104155e-05
2,4290,0,0.00015197838
2,4291,0,0.00018732545
2,4292,0,0.0025244842
2,4293,0,0.02756792
2,4294,0,0.0370777
2,4295,0,0.0039593545
2,4296,0,0.0009343633
2,4297,0,7.576808e-05
2,4298,0,7.24353e-05
2,4299,0,0.00054650044
2,4300,0,0.00017379718
2,4302,0,0.00032077104
2,4303,0,0.0005653598
2,4304,0,0.039875697
2,4305,0,0.0046544783
2,4306,0,0.14485507
2,4307,0,0.002621724
2,4308,0,0.00018179351
2,4309,0,0.012267918
2,4310,0,0.003986931
2,4311,0,0.00021760707
2,4312,0,2.9640247e-05
2,4313,0,0.037898153
2,4314,0,2.3237108e-05
2,4315,0,0.0140255615
2,4316,0,6.2136182e-06
2,4317,0,7.173882e-06
2,4318,0,0.0009518289
2,4319,0,0.0011079848
2,4320,0,0.00026857885
2,4321,0,0.004235318
2,4322,0,0.020969938
2,4323,0,4.4423225e-05
2,4324,0,0.00042267545
2,4325,0,0.00010537077
2,4326,0,6.3177313e-06
2,4327,0,0.00026095635
2,4328,0,0.00077428535
2,4329,0,0.043128677
2,4330,0,1.4844163e-06
2,4331,0,0.00017744084
2,4332,0,0.06614599
2,4333,0,0.001209937
2,4334,0,0.0011396507
2,4335,0,9.595151e-05
2,4336,0,0.009166733
2,4337,0,0.009069558
2,4338,0,6.1829116e-05
2,4339,0,0.00016333601
2,4340,0,0.016274774
2,4342,0,0.00031453482
2,4343,0,3.6649399e-06
2,4344,0,0.00012523454
2,4345,0,0.0013818692
2,4346,0,0.006663914
2,4347,0,0.0011857186
2,4348,0,0.012867321
2,4349,0,0.00575762
2,4350,0,5.23372e-05
2,4351,0,0.00031556716
2,4352,0,6.7564666e-05
2,4353,0,0.027971001
2,4354,0,0.0017984555
2,4355,0,0.012129787
2,4356,0,0.004084947
2,4357,0,0.0028462275
2,4358,0,8.101421e-05
2,4359,0,0.02342636
2,4360,0,0.030823674
2,4361,0,0.20678516
2,4362,0,0.002101612
2,4363,0,0.013609898
2,4364,0,0.017732203
2,4365,0,0.017120201
2,4366,0,0.3252359
2,4367,0,0.00024273177
2,4368,0,0.18026415
2,4369,0,0.30037934
2,4370,0,0.00017685303
2,4371,0,0.087316655
2,4372,0,0.00018812576
2,4373,0,0.15612862
2,4374,0,0.08888273
2,4375,0,0.0009412989
2,4376,0,0.00018153922
2,4377,0,7.61907e-05
2,4378,0,0.003443624
2,4379,0,0.0025290488
2,4380,0,0.0017519847
2,4381,0,0.0020569046
2,4382,0,0.000704648
2,4383,0,0.013524582
2,4384,0,0.00020666805
2,4385,0,0.015971648
2,4386,0,2.6590316e-05
2,4387,0,0.00031843764
2,4388,0,0.10110444
2,4389,0,0.0002753177
2,4390,0,0.00071968115
2,4391,0,0.13425887
2,4392,0,0.0035869959
2,4393,0,2.7251204e-05
2,4394,0,0.0024533896
2,4395,0,0.004089223
2,4396,0,0.00062567845
2,4397,0,0.058254845
2,4398,0,0.00068718806
2,4399,0,0.00051716226
2,4400,0,0.006656273
2,4401,0,0.001584581
2,4402,0,0.0025277813
2,4403,0,0.001449023
2,4404,0,0.020101076
2,4405,0,0.0015963841
2,4406,0,0.003146522
2,4407,0,0.0043280814
2,4408,0,0.0056657586
2,4409,0,0.009337872
2,4410,0,0.06471292
2,4411,0,0.0010809767
2,4412,0,0.0004018559
2,4413,0,0.09183349
2,4414,0,0.00068698113
2,4415,0,0.0004850035
2,4416,0,0.018657293
2,4417,0,0.00028475485
2,4418,0,0.00095107744
2,4419,0,9.141365e-06
2,4420,0,0.004096214
2,4421,0,0.09554176
2,4422,0,0.006094136
2,4423,0,0.00599423
2,4424,0,1.4804757e-05
2,4425,0,0.0030515841
2,4426,0,0.016714983
2,4427,0,2.82584e-05
2,4428,0,0.0020142405
2,4429,0,0.00014939172
2,4430,0,0.008776823
2,4431,0,0.00023074949
2,4432,0,0.0033407547
2,4433,0,0.00036326752
2,4434,0,0.00013170071
2,4435,0,0.004128224
2,4436,0,0.014000407
2,4437,0,2.5774254e-05
2,4438,0,6.6717885e-06
2,4439,0,0.0009916268
2,4440,0,0.29055786
2,4441,0,0.0035831481
2,4442,0,0.013757161
2,4443,0,0.0011948979
2,4444,0,0.00014764097
2,4445,0,7.5009426e-05
2,4446,0,0.00016372427
2,4447,0,0.3462618
2,4448,0,0.014191285
2,4449,0,0.0012973153
2,4450,0,0.0043833395
2,4451,0,0.00049064454
2,4452,0,4.1168365e-05
2,4453,0,0.028698543
2,4454,0,0.0006258085
2,4455,0,0.13868417
2,4457,0,0.00058068446
2,4458,0,0.23264043
2,4459,0,0.0053963503
2,4460,0,1.3910512e-05
2,4461,0,0.000543152
2,4462,0,0.00012832509
2,4463,0,0.0074585145
2,4464,0,0.019104082
2,4465,0,0.0010112566
2,4466,0,0.00670426
2,4467,0,0.009870056
2,4468,0,0.0008061443
2,4469,0,0.00071099115
2,4470,0,0.0019421957
2,4471,0,0.00020687329
2,4472,0,0.00016194138
2,4473,0,0.004675778
2,4474,0,6.2247316e-05
2,4475,0,0.00028626889
2,4476,0,2.260952e-05
2,4477,0,6.431488e-05
2,4478,0,0.003405529
2,4479,0,4.6445424e-05
2,4480,0,0.005826146
2,4481,0,0.015117588
2,4482,0,0.003730125
2,4483,0,0.004962417
2,4484,0,0.0014278888
2,4485,0,0.004179532
2,4486,0,0.019354133
2,4487,0,0.0017609072
2,4488,0,0.005042966
2,4489,0,0.0030526042
2,4490,0,0.00020260584
2,4491,0,0.003961604
2,4492,0,3.8999224e-05
2,4493,0,0.003081355
2,4494,0,0.00044026703
2,4495,0,0.00014328145
2,4496,0,0.1641844
2,4497,0,0.00015411658
2,4498,0,0.00043591653
2,4499,0,8.942383e-05
2,4500,0,0.000445813
2,4502,0,0.0027951847
2,4503,0,0.0005196693
2,4504,0,0.001815415
2,4505,0,0.002277307
2,4507,0,0.030270373
2,4508,0,0.03413212
2,4509,0,9.882071e-07
2,4510,0,0.00086028397
2,4511,0,0.0079122605
2,4512,0,0.013260242
2,4513,0,0.00056718726
2,4514,0,7.5874006e-05
2,4515,0,0.07713962
2,4516,0,0.00056503864
2,4517,0,0.00075095205
2,4518,0,2.6716287e-05
2,4519,0,0.006445534
2,4520,0,7.986774e-05
2,4521,0,0.05960141
2,4522,0,0.0064029805
2,4523,0,0.003614246
2,4524,0,0.01768412
2,4525,0,0.0011185623
2,4526,0,0.0040017506
2,4527,0,0.00037798478
2,4528,0,0.000964588
2,4529,0,0.00026069026
2,4530,0,0.103685506
2,4531,0,0.0015937438
2,4532,0,5.072476e-05
2,4533,0,0.0007260179
2,4534,0,0.0006658134
2,4535,0,0.0021935282
2,4536,0,0.0036985592
2,4537,0,0.00014619259
2,4538,0,0.02736938
2,4539,0,0.0019494225
2,4540,0,0.0007138185
2,4541,0,0.24530177
2,4542,0,0.067660905
2,4543,0,0.00031570045
2,4544,0,0.0004247708
2,4545,0,0.002578703
2,4546,0,0.0018468571
2,4547,0,0.004917501
2,4548,0,0.000543167
2,4549,0,0.0038303996
2,4550,0,7.694025e-05
2,4551,0,0.0014897571
2,4552,0,0.00075876474
2,4553,0,0.001936503
2,4554,0,0.0014326171
2,4555,0,0.0016642879
2,4557,0,0.0006274574
2,4558,0,0.14718203
2,4559,0,0.030930234
2,4560,0,0.0077373213
2,4561,0,0.0012547033
2,4562,0,0.0006147367
2,4563,0,0.005986416
2,4564,0,0.002807135
2,4565,0,0.030293662
2,4566,0,0.0012016131
2,4567,0,0.0008473485
2,4568,0,0.00053130224
2,4569,0,0.0009635644
2,4570,0,0.0006113738
2,4571,0,0.004158619
2,4572,0,0.00016999636
2,4573,0,0.00018002903
2,4574,0,0.006043554
2,4575,0,0.0009463996
2,4576,0,0.0016372879
2,4577,0,0.02126066
2,4578,0,0.00065671635
2,4579,0,0.00096241245
2,4580,0,0.010182626
2,4581,0,9.898948e-05
2,4582,0,0.0040517934
2,4583,0,0.0447946
2,4584,0,0.0020781958
2,4585,0,9.560983e-05
2,4586,0,0.0009207263
2,4587,0,0.002010569
2,4588,0,0.00019060132
2,4589,0,0.037829634
2,4590,0,0.0033334563
2,4591,0,0.004066706
2,4592,0,0.0006437242
2,4593,0,0.0014034342
2,4594,0,0.0004390282
2,4595,0,3.0976942e-05
2,4596,0,0.01399934
2,4597,0,0.0004962559
2,4598,0,0.003185297
2,4599,0,9.5073425e-05
2,4601,0,4.325316e-05
2,4602,0,0.00037755532
2,4603,0,0.0013336696
2,4604,0,0.00028737172
2,4605,0,0.00093982386
2,4606,0,0.0023827495
2,4607,0,0.003237243
2,4608,0,0.035728954
2,4609,0,0.0008353322
2,4610,0,0.00012888772
2,4611,0,0.0003343095
2,4612,0,0.0014467108
2,4613,0,0.010757792
2,4614,0,4.4028886e-05
2,4615,0,0.051816117
2,4616,0,0.010471956
2,4617,0,0.025451927
2,4618,0,0.0010690464
2,4619,0,0.006983479
2,4620,0,5.6481233e-05
2,4621,0,0.054915976
2,4622,0,0.017077768
2,4623,0,0.023294305
2,4624,0,0.00050316984
2,4625,0,0.000893598
2,4626,0,4.4121945e-05
2,4627,0,0.00057625107
2,4628,0,0.00036267994
2,4629,0,1.08835475e-05
2,4630,0,0.005174781
2,4631,0,0.0006325413
2,4632,0,0.00019168173
2,4633,0,0.0012936243
2,4634,0,0.06533104
2,4635,0,0.00036839204
2,4636,0,0.00037704437
2,4637,0,0.000103873426
2,4638,0,0.0011767044
2,4639,0,0.016268102
2,4640,0,2.7472846e-05
2,4641,0,0.0025631909
2,4642,0,0.002402621
2,4643,0,0.00027364158
2,4644,0,0.063573085
2,4645,0,0.0024947834
2,4646,0,0.0025949257
2,4647,0,0.004325376
2,4648,0,0.0011573982
2,4649,0,0.00066883425
2,4650,0,6.650417e-05
2,4651,0,0.0012250113
2,4652,0,0.011650424
2,4653,0,0.0006273576
2,4654,0,0.0041392837
2,4655,0,0.00041004372
2,4656,0,0.00042984638
2,4657,0,0.005637331
2,4658,0,0.002656572
2,4659,0,0.0017229846
2,4660,0,0.008906033
2,4661,0,0.0009593127
2,4662,0,0.011498135
2,4663,0,0.00398482
2,4664,0,0.00013207724
2,4665,0,0.00956921
2,4666,0,1.620145e-05
2,4667,0,0.0010692242
2,4668,0,0.022839706
2,4669,0,0.0002737543
2,4670,0,0.00030639552
2,4671,0,0.0060611605
2,4672,0,0.022306591
2,4673,0,0.03606756
2,4674,0,0.0020609617
2,4675,0,0.0011228978
2,4676,0,0.0014096334
2,4677,0,0.0009971557
2,4678,0,0.07633187
2,4679,0,0.009301704
2,4680,0,0.00015580932
2,4681,0,0.0050307834
2,4682,0,0.0019100958
2,4683,0,0.00069109316
2,4684,0,0.021453733
2,4685,0,0.017615188
2,4686,0,0.000119906545
2,4687,0,0.00024183154
2,4688,0,0.0013912573
2,4689,0,0.0112233
2,4690,0,0.0046396083
2,4691,0,6.311342e-05
2,4692,0,0.0008232523
2,4693,0,0.012035905
2,4694,0,9.582368e-05
2,4695,0,0.0005818077
2,4696,0,2.4279347e-05
2,4697,0,0.00095413334
2,4698,0,0.003771681
2,4699,0,0.00037189544
2,4700,0,0.0015455054
2,4701,0,0.006511351
2,4702,0,0.00018532114
2,4703,0,0.0011148985
2,4704,0,0.0071908627
2,4705,0,0.00022373868
2,4706,0,0.00017976572
2,4707,0,3.227247e-05
2,4708,0,0.0018811022
2,4709,0,0.047097284
2,4710,0,0.0016161859
2,4711,0,0.0057437615
2,4712,0,0.00051402557
2,4713,0,0.006605933
2,4714,0,5.5484375e-05
2,4715,0,0.0005828922
2,4716,0,0.00031418624
2,4717,0,0.016942037
2,4718,0,0.0016139016
2,4719,0,0.00090601086
2,4720,0,0.0015075197
2,4721,0,0.018235667
2,4722,0,0.0028783071
2,4723,0,2.2671315e-05
2,4724,0,0.0019012069
2,4725,0,0.017344648
2,4726,0,0.0002464332
2,4727,0,0.00014456212
2,4728,0,0.0024425397
2,4729,0,0.0053732437
2,4730,0,0.0030651242
2,4731,0,0.0017064477
2,4732,0,0.0002193866
2,4733,0,0.0011154765
2,4734,0,5.6881873e-07
2,4735,0,0.004883459
2,4736,0,0.023181988
2,4737,0,0.00022257057
2,4738,0,0.09527122
2,4739,0,0.001058631
2,4740,0,0.013504589
2,4741,0,0.032403022
2,4743,0,0.0042654974
2,4744,0,0.0023695086
2,4745,0,0.00065278885
2,4746,0,0.0057194903
2,4747,0,0.002878819
2,4748,0,0.025896074
2,4749,0,0.026660042
2,4750,0,6.252509e-05
2,4751,0,0.0013325105
2,4752,0,0.00045799234
2,4753,0,6.71414e-05
2,4754,0,0.00065927993
2,4755,0,0.03827622
2,4756,0,0.15664901
2,4757,0,0.0016557516
2,4758,0,0.0017925416
2,4759,0,0.00044722314
2,4760,0,0.00026868746
2,4761,0,0.019955354
2,4762,0,0.0006501451
2,4763,0,0.041758355
2,4764,0,0.1366307
2,4765,0,0.00012687754
2,4766,0,0.6488754
2,4767,0,0.015417849
2,4768,0,0.088557266
2,4769,0,0.00016139552
2,4770,0,0.00938435
2,4771,0,0.0025448604
2,4772,0,0.002153088
2,4773,0,0.0019089128
2,4774,0,0.0037576016
2,4775,0,2.6014552e-05
2,4776,0,0.00021129807
2,4777,0,0.0015420275
2,4778,0,0.00035353212
2,4779,0,0.00018600625
2,4780,0,0.012866788
2,4781,0,0.0011002739
2,4782,0,0.09553442
2,4783,0,7.9006015e-05
2,4784,0,0.00062646845
2,4785,0,0.011489639
2,4786,0,0.014931241
2,4787,0,0.033267852
2,4788,0,0.0017316896
2,4789,0,0.0007491169
2,4790,0,0.0003392641
2,4791,0,0.00094854983
2,4792,0,9.6004136e-05
2,4793,0,0.04087812
2,4794,0,0.0012376574
2,4795,0,0.0006892029
2,4796,0,3.908411e-05
2,4797,0,0.0004814787
2,4798,0,0.0002696907
2,4799,0,0.0002068512
2,4800,0,7.745412e-06
2,4801,0,0.0012572005
3,4600,1,0.0058778077
3,4742,1,0.3376213
3,4812,1,0.30875877
3,4823,1,0.008818775
3,4826,1,0.012712871
3,4855,1,0.0048052105
3,4880,1,0.070722304
3,4890,1,0.012415392
3,4930,1,0.60042155
3,4934,1,0.36330408
3,5039,1,0.060983043
3,5091,1,0.00028196094
3,5093,1,0.13420063
3,5095,1,0.3448016
3,5098,1,0.52460676
3,5171,1,0.00038973038
3,5335,1,0.005538867
3,5365,1,0.8547888
3,5373,1,0.65973073
3,5446,1,0.13011168
3,5457,1,0.08360738
3,5495,1,0.34469908
3,5534,1,0.1929837
3,5548,1,0.108992435
3,5618,1,0.0019453373
3,5623,1,0.9326939
3,5641,1,0.0051729013
3,5716,1,0.0010736162
3,5794,1,0.18516216
3,5806,1,9.1949594e-05
3,5815,1,0.0064586964
3,5896,1,0.0002504975
3,5901,1,0.02029998
3,5948,1,0.011240156
3,6119,1,0.2223825
3,6143,1,0.47798315
3,6159,1,0.49465424
3,6191,1,0.006704892
3,6291,1,0.10229818
3,6357,1,0.004937484
3,6409,1,0.93092096
3,6430,1,0.119591415
3,6538,1,0.75703144
3,6561,1,0.00032016914
3,6569,1,0.0072247973
3,6580,1,0.16873595
3,6622,1,0.11532686
3,6623,1,0.014045279
3,4802,0,0.037173297
3,4803,0,0.00037616782
3,4804,0,0.00029155097
3,4805,0,2.760875e-06
3,4806,0,0.0042875973
3,4807,0,0.0038370756
3,4808,0,0.00014811136
3,4809,0,0.00079731777
3,4810,0,0.0015101547
3,4811,0,0.005301588
3,4813,0,0.0017053416
3,4814,0,0.00029724828
3,4815,0,0.007377689
3,4816,0,0.0018975594
3,4817,0,0.016405217
3,4818,0,0.00013023955
3,4819,0,0.0726052
3,4820,0,0.0012393136
3,4821,0,0.06355673
3,4822,0,0.0015215122
3,4824,0,0.23952845
3,4825,0,0.0006117465
3,4827,0,0.014128967
3,4828,0,0.0029806686
3,4829,0,0.004388597
3,4830,0,0.00031623786
3,4831,0,8.948116e-05
3,4832,0,0.0069649196
3,4833,0,0.005417632
3,4834,0,0.05886833
3,4835,0,0.0035367769
3,4836,0,0.008820084
3,4837,0,0.100131266
3,4838,0,0.000670873
3,4839,0,0.00017045911
3,4840,0,0.0011055088
3,4841,0,0.0007940185
3,4842,0,0.0029669474
3,4843,0,9.90296e-05
3,4844,0,0.0010913705
3,4845,0,3.4743254e-05
3,4846,0,7.492035e-05
3,4847,0,0.0030433265
3,4848,0,0.0023077037
3,4849,0,0.00037564585
3,4850,0,0.003974438
3,4851,0,0.019564651
3,4852,0,0.0028830487
3,4853,0,0.005515872
3,4854,0,0.001958461
3,4856,0,0.020882998
3,4857,0,0.0003192042
3,4858,0,0.0031902744
3,4859,0,0.0009494564
3,4860,0,0.1662822
3,4861,0,0.027055353
3,4862,0,0.30380088
3,4863,0,0.06394582
3,4864,0,0.0011079415
3,4865,0,0.00044384162
3,4866,0,0.18694109
3,4867,0,0.0072365724
3,4868,0,0.042767134
3,4869,0,0.0017182374
3,4870,0,0.0003385286
3,4871,0,0.048259772
3,4872,0,0.011801281
3,4873,0,0.0006842388
3,4874,0,0.0001382061
3,4875,0,0.03627982
3,4876,0,0.00043383488
3,4877,0,0.0014674391
3,4878,0,0.0011446107
3,4879,0,8.947697e-06
3,4881,0,0.005841309
3,4882,0,0.032597534
3,4883,0,0.012869653
3,4884,0,0.0004697586
3,4885,0,0.00026639685
3,4886,0,0.0012957668
3,4887,0,0.000121539335
3,4888,0,0.004568631
3,4889,0,0.004935088
3,4891,0,0.00010607354
3,4892,0,0.00033630885
3,4893,0,0.06643009
3,4894,0,8.9750174e-05
3,4895,0,0.21145181
3,4896,0,0.00042832765
3,4897,0,0.0064699757
3,4898,0,0.0012963242
3,4899,0,0.0028990475
3,4900,0,0.0008929605
3,4901,0,0.00030243202
3,4902,0,0.0002465091
3,4903,0,3.5486435e-05
3,4904,0,0.0036371048
3,4905,0,0.00028563367
3,4906,0,0.00086988526
3,4907,0,0.116340786
3,4908,0,0.004356705
3,4909,0,0.00022523804
3,4910,0,0.0041685835
3,4911,0,0.00065736007
3,4912,0,0.0004162093
3,4913,0,0.000255741
3,4914,0,8.430395e-06
3,4915,0,0.0113350125
3,4916,0,0.00034438501
3,4917,0,5.3034248e-05
3,4918,0,0.0030557925
3,4919,0,0.00046402967
3,4920,0,0.016834825
3,4921,0,0.0005520415
3,4922,0,0.0007790679
3,4923,0,0.0006662342
3,4924,0,0.03358298
3,4925,0,6.792903e-05
3,4926,0,0.001345952
3,4927,0,0.0022666599
3,4928,0,0.0013635383
3,4929,0,0.0021998086
3,4931,0,0.0020118132
3,4932,0,0.000868503
3,4933,0,0.009589197
3,4935,0,0.00016145124
3,4936,0,0.0036963914
3,4937,0,0.0018657589
3,4938,0,0.004199517
3,4939,0,0.00048826257
3,4940,0,0.014777491
3,4941,0,0.019515524
3,4942,0,9.5423464e-05
3,4943,0,4.3972286e-05
3,4944,0,0.017511247
3,4945,0,0.0013488631
3,4946,0,0.00083990477
3,4947,0,0.005575231
3,4948,0,0.0014159476
3,4949,0,0.0013236387
3,4950,0,0.0001765006
3,4951,0,0.079636216
3,4952,0,0.010291477
3,4953,0,0.009083608
3,4954,0,0.00044575284
3,4955,0,0.039071597
3,4956,0,0.0006506931
3,4957,0,0.0028446107
3,4958,0,0.0049890205
3,4959,0,0.11776322
3,4960,0,6.492915e-05
3,4961,0,0.00013942241
3,4962,0,0.0015254008
3,4963,0,0.00012271845
3,4964,0,0.00044957787
3,4965,0,0.010569407
3,4966,0,0.00950419
3,4967,0,0.0024623862
3,4968,0,5.8827023e-05
3,4969,0,0.0020964923
3,4970,0,0.001079433
3,4971,0,0.00032341274
3,4972,0,0.0012342434
3,4973,0,3.0361996e-05
3,4974,0,6.7759844e-05
3,4975,0,0.0010520353
3,4976,0,0.0064373645
3,4977,0,0.00012947037
3,4978,0,0.00013121434
3,4979,0,0.00039857428
3,4980,0,0.0006326673
3,4981,0,0.06592663
3,4982,0,0.00069062575
3,4983,0,0.0020236918
3,4984,0,0.0008674444
3,4985,0,0.0007411781
3,4986,0,0.00456526
3,4987,0,0.0013797461
3,4988,0,0.0012157434
3,4989,0,8.512144e-05
3,4990,0,7.8014855e-05
3,4991,0,0.00010821722
3,4992,0,0.00063616666
3,4993,0,0.00022361071
3,4994,0,0.011452832
3,4995,0,0.0010282741
3,4996,0,0.00019058333
3,4997,0,0.00012848745
3,4998,0,0.00028509006
3,4999,0,0.00022150675
3,5000,0,0.0023307332
3,5001,0,0.0009190435
3,5002,0,0.023351738
3,5003,0,0.004174062
3,5004,0,0.0015704841
3,5005,0,0.00837921
3,5006,0,6.154052e-05
3,5007,0,0.003330481
3,5008,0,0.0028870981
3,5009,0,0.0004678821
3,5010,0,0.00023827463
3,5011,0,0.385696
3,5012,0,0.0004838025
3,5013,0,0.007096885
3,5014,0,0.00079776655
3,5015,0,0.00014930386
3,5016,0,0.01652417
3,5017,0,0.0007827045
3,5018,0,0.0013207688
3,5019,0,0.00317268
3,5020,0,5.568193e-05
3,5021,0,0.3278178
3,5022,0,0.00172444
3,5023,0,0.0056216833
3,5024,0,0.00369485
3,5025,0,0.009432813
3,5026,0,0.00027618554
3,5027,0,0.00014035693
3,5028,0,0.0065459902
3,5029,0,0.0004560774
3,5030,0,0.000101328595
3,5031,0,0.0014785652
3,5032,0,0.0003031173
3,5033,0,0.0025938177
3,5034,0,0.004325567
3,5035,0,0.0013626751
3,5036,0,0.0007857031
3,5037,0,0.0035218769
3,5038,0,0.005060147
3,5040,0,0.00041722707
3,5041,0,0.0050909636
3,5042,0,0.0019872123
3,5043,0,7.71011e-05
3,5044,0,0.0020806913
3,5045,0,0.0018360426
3,5046,0,0.0010642963
3,5047,0,0.0030934922
3,5048,0,0.0029359818
3,5049,0,0.00021342858
3,5050,0,0.0008174934
3,5051,0,0.0062977336
3,5052,0,0.00039143977
3,5053,0,0.0019094478
3,5054,0,0.004576709
3,5055,0,3.018275e-05
3,5056,0,0.00065999787
3,5057,0,0.29143772
3,5058,0,0.023239799
3,5059,0,0.00033803293
3,5060,0,9.606888e-05
3,5061,0,0.016268782
3,5062,0,0.0009407959
3,5063,0,0.0011063273
3,5064,0,0.013679907
3,5065,0,0.00060691155
3,5066,0,0.00047941259
3,5067,0,0.18502784
3,5068,0,0.00053579075
3,5069,0,0.008112184
3,5070,0,0.003799737
3,5071,0,0.003784512
3,5072,0,0.0059349556
3,5073,0,0.0005177736
3,5074,0,0.01273103
3,5075,0,6.474107e-05
3,5076,0,0.0005701494
3,5077,0,0.0012475401
3,5078,0,0.027639912
3,5079,0,0.00021404013
3,5080,0,0.004704193
3,5081,0,0.00019683431
3,5082,0,0.02542621
3,5083,0,0.0047508264
3,5084,0,0.0005046495
3,5085,0,0.00035552282
3,5086,0,0.0003090267
3,5087,0,0.00015344062
3,5088,0,0.00050863746
3,5089,0,0.035505377
3,5090,0,0.003444061
3,5092,0,0.00036284074
3,5094,0,0.00097160717
3,5096,0,0.016704297
3,5097,0,5.5182652e-05
3,5099,0,0.00011882729
3,5100,0,0.008289677
3,5101,0,0.0025968417
3,5102,0,0.0009807177
3,5103,0,0.0007242941
3,5104,0,0.0032557086
3,5105,0,4.5094966e-05
3,5106,0,0.0064317374
3,5107,0,0.0010600837
3,5108,0,0.002472515
3,5109,0,0.0011157399
3,5110,0,0.0008420571
3,5111,0,0.00032475955
3,5112,0,0.0016112392
3,5113,0,0.00057449535
3,5114,0,0.0007661095
3,5115,0,0.0032197838
3,5116,0,0.0046000998
3,5117,0,0.010645869
3,5118,0,0.0003572878
3,5119,0,0.029397229
3,5120,0,0.00071390177
3,5121,0,0.0017025304
3,5122,0,0.00057581597
3,5123,0,0.0022357574
3,5124,0,0.005187478
3,5125,0,0.00041932077
3,5126,0,0.00020720591
3,5127,0,0.0013885689
3,5128,0,0.006506874
3,5129,0,0.0001235302
3,5130,0,0.0013498578
3,5131,0,9.1892805e-05
3,5132,0,0.0031097548
3,5133,0,0.0021401637
3,5134,0,0.013271951
3,5135,0,0.0077575557
3,5136,0,0.0007595711
3,5137,0,0.0041749976
3,5138,0,0.0020229493
3,5139,0,0.0009054978
3,5140,0,0.00083332637
3,5141,0,4.504949e-05
3,5142,0,0.013998281
3,5143,0,0.003893278
3,5144,0,0.000821326
3,5145,0,0.0006596558
3,5146,0,4.987104e-05
3,5147,0,0.00059994886
3,5148,0,0.0015500771
3,5149,0,0.00043168437
3,5150,0,0.0050316616
3,5151,0,0.0019306898
3,5152,0,0.021112397
3,5153,0,0.00023272011
3,5154,0,3.9553288e-05
3,5155,0,0.002090559
3,5156,0,0.021012872
3,5157,0,0.0007797962
3,5158,0,0.00047449028
3,5159,0,0.0016832766
3,5160,0,0.000111395086
3,5161,0,0.0031451061
3,5162,0,0.0015146754
3,5163,0,0.056635786
3,5164,0,0.003151706
3,5165,0,0.1085763
3,5166,0,0.020167828
3,5167,0,5.536144e-05
3,5168,0,0.00016874025
3,5169,0,0.00014815386
3,5170,0,0.011110732
3,5172,0,0.0025872064
3,5173,0,0.004873091
3,5174,0,0.010507915
3,5175,0,0.000503067
3,5176,0,0.005669881
3,5177,0,0.00015792491
3,5178,0,0.00012366974
3,5179,0,0.0013818436
3,5180,0,0.001502518
3,5181,0,0.0012562589
3,5182,0,0.00060320727
3,5183,0,0.002138252
3,5184,0,3.410145e-05
3,5185,0,0.0037148478
3,5186,0,0.00013364539
3,5187,0,0.002191961
3,5188,0,0.0024296644
3,5189,0,0.008328317
3,5190,0,0.0014607107
3,5191,0,0.7601019
3,5192,0,0.004017465
3,5193,0,0.004477559
3,5194,0,0.013220669
3,5195,0,0.00018807357
3,5196,0,4.8760037e-05
3,5197,0,0.02843456
3,5198,0,0.00013123787
3,5199,0,0.0005044888
3,5200,0,0.0069552436
3,5201,0,0.0038499027
3,5202,0,0.0040104114
3,5203,0,0.002542505
3,5204,0,0.0037306745
3,5205,0,0.0011779133
3,5206,0,4.124633e-05
3,5207,0,8.726102e-05
3,5208,0,0.006015684
3,5209,0,0.07884668
3,5210,0,0.0005184379
3,5211,0,0.0006222169
3,5212,0,0.009157713
3,5213,0,0.00038481836
3,5214,0,2.9391143e-05
3,5215,0,0.004278509
3,5216,0,0.002851494
3,5217,0,0.0020070185
3,5218,0,0.00012734844
3,5219,0,0.0038863092
3,5220,0,0.15278445
3,5221,0,0.0045470353
3,5222,0,0.035808217
3,5223,0,0.03127384
3,5224,0,0.0031451301
3,5225,0,0.0011171917
3,5226,0,0.0009977254
3,5227,0,6.1304627e-07
3,5228,0,0.004781458
3,5229,0,0.00034389584
3,5230,0,0.0003736132
3,5231,0,0.0029849864
3,5232,0,0.00019627134
3,5233,0,0.013432241
3,5234,0,0.0038344413
3,5235,0,0.00044892693
3,5236,0,0.0034919078
3,5237,0,0.0009427889
3,5238,0,0.00047126107
3,5239,0,0.0011310914
3,5240,0,0.0011782858
3,5241,0,0.00018671561
3,5242,0,0.0026453817
3,5243,0,0.002150729
3,5244,0,0.0012648501
3,5245,0,7.4458517e-06
3,5246,0,0.3335613
3,5247,0,0.00076550344
3,5248,0,0.001410556
3,5249,0,0.005517986
3,5250,0,0.00010726156
3,5251,0,0.010760167
3,5252,0,2.0456495e-05
3,5253,0,6.485019e-05
3,5254,0,9.520134e-05
3,5255,0,0.00930496
3,5256,0,0.014138377
3,5257,0,0.01535647
3,5258,0,0.0060425284
3,5259,0,0.0018105032
3,5260,0,0.031292967
3,5261,0,0.02724059
3,5262,0,0.03529383
3,5263,0,0.0054845936
3,5264,0,0.00019806708
3,5265,0,0.0028223377
3,5266,0,0.009307788
3,5267,0,0.12112912
3,5268,0,0.0014168229
3,5269,0,0.0002332457
3,5270,0,0.001067795
3,5271,0,0.0005139947
3,5272,0,0.003272609
3,5273,0,0.002142656
3,5274,0,0.00017822694
3,5275,0,0.0026129931
3,5276,0,0.0005605734
3,5277,0,0.0002701941
3,5278,0,7.734646e-05
3,5279,0,0.001590914
3,5280,0,0.005782683
3,5281,0,0.0070954175
3,5282,0,0.0005638965
3,5283,0,0.010458747
3,5284,0,0.00039748035
3,5285,0,0.0029205254
3,5286,0,0.004209469
3,5287,0,0.0037057209
3,5288,0,0.038482334
3,5289,0,8.543461e-05
3,5290,0,0.011359111
3,5291,0,0.0002591701
3,5292,0,0.0033472707
3,5293,0,0.00019494712
3,5294,0,2.4002351e-05
3,5295,0,0.02342457
3,5296,0,0.00027456722
3,5297,0,0.00030291622
3,5298,0,0.052551582
3,5299,0,3.908601e-05
3,5300,0,0.0032865752
3,5301,0,0.014645264
3,5302,0,2.435188e-05
3,5303,0,0.0009056385
3,5304,0,0.0001907366
3,5305,0,0.008643974
3,5306,0,0.002655569
3,5307,0,0.0003832021
3,5308,0,0.07330699
3,5309,0,0.0003706112
3,5310,0,0.0009592898
3,5311,0,0.006721229
3,5312,0,0.00041980913
3,5313,0,0.013004855
3,5314,0,0.011543129
3,5315,0,0.0013947064
3,5316,0,0.004505075
3,5317,0,0.007838025
3,5318,0,0.0069448277
3,5319,0,0.0019477811
3,5320,0,0.0015090118
3,5321,0,0.0002674642
3,5322,0,0.008730862
3,5323,0,0.007264332
3,5324,0,4.0940427e-05
3,5325,0,0.001367755
3,5326,0,0.0012646134
3,5327,0,0.008060672
3,5328,0,0.0010376312
3,5329,0,0.00038596574
3,5330,0,0.0006636885
3,5331,0,0.009419043
3,5332,0,0.009939271
3,5333,0,0.003837205
3,5334,0,0.000435045
3,5336,0,3.0044903e-05
3,5337,0,2.9113578e-05
3,5338,0,0.0027774915
3,5339,0,0.00071157503
3,5340,0,0.00358212
3,5341,0,8.141616e-05
3,5342,0,0.0041312794
3,5343,0,0.0006170554
3,5344,0,0.0018779571
3,5345,0,0.0001287499
3,5346,0,0.0024698467
3,5347,0,0.0003847019
3,5348,0,3.8458085e-05
3,5349,0,0.009408776
3,5350,0,0.00023514075
3,5351,0,0.00069662853
3,5352,0,0.005610337
3,5353,0,0.0019199171
3,5354,0,0.00013917773
3,5355,0,0.000341847
3,5356,0,0.0016176739
3,5357,0,4.4934848e-05
3,5358,0,0.00013653848
3,5359,0,0.002536549
3,5360,0,0.014326084
3,5361,0,0.0012176712
3,5362,0,5.388083e-05
3,5363,0,0.022214888
3,5364,0,0.0054268865
3,5366,0,0.00012890986
3,5367,0,0.04611207
3,5368,0,0.000118209886
3,5369,0,0.03165475
3,5370,0,0.00019172176
3,5371,0,0.043169674
3,5372,0,0.0021014293
3,5374,0,0.016477847
3,5375,0,0.00015355185
3,5376,0,0.0027304294
3,5377,0,0.0026896002
3,5378,0,1.723943e-05
3,5379,0,0.005169359
3,5380,0,0.008946669
3,5381,0,0.0024348407
3,5382,0,0.009954307
3,5383,0,0.0070943423
3,5384,0,0.00019331784
3,5385,0,0.00058135675
3,5386,0,5.458646e-05
3,5387,0,0.0014906242
3,5388,0,0.001440604
3,5389,0,0.0029443158
3,5390,0,0.004518385
3,5391,0,0.0031447727
3,5392,0,7.412648e-05
3,5393,0,0.0010578299
3,5394,0,0.0023919404
3,5395,0,0.023772564
3,5396,0,1.8536928e-05
3,5397,0,0.00047146322
3,5398,0,0.018390216
3,5399,0,0.00019200916
3,5400,0,0.0028074873
3,5401,0,0.0016963804
3,5402,0,0.0036882542
3,5403,0,2.0499614e-05
3,5404,0,0.0036791416
3,5405,0,0.0009146573
3,5406,0,0.0032156312
3,5407,0,0.00030346023
3,5408,0,0.00706624
3,5409,0,0.00042927312
3,5410,0,0.00054414634
3,5411,0,0.00047079523
3,5412,0,0.035023335
3,5413,0,0.029369514
3,5414,0,0.0069558034
3,5415,0,0.03989872
3,5416,0,0.0011813798
3,5417,0,0.0029348568
3,5418,0,0.031605296
3,5419,0,0.000110086105
3,5420,0,0.0028653569
3,5421,0,0.0016590165
3,5422,0,0.013174443
3,5423,0,0.0009303529
3,5424,0,7.930449e-06
3,5425,0,0.0007013394
3,5426,0,0.037195645
3,5427,0,0.010501541
3,5428,0,0.00035927136
3,5429,0,0.011075977
3,5430,0,0.002537961
3,5431,0,1.070401e-05
3,5432,0,0.00096920517
3,5433,0,0.0018341324
3,5434,0,0.0026786025
3,5435,0,4.889684e-05
3,5436,0,0.0004986851
3,5437,0,0.050728597
3,5438,0,0.0008852632
3,5439,0,0.0005313114
3,5440,0,0.000917078
3,5441,0,0.00013879844
3,5442,0,0.0003935276
3,5443,0,0.08079478
3,5444,0,0.017954435
3,5445,0,0.00022261684
3,5447,0,3.962075e-05
3,5448,0,0.032108206
3,5449,0,0.6587352
3,5450,0,0.0007964677
3,5451,0,0.0003483742
3,5452,0,0.00056703377
3,5453,0,0.0034084432
3,5454,0,0.0015030046
3,5455,0,2.3822653e-05
3,5456,0,0.0008067537
3,5458,0,0.0004649513
3,5459,0,0.003706552
3,5460,0,7.35999e-06
3,5461,0,0.0018357168
3,5462,0,0.0021336654
3,5463,0,7.0216964e-05
3,5464,0,0.020139277
3,5465,0,0.033512663
3,5466,0,0.00017894366
3,5467,0,0.000833114
3,5468,0,0.0014479146
3,5469,0,0.0031446249
3,5470,0,0.018744966
3,5471,0,0.0010239494
3,5472,0,0.013684102
3,5473,0,2.6684907e-06
3,5474,0,0.1208163
3,5475,0,0.00069348153
3,5476,0,0.0007822511
3,5477,0,0.00068981334
3,5478,0,0.00016203175
3,5479,0,0.0003202833
3,5480,0,0.0020864012
3,5481,0,0.03503369
3,5482,0,0.00065979036
3,5483,0,0.002252547
3,5484,0,0.0009527181
3,5485,0,0.0016289165
3,5486,0,0.0010286684
3,5487,0,0.08515068
3,5488,0,0.00017937842
3,5489,0,0.00018575917
3,5490,0,0.019779196
3,5491,0,0.00142465
3,5492,0,0.00028389608
3,5493,0,0.0028321068
3,5494,0,0.00020796279
3,5496,0,0.00695949
3,5497,0,0.0058275186
3,5498,0,0.0035070577
3,5499,0,9.18201e-05
3,5500,0,0.00014003021
3,5501,0,0.005264512
3,5502,0,0.016769025
3,5503,0,5.3202777e-05
3,5504,0,0.0069506015
3,5505,0,0.003455469
3,5506,0,0.00820433
3,5507,0,0.0006224144
3,5508,0,0.0075533795
3,5509,0,0.027213138
3,5510,0,0.00020660443
3,5511,0,0.020080315
3,5512,0,0.020871349
3,5513,0,0.017215794
3,5514,0,0.00270419
3,5515,0,0.0007461961
3,5516,0,0.00014799234
3,5517,0,0.0007300423
3,5518,0,0.0026367253
3,5519,0,0.018315867
3,5520,0,0.002611075
3,5521,0,0.0002620089
3,5522,0,0.0005229184
3,5523,0,0.0007955791
3,5524,0,0.19731416
3,5525,0,0.0053625405
3,5526,0,0.00604146
3,5527,0,0.0005524842
3,5528,0,0.00022714493
3,5529,0,0.0014374569
3,5530,0,0.0007465083
3,5531,0,0.00055266434
3,5532,0,0.0017003362
3,5533,0,0.00274665
3,5535,0,0.0017713306
3,5536,0,0.00017003137
3,5537,0,0.16371047
3,5538,0,8.422366e-05
3,5539,0,0.0014852809
3,5540,0,0.0001817954
3,5541,0,0.00030183603
3,5542,0,0.0004547685
3,5543,0,3.3020806e-06
3,5544,0,0.00020322496
3,5545,0,0.00054575864
3,5546,0,0.0010402768
3,5547,0,0.0006375314
3,5549,0,0.00040212818
3,5550,0,0.001045611
3,5551,0,0.002068664
3,5552,0,0.00022670419
3,5553,0,0.0007953055
3,5554,0,0.00018535276
3,5555,0,0.0011091607
3,5556,0,0.0011918123
3,5557,0,0.4780235
3,5558,0,0.00082692713
3,5559,0,7.9376645e-05
3,5560,0,0.006650903
3,5561,0,0.002252893
3,5562,0,0.007519508
3,5563,0,0.060324047
3,5564,0,0.00014099409
3,5565,0,0.03883709
3,5566,0,1.1445527e-05
3,5567,0,0.030748777
3,5568,0,0.00031652141
3,5569,0,0.000999059
3,5570,0,0.0003111621
3,5571,0,0.01276683
3,5572,0,0.003924814
3,5573,0,6.302819e-05
3,5574,0,0.022395104
3,5575,0,0.055108067
3,5576,0,0.00085215445
3,5577,0,0.0018062338
3,5578,0,0.0024495965
3,5579,0,0.0003625078
3,5580,0,0.0005103781
3,5581,0,0.00022734988
3,5582,0,0.00019319826
3,5583,0,0.03324246
3,5584,0,0.00022301349
3,5585,0,0.0011406227
3,5586,0,0.003972789
3,5587,0,0.006916102
3,5588,0,0.0010429358
3,5589,0,0.0039138696
3,5590,0,0.0018162576
3,5591,0,0.00024991855
3,5592,0,0.06518093
3,5593,0,0.00032799368
3,5594,0,0.0041761715
3,5595,0,5.534501e-06
3,5596,0,0.011087945
3,5597,0,0.0013654558
3,5598,0,0.0005808217
3,5599,0,0.00022879402
3,5600,0,0.00079970516
3,5601,0,0.045513272
3,5602,0,0.0007033525
3,5603,0,0.00035647428
3,5604,0,0.00076915405
3,5605,0,0.0029799913
3,5606,0,0.0011447393
3,5607,0,0.000325886
3,5608,0,0.0124439215
3,5609,0,0.00065954105
3,5610,0,7.433991e-05
3,5611,0,0.0034107086
3,5612,0,0.04485119
3,5613,0,0.0039080167
3,5614,0,0.0012564157
3,5615,0,0.0012477153
3,5616,0,0.0039135073
3,5617,0,0.0020040923
3,5619,0,0.00065830833
3,5620,0,0.0006637783
3,5621,0,3.210799e-05
3,5622,0,0.00012443057
3,5624,0,0.0010705562
3,5625,0,0.0023126504
3,5626,0,0.00014580932
3,5627,0,0.0065500913
3,5628,0,0.0024148903
3,5629,0,0.0002776678
3,5630,0,0.001526971
3,5631,0,0.00061078934
3,5632,0,9.962167e-05
3,5633,0,0.007250954
3,5634,0,0.0008546623
3,5635,0,0.040820688
3,5636,0,1.750099e-05
3,5637,0,0.047899965
3,5638,0,0.0029078838
3,5639,0,0.004735018
3,5640,0,0.0006409654
3,5642,0,1.6813992e-05
3,5643,0,0.008386943
3,5644,0,0.0865151
3,5645,0,0.0075015156
3,5646,0,0.00012494624
3,5647,0,0.00055923394
3,5648,0,6.1026716e-05
3,5649,0,0.06734726
3,5650,0,0.0019761052
3,5651,0,1.8705792e-05
3,5652,0,3.931228e-05
3,5653,0,0.0018844105
3,5654,0,0.000432676
3,5655,0,0.0012482693
3,5656,0,0.0012993383
3,5657,0,0.000939823
3,5658,0,4.661697e-05
3,5659,0,0.0040951227
3,5660,0,0.0036937143
3,5661,0,0.00025299544
3,5662,0,0.00014918746
3,5663,0,3.6356116e-05
3,5664,0,0.00077929517
3,5665,0,0.026060387
3,5666,0,0.0024908255
3,5667,0,0.00023439269
3,5668,0,0.08153086
3,5669,0,0.0011992235
3,5670,0,0.0010189818
3,5671,0,0.097467214
3,5672,0,0.007751113
3,5673,0,0.0008109713
3,5674,0,0.0058934484
3,5675,0,0.0001849693
3,5676,0,0.00052577024
3,5677,0,0.00030393535
3,5678,0,0.00060447055
3,5679,0,0.0011424071
3,5680,0,0.18053165
3,5681,0,4.7805806e-05
3,5682,0,0.072001204
3,5683,0,0.0007114049
3,5684,0,0.007330981
3,5685,0,0.0051966305
3,5686,0,0.006035153
3,5687,0,0.00030666206
3,5688,0,0.0010850017
3,5689,0,0.010189347
3,5690,0,1.7312348e-05
3,5691,0,0.06073936
3,5692,0,0.015710963
3,5693,0,0.009234251
3,5694,0,0.00037960598
3,5695,0,0.0026811387
3,5696,0,0.0039832043
3,5697,0,0.0011079363
3,5698,0,0.031226682
3,5699,0,0.0081111705
3,5700,0,0.008270217
3,5701,0,0.0002739637
3,5702,0,6.3800355e-05
3,5703,0,7.154458e-05
3,5704,0,0.00035763654
3,5705,0,0.010081869
3,5706,0,0.0007600214
3,5707,0,0.0003267113
3,5708,0,0.0044244803
3,5709,0,0.00067477097
3,5710,0,0.0015334163
3,5711,0,0.020977937
3,5712,0,0.00082401367
3,5713,0,0.00082826737
3,5714,0,0.0023408874
3,5715,0,4.3365082e-05
3,5717,0,0.00022193209
3,5718,0,7.522611e-05
3,5719,0,5.1806914e-05
3,5720,0,0.00075479393
3,5721,0,0.0014352136
3,5722,0,0.004328061
3,5723,0,0.0014523655
3,5724,0,0.007485656
3,5725,0,0.00014134058
3,5726,0,0.027378198
3,5727,0,0.00020645652
3,5728,0,2.970046e-05
3,5729,0,0.0032000593
3,5730,0,0.009259706
3,5731,0,0.00012515801
3,5732,0,0.00079691183
3,5733,0,0.04263585
3,5734,0,0.060234707
3,5735,0,0.0028681294
3,5736,0,0.0019639893
3,5737,0,0.0001690069
3,5738,0,1.2601153e-05
3,5739,0,0.0003659537
3,5740,0,0.0002225222
3,5741,0,0.003148174
3,5742,0,0.0007716046
3,5743,0,0.0032628793
3,5744,0,0.003537128
3,5745,0,0.023279257
3,5746,0,0.015285024
3,5747,0,0.00097494444
3,5748,0,0.0051355627
3,5749,0,0.0024645424
3,5750,0,0.0003411955
3,5751,0,0.00033139932
3,5752,0,0.0021719951
3,5753,0,0.002409948
3,5754,0,0.009629199
3,5755,0,0.00044370504
3,5756,0,0.0007461662
3,5757,0,0.108277366
3,5758,0,0.004027597
3,5759,0,6.434347e-05
3,5760,0,0.040440496
3,5761,0,0.009088433
3,5762,0,0.01694272
3,5763,0,0.00059134245
3,5764,0,0.0025485696
3,5765,0,0.015840864
3,5766,0,0.00011512259
3,5767,0,1.6213908e-05
3,5768,0,0.0142912
3,5769,0,0.0005741642
3,5770,0,0.017306337
3,5771,0,4.741806e-05
3,5772,0,0.0066968594
3,5773,0,0.0037445684
3,5774,0,0.000105388666
3,5775,0,0.0026194444
3,5776,0,0.014654067
3,5777,0,0.0025894814
3,5778,0,0.08205676
3,5779,0,0.00071294623
3,5780,0,0.0014570236
3,5781,0,0.040778287
3,5782,0,0.0007444176
3,5783,0,0.0007590913
3,5784,0,0.00043751913
3,5785,0,0.00036524687
3,5786,0,0.0004823019
3,5787,0,0.00037370282
3,5788,0,0.04748985
3,5789,0,0.0009111072
3,5790,0,0.00043955393
3,5791,0,0.00046038663
3,5792,0,0.0006711521
3,5793,0,0.0004119698
3,5795,0,0.000242552
3,5796,0,0.2916094
3,5797,0,0.00050918275
3,5798,0,0.0075646904
3,5799,0,0.0003660638
3,5800,0,0.0015314012
3,5801,0,0.00067254924
3,5802,0,0.0009738007
3,5803,0,0.020031292
3,5804,0,0.00023478613
3,5805,0,0.00026220884
3,5807,0,0.00042130312
3,5808,0,0.0021830343
3,5809,0,0.92923224
3,5810,0,0.011774141
3,5811,0,7.918311e-05
3,5812,0,0.0009814875
3,5813,0,0.010354237
3,5814,0,0.00042374354
3,5816,0,2.2854354e-05
3,5817,0,0.000845274
3,5818,0,0.0028794114
3,5819,0,0.27172697
3,5820,0,0.006490446
3,5821,0,0.0016147516
3,5822,0,0.0004679726
3,5823,0,0.015064617
3,5824,0,8.4596344e-05
3,5825,0,0.0011472316
3,5826,0,0.00025038005
3,5827,0,0.0005056144
3,5828,0,0.00087796926
3,5829,0,1.4085386e-05
3,5830,0,0.0014047192
3,5831,0,0.0009533928
3,5832,0,2.05498e-05
3,5833,0,0.0006577411
3,5834,0,0.00019772726
3,5835,0,0.3382024
3,5836,0,0.11781149
3,5837,0,0.0138478745
3,5838,0,0.0043689334
3,5839,0,0.012134624
3,5840,0,0.0037447105
3,5841,0,0.0033690901
3,5842,0,2.9431954e-05
3,5843,0,0.021850998
3,5844,0,0.00026822212
3,5845,0,0.08866534
3,5846,0,0.011281227
3,5847,0,0.0002014689
3,5848,0,0.0002590177
3,5849,0,0.00014408006
3,5850,0,0.0004989942
3,5851,0,0.00024328643
3,5852,0,0.003284194
3,5853,0,0.0066374927
3,5854,0,0.0016006802
3,5855,0,0.007302871
3,5856,0,0.0008260573
3,5857,0,0.4780859
3,5858,0,0.00094906654
3,5859,0,0.002359947
3,5860,0,0.00048985897
3,5861,0,0.0004971436
3,5862,0,0.0007932955
3,5863,0,0.009917293
3,5864,0,0.0017902665
3,5865,0,0.018485697
3,5866,0,0.052062623
3,5867,0,0.009874153
3,5868,0,0.0048614736
3,5869,0,0.0004643615
3,5870,0,0.0006305429
3,5871,0,0.004334662
3,5872,0,0.0014039442
3,5873,0,0.0070148106
3,5874,0,7.948314e-05
3,5875,0,0.0029127626
3,5876,0,0.00090108305
3,5877,0,0.00018070162
3,5878,0,0.00010232795
3,5879,0,0.002121941
3,5880,0,0.0020786468
3,5881,0,0.0007435576
3,5882,0,0.00010205666
3,5883,0,0.0012554371
3,5884,0,3.222563e-05
3,5885,0,0.00014589984
3,5886,0,0.00014367013
3,5887,0,0.07926585
3,5888,0,0.0005638766
3,5889,0,0.00019230449
3,5890,0,0.007948154
3,5891,0,0.012738195
3,5892,0,0.00087617664
3,5893,0,0.014228978
3,5894,0,0.00033633306
3,5895,0,0.00031226463
3,5897,0,0.00046236484
3,5898,0,0.0010511746
3,5899,0,0.0090982085
3,5900,0,0.00077490276
3,5902,0,4.639315e-06
3,5903,0,3.9761177e-05
3,5904,0,0.00050022046
3,5905,0,0.0006930785
3,5906,0,9.090498e-05
3,5907,0,0.00069993525
3,5908,0,0.0015658024
3,5909,0,0.13118461
3,5910,0,0.0012136874
3,5911,0,3.5355137e-05
3,5912,0,0.004267142
3,5913,0,0.007072895
3,5914,0,0.017902877
3,5915,0,0.0002500668
3,5916,0,7.2892006e-05
3,5917,0,0.0004574051
3,5918,0,3.099254e-05
3,5919,0,6.462178e-05
3,5920,0,0.00016878483
3,5921,0,0.028094988
3,5922,0,0.0011301108
3,5923,0,0.0051037804
3,5924,0,0.00035978894
3,5925,0,0.0015523918
3,5926,0,0.0009652546
3,5927,0,0.0007503851
3,5928,0,0.0006101278
3,5929,0,7.272807e-05
3,5930,0,0.0016566
3,5931,0,0.0026291194
3,5932,0,0.0010725827
3,5933,0,0.0045754453
3,5934,0,0.00013936977
3,5935,0,0.0016610547
3,5936,0,0.00070105813
3,5937,0,0.44502315
3,5938,0,0.011242747
3,5939,0,0.0018300794
3,5940,0,3.2201915e-05
3,5941,0,0.006876098
3,5942,0,0.0014595169
3,5943,0,0.0043745665
3,5944,0,0.00010010218
3,5945,0,0.24532306
3,5946,0,0.004197095
3,5947,0,0.00034404243
3,5949,0,0.0011443894
3,5950,0,0.019966112
3,5951,0,0.00011577176
3,5952,0,2.4953188e-05
3,5953,0,0.005667309
3,5954,0,0.00037263983
3,5955,0,0.006170761
3,5956,0,0.0020936313
3,5957,0,0.066783346
3,5958,0,0.0013816922
3,5959,0,0.038213924
3,5960,0,0.0972771
3,5961,0,0.043991387
3,5962,0,0.00011494982
3,5963,0,0.011527307
3,5964,0,0.0012425742
3,5965,0,0.002807227
3,5966,0,0.00038885637
3,5967,0,0.00035601293
3,5968,0,0.00020398441
3,5969,0,7.106581e-05
3,5970,0,0.0032739362
3,5971,0,0.0029859801
3,5972,0,0.017478356
3,5973,0,0.00015995966
3,5974,0,0.014544707
3,5975,0,0.005539001
3,5976,0,0.00030966022
3,5977,0,0.00014126647
3,5978,0,0.0005192732
3,5979,0,0.064151034
3,5980,0,0.004841622
3,5981,0,0.0005950604
3,5982,0,0.0006660145
3,5983,0,0.00053172273
3,5984,0,0.0011472512
3,5985,0,0.0024416137
3,5986,0,0.00072234886
3,5987,0,0.015025365
3,5988,0,0.0008037914
3,5989,0,0.00020595752
3,5990,0,0.0064059487
3,5991,0,0.00020691431
3,5992,0,0.00031377378
3,5993,0,0.0061285645
3,5994,0,0.00060657994
3,5995,0,0.01725838
3,5996,0,0.01879477
3,5997,0,0.008189591
3,5998,0,0.0017336675
3,5999,0,0.0001306007
3,6000,0,0.0019170912
3,6001,0,0.0039658286
3,6002,0,0.0009167626
3,6003,0,7.9470636e-05
3,6004,0,0.0029109989
3,6005,0,0.0013586049
3,6006,0,9.5463565e-06
3,6007,0,0.00046005787
3,6008,0,0.0005973806
3,6009,0,0.006571249
3,6010,0,0.00071121
3,6011,0,0.0022848535
3,6012,0,0.0002131152
3,6013,0,0.0039120466
3,6014,0,0.00020704989
3,6015,0,0.005276071
3,6016,0,0.0030087365
3,6017,0,6.7010784e-05
3,6018,0,0.01939424
3,6019,0,0.0001444443
3,6020,0,0.029138783
3,6021,0,0.001215201
3,6022,0,0.016164312
3,6023,0,0.00017224277
3,6024,0,0.0027521008
3,6025,0,0.00035913612
3,6026,0,0.0004855403
3,6027,0,0.0011422205
3,6028,0,0.00011999428
3,6029,0,0.00022802241
3,6030,0,0.0002855988
3,6031,0,0.0003733104
3,6032,0,8.3361825e-05
3,6033,0,0.005471656
3,6034,0,0.3631222
3,6035,0,0.0027969796
3,6036,0,0.00845263
3,6037,0,2.0413738e-05
3,6038,0,0.00087387586
3,6039,0,0.07246999
3,6040,0,0.010774129
3,6041,0,4.2400225e-05
3,6042,0,0.0014269039
3,6043,0,0.00010619155
3,6044,0,0.009488756
3,6045,0,0.000679622
3,6046,0,0.00097463705
3,6047,0,0.02047714
3,6048,0,0.0005605283
3,6049,0,0.001295879
3,6050,0,0.00024312643
3,6051,0,0.00037620333
3,6052,0,0.0001554597
3,6053,0,0.0018992652
3,6054,0,4.2988668e-05
3,6055,0,3.206986e-05
3,6056,0,0.010927959
3,6057,0,4.721235e-05
3,6058,0,7.0698974e-05
3,6059,0,0.0064457967
3,6060,0,0.004356647
3,6061,0,0.0054831738
3,6062,0,0.00078322494
3,6063,0,0.00035139875
3,6064,0,0.0020605333
3,6065,0,0.002652676
3,6066,0,0.0050313133
3,6067,0,0.005219539
3,6068,0,1.3751416e-05
3,6069,0,0.006813118
3,6070,0,0.18634851
3,6071,0,0.0046472643
3,6072,0,0.00029096255
3,6073,0,0.002484469
3,6074,0,6.6089255e-05
3,6075,0,0.0019916252
3,6076,0,9.125829e-05
3,6077,0,0.0002927389
3,6078,0,0.07420085
3,6079,0,8.1905026e-05
3,6080,0,0.00037961287
3,6081,0,0.00024711952
3,6082,0,4.5036264e-05
3,6083,0,0.44321275
3,6084,0,0.0005461346
3,6085,0,0.00016267157
3,6086,0,0.00038768712
3,6087,0,0.0005190302
3,6088,0,0.0049832417
3,6089,0,0.0069235633
3,6090,0,0.0018918585
3,6091,0,0.00031208637
3,6092,0,0.05114111
3,6093,0,0.0011083215
3,6094,0,2.5954854e-05
3,6095,0,0.0009971339
3,6096,0,0.0011483972
3,6097,0,0.0037886112
3,6098,0,0.00032317697
3,6099,0,0.0011953993
3,6100,0,0.031028643
3,6101,0,0.00072286325
3,6102,0,0.00012536214
3,6103,0,0.00650089
3,6104,0,0.0016103046
3,6105,0,0.066500954
3,6106,0,0.048177537
3,6107,0,0.012067415
3,6108,0,0.0012937789
3,6109,0,0.010275738
3,6110,0,0.009115442
3,6111,0,0.02473386
3,6112,0,0.013107133
3,6113,0,0.0007923791
3,6114,0,0.023379669
3,6115,0,0.0019343568
3,6116,0,0.053098015
3,6117,0,0.007378349
3,6118,0,0.0005408803
3,6120,0,6.29429e-05
3,6121,0,0.002474568
3,6122,0,0.0072823768
3,6123,0,0.0010504818
3,6124,0,0.0005733144
3,6125,0,0.0011549608
3,6126,0,0.0006312844
3,6127,0,0.0026423791
3,6128,0,0.0005181824
3,6129,0,0.0010132471
3,6130,0,1.8511208e-05
3,6131,0,7.842047e-05
3,6132,0,0.0006859521
3,6133,0,1.5479578e-06
3,6134,0,0.0046346034
3,6135,0,5.4961047e-06
3,6136,0,0.0006757688
3,6137,0,0.004714631
3,6138,0,0.022456745
3,6139,0,0.00012048707
3,6140,0,7.5971315e-05
3,6141,0,0.03554286
3,6142,0,0.010014025
3,6144,0,0.0003752645
3,6145,0,0.00032719228
3,6146,0,0.00012414022
3,6147,0,0.0070326063
3,6148,0,0.0004967019
3,6149,0,0.0029971402
3,6150,0,0.0006320655
3,6151,0,0.0027566943
3,6152,0,0.0073720934
3,6153,0,8.6868815e-05
3,6154,0,0.00038249223
3,6155,0,0.0077109197
3,6156,0,0.0031716651
3,6157,0,3.67354e-05
3,6158,0,0.00046438878
3,6160,0,0.01323968
3,6161,0,0.014424297
3,6162,0,0.00078464655
3,6163,0,0.010856582
3,6164,0,9.049e-05
3,6165,0,0.000120790544
3,6166,0,0.0010206453
3,6167,0,6.966751e-05
3,6168,0,0.013178199
3,6169,0,0.00030106236
3,6170,0,2.439081e-05
3,6171,0,1.0429236e-05
3,6172,0,0.00056580396
3,6173,0,0.0011048007
3,6174,0,0.04764839
3,6175,0,0.11087595
3,6176,0,0.00028162674
3,6177,0,0.0005213182
3,6178,0,0.001124872
3,6179,0,0.0039404216
3,6180,0,1.4049379e-05
3,6181,0,0.017847093
3,6182,0,0.0044892966
3,6183,0,6.22741e-05
3,6184,0,1.2416823e-05
3,6185,0,0.004155879
3,6186,0,0.009444807
3,6187,0,0.030769143
3,6188,0,0.0021820997
3,6189,0,0.00014010501
3,6190,0,5.7806952e-05
3,6192,0,0.003690594
3,6193,0,0.0009249217
3,6194,0,0.0002098765
3,6195,0,0.00017096323
3,6196,0,0.000118258475
3,6197,0,0.002554822
3,6198,0,0.00071349577
3,6199,0,0.00013990515
3,6200,0,0.016833665
3,6201,0,0.00010634832
3,6202,0,0.0029192066
3,6203,0,0.006521359
3,6204,0,0.0010964532
3,6205,0,6.8619025e-05
3,6206,0,0.00075328356
3,6207,0,0.16580422
3,6208,0,9.626017e-05
3,6209,0,0.0004159602
3,6210,0,0.019173734
3,6211,0,0.0017663006
3,6212,0,0.00028313464
3,6213,0,0.010570031
3,6214,0,8.052597e-05
3,6215,0,0.0027241043
3,6216,0,0.00014628294
3,6217,0,0.0048853685
3,6218,0,0.00032598482
3,6219,0,0.004698836
3,6220,0,0.006060672
3,6221,0,0.006494094
3,6222,0,0.0045649065
3,6223,0,0.002026414
3,6224,0,0.0006805579
3,6225,0,0.0029260751
3,6226,0,0.00566248
3,6227,0,0.004412771
3,6228,0,2.0956859e-05
3,6229,0,8.6598106e-05
3,6230,0,0.00044488706
3,6231,0,0.03942251
3,6232,0,0.015449097
3,6233,0,0.0022259748
3,6234,0,0.00250633
3,6235,0,0.0013103187
3,6236,0,0.000109819484
3,6237,0,0.004269161
3,6238,0,6.59895e-05
3,6239,0,0.011884269
3,6240,0,0.00014290868
3,6241,0,3.0833646e-05
3,6242,0,0.0006032317
3,6243,0,0.00023630945
3,6244,0,0.034695894
3,6245,0,0.0026936887
3,6246,0,0.0033132948
3,6247,0,0.0032869347
3,6248,0,0.0003894856
3,6249,0,0.0012117826
3,6250,0,0.00014064215
3,6251,0,0.05463723
3,6252,0,0.00017237997
3,6253,0,5.1325296e-05
3,6254,0,0.00025279963
3,6255,0,0.003895759
3,6256,0,0.0008620909
3,6257,0,0.0026039344
3,6258,0,0.004866394
3,6259,0,0.0033882724
3,6260,0,0.010817183
3,6261,0,0.005504109
3,6262,0,0.001054793
3,6263,0,0.0004883824
3,6264,0,0.004067019
3,6265,0,0.00044638917
3,6266,0,0.001053768
3,6267,0,0.09036785
3,6268,0,0.003448025
3,6269,0,0.0022683288
3,6270,0,5.941964e-05
3,6271,0,0.00012385384
3,6272,0,0.00019811335
3,6273,0,0.030349305
3,6274,0,1.4622123e-05
3,6275,0,0.0001190548
3,6276,0,0.00063123356
3,6277,0,0.0017060318
3,6278,0,0.0068938807
3,6279,0,0.0044012847
3,6280,0,0.0011198081
3,6281,0,0.0014711273
3,6282,0,0.002675038
3,6283,0,0.00058373343
3,6284,0,0.00045838326
3,6285,0,0.018609567
3,6286,0,0.00022166374
3,6287,0,0.009763294
3,6288,0,0.0010953315
3,6289,0,0.10993242
3,6290,0,0.00021176053
3,6292,0,0.00013845025
3,6293,0,0.0040705376
3,6294,0,0.30970764
3,6295,0,0.00036224473
3,6296,0,0.002097634
3,6297,0,0.0028643762
3,6298,0,0.0001929087
3,6299,0,0.0011788101
3,6300,0,0.0068221646
3,6301,0,0.046439026
3,6302,0,0.0006831087
3,6303,0,0.0018373688
3,6304,0,0.0004665402
3,6305,0,0.0011577775
3,6306,0,7.78072e-05
3,6307,0,0.057159066
3,6308,0,0.00363306
3,6309,0,0.0003391493
3,6310,0,0.0036700778
3,6311,0,0.001493662
3,6312,0,0.002107309
3,6313,0,0.017884474
3,6314,0,5.557562e-05
3,6315,0,0.0007436876
3,6316,0,0.0032808273
3,6317,0,4.992489e-06
3,6318,0,0.0028951766
3,6319,0,0.0017748128
3,6320,0,0.0006238576
3,6321,0,0.0026514803
3,6322,0,0.012923089
3,6323,0,0.0016647554
3,6324,0,0.0008807816
3,6325,0,0.0011810524
3,6326,0,3.9025635e-05
3,6327,0,0.00032258625
3,6328,0,6.2695784e-05
3,6329,0,0.0007340812
3,6330,0,0.0006497685
3,6331,0,0.00046972817
3,6332,0,0.00064854784
3,6333,0,4.0374205e-05
3,6334,0,0.0010321661
3,6335,0,1.0863368e-05
3,6336,0,0.0017147901
3,6337,0,0.0006524278
3,6338,0,0.08174153
3,6339,0,0.00082341087
3,6340,0,0.000121488476
3,6341,0,0.0007187116
3,6342,0,0.00042843382
3,6343,0,0.08553246
3,6344,0,0.0015236123
3,6345,0,0.00027562972
3,6346,0,0.0017192281
3,6347,0,0.0002523556
3,6348,0,6.910734e-05
3,6349,0,0.0030041914
3,6350,0,6.0418533e-05
3,6351,0,0.001682494
3,6352,0,0.0011003022
3,6353,0,0.00044908165
3,6354,0,0.0022023187
3,6355,0,4.302615e-05
3,6356,0,8.011214e-05
3,6358,0,0.00046053104
3,6359,0,0.456556
3,6360,0,0.010509015
3,6361,0,0.00063500996
3,6362,0,0.0011692914
3,6363,0,0.000136985
3,6364,0,0.000454364
3,6365,0,0.00020881619
3,6366,0,0.00034387698
3,6367,0,0.0003784434
3,6368,0,0.00020353738
3,6369,0,0.0008662797
3,6370,0,0.0058866916
3,6371,0,4.023718e-05
3,6372,0,0.00035100264
3,6373,0,0.3284402
3,6374,0,0.00091774407
3,6375,0,9.588126e-05
3,6376,0,0.0031102414
3,6377,0,0.0057953047
3,6378,0,0.0009366152
3,6379,0,0.0010581601
3,6380,0,0.00018993842
3,6381,0,0.0004616963
3,6382,0,0.00013151774
3,6383,0,0.008943152
3,6384,0,0.0015604404
3,6385,0,0.0020010618
3,6386,0,0.011943832
3,6387,0,0.008509199
3,6388,0,0.0037277178
3,6389,0,0.0070445
3,6390,0,0.0012662526
3,6391,0,0.004095755
3,6392,0,9.669901e-05
3,6393,0,0.0018759078
3,6394,0,0.0028143493
3,6395,0,0.01574908
3,6396,0,0.0020462964
3,6397,0,0.0015602487
3,6398,0,0.06265605
3,6399,0,0.0074555995
3,6400,0,0.01142031
3,6401,0,0.00029083024
3,6402,0,0.00012613759
3,6403,0,0.11128082
3,6404,0,0.0021155523
3,6405,0,4.813885e-05
3,6406,0,0.00014468278
3,6407,0,0.0037438052
3,6408,0,0.02448667
3,6410,0,0.0018549364
3,6411,0,0.004112942
3,6412,0,0.377293
3,6413,0,0.0004016443
3,6414,0,0.6766746
3,6415,0,0.00096885895
3,6416,0,0.00077890203
3,6417,0,0.0036481044
3,6418,0,8.5030315e-06
3,6419,0,0.00065137097
3,6420,0,2.586817e-05
3,6421,0,0.011278106
3,6422,0,0.0008094049
3,6423,0,0.010298138
3,6424,0,7.026928e-05
3,6425,0,0.00018131227
3,6426,0,0.061147004
3,6427,0,0.0013328837
3,6428,0,0.0013346836
3,6429,0,0.055867225
3,6431,0,0.00892935
3,6432,0,0.030482825
3,6433,0,0.0039035454
3,6434,0,0.0026586473
3,6435,0,0.0035469264
3,6436,0,0.000492386
3,6437,0,7.551396e-05
3,6438,0,0.44178507
3,6439,0,0.00032072392
3,6440,0,0.0034533723
3,6441,0,0.0041696783
3,6442,0,0.0006011623
3,6443,0,0.09802571
3,6444,0,0.00084144116
3,6445,0,0.00041406046
3,6446,0,0.002572157
3,6447,0,0.0033289175
3,6448,0,0.011472036
3,6449,0,0.003282699
3,6450,0,6.730088e-05
3,6451,0,0.0008867101
3,6452,0,0.0013049273
3,6453,0,0.00021147281
3,6454,0,0.0007848088
3,6455,0,0.00016474939
3,6456,0,0.010938504
3,6457,0,0.010240943
3,6458,0,0.0006027257
3,6459,0,0.014332813
3,6460,0,0.084925994
3,6461,0,0.00077356223
3,6462,0,0.011305457
3,6463,0,0.0013930306
3,6464,0,0.0035347505
3,6465,0,0.00014128843
3,6466,0,1.9817524e-05
3,6467,0,0.004064208
3,6468,0,2.3733764e-05
3,6469,0,0.0052340953
3,6470,0,3.7732614e-05
3,6471,0,5.525422e-05
3,6472,0,0.0004095167
3,6473,0,0.0005376998
3,6474,0,0.003686371
3,6475,0,0.013757347
3,6476,0,0.0025538867
3,6477,0,0.002145502
3,6478,0,0.0056741815
3,6479,0,0.0013166066
3,6480,0,0.020651571
3,6481,0,8.372071e-05
3,6482,0,0.0004332844
3,6483,0,0.0009892461
3,6484,0,0.0041786768
3,6485,0,0.00038474498
3,6486,0,7.790735e-06
3,6487,0,0.025174009
3,6488,0,0.0020672942
3,6489,0,0.0001707254
3,6490,0,0.00015078952
3,6491,0,3.1213905e-05
3,6492,0,0.0002797764
3,6493,0,0.0004890756
3,6494,0,0.0008563269
3,6495,0,0.0011549323
3,6496,0,0.001744844
3,6497,0,0.007519529
3,6498,0,0.32456303
3,6499,0,0.0003782113
3,6500,0,0.009404137
3,6501,0,0.00032753276
3,6502,0,0.0026231357
3,6503,0,2.6910366e-05
3,6504,0,0.00022522837
3,6505,0,0.0015847033
3,6506,0,0.00023423586
3,6507,0,0.00085475633
3,6508,0,0.0016054384
3,6509,0,0.00090643315
3,6510,0,0.00022056619
3,6511,0,0.00574218
3,6512,0,0.0008504433
3,6513,0,0.051504996
3,6514,0,7.494972e-05
3,6515,0,0.04885472
3,6516,0,0.00035198883
3,6517,0,3.472232e-05
3,6518,0,0.0008173037
3,6519,0,0.00042973986
3,6520,0,0.00031878604
3,6521,0,0.000173473
3,6522,0,0.0015014925
3,6523,0,2.725001e-05
3,6524,0,0.022675809
3,6525,0,0.001044694
3,6526,0,0.029900951
3,6527,0,0.0016214163
3,6528,0,0.0032763176
3,6529,0,0.0013382337
3,6530,0,0.00423668
3,6531,0,0.00016622983
3,6532,0,0.05083027
3,6533,0,0.0012671086
3,6534,0,0.00054222194
3,6535,0,0.0002765083
3,6536,0,0.0019122016
3,6537,0,0.0036572723
3,6539,0,0.0005647568
3,6540,0,0.0004255386
3,6541,0,0.000111096895
3,6542,0,5.3564327e-06
3,6543,0,0.0010462173
3,6544,0,0.0017834251
3,6545,0,0.0014928301
3,6546,0,0.00070757087
3,6547,0,0.00035954016
3,6548,0,0.0012020717
3,6549,0,6.252926e-05
3,6550,0,0.0011265728
3,6551,0,0.0014656836
3,6552,0,0.0010374483
3,6553,0,7.080531e-05
3,6554,0,0.0068368907
3,6555,0,0.00019720157
3,6556,0,0.005009697
3,6557,0,1.4346244e-05
3,6558,0,0.0017884286
3,6559,0,2.7865046e-05
3,6560,0,0.0004064059
3,6562,0,0.0013951635
3,6563,0,0.0012326445
3,6564,0,0.004643807
3,6565,0,0.0006627028
3,6566,0,5.3764474e-05
3,6567,0,0.00037681693
3,6568,0,0.00045269437
3,6570,0,0.002131737
3,6571,0,0.0009319463
3,6572,0,0.0037723568
3,6573,0,0.0014688952
3,6574,0,0.00029623517
3,6575,0,0.006005172
3,6576,0,0.00058901426
3,6577,0,0.00045134334
3,6578,0,0.009809001
3,6579,0,0.0033597494
3,6581,0,0.002127387
3,6582,0,4.604218e-05
3,6583,0,0.012955403
3,6584,0,0.0015624587
3,6585,0,0.0165812
3,6586,0,0.0013316941
3,6587,0,0.00014789318
3,6588,0,0.000737831
3,6589,0,0.007265862
3,6590,0,0.023185475
3,6591,0,6.03787e-06
3,6592,0,0.0015818585
3,6593,0,0.00090057537
3,6594,0,0.0005501505
3,6595,0,0.05653781
3,6596,0,1.5035126e-05
3,6597,0,0.0053323293
3,6598,0,0.020246658
3,6599,0,0.0025819894
3,6600,0,0.00035239308
3,6601,0,0.0035482885
3,6602,0,0.0002436402
3,6603,0,0.00068403804
3,6604,0,0.017455295
3,6605,0,0.0011583235
3,6606,0,7.89868e-06
3,6607,0,0.0001995715
3,6608,0,0.0006848844
3,6609,0,0.00078798394
3,6610,0,0.00023182938
3,6611,0,0.0001475146
3,6612,0,7.514495e-05
3,6613,0,0.00046140593
3,6614,0,0.00017012219
3,6615,0,0.0046259975
3,6616,0,1.3803605e-05
3,6617,0,0.00031005015
3,6618,0,0.005912072
3,6619,0,0.0011882021
3,6620,0,0.0020067224
3,6621,0,0.012408477
3,6624,0,0.003788138
3,6625,0,0.009183752
3,6626,0,0.033764847
3,6627,0,0.0017183085
3,6628,0,0.00038643734
3,6629,0,0.018110588
3,6630,0,0.0060079964
3,6631,0,0.00010884209
3,6632,0,0.022325067
3,6633,0,0.00075509324
3,6634,0,5.7012854e-05
3,6635,0,0.00058090227
3,6636,0,0.003434526
3,6637,0,0.012326216
3,6638,0,0.004378211
3,6639,0,0.0010861679
3,6640,0,0.01676905
3,6641,0,0.0006023742
3,6642,0,0.0007737517
3,6643,0,0.00052696734
3,6644,0,0.0014113098
3,6645,0,0.0004645955
3,6646,0,0.006085374
3,6647,0,0.0027690728
3,6648,0,0.001131337
3,6649,0,0.00010085836
3,6650,0,0.00070158206
3,6651,0,0.005406162
3,6652,0,3.9610473e-05
3,6653,0,0.0065311133
3,6654,0,0.004779671
3,6655,0,0.010380704
3,6656,0,3.4861907e-05
3,6657,0,0.0005430293
3,6658,0,1.8496808e-05
3,6659,0,0.0023836554
3,6660,0,0.00015613905
3,6661,0,0.03662669
3,6662,0,9.955292e-05
3,6663,0,0.0038013312
3,6664,0,0.0010390952
3,6665,0,5.1138668e-05
3,6667,0,0.004566736
3,6668,0,6.891543e-05
3,6669,0,0.0029029758
3,6670,0,0.0014378559
3,6671,0,4.7006415e-05
3,6672,0,0.0038873798
3,6673,0,0.001243185
3,6674,0,0.0026556323
3,6675,0,0.0039640884
3,6676,0,0.0028166224
3,6677,0,4.9239035e-05
3,6678,0,0.011656878
3,6680,0,0.002406612
3,6681,0,0.08798057
3,6682,0,0.0049575856
3,6683,0,0.00025523262
3,6684,0,7.1361144e-05
3,6685,0,0.0043079085
3,6687,0,0.0015435185
3,6688,0,0.00012502036
3,6689,0,0.0032944556
3,6690,0,0.00083813514
3,6691,0,0.017355591
3,6692,0,0.0011446499
3,6693,0,0.00021710181
3,6694,0,0.006255445
3,6695,0,0.00040865058
3,6696,0,0.052383944
3,6697,0,0.021531109
3,6698,0,0.0017147729
3,6699,0,0.0005089852
3,6700,0,0.0143545205
3,6701,0,0.00015192971
3,6702,0,0.0002433361
3,6703,0,0.0020192638
3,6704,0,0.07867618
3,6705,0,8.987464e-06
3,6706,0,0.0011818475
3,6707,0,6.640988e-06
3,6708,0,0.0025795726
3,6709,0,0.33922195
3,6710,0,0.0059214984
3,6711,0,0.0033460108
3,6712,0,0.0005216689
3,6713,0,0.0008041851
3,6714,0,0.00044673224
3,6716,0,0.034698945
3,6717,0,0.00017547833
3,6718,0,0.0001845122
3,6719,0,0.00025332972
3,6720,0,0.00037775008
3,6721,0,0.0061557773
3,6722,0,0.018515352
3,6723,0,0.004318877
3,6724,0,0.000641764
3,6725,0,5.0935516e-05
3,6726,0,0.0020996472
3,6727,0,0.0011575051
3,6728,0,0.0026899483
3,6729,0,0.0027405913
3,6730,0,0.0026584626
3,6731,0,0.0039667366
3,6732,0,7.96446e-05
3,6733,0,0.008157383
3,6734,0,0.0049963025
3,6735,0,0.0011444625
3,6736,0,0.010932366
3,6737,0,0.0008961465
3,6738,0,0.00081688754
3,6739,0,0.00051199016
3,6740,0,0.0003197558
3,6741,0,0.020198867
3,6742,0,0.0002517795
3,6743,0,0.00017324422
3,6744,0,0.0033037267
3,6745,0,0.00051806046
3,6746,0,0.036337957
3,6747,0,0.00057798624
3,6748,0,0.0010043742
3,6749,0,0.22931232
3,6750,0,0.00059990486
3,6751,0,0.0011585458
3,6752,0,1.184087e-05
3,6753,0,0.00029337758
3,6754,0,0.0010458659
3,6755,0,0.0012229886
3,6756,0,0.089816995
3,6757,0,0.036603745
3,6758,0,0.0008940605
3,6759,0,0.0010130984
3,6760,0,7.616848e-05
3,6761,0,0.009676675
3,6762,0,0.0038188414
3,6763,0,0.015413209
3,6764,0,0.019675963
3,6765,0,0.0010377947
3,6766,0,0.0012739416
3,6767,0,0.00027813332
3,6769,0,0.0028391085
3,6770,0,0.0005337539
3,6771,0,0.00013858775
3,6772,0,0.0008955128
3,6773,0,0.003242371
3,6774,0,0.014289636
3,6775,0,0.001132294
3,6776,0,0.00095982465
3,6777,0,0.0027826088
3,6779,0,3.333131e-06
3,6780,0,0.00018309403
3,6781,0,0.0013122382
3,6782,0,0.00012859702
3,6783,0,0.0011867925
3,6784,0,0.013051041
3,6785,0,0.0030441687
3,6786,0,0.0034628836
3,6787,0,0.0010490577
3,6788,0,0.001067738
3,6789,0,0.00026266195
3,6790,0,2.8760523e-05
3,6791,0,0.12201737
3,6792,0,0.0017903236
3,6794,0,0.023086429
3,6795,0,0.00010281201
3,6797,0,0.00043930177
3,6798,0,0.0034486596
3,6799,0,0.000107767
3,6800,0,3.9447805e-06
3,6801,0,0.00082458934
3,6802,0,0.0016456962
3,6803,0,0.0016938177
3,6804,0,0.00022489834
3,6805,0,3.0412422e-05
3,6806,0,0.0006474618
3,6807,0,0.57070565
3,6808,0,0.00033944933
3,6809,0,0.12315678
3,6810,0,0.014334133
3,6811,0,0.05255931
3,6812,0,0.0004335323
3,6813,0,0.00042953077
3,6814,0,0.16465327
3,6815,0,0.00027552148
3,6816,0,0.0141953025
3,6817,0,0.0026990974
3,6818,0,0.0010471446
3,6819,0,0.0041235397
3,6820,0,0.0006840748
3,6821,0,0.0030046117
3,6822,0,0.0011175903
3,6823,0,0.0002980886
3,6824,0,0.00072926073
3,6825,0,0.0050298814
3,6826,0,0.0070381686
3,6827,0,0.00054397027
3,6828,0,0.005176161
3,6829,0,0.04410094
3,6830,0,0.0042045293
3,6831,0,0.0046574017
3,6832,0,0.0021887545
3,6833,0,7.15162e-05
3,6834,0,0.040922005
3,6835,0,0.00076137664
3,6836,0,0.0001630318
3,6837,0,0.009080673
3,6838,0,0.0002507116
3,6839,0,0.0009951447
3,6840,0,0.0046858527
3,6841,0,3.339316e-06
3,6842,0,0.00039396674
3,6843,0,0.00070735713
3,6844,0,0.008890158
3,6845,0,0.004755137
3,6846,0,0.001964654
3,6847,0,0.004149204
3,6848,0,0.0044340934
3,6849,0,0.0003104018
3,6850,0,0.00013551225
3,6851,0,0.0013685992
3,6852,0,0.0005319291
3,6853,0,3.6095258e-05
3,6854,0,0.008806784
3,6855,0,0.00043303086
3,6856,0,0.0006206689
3,6857,0,0.015091215
3,6858,0,0.012038798
3,6859,0,0.0004043801
3,6860,0,0.0007921299
3,6861,0,0.00019825301
3,6862,0,0.00024725762
3,6863,0,0.018855924
3,6864,0,0.0002878266
3,6865,0,0.00092496
3,6866,0,0.0012354326
3,6867,0,1.9940084e-05
3,6868,0,0.011008928
3,6869,0,8.64294e-05
3,6870,0,6.874143e-05
3,6871,0,0.0020884303
3,6872,0,0.00039233116
3,6873,0,0.00039060836
3,6874,0,0.0005277937
3,6875,0,0.003322472
3,6876,0,0.0022426632
3,6878,0,0.00015382165
3,6879,0,0.001534262
3,6880,0,0.0015675566
3,6881,0,0.00012510491
3,6882,0,0.035872217
3,6883,0,0.020861432
3,6884,0,0.003824215
3,6885,0,0.0012566911
3,6886,0,0.0015266009
3,6887,0,3.7734128e-05
3,6888,0,0.00019157228
3,6889,0,0.000273057
3,6890,0,6.256779e-05
3,6891,0,0.0013365542
3,6892,0,0.0010822327
3,6893,0,2.6707856e-05
3,6894,0,0.0100605525
3,6895,0,0.0020119539
3,6896,0,0.0003235981
3,6897,0,0.0027091817
3,6898,0,0.02850175
3,6899,0,8.936237e-05
3,6900,0,0.00046936693
3,6901,0,0.00039594114
3,6902,0,0.009377455
3,6903,0,0.0067931227
3,6904,0,0.0017494896
3,6905,0,0.0021825067
3,6906,0,0.0011640631
3,6907,0,0.00094505976
3,6908,0,7.5417964e-05
3,6909,0,0.0040823584
3,6910,0,5.1191022e-05
3,6911,0,0.0008882424
3,6912,0,0.000872395
3,6913,0,0.00022011723
3,6914,0,0.0021166338
3,6915,0,0.0008455249
3,6916,0,0.0007406383
3,6917,0,0.019291688
3,6918,0,7.912092e-05
3,6919,0,0.009767088
3,6920,0,0.00010065448
3,6921,0,0.0008761724
3,6922,0,0.0010268228
3,6923,0,0.0001128119
3,6924,0,0.0021790266
3,6925,0,0.0016359136
3,6926,0,0.00060285925
3,6927,0,0.0014338345
3,6928,0,0.00068654463
3,6929,0,0.00011280932
3,6930,0,0.00033392568
3,6931,0,0.0023776826
3,6932,0,0.0006337179
3,6933,0,0.00058571075
3,6934,0,0.073098995
3,6935,0,0.0010396587
3,6936,0,0.00010951747
3,6937,0,0.008466441
3,6938,0,0.00017534368
3,6939,0,0.0036229661
3,6940,0,0.010796406
3,6941,0,0.0033516623
3,6942,0,0.015033023
3,6943,0,0.059297074
3,6944,0,0.0003366407
3,6945,0,4.1318413e-05
3,6947,0,0.0032562641
3,6948,0,0.0006069552
3,6949,0,0.011477017
3,6950,0,0.0038030595
3,6951,0,6.69344e-05
3,6952,0,0.0001418485
3,6953,0,0.00039824724
3,6954,0,0.0008032175
3,6955,0,6.5423264e-05
3,6956,0,0.00039288358
3,6957,0,1.3249028e-05
3,6958,0,0.0070859664
3,6959,0,0.008531083
3,6960,0,0.01071161
3,6961,0,0.0019077339
3,6962,0,6.2364066e-05
3,6963,0,0.0037229836
3,6964,0,0.0030575595
3,6965,0,0.00088867155
3,6966,0,0.0007663738
3,6967,0,0.00022639186
3,6968,0,0.0012252068
3,6969,0,0.002138016
3,6970,0,0.003441556
3,6971,0,0.0063697877
3,6972,0,0.00041866535
3,6973,0,0.00045047808
3,6974,0,0.00024384285
3,6975,0,0.00053642545
3,6976,0,0.0007293851
3,6977,0,0.009340046
3,6978,0,0.0011231429
3,6979,0,0.10868901
3,6980,0,0.0069830925
3,6981,0,0.00019040951
3,6982,0,0.00064597547
3,6983,0,0.00043457787
3,6984,0,0.00013255086
3,6985,0,0.00010492819
3,6986,0,0.0047579403
3,6987,0,6.362307e-05
3,6988,0,0.00024532736
3,6989,0,0.19713268
3,6990,0,0.0006081713
3,6991,0,0.00030288676
3,6992,0,0.008728589
3,6993,0,0.01271739
3,6994,0,3.157244e-05
3,6995,0,5.8908252e-05
3,6996,0,0.015431564
3,6997,0,0.0027938264
3,6998,0,0.003144608
3,6999,0,4.040155e-05
3,7000,0,0.00023873556
3,7001,0,0.0023247413
3,7002,0,0.0015262972
3,7003,0,8.671768e-05
3,7004,0,0.060924962
3,7005,0,0.028254313
3,7006,0,0.0012372001
3,7007,0,5.38761e-05
3,7008,0,0.0024350446
3,7009,0,0.0008355376
3,7010,0,0.00032901653
3,7011,0,0.0021087825
3,7012,0,0.0037732671
3,7013,0,0.48140967
3,7014,0,0.0010894913
3,7015,0,4.4498527e-05
3,7016,0,2.0571879e-05
3,7017,0,0.02850234
3,7018,0,0.003645339
3,7019,0,0.00018339629
3,7020,0,0.0012599294
3,7021,0,0.00017435387
3,7022,0,0.000111952555
3,7023,0,0.0015296311
3,7024,0,0.00020575456
3,7025,0,0.009304354
3,7026,0,0.00061572855
3,7027,0,0.003141892
3,7028,0,0.0048477785
3,7029,0,0.00013458598
3,7030,0,0.01077481
3,7031,0,4.3076896e-05
3,7032,0,0.004022161
3,7033,0,0.02559608
3,7034,0,0.0040634014
3,7035,0,0.005426215
3,7036,0,9.5631716e-05
3,7037,0,0.0015499664
3,7038,0,0.0011066155
3,7039,0,5.9647522e-05
3,7040,0,0.00038086576
3,7041,0,0.00010963731
3,7042,0,0.0004678995
3,7043,0,0.0138795115
3,7044,0,0.0001101782
3,7045,0,2.481621e-05
3,7046,0,0.001130716
3,7047,0,0.0063802386
3,7048,0,0.037425708
3,7049,0,0.00021862611
3,7050,0,0.0043355143
3,7051,0,0.0026014848
3,7052,0,0.00016150375
3,7053,0,0.0012608801
3,7054,0,0.0006591832
3,7055,0,0.0009419992
3,7056,0,0.0011409388
3,7057,0,0.006878404
3,7058,0,7.651213e-06
3,7059,0,0.00042899352
3,7060,0,0.21838509
3,7061,0,0.0002391933
3,7062,0,0.05002362
3,7063,0,0.0010265616
3,7064,0,1.8619348e-05
3,7065,0,0.0027257341
3,7066,0,5.676672e-05
3,7067,0,0.0005648569
3,7068,0,2.6728136e-05
3,7069,0,0.00027438375
3,7070,0,0.0031061324
3,7071,0,0.00024132528
3,7072,0,0.0017278806
3,7073,0,0.015908496
3,7074,0,0.0016334257
3,7075,0,0.000104982144
3,7076,0,0.0005048523
3,7077,0,0.0021118182
3,7078,0,0.0009047191
3,7079,0,0.0015095006
3,7080,0,0.001403181
3,7081,0,0.0063307397
3,7082,0,0.003741606
3,7083,0,0.11115989
3,7084,0,0.00140943
3,7085,0,0.00015500233
3,7086,0,0.00864265
3,7087,0,0.00015518955
3,7088,0,0.071230516
3,7089,0,0.003465562
3,7090,0,0.0014717656
3,7091,0,0.0019671689
3,7092,0,0.0045711794
3,7094,0,0.0053126183
3,7095,0,0.06705742
3,7096,0,0.00026224458
3,7097,0,8.8364075e-05
3,7098,0,0.00018583535
3,7099,0,0.0064923037
3,7100,0,0.000162708
3,7101,0,0.0042226235
3,7102,0,0.0011582949
3,7103,0,0.003156604
3,7104,0,0.006511197
3,7105,0,0.26641232
3,7106,0,0.0003167674
3,7107,0,0.0024517355
3,7108,0,0.0009422433
3,7109,0,0.0009700949
3,7110,0,0.0020387443
3,7111,0,5.5725806e-05
3,7112,0,0.0008007643
3,7113,0,6.630907e-05
3,7114,0,0.016820861
3,7115,0,0.02042261
3,7116,0,0.0010585932
3,7117,0,0.005534285
3,7118,0,0.0012826449
3,7119,0,0.010397445
3,7120,0,0.0002405456
3,7121,0,0.0004263056
3,7122,0,0.0013701688
3,7123,0,0.00014605923
3,7124,0,2.7722182e-05
3,7125,0,0.010527298
3,7126,0,0.00020384949
3,7127,0,0.056002434
3,7128,0,0.000111510715
3,7129,0,0.0030134593
3,7130,0,0.016396217
3,7131,0,0.00433207
3,7132,0,0.0012075256
3,7133,0,0.00546196
3,7134,0,0.0008905949
3,7135,0,0.0006564717
3,7136,0,0.06345864
3,7137,0,0.028841836
3,7138,0,0.030931978
3,7139,0,0.1367946
3,7140,0,0.0054506497
3,7141,0,0.0037055064
3,7142,0,1.9644149e-05
3,7143,0,0.013264122
3,7144,0,0.0014161046
3,7145,0,0.0084410235
3,7146,0,0.0014306381
3,7147,0,0.00027495675
3,7148,0,0.025409648
3,7149,0,0.041939616
3,7150,0,0.00030455727
3,7151,0,1.2072069e-05
3,7152,0,0.008011657
3,7153,0,0.014863725
3,7154,0,0.00065877713
3,7155,0,0.005336076
3,7156,0,0.021522101
3,7157,0,0.026000638
3,7158,0,0.006287101
3,7159,0,0.0045094183
3,7160,0,0.005983715
3,7161,0,0.0050717387
3,7162,0,0.0003576052
3,7163,0,0.0009708849
3,7164,0,0.0008987281
3,7165,0,8.6303345e-07
3,7166,0,0.00025713487
3,7167,0,0.0015887931
3,7168,0,0.00032164162
3,7169,0,0.00051378337
3,7170,0,0.041620117
3,7171,0,0.02137135
3,7172,0,0.001256496
3,7173,0,0.00028103904
3,7174,0,0.00040739347
3,7175,0,0.0032629224
3,7176,0,0.0021720952
3,7177,0,0.00061621465
3,7178,0,0.00044124134
3,7179,0,0.01412643
3,7180,0,0.0019028535
3,7181,0,0.0008553585
3,7182,0,0.00049711304
3,7183,0,0.0011679177
3,7184,0,9.295313e-06
3,7185,0,2.3417568e-05
3,7186,0,5.278329e-05
3,7187,0,0.0011333973
3,7188,0,0.0005669759
3,7189,0,0.031170549
3,7190,0,0.00018958596
3,7191,0,0.001295873
3,7192,0,0.001917939
3,7193,0,0.13064255
3,7194,0,0.0026780167
3,7195,0,0.0021660917
3,7196,0,0.0017274603
3,7197,0,0.00011875297
3,7198,0,3.577089e-05
3,7199,0,1.6206643e-05
3,7200,0,0.0004116373
3,7201,0,0.0058952114
3,7202,0,3.5791432e-05
3,7203,0,0.0005153497
3,7204,0,0.0015319459
3,7205,0,0.0028860727
3,7206,0,0.0038206924
3,7207,0,0.00017349781
3,7208,0,0.0042884503
3,7209,0,0.006860759
3,7210,0,0.00042403184
4,6666,1,0.21131103
4,6679,1,0.046928253
4,6686,1,0.99296415
4,6715,1,0.442832
4,6768,1,0.15182562
4,6778,1,0.06476601
4,6793,1,0.22539237
4,6796,1,0.14846398
4,6877,1,0.033008434
4,6946,1,0.008913191
4,7093,1,0.12066332
4,7218,1,0.13214888
4,7634,1,0.14645816
4,7636,1,0.4530691
4,7645,1,0.65990645
4,7674,1,0.34374553
4,7813,1,0.5023966
4,7852,1,0.19851111
4,7861,1,0.3765844
4,7891,1,0.5927461
4,7900,1,0.13970527
4,7903,1,0.1631242
4,7963,1,0.4830023
4,8141,1,0.599817
4,8146,1,0.50854415
4,8253,1,0.46023887
4,8293,1,0.10967034
4,8335,1,0.48308152
4,8345,1,0.118679315
4,8392,1,0.22793497
4,8497,1,0.2871944
4,8498,1,0.51824445
4,8580,1,0.17384654
4,8612,1,0.0947839
4,8614,1,0.087988526
4,8683,1,0.46795854
4,8705,1,0.008126623
4,8824,1,0.10776765
4,8850,1,0.28039312
4,8957,1,0.3254384
4,9007,1,0.04570133
4,9128,1,0.12002367
4,9163,1,0.34175274
4,9198,1,0.5414851
4,9296,1,0.22558613
4,9300,1,0.3884688
4,9316,1,0.51474243
4,9332,1,0.16895287
4,7211,0,0.09693108
4,7212,0,0.11052993
4,7213,0,0.05370767
4,7214,0,0.3095762
4,7215,0,0.19293846
4,7216,0,0.046833474
4,7217,0,0.017869197
4,7219,0,0.0150292395
4,7220,0,0.01660564
4,7221,0,0.15382135
4,7222,0,0.08530485
4,7223,0,0.0639156
4,7224,0,0.008085129
4,7225,0,0.10899975
4,7226,0,0.024919378
4,7227,0,0.021384958
4,7228,0,0.049084872
4,7229,0,0.10960068
4,7230,0,0.044545308
4,7231,0,0.32732445
4,7232,0,0.038316946
4,7233,0,0.042701386
4,7234,0,0.21997042
4,7235,0,0.00578948
4,7236,0,0.04290945
4,7237,0,0.042800467
4,7238,0,0.03143743
4,7239,0,0.15880731
4,7240,0,0.14052387
4,7241,0,0.012084515
4,7242,0,0.061458398
4,7243,0,0.055572823
4,7244,0,0.0817209
4,7245,0,0.39339408
4,7246,0,0.046970583
4,7247,0,0.064838775
4,7248,0,0.035917606
4,7249,0,0.46990854
4,7250,0,0.017481279
4,7251,0,0.10317505
4,7252,0,0.7086106
4,7253,0,0.06769686
4,7254,0,0.09811162
4,7255,0,0.060102165
4,7256,0,0.0535029
4,7257,0,0.02296209
4,7258,0,0.16739532
4,7259,0,0.40020168
4,7260,0,0.14558308
4,7261,0,0.18462344
4,7262,0,0.099810086
4,7263,0,0.043918647
4,7264,0,0.036422484
4,7265,0,0.039106682
4,7266,0,0.034836274
4,7267,0,0.07605338
4,7268,0,0.003261989
4,7269,0,0.085320204
4,7270,0,0.15409939
4,7271,0,0.006380245
4,7272,0,0.012703903
4,7273,0,0.13187377
4,7274,0,0.21706934
4,7275,0,0.12546915
4,7276,0,0.030532412
4,7277,0,0.14835171
4,7278,0,0.03341898
4,7279,0,0.010305411
4,7280,0,0.03187623
4,7281,0,0.14143132
4,7282,0,0.03697337
4,7283,0,0.013855698
4,7284,0,0.30429193
4,7285,0,0.6587439
4,7286,0,0.050713375
4,7287,0,0.07083007
4,7288,0,0.43031386
4,7289,0,0.062305737
4,7290,0,0.30518574
4,7291,0,0.29118308
4,7292,0,0.048087418
4,7293,0,0.046639014
4,7294,0,0.093991496
4,7295,0,0.012066597
4,7296,0,0.046680994
4,7297,0,0.05948218
4,7298,0,0.08856889
4,7299,0,0.097354
4,7300,0,0.5589806
4,7301,0,0.16973677
4,7302,0,0.06802056
4,7303,0,0.006591667
4,7304,0,0.043671537
4,7305,0,0.034205765
4,7306,0,0.08538466
4,7307,0,0.048549563
4,7308,0,0.044717345
4,7309,0,0.034287665
4,7310,0,0.120294236
4,7311,0,0.06674949
4,7312,0,0.23250785
4,7313,0,0.2242118
4,7314,0,0.05104952
4,7315,0,0.047771435
4,7316,0,0.038241535
4,7317,0,0.067176245
4,7318,0,0.0045214533
4,7319,0,0.0656692
4,7320,0,0.02093943
4,7321,0,0.10926116
4,7322,0,0.26826763
4,7323,0,0.38914445
4,7324,0,0.114212856
4,7325,0,0.1323752
4,7326,0,0.013395502
4,7327,0,0.026605071
4,7328,0,0.04524222
4,7329,0,0.20955883
4,7330,0,0.049419336
4,7331,0,0.03411048
4,7332,0,0.06777632
4,7333,0,0.020854888
4,7334,0,0.10789392
4,7335,0,0.0319194
4,7336,0,0.024760054
4,7337,0,0.031400293
4,7338,0,0.22918782
4,7339,0,0.13581422
4,7340,0,0.012544838
4,7341,0,0.07783612
4,7342,0,0.05422364
4,7343,0,0.011676071
4,7344,0,0.04428724
4,7345,0,0.14384401
4,7346,0,0.21356727
4,7347,0,0.011738592
4,7348,0,0.19247165
4,7349,0,0.01874073
4,7350,0,0.02130913
4,7351,0,0.022072824
4,7352,0,0.15197267
4,7353,0,0.029484326
4,7354,0,0.057970963
4,7355,0,0.10670832
4,7356,0,0.068346724
4,7357,0,0.041867148
4,7358,0,0.021034716
4,7359,0,0.39733684
4,7360,0,0.07956894
4,7361,0,0.03950321
4,7362,0,0.061816182
4,7363,0,0.1506192
4,7364,0,0.06327181
4,7365,0,0.04699683
4,7366,0,0.11329382
4,7367,0,0.060942944
4,7368,0,0.3325102
4,7369,0,0.25930172
4,7370,0,0.20925304
4,7371,0,0.42364997
4,7372,0,0.014368451
4,7373,0,0.46730077
4,7374,0,0.13276124
4,7375,0,0.025415778
4,7376,0,0.16128518
4,7377,0,0.027969575
4,7378,0,0.33020565
4,7379,0,0.015206869
4,7380,0,0.02837045
4,7381,0,0.16999288
4,7382,0,0.16304894
4,7383,0,0.44367203
4,7384,0,0.011335318
4,7385,0,0.062395696
4,7386,0,0.032748118
4,7387,0,0.0018043667
4,7388,0,0.015035184
4,7389,0,0.06352373
4,7390,0,0.036267024
4,7391,0,0.12658721
4,7392,0,0.06467383
4,7393,0,0.041937076
4,7394,0,0.005678768
4,7395,0,0.07619555
4,7396,0,0.03322262
4,7397,0,0.081937775
4,7398,0,0.06460823
4,7399,0,0.031173462
4,7400,0,0.09893396
4,7401,0,0.03293514
4,7402,0,0.18499711
4,7403,0,0.056217495
4,7404,0,0.16696325
4,7405,0,0.029316125
4,7406,0,0.017469425
4,7407,0,0.17092714
4,7408,0,0.10063163
4,7409,0,0.023692736
4,7410,0,0.42637798
4,7411,0,0.1558003
4,7412,0,0.12386372
4,7413,0,0.0687697
4,7414,0,0.020565378
4,7415,0,0.06383607
4,7416,0,0.035468098
4,7417,0,0.09173205
4,7418,0,0.046197154
4,7419,0,0.011721003
4,7420,0,0.08740662
4,7421,0,0.027840242
4,7422,0,0.045922484
4,7423,0,0.02942426
4,7424,0,0.014497631
4,7425,0,0.19696745
4,7426,0,0.022072209
4,7427,0,0.012557207
4,7428,0,0.28190532
4,7429,0,0.0067838407
4,7430,0,0.033525627
4,7431,0,0.03171502
4,7432,0,0.045143235
4,7433,0,0.134419
4,7434,0,0.31503534
4,7435,0,0.08003075
4,7436,0,0.012495212
4,7437,0,0.11752491
4,7438,0,0.03674432
4,7439,0,0.07009428
4,7440,0,0.04930752
4,7441,0,0.011064263
4,7442,0,0.068759866
4,7443,0,0.0052363724
4,7444,0,0.13485631
4,7445,0,0.3099461
4,7446,0,0.06981739
4,7447,0,0.043197006
4,7448,0,0.026655477
4,7449,0,0.044443067
4,7450,0,0.017938266
4,7451,0,0.09086783
4,7452,0,0.104531005
4,7453,0,0.03202556
4,7454,0,0.17203802
4,7455,0,0.13224956
4,7456,0,0.0067506847
4,7457,0,0.24440448
4,7458,0,0.02354488
4,7459,0,0.08340289
4,7460,0,0.3190715
4,7461,0,0.009607015
4,7462,0,0.038161617
4,7463,0,0.16374771
4,7464,0,0.009163676
4,7465,0,0.024857275
4,7466,0,0.006237073
4,7467,0,0.020531558
4,7468,0,0.046913326
4,7469,0,0.074004404
4,7470,0,0.06703237
4,7471,0,0.027278863
4,7472,0,0.21142061
4,7473,0,0.0039818934
4,7474,0,0.0674337
4,7475,0,0.14709555
4,7476,0,0.038142063
4,7477,0,0.16037688
4,7478,0,0.03936219
4,7479,0,0.01411553
4,7480,0,0.07453229
4,7481,0,0.052778505
4,7482,0,0.018188603
4,7483,0,0.36795998
4,7484,0,0.11020456
4,7485,0,0.05847529
4,7486,0,0.062231995
4,7487,0,0.018579975
4,7488,0,0.023706008
4,7489,0,0.10527971
4,7490,0,0.11397784
4,7491,0,0.048822988
4,7492,0,0.13252424
4,7493,0,0.04532966
4,7494,0,0.024131058
4,7495,0,0.032384764
4,7496,0,0.061687414
4,7497,0,0.02985984
4,7498,0,0.15115991
4,7499,0,0.030224063
4,7500,0,0.0018956629
4,7501,0,0.08102809
4,7502,0,0.08854926
4,7503,0,0.042429935
4,7504,0,0.07004281
4,7505,0,0.37440807
4,7506,0,0.05602679
4,7507,0,0.06247089
4,7508,0,0.030189684
4,7509,0,0.1783364
4,7510,0,0.11296277
4,7511,0,0.24825676
4,7512,0,0.037273627
4,7513,0,0.04684225
4,7514,0,0.05997918
4,7515,0,0.008836097
4,7516,0,0.044953153
4,7517,0,0.04551026
4,7518,0,0.016643893
4,7519,0,0.014136129
4,7520,0,0.019354582
4,7521,0,0.033142183
4,7522,0,0.2676346
4,7523,0,0.1713112
4,7524,0,0.084278844
4,7525,0,0.003823877
4,7526,0,0.009594144
4,7527,0,0.25198126
4,7528,0,0.16629423
4,7529,0,0.13472891
4,7530,0,0.082373075
4,7531,0,0.28624627
4,7532,0,0.0095595615
4,7533,0,0.18630067
4,7534,0,0.005875735
4,7535,0,0.38507643
4,7536,0,0.15145087
4,7537,0,0.0910758
4,7538,0,0.11854337
4,7539,0,0.026274929
4,7540,0,0.20197365
4,7541,0,0.014877605
4,7542,0,0.14399682
4,7543,0,0.018176975
4,7544,0,0.0677753
4,7545,0,0.05940783
4,7546,0,0.119280644
4,7547,0,0.005580375
4,7548,0,0.026655562
4,7549,0,0.24932626
4,7550,0,0.02964341
4,7551,0,0.059659712
4,7552,0,0.12332616
4,7553,0,0.034572653
4,7554,0,0.014552706
4,7555,0,0.18703358
4,7556,0,0.108753726
4,7557,0,0.029056191
4,7558,0,0.04125091
4,7559,0,0.0027924082
4,7560,0,0.042986203
4,7561,0,0.019087018
4,7562,0,0.10408782
4,7563,0,0.08950462
4,7564,0,0.06457539
4,7565,0,0.075974576
4,7566,0,0.13157153
4,7567,0,0.07805685
4,7568,0,0.19627683
4,7569,0,0.028565897
4,7570,0,0.12084582
4,7571,0,0.17823361
4,7572,0,0.06991244
4,7573,0,0.27609724
4,7574,0,0.081640765
4,7575,0,0.021400226
4,7576,0,0.19653958
4,7577,0,0.013771517
4,7578,0,0.028087223
4,7579,0,0.027085332
4,7580,0,0.054863438
4,7581,0,0.05210693
4,7582,0,0.029891064
4,7583,0,0.004141116
4,7584,0,0.04116213
4,7585,0,0.044791743
4,7586,0,0.013293
4,7587,0,0.20744024
4,7588,0,0.14281212
4,7589,0,0.0526067
4,7590,0,0.093798265
4,7591,0,0.0657927
4,7592,0,0.03786412
4,7593,0,0.054508783
4,7594,0,0.10858262
4,7595,0,0.004756125
4,7596,0,0.012691081
4,7597,0,0.19656062
4,7598,0,0.08360327
4,7599,0,0.17042644
4,7600,0,0.01446929
4,7601,0,0.08648589
4,7602,0,0.03206125
4,7603,0,0.05848787
4,7604,0,0.022078479
4,7605,0,0.010594739
4,7606,0,0.030623144
4,7607,0,0.039276343
4,7608,0,0.06629263
4,7609,0,0.06385788
4,7610,0,0.05701784
4,7611,0,0.06887022
4,7612,0,0.08329025
4,7613,0,0.09526005
4,7614,0,0.6410207
4,7615,0,0.019473057
4,7616,0,0.08256731
4,7617,0,0.014931535
4,7618,0,0.07264711
4,7619,0,0.11022167
4,7620,0,0.05014012
4,7621,0,0.47546342
4,7622,0,0.018643383
4,7623,0,0.022266796
4,7624,0,0.15235424
4,7625,0,0.16779302
4,7626,0,0.23297782
4,7627,0,0.056747876
4,7628,0,0.06355296
4,7629,0,0.07544195
4,7630,0,0.090379775
4,7631,0,0.022698423
4,7632,0,0.13167888
4,7633,0,0.14869799
4,7635,0,0.13857654
4,7637,0,0.068025425
4,7638,0,0.047210168
4,7639,0,0.032639932
4,7640,0,0.036728583
4,7641,0,0.103077754
4,7642,0,0.046372514
4,7643,0,0.05997173
4,7644,0,0.11317144
4,7646,0,0.04783151
4,7647,0,0.009145229
4,7648,0,0.23685181
4,7649,0,0.11560115
4,7650,0,0.15566352
4,7651,0,0.031562183
4,7652,0,0.014359769
4,7653,0,0.13635851
4,7654,0,0.07079211
4,7655,0,0.79940253
4,7656,0,0.026765693
4,7657,0,0.06849813
4,7658,0,0.22530088
4,7659,0,0.12664938
4,7660,0,0.12666517
4,7661,0,0.039156176
4,7662,0,0.040293656
4,7663,0,0.0059110187
4,7664,0,0.0273641
4,7665,0,0.029289555
4,7666,0,0.009536041
4,7667,0,0.09684878
4,7668,0,0.029895985
4,7669,0,0.025311163
4,7670,0,0.031206839
4,7671,0,0.12836587
4,7672,0,0.05431743
4,7673,0,0.0999632
4,7675,0,0.024579111
4,7676,0,0.04568797
4,7677,0,0.026435101
4,7678,0,0.10934329
4,7679,0,0.03154398
4,7680,0,0.12254812
4,7681,0,0.57761437
4,7682,0,0.08662992
4,7683,0,0.045220666
4,7684,0,0.003633778
4,7685,0,0.03196739
4,7686,0,0.036932092
4,7687,0,0.08350627
4,7688,0,0.12521213
4,7689,0,0.12300641
4,7690,0,0.026452448
4,7691,0,0.024685781
4,7692,0,0.03090656
4,7693,0,0.12278195
4,7694,0,0.2671283
4,7695,0,0.064093255
4,7696,0,0.018823035
4,7697,0,0.02397485
4,7698,0,0.21748732
4,7699,0,0.12939398
4,7700,0,0.017929465
4,7701,0,0.03939886
4,7702,0,0.011028534
4,7703,0,0.17835124
4,7704,0,0.0248552
4,7705,0,0.08461328
4,7706,0,0.039752882
4,7707,0,0.020072374
4,7708,0,0.11675403
4,7709,0,0.030229723
4,7710,0,0.06554985
4,7711,0,0.031820167
4,7712,0,0.14871079
4,7713,0,0.47314632
4,7714,0,0.055943925
4,7715,0,0.012552945
4,7716,0,0.030802
4,7717,0,0.018117165
4,7718,0,0.18980038
4,7719,0,0.11537483
4,7720,0,0.002006371
4,7721,0,0.050155584
4,7722,0,0.2369933
4,7723,0,0.059048884
4,7724,0,0.089762494
4,7725,0,0.01673807
4,7726,0,0.16558956
4,7727,0,0.030265627
4,7728,0,0.08583386
4,7729,0,0.07031704
4,7730,0,0.101392925
4,7731,0,0.013570254
4,7732,0,0.027709894
4,7733,0,0.009181939
4,7734,0,0.09671277
4,7735,0,0.010752647
4,7736,0,0.09665205
4,7737,0,0.03124311
4,7738,0,0.0840501
4,7739,0,0.03982066
4,7740,0,0.11516344
4,7741,0,0.10072519
4,7742,0,0.011907844
4,7743,0,0.0053158146
4,7744,0,0.018315326
4,7745,0,0.024606334
4,7746,0,0.049496606
4,7747,0,0.04120441
4,7748,0,0.20872208
4,7749,0,0.015218764
4,7750,0,0.10794944
4,7751,0,0.045080986
4,7752,0,0.06197448
4,7753,0,0.06437374
4,7754,0,0.03286127
4,7755,0,0.01944217
4,7756,0,0.03547302
4,7757,0,0.20826793
4,7758,0,0.04389474
4,7759,0,0.09070819
4,7760,0,0.046507467
4,7761,0,0.062263485
4,7762,0,0.023024809
4,7763,0,0.03813876
4,7764,0,0.047754385
4,7765,0,0.324541
4,7766,0,0.058480855
4,7767,0,0.30851787
4,7768,0,0.040629126
4,7769,0,0.081488274
4,7770,0,0.020839032
4,7771,0,0.019516839
4,7772,0,0.5504173
4,7773,0,0.006457873
4,7774,0,0.252531
4,7775,0,0.034911577
4,7776,0,0.04483177
4,7777,0,0.09171197
4,7778,0,0.04522713
4,7779,0,0.013610019
4,7780,0,0.07715912
4,7781,0,0.015746744
4,7782,0,0.022823486
4,7783,0,0.13208376
4,7784,0,0.05897928
4,7785,0,0.17932305
4,7786,0,0.027393432
4,7787,0,0.17373794
4,7788,0,0.24686538
4,7789,0,0.18711531
4,7790,0,0.020318476
4,7791,0,0.04563572
4,7792,0,0.049262386
4,7793,0,0.07456463
4,7794,0,0.0137611665
4,7795,0,0.04179403
4,7796,0,0.054120615
4,7797,0,0.017810661
4,7798,0,0.04930314
4,7799,0,0.016390244
4,7800,0,0.28148016
4,7801,0,0.39423642
4,7802,0,0.059960525
4,7803,0,0.0046815113
4,7804,0,0.023838164
4,7805,0,0.12853566
4,7806,0,0.0115688145
4,7807,0,0.022302805
4,7808,0,0.06600618
4,7809,0,0.07392049
4,7810,0,0.03266834
4,7811,0,0.03173189
4,7812,0,0.084616035
4,7814,0,0.027529862
4,7815,0,0.18447074
4,7816,0,0.038669527
4,7817,0,0.14940037
4,7818,0,0.01642361
4,7819,0,0.08702204
4,7820,0,0.052168384
4,7821,0,0.23360786
4,7822,0,0.10051172
4,7823,0,0.10732187
4,7824,0,0.03834268
4,7825,0,0.081386894
4,7826,0,0.011533987
4,7827,0,0.042904846
4,7828,0,0.3498045
4,7829,0,0.026746757
4,7830,0,0.04730218
4,7831,0,0.17683868
4,7832,0,0.32441717
4,7833,0,0.024044007
4,7834,0,0.16674666
4,7835,0,0.05192249
4,7836,0,0.21046053
4,7837,0,0.01921737
4,7838,0,0.009128178
4,7839,0,0.034310475
4,7840,0,0.10346576
4,7841,0,0.015997246
4,7842,0,0.007872386
4,7843,0,0.0470762
4,7844,0,0.027165413
4,7845,0,0.074451186
4,7846,0,0.049366206
4,7847,0,0.02464678
4,7848,0,0.06398365
4,7849,0,0.04406384
4,7850,0,0.07818367
4,7851,0,0.04465457
4,7853,0,0.04272563
4,7854,0,0.024548858
4,7855,0,0.14277147
4,7856,0,0.09835841
4,7857,0,0.045544658
4,7858,0,0.097798586
4,7859,0,0.013520944
4,7860,0,0.057282332
4,7862,0,0.028328255
4,7863,0,0.045495484
4,7864,0,0.124033324
4,7865,0,0.33995214
4,7866,0,0.1695075
4,7867,0,0.49512827
4,7868,0,0.0068024076
4,7869,0,0.09372878
4,7870,0,0.018565018
4,7871,0,0.11484459
4,7872,0,0.025638686
4,7873,0,0.011255695
4,7874,0,0.02230162
4,7875,0,0.017865406
4,7876,0,0.09884401
4,7877,0,0.034921955
4,7878,0,0.11296111
4,7879,0,0.021430936
4,7880,0,0.02304087
4,7881,0,0.08407071
4,7882,0,0.06957205
4,7883,0,0.0833306
4,7884,0,0.23424987
4,7885,0,0.06352908
4,7886,0,0.028464641
4,7887,0,0.048928536
4,7888,0,0.026987081
4,7889,0,0.051995218
4,7890,0,0.30576503
4,7892,0,0.09997073
4,7893,0,0.06422283
4,7894,0,0.010568055
4,7895,0,0.01722782
4,7896,0,0.0060985303
4,7897,0,0.07234824
4,7898,0,0.038111392
4,7899,0,0.22508277
4,7901,0,0.06192886
4,7902,0,0.051621277
4,7904,0,0.094389156
4,7905,0,0.06584194
4,7906,0,0.09919855
4,7907,0,0.03451313
4,7908,0,0.09616325
4,7909,0,0.11020371
4,7910,0,0.06614048
4,7911,0,0.10959051
4,7912,0,0.02622791
4,7913,0,0.14001466
4,7914,0,0.022844473
4,7915,0,0.1629182
4,7916,0,0.017652813
4,7917,0,0.10352141
4,7918,0,0.17906517
4,7919,0,0.046359997
4,7920,0,0.023978388
4,7921,0,0.14644367
4,7922,0,0.036500927
4,7923,0,0.047479756
4,7924,0,0.07794016
4,7925,0,0.23894714
4,7926,0,0.09934475
4,7927,0,0.42324683
4,7928,0,0.06199094
4,7929,0,0.04031135
4,7930,0,0.02161387
4,7931,0,0.034151956
4,7932,0,0.07574784
4,7933,0,0.3145666
4,7934,0,0.0245806
4,7935,0,0.037044518
4,7936,0,0.13739471
4,7937,0,0.16155961
4,7938,0,0.06610566
4,7939,0,0.04677936
4,7940,0,0.08477485
4,7941,0,0.076337315
4,7942,0,0.10175573
4,7943,0,0.022175169
4,7944,0,0.16922675
4,7945,0,0.58444506
4,7946,0,0.041600257
4,7947,0,0.13251759
4,7948,0,0.032138433
4,7949,0,0.11843344
4,7950,0,0.19972152
4,7951,0,0.15248317
4,7952,0,0.015960634
4,7953,0,0.025777552
4,7954,0,0.008449669
4,7955,0,0.1759014
4,7956,0,0.03190359
4,7957,0,0.1399345
4,7958,0,0.030932562
4,7959,0,0.13370317
4,7960,0,0.033228386
4,7961,0,0.05120252
4,7962,0,0.17998324
4,7964,0,0.033588786
4,7965,0,0.046607405
4,7966,0,0.26358506
4,7967,0,0.048339207
4,7968,0,0.07130037
4,7969,0,0.049729332
4,7970,0,0.074591875
4,7971,0,0.04386778
4,7972,0,0.16898456
4,7973,0,0.33438718
4,7974,0,0.07089807
4,7975,0,0.006778673
4,7976,0,0.08339924
4,7977,0,0.024133202
4,7978,0,0.011233969
4,7979,0,0.07192982
4,7980,0,0.029178513
4,7981,0,0.090233795
4,7982,0,0.12627867
4,7983,0,0.021484597
4,7984,0,0.015749915
4,7985,0,0.022985784
4,7986,0,0.018624399
4,7987,0,0.032903146
4,7988,0,0.2942984
4,7989,0,0.051532544
4,7990,0,0.04316394
4,7991,0,0.06509849
4,7992,0,0.09225996
4,7993,0,0.037572365
4,7994,0,0.088790484
4,7995,0,0.062380426
4,7996,0,0.19971366
4,7997,0,0.051322926
4,7998,0,0.0037640347
4,7999,0,0.0068256096
4,8000,0,0.2996538
4,8001,0,0.042936776
4,8002,0,0.0077465447
4,8003,0,0.048824437
4,8004,0,0.107120596
4,8005,0,0.0060993712
4,8006,0,0.04047404
4,8007,0,0.037274532
4,8008,0,0.020477934
4,8009,0,0.29327658
4,8010,0,0.031452905
4,8011,0,0.019821081
4,8012,0,0.04912662
4,8013,0,0.038202655
4,8014,0,0.058107752
4,8015,0,0.05939558
4,8016,0,0.17640719
4,8017,0,0.015769545
4,8018,0,0.06251625
4,8019,0,0.2758225
4,8020,0,0.05298798
4,8021,0,0.023612048
4,8022,0,0.03867902
4,8023,0,0.03553125
4,8024,0,0.09686628
4,8025,0,0.038694162
4,8026,0,0.097102754
4,8027,0,0.02451401
4,8028,0,0.069755554
4,8029,0,0.07528257
4,8030,0,0.01794203
4,8031,0,0.2323898
4,8032,0,0.04168413
4,8033,0,0.010860505
4,8034,0,0.014681765
4,8035,0,0.030839114
4,8036,0,0.19278821
4,8037,0,0.005662888
4,8038,0,0.13714808
4,8039,0,0.020576486
4,8040,0,0.11900069
4,8041,0,0.016275644
4,8042,0,0.031198248
4,8043,0,0.07311299
4,8044,0,0.05950856
4,8045,0,0.19060043
4,8046,0,0.02866342
4,8047,0,0.22211266
4,8048,0,0.080971554
4,8049,0,0.020630164
4,8050,0,0.25610864
4,8051,0,0.03133225
4,8052,0,0.053588685
4,8053,0,0.01957997
4,8054,0,0.07602576
4,8055,0,0.05956995
4,8056,0,0.12842129
4,8057,0,0.014358231
4,8058,0,0.025410075
4,8059,0,0.019905059
4,8060,0,0.035873827
4,8061,0,0.112346105
4,8062,0,0.1011265
4,8063,0,0.008886941
4,8064,0,0.020016724
4,8065,0,0.038166214
4,8066,0,0.044862878
4,8067,0,0.14037672
4,8068,0,0.08952907
4,8069,0,0.10634103
4,8070,0,0.036025748
4,8071,0,0.017945835
4,8072,0,0.044391748
4,8073,0,0.03683664
4,8074,0,0.07425762
4,8075,0,0.03685879
4,8076,0,0.10613913
4,8077,0,0.12783922
4,8078,0,0.4151045
4,8079,0,0.10215635
4,8080,0,0.12614384
4,8081,0,0.2919319
4,8082,0,0.008252508
4,8083,0,0.06742687
4,8084,0,0.24855907
4,8085,0,0.03774299
4,8086,0,0.0061740195
4,8087,0,0.030357536
4,8088,0,0.2305614
4,8089,0,0.04912014
4,8090,0,0.0891835
4,8091,0,0.07065125
4,8092,0,0.07306335
4,8093,0,0.04307217
4,8094,0,0.024116699
4,8095,0,0.004609205
4,8096,0,0.13316675
4,8097,0,0.03147812
4,8098,0,0.027918156
4,8099,0,0.15844683
4,8100,0,0.16200796
4,8101,0,0.037078436
4,8102,0,0.13746676
4,8103,0,0.07884962
4,8104,0,0.26175112
4,8105,0,0.041272912
4,8106,0,0.5680803
4,8107,0,0.05657246
4,8108,0,0.043025687
4,8109,0,0.08808336
4,8110,0,0.05431286
4,8111,0,0.027470347
4,8112,0,0.042220306
4,8113,0,0.07619344
4,8114,0,0.07444439
4,8115,0,0.024167677
4,8116,0,0.044126913
4,8117,0,0.14241746
4,8118,0,0.094204366
4,8119,0,0.034506585
4,8120,0,0.10910594
4,8121,0,0.17427829
4,8122,0,0.2092598
4,8123,0,0.03480317
4,8124,0,0.11214837
4,8125,0,0.009573686
4,8126,0,0.057454627
4,8127,0,0.1506469
4,8128,0,0.084445246
4,8129,0,0.044832524
4,8130,0,0.17996019
4,8131,0,0.009910941
4,8132,0,0.038215946
4,8133,0,0.023332095
4,8134,0,0.046841893
4,8135,0,0.018798303
4,8136,0,0.035761278
4,8137,0,0.13563964
4,8138,0,0.10349232
4,8139,0,0.090195246
4,8140,0,0.06507077
4,8142,0,0.022559382
4,8143,0,0.09673412
4,8144,0,0.41783416
4,8145,0,0.091456145
4,8147,0,0.05781299
4,8148,0,0.09072837
4,8149,0,0.054877654
4,8150,0,0.24394986
4,8151,0,0.0432296
4,8152,0,0.12682116
4,8153,0,0.06433162
4,8154,0,0.16526787
4,8155,0,0.05968647
4,8156,0,0.19739836
4,8157,0,0.06535003
4,8158,0,0.17282152
4,8159,0,0.12914605
4,8160,0,0.013292562
4,8161,0,0.017584099
4,8162,0,0.0870256
4,8163,0,0.028934373
4,8164,0,0.1669325
4,8165,0,0.044765517
4,8166,0,0.099661514
4,8167,0,0.058789086
4,8168,0,0.110022776
4,8169,0,0.012434169
4,8170,0,0.12268027
4,8171,0,0.028936302
4,8172,0,0.08380338
4,8173,0,0.05207098
4,8174,0,0.073822685
4,8175,0,0.06186251
4,8176,0,0.04583829
4,8177,0,0.5484892
4,8178,0,0.17925371
4,8179,0,0.063166216
4,8180,0,0.014254947
4,8181,0,0.027301513
4,8182,0,0.022760736
4,8183,0,0.02351485
4,8184,0,0.041245215
4,8185,0,0.057252932
4,8186,0,0.0128146615
4,8187,0,0.14066233
4,8188,0,0.11003805
4,8189,0,0.028675884
4,8190,0,0.037619874
4,8191,0,0.017124671
4,8192,0,0.020399146
4,8193,0,0.14079769
4,8194,0,0.007987443
4,8195,0,0.05444805
4,8196,0,0.2993964
4,8197,0,0.076649
4,8198,0,0.16523106
4,8199,0,0.17552432
4,8200,0,0.089114174
4,8201,0,0.032377303
4,8202,0,0.10035508
4,8203,0,0.09762418
4,8204,0,0.24488391
4,8205,0,0.014844571
4,8206,0,0.047868375
4,8207,0,0.064321086
4,8208,0,0.25583577
4,8209,0,0.02257272
4,8210,0,0.025577376
4,8211,0,0.011097009
4,8212,0,0.024032596
4,8213,0,0.011511377
4,8214,0,0.14388382
4,8215,0,0.25963587
4,8216,0,0.02852504
4,8217,0,0.058373988
4,8218,0,0.14194562
4,8219,0,0.05732244
4,8220,0,0.058008645
4,8221,0,0.31733438
4,8222,0,0.026612567
4,8223,0,0.36116403
4,8224,0,0.03660289
4,8225,0,0.07987972
4,8226,0,0.08719739
4,8227,0,0.055356268
4,8228,0,0.03627606
4,8229,0,0.3950683
4,8230,0,0.04067269
4,8231,0,0.28137708
4,8232,0,0.22391796
4,8233,0,0.19592677
4,8234,0,0.028326947
4,8235,0,0.27478316
4,8236,0,0.028494848
4,8237,0,0.07772295
4,8238,0,0.018810535
4,8239,0,0.007310999
4,8240,0,0.015574967
4,8241,0,0.08725255
4,8242,0,0.09051537
4,8243,0,0.019498494
4,8244,0,0.017153783
4,8245,0,0.014139294
4,8246,0,0.36833528
4,8247,0,0.042504277
4,8248,0,0.021862395
4,8249,0,0.21139175
4,8250,0,0.19299583
4,8251,0,0.063069
4,8252,0,0.09010828
4,8254,0,0.033085063
4,8255,0,0.14809783
4,8256,0,0.022884807
4,8257,0,0.05566361
4,8258,0,0.029866114
4,8259,0,0.15894704
4,8260,0,0.12152463
4,8261,0,0.07750605
4,8262,0,0.17234117
4,8263,0,0.007940375
4,8264,0,0.024722455
4,8265,0,0.15211827
4,8266,0,0.039764952
4,8267,0,0.046890635
4,8268,0,0.040946864
4,8269,0,0.17960335
4,8270,0,0.13521574
4,8271,0,0.0027770954
4,8272,0,0.41874868
4,8273,0,0.12112327
4,8274,0,0.12996462
4,8275,0,0.028709458
4,8276,0,0.75009936
4,8277,0,0.017039917
4,8278,0,0.12315738
4,8279,0,0.21175765
4,8280,0,0.25201362
4,8281,0,0.15626156
4,8282,0,0.18722089
4,8283,0,0.09351308
4,8284,0,0.052234482
4,8285,0,0.809762
4,8286,0,0.36023247
4,8287,0,0.008551006
4,8288,0,0.23763266
4,8289,0,0.08214365
4,8290,0,0.016687904
4,8291,0,0.02090274
4,8292,0,0.02696972
4,8294,0,0.36428273
4,8295,0,0.015608603
4,8296,0,0.06741368
4,8297,0,0.08856963
4,8298,0,0.09205563
4,8299,0,0.0783198
4,8300,0,0.028017946
4,8301,0,0.010827101
4,8302,0,0.02100712
4,8303,0,0.18202704
4,8304,0,0.01995657
4,8305,0,0.021844232
4,8306,0,0.19664519
4,8307,0,0.098907016
4,8308,0,0.1170487
4,8309,0,0.060464133
4,8310,0,0.032600533
4,8311,0,0.27194867
4,8312,0,0.112779684
4,8313,0,0.13259509
4,8314,0,0.040382802
4,8315,0,0.09036849
4,8316,0,0.05413015
4,8317,0,0.02860097
4,8318,0,0.05850635
4,8319,0,0.051234428
4,8320,0,0.10536312
4,8321,0,0.076599866
4,8322,0,0.09902305
4,8323,0,0.1377864
4,8324,0,0.13014151
4,8325,0,0.022931347
4,8326,0,0.033574402
4,8327,0,0.08087777
4,8328,0,0.033533826
4,8329,0,0.014269548
4,8330,0,0.15480588
4,8331,0,0.1340507
4,8332,0,0.010582424
4,8333,0,0.23246841
4,8334,0,0.13670938
4,8336,0,0.0045802384
4,8337,0,0.0211089
4,8338,0,0.010230431
4,8339,0,0.022576619
4,8340,0,0.046211045
4,8341,0,0.026371129
4,8342,0,0.11354952
4,8343,0,0.02161381
4,8344,0,0.07619492
4,8346,0,0.032236543
4,8347,0,0.078442775
4,8348,0,0.0026157992
4,8349,0,0.106748015
4,8350,0,0.024845367
4,8351,0,0.038250104
4,8352,0,0.024226315
4,8353,0,0.012602649
4,8354,0,0.013478975
4,8355,0,0.023354728
4,8356,0,0.054375887
4,8357,0,0.06795261
4,8358,0,0.08308637
4,8359,0,0.020162871
4,8360,0,0.0062711234
4,8361,0,0.05918776
4,8362,0,0.13079584
4,8363,0,0.02288499
4,8364,0,0.14543629
4,8365,0,0.072326735
4,8366,0,0.14708054
4,8367,0,0.011381436
4,8368,0,0.06818276
4,8369,0,0.0630584
4,8370,0,0.28843656
4,8371,0,0.06509028
4,8372,0,0.03985674
4,8373,0,0.22615124
4,8374,0,0.06008533
4,8375,0,0.071266055
4,8376,0,0.06026377
4,8377,0,0.012753675
4,8378,0,0.28545785
4,8379,0,0.069923915
4,8380,0,0.092110984
4,8381,0,0.18692006
4,8382,0,0.17826118
4,8383,0,0.11866496
4,8384,0,0.047947112
4,8385,0,0.03600455
4,8386,0,0.0694681
4,8387,0,0.020791117
4,8388,0,0.39818954
4,8389,0,0.05749524
4,8390,0,0.025437152
4,8391,0,0.09620277
4,8393,0,0.02705957
4,8394,0,0.116298206
4,8395,0,0.015536303
4,8396,0,0.14016438
4,8397,0,0.061082404
4,8398,0,0.12814973
4,8399,0,0.044598795
4,8400,0,0.106070526
4,8401,0,0.056349855
4,8402,0,0.39555335
4,8403,0,0.090271816
4,8404,0,0.03795257
4,8405,0,0.09353013
4,8406,0,0.16884701
4,8407,0,0.23847245
4,8408,0,0.12582628
4,8409,0,0.090342104
4,8410,0,0.21000329
4,8411,0,0.032186523
4,8412,0,0.027093844
4,8413,0,0.1502716
4,8414,0,0.105662316
4,8415,0,0.016250027
4,8416,0,0.011650633
4,8417,0,0.13157913
4,8418,0,0.012863021
4,8419,0,0.14885055
4,8420,0,0.14799236
4,8421,0,0.3620009
4,8422,0,0.07727832
4,8423,0,0.05027627
4,8424,0,0.024822798
4,8425,0,0.16904803
4,8426,0,0.022327272
4,8427,0,0.13560703
4,8428,0,0.031066142
4,8429,0,0.02724881
4,8430,0,0.0734246
4,8431,0,0.02116215
4,8432,0,0.048352502
4,8433,0,0.073461756
4,8434,0,0.11839971
4,8435,0,0.12680037
4,8436,0,0.031577356
4,8437,0,0.0851958
4,8438,0,0.018909957
4,8439,0,0.1569984
4,8440,0,0.18131654
4,8441,0,0.10877893
4,8442,0,0.043449074
4,8443,0,0.09335001
4,8444,0,0.11151007
4,8445,0,0.0612239
4,8446,0,0.16377068
4,8447,0,0.046152506
4,8448,0,0.039229445
4,8449,0,0.36037925
4,8450,0,0.03292144
4,8451,0,0.020252846
4,8452,0,0.36613372
4,8453,0,0.03443521
4,8454,0,0.02447724
4,8455,0,0.122154534
4,8456,0,0.18507707
4,8457,0,0.28990445
4,8458,0,0.26350507
4,8459,0,0.013065232
4,8460,0,0.072679795
4,8461,0,0.32045716
4,8462,0,0.24879219
4,8463,0,0.095838234
4,8464,0,0.08883116
4,8465,0,0.09894527
4,8466,0,0.05093024
4,8467,0,0.07833405
4,8468,0,0.07977548
4,8469,0,0.14102805
4,8470,0,0.0984671
4,8471,0,0.04728278
4,8472,0,0.016598625
4,8473,0,0.11512161
4,8474,0,0.049529143
4,8475,0,0.009237113
4,8476,0,0.11377235
4,8477,0,0.040089723
4,8478,0,0.115193725
4,8479,0,0.05874673
4,8480,0,0.11392814
4,8481,0,0.048832092
4,8482,0,0.07459661
4,8483,0,0.21842043
4,8484,0,0.010002784
4,8485,0,0.053372268
4,8486,0,0.02927924
4,8487,0,0.31362864
4,8488,0,0.31542012
4,8489,0,0.015695516
4,8490,0,0.030421201
4,8491,0,0.038212195
4,8492,0,0.1633414
4,8493,0,0.01135165
4,8494,0,0.036757834
4,8495,0,0.07107314
4,8496,0,0.04688907
4,8499,0,0.10000483
4,8500,0,0.08853646
4,8501,0,0.039745655
4,8502,0,0.03187941
4,8503,0,0.14429362
4,8504,0,0.024468366
4,8505,0,0.028790353
4,8506,0,0.025600536
4,8507,0,0.032134976
4,8508,0,0.10138656
4,8509,0,0.018366504
4,8510,0,0.1359677
4,8511,0,0.1917161
4,8512,0,0.126216
4,8513,0,0.06623961
4,8514,0,0.122822896
4,8515,0,0.04291129
4,8516,0,0.017428998
4,8517,0,0.034081664
4,8518,0,0.85472256
4,8519,0,0.0059195813
4,8520,0,0.21487534
4,8521,0,0.037461918
4,8522,0,0.06606913
4,8523,0,0.12418604
4,8524,0,0.019887809
4,8525,0,0.10378329
4,8526,0,0.13777657
4,8527,0,0.12719677
4,8528,0,0.14103316
4,8529,0,0.08000546
4,8530,0,0.039814882
4,8531,0,0.052528888
4,8532,0,0.1415754
4,8533,0,0.15638858
4,8534,0,0.07306272
4,8535,0,0.017201206
4,8536,0,0.16584215
4,8537,0,0.027938401
4,8538,0,0.08205378
4,8539,0,0.05760869
4,8540,0,0.04222423
4,8541,0,0.44266438
4,8542,0,0.017755408
4,8543,0,0.0045103366
4,8544,0,0.02014946
4,8545,0,0.04078443
4,8546,0,0.14221549
4,8547,0,0.0076237675
4,8548,0,0.7175533
4,8549,0,0.06367316
4,8550,0,0.042561166
4,8551,0,0.018458188
4,8552,0,0.022714423
4,8553,0,0.05854319
4,8554,0,0.00901523
4,8555,0,0.035074502
4,8556,0,0.107396126
4,8557,0,0.046489302
4,8558,0,0.086575314
4,8559,0,0.36782873
4,8560,0,0.012040057
4,8561,0,0.0073212082
4,8562,0,0.06624866
4,8563,0,0.02808609
4,8564,0,0.06089162
4,8565,0,0.024914641
4,8566,0,0.16109464
4,8567,0,0.08942732
4,8568,0,0.021652685
4,8569,0,0.10349075
4,8570,0,0.19036329
4,8571,0,0.005232794
4,8572,0,0.028276833
4,8573,0,0.2697548
4,8574,0,0.091256134
4,8575,0,0.029312978
4,8576,0,0.07759693
4,8577,0,0.07234899
4,8578,0,0.2713033
4,8579,0,0.06341393
4,8581,0,0.105579294
4,8582,0,0.20796895
4,8583,0,0.05538707
4,8584,0,0.6443971
4,8585,0,0.017061152
4,8586,0,0.09226507
4,8587,0,0.12689234
4,8588,0,0.028343942
4,8589,0,0.32860562
4,8590,0,0.047507714
4,8591,0,0.0872304
4,8592,0,0.012711824
4,8593,0,0.043784596
4,8594,0,0.3370038
4,8595,0,0.07315428
4,8596,0,0.11367321
4,8597,0,0.042433742
4,8598,0,0.15713641
4,8599,0,0.024248147
4,8600,0,0.04641557
4,8601,0,0.07367496
4,8602,0,0.047117464
4,8603,0,0.13598089
4,8604,0,0.059366804
4,8605,0,0.022321643
4,8606,0,0.02858456
4,8607,0,0.08945443
4,8608,0,0.04254699
4,8609,0,0.044161398
4,8610,0,0.08930261
4,8611,0,0.03013405
4,8613,0,0.23379819
4,8615,0,0.13713528
4,8616,0,0.19461517
4,8617,0,0.114699155
4,8618,0,0.05066981
4,8619,0,0.18385325
4,8620,0,0.081569076
4,8621,0,0.038350027
4,8622,0,0.10567982
4,8623,0,0.03305233
4,8624,0,0.039842844
4,8625,0,0.07288213
4,8626,0,0.108762875
4,8627,0,0.05764093
4,8628,0,0.04866101
4,8629,0,0.13790569
4,8630,0,0.061280385
4,8631,0,0.065274544
4,8632,0,0.040591348
4,8633,0,0.0063485703
4,8634,0,0.013430612
4,8635,0,0.15648453
4,8636,0,0.01574718
4,8637,0,0.040999778
4,8638,0,0.020497063
4,8639,0,0.039186776
4,8640,0,0.12868112
4,8641,0,0.05809307
4,8642,0,0.004354389
4,8643,0,0.20007057
4,8644,0,0.08381196
4,8645,0,0.09479213
4,8646,0,0.12935857
4,8647,0,0.019149357
4,8648,0,0.06598462
4,8649,0,0.03698426
4,8650,0,0.018212983
4,8651,0,0.20058586
4,8652,0,0.07523473
4,8653,0,0.022970777
4,8654,0,0.021140313
4,8655,0,0.11274794
4,8656,0,0.026430096
4,8657,0,0.029269498
4,8658,0,0.06720461
4,8659,0,0.14164662
4,8660,0,0.14593485
4,8661,0,0.02955128
4,8662,0,0.07416876
4,8663,0,0.006903492
4,8664,0,0.05215014
4,8665,0,0.027966522
4,8666,0,0.031798024
4,8667,0,0.27919286
4,8668,0,0.0073269736
4,8669,0,0.012742117
4,8670,0,0.10750956
4,8671,0,0.03852159
4,8672,0,0.06932484
4,8673,0,0.021504598
4,8674,0,0.2736283
4,8675,0,0.024123041
4,8676,0,0.01640418
4,8677,0,0.20397787
4,8678,0,0.022592066
4,8679,0,0.09805853
4,8680,0,0.02877561
4,8681,0,0.07167407
4,8682,0,0.007230224
4,8684,0,0.0262678
4,8685,0,0.10614574
4,8686,0,0.019584967
4,8687,0,0.010251504
4,8688,0,0.06542664
4,8689,0,0.019610217
4,8690,0,0.06586899
4,8691,0,0.3009579
4,8692,0,0.06691884
4,8693,0,0.28628644
4,8694,0,0.02341701
4,8695,0,0.048962053
4,8696,0,0.05296711
4,8697,0,0.0522103
4,8698,0,0.08483316
4,8699,0,0.14302967
4,8700,0,0.19442277
4,8701,0,0.121263176
4,8702,0,0.015072174
4,8703,0,0.06533905
4,8704,0,0.05442892
4,8706,0,0.021163257
4,8707,0,0.052962627
4,8708,0,0.02917316
4,8709,0,0.10405787
4,8710,0,0.018575456
4,8711,0,0.056596845
4,8712,0,0.056767464
4,8713,0,0.042042516
4,8714,0,0.091589145
4,8715,0,0.42865533
4,8716,0,0.6288966
4,8717,0,0.086945936
4,8718,0,0.18010916
4,8719,0,0.033440523
4,8720,0,0.12711935
4,8721,0,0.049795542
4,8722,0,0.11710324
4,8723,0,0.052288104
4,8724,0,0.12629212
4,8725,0,0.389331
4,8726,0,0.0185726
4,8727,0,0.17009476
4,8728,0,0.02887817
4,8729,0,0.27102646
4,8730,0,0.049055193
4,8731,0,0.13332227
4,8732,0,0.032893308
4,8733,0,0.14635482
4,8734,0,0.08388482
4,8735,0,0.53066516
4,8736,0,0.042434856
4,8737,0,0.018864859
4,8738,0,0.39112863
4,8739,0,0.044514045
4,8740,0,0.010931155
4,8741,0,0.112522766
4,8742,0,0.045772087
4,8743,0,0.039427765
4,8744,0,0.21599348
4,8745,0,0.10565848
4,8746,0,0.15623832
4,8747,0,0.16564602
4,8748,0,0.24035321
4,8749,0,0.28954116
4,8750,0,0.012851486
4,8751,0,0.17101255
4,8752,0,0.032977432
4,8753,0,0.034182645
4,8754,0,0.028011767
4,8755,0,0.031591855
4,8756,0,0.24533138
4,8757,0,0.2458667
4,8758,0,0.0731494
4,8759,0,0.02875128
4,8760,0,0.085457504
4,8761,0,0.05788505
4,8762,0,0.02670249
4,8763,0,0.04730748
4,8764,0,0.092248276
4,8765,0,0.15000872
4,8766,0,0.118724436
4,8767,0,0.015905945
4,8768,0,0.022003986
4,8769,0,0.08092442
4,8770,0,0.05710184
4,8771,0,0.19266263
4,8772,0,0.022053964
4,8773,0,0.052669223
4,8774,0,0.013537287
4,8775,0,0.29504007
4,8776,0,0.056822434
4,8777,0,0.07990873
4,8778,0,0.027359203
4,8779,0,0.4111039
4,8780,0,0.04201814
4,8781,0,0.01113479
4,8782,0,0.092558295
4,8783,0,0.15520784
4,8784,0,0.011623694
4,8785,0,0.049998213
4,8786,0,0.11302315
4,8787,0,0.028713474
4,8788,0,0.02636753
4,8789,0,0.08591464
4,8790,0,0.066814095
4,8791,0,0.047595132
4,8792,0,0.023811031
4,8793,0,0.15440214
4,8794,0,0.054057732
4,8795,0,0.014569545
4,8796,0,0.07617126
4,8797,0,0.043425303
4,8798,0,0.13973849
4,8799,0,0.008742925
4,8800,0,0.05468508
4,8801,0,0.13488953
4,8802,0,0.53116125
4,8803,0,0.04334351
4,8804,0,0.034494124
4,8805,0,0.16615327
4,8806,0,0.07558843
4,8807,0,0.025849396
4,8808,0,0.047739558
4,8809,0,0.016057247
4,8810,0,0.06325542
4,8811,0,0.03179472
4,8812,0,0.041120596
4,8813,0,0.70931864
4,8814,0,0.1176844
4,8815,0,0.011290703
4,8816,0,0.041316655
4,8817,0,0.093985595
4,8818,0,0.09309725
4,8819,0,0.024443684
4,8820,0,0.079509586
4,8821,0,0.021591336
4,8822,0,0.024302885
4,8823,0,0.10789327
4,8825,0,0.021657743
4,8826,0,0.3380058
4,8827,0,0.0126984855
4,8828,0,0.069197096
4,8829,0,0.13927871
4,8830,0,0.083311334
4,8831,0,0.061572243
4,8832,0,0.19952743
4,8833,0,0.016055582
4,8834,0,0.06197648
4,8835,0,0.026295511
4,8836,0,0.12313644
4,8837,0,0.0010875568
4,8838,0,0.02230369
4,8839,0,0.16286717
4,8840,0,0.08495461
4,8841,0,0.12063577
4,8842,0,0.13590439
4,8843,0,0.16553918
4,8844,0,0.048969757
4,8845,0,0.053229008
4,8846,0,0.05088513
4,8847,0,0.028924411
4,8848,0,0.013551602
4,8849,0,0.0125202425
4,8851,0,0.25322473
4,8852,0,0.017522506
4,8853,0,0.07024124
4,8854,0,0.16130769
4,8855,0,0.010599453
4,8856,0,0.09871717
4,8857,0,0.036541555
4,8858,0,0.14184827
4,8859,0,0.006617242
4,8860,0,0.06322863
4,8861,0,0.07758465
4,8862,0,0.22273691
4,8863,0,0.02471613
4,8864,0,0.06853226
4,8865,0,0.0030059945
4,8866,0,0.091222495
4,8867,0,0.041028697
4,8868,0,0.07950795
4,8869,0,0.061793856
4,8870,0,0.02086697
4,8871,0,0.038613558
4,8872,0,0.010671785
4,8873,0,0.029685512
4,8874,0,0.17877916
4,8875,0,0.013813957
4,8876,0,0.1381129
4,8877,0,0.032932747
4,8878,0,0.016422462
4,8879,0,0.044763416
4,8880,0,0.06699997
4,8881,0,0.060104672
4,8882,0,0.119633496
4,8883,0,0.16428933
4,8884,0,0.12538838
4,8885,0,0.24417779
4,8886,0,0.16614813
4,8887,0,0.046312314
4,8888,0,0.10895803
4,8889,0,0.018409949
4,8890,0,0.11264957
4,8891,0,0.115316935
4,8892,0,0.0677071
4,8893,0,0.020489516
4,8894,0,0.008454808
4,8895,0,0.1991387
4,8896,0,0.0072724796
4,8897,0,0.040866476
4,8898,0,0.052385293
4,8899,0,0.058794446
4,8900,0,0.1113318
4,8901,0,0.076165065
4,8902,0,0.062246617
4,8903,0,0.0648116
4,8904,0,0.17607732
4,8905,0,0.113143556
4,8906,0,0.004359823
4,8907,0,0.10254726
4,8908,0,0.3199336
4,8909,0,0.012029943
4,8910,0,0.033896856
4,8911,0,0.20612188
4,8912,0,0.038904734
4,8913,0,0.7243663
4,8914,0,0.13311929
4,8915,0,0.022382062
4,8916,0,0.14292574
4,8917,0,0.05899576
4,8918,0,0.30277294
4,8919,0,0.07494723
4,8920,0,0.058806743
4,8921,0,0.06186854
4,8922,0,0.019608961
4,8923,0,0.15643887
4,8924,0,0.02976812
4,8925,0,0.023158897
4,8926,0,0.08314107
4,8927,0,0.12261121
4,8928,0,0.09817267
4,8929,0,0.095589556
4,8930,0,0.049538616
4,8931,0,0.14200568
4,8932,0,0.013579314
4,8933,0,0.18567543
4,8934,0,0.1663794
4,8935,0,0.069565676
4,8936,0,0.050309505
4,8937,0,0.0032458215
4,8938,0,0.27354395
4,8939,0,0.0586364
4,8940,0,0.43636385
4,8941,0,0.026156882
4,8942,0,0.16870764
4,8943,0,0.13853566
4,8944,0,0.09234623
4,8945,0,0.041590724
4,8946,0,0.13402405
4,8947,0,0.0334888
4,8948,0,0.010195645
4,8949,0,0.042148843
4,8950,0,0.07032152
4,8951,0,0.202079
4,8952,0,0.3033206
4,8953,0,0.30575413
4,8954,0,0.05842808
4,8955,0,0.03638387
4,8956,0,0.04527439
4,8958,0,0.110760316
4,8959,0,0.22891518
4,8960,0,0.012791254
4,8961,0,0.024245655
4,8962,0,0.25643155
4,8963,0,0.016113069
4,8964,0,0.02302839
4,8965,0,0.05387274
4,8966,0,0.03725264
4,8967,0,0.22032847
4,8968,0,0.052661184
4,8969,0,0.06994745
4,8970,0,0.032552376
4,8971,0,0.09894916
4,8972,0,0.007383683
4,8973,0,0.4261165
4,8974,0,0.06721079
4,8975,0,0.16533706
4,8976,0,0.18550766
4,8977,0,0.11861089
4,8978,0,0.016980773
4,8979,0,0.0435309
4,8980,0,0.10225163
4,8981,0,0.07809961
4,8982,0,0.18662454
4,8983,0,0.047503203
4,8984,0,0.14703414
4,8985,0,0.06917889
4,8986,0,0.101478875
4,8987,0,0.076796934
4,8988,0,0.022254715
4,8989,0,0.04649678
4,8990,0,0.07138631
4,8991,0,0.17364015
4,8992,0,0.647571
4,8993,0,0.16223207
4,8994,0,0.03757935
4,8995,0,0.3145482
4,8996,0,0.5380432
4,8997,0,0.089115106
4,8998,0,0.0212253
4,8999,0,0.18105532
4,9000,0,0.050447043
4,9001,0,0.045613024
4,9002,0,0.03239114
4,9003,0,0.114367485
4,9004,0,0.08950491
4,9005,0,0.05644834
4,9006,0,0.11168522
4,9008,0,0.029259024
4,9009,0,0.036001008
4,9010,0,0.029585812
4,9011,0,0.31087622
4,9012,0,0.04866837
4,9013,0,0.21760571
4,9014,0,0.07369806
4,9015,0,0.058213808
4,9016,0,0.012294543
4,9017,0,0.088038824
4,9018,0,0.31007224
4,9019,0,0.14000587
4,9020,0,0.11862761
4,9021,0,0.03411427
4,9022,0,0.009585842
4,9023,0,0.034551907
4,9024,0,0.48631856
4,9025,0,0.04812364
4,9026,0,0.06864776
4,9027,0,0.104046516
4,9028,0,0.12035803
4,9029,0,0.18019979
4,9030,0,0.10591817
4,9031,0,0.03102218
4,9032,0,0.009502219
4,9033,0,0.009643192
4,9034,0,0.048536636
4,9035,0,0.01746417
4,9036,0,0.120605275
4,9037,0,0.28711197
4,9038,0,0.088649526
4,9039,0,0.021597587
4,9040,0,0.071543545
4,9041,0,0.091730215
4,9042,0,0.13618043
4,9043,0,0.30693328
4,9044,0,0.09913849
4,9045,0,0.056075126
4,9046,0,0.049618293
4,9047,0,0.051545084
4,9048,0,0.056234486
4,9049,0,0.06818891
4,9050,0,0.022195531
4,9051,0,0.027456459
4,9052,0,0.035181165
4,9053,0,0.07650959
4,9054,0,0.046161525
4,9055,0,0.12291041
4,9056,0,0.050511792
4,9057,0,0.052813713
4,9058,0,0.028835641
4,9059,0,0.09562251
4,9060,0,0.19966236
4,9061,0,0.13129765
4,9062,0,0.034419786
4,9063,0,0.025442341
4,9064,0,0.01653458
4,9065,0,0.16472167
4,9066,0,0.04160911
4,9067,0,0.07549551
4,9068,0,0.036846943
4,9069,0,0.050147682
4,9070,0,0.25983012
4,9071,0,0.04420824
4,9072,0,0.03670409
4,9073,0,0.046232373
4,9074,0,0.050536454
4,9075,0,0.28478825
4,9076,0,0.009629386
4,9077,0,0.05060667
4,9078,0,0.10915976
4,9079,0,0.03330408
4,9080,0,0.015696775
4,9081,0,0.09284421
4,9082,0,0.0306721
4,9083,0,0.004687663
4,9084,0,0.03996014
4,9085,0,0.14423348
4,9086,0,0.109633625
4,9087,0,0.10144238
4,9088,0,0.120227054
4,9089,0,0.044765066
4,9090,0,0.17997646
4,9091,0,0.03995007
4,9092,0,0.010392678
4,9093,0,0.19924743
4,9094,0,0.26166993
4,9095,0,0.59394574
4,9096,0,0.02998275
4,9097,0,0.14847282
4,9098,0,0.03873188
4,9099,0,0.091112874
4,9100,0,0.03126667
4,9101,0,0.091578156
4,9102,0,0.33992347
4,9103,0,0.07615351
4,9104,0,0.03752755
4,9105,0,0.14344904
4,9106,0,0.017270094
4,9107,0,0.04106003
4,9108,0,0.55373615
4,9109,0,0.07193234
4,9110,0,0.071238875
4,9111,0,0.016511846
4,9112,0,0.12727895
4,9113,0,0.04773379
4,9114,0,0.018614152
4,9115,0,0.021768881
4,9116,0,0.032689247
4,9117,0,0.09795791
4,9118,0,0.059684772
4,9119,0,0.26306462
4,9120,0,0.113158405
4,9121,0,0.04225007
4,9122,0,0.050649937
4,9123,0,0.106330514
4,9124,0,0.079711005
4,9125,0,0.16218762
4,9126,0,0.05847323
4,9127,0,0.016656078
4,9129,0,0.23966263
4,9130,0,0.53032696
4,9131,0,0.02103173
4,9132,0,0.13326032
4,9133,0,0.02048911
4,9134,0,0.024732498
4,9135,0,0.1287793
4,9136,0,0.03842897
4,9137,0,0.26915166
4,9138,0,0.078386985
4,9139,0,0.12310967
4,9140,0,0.2580366
4,9141,0,0.06083926
4,9142,0,0.14315274
4,9143,0,0.041035563
4,9144,0,0.057694297
4,9145,0,0.06203156
4,9146,0,0.0251014
4,9147,0,0.1025129
4,9148,0,0.012668468
4,9149,0,0.036716565
4,9150,0,0.08036156
4,9151,0,0.044376966
4,9152,0,0.18878411
4,9153,0,0.1669029
4,9154,0,0.020050267
4,9155,0,0.014706956
4,9156,0,0.03559175
4,9157,0,0.20520099
4,9158,0,0.09190681
4,9159,0,0.7483709
4,9160,0,0.15627722
4,9161,0,0.10943349
4,9162,0,0.020089522
4,9164,0,0.018182838
4,9165,0,0.3425298
4,9166,0,0.048511967
4,9167,0,0.012128777
4,9168,0,0.05750161
4,9169,0,0.11236647
4,9170,0,0.1432185
4,9171,0,0.030045912
4,9172,0,0.17617826
4,9173,0,0.025584666
4,9174,0,0.08304065
4,9175,0,0.025426138
4,9176,0,0.09900897
4,9177,0,0.03802447
4,9178,0,0.0059492528
4,9179,0,0.02430646
4,9180,0,0.057071727
4,9181,0,0.058553357
4,9182,0,0.03968156
4,9183,0,0.16510321
4,9184,0,0.085799225
4,9185,0,0.017736724
4,9186,0,0.16226162
4,9187,0,0.116175406
4,9188,0,0.3396197
4,9189,0,0.0798284
4,9190,0,0.057115473
4,9191,0,0.061697796
4,9192,0,0.064508714
4,9193,0,0.04352034
4,9194,0,0.012422024
4,9195,0,0.040854685
4,9196,0,0.061259963
4,9197,0,0.04732417
4,9199,0,0.16243936
4,9200,0,0.055773348
4,9201,0,0.010822175
4,9202,0,0.2513628
4,9203,0,0.058634166
4,9204,0,0.022219485
4,9205,0,0.07610974
4,9206,0,0.01250211
4,9207,0,0.0030363945
4,9208,0,0.08623995
4,9209,0,0.01009474
4,9210,0,0.069500044
4,9211,0,0.20316528
4,9212,0,0.017236952
4,9213,0,0.30924523
4,9214,0,0.087119296
4,9215,0,0.009960013
4,9216,0,0.038909417
4,9217,0,0.024702974
4,9218,0,0.16306312
4,9219,0,0.055795513
4,9220,0,0.12525393
4,9221,0,0.12862745
4,9222,0,0.013157064
4,9223,0,0.04022154
4,9224,0,0.029183857
4,9225,0,0.20444083
4,9226,0,0.009864326
4,9227,0,0.056383032
4,9228,0,0.12120853
4,9229,0,0.071345754
4,9230,0,0.4589203
4,9231,0,0.079216324
4,9232,0,0.24605161
4,9233,0,0.047422037
4,9234,0,0.034537308
4,9235,0,0.12630212
4,9236,0,0.017318498
4,9237,0,0.029348776
4,9238,0,0.08013974
4,9239,0,0.14770456
4,9240,0,0.0725749
4,9241,0,0.072134
4,9242,0,0.13947654
4,9243,0,0.16629364
4,9244,0,0.052758183
4,9245,0,0.019091947
4,9246,0,0.017075207
4,9247,0,0.1135445
4,9248,0,0.04150318
4,9249,0,0.1732951
4,9250,0,0.006499375
4,9251,0,0.026952779
4,9252,0,0.031471882
4,9253,0,0.0120468885
4,9254,0,0.083331615
4,9255,0,0.04731873
4,9256,0,0.05419812
4,9257,0,0.03336601
4,9258,0,0.15029626
4,9259,0,0.038233608
4,9260,0,0.03414784
4,9261,0,0.01676784
4,9262,0,0.053176574
4,9263,0,0.037502002
4,9264,0,0.03230834
4,9265,0,0.07299366
4,9266,0,0.050789528
4,9267,0,0.1506768
4,9268,0,0.023397073
4,9269,0,0.079866864
4,9270,0,0.08485036
4,9271,0,0.26748857
4,9272,0,0.15950967
4,9273,0,0.06187891
4,9274,0,0.1661121
4,9275,0,0.048015274
4,9276,0,0.06216987
4,9277,0,0.010363069
4,9278,0,0.14471808
4,9279,0,0.17737305
4,9280,0,0.026418999
4,9281,0,0.19094972
4,9282,0,0.030416366
4,9283,0,0.029977098
4,9284,0,0.040011536
4,9285,0,0.1257537
4,9286,0,0.10201788
4,9287,0,0.015186204
4,9288,0,0.035830352
4,9289,0,0.14300933
4,9290,0,0.15193397
4,9291,0,0.016607797
4,9292,0,0.014539336
4,9293,0,0.11572608
4,9294,0,0.10246816
4,9295,0,0.007823462
4,9297,0,0.01183491
4,9298,0,0.06639336
4,9299,0,0.049114354
4,9301,0,0.010230007
4,9302,0,0.15321496
4,9303,0,0.008955937
4,9304,0,0.15958261
4,9305,0,0.051050294
4,9306,0,0.03658186
4,9307,0,0.03217976
4,9308,0,0.0418996
4,9309,0,0.022614408
4,9310,0,0.07666593
4,9311,0,0.057413924
4,9312,0,0.030709075
4,9313,0,0.16008508
4,9314,0,0.020311449
4,9315,0,0.27132735
4,9317,0,0.08007608
4,9318,0,0.71697766
4,9319,0,0.022755455
4,9320,0,0.036086272
4,9321,0,0.026844911
4,9322,0,0.1686995
4,9323,0,0.046213735
4,9324,0,0.0344968
4,9325,0,0.09480694
4,9326,0,0.115434185
4,9327,0,0.054343652
4,9328,0,0.033594552
4,9329,0,0.08442619
4,9330,0,0.06475798
4,9331,0,0.007835778
4,9333,0,0.037272755
4,9334,0,0.028680963
4,9335,0,0.029510664
4,9336,0,0.025672484
4,9337,0,0.012870107
4,9338,0,0.14391822
4,9339,0,0.061694246
4,9340,0,0.081844956
4,9341,0,0.07743559
4,9342,0,0.037146743
4,9343,0,0.05642247
4,9344,0,0.1972958
4,9345,0,0.107103646
4,9346,0,0.036505118
4,9347,0,0.058751475
4,9348,0,0.10600788
4,9349,0,0.23014812
4,9350,0,0.15064135
4,9351,0,0.020511443
4,9352,0,0.26502118
4,9353,0,0.18897648
4,9354,0,0.02171365
4,9355,0,0.049491443
4,9356,0,0.17769828
4,9357,0,0.09902109
4,9358,0,0.10718962
4,9359,0,0.05852658
4,9360,0,0.049759816
4,9361,0,0.12609446
4,9363,0,0.020671993
4,9364,0,0.08302522
4,9365,0,0.034416165
4,9366,0,0.02998494
4,9367,0,0.26669762
4,9368,0,0.014272257
4,9369,0,0.16871226
4,9370,0,0.05542358
4,9371,0,0.032780956
4,9372,0,0.04040047
4,9373,0,0.029120414
4,9374,0,0.09616374
4,9375,0,0.09195317
4,9376,0,0.092949405
4,9377,0,0.08805664
4,9378,0,0.1468076
4,9379,0,0.069934554
4,9380,0,0.1009298
4,9381,0,0.18992154
4,9382,0,0.032311022
4,9383,0,0.031088892
4,9384,0,0.052422613
4,9385,0,0.13433187
4,9386,0,0.017978968
4,9387,0,0.3309952
4,9388,0,0.05419025
4,9389,0,0.035803117
4,9390,0,0.4693913
4,9391,0,0.20963606
4,9392,0,0.08343887
4,9393,0,0.025115333
4,9394,0,0.101623304
4,9396,0,0.24212684
4,9397,0,0.05556274
4,9398,0,0.07411067
4,9399,0,0.061577115
4,9400,0,0.11334492
4,9401,0,0.27722597
4,9402,0,0.007841474
4,9403,0,0.12267219
4,9404,0,0.043922354
4,9405,0,0.079138085
4,9406,0,0.3310824
4,9407,0,0.052206267
4,9408,0,0.059730727
4,9409,0,0.14231674
4,9410,0,0.03161135
4,9411,0,0.12809417
4,9412,0,0.09954873
4,9413,0,0.05377284
4,9414,0,0.007339699
4,9415,0,0.035021167
4,9416,0,0.11066301
4,9417,0,0.10366313
4,9418,0,0.04878008
4,9419,0,0.10956274
4,9420,0,0.04172268
4,9421,0,0.07268204
4,9422,0,0.21346185
4,9423,0,0.052827645
4,9424,0,0.25864193
4,9425,0,0.09382677
4,9426,0,0.11605158
4,9427,0,0.032702476
4,9428,0,0.060098194
4,9429,0,0.5877753
4,9430,0,0.22164765
4,9431,0,0.16728708
4,9432,0,0.061006356
4,9433,0,0.03060923
4,9434,0,0.08741682
4,9435,0,0.13871206
4,9436,0,0.057323623
4,9437,0,0.02444741
4,9438,0,0.021996742
4,9439,0,0.00929202
4,9440,0,0.15991607
4,9441,0,0.012816043
4,9442,0,0.051499043
4,9443,0,0.029086858
4,9444,0,0.07230919
4,9445,0,0.04026164
4,9446,0,0.17050038
4,9447,0,0.112866454
4,9448,0,0.047876418
4,9449,0,0.07535012
4,9450,0,0.033420727
4,9451,0,0.026762351
4,9452,0,0.2279543
4,9453,0,0.015538353
4,9454,0,0.057200607
4,9455,0,0.09923908
4,9456,0,0.026467882
4,9457,0,0.018919002
4,9458,0,0.14469275
4,9459,0,0.11777881
4,9460,0,0.14688146
4,9461,0,0.01665544
4,9462,0,0.27260944
4,9463,0,0.020294268
4,9464,0,0.17558974
4,9465,0,0.02597391
4,9467,0,0.020361867
4,9468,0,0.13891263
4,9469,0,0.036486253
4,9470,0,0.056073535
4,9471,0,0.073156156
4,9472,0,0.11255944
4,9473,0,0.0045485143
4,9474,0,0.08675972
4,9475,0,0.0097848885
4,9476,0,0.10671257
4,9477,0,0.014005931
4,9478,0,0.028071225
4,9479,0,0.03269218
4,9480,0,0.028304394
4,9481,0,0.10248962
4,9482,0,0.2234649
4,9483,0,0.024741404
4,9484,0,0.04086837
4,9485,0,0.10179249
4,9486,0,0.020495312
4,9487,0,0.042920947
4,9488,0,0.024052054
4,9489,0,0.084010035
4,9490,0,0.0097264
4,9491,0,0.046244968
4,9492,0,0.07477626
4,9493,0,0.057678975
4,9494,0,0.012197436
4,9495,0,0.02914617
4,9496,0,0.1687252
4,9497,0,0.053123206
4,9498,0,0.13678013
4,9499,0,0.037680253
4,9500,0,0.057319645
4,9501,0,0.01252936
4,9502,0,0.19083346
4,9503,0,0.12977687
4,9504,0,0.06668298
4,9505,0,0.10919656
4,9506,0,0.052082416
4,9507,0,0.05966928
4,9508,0,0.05064311
4,9509,0,0.05125774
4,9510,0,0.12932739
4,9511,0,0.13765906
4,9512,0,0.05490927
4,9513,0,0.0116389105
4,9514,0,0.052071024
4,9515,0,0.020809703
4,9516,0,0.053599328
4,9517,0,0.031954646
4,9518,0,0.19344138
4,9519,0,0.33762622
4,9520,0,0.024840988
4,9521,0,0.040314287
4,9522,0,0.20476677
4,9523,0,0.004010015
4,9524,0,0.14920095
4,9525,0,0.24153765
4,9526,0,0.022944465
4,9527,0,0.06428005
4,9528,0,0.089456275
4,9529,0,0.021000126
4,9530,0,0.20625594
4,9531,0,0.07268944
4,9532,0,0.09357055
4,9533,0,0.06882972
4,9534,0,0.17926861
4,9535,0,0.03293391
4,9536,0,0.01520058
4,9537,0,0.02722985
4,9538,0,0.024690926
4,9539,0,0.24653709
4,9540,0,0.15583272
4,9541,0,0.049118962
4,9542,0,0.55514157
4,9543,0,0.3614229
4,9544,0,0.15956466
4,9545,0,0.022184828
4,9546,0,0.13865192
4,9547,0,0.07274498
4,9548,0,0.42193508
4,9549,0,0.086397536
4,9550,0,0.028700551
4,9551,0,0.047717884
4,9552,0,0.09706726
4,9553,0,0.015780635
4,9554,0,0.10262191
4,9555,0,0.08200256
4,9556,0,0.016680596
4,9557,0,0.12280347
4,9558,0,0.0883741
4,9559,0,0.43901646
4,9560,0,0.061735444
4,9561,0,0.015748732
4,9562,0,0.04512648
4,9563,0,0.08174381
4,9564,0,0.00984881
4,9565,0,0.011652956
4,9566,0,0.45796293
4,9567,0,0.062820755
4,9568,0,0.043241482
4,9569,0,0.09726075
4,9570,0,0.008250897
4,9571,0,0.034802057
4,9572,0,0.021000484
4,9573,0,0.06373346
4,9574,0,0.23012322
4,9575,0,0.020848691
4,9576,0,0.04273002
4,9577,0,0.28385916
4,9578,0,0.31183788
4,9579,0,0.08359827
4,9580,0,0.13379402
4,9581,0,0.045704
4,9582,0,0.08926025
4,9583,0,0.29052827
4,9584,0,0.0654169
4,9585,0,0.27437606
4,9586,0,0.08248631
4,9587,0,0.016807508
4,9588,0,0.012713883
4,9589,0,0.053790033
4,9590,0,0.09107332
4,9592,0,0.0404679
4,9593,0,0.08445914
4,9594,0,0.013727935
4,9595,0,0.14080349
4,9596,0,0.056657493
4,9597,0,0.10831398
4,9598,0,0.28220052
4,9599,0,0.06539618
4,9600,0,0.13543086
4,9601,0,0.047028806
4,9602,0,0.023225432
5,9362,1,0.49657208
5,9395,1,0.002576016
5,9466,1,0.2640228
5,9591,1,0.16738388
5,9637,1,0.52725494
5,9691,1,0.0012059842
5,9697,1,0.015316707
5,9907,1,0.0004462305
5,9953,1,0.640592
5,9954,1,0.89882183
5,9970,1,0.01727716
5,9972,1,0.77345645
5,9978,1,0.027921738
5,9982,1,0.75723255
5,9992,1,0.108022384
5,10052,1,0.10749131
5,10213,1,0.001167092
5,10222,1,0.16264534
5,10229,1,0.93722606
5,10305,1,0.016559156
5,10306,1,0.005653777
5,10361,1,0.014170581
5,10369,1,0.48668236
5,10397,1,0.026583655
5,10432,1,0.34717292
5,10467,1,0.17392352
5,10490,1,0.013507169
5,10523,1,0.74267334
5,10536,1,0.0011974518
5,10929,1,0.67739946
5,10944,1,0.020370966
5,11014,1,0.81094563
5,11111,1,0.0019611677
5,11139,1,0.003623906
5,11209,1,0.00052585744
5,11257,1,0.07640516
5,11287,1,0.062570386
5,11493,1,0.83373666
5,11580,1,0.23589791
5,11637,1,0.014302308
5,11691,1,0.001943311
5,11693,1,0.033189334
5,11761,1,0.0025509198
5,11771,1,0.0048989905
5,11870,1,0.37541676
5,11896,1,0.021875456
5,11950,1,0.7965693
5,11987,1,0.027701855
5,9603,0,0.0021904327
5,9604,0,0.007280157
5,9605,0,0.0052843457
5,9606,0,9.069034e-05
5,9607,0,0.0018970835
5,9608,0,0.0044435486
5,9609,0,0.0036190092
5,9610,0,4.571209e-05
5,9611,0,0.02783188
5,9612,0,0.0009150077
5,9613,0,6.3739826e-06
5,9614,0,0.011787493
5,9615,0,0.0021413493
5,9616,0,0.00076416857
5,9617,0,0.0031295847
5,9618,0,0.0011615057
5,9619,0,0.0018281109
5,9620,0,0.023764845
5,9621,0,0.0013068395
5,9622,0,0.00017082521
5,9623,0,7.574576e-05
5,9624,0,0.0016408922
5,9625,0,0.0034921747
5,9626,0,0.007999982
5,9627,0,0.0030772767
5,9628,0,0.0010893408
5,9629,0,0.0005130138
5,9630,0,0.0025287587
5,9631,0,0.016629515
5,9632,0,0.0020798054
5,9633,0,0.00052621897
5,9634,0,0.0014719905
5,9635,0,0.0019992932
5,9636,0,0.0017077316
5,9638,0,0.00025921263
5,9639,0,0.0035912676
5,9640,0,0.0016993734
5,9641,0,8.406207e-05
5,9642,0,0.10464696
5,9643,0,0.0016627626
5,9644,0,0.111896016
5,9645,0,0.00069390034
5,9646,0,0.0027193967
5,9647,0,0.0006887695
5,9648,0,0.0011230455
5,9649,0,0.0031759285
5,9650,0,0.0021171202
5,9651,0,0.0038289845
5,9652,0,0.0015397707
5,9653,0,0.0017803616
5,9654,0,0.0072142915
5,9655,0,0.014489362
5,9656,0,0.0029162893
5,9657,0,0.00079350604
5,9658,0,0.01218692
5,9659,0,0.0065290565
5,9660,0,0.013299543
5,9661,0,0.0017050398
5,9662,0,0.0018061866
5,9663,0,0.00016089722
5,9664,0,0.0047118375
5,9665,0,0.00050673954
5,9666,0,0.0028283251
5,9667,0,0.0023340941
5,9668,0,0.010716634
5,9669,0,0.004987596
5,9670,0,0.00042460722
5,9671,0,0.0018488783
5,9672,0,0.0015122988
5,9673,0,0.011196545
5,9674,0,0.00014664227
5,9675,0,0.007151529
5,9676,0,0.009142927
5,9677,0,0.0012096415
5,9678,0,0.00063131866
5,9679,0,0.048359428
5,9680,0,0.03528528
5,9681,0,0.013523978
5,9682,0,0.0039029596
5,9683,0,0.0015402884
5,9684,0,0.00855078
5,9685,0,0.0013110483
5,9686,0,0.00044065583
5,9687,0,0.0007551559
5,9688,0,5.3162912e-05
5,9689,0,0.014997797
5,9690,0,2.4363728e-05
5,9692,0,0.003290134
5,9693,0,0.0018767286
5,9694,0,0.008186492
5,9695,0,0.0014963056
5,9696,0,0.002339891
5,9698,0,0.0059596533
5,9699,0,0.039251827
5,9700,0,0.002141337
5,9701,0,8.570846e-05
5,9702,0,0.09043693
5,9703,0,0.0060991487
5,9704,0,0.00048091818
5,9705,0,0.002053982
5,9706,0,0.008571413
5,9707,0,0.00041551655
5,9708,0,0.00067256496
5,9709,0,4.4002696e-05
5,9710,0,0.0063498756
5,9711,0,0.0065622255
5,9712,0,0.027048036
5,9713,0,4.7905934e-05
5,9714,0,0.0024509018
5,9715,0,0.0011356918
5,9716,0,0.004742305
5,9717,0,0.7114772
5,9718,0,0.008589976
5,9719,0,0.0014841625
5,9720,0,0.027681002
5,9721,0,0.0047065676
5,9722,0,0.0014757477
5,9723,0,0.007226778
5,9724,0,0.006392378
5,9725,0,0.0018359353
5,9726,0,0.0043073604
5,9727,0,0.0056950315
5,9728,0,0.0015431262
5,9729,0,0.011137222
5,9730,0,0.000121412966
5,9731,0,0.39923903
5,9732,0,0.0123175355
5,9733,0,0.0036960158
5,9734,0,5.5019398e-05
5,9735,0,0.0021714969
5,9736,0,0.01076532
5,9737,0,0.0015545528
5,9738,0,0.0039720773
5,9739,0,0.0089985635
5,9740,0,0.004663427
5,9741,0,0.007265247
5,9742,0,0.0027934413
5,9743,0,0.0016078922
5,9744,0,0.0126218945
5,9745,0,0.011194513
5,9746,0,0.010912261
5,9747,0,0.0007302364
5,9748,0,0.00015518615
5,9749,0,0.003093209
5,9750,0,0.0020122218
5,9751,0,0.0010069726
5,9752,0,0.0031044804
5,9753,0,0.00013646977
5,9754,0,0.023042465
5,9755,0,0.00044948614
5,9756,0,0.011738714
5,9757,0,0.0010701157
5,9758,0,0.005490225
5,9759,0,0.0030377542
5,9760,0,9.4618306e-05
5,9761,0,0.018378858
5,9762,0,0.0028293596
5,9763,0,0.0054094754
5,9764,0,0.009182572
5,9765,0,0.010645945
5,9766,0,0.0008586437
5,9767,0,0.001776023
5,9768,0,8.999211e-05
5,9769,0,0.005490001
5,9770,0,0.039962836
5,9771,0,0.0045196293
5,9772,0,0.0010550321
5,9773,0,0.0009895505
5,9774,0,0.01741934
5,9775,0,0.020116434
5,9776,0,0.00013115231
5,9777,0,0.0007405444
5,9778,0,0.0073820134
5,9779,0,0.0012689377
5,9780,0,0.014287178
5,9781,0,0.15700231
5,9782,0,0.0044026603
5,9783,0,0.0502946
5,9784,0,0.16034053
5,9785,0,0.0003597289
5,9786,0,0.00021268526
5,9787,0,8.115888e-05
5,9788,0,0.0007563781
5,9789,0,0.0017417779
5,9790,0,0.0033458855
5,9791,0,0.00015603159
5,9792,0,0.00018853607
5,9793,0,0.0019203093
5,9794,0,0.025283558
5,9795,0,0.0066715754
5,9796,0,0.04749423
5,9797,0,0.031989172
5,9798,0,0.00010901567
5,9799,0,0.0011283353
5,9800,0,0.010251132
5,9801,0,0.0009206101
5,9802,0,0.02245361
5,9803,0,0.0076178643
5,9804,0,0.024123713
5,9805,0,0.0140559925
5,9806,0,0.0020287856
5,9808,0,0.0008247701
5,9809,0,0.009089451
5,9810,0,0.0003866662
5,9811,0,0.00025436995
5,9812,0,0.007508374
5,9813,0,0.007393738
5,9814,0,0.010934702
5,9815,0,0.00025709858
5,9816,0,0.014776415
5,9817,0,0.00011059187
5,9818,0,0.00064451894
5,9819,0,0.008493608
5,9820,0,4.6703648e-05
5,9821,0,0.0012567496
5,9822,0,0.004131046
5,9823,0,0.004161839
5,9824,0,0.008784754
5,9825,0,2.5362719e-05
5,9826,0,0.006559136
5,9827,0,0.009671778
5,9828,0,0.00149758
5,9829,0,0.0008306942
5,9830,0,0.012559045
5,9831,0,0.00092185254
5,9832,0,0.00091715745
5,9833,0,0.0014087034
5,9834,0,0.0005687046
5,9835,0,9.41608e-05
5,9836,0,0.015799895
5,9837,0,0.00019706003
5,9838,0,0.000117854455
5,9839,0,0.00024279447
5,9840,0,0.00085005397
5,9841,0,0.0014277073
5,9842,0,0.0014264556
5,9843,0,0.036273226
5,9844,0,0.0014602934
5,9845,0,0.0038217378
5,9846,0,0.011372115
5,9847,0,0.0034864612
5,9848,0,0.000379136
5,9849,0,2.9071572e-05
5,9850,0,0.0042978204
5,9851,0,0.00091873185
5,9852,0,0.00012254996
5,9853,0,0.0006931772
5,9854,0,0.22690551
5,9855,0,0.013375112
5,9856,0,0.00920716
5,9857,0,0.007953729
5,9858,0,0.0006241383
5,9859,0,0.0016738989
5,9860,0,0.04239953
5,9861,0,0.0001745896
5,9862,0,0.0019815823
5,9863,0,0.0051347786
5,9864,0,0.100458875
5,9865,0,0.0009986354
5,9866,0,0.033313345
5,9867,0,0.0027633968
5,9868,0,0.01676464
5,9869,0,0.004876614
5,9870,0,0.00020499047
5,9871,0,0.0006680711
5,9872,0,0.00092028774
5,9873,0,0.055207428
5,9874,0,0.03589363
5,9875,0,0.0014592897
5,9876,0,7.3483134e-05
5,9877,0,0.009692984
5,9878,0,0.00040236764
5,9879,0,0.0033824986
5,9880,0,0.010435997
5,9881,0,0.066487074
5,9882,0,0.0003562808
5,9883,0,0.0015407607
5,9884,0,0.0016357548
5,9885,0,0.003802055
5,9886,0,0.009307014
5,9887,0,0.00037627525
5,9888,0,0.0006569251
5,9889,0,0.047638927
5,9890,0,0.020444982
5,9891,0,0.003113503
5,9892,0,0.0033357367
5,9893,0,0.0006823484
5,9894,0,0.0012929905
5,9895,0,0.0006510321
5,9896,0,0.010217933
5,9897,0,0.0063653374
5,9898,0,1.7278735e-05
5,9899,0,0.0006115699
5,9900,0,7.7935816e-05
5,9901,0,0.0061933277
5,9902,0,0.43244803
5,9903,0,3.282049e-05
5,9904,0,0.00017779208
5,9905,0,0.03193681
5,9906,0,0.0057995454
5,9908,0,0.006376292
5,9909,0,0.009597516
5,9910,0,0.00094196736
5,9911,0,0.0033784728
5,9912,0,0.045637544
5,9913,0,0.00079441426
5,9914,0,0.00046249974
5,9915,0,0.0008570787
5,9916,0,0.047180418
5,9917,0,0.0008284473
5,9918,0,0.0028043706
5,9919,0,0.018602386
5,9920,0,0.00042299143
5,9921,0,0.03728706
5,9922,0,0.036976576
5,9923,0,0.0006257178
5,9924,0,3.0543477e-05
5,9925,0,0.0019014773
5,9926,0,0.000105639694
5,9927,0,0.0012279045
5,9928,0,0.0051284493
5,9929,0,0.001105027
5,9930,0,0.0006007814
5,9931,0,0.074657254
5,9932,0,0.0012639379
5,9933,0,0.0034996101
5,9934,0,0.0042437688
5,9935,0,0.0038238333
5,9936,0,0.00024620234
5,9937,0,0.000100502555
5,9938,0,0.0010960861
5,9939,0,0.00027042322
5,9940,0,0.00029425466
5,9941,0,0.005883428
5,9942,0,0.0007724661
5,9943,0,0.002617808
5,9944,0,0.009100943
5,9945,0,3.8615966e-05
5,9946,0,0.0008630682
5,9947,0,0.036620278
5,9948,0,0.0218876
5,9949,0,0.002200738
5,9950,0,0.00296377
5,9951,0,0.011513065
5,9952,0,0.00033790918
5,9955,0,0.0346752
5,9956,0,0.00048610131
5,9957,0,0.00039713836
5,9958,0,0.001992449
5,9959,0,0.0014935752
5,9960,0,0.06330202
5,9961,0,0.0018455638
5,9962,0,0.009969629
5,9963,0,0.000111693975
5,9964,0,0.03321144
5,9965,0,0.0045179026
5,9966,0,0.022642117
5,9967,0,0.0009835295
5,9968,0,0.00024040115
5,9969,0,9.2574344e-05
5,9971,0,0.0022371877
5,9973,0,0.0009869265
5,9974,0,0.000101575584
5,9975,0,0.010821362
5,9976,0,0.043288086
5,9977,0,3.2327855e-05
5,9979,0,0.0003628878
5,9980,0,0.0018487851
5,9981,0,0.10600621
5,9983,0,0.00013999644
5,9984,0,0.008209072
5,9985,0,0.000100311256
5,9986,0,0.0023836938
5,9987,0,0.00013040123
5,9988,0,0.0042477404
5,9989,0,0.0061221602
5,9990,0,6.739382e-05
5,9991,0,0.0043430254
5,9993,0,0.021976696
5,9994,0,0.0015625278
5,9995,0,0.010093165
5,9996,0,0.0037514393
5,9997,0,6.9563954e-05
5,9998,0,0.00033714238
5,9999,0,0.0010857696
5,10000,0,0.009748811
5,10001,0,0.006436334
5,10002,0,0.00960492
5,10003,0,0.0011137818
5,10004,0,0.001342172
5,10005,0,0.0070741903
5,10006,0,0.0001528836
5,10007,0,0.000117676005
5,10008,0,0.019408274
5,10009,0,0.00021824351
5,10010,0,6.981323e-05
5,10011,0,0.0051209684
5,10012,0,0.01077361
5,10013,0,0.00062781
5,10014,0,0.00029648637
5,10015,0,0.00047445952
5,10016,0,0.0032294055
5,10017,0,0.010316929
5,10018,0,7.581195e-05
5,10019,0,0.00080670725
5,10020,0,0.00014045306
5,10021,0,0.012137716
5,10022,0,6.4780346e-05
5,10023,0,0.0014318929
5,10024,0,0.00018154822
5,10025,0,0.00040082767
5,10026,0,9.372311e-05
5,10027,0,0.003357001
5,10028,0,0.105510555
5,10029,0,0.0002451193
5,10030,0,0.0063422835
5,10031,0,0.0138317095
5,10032,0,0.0027472274
5,10033,0,3.1133757e-05
5,10034,0,0.0021393837
5,10035,0,0.007348045
5,10036,0,0.0002130313
5,10037,0,0.011519411
5,10038,0,0.0007824454
5,10039,0,0.07881842
5,10040,0,0.0025057434
5,10041,0,0.0058071143
5,10042,0,7.636935e-05
5,10043,0,0.0002778746
5,10044,0,0.00010530779
5,10045,0,0.0022341157
5,10046,0,0.0015146248
5,10047,0,0.000583452
5,10048,0,0.0011331232
5,10049,0,0.0039145895
5,10050,0,0.0023779518
5,10051,0,0.026054768
5,10053,0,0.0013551047
5,10054,0,0.0036221587
5,10055,0,0.01202414
5,10056,0,0.0016780028
5,10057,0,0.0010342174
5,10058,0,5.5802007e-05
5,10059,0,0.00869089
5,10060,0,0.0033861652
5,10061,0,1.833275e-05
5,10062,0,0.00045202233
5,10063,0,0.020364715
5,10064,0,4.139804e-05
5,10065,0,0.1652597
5,10066,0,0.0003428078
5,10067,0,0.0076782755
5,10068,0,0.00039052364
5,10069,0,0.0009683805
5,10070,0,0.0025813167
5,10071,0,0.00010393654
5,10072,0,0.0025279159
5,10073,0,0.0001458961
5,10074,0,6.535872e-05
5,10075,0,0.0007094067
5,10076,0,0.011962112
5,10077,0,0.042685863
5,10078,0,0.27490467
5,10079,0,0.0021187055
5,10080,0,0.17922823
5,10081,0,0.0023362616
5,10082,0,0.0072137658
5,10083,0,0.00095410243
5,10084,0,0.008278457
5,10085,0,0.0021150853
5,10086,0,0.00029189972
5,10087,0,0.0022234642
5,10088,0,0.0046381904
5,10089,0,0.0002543205
5,10090,0,0.00019586585
5,10091,0,0.0010968936
5,10092,0,0.004029702
5,10093,0,0.0040533715
5,10094,0,0.0033810635
5,10095,0,0.0003645004
5,10096,0,0.02206462
5,10097,0,0.74509305
5,10098,0,0.05348921
5,10099,0,0.001121489
5,10100,0,0.00053250405
5,10101,0,0.06835505
5,10102,0,5.086737e-05
5,10103,0,0.016847188
5,10104,0,0.004228201
5,10105,0,0.0005118113
5,10106,0,0.0003200193
5,10107,0,0.020548027
5,10108,0,0.00019519412
5,10109,0,0.019648638
5,10110,0,0.0005746651
5,10111,0,0.0007601942
5,10112,0,0.0031982304
5,10113,0,0.0057067215
5,10114,0,0.0010732725
5,10115,0,0.007880703
5,10116,0,0.00039498397
5,10117,0,0.016962284
5,10118,0,0.0011978808
5,10119,0,0.001542747
5,10120,0,0.032404233
5,10121,0,0.0076245284
5,10122,0,0.0039107664
5,10123,0,0.009379658
5,10124,0,7.425942e-05
5,10125,0,0.0025522134
5,10126,0,0.00046305114
5,10127,0,0.0055971546
5,10128,0,3.332772e-05
5,10129,0,0.0074267797
5,10130,0,0.050768472
5,10131,0,0.010453058
5,10132,0,0.0011164933
5,10133,0,0.0066767447
5,10134,0,0.00033324826
5,10135,0,0.033652734
5,10136,0,0.00876996
5,10137,0,0.0012101197
5,10138,0,0.016746564
5,10139,0,0.0022598933
5,10140,0,0.0014142266
5,10141,0,0.0041392855
5,10142,0,0.004866854
5,10143,0,0.0023450437
5,10144,0,0.0032014893
5,10145,0,0.0022618845
5,10146,0,0.0016686488
5,10147,0,0.0031423953
5,10148,0,0.013343749
5,10149,0,0.0011155126
5,10150,0,0.0006462717
5,10151,0,0.0023742036
5,10152,0,0.00023309341
5,10153,0,0.019730823
5,10154,0,0.0023593982
5,10155,0,0.092375204
5,10156,0,0.0019783766
5,10157,0,8.570404e-05
5,10158,0,0.00030488058
5,10159,0,0.0013214848
5,10160,0,0.0031415096
5,10161,0,0.000672175
5,10162,0,0.00028484446
5,10163,0,0.0037962478
5,10164,0,0.1274776
5,10165,0,0.0010635827
5,10166,0,0.02562886
5,10167,0,0.0042233756
5,10168,0,0.005562036
5,10169,0,0.015682112
5,10170,0,0.0037702967
5,10171,0,0.0038608245
5,10172,0,0.0017829294
5,10173,0,0.001836734
5,10174,0,0.00016103337
5,10175,0,0.0015400897
5,10176,0,0.00023200874
5,10177,0,0.020668862
5,10178,0,0.0005196359
5,10179,0,0.014471125
5,10180,0,0.05307488
5,10181,0,0.0036015182
5,10182,0,0.001348316
5,10183,0,0.0056770314
5,10184,0,0.0022265564
5,10185,0,0.00054850744
5,10186,0,0.00058864214
5,10187,0,0.0012637796
5,10188,0,0.00797872
5,10189,0,0.00022903323
5,10190,0,0.002602767
5,10191,0,0.024173684
5,10192,0,0.014270298
5,10193,0,0.0021701285
5,10194,0,0.017026585
5,10195,0,1.5334002e-05
5,10196,0,0.00018467307
5,10197,0,0.008939852
5,10198,0,0.002411128
5,10199,0,0.0002865288
5,10200,0,0.0025095816
5,10201,0,0.022989962
5,10202,0,0.000746482
5,10203,0,0.0012900408
5,10204,0,0.016675178
5,10205,0,5.955704e-05
5,10206,0,0.00037077628
5,10207,0,0.00015448766
5,10208,0,0.00018363375
5,10209,0,0.0009163513
5,10210,0,0.023986517
5,10211,0,8.729814e-05
5,10212,0,0.00039341432
5,10214,0,0.027489837
5,10215,0,0.0020595558
5,10216,0,0.012198316
5,10217,0,9.107447e-06
5,10218,0,0.00014224536
5,10219,0,0.0031486542
5,10220,0,0.0015803266
5,10221,0,0.02154924
5,10223,0,0.00028138034
5,10224,0,0.011170855
5,10225,0,5.4709137e-05
5,10226,0,0.00035431085
5,10227,0,0.00027706908
5,10228,0,0.0005111468
5,10230,0,0.0112452395
5,10231,0,0.0019302517
5,10232,0,0.0012981119
5,10233,0,0.00040581435
5,10234,0,0.011420352
5,10235,0,0.005415872
5,10236,0,0.00648207
5,10237,0,0.0014404249
5,10238,0,0.0098883575
5,10239,0,0.021984022
5,10240,0,0.0008495524
5,10241,0,0.00046503817
5,10242,0,4.6599816e-05
5,10243,0,0.017548071
5,10244,0,0.0004642334
5,10245,0,0.009605378
5,10246,0,0.000549398
5,10247,0,0.012568884
5,10248,0,0.0011017286
5,10249,0,0.0014302928
5,10250,0,0.023398796
5,10251,0,0.011836796
5,10252,0,0.0032910502
5,10253,0,0.01461278
5,10254,0,0.003243336
5,10255,0,0.03237745
5,10256,0,0.0008879944
5,10257,0,0.0046181083
5,10258,0,0.0032380787
5,10259,0,0.00047331103
5,10260,0,0.0009836635
5,10261,0,3.8722465e-05
5,10262,0,0.0021327143
5,10263,0,2.8467699e-05
5,10264,0,0.002761097
5,10265,0,0.006103842
5,10266,0,0.006560233
5,10267,0,0.00024509357
5,10268,0,0.0056248456
5,10269,0,0.012515232
5,10270,0,0.008443403
5,10271,0,0.00010480129
5,10272,0,0.013238454
5,10273,0,0.00010575934
5,10274,0,0.0033896044
5,10275,0,0.005117185
5,10276,0,0.00033621254
5,10277,0,0.010310607
5,10278,0,0.00022913064
5,10279,0,0.0044225273
5,10280,0,0.00398106
5,10281,0,0.00020488535
5,10282,0,9.5494834e-05
5,10283,0,0.008188561
5,10284,0,0.0014026953
5,10285,0,0.0004608266
5,10286,0,0.00068706495
5,10287,0,0.00022382017
5,10288,0,0.0034278005
5,10289,0,0.001519763
5,10290,0,8.305317e-05
5,10291,0,0.004070142
5,10292,0,0.0058843982
5,10293,0,0.0063497853
5,10294,0,0.00027041652
5,10295,0,0.0003072904
5,10296,0,0.0041354527
5,10297,0,0.0004922236
5,10298,0,3.2307107e-06
5,10299,0,0.002993223
5,10300,0,0.0024887233
5,10301,0,0.008790769
5,10302,0,0.000114151444
5,10303,0,0.010913008
5,10304,0,0.050053507
5,10307,0,0.0013131228
5,10308,0,0.0015674052
5,10309,0,0.017958218
5,10310,0,0.00021802617
5,10311,0,0.000977166
5,10312,0,0.0002926839
5,10313,0,4.2600805e-05
5,10314,0,0.001082969
5,10315,0,0.031712282
5,10316,0,0.00028949603
5,10317,0,0.07563888
5,10318,0,0.0042149294
5,10319,0,0.00049249444
5,10320,0,0.0043172617
5,10321,0,0.12085027
5,10322,0,0.0033805717
5,10323,0,0.04412338
5,10324,0,0.019613797
5,10325,0,0.0029818562
5,10326,0,0.0004817106
5,10327,0,0.00424651
5,10328,0,0.0041421503
5,10329,0,0.00034302325
5,10330,0,0.011523972
5,10331,0,0.01996359
5,10332,0,0.010675602
5,10333,0,0.0007867118
5,10334,0,0.16997789
5,10335,0,0.00046911062
5,10336,0,0.09856833
5,10337,0,0.0025148415
5,10338,0,0.0015794053
5,10339,0,0.0590771
5,10340,0,0.00025636377
5,10341,0,0.0044861333
5,10342,0,0.00013391237
5,10343,0,0.013929566
5,10344,0,0.00046143166
5,10345,0,0.0012649483
5,10346,0,0.00019103654
5,10347,0,0.01405658
5,10348,0,0.0009655701
5,10349,0,0.011683183
5,10350,0,0.00011020921
5,10351,0,0.00046719777
5,10352,0,0.0020470074
5,10353,0,0.105795875
5,10354,0,0.00013170071
5,10355,0,0.000110921814
5,10356,0,0.0008720912
5,10357,0,0.0019263441
5,10358,0,0.023760954
5,10359,0,0.0018981285
5,10360,0,0.06488852
5,10362,0,0.0014179717
5,10363,0,0.00038614956
5,10364,0,0.001374555
5,10365,0,4.6416157e-05
5,10366,0,0.00011918656
5,10367,0,0.0011984189
5,10368,0,0.001249291
5,10370,0,0.0001726196
5,10371,0,0.08398295
5,10372,0,0.00069057103
5,10373,0,0.00027845355
5,10374,0,0.00011533981
5,10375,0,0.13597305
5,10376,0,0.003974108
5,10377,0,0.00020629163
5,10378,0,0.009774494
5,10379,0,0.00034955403
5,10380,0,0.010070388
5,10381,0,0.00073338416
5,10382,0,0.021147557
5,10383,0,0.0009317771
5,10384,0,0.028931953
5,10385,0,0.006420241
5,10386,0,0.0019225926
5,10387,0,0.0005892271
5,10388,0,0.00033805904
5,10389,0,0.0029682117
5,10390,0,0.00018794414
5,10391,0,0.00092604023
5,10392,0,0.0015632854
5,10393,0,0.01626895
5,10394,0,0.006035218
5,10395,0,0.0041120984
5,10396,0,0.11739529
5,10398,0,0.00036087065
5,10399,0,9.930157e-05
5,10400,0,0.0007455862
5,10401,0,0.0038113787
5,10402,0,0.00073547155
5,10403,0,0.0005189048
5,10404,0,0.0010260732
5,10405,0,0.016442847
5,10406,0,0.0019711056
5,10407,0,0.0029261545
5,10408,0,0.00015225282
5,10409,0,0.0010468772
5,10410,0,0.00039980724
5,10411,0,0.009205502
5,10412,0,0.0010208616
5,10413,0,0.0049688797
5,10414,0,5.998023e-05
5,10415,0,4.2297174e-06
5,10416,0,0.00036737882
5,10417,0,0.00075735245
5,10418,0,0.00019334955
5,10419,0,0.0008922197
5,10420,0,0.0009918573
5,10421,0,0.0006517848
5,10422,0,0.10020642
5,10423,0,0.013571364
5,10424,0,0.0005000622
5,10425,0,0.00055689906
5,10426,0,0.001353887
5,10427,0,0.002301575
5,10428,0,0.009408082
5,10429,0,0.00048789685
5,10430,0,0.01628742
5,10431,0,0.00014108421
5,10433,0,0.035898004
5,10434,0,0.00076940993
5,10435,0,0.00043542424
5,10436,0,0.0007246897
5,10437,0,0.00036038144
5,10438,0,0.0022005874
5,10439,0,0.00029113432
5,10440,0,0.000116031704
5,10441,0,0.0001355854
5,10442,0,0.01226191
5,10443,0,0.00092910696
5,10444,0,0.49800053
5,10445,0,0.0003684254
5,10446,0,0.00011091473
5,10447,0,0.004790027
5,10448,0,0.0013734277
5,10449,0,0.00016212478
5,10450,0,0.007127055
5,10451,0,0.00046333464
5,10452,0,0.0006889454
5,10453,0,0.1494866
5,10454,0,0.0015558397
5,10455,0,0.002408276
5,10456,0,0.00011704473
5,10457,0,0.0020231022
5,10458,0,0.011469878
5,10459,0,0.116284326
5,10460,0,0.011587248
5,10461,0,0.039484408
5,10462,0,0.004038346
5,10463,0,0.0076246187
5,10464,0,0.0006019495
5,10465,0,0.046773814
5,10466,0,0.02677296
5,10468,0,0.08570579
5,10469,0,0.0010904912
5,10470,0,0.0019663246
5,10471,0,0.0029725784
5,10472,0,0.0006019108
5,10473,0,0.0006402795
5,10474,0,0.007329697
5,10475,0,0.0028449288
5,10476,0,0.0009383077
5,10477,0,0.47808644
5,10478,0,0.00055496267
5,10479,0,0.2330039
5,10480,0,0.0068583423
5,10481,0,0.0076996605
5,10482,0,0.0022462702
5,10483,0,0.046713904
5,10484,0,0.002806697
5,10485,0,0.00031117516
5,10486,0,0.6962828
5,10487,0,0.00806124
5,10488,0,0.003265931
5,10489,0,0.032194205
5,10491,0,0.00044943392
5,10492,0,0.0014388326
5,10493,0,0.001905235
5,10494,0,0.0010952991
5,10495,0,0.00021106692
5,10496,0,0.000505412
5,10497,0,0.0015965316
5,10498,0,0.00020701477
5,10499,0,0.000105501174
5,10500,0,0.0059295734
5,10501,0,0.001026238
5,10502,0,0.00065554323
5,10503,0,0.0003429899
5,10504,0,0.0228049
5,10505,0,0.010032316
5,10506,0,0.00049627287
5,10507,0,0.004224098
5,10508,0,0.00018652716
5,10509,0,0.008968384
5,10510,0,0.0014609081
5,10511,0,0.011524548
5,10512,0,0.007274886
5,10513,0,0.006143543
5,10514,0,0.004684036
5,10515,0,0.02987006
5,10516,0,6.116993e-05
5,10517,0,0.0026422786
5,10518,0,0.00097251334
5,10519,0,0.0807529
5,10520,0,0.0020203239
5,10521,0,0.009530494
5,10522,0,0.0014585826
5,10524,0,0.0012139082
5,10525,0,1.2731464e-05
5,10526,0,0.0034176135
5,10527,0,0.0012397033
5,10528,0,0.0075065447
5,10529,0,0.01271581
5,10530,0,4.854397e-05
5,10531,0,0.0010513129
5,10532,0,0.00040679818
5,10533,0,0.0028992402
5,10534,0,0.0010043852
5,10535,0,0.0005078713
5,10537,0,0.00076200376
5,10538,0,0.00036518942
5,10539,0,0.004351128
5,10540,0,0.007999278
5,10541,0,0.00086371024
5,10542,0,0.0004903593
5,10543,0,0.08350529
5,10544,0,0.00541111
5,10545,0,0.003983537
5,10546,0,0.010120021
5,10547,0,0.0017827181
5,10548,0,0.015422641
5,10549,0,0.0007074353
5,10550,0,0.0058584716
5,10551,0,0.003013985
5,10552,0,0.0023274026
5,10553,0,0.00043630548
5,10554,0,0.0037130164
5,10555,0,0.0012943409
5,10556,0,0.0077176318
5,10557,0,0.005371748
5,10558,0,0.00711762
5,10559,0,0.00012610789
5,10560,0,5.8235037e-05
5,10561,0,0.0048779584
5,10562,0,0.00050399953
5,10563,0,0.003662901
5,10564,0,9.09766e-05
5,10565,0,0.00045943007
5,10566,0,0.19476596
5,10567,0,0.00095089484
5,10568,0,0.008560188
5,10569,0,0.00018124934
5,10570,0,0.0006869291
5,10571,0,0.0004398838
5,10572,0,0.0019279997
5,10573,0,0.00053879485
5,10574,0,0.0130008105
5,10575,0,0.0015855439
5,10576,0,0.0015864484
5,10577,0,0.003552364
5,10578,0,0.0005095682
5,10579,0,0.00038573216
5,10580,0,0.04040409
5,10581,0,0.008163874
5,10582,0,0.00014155882
5,10583,0,0.0015553886
5,10584,0,3.5362016e-05
5,10585,0,0.8983853
5,10586,0,0.00042816316
5,10587,0,0.0036475046
5,10588,0,7.192039e-05
5,10589,0,0.0013604421
5,10590,0,0.0046514682
5,10591,0,0.0088480655
5,10592,0,0.001825313
5,10593,0,0.008399579
5,10594,0,0.0014996106
5,10595,0,0.0014100282
5,10596,0,0.00221591
5,10597,0,0.0007884199
5,10598,0,0.012186531
5,10599,0,0.0006946159
5,10600,0,0.00023651143
5,10601,0,0.0076890406
5,10602,0,0.00065190846
5,10603,0,0.00032095241
5,10604,0,0.0073151044
5,10605,0,6.4964326e-05
5,10606,0,0.00031475318
5,10607,0,0.00056349754
5,10608,0,0.00026822367
5,10609,0,0.0018566083
5,10610,0,0.00035785092
5,10611,0,9.8888895e-06
5,10612,0,0.003030018
5,10613,0,0.20813586
5,10614,0,0.00041441468
5,10615,0,0.0074423607
5,10616,0,0.0001174658
5,10617,0,0.021790449
5,10618,0,0.028404197
5,10619,0,0.0063671204
5,10620,0,0.0010891146
5,10621,0,0.0002190856
5,10622,0,0.00086677016
5,10623,0,0.0006541222
5,10624,0,0.0016173166
5,10625,0,0.00040616788
5,10626,0,0.00032685368
5,10627,0,0.0003001759
5,10628,0,0.00065127225
5,10629,0,0.00058731844
5,10630,0,0.001085663
5,10631,0,0.004728919
5,10632,0,0.0066219824
5,10633,0,0.002691622
5,10634,0,0.0006289962
5,10635,0,0.001040605
5,10636,0,0.0019077339
5,10637,0,0.17267163
5,10638,0,0.011821267
5,10639,0,8.463597e-05
5,10640,0,0.001015584
5,10641,0,0.0019169179
5,10642,0,0.0004947963
5,10643,0,0.0001235699
5,10644,0,0.016931748
5,10645,0,0.0012237774
5,10646,0,0.14010482
5,10647,0,0.0044099963
5,10648,0,0.009361133
5,10649,0,9.734544e-05
5,10650,0,0.005452405
5,10651,0,0.0068040765
5,10652,0,0.0006212051
5,10653,0,0.0014573261
5,10654,0,0.0017313904
5,10655,0,0.0008769479
5,10656,0,0.009455675
5,10657,0,0.000100540026
5,10658,0,0.0004884858
5,10659,0,0.0069242227
5,10660,0,0.011853528
5,10661,0,0.000623214
5,10662,0,0.0017540698
5,10663,0,0.017483786
5,10664,0,0.00029746545
5,10665,0,0.00022608403
5,10666,0,0.00017676738
5,10667,0,0.008601826
5,10668,0,0.0003285592
5,10669,0,0.008718487
5,10670,0,0.003661537
5,10671,0,0.007990398
5,10672,0,3.4117547e-05
5,10673,0,0.0034357307
5,10674,0,0.0005765601
5,10675,0,0.00034515743
5,10676,0,0.00019924848
5,10677,0,0.033869796
5,10678,0,0.003598913
5,10679,0,0.00021087017
5,10680,0,0.00021085389
5,10681,0,0.007078891
5,10682,0,0.07302251
5,10683,0,0.030506691
5,10684,0,0.00147834
5,10685,0,0.040418696
5,10686,0,0.0034225804
5,10687,0,0.0005248702
5,10688,0,0.0003861766
5,10689,0,0.018650135
5,10690,0,0.010410627
5,10691,0,0.00012885712
5,10692,0,0.035546295
5,10693,0,0.0051631094
5,10694,0,0.00010578576
5,10695,0,0.3298672
5,10696,0,0.034652192
5,10697,0,0.80928814
5,10698,0,0.00032898266
5,10699,0,0.0020212326
5,10700,0,0.0009190825
5,10701,0,9.987354e-05
5,10702,0,0.0013025091
5,10703,0,0.07388826
5,10704,0,0.0015725805
5,10705,0,6.9452726e-05
5,10706,0,0.015549975
5,10707,0,0.00687295
5,10708,0,0.006101713
5,10709,0,0.027050974
5,10710,0,0.0034383473
5,10711,0,0.00020772776
5,10712,0,0.03380559
5,10713,0,0.06235986
5,10714,0,0.00041906303
5,10715,0,0.025611648
5,10716,0,2.868462e-05
5,10717,0,0.0007227609
5,10718,0,0.016575765
5,10719,0,0.00073150126
5,10720,0,0.000679782
5,10721,0,0.006636185
5,10722,0,0.00025360862
5,10723,0,0.0027192766
5,10724,0,0.00010190651
5,10725,0,0.0050324234
5,10726,0,0.015392973
5,10727,0,0.00044893462
5,10728,0,0.010162293
5,10729,0,0.010717417
5,10730,0,0.03132109
5,10731,0,0.005636432
5,10732,0,0.03352015
5,10733,0,0.00093128183
5,10734,0,0.00015361761
5,10735,0,0.00012662928
5,10736,0,0.0022673653
5,10737,0,0.0022503263
5,10738,0,0.00048768744
5,10739,0,5.270789e-05
5,10740,0,0.0009513484
5,10741,0,0.24139167
5,10742,0,0.00029216227
5,10743,0,0.026233561
5,10744,0,0.00085847516
5,10745,0,0.00064775255
5,10746,0,0.02202127
5,10747,0,0.0018225843
5,10748,0,0.0012486017
5,10749,0,0.00025804527
5,10750,0,0.012128051
5,10751,0,0.0010558869
5,10752,0,0.66746193
5,10753,0,0.000894749
5,10754,0,0.0005056322
5,10755,0,0.0005088125
5,10756,0,0.037158187
5,10757,0,0.0055738483
5,10758,0,0.009155843
5,10759,0,0.002224699
5,10760,0,0.014941989
5,10761,0,0.015419673
5,10762,0,0.006958571
5,10763,0,0.00054586946
5,10764,0,0.0022374026
5,10765,0,0.00064414955
5,10766,0,0.005181792
5,10767,0,0.016977366
5,10768,0,0.00045889345
5,10769,0,0.0021970284
5,10770,0,0.7897789
5,10771,0,0.009102237
5,10772,0,0.001674943
5,10773,0,8.2193976e-05
5,10774,0,0.0012224808
5,10775,0,0.00040683773
5,10776,0,0.00030200154
5,10777,0,0.0011321089
5,10778,0,0.00017471635
5,10779,0,5.2269763e-05
5,10780,0,0.010909308
5,10781,0,0.00012631946
5,10782,0,0.035753537
5,10783,0,8.8671324e-05
5,10784,0,0.019122794
5,10785,0,0.032277644
5,10786,0,0.00055585307
5,10787,0,0.012378397
5,10788,0,0.014837921
5,10789,0,0.013105172
5,10790,0,0.0032698975
5,10791,0,9.51174e-05
5,10792,0,0.0011593435
5,10793,0,0.0054147113
5,10794,0,0.00019854849
5,10795,0,0.036883157
5,10796,0,0.0006172901
5,10797,0,0.00012886045
5,10798,0,0.000872456
5,10799,0,3.9847684e-05
5,10800,0,0.0003211024
5,10801,0,0.00059477607
5,10802,0,4.508998e-05
5,10803,0,0.0024815542
5,10804,0,0.025969248
5,10805,0,0.0028206217
5,10806,0,0.001735959
5,10807,0,0.016077729
5,10808,0,0.008484449
5,10809,0,0.013748047
5,10810,0,0.0026238756
5,10811,0,0.000100116304
5,10812,0,0.0064196023
5,10813,0,0.0006337772
5,10814,0,6.623671e-05
5,10815,0,0.009310827
5,10816,0,0.0021642076
5,10817,0,0.0052515175
5,10818,0,0.0010796572
5,10819,0,0.015688658
5,10820,0,0.0018631429
5,10821,0,0.020661952
5,10822,0,0.0012908943
5,10823,0,0.0039262795
5,10824,0,0.00085045304
5,10825,0,0.0014860492
5,10826,0,0.00047704356
5,10827,0,0.0004792296
5,10828,0,0.0013755962
5,10829,0,0.00010419415
5,10830,0,0.010220427
5,10831,0,0.010492466
5,10832,0,0.0018954383
5,10833,0,0.00021759668
5,10834,0,0.0067068646
5,10835,0,0.0034823404
5,10836,0,0.00088105985
5,10837,0,0.0014474012
5,10838,0,0.0017203694
5,10839,0,0.0071766237
5,10840,0,0.0019458662
5,10841,0,0.002269825
5,10842,0,0.004294251
5,10843,0,0.0019279436
5,10844,0,0.0005216306
5,10845,0,0.051859476
5,10846,0,6.9175035e-06
5,10847,0,0.008760124
5,10848,0,0.43088093
5,10849,0,0.0021297815
5,10850,0,0.012247458
5,10851,0,0.0037521382
5,10852,0,0.0025928163
5,10853,0,0.0013779111
5,10854,0,0.0015879719
5,10855,0,0.0011233109
5,10856,0,0.0012050265
5,10857,0,4.215256e-05
5,10858,0,0.0011170374
5,10859,0,0.0012338244
5,10860,0,0.0025196534
5,10861,0,0.02021202
5,10862,0,0.0005546665
5,10863,0,0.0017089986
5,10864,0,0.0005263007
5,10865,0,0.0010746507
5,10866,0,0.00086493866
5,10867,0,0.0010800502
5,10868,0,0.0029879867
5,10869,0,0.006164158
5,10870,0,0.0005215058
5,10871,0,0.001060106
5,10872,0,0.0139705995
5,10873,0,0.0014897663
5,10874,0,0.0007684881
5,10875,0,0.0037190416
5,10876,0,0.0020772913
5,10877,0,0.003165675
5,10878,0,0.009681063
5,10879,0,0.0003323431
5,10880,0,0.0008342679
5,10881,0,3.7911297e-05
5,10882,0,0.0011445017
5,10883,0,0.0044986703
5,10884,0,0.0020999648
5,10885,0,0.0018424691
5,10886,0,0.00061195536
5,10887,0,0.013051582
5,10888,0,0.1855945
5,10889,0,0.0041862335
5,10890,0,0.0009784806
5,10891,0,0.00044713405
5,10892,0,0.42538553
5,10893,0,0.0014374726
5,10894,0,0.004555534
5,10895,0,0.0005721947
5,10896,0,0.000427703
5,10897,0,0.16134591
5,10898,0,0.00025291005
5,10899,0,0.0023795099
5,10900,0,0.018380716
5,10901,0,0.00057625165
5,10902,0,0.000865223
5,10903,0,0.0001260331
5,10904,0,0.08307184
5,10905,0,0.0014996777
5,10906,0,0.009885921
5,10907,0,0.00059545896
5,10908,0,0.0010757073
5,10909,0,0.40858263
5,10910,0,0.0005911013
5,10911,0,0.048477918
5,10912,0,0.0010122176
5,10913,0,0.09743021
5,10914,0,0.0001757677
5,10915,0,0.0020284748
5,10916,0,0.0023858608
5,10917,0,0.00017026241
5,10918,0,3.3197e-05
5,10919,0,5.6825378e-05
5,10921,0,0.0013905943
5,10922,0,0.008105667
5,10923,0,0.0015664235
5,10924,0,0.000250984
5,10925,0,0.014292988
5,10926,0,0.051580884
5,10927,0,0.0009851425
5,10928,0,0.010613114
5,10930,0,0.0018005171
5,10931,0,0.001367779
5,10932,0,0.0019459696
5,10933,0,0.0001633751
5,10934,0,0.0001504602
5,10935,0,0.0001241677
5,10936,0,0.00031657782
5,10937,0,7.060668e-06
5,10938,0,0.0028960302
5,10939,0,0.0017039039
5,10940,0,0.0013454349
5,10941,0,0.19751209
5,10942,0,0.00062853476
5,10943,0,9.126648e-05
5,10945,0,0.018019956
5,10946,0,0.022651378
5,10947,0,6.644668e-05
5,10948,0,0.00012644769
5,10949,0,0.0016884723
5,10950,0,0.017011652
5,10951,0,0.0014044397
5,10952,0,0.018765938
5,10953,0,0.0019072373
5,10954,0,0.0020649356
5,10955,0,6.231176e-05
5,10956,0,0.00046362024
5,10957,0,0.0029788509
5,10958,0,9.7953955e-05
5,10959,0,0.009161616
5,10960,0,0.00016637397
5,10961,0,0.019632712
5,10962,0,0.0019817387
5,10963,0,0.13204059
5,10964,0,0.0018579556
5,10965,0,0.00024644422
5,10966,0,0.0013867836
5,10967,0,0.036827944
5,10968,0,0.00024952498
5,10969,0,0.00010472737
5,10970,0,0.0009305368
5,10971,0,0.029311704
5,10972,0,0.00492818
5,10973,0,0.0059486553
5,10974,0,0.00083241926
5,10975,0,0.00036257177
5,10976,0,0.013997623
5,10977,0,0.00089517795
5,10978,0,2.5591638e-05
5,10979,0,0.00042762022
5,10980,0,0.0040495293
5,10981,0,0.0010903074
5,10982,0,0.0015442183
5,10983,0,0.0020396467
5,10984,0,0.0001365601
5,10985,0,0.015589567
5,10986,0,5.560714e-07
5,10987,0,0.00019688987
5,10988,0,0.0021883661
5,10989,0,0.0028376388
5,10990,0,0.001434318
5,10991,0,0.009285938
5,10992,0,0.0005001275
5,10993,0,0.06293678
5,10994,0,0.06482156
5,10995,0,0.09743935
5,10996,0,0.0018478595
5,10997,0,0.0001303965
5,10998,0,0.002913746
5,10999,0,0.0012957309
5,11000,0,0.0013762403
5,11001,0,0.0022597322
5,11002,0,0.0008466028
5,11003,0,0.033736065
5,11004,0,0.057507727
5,11005,0,6.7270026e-05
5,11006,0,0.0064018588
5,11007,0,0.0021644507
5,11008,0,0.01684456
5,11009,0,0.0017740036
5,11010,0,0.007546794
5,11011,0,0.009840197
5,11012,0,0.00015625641
5,11013,0,0.00025967517
5,11015,0,0.0688558
5,11016,0,0.0019553094
5,11017,0,0.0038520303
5,11018,0,0.0024391494
5,11019,0,0.0009582329
5,11020,0,0.00023737668
5,11021,0,0.42144397
5,11022,0,0.0037295104
5,11023,0,0.001712625
5,11024,0,5.3135598e-05
5,11025,0,0.0047836755
5,11026,0,0.00041800216
5,11027,0,0.00018614995
5,11028,0,0.00011212018
5,11029,0,0.0013421905
5,11030,0,0.3054906
5,11031,0,0.0019176214
5,11032,0,0.0057633794
5,11033,0,0.14943744
5,11034,0,0.00044175985
5,11035,0,0.00460003
5,11036,0,0.10981254
5,11037,0,0.005094646
5,11038,0,5.5410877e-05
5,11039,0,0.001227169
5,11040,0,0.13036643
5,11041,0,0.0013905745
5,11042,0,0.007916364
5,11043,0,0.0010597102
5,11044,0,0.0030342587
5,11045,0,0.00017056528
5,11046,0,0.0016850758
5,11047,0,0.007143716
5,11048,0,0.02455531
5,11049,0,0.0014338332
5,11050,0,0.042305257
5,11051,0,0.0016923806
5,11052,0,0.011030178
5,11053,0,0.00012968906
5,11054,0,0.0021397076
5,11055,0,0.0006567965
5,11056,0,0.014857695
5,11057,0,0.0006024006
5,11058,0,0.012062522
5,11059,0,0.003134605
5,11060,0,0.0017485805
5,11061,0,0.007870996
5,11062,0,0.007947944
5,11063,0,0.0012890846
5,11064,0,0.1269222
5,11065,0,0.002769643
5,11066,0,0.0031158302
5,11067,0,0.0038178985
5,11068,0,0.00056382606
5,11069,0,0.0026602661
5,11070,0,0.0040088384
5,11071,0,0.00079407066
5,11072,0,0.00030984211
5,11073,0,0.009645688
5,11074,0,0.0062648836
5,11075,0,0.6358989
5,11076,0,0.03107281
5,11077,0,0.0007996708
5,11078,0,0.0014003136
5,11079,0,0.003023859
5,11080,0,6.3442705e-05
5,11081,0,0.00018507887
5,11082,0,0.007303092
5,11083,0,0.26435104
5,11084,0,0.00094695436
5,11085,0,0.00036699377
5,11086,0,0.0010934237
5,11087,0,0.00012530884
5,11088,0,0.0053080395
5,11089,0,0.0023787187
5,11090,0,0.0026410373
5,11091,0,0.097770005
5,11092,0,0.0020599822
5,11093,0,0.00037667004
5,11094,0,0.03354297
5,11095,0,0.0003622575
5,11096,0,0.011293897
5,11097,0,0.00060458004
5,11098,0,0.0011405287
5,11099,0,0.006570029
5,11100,0,0.011581904
5,11101,0,0.002659067
5,11102,0,1.8901557e-05
5,11103,0,0.0010214078
5,11104,0,0.00037612853
5,11105,0,0.0062041525
5,11106,0,0.00010818358
5,11107,0,0.00078232534
5,11108,0,0.0012813391
5,11109,0,0.0032039587
5,11110,0,0.028901624
5,11112,0,0.0050463835
5,11113,0,0.00013356729
5,11114,0,0.00074139953
5,11115,0,0.003625659
5,11116,0,0.008211235
5,11117,0,0.0011844886
5,11118,0,0.004680998
5,11119,0,0.0011658508
5,11120,0,0.086202376
5,11121,0,0.0020431674
5,11122,0,0.0003233995
5,11123,0,0.0016012532
5,11124,0,0.0010645661
5,11125,0,0.02371835
5,11126,0,0.0055820714
5,11127,0,0.00034749633
5,11128,0,0.00028190447
5,11129,0,0.00019139245
5,11130,0,0.0044061495
5,11131,0,0.0017432907
5,11132,0,0.0026351556
5,11133,0,0.0037501156
5,11134,0,0.00017508524
5,11135,0,0.28026423
5,11136,0,0.00034749802
5,11137,0,0.00040680048
5,11138,0,0.00015414628
5,11140,0,0.0005230974
5,11141,0,0.14460059
5,11142,0,0.026435751
5,11143,0,0.00046358578
5,11144,0,0.00020614809
5,11145,0,0.010934888
5,11146,0,0.0007893299
5,11147,0,0.0007037856
5,11148,0,0.008572353
5,11149,0,7.450456e-05
5,11150,0,0.00032267452
5,11151,0,0.002108912
5,11152,0,0.006521217
5,11153,0,0.0020671445
5,11154,0,0.00075079926
5,11155,0,0.0003618052
5,11156,0,0.00013243212
5,11157,0,0.0046818005
5,11158,0,0.0035273149
5,11159,0,0.009271262
5,11160,0,0.15281227
5,11161,0,0.05238948
5,11162,0,0.0007741625
5,11163,0,0.009441127
5,11164,0,0.01358585
5,11165,0,0.00081206247
5,11166,0,0.00018453402
5,11167,0,0.006612704
5,11168,0,0.00035848087
5,11169,0,0.0067408667
5,11170,0,0.032597978
5,11171,0,0.00029686652
5,11172,0,0.024437455
5,11173,0,0.010704715
5,11174,0,0.072413675
5,11175,0,0.008888141
5,11176,0,0.0012036992
5,11177,0,0.0023032539
5,11178,0,0.0037506714
5,11179,0,0.0015935329
5,11180,0,9.23773e-06
5,11181,0,0.005931544
5,11182,0,4.140065e-05
5,11183,0,0.109418534
5,11184,0,0.010240286
5,11185,0,0.0013766171
5,11186,0,0.00017069837
5,11187,0,0.24760331
5,11188,0,0.0013197252
5,11189,0,0.00043241252
5,11190,0,0.00040676093
5,11191,0,0.016978592
5,11192,0,0.0047780923
5,11193,0,7.1079803e-06
5,11194,0,9.614183e-05
5,11195,0,0.0006474967
5,11196,0,0.04299499
5,11197,0,0.0003465452
5,11198,0,0.00048392126
5,11199,0,0.00095201127
5,11200,0,8.6385066e-05
5,11201,0,0.00012978878
5,11202,0,0.2583058
5,11203,0,0.009593283
5,11204,0,7.960011e-05
5,11205,0,0.008269075
5,11206,0,0.002389277
5,11207,0,0.0106779095
5,11208,0,0.00038811937
5,11210,0,0.010837315
5,11211,0,0.00023565676
5,11212,0,0.001190267
5,11213,0,0.0015897169
5,11214,0,0.019614214
5,11215,0,0.0016390388
5,11216,0,0.03392166
5,11217,0,0.009530297
5,11218,0,0.023718346
5,11219,0,0.00045379094
5,11220,0,0.002467517
5,11221,0,2.7128197e-05
5,11222,0,0.0006847959
5,11223,0,0.004216661
5,11224,0,0.047055367
5,11225,0,2.8121538e-05
5,11226,0,0.0020653668
5,11227,0,0.0001656245
5,11228,0,0.000549913
5,11229,0,0.00074056134
5,11230,0,0.007694777
5,11231,0,0.16158876
5,11232,0,0.016818047
5,11233,0,0.00022843087
5,11234,0,0.0038266135
5,11235,0,0.011238074
5,11236,0,8.822161e-05
5,11237,0,0.0002500916
5,11238,0,0.0046290196
5,11239,0,0.009233131
5,11240,0,0.0016332291
5,11241,0,0.0006266987
5,11242,0,0.0020541325
5,11243,0,0.018894669
5,11244,0,0.016875446
5,11245,0,0.00069364277
5,11246,0,0.0069114566
5,11247,0,0.9320186
5,11248,0,2.401531e-05
5,11249,0,0.009801465
5,11250,0,0.014537369
5,11251,0,0.00044796852
5,11252,0,0.00031406467
5,11253,0,0.006263684
5,11254,0,0.0027414253
5,11255,0,8.262738e-05
5,11256,0,0.008116574
5,11258,0,0.00047306274
5,11259,0,0.06590463
5,11260,0,0.001216833
5,11261,0,0.0025647653
5,11262,0,0.00025281892
5,11263,0,0.0014010245
5,11264,0,0.00015624287
5,11265,0,0.0050857374
5,11266,0,0.0004458304
5,11267,0,0.00052391575
5,11268,0,0.0010392368
5,11269,0,0.001705975
5,11270,0,0.00035454772
5,11271,0,0.0014946965
5,11272,0,1.1032683e-05
5,11273,0,0.024235707
5,11274,0,0.002919434
5,11275,0,6.3206106e-05
5,11276,0,0.004315946
5,11277,0,0.0026994492
5,11278,0,0.0050637084
5,11279,0,0.0008403362
5,11280,0,0.00086652493
5,11281,0,0.010788943
5,11282,0,0.009502713
5,11283,0,0.0027477369
5,11284,0,0.005058666
5,11285,0,5.5378656e-05
5,11286,0,0.0020066337
5,11288,0,0.27250034
5,11289,0,0.00041642995
5,11290,0,0.059173264
5,11291,0,0.0013708997
5,11292,0,0.00052682246
5,11293,0,0.0031580643
5,11294,0,0.014136462
5,11295,0,7.4710592e-06
5,11296,0,0.001360665
5,11297,0,0.0007684507
5,11298,0,0.023964388
5,11299,0,6.530608e-05
5,11300,0,0.002686098
5,11301,0,0.00047501927
5,11302,0,0.4520238
5,11303,0,0.003531106
5,11304,0,0.04338571
5,11305,0,4.251428e-05
5,11306,0,0.00014022877
5,11307,0,0.00785383
5,11308,0,0.002775139
5,11309,0,0.00023945137
5,11310,0,4.5150522e-05
5,11311,0,0.002116555
5,11312,0,9.854442e-06
5,11313,0,0.02644567
5,11314,0,0.0003634071
5,11315,0,0.09008103
5,11316,0,0.00011888973
5,11317,0,0.025512028
5,11318,0,0.0062768855
5,11319,0,0.0044445377
5,11320,0,0.00063124916
5,11321,0,0.006121583
5,11322,0,0.0012093149
5,11323,0,0.00552362
5,11324,0,0.0001839385
5,11325,0,0.04440836
5,11326,0,0.01521587
5,11327,0,0.008090768
5,11328,0,0.0014459023
5,11329,0,0.0013426502
5,11330,0,0.10761672
5,11331,0,0.0076372433
5,11332,0,0.0025490676
5,11333,0,0.004084183
5,11334,0,0.0002884678
5,11335,0,0.0005477243
5,11336,0,0.0018569778
5,11337,0,0.09383072
5,11338,0,0.0065817945
5,11339,0,1.3292933e-05
5,11340,0,0.019870482
5,11341,0,0.0057891784
5,11342,0,0.0031706358
5,11343,0,0.0041933917
5,11344,0,0.00036458467
5,11345,0,0.00079672656
5,11346,0,0.10941752
5,11347,0,0.0010891249
5,11348,0,5.7212303e-05
5,11349,0,0.053732786
5,11350,0,0.0005733166
5,11351,0,0.00050084834
5,11352,0,0.00055761746
5,11353,0,0.026461449
5,11354,0,0.005112342
5,11355,0,0.00027422476
5,11356,0,0.00012904157
5,11357,0,0.008005262
5,11358,0,0.0010319935
5,11359,0,0.00063422124
5,11360,0,0.0003774763
5,11361,0,0.0011277072
5,11362,0,0.0010290606
5,11363,0,0.00026570208
5,11364,0,0.00016623172
5,11365,0,0.03120912
5,11366,0,9.9858684e-05
5,11367,0,0.0022285709
5,11368,0,0.015678536
5,11369,0,0.005673891
5,11370,0,0.026683386
5,11371,0,0.14190511
5,11372,0,5.9522965e-05
5,11373,0,0.00074277783
5,11374,0,4.512379e-05
5,11375,0,0.014162895
5,11376,0,0.00101303
5,11377,0,0.0044696783
5,11378,0,0.0017557507
5,11379,0,0.0012749941
5,11380,0,0.0006382941
5,11381,0,9.3966155e-05
5,11382,0,0.000982122
5,11383,0,0.0001020336
5,11384,0,0.00018518107
5,11385,0,0.0016484092
5,11386,0,0.015137992
5,11387,0,0.025818286
5,11388,0,0.00011739381
5,11389,0,0.00042027124
5,11390,0,0.0016878342
5,11391,0,0.0004570516
5,11392,0,0.0021901994
5,11393,0,0.0004662357
5,11394,0,0.0035212475
5,11395,0,0.0003807961
5,11396,0,0.0023412148
5,11397,0,0.004192814
5,11398,0,0.0015642563
5,11399,0,0.00065929064
5,11400,0,0.002507861
5,11401,0,0.0025946777
5,11402,0,0.0038045628
5,11403,0,0.0012149209
5,11404,0,0.00024271834
5,11405,0,0.01112024
5,11406,0,0.06624038
5,11407,0,0.46933922
5,11408,0,0.0019738118
5,11409,0,0.006412301
5,11410,0,0.004326516
5,11411,0,0.003801815
5,11412,0,0.0062639187
5,11413,0,0.00030878905
5,11414,0,0.000118887125
5,11415,0,0.020914858
5,11416,0,0.065414906
5,11417,0,0.0006908983
5,11418,0,0.0005499518
5,11419,0,0.0020297281
5,11420,0,0.00031044768
5,11421,0,0.00043228807
5,11422,0,0.057934064
5,11423,0,0.028866911
5,11424,0,0.022619657
5,11425,0,0.00065710454
5,11426,0,0.021103302
5,11427,0,0.12613082
5,11428,0,0.009126612
5,11429,0,0.0050288956
5,11430,0,0.014081953
5,11431,0,0.00019559392
5,11432,0,0.035993166
5,11433,0,0.00014079995
5,11434,0,0.0004072143
5,11435,0,0.0006278606
5,11436,0,0.0036191363
5,11437,0,0.040008478
5,11438,0,0.0005429672
5,11439,0,7.5466734e-05
5,11440,0,0.0008297014
5,11441,0,0.00033920832
5,11442,0,0.0045481836
5,11443,0,0.00040707883
5,11444,0,1.5015954e-05
5,11445,0,2.3442815e-05
5,11446,0,0.0022093314
5,11447,0,0.0065791607
5,11448,0,0.0052944287
5,11449,0,0.0049308725
5,11450,0,0.0015713501
5,11451,0,0.000607987
5,11452,0,0.01526722
5,11453,0,0.00057418906
5,11454,0,0.00062005373
5,11455,0,0.0048873117
5,11456,0,0.0013986042
5,11457,0,0.0020528105
5,11458,0,0.0014500348
5,11459,0,9.080829e-05
5,11460,0,0.00100458
5,11461,0,0.002974276
5,11462,0,1.8957067e-05
5,11463,0,0.0054052128
5,11464,0,2.9638086e-06
5,11465,0,0.056922533
5,11466,0,0.0017292143
5,11467,0,0.0003038922
5,11468,0,4.8250073e-05
5,11469,0,0.008448071
5,11470,0,0.04380742
5,11471,0,0.021164462
5,11472,0,0.49965215
5,11473,0,0.0019883513
5,11474,0,0.07734409
5,11475,0,0.00047065993
5,11476,0,0.012183179
5,11477,0,0.08009231
5,11478,0,0.00056259515
5,11479,0,0.004104821
5,11480,0,0.007488739
5,11481,0,0.0013226495
5,11482,0,0.0023677521
5,11483,0,0.0036883033
5,11484,0,0.0001868114
5,11485,0,0.2871033
5,11486,0,0.0013651515
5,11487,0,0.0008937624
5,11488,0,0.007533406
5,11489,0,0.00064245315
5,11490,0,0.0032026873
5,11491,0,0.0007709795
5,11492,0,0.00036466724
5,11494,0,0.0036704142
5,11495,0,0.06962219
5,11496,0,0.043221176
5,11497,0,0.008374468
5,11498,0,0.0018259091
5,11499,0,0.00028814428
5,11500,0,0.00084884354
5,11501,0,8.948585e-05
5,11502,0,0.00065186375
5,11503,0,1.7144894e-05
5,11504,0,0.00027793608
5,11505,0,0.0023357102
5,11506,0,0.0015853711
5,11507,0,0.0008161593
5,11508,0,0.007594659
5,11509,0,0.0019479443
5,11510,0,0.0054236837
5,11511,0,0.030130895
5,11512,0,0.007880259
5,11513,0,0.0021454655
5,11514,0,9.1507085e-05
5,11515,0,0.043857623
5,11516,0,0.00042757907
5,11517,0,0.003933854
5,11518,0,0.003201441
5,11519,0,0.0012955656
5,11520,0,0.00085335743
5,11521,0,0.0028260103
5,11522,0,0.007951738
5,11523,0,0.0011104923
5,11524,0,0.0002833558
5,11525,0,0.043451387
5,11526,0,0.0025326936
5,11527,0,0.0008883879
5,11528,0,0.0016977142
5,11529,0,0.09497866
5,11530,0,0.00014944516
5,11531,0,0.01073966
5,11532,0,0.0021262255
5,11533,0,0.00053141365
5,11534,0,0.0026159822
5,11535,0,0.007237744
5,11536,0,0.0073535987
5,11537,0,0.0021156792
5,11538,0,0.0016033885
5,11539,0,0.0059716706
5,11540,0,0.00016454938
5,11541,0,0.00089850463
5,11542,0,0.005009733
5,11543,0,0.004262995
5,11544,0,0.006585166
5,11545,0,7.8043275e-05
5,11546,0,0.000900264
5,11547,0,0.004397759
5,11548,0,0.00044306976
5,11549,0,0.002459874
5,11550,0,0.0014097333
5,11551,0,0.0002161857
5,11552,0,0.002160889
5,11553,0,0.0006201294
5,11554,0,0.0009128729
5,11555,0,0.0025926696
5,11556,0,0.0006058773
5,11557,0,0.020705618
5,11558,0,0.00022126148
5,11559,0,0.0019728257
5,11560,0,0.010521712
5,11561,0,0.0067201145
5,11562,0,0.021796264
5,11563,0,0.0002688663
5,11564,0,0.06626793
5,11565,0,0.00028121058
5,11566,0,0.0034407172
5,11567,0,0.004298198
5,11568,0,0.00069039606
5,11569,0,0.0004171614
5,11570,0,0.099550374
5,11571,0,0.003211686
5,11572,0,0.006676912
5,11573,0,0.01630036
5,11574,0,0.0020948618
5,11575,0,0.009358268
5,11576,0,0.0030351877
5,11577,0,8.008647e-05
5,11578,0,0.00507331
5,11579,0,0.0008258994
5,11581,0,0.007323815
5,11582,0,0.086061664
5,11583,0,0.0012826095
5,11584,0,0.00016013913
5,11585,0,0.00086595217
5,11586,0,0.0057464857
5,11587,0,0.0007782039
5,11588,0,0.00022757305
5,11589,0,0.00020347083
5,11590,0,0.020194478
5,11591,0,0.0001407209
5,11592,0,0.0033261343
5,11593,0,0.00072669383
5,11594,0,0.012341766
5,11595,0,0.0058586607
5,11596,0,0.0038262138
5,11597,0,0.015867356
5,11598,0,3.314705e-05
5,11599,0,0.000623936
5,11600,0,0.0003207062
5,11601,0,0.00022578998
5,11602,0,0.09583856
5,11603,0,0.00023472545
5,11604,0,9.9799756e-05
5,11605,0,0.002805456
5,11606,0,0.008592421
5,11607,0,0.00026406607
5,11608,0,0.00037004144
5,11609,0,0.0024428244
5,11610,0,0.01693675
5,11611,0,0.00043046556
5,11612,0,0.0012218532
5,11613,0,0.034367535
5,11614,0,0.00045165728
5,11615,0,0.0009178341
5,11616,0,0.6295002
5,11617,0,0.024957282
5,11618,0,0.007469292
5,11619,0,0.00042142463
5,11620,0,0.00021955819
5,11621,0,0.0038407973
5,11622,0,0.0007824491
5,11623,0,0.034919105
5,11624,0,0.0018784971
5,11625,0,0.008650489
5,11626,0,0.0001715313
5,11627,0,0.00027255318
5,11628,0,0.010237241
5,11629,0,0.050930817
5,11630,0,0.003354537
5,11631,0,0.031802237
5,11632,0,9.304171e-05
5,11633,0,0.06594796
5,11634,0,0.0237891
5,11635,0,0.0017736675
5,11636,0,0.00087585486
5,11638,0,9.898475e-06
5,11639,0,0.0009882485
5,11640,0,0.0035841968
5,11641,0,0.00082721945
5,11642,0,0.012955353
5,11643,0,0.0004394157
5,11644,0,0.0003935043
5,11645,0,0.0027411673
5,11646,0,0.0010024197
5,11647,0,0.007140517
5,11648,0,0.018503675
5,11649,0,0.00023660458
5,11650,0,0.0047829924
5,11651,0,0.0005536138
5,11652,0,0.00023060564
5,11653,0,0.00083270686
5,11654,0,0.0006059608
5,11655,0,0.00019406747
5,11656,0,0.009920285
5,11657,0,0.00042570295
5,11658,0,0.00050399255
5,11659,0,0.005235202
5,11660,0,0.00082723686
5,11661,0,0.00036329697
5,11662,0,0.00021153755
5,11663,0,0.00092524034
5,11664,0,0.00015056468
5,11665,0,0.0013934497
5,11666,0,0.008802714
5,11667,0,0.022452323
5,11668,0,0.26257452
5,11669,0,0.002008055
5,11670,0,0.0010257756
5,11671,0,0.0046096705
5,11672,0,0.0052557914
5,11673,0,0.000934195
5,11674,0,0.007227007
5,11675,0,0.0004905197
5,11676,0,0.00015196926
5,11677,0,0.35138756
5,11678,0,0.0007986691
5,11679,0,0.0010532947
5,11680,0,0.0005685667
5,11681,0,0.00024242091
5,11682,0,0.0008953976
5,11683,0,0.00059091597
5,11684,0,0.0021492478
5,11685,0,0.0008491639
5,11686,0,0.0035002837
5,11687,0,0.00011761722
5,11688,0,4.182745e-05
5,11689,0,0.0006638232
5,11690,0,0.0023215672
5,11692,0,0.028756844
5,11694,0,0.0019749948
5,11695,0,0.00034467768
5,11696,0,4.5334098e-05
5,11697,0,0.0011909283
5,11698,0,0.0010567547
5,11699,0,0.00084738486
5,11700,0,0.0030188821
5,11701,0,0.00027101583
5,11702,0,0.0013419451
5,11703,0,5.617484e-05
5,11704,0,0.0006116081
5,11705,0,0.00032298415
5,11706,0,0.0025392578
5,11707,0,0.0026560463
5,11708,0,0.031847708
5,11709,0,0.00042670444
5,11710,0,0.0026960033
5,11711,0,0.0028175053
5,11712,0,0.0017441141
5,11713,0,4.3886113e-05
5,11714,0,0.0108176675
5,11715,0,0.00013970905
5,11716,0,0.00024439354
5,11717,0,0.00047305235
5,11718,0,0.00051533664
5,11719,0,0.00066808925
5,11720,0,0.0009662681
5,11721,0,0.0031958034
5,11722,0,0.003114243
5,11723,0,0.010008835
5,11724,0,3.690268e-05
5,11725,0,0.00012354563
5,11726,0,0.0021117928
5,11727,0,0.17722826
5,11728,0,0.0018381316
5,11729,0,0.00068953796
5,11730,0,0.00028127173
5,11731,0,0.0050518024
5,11732,0,0.00426258
5,11733,0,0.0020007095
5,11734,0,0.0087233465
5,11735,0,0.0057856333
5,11736,0,0.033447452
5,11737,0,0.0896573
5,11738,0,0.095668666
5,11739,0,0.14912826
5,11740,0,0.0057540834
5,11741,0,0.035439536
5,11742,0,0.003081188
5,11743,0,0.038774166
5,11744,0,0.0024868185
5,11745,0,0.00031777285
5,11746,0,0.0006719989
5,11747,0,0.0033572642
5,11748,0,0.0024372647
5,11749,0,0.007138435
5,11750,0,0.012274553
5,11751,0,0.00042233392
5,11752,0,0.030238992
5,11753,0,0.16563626
5,11754,0,0.25683194
5,11755,0,0.5618687
5,11756,0,0.0008353824
5,11757,0,0.00647336
5,11758,0,0.00039881867
5,11759,0,0.0023158973
5,11760,0,0.00448961
5,11762,0,0.0005804047
5,11763,0,0.0024286185
5,11764,0,6.641108e-05
5,11765,0,0.0008036669
5,11766,0,0.0010151207
5,11767,0,4.104034e-05
5,11768,0,0.0014871648
5,11769,0,0.0072553144
5,11770,0,0.007804811
5,11772,0,0.005064093
5,11773,0,0.00018346767
5,11774,0,0.037613165
5,11775,0,0.011891994
5,11776,0,0.0018490226
5,11777,0,7.2881994e-05
5,11778,0,0.00020545052
5,11779,0,0.002616384
5,11780,0,0.00012943654
5,11781,0,1.746068e-05
5,11782,0,0.009620659
5,11783,0,0.0012700792
5,11784,0,0.0005891529
5,11785,0,0.0017701867
5,11786,0,0.0028649047
5,11787,0,0.01825656
5,11788,0,0.00022950431
5,11789,0,0.032927636
5,11790,0,0.0014210186
5,11791,0,0.0043450547
5,11792,0,0.0055544297
5,11793,0,0.0007321171
5,11794,0,0.03259512
5,11795,0,0.00013018677
5,11796,0,0.0002862754
5,11797,0,0.00022613145
5,11798,0,0.018351877
5,11799,0,0.0064701904
5,11800,0,0.00019315588
5,11801,0,0.0022245022
5,11802,0,0.018120274
5,11803,0,0.008936734
5,11804,0,0.0009547563
5,11805,0,0.0030886715
5,11806,0,0.00045292295
5,11807,0,0.0027080742
5,11808,0,0.0074819685
5,11809,0,0.1825122
5,11810,0,0.0024830608
5,11811,0,8.4315274e-05
5,11812,0,0.00020948882
5,11813,0,0.0005014588
5,11814,0,0.00021168786
5,11815,0,0.00046815982
5,11816,0,0.005545163
5,11817,0,0.00057925633
5,11818,0,0.0011655833
5,11819,0,0.0059667113
5,11820,0,0.0007010013
5,11821,0,0.0018147333
5,11822,0,2.2538243e-05
5,11823,0,0.008078913
5,11824,0,0.0010801922
5,11825,0,0.017426336
5,11826,0,0.0068588746
5,11827,0,0.00055119867
5,11828,0,0.06413612
5,11829,0,0.04260404
5,11830,0,0.003145513
5,11831,0,0.0069269706
5,11832,0,0.0006435936
5,11833,0,0.00057269505
5,11834,0,0.0005751794
5,11835,0,0.032680202
5,11836,0,0.00018572428
5,11837,0,0.0007290926
5,11838,0,0.0024554047
5,11839,0,0.008425278
5,11840,0,0.0007068066
5,11841,0,0.08068595
5,11842,0,0.0011263046
5,11843,0,0.010890301
5,11844,0,0.0010773938
5,11845,0,0.0011374067
5,11846,0,0.022244187
5,11847,0,0.023044283
5,11848,0,0.0004312599
5,11849,0,0.00032372677
5,11850,0,0.0006143601
5,11851,0,0.055315435
5,11852,0,0.0032539093
5,11853,0,0.004452542
5,11854,0,0.011019914
5,11855,0,0.013616089
5,11856,0,0.0131521365
5,11857,0,0.00045980883
5,11858,0,0.3107284
5,11859,0,0.044922467
5,11860,0,0.004016959
5,11861,0,0.00048209066
5,11862,0,0.008609208
5,11863,0,0.0008721909
5,11864,0,0.0033323062
5,11865,0,0.015160081
5,11866,0,0.12645842
5,11867,0,0.0009541088
5,11868,0,0.0006135096
5,11869,0,0.0006003229
5,11871,0,0.00047302374
5,11872,0,0.02213258
5,11873,0,0.0011630778
5,11874,0,0.01500659
5,11875,0,0.021872308
5,11876,0,0.0009328391
5,11877,0,0.0009973514
5,11878,0,0.0029555468
5,11879,0,0.00013617729
5,11880,0,0.0001563211
5,11881,0,0.00025632247
5,11882,0,0.012579178
5,11883,0,0.00026253803
5,11884,0,0.0218039
5,11885,0,0.010099449
5,11886,0,0.063475415
5,11887,0,0.010336353
5,11888,0,0.005105585
5,11889,0,0.0072438587
5,11890,0,0.00077476987
5,11891,0,0.024865545
5,11892,0,0.0040119393
5,11893,0,0.0048047313
5,11894,0,0.0002401501
5,11895,0,0.0009500962
5,11897,0,0.48432836
5,11898,0,5.7305348e-05
5,11899,0,0.00083347486
5,11900,0,0.0015042932
5,11901,0,0.0059236097
5,11902,0,0.0006619718
5,11903,0,0.0012930484
5,11904,0,0.0015851952
5,11905,0,0.002363052
5,11906,0,0.34198135
5,11907,0,0.0003743027
5,11908,0,0.0007579969
5,11909,0,0.0028781919
5,11910,0,0.18419676
5,11911,0,0.0014952323
5,11912,0,0.010441996
5,11913,0,0.00035887872
5,11914,0,4.274837e-05
5,11915,0,0.002707018
5,11916,0,0.0014114334
5,11917,0,0.00080366083
5,11918,0,0.0012624664
5,11919,0,4.6290745e-05
5,11920,0,0.0031738111
5,11921,0,5.043059e-05
5,11922,0,0.0034358287
5,11923,0,0.0010110447
5,11924,0,0.00014980583
5,11925,0,0.020206507
5,11926,0,9.09563e-05
5,11927,0,0.00047053027
5,11928,0,0.002083728
5,11929,0,0.0024329026
5,11930,0,0.041359935
5,11931,0,8.2640145e-05
5,11932,0,0.001963766
5,11933,0,0.03647184
5,11934,0,0.00080069184
5,11935,0,0.0043786597
5,11936,0,0.00012034721
5,11937,0,0.02192617
5,11938,0,0.016424835
5,11939,0,0.0015678499
5,11940,0,0.003392228
5,11941,0,0.0007628855
5,11942,0,0.0006039793
5,11943,0,0.010123925
5,11944,0,0.056351773
5,11945,0,0.023856169
5,11946,0,0.0069764955
5,11947,0,0.0013853717
5,11948,0,0.00012887076
5,11949,0,0.001317705
5,11951,0,7.913359e-05
5,11952,0,0.07919493
5,11953,0,0.0011538403
5,11954,0,0.000560574
5,11955,0,0.0013754134
5,11956,0,0.00022778817
5,11957,0,0.011611292
5,11958,0,0.005657537
5,11959,0,0.00019631439
5,11960,0,0.061525173
5,11961,0,0.0022007893
5,11962,0,0.00025612875
5,11963,0,2.8777806e-05
5,11964,0,0.010701221
5,11965,0,0.00020892729
5,11966,0,0.0014906013
5,11967,0,0.004041408
5,11968,0,0.037674576
5,11969,0,0.0029976976
5,11970,0,0.0010845662
5,11971,0,0.01596584
5,11972,0,0.00061932666
5,11973,0,1.9672947e-05
5,11974,0,5.3469244e-05
5,11975,0,0.0067711845
5,11976,0,0.017111506
5,11977,0,0.0011618265
5,11978,0,0.00053757144
5,11979,0,0.0034511955
5,11980,0,0.0056529674
5,11981,0,0.002613893
5,11982,0,0.003265389
5,11983,0,0.010539554
5,11984,0,0.0015924203
5,11985,0,0.00018719118
5,11986,0,0.11889269
5,11988,0,0.00045181147
5,11989,0,0.0042652464
5,11990,0,0.002944849
5,11991,0,0.0033471736
5,11992,0,8.413264e-05
5,11993,0,7.475115e-05
5,11994,0,0.00013932618
5,11995,0,0.000112130234
5,11996,0,0.021984318
5,11997,0,0.014878249
5,11998,0,0.0001158769
5,11999,0,0.00057989435
