seq_id,true_efficiency,binary_label,pred_efficiency,pred_probability,fold
293.0,0.963968,1,0.99780136,0.5853391904137435,1
376.0,0.9648797,1,0.9965318,0.632762839452023,1
691.0,0.96963954,1,0.9977187,0.5884272937572221,1
835.0,0.9747179,1,1.0054798,0.2985196251527909,1
1125.0,0.9759482,1,0.9972359,0.6064616391661453,1
1387.0,0.9504617,1,0.9987947,0.5482351945816811,1
1408.0,0.95674187,1,0.9990066,0.5403178943009241,1
1437.0,0.96004707,1,1.0023836,0.4141754407838929,1
1492.0,0.86909777,1,0.99584025,0.6585942561723104,1
1753.0,0.95917565,1,1.0001055,0.4992708335652565,1
1951.0,0.9662205,1,1.0000403,0.5017065834266592,1
1972.0,0.96477526,1,0.9953607,0.6765083726118408,1
1990.0,0.9790799,1,1.000886,0.4701175349498935,1
2020.0,0.97316897,1,0.9902498,0.8674186172332643,1
2199.0,0.95764774,1,1.0002282,0.4946887739539523,1
2225.0,0.9587548,1,0.9989907,0.5409123597606998,1
2469.0,0.910532,1,1.0026295,0.4049890569373229,1
2565.0,0.9549643,1,1.0004144,0.4877333054283379,1
3270.0,0.977602,1,0.99911624,0.5362234299543798,1
3420.0,0.9745005,1,0.99682075,0.621968949755423,1
4341.0,0.9772427,1,0.99909383,0.5370605798153372,1
4456.0,0.9631903,1,1.0012321,0.4571862413529767,1
4501.0,0.93248504,1,0.99714965,0.6096833302533937,1
5495.0,0.9749305,1,1.0031688,0.3848440251768368,1
5948.0,0.9767311,1,0.9955834,0.6681880826373783,1
6159.0,0.9143982,1,0.99414647,0.7218636380840846,1
6357.0,0.9718377,1,0.9984127,0.562502365616296,1
6666.0,0.9621851,1,1.004727,0.3266398452163342,1
6686.0,0.9381395,1,0.9987357,0.5504371658914866,1
6946.0,0.95483077,1,1.0054245,0.3005857822564306,1
7813.0,0.89361775,1,0.9977171,0.5884874082419185,1
7852.0,0.97094744,1,0.99681425,0.6222116341566049,1
8253.0,0.9781752,1,0.998115,0.5736235452851319,1
8335.0,0.9767329,1,0.9920639,0.7996562342060324,1
8705.0,0.97247785,1,1.0022869,0.4177867627904699,1
8824.0,0.9550271,1,0.99961615,0.5175500898377576,1
9163.0,0.978542,1,0.99737,0.6014520987747778,1
9296.0,0.93801,1,0.99815714,0.5720494363710444,1
9300.0,0.96744764,1,1.0003781,0.4890869945652053,1
9316.0,0.88190097,1,0.9961119,0.6484460405705978,1
9637.0,0.96455216,1,0.9976964,0.5892599906933872,1
9954.0,0.9784533,1,0.9990604,0.5383096252195849,1
9978.0,0.97843593,1,0.9988917,0.5446105138007271,1
9992.0,0.91868657,1,0.99776345,0.5867552204977033,1
10222.0,0.95057166,1,1.0006493,0.478956590662662,1
11014.0,0.92918193,1,0.99973494,0.5131127502822042,1
11139.0,0.9655628,1,0.9971602,0.6092892464092727,1
11987.0,0.9403703,1,0.99821836,0.5697628594901847,1
12.0,0.997322,0,1.0098536,0.1351418145223236,1
13.0,1.007283,0,1.0026671,0.4035863856277399,1
28.0,1.0001585,0,1.0044061,0.3386271187572778,1
30.0,1.0004171,0,0.9992936,0.5295974778633976,1
31.0,1.0042282,0,0.99933064,0.5282148447153802,1
33.0,1.0025082,0,0.9916567,0.8148651988342243,1
37.0,0.9953323,0,1.0056111,0.2936169549564392,1
44.0,0.9994775,0,0.99925786,0.5309333553010956,1
47.0,0.9970823,0,1.0039318,0.3563453065059457,1
58.0,1.0066459,0,1.0037761,0.3621608262847244,1
63.0,1.0011867,0,1.004996,0.3165940468848451,1
82.0,0.99580604,0,1.0036954,0.3651754563691296,1
88.0,1.0062581,0,1.003478,0.3732931382655412,1
95.0,0.9988716,0,1.0064249,0.2632168373992247,1
102.0,1.0011512,0,1.000439,0.4868115499963263,1
105.0,0.99844706,0,1.0030432,0.3895374079079491,1
111.0,1.003794,0,1.0082452,0.1952206758203957,1
113.0,0.9965275,0,0.99314845,0.7591435244454439,1
119.0,1.0001208,0,0.99657434,0.6311731453011624,1
122.0,1.0032104,0,1.0018398,0.4344896836864873,1
124.0,1.0024829,0,1.0041844,0.3469095588710055,1
125.0,1.0013933,0,0.9975919,0.5931629792738615,1
126.0,0.999965,0,1.0036191,0.3680253282362188,1
128.0,1.0078332,0,1.0038847,0.3581042117989148,1
130.0,0.9950357,0,1.0039805,0.3545240602658841,1
132.0,1.0086755,0,1.0035305,0.3713338513569175,1
138.0,0.9963762,0,1.0020808,0.4254858697564028,1
150.0,1.0050906,0,1.0009294,0.4684966703254866,1
154.0,1.0015435,0,0.99924874,0.5312740040477086,1
158.0,1.0016586,0,1.0008837,0.4702021405209476,1
166.0,0.9810586,0,1.0016193,0.4427231416274995,1
168.0,1.0010816,0,0.9966596,0.6279893040746488,1
173.0,1.0034077,0,1.0022423,0.4194521566628,1
175.0,1.0003172,0,1.00428,0.3433383131875595,1
176.0,0.9941412,0,1.002853,0.3966398229517103,1
182.0,1.0054811,0,1.0026089,0.4057594129263954,1
188.0,1.0021546,0,1.0058291,0.2854725555112737,1
191.0,0.9987025,0,1.0024161,0.4129597923155876,1
197.0,1.003302,0,1.0001801,0.4964833026452599,1
204.0,0.9994812,0,0.9999874,0.5036814555720561,1
219.0,1.0052122,0,0.99788195,0.5823290132541307,1
221.0,1.0058569,0,1.0033712,0.377282958879466,1
231.0,1.0012996,0,1.0019617,0.4299343416239372,1
242.0,0.9984413,0,1.0009582,0.4674190625257435,1
249.0,0.9991132,0,1.0028355,0.3972944028961822,1
252.0,0.99498534,0,1.0029994,0.391171631306733,1
256.0,1.0019977,0,1.0032231,0.3828179443963281,1
258.0,0.9981386,0,1.0004232,0.4874037889937058,1
267.0,0.9905283,0,1.0037621,0.3626818184854267,1
271.0,1.003589,0,0.9979791,0.5786998795483844,1
275.0,1.0032564,0,1.0010041,0.4657046864806977,1
279.0,1.0042193,0,0.99801344,0.5774174372081943,1
280.0,1.0087185,0,0.9997122,0.5139610324551424,1
282.0,1.0052481,0,1.004675,0.3285813204257887,1
283.0,0.9951412,0,1.0043279,0.3415482374210441,1
285.0,1.0038764,0,1.0012352,0.4570704653083761,1
288.0,1.0000215,0,0.9959709,0.6537138505999203,1
296.0,1.0021222,0,1.0028595,0.3963993650129246,1
299.0,1.0003357,0,0.9984419,0.5614136255045721,1
319.0,1.0047524,0,1.0054969,0.2978828569074883,1
321.0,0.99567896,0,1.0047317,0.3264661811494335,1
322.0,1.0005126,0,0.99752873,0.5955230294137948,1
325.0,0.99915606,0,1.006046,0.277368232389239,1
343.0,1.0033237,0,0.9999369,0.5055694956840027,1
345.0,1.0041595,0,1.0031353,0.3860952970434805,1
346.0,1.0013075,0,0.9980343,0.5766381753695371,1
354.0,0.99611986,0,1.0004194,0.4875462825870602,1
355.0,0.9986734,0,1.0007586,0.4748732586280983,1
357.0,1.005729,0,1.0024409,0.4120335839587837,1
362.0,0.9952585,0,1.0031095,0.3870615817234155,1
364.0,1.0044932,0,1.0047629,0.3252995148538439,1
381.0,1.0013005,0,1.0003362,0.4906544240921042,1
383.0,1.0005448,0,1.0012113,0.4579655031916338,1
386.0,1.0061753,0,1.0015962,0.4435870090372108,1
412.0,1.0021253,0,1.0032293,0.3825863923071271,1
413.0,1.0031655,0,0.9964026,0.6375875834645091,1
415.0,1.0012043,0,0.9988539,0.5460220909598947,1
422.0,1.0033476,0,1.0031081,0.3871105638961311,1
424.0,1.0075343,0,0.9967127,0.6260055260796673,1
426.0,1.000881,0,1.0001252,0.4985361009745226,1
429.0,1.0025477,0,1.0038749,0.3584693516318856,1
433.0,0.99297017,0,1.001528,0.4461340820184217,1
440.0,1.0016778,0,1.0017378,0.4382969343839267,1
449.0,1.0065156,0,1.0029982,0.3912161605546563,1
451.0,1.0012748,0,1.0054991,0.297798251336434,1
452.0,1.0015635,0,1.0055616,0.2954649187452548,1
455.0,1.000885,0,1.0022131,0.4205431232369201,1
469.0,0.99271536,0,0.9973329,0.6028391848475876,1
475.0,1.0025123,0,1.0018593,0.4337594040205458,1
477.0,1.0001925,0,0.9997784,0.511489659195401,1
480.0,1.003296,0,1.0014341,0.4496429867547752,1
505.0,1.0015374,0,0.9992107,0.5326944870564609,1
510.0,1.0068215,0,1.0012081,0.4580857321610266,1
512.0,1.0056365,0,1.0041541,0.3480406017682564,1
513.0,1.0013665,0,1.0052478,0.3071850167986587,1
518.0,0.99741507,0,0.99820125,0.5704018541978835,1
524.0,1.0009304,0,1.000942,0.4680246602974999,1
525.0,1.002746,0,0.9995424,0.5203042238218117,1
528.0,1.0025661,0,1.0016564,0.4413382820170859,1
552.0,0.99896413,0,0.99895376,0.5422927664463211,1
559.0,0.9972519,0,1.0010395,0.4643821678173766,1
562.0,0.9998887,0,0.9998887,0.5073684773001026,1
563.0,1.0018225,0,1.0014349,0.4496118162812289,1
567.0,0.9988742,0,1.0045917,0.331693914855625,1
568.0,0.9956305,0,0.9940613,0.7250452528482021,1
573.0,1.0022451,0,0.99744314,0.5987202294146853,1
575.0,1.0025735,0,1.0021522,0.4228185678057991,1
577.0,0.99948007,0,1.0018096,0.435616273658946,1
582.0,1.0012698,0,0.9976825,0.5897787564316932,1
588.0,1.0068009,0,1.0029408,0.3933624703045578,1
593.0,1.0088252,0,0.99937516,0.5265516773054462,1
605.0,1.0030429,0,1.0022244,0.4201200953816491,1
613.0,1.0046797,0,0.99804586,0.5762062416646814,1
620.0,0.998745,0,1.0008508,0.4714311477636298,1
621.0,1.0009671,0,1.0012083,0.458076826311442,1
623.0,1.002889,0,1.0027534,0.4003624680780954,1
625.0,1.0031552,0,1.0056155,0.2934521967391231,1
629.0,0.99684274,0,1.0012491,0.4565539260324662,1
637.0,1.0011358,0,1.0010283,0.4648007427478553,1
641.0,0.9986429,0,1.0006567,0.4786805093255377,1
646.0,1.0043287,0,0.9985021,0.5591648984844471,1
648.0,1.0018275,0,0.9978854,0.5821998784351532,1
653.0,0.9960408,0,1.0082911,0.1935062997753499,1
657.0,0.99874926,0,0.999813,0.5101960845432301,1
658.0,1.0005364,0,1.002587,0.4065787510881835,1
663.0,1.0019596,0,1.001981,0.4292129678075802,1
670.0,1.0043476,0,0.998962,0.5419855146356505,1
695.0,0.99960315,0,1.001748,0.4379184357765789,1
696.0,1.0038033,0,0.99996674,0.5044540380235247,1
702.0,1.0026969,0,1.0011947,0.4585844597377673,1
711.0,1.0062516,0,1.0051694,0.3101150413120097,1
712.0,1.0066682,0,1.0046463,0.3296544753007394,1
715.0,1.0051152,0,0.9989087,0.5439759720178206,1
718.0,0.9992922,0,1.0000998,0.4994845739552882,1
723.0,0.99842644,0,1.0069705,0.2428358006247453,1
725.0,0.99390984,0,1.0018133,0.4354782329903839,1
726.0,1.00508,0,1.0014361,0.4495672870333056,1
728.0,1.0002798,0,1.0024152,0.4129954157139263,1
732.0,0.99882865,0,0.9967017,0.6264151951605613,1
736.0,0.99941945,0,1.0001044,0.4993109098883874,1
744.0,1.0043354,0,0.99795294,0.5796772965403001,1
748.0,0.9996492,0,0.9998421,0.5091095708939024,1
757.0,0.9995532,0,0.9974147,0.5997822519776552,1
759.0,1.0054845,0,1.0031729,0.3846926257338976,1
760.0,1.0024792,0,1.0005617,0.4822294903850221,1
766.0,0.9951733,0,1.0021781,0.4218522831258641,1
767.0,1.0067136,0,1.0002658,0.4932816497195771,1
770.0,0.99793047,0,0.99822974,0.5693376051725174,1
772.0,1.001027,0,0.99980766,0.5103964661588848,1
774.0,0.99697596,0,1.0051572,0.310569239640827,1
779.0,1.0025597,0,1.0045689,0.3325444234909595,1
781.0,1.0010453,0,1.0016297,0.442335737170567,1
784.0,0.9976718,0,0.9973325,0.6028525436219645,1
786.0,1.0019311,0,1.001774,0.4369476981718517,1
793.0,0.9909028,0,1.0021852,0.4215851076383246,1
794.0,1.001035,0,0.99582595,0.6591286071473896,1
798.0,1.0011351,0,1.0011705,0.4594884034706096,1
799.0,1.00151,0,0.9971198,0.6107987879138715,1
802.0,0.9988397,0,0.9958931,0.6566193840269134,1
812.0,1.0033841,0,0.99936396,0.5269702522359249,1
813.0,1.0010805,0,1.0012368,0.4570125772860759,1
817.0,0.99950236,0,0.9971048,0.6113576299753085,1
821.0,1.0016944,0,1.0049539,0.3181659293365364,1
824.0,0.99993736,0,1.0021081,0.4244661499789599,1
841.0,1.0031514,0,1.0015526,0.4452167795112024,1
843.0,0.99471277,0,0.9991951,0.5332778202042556,1
844.0,1.0036678,0,1.0028754,0.3958026730907528,1
850.0,1.0021653,0,0.9978676,0.582865590691606,1
851.0,0.9997684,0,1.0041461,0.3483389477293424,1
852.0,1.0030212,0,1.0046916,0.3279623638796552,1
855.0,1.0001694,0,0.99769,0.5894982221697767,1
857.0,0.99708796,0,1.0023891,0.4139706062434458,1
859.0,0.9955604,0,1.0031586,0.3852269767089769,1
862.0,1.0040704,0,0.99941593,0.5250287770264704,1
873.0,1.0047151,0,0.9970604,0.6130163444604502,1
877.0,1.0064342,0,1.0055807,0.2947524507784825,1
879.0,1.0066997,0,1.0041697,0.3474572686204616,1
880.0,1.0029756,0,1.0014882,0.4476213588990588,1
890.0,0.9940258,0,1.0031887,0.3841003867365182,1
894.0,0.98121285,0,1.0007502,0.4751894162883536,1
900.0,1.0007604,0,1.0037545,0.3629668056721356,1
901.0,1.0010977,0,1.0065801,0.2574191293196153,1
916.0,1.0015212,0,1.0019202,0.4314839594516668,1
928.0,1.0071788,0,1.0052038,0.3088281460470273,1
930.0,1.000233,0,1.0032884,0.380377741610133,1
931.0,1.0005212,0,0.9960462,0.6509018285935659,1
934.0,0.99978435,0,1.0078809,0.2088288139857461,1
935.0,1.0022762,0,1.003132,0.3862199789376657,1
953.0,0.99064654,0,0.99514884,0.6844212199678054,1
960.0,1.0016353,0,0.99889785,0.5443811881739223,1
964.0,1.000078,0,1.005201,0.3089350162420432,1
970.0,0.9869195,0,0.99770266,0.58902621214179,1
971.0,1.0024123,0,0.9981277,0.5731493087947491,1
976.0,1.0041575,0,1.0002339,0.4944750335639206,1
978.0,0.99994594,0,1.0036818,0.3656830897954549,1
983.0,1.002477,0,1.006103,0.2752397343385069,1
987.0,0.9945877,0,1.0019811,0.4292085148827879,1
995.0,1.0008855,0,1.0009422,0.4680157544479152,1
997.0,0.9959473,0,1.0023736,0.4145494864664483,1
1000.0,1.002126,0,1.0036759,0.3659012831102789,1
1008.0,1.0039222,0,1.0028156,0.3980380413365009,1
1010.0,1.002924,0,1.0025493,0.4079858753225587,1
1011.0,1.0004658,0,0.9988423,0.5464562511271466,1
1014.0,0.99912405,0,1.0021768,0.4219012652985797,1
1018.0,1.0047908,0,1.0025218,0.4090145009495862,1
1023.0,1.00223,0,1.001093,0.462382804585622,1
1033.0,0.99658805,0,1.0009692,0.4670093934448494,1
1036.0,0.9986342,0,0.9990969,0.536947030233133,1
1044.0,0.9990174,0,1.0039035,0.3574006496817272,1
1054.0,1.0014198,0,1.0039115,0.3571023037206413,1
1055.0,1.0017915,0,1.000027,0.5022053110033998,1
1060.0,0.9983275,0,0.9993912,0.5259527589208782,1
1064.0,1.0012769,0,0.9994015,0.5255675809263419,1
1068.0,1.0075563,0,1.0010024,0.4657670274277903,1
1069.0,1.0018028,0,1.002669,0.4035151388310627,1
1070.0,0.9945203,0,0.99386454,0.7323948052179372,1
1073.0,0.9979118,0,0.9965195,0.6332214907056327,1
1079.0,1.0029718,0,0.99849486,0.5594343004343828,1
1080.0,1.0129182,0,0.9963019,0.6413503049140252,1
1081.0,1.0029095,0,1.0003531,0.4900221087715939,1
1082.0,0.9970945,0,0.99905366,0.5385612154703513,1
1087.0,1.0015392,0,1.0053153,0.3046646613662018,1
1094.0,1.000758,0,1.0026432,0.4044769705862052,1
1095.0,1.0085012,0,1.0010204,0.4650946357841489,1
1099.0,1.0030099,0,1.0016651,0.441013218507246,1
1106.0,1.0036168,0,1.0055742,0.2949929087172682,1
1111.0,0.99911493,0,1.0031699,0.3848039488537058,1
1116.0,1.0009025,0,1.0046,0.3313822101201622,1
1131.0,1.0008172,0,1.0016298,0.4423312842457747,1
1140.0,0.99851614,0,0.9994798,0.5226442358001795,1
1143.0,0.9995643,0,1.0022602,0.418784217943951,1
1150.0,1.0037346,0,1.002668,0.4035507622294013,1
1152.0,0.9988845,0,1.0014083,0.4506048185099177,1
1160.0,1.001786,0,0.9926704,0.776999752862674,1
1170.0,0.99827135,0,1.0034317,0.3750253260097563,1
1182.0,1.0004054,0,1.0012202,0.4576315338322093,1
1185.0,1.001176,0,1.0055256,0.2968097020325375,1
1187.0,0.99810696,0,0.9991112,0.5364126792580537,1
1189.0,1.0021485,0,1.0023012,0.4172524118153906,1
1198.0,0.99933064,0,0.9974803,0.5973331433418756,1
1201.0,0.9999937,0,0.9990913,0.537154091235976,1
1205.0,0.9961494,0,1.0023953,0.4137390541542448,1
1206.0,0.99484694,0,1.0027199,0.4016137399447392,1
1208.0,1.000495,0,1.003131,0.3862556023360043,1
1209.0,0.9947094,0,1.0019362,0.430887267529495,1
1210.0,0.99760854,0,1.001804,0.4358255611241853,1
1211.0,0.99741197,0,0.9986462,0.553781312410524,1
1214.0,0.9821698,0,0.99845934,0.5607612720224961,1
1222.0,0.9976871,0,0.99847585,0.560144541938759,1
1224.0,0.99996126,0,1.0005879,0.4812498469307102,1
1226.0,1.0001872,0,0.9954138,0.6745245946168592,1
1227.0,0.998639,0,0.9996743,0.5153770625391023,1
1228.0,1.0026354,0,1.0043352,0.3412766090087121,1
1232.0,0.9980442,0,1.0009398,0.4681048129437618,1
1234.0,1.0021298,0,1.0013409,0.4531251739423747,1
1236.0,1.0013573,0,1.004105,0.349875206782695,1
1237.0,0.99978167,0,0.9997552,0.5123557530675086,1
1253.0,1.0007544,0,1.0017139,0.4391919722671844,1
1254.0,1.0017834,0,0.99972105,0.5136315160205102,1
1259.0,1.0025756,0,1.0034233,0.3753370307452192,1
1261.0,0.9970216,0,1.0004928,0.484803280914987,1
1265.0,1.0065017,0,1.006997,0.2418472513208488,1
1266.0,1.0023088,0,0.9988496,0.5461846227148146,1
1268.0,1.0011241,0,1.0010706,0.4632199544465794,1
1270.0,1.0009089,0,0.998769,0.5491947998744275,1
1295.0,1.0035269,0,1.0009906,0.4662078669822306,1
1298.0,1.008249,0,0.9968418,0.6211830085295774,1
1300.0,0.9967126,0,1.0020834,0.4253879054109716,1
1304.0,0.9979548,0,1.0013838,0.451522121017137,1
1309.0,0.99684745,0,1.0008382,0.4719031577916165,1
1314.0,1.0031346,0,1.0030059,0.3909311733679473,1
1317.0,1.0032716,0,0.9993175,0.5287046664425361,1
1335.0,1.0018605,0,1.0001631,0.4971200708905626,1
1337.0,1.0042713,0,0.9950391,0.6885201372391421,1
1343.0,1.0052155,0,1.0011386,0.4606817873149531,1
1352.0,1.0068179,0,0.9980384,0.5764845494642018,1
1358.0,1.0068926,0,1.0036043,0.3685774909104673,1
1361.0,1.000477,0,1.0006819,0.4777409421943568,1
1363.0,0.99719894,0,1.0077783,0.2126627822319394,1
1364.0,1.0001994,0,0.99896467,0.5418853238278232,1
1376.0,1.0003949,0,0.9998616,0.508381517690357,1
1382.0,0.99887514,0,1.0051861,0.3094916318410839,1
1388.0,0.988093,0,0.9966836,0.627092039728995,1
1394.0,1.0050913,0,0.9953833,0.6756623169012987,1
1398.0,0.9987742,0,1.0025753,0.4070151377178315,1
1399.0,1.0007647,0,1.000851,0.4714222419140452,1
1412.0,0.9971823,0,1.0023534,0.4153020307563515,1
1416.0,1.0002425,0,1.0074927,0.2233319900343543,1
1418.0,0.9989592,0,0.9987702,0.5491502706265042,1
1421.0,1.00039,0,1.0032343,0.3823993694658494,1
1424.0,0.9999757,0,1.0065821,0.2573434295981458,1
1428.0,0.9991558,0,1.0020585,0.4263185666925678,1
1434.0,0.9971473,0,1.0051081,0.3124038446552657,1
1436.0,1.0021548,0,1.001591,0.4437829377280732,1
1452.0,1.0034858,0,0.99761593,0.5922657149282078,1
1453.0,0.99836534,0,1.0001078,0.4991862279942023,1
1458.0,1.0007293,0,1.0066158,0.2560877048067096,1
1460.0,0.99493426,0,0.9991232,0.5359629338540286,1
1479.0,1.0021273,0,0.99458665,0.7054212132884181,1
1484.0,1.0081831,0,1.0046374,0.3299884446601638,1
1485.0,0.9967583,0,1.0050961,0.3128535900592907,1
1491.0,1.0000781,0,1.0025003,0.409816027412205,1
1503.0,0.99888796,0,0.99895906,0.5420946112930626,1
1506.0,0.99992174,0,1.0042613,0.3440374223799547,1
1507.0,1.0013878,0,0.9984507,0.5610841090699399,1
1508.0,1.004996,0,0.9977628,0.5867797115840612,1
1512.0,0.99600136,0,1.0021309,0.4236156413436255,1
1514.0,0.99839896,0,1.0037876,0.3617288925798687,1
1517.0,0.99306595,0,0.9996235,0.5172762349630295,1
1524.0,1.0029174,0,1.0021853,0.4215806547135322,1
1533.0,1.0028597,0,1.0074439,0.2251532362744159,1
1538.0,0.99638194,0,1.0033499,0.3780800324172925,1
1543.0,0.9960936,0,1.0018905,0.4325927377249562,1
1546.0,0.9991009,0,1.0063974,0.2642454630262522,1
1554.0,1.0028386,0,0.9991326,0.535613379257831,1
1566.0,0.99973506,0,1.0027779,0.399445165570876,1
1568.0,1.0027696,0,1.0049766,0.3173154207012021,1
1569.0,1.0044736,0,1.0046172,0.3307409889500671,1
1571.0,1.0017208,0,1.0010507,0.4639635928868979,1
1574.0,1.0042202,0,1.0022593,0.4188198413422896,1
1575.0,0.9906961,0,0.996978,0.6160955419543441,1
1577.0,1.0007806,0,0.9988959,0.5444546614329957,1
1578.0,1.0053027,0,1.001279,0.4554362419095923,1
1582.0,0.9977075,0,1.0011865,0.4588917115484378,1
1587.0,0.99660045,0,0.9961626,0.6465535475338589,1
1589.0,0.9848529,0,1.000339,0.4905475538970885,1
1590.0,0.9991104,0,1.00673,0.2518218028556607,1
1591.0,1.0011202,0,1.0050527,0.3144744546836976,1
1598.0,0.9968424,0,0.993037,0.7633070091262694,1
1599.0,0.9895722,0,0.9997315,0.5132418851011815,1
1601.0,1.0065694,0,1.0053712,0.3025762396386006,1
1612.0,1.0075781,0,0.9989636,0.5419254001509541,1
1617.0,0.9971501,0,0.9934257,0.7487860213784919,1
1620.0,1.0038075,0,1.0025753,0.4070151377178315,1
1623.0,1.0005889,0,1.0040306,0.3526538318531069,1
1635.0,0.99960274,0,1.0005338,0.4832714747864266,1
1636.0,1.0033382,0,1.0035784,0.3695437755904022,1
1637.0,1.004859,0,0.998518,0.5585704330246715,1
1648.0,1.0011142,0,1.0024832,0.4104527956575077,1
1650.0,1.0008024,0,0.9966914,0.6268003731550976,1
1652.0,1.0055035,0,0.9981569,0.5720583422206291,1
1654.0,1.0016451,0,1.004325,0.3416551076160599,1
1661.0,1.000907,0,0.99916553,0.5343821455527527,1
1662.0,1.0066096,0,1.0040411,0.3522619744713822,1
1663.0,0.99834245,0,1.0014752,0.4481067277014224,1
1664.0,1.0038506,0,1.0021852,0.4215851076383246,1
1665.0,0.99780035,0,1.002808,0.3983230285232098,1
1666.0,1.0064329,0,1.0031809,0.3843942797728118,1
1669.0,0.9989005,0,0.9989987,0.5406140137996139,1
1673.0,1.0027567,0,1.0047357,0.3263147817064944,1
1679.0,1.002557,0,1.0042531,0.3443402212658329,1
1683.0,1.0030632,0,0.99884886,0.5462113402635687,1
1701.0,1.0028265,0,0.99881154,0.5476051057235669,1
1706.0,0.9992361,0,1.0011672,0.4596130853647947,1
1708.0,0.9978036,0,1.0034064,0.3759693460657296,1
1710.0,0.99659264,0,0.99950373,0.5217491979169218,1
1713.0,1.0000789,0,1.000314,0.491482668103477,1
1718.0,0.98819727,0,1.00252,0.4090812948214711,1
1720.0,1.0073309,0,1.0037366,0.3636347443909846,1
1721.0,0.9958484,0,1.0034152,0.3756398296310974,1
1723.0,1.0017147,0,0.9998379,0.50926764972403,1
1728.0,1.0088165,0,1.0016998,0.439717417392679,1
1735.0,1.0034237,0,1.0015658,0.4447225048592541,1
1743.0,1.0084448,0,0.99870056,0.551750778705223,1
1747.0,1.0004052,0,1.003534,0.37120471653794,1
1751.0,1.0003316,0,1.0020639,0.4261181850769131,1
1757.0,1.0003418,0,0.9980215,0.5771168647847122,1
1758.0,0.99818945,0,1.0027741,0.3995876591642305,1
1759.0,1.0046676,0,1.0056338,0.2927664463211048,1
1760.0,1.0037676,0,1.0035305,0.3713338513569175,1
1761.0,0.9927137,0,1.0022517,0.4191003756042062,1
1784.0,1.0026219,0,1.0024056,0.4133516496973124,1
1787.0,1.0004382,0,1.0014634,0.4485475672558628,1
1815.0,1.000584,0,0.9995917,0.5184629394201847,1
1818.0,1.0038813,0,1.0001303,0.4983446252084526,1
1822.0,1.0048622,0,1.0018814,0.4329356129339653,1
1825.0,0.99714065,0,1.0013874,0.4513885332733672,1
1826.0,1.0017414,0,1.0018657,0.4335189460817601,1
1828.0,1.0034835,0,1.0029144,0.3943465666836619,1
1833.0,1.0014303,0,1.0035661,0.3700024268440118,1
1834.0,1.0010171,0,0.9999992,0.5032406160176157,1
1836.0,0.9988795,0,1.0036982,0.3650685861741138,1
1839.0,1.0004376,0,1.0059798,0.2798440585737727,1
1840.0,1.0056435,0,1.0006547,0.4787562090470073,1
1841.0,1.0017843,0,1.0037508,0.3631048463406977,1
1843.0,0.99328864,0,1.0022179,0.420365006245227,1
1844.0,1.0058612,0,0.9992682,0.5305481773065595,1
1846.0,1.0054537,0,1.0033258,0.3789795232253424,1
1858.0,0.99604994,0,1.0016395,0.4419705973375962,1
1862.0,1.0013164,0,1.0019315,0.4310609315963958,1
1865.0,1.0125577,0,0.9949364,0.6923563319477315,1
1870.0,1.0012965,0,1.001216,0.4577873861999407,1
1882.0,1.0038507,0,0.99750245,0.5965048993305028,1
1890.0,1.0010456,0,1.0037558,0.36291782349942,1
1904.0,1.0012459,0,1.001258,0.4562199566730417,1
1909.0,0.99579436,0,1.001546,0.4454616903747804,1
1921.0,0.9977713,0,1.0065658,0.2579534802946945,1
1925.0,1.002023,0,1.0026184,0.4054031789430092,1
1946.0,1.0069276,0,1.0018173,0.4353268335474448,1
1948.0,0.9996875,0,1.0044225,0.3380126151359366,1
1964.0,1.0000435,0,0.99761456,0.5923169235633194,1
1970.0,1.0054878,0,1.001777,0.4368319221272512,1
1986.0,1.0055058,0,1.0016816,0.440398714885905,1
1989.0,1.0051762,0,1.0021636,0.4223910870257357,1
1996.0,1.002654,0,0.99704266,0.6136798302545069,1
2006.0,1.000292,0,0.9978485,0.5835780586583783,1
2010.0,1.0057693,0,1.0022565,0.4189222586125132,1
2011.0,1.0077373,0,1.000683,0.4777008658712258,1
2018.0,1.0062585,0,0.99887055,0.5454009079513651,1
2021.0,0.99457276,0,0.997367,0.6015634218945859,1
2034.0,1.0029515,0,1.0023028,0.4171945237930904,1
2036.0,1.005195,0,0.99746543,0.5978875324785202,1
2042.0,0.9988975,0,1.0031533,0.3854229053998392,1
2043.0,1.0005815,0,1.001292,0.4549508731072287,1
2047.0,1.0062099,0,1.0005147,0.4839839427531989,1
2053.0,0.9963358,0,0.99643284,0.6364587670296542,1
2057.0,0.9980242,0,0.9990035,0.5404336703455247,1
2062.0,1.0038842,0,0.99735075,0.6021712461287385,1
2080.0,0.9978532,0,1.0051308,0.3115577889447236,1
2083.0,1.0039719,0,0.99953264,0.5206693636547826,1
2085.0,1.0048547,0,1.0004228,0.4874171477680827,1
2093.0,0.9867925,0,0.9966556,0.6281384770551918,1
2096.0,0.9979426,0,0.99766856,0.5902997486323955,1
2100.0,1.0024359,0,0.99908257,0.5374813812082121,1
2109.0,1.0033178,0,0.9969491,0.6171753762164833,1
2110.0,1.0003604,0,0.9988969,0.544416811572261,1
2111.0,1.0045418,0,0.9986528,0.5535341750845499,1
2112.0,1.002541,0,0.99881387,0.5475182736901165,1
2113.0,1.002859,0,1.0007166,0.4764451410797897,1
2116.0,1.0029088,0,0.9993729,0.5266362828765003,1
2117.0,1.0033715,0,0.9995454,0.5201929007020036,1
2125.0,0.99973214,0,0.9991765,0.5339724764718586,1
2128.0,1.0025321,0,1.0008773,0.4704425984597333,1
2132.0,0.9920356,0,0.99955946,0.5196674555765091,1
2134.0,1.0033844,0,1.0051941,0.3091932858799981,1
2135.0,0.9929759,0,1.0025219,0.4090100480247939,1
2137.0,1.0023742,0,1.0012614,0.4560952747788566,1
2144.0,0.99295837,0,1.0035487,0.3706525538636915,1
2153.0,1.0016425,0,0.9996171,0.5175144664394191,1
2156.0,1.0000447,0,1.0011041,0.4619686825799356,1
2173.0,1.0048872,0,0.9978889,0.5820685171537796,1
2178.0,0.99786574,0,0.99535996,0.6765350901605947,1
2182.0,1.0003153,0,1.0024852,0.4103815488608305,1
2194.0,1.0011892,0,0.99904156,0.5390131873367725,1
2201.0,0.99402434,0,1.0042958,0.34274607419018,1
2204.0,1.0029993,0,1.0013392,0.4531875148894673,1
2210.0,1.0088168,0,0.9989965,0.540696392908272,1
2216.0,1.0093336,0,1.0037123,0.3645431410486193,1
2226.0,0.9997305,0,0.9960049,0.6524447670341071,1
2234.0,0.98708016,0,1.0011812,0.4590876402393001,1
2240.0,0.9991283,0,1.0016905,0.4400647455264804,1
2241.0,0.9915438,0,1.0009077,0.46930710263769,1
2249.0,1.0066067,0,1.0037462,0.3632785104075985,1
2250.0,1.0033494,0,0.9969855,0.6158150076924276,1
2260.0,1.0034819,0,1.003559,0.3702696023315514,1
2265.0,0.9982533,0,1.0059856,0.2796258652589487,1
2273.0,0.9985146,0,0.99703264,0.6140538759370624,1
2285.0,0.9973647,0,1.0039892,0.3541989967560442,1
2288.0,0.9984228,0,1.0034249,0.3752791427229189,1
2289.0,1.004668,0,0.999286,0.5298824650501066,1
2295.0,1.000142,0,1.0057627,0.2879528346205997,1
2300.0,0.9958798,0,1.0008132,0.4728338190732127,1
2302.0,1.0034068,0,1.0014296,0.4498121978968836,1
2312.0,0.98673606,0,1.0055577,0.2956118652634016,1
2316.0,1.0009366,0,1.0034646,0.3737963187670742,1
2318.0,1.0021846,0,1.0025389,0.4083732797794911,1
2319.0,1.0039057,0,1.0009911,0.4661900552830613,1
2320.0,1.0017362,0,0.9986694,0.5529152185384165,1
2329.0,1.0042108,0,0.99968755,0.514882787887154,1
2330.0,1.0043086,0,1.0002754,0.492925415736191,1
2342.0,1.0022326,0,1.0064619,0.2618364307136034,1
2344.0,1.0023727,0,1.0048872,0.3206551142954471,1
2346.0,0.99589247,0,1.0002156,0.4951563310571466,1
2351.0,1.0009047,0,1.000004,0.5030602725635265,1
2354.0,0.9998666,0,1.0002371,0.4943548045945278,1
2357.0,0.9986914,0,1.0027922,0.3989108145957969,1
2361.0,0.99184287,0,0.9990903,0.5371919410967109,1
2364.0,0.9824449,0,1.0083745,0.1903937053455136,1
2365.0,1.002047,0,1.0002594,0.4935221076583627,1
2367.0,0.99929124,0,0.99769765,0.5892132349830678,1
2369.0,0.99916214,0,1.0027725,0.3996500001113231,1
2372.0,1.0030797,0,1.003443,0.3746022981544853,1
2377.0,1.0010166,0,1.0019575,0.4300901939916686,1
2378.0,0.9999839,0,1.0002011,0.4956995878818104,1
2385.0,1.0086409,0,1.0010614,0.4635628296555885,1
2397.0,0.9981547,0,1.0037171,0.3643650240569261,1
2400.0,1.0064561,0,1.001055,0.4638032875943741,1
2406.0,0.99738824,0,1.0014722,0.4482180508212307,1
2408.0,1.0058393,0,1.0009444,0.4679356018016534,1
2409.0,1.0023136,0,0.9996215,0.517349708222103,1
2411.0,1.0034114,0,1.000159,0.4972714703335018,1
2415.0,1.0020677,0,1.0020057,0.4282912123755685,1
2425.0,1.0030453,0,0.99949384,0.5221187906746849,1
2430.0,1.0006998,0,1.0014123,0.450457871991771,1
2433.0,0.991685,0,1.0027944,0.398830661949535,1
2436.0,0.99754703,0,0.99788374,0.5822622193822458,1
2450.0,1.0077639,0,0.9996504,0.5162698739599638,1
2452.0,0.98965126,0,0.99779,0.5857644447314108,1
2458.0,0.9986382,0,1.0032169,0.3830494964855291,1
2460.0,1.0032399,0,1.0027984,0.3986792625065959,1
2467.0,1.005069,0,1.0013546,0.4526130875912572,1
2484.0,0.9997067,0,1.003272,0.3809877923066818,1
2487.0,1.0056466,0,1.0016701,0.4408261956659682,1
2497.0,1.0020815,0,1.0048097,0.3235495154104595,1
2499.0,0.9919478,0,1.000936,0.4682473065371162,1
2507.0,1.0013487,0,1.0074761,0.2239509465804877,1
2508.0,0.9934692,0,0.9960542,0.65060348263248,1
2510.0,0.9972428,0,1.0007838,0.4739336914969174,1
2517.0,1.0108409,0,0.9981068,0.5739307970958025,1
2520.0,1.0014509,0,0.9987553,0.5497068862255451,1
2522.0,1.0082569,0,1.0036142,0.3682078981527041,1
2528.0,1.0037237,0,1.0087711,0.1755788245614425,1
2529.0,1.0060285,0,0.9981179,0.5735144486277199,1
2530.0,1.0041219,0,1.0012124,0.4579254268685029,1
2531.0,1.0058745,0,1.0019327,0.4310164023484725,1
2535.0,1.0021855,0,1.0052732,0.3062365438178932,1
2537.0,1.0004661,0,1.006057,0.276958563308345,1
2539.0,0.9950957,0,1.0004878,0.4849903037562647,1
2540.0,0.99729836,0,1.0043714,0.3399229198718448,1
2544.0,0.9997955,0,1.0036191,0.3680253282362188,1
2552.0,1.0023994,0,1.0016329,0.4422155082011743,1
2561.0,0.9989781,0,1.0010558,0.4637721171208279,1
2573.0,0.9999059,0,1.0025214,0.4090278597239631,1
2581.0,1.0024471,0,1.0016931,0.4399667811810492,1
2582.0,0.9996571,0,1.0029621,0.3925653967667313,1
2584.0,0.99910736,0,1.0005611,0.4822517550089837,1
2586.0,0.99918896,0,1.0017148,0.4391563488688458,1
2593.0,1.0018407,0,1.0059538,0.2808147961784999,1
2594.0,0.9983645,0,0.9991865,0.5335984307893031,1
2596.0,1.0030094,0,1.0007037,0.476926056957361,1
2599.0,1.0031766,0,1.0014452,0.4492288647490888,1
2600.0,1.0020415,0,0.99685055,0.6208557185573415,1
2608.0,1.0028938,0,0.998758,0.5496044689553216,1
2614.0,1.0022233,0,1.0002004,0.4957263054305644,1
2616.0,1.002913,0,0.99999726,0.5033140892766892,1
2621.0,0.9965293,0,1.0025012,0.4097804040138664,1
2638.0,1.0050186,0,1.0017564,0.4376022781163238,1
2642.0,0.9976077,0,1.0021627,0.4224267104240743,1
2647.0,0.99860376,0,1.0020055,0.4283001182251532,1
2648.0,1.0065687,0,1.0016316,0.4422644903738898,1
2649.0,0.9996016,0,1.0002443,0.4940876291069882,1
2650.0,0.99885535,0,0.9972703,0.605176970363559,1
2653.0,1.0009183,0,1.0012372,0.456999218511699,1
2658.0,1.0046209,0,0.99882936,0.5469393934671141,1
2661.0,1.0025029,0,1.0016155,0.442865635220854,1
2664.0,1.0000378,0,1.0026224,0.4052562324248624,1
2671.0,1.0068424,0,0.99985564,0.5086041639299733,1
2674.0,0.99185014,0,1.0035468,0.3707238006603687,1
2677.0,1.009262,0,1.0008329,0.4720990864824789,1
2691.0,1.0069867,0,1.0000321,0.5020138352373298,1
2692.0,0.99546015,0,0.9990654,0.5381226023783071,1
2694.0,0.9994329,0,1.0065469,0.2586614953366745,1
2696.0,1.0022684,0,1.0033606,0.377679269185983,1
2700.0,1.0021359,0,1.000767,0.4745615538926355,1
2706.0,1.0007126,0,1.0039489,0.3557040853358507,1
2707.0,1.0018466,0,0.9984892,0.5596458143620183,1
2708.0,1.0002183,0,0.9972273,0.6067822497511928,1
2709.0,0.99713063,0,1.0014212,0.4501239026323465,1
2710.0,0.99541485,0,1.0043116,0.3421582881175928,1
2713.0,0.9996911,0,0.99856716,0.5567336015478366,1
2716.0,1.0047804,0,1.0010301,0.4647339488759704,1
2720.0,0.9956214,0,0.9996186,0.517458804879515,1
2728.0,1.0042256,0,1.0017848,0.4365424820157499,1
2736.0,1.0002741,0,1.0014516,0.4489884068103031,1
2743.0,1.0001508,0,1.0004781,0.4853509906644432,1
2746.0,1.0028981,0,0.9969394,0.6175360631246618,1
2760.0,0.99622726,0,0.9999899,0.5035879441514173,1
2761.0,1.0019639,0,1.0019802,0.4292441382811265,1
2763.0,1.0023713,0,1.000506,0.4843090062630387,1
2776.0,1.0033708,0,0.99991024,0.5065647243750877,1
2790.0,1.0067009,0,1.0021162,0.4241633510930817,1
2792.0,0.99529827,0,0.99851954,0.5585125450023711,1
2794.0,1.000113,0,1.0020825,0.4254235288093102,1
2795.0,1.0013769,0,1.0060858,0.2758854084333942,1
2800.0,1.0074203,0,1.0053612,0.3029502853211561,1
2801.0,0.9955423,0,1.0040271,0.3527829666720844,1
2802.0,0.99763364,0,0.99871224,0.551314392075575,1
2825.0,0.9945572,0,1.0034302,0.3750787611072642,1
2829.0,1.0029484,0,0.9977936,0.5856286305252447,1
2840.0,1.0004953,0,1.0067434,0.2513186223541277,1
2850.0,0.9981542,0,1.0022289,0.419955337164333,1
2854.0,1.005871,0,1.000288,0.4924534057082043,1
2855.0,1.0005293,0,1.0037111,0.3645876702965425,1
2856.0,1.0049148,0,1.0042791,0.3433694836611057,1
2857.0,0.9981984,0,1.0040405,0.3522842390953438,1
2859.0,0.9994358,0,0.9984501,0.5611063736939015,1
2866.0,0.998019,0,1.0024804,0.4105596658525235,1
2876.0,1.0008777,0,1.0059004,0.2828097064854623,1
2878.0,1.002472,0,1.0003641,0.4896124396906999,1
2883.0,1.0024627,0,1.002326,0.4163262034585867,1
2888.0,0.9992644,0,0.9990288,0.5394896502895514,1
2893.0,0.9972244,0,0.9981969,0.5705643859528035,1
2898.0,0.99766517,0,1.0008757,0.4705004864820336,1
2907.0,1.0031852,0,1.0012555,0.4563134680936807,1
2909.0,1.0022681,0,1.0024061,0.4133338379981431,1
2922.0,1.0026641,0,0.9947053,0.7009883266576569,1
2928.0,1.0042895,0,1.0027488,0.4005316792202038,1
2935.0,0.98854333,0,1.006777,0.2500628975626916,1
2936.0,1.0039407,0,1.0019127,0.4317644937135834,1
2940.0,1.003266,0,1.0031116,0.3869814290771536,1
2950.0,1.0043652,0,1.0039523,0.3555794034416656,1
2960.0,1.0052663,0,1.001179,0.4591722458103544,1
2961.0,0.9962894,0,1.0049083,0.3198669466072052,1
2962.0,0.99845904,0,1.0046589,0.3291824652727527,1
2966.0,1.0025556,0,1.0070517,0.2398033588411708,1
2967.0,0.997056,0,1.0052085,0.3086544819801265,1
2975.0,0.999302,0,1.0020378,0.4270933756064327,1
2976.0,0.99688333,0,1.0042933,0.3428395856108188,1
2980.0,0.9953364,0,0.9947783,0.6982631366847529,1
2986.0,1.004385,0,1.0068613,0.2469146797345166,1
2987.0,1.0011542,0,0.9996239,0.5172606497262564,1
2989.0,0.9996206,0,1.000189,0.4961537862106278,1
2991.0,1.0003049,0,1.0060145,0.2785482574592056,1
2994.0,1.0001706,0,1.0011438,0.4604858586240907,1
2998.0,1.0041919,0,0.9959526,0.6543973745555425,1
3008.0,1.0036002,0,1.0022079,0.4207390519277825,1
3022.0,1.0007144,0,0.9988581,0.5458662385921633,1
3023.0,0.9994086,0,0.9987242,0.5508668731339462,1
3025.0,1.0034045,0,1.0039266,0.3565367822720158,1
3026.0,1.0007447,0,1.0036288,0.367660188403248,1
3035.0,1.0053592,0,1.0028014,0.3985679393867877,1
3043.0,0.99681854,0,1.0009214,0.4687950162865724,1
3052.0,1.0027962,0,1.0032969,0.3800615839498779,1
3055.0,1.0021555,0,1.0064708,0.261502461354179,1
3057.0,0.99889994,0,0.996764,0.6240885419565706,1
3058.0,1.0022377,0,0.99637103,0.6387676085344757,1
3059.0,1.0008718,0,1.0034776,0.3733109499647106,1
3061.0,1.0082848,0,0.9986719,0.5528217071177777,1
3064.0,1.0046641,0,0.9958893,0.6567618776202679,1
3065.0,0.9876913,0,0.99734455,0.6024027982179395,1
3068.0,1.0014559,0,0.9990403,0.5390599430470919,1
3069.0,1.0006105,0,1.0033867,0.3767040786564635,1
3072.0,0.9985479,0,1.0005686,0.4819712207470672,1
3074.0,1.0088252,0,1.0026871,0.402838294262629,1
3081.0,0.9977282,0,1.0023795,0.4143268402268319,1
3094.0,1.0003623,0,0.99467695,0.7020481227582307,1
3096.0,0.9932063,0,1.0026118,0.4056525427313795,1
3123.0,0.999022,0,1.0024837,0.4104349839583384,1
3125.0,1.007452,0,1.0006739,0.4780392881554427,1
3129.0,0.9973247,0,1.0012233,0.4575157577876089,1
3133.0,0.99584603,0,1.0029684,0.3923293917527379,1
3144.0,1.005357,0,1.002006,0.4282778536011916,1
3145.0,1.0040978,0,1.0028952,0.3950634875752266,1
3150.0,1.0084021,0,1.0000112,0.502793097075987,1
3151.0,1.0013683,0,1.0009179,0.4689241511055498,1
3153.0,1.002199,0,1.0004892,0.4849368686587567,1
3158.0,0.99437404,0,0.9930227,0.7638413601013485,1
3159.0,1.0095325,0,1.0027515,0.4004337148747726,1
3163.0,1.0041946,0,0.99835634,0.5646085990430665,1
3164.0,1.0035284,0,0.9998687,0.5081165686652136,1
3177.0,0.9981746,0,1.0011599,0.4598847137771267,1
3184.0,1.0016079,0,1.0004044,0.4881073511108934,1
3211.0,1.0036027,0,0.9928755,0.7693384957574759,1
3214.0,1.0020624,0,1.0007805,0.4740583733911025,1
3222.0,1.0025649,0,1.0069034,0.2453427972828252,1
3223.0,0.9971087,0,1.0000833,0.5000990775766292,1
3224.0,0.9967531,0,1.0021226,0.4239228931542961,1
3225.0,0.99827546,0,1.000433,0.487038649160735,1
3226.0,1.0029048,0,1.0030608,0.3888783750386848,1
3232.0,0.9995679,0,0.9958023,0.6600125127186665,1
3236.0,0.99829787,0,1.002288,0.4177466864673389,1
3239.0,1.0058928,0,1.003847,0.3595113360332901,1
3245.0,1.0024083,0,1.0041445,0.3483968357516426,1
3249.0,0.9905315,0,0.99848557,0.5597816285681843,1
3251.0,1.0014397,0,1.0020301,0.4273783627931415,1
3257.0,0.9941782,0,0.9976346,0.5915688321982087,1
3268.0,1.0015489,0,1.0079263,0.2071322496398697,1
3269.0,1.0033493,0,1.0023445,0.415636000115776,1
3276.0,1.0014406,0,0.9998292,0.5095927132338698,1
3278.0,1.0094482,0,1.0006977,0.4771487031969773,1
3286.0,0.9965675,0,1.0052608,0.3066996479962951,1
3290.0,1.0079823,0,1.0091423,0.1617124167581372,1
3295.0,1.00971,0,1.0037495,0.3631538285134132,1
3297.0,0.99806124,0,1.0031217,0.3866029304698058,1
3300.0,1.0049114,0,0.99638486,0.6382510692585658,1
3308.0,1.0080223,0,0.9953195,0.6780468581275896,1
3317.0,0.9999285,0,1.0024188,0.4128618279701564,1
3319.0,1.0043157,0,1.0009007,0.469565372275645,1
3322.0,1.0075057,0,1.0022719,0.418347831314303,1
3329.0,0.99955076,0,0.9971996,0.6078175547654088,1
3338.0,1.0035999,0,0.99439824,0.7124590609226906,1
3351.0,0.99889296,0,1.0048493,0.322071144379407,1
3352.0,1.0015644,0,1.0041138,0.3495456903480628,1
3354.0,1.00013,0,1.003868,0.3587276212698406,1
3359.0,1.0021831,0,1.0013847,0.4514864976187984,1
3360.0,1.0061703,0,1.0013617,0.4523459121037175,1
3361.0,1.0007304,0,1.0002213,0.4949470435919072,1
3365.0,0.9986571,0,1.0011127,0.461648071994888,1
3366.0,1.0072924,0,1.0034165,0.3755908474583819,1
3375.0,1.0001382,0,1.0044352,0.33754060510795,1
3377.0,0.9982502,0,0.99918354,0.5337097539091114,1
3380.0,1.0018723,0,0.99850065,0.5592183335819549,1
3383.0,1.0020112,0,0.99464977,0.7030633896108811,1
3388.0,0.99203295,0,0.99470323,0.7010662528415226,1
3393.0,0.99919456,0,1.0034066,0.3759604402161449,1
3395.0,0.99814063,0,0.99754184,0.5950332076866387,1
3417.0,0.9989487,0,0.998439,0.5615204956995878,1
3418.0,0.99578387,0,1.0024772,0.4106798948219163,1
3425.0,1.0057534,0,1.0028769,0.3957492379932449,1
3427.0,1.0047457,0,1.0070045,0.2415667170589321,1
3430.0,0.9998746,0,0.99794126,0.580113683169948,1
3440.0,0.9982445,0,0.99618083,0.6458722500406329,1
3444.0,0.9972317,0,1.0054259,0.3005323471589226,1
3446.0,1.0058421,0,0.99936557,0.5269101377512284,1
3448.0,0.9972784,0,0.9992513,0.5311782661646736,1
3450.0,0.9972105,0,1.0013769,0.451780390655092,1
3456.0,1.0023448,0,0.9971378,0.6101263962702301,1
3465.0,0.9977672,0,0.99931014,0.5289807477796604,1
3470.0,0.997412,0,1.000134,0.4982065845398904,1
3477.0,1.0012866,0,1.002359,0.4150927432911122,1
3498.0,0.9978817,0,1.0056926,0.2905711543984878,1
3499.0,1.0021601,0,0.9949539,0.6917039784656557,1
3502.0,0.9977979,0,1.0082077,0.1966233471299786,1
3504.0,1.0005989,0,1.0009123,0.4691334385707892,1
3510.0,1.0035579,0,1.0043004,0.3425768630480715,1
3511.0,0.99818766,0,1.0016855,0.4402517683677581,1
3514.0,1.0014709,0,1.0077473,0.2138205426779444,1
3517.0,1.0063181,0,1.0010524,0.4639012519398053,1
3521.0,1.002273,0,1.0009544,0.4675615561190979,1
3525.0,0.99918616,0,1.0026493,0.4042498714217966,1
3535.0,0.9993812,0,1.0004877,0.484994756681057,1
3536.0,0.99734986,0,1.0002351,0.4944305043159973,1
3538.0,1.0035075,0,0.9962436,0.643527785137473,1
3554.0,0.99864626,0,1.0039062,0.3572982324115037,1
3556.0,1.0063483,0,1.0079829,0.2050215632883069,1
3560.0,1.0050706,0,0.9995629,0.5195383207575316,1
3561.0,0.9995956,0,0.9988674,0.5455189104583618,1
3567.0,1.0038033,0,0.9998895,0.5073395332889525,1
3575.0,0.9945209,0,1.0054181,0.3008262401952162,1
3581.0,0.9968081,0,1.00369,0.3653758379847843,1
3587.0,1.0022275,0,0.9981888,0.5708671848386817,1
3591.0,1.005384,0,0.99954283,0.5202886385850386,1
3599.0,1.0001024,0,1.0012677,0.4558592697648633,1
3601.0,1.0046324,0,0.99420744,0.7195859670528095,1
3604.0,1.0043572,0,1.0078427,0.210258202844083,1
3605.0,1.0015652,0,1.0026157,0.4055055962132328,1
3610.0,1.0059702,0,0.9964637,0.6353054595084416,1
3611.0,1.0094326,0,0.9968058,0.6225277918168601,1
3615.0,0.9986855,0,1.0051134,0.3122079159644033,1
3619.0,1.0018474,0,1.0027299,0.4012396942621837,1
3640.0,1.0015419,0,0.99599314,0.6528833801261513,1
3645.0,0.9985937,0,1.0012909,0.4549909494303595,1
3650.0,0.9966431,0,1.0058477,0.2847778992436707,1
3651.0,1.0050702,0,0.9972774,0.6049120213384156,1
3655.0,1.0053594,0,1.0036833,0.3656252017731546,1
3669.0,0.99317634,0,0.99768203,0.5897965681308626,1
3673.0,0.98939955,0,0.99728584,0.6045958636781604,1
3675.0,1.0026348,0,1.0034728,0.3734890669564036,1
3680.0,0.9976076,0,1.0061791,0.2723987683210024,1
3683.0,1.0004171,0,0.99879515,0.5482173828825119,1
3684.0,1.0029533,0,1.0026745,0.4033103042906156,1
3685.0,1.0066944,0,0.99346936,0.7471562509045003,1
3687.0,0.9953413,0,0.99881524,0.5474670650550048,1
3690.0,1.0011586,0,1.0016211,0.4426563477556146,1
3696.0,0.9976969,0,1.0041803,0.3470609583139445,1
3697.0,1.0035456,0,1.0023204,0.416535490923826,1
3699.0,1.0031215,0,0.9962918,0.6417265770589768,1
3700.0,1.0006068,0,0.99948066,0.522610838864237,1
3702.0,0.9956742,0,1.0049685,0.3176182195870802,1
3705.0,1.0088385,0,0.99371177,0.738101228339304,1
3712.0,1.0035275,0,0.99733114,0.6029037522570763,1
3716.0,0.9930346,0,1.0064954,0.2605851588469596,1
3717.0,1.0043364,0,1.0054678,0.2989693705568159,1
3721.0,1.0042098,0,1.0043675,0.3400698663899916,1
3727.0,1.0039525,0,0.9973028,0.60396354835765,1
3730.0,0.9997952,0,0.99992126,0.5061528288317975,1
3732.0,1.0017834,0,1.0033238,0.379055222946812,1
3735.0,1.0055037,0,1.0021915,0.4213491026243312,1
3737.0,1.0018928,0,1.0025774,0.4069349850715696,1
3743.0,1.0053748,0,1.000861,0.4710481962314897,1
3745.0,0.9972167,0,0.99409294,0.7238630013158392,1
3748.0,0.99295,0,1.0032068,0.3834235421680845,1
3752.0,1.0053596,0,0.99537826,0.6758515662049726,1
3757.0,0.99979645,0,1.0022014,0.420979509866568,1
3761.0,1.0024818,0,0.9970105,0.6148798934860389,1
3775.0,0.9976004,0,1.0025908,0.406436257494829,1
3782.0,1.0057865,0,1.0025736,0.407077478664924,1
3783.0,1.0061879,0,1.0000874,0.4999476781336901,1
3788.0,1.0019097,0,1.0022259,0.4200666602841411,1
3792.0,1.0002013,0,1.005136,0.3113618602538612,1
3796.0,0.99874055,0,1.0052247,0.3080488842083702,1
3830.0,0.9993599,0,0.99890023,0.5442921296780758,1
3850.0,1.0051188,0,1.0036807,0.3657231661185858,1
3851.0,0.9994654,0,1.0043087,0.3422651583126087,1
3854.0,1.0016028,0,0.99762726,0.5918426870729367,1
3856.0,1.0028027,0,0.9999093,0.5066003477734262,1
3857.0,1.0029205,0,1.0040259,0.3528274959200076,1
3859.0,1.0015353,0,1.0032272,0.3826620920285967,1
3861.0,1.003727,0,1.0011367,0.4607530341116304,1
3874.0,0.9950846,0,0.9974349,0.5990274812253558,1
3885.0,0.99967945,0,0.99650526,0.6337536152183157,1
3888.0,0.9969471,0,1.0006173,0.4801544274317979,1
3890.0,1.0031075,0,1.0066837,0.2535495376750835,1
3894.0,0.9967778,0,1.002628,0.4050469449596231,1
3898.0,1.0029739,0,1.0010549,0.4638077405191665,1
3903.0,1.0106214,0,0.99830335,0.5665879241132556,1
3909.0,1.0028688,0,1.0041126,0.3495902195959861,1
3910.0,0.99988085,0,0.99825394,0.5684336614396751,1
3921.0,1.008804,0,0.98986286,0.8818728111091567,1
3931.0,0.9950047,0,1.001844,0.4343293783939635,1
3941.0,1.0033456,0,0.9938258,0.7338420057754435,1
3948.0,0.9936085,0,0.99622905,0.6440710419621367,1
3955.0,0.99602497,0,1.00157,0.4445666524915227,1
3958.0,1.0099615,0,1.0066487,0.2548586975640274,1
3960.0,0.9994948,0,0.9963681,0.6388767051918877,1
3983.0,0.9982295,0,0.99966174,0.5158468461046928,1
3987.0,1.0015026,0,0.99999434,0.5034231859341012,1
3988.0,0.99855703,0,1.0011939,0.4586156302113136,1
3989.0,0.9987814,0,0.99191093,0.8053693367145875,1
3996.0,1.0094175,0,1.0009849,0.4664216073722622,1
4003.0,0.99759054,0,0.9994438,0.523986792625066,1
4005.0,1.0054888,0,1.0015881,0.4438898079230891,1
4012.0,1.0038381,0,1.0058122,0.286104870831784,1
4017.0,1.0021054,0,0.99941343,0.5251222884471093,1
4026.0,0.99936694,0,1.0031922,0.3839712519175408,1
4027.0,1.0039186,0,1.001477,0.4480399338295375,1
4037.0,1.0021745,0,1.0004475,0.4864953923360711,1
4038.0,0.999867,0,0.9998039,0.5105367332898432,1
4039.0,0.99587846,0,1.0015867,0.4439432430205969,1
4042.0,1.0035973,0,1.0018195,0.4352466809011829,1
4044.0,0.9861677,0,0.9983347,0.5654168048928738,1
4047.0,1.0048932,0,1.0030967,0.3875380446761944,1
4050.0,0.99710387,0,0.99261135,0.7792061770972719,1
4052.0,1.0039933,0,1.0057571,0.288162122085839,1
4056.0,0.9981861,0,1.0002346,0.4944483160151667,1
4060.0,0.9982207,0,1.0021096,0.4244082619566597,1
4066.0,1.0023702,0,1.0017027,0.4396105471976631,1
4067.0,0.99716026,0,0.9975604,0.594340777881432,1
4071.0,1.0028561,0,1.0031376,0.3860106914724264,1
4077.0,1.0001662,0,0.9968223,0.6219110617331229,1
4078.0,1.0031607,0,1.0058842,0.2834153042572187,1
4082.0,0.9929877,0,0.9988545,0.5459998263359331,1
4086.0,0.9994913,0,0.99646866,0.6351206631295601,1
4093.0,0.99960035,0,1.0026101,0.4057148836784721,1
4094.0,1.0017579,0,1.0064898,0.260794446312199,1
4096.0,1.0063026,0,0.9956921,0.6641292416891724,1
4097.0,1.0031955,0,1.0049576,0.3180278886679744,1
4098.0,0.99912393,0,1.0041382,0.3486328407656359,1
4104.0,1.0058007,0,0.9966013,0.6301667842980966,1
4106.0,0.99894005,0,1.0020682,0.4259578797843893,1
4108.0,0.99949425,0,0.99957186,0.5192043513981071,1
4109.0,1.0087214,0,1.0016276,0.4424158898168289,1
4110.0,0.99849755,0,1.003297,0.3800571310250855,1
4116.0,0.9978683,0,1.0024277,0.412527858610732,1
4117.0,1.0017484,0,1.0004218,0.4874572240912137,1
4119.0,0.9974781,0,1.0038687,0.3587009037210866,1
4123.0,0.99999297,0,0.9997381,0.5129947477752075,1
4130.0,0.99951434,0,0.9979039,0.5815096750923425,1
4131.0,0.9998645,0,0.9984084,0.5626648973712158,1
4136.0,0.99109435,0,0.9970884,0.6119721335966496,1
4149.0,0.99963045,0,1.0021893,0.4214337081953854,1
4161.0,0.99089813,0,1.0013713,0.4519896781203314,1
4174.0,1.0038855,0,1.0019542,0.4302148758858537,1
4175.0,1.0016307,0,1.0012095,0.4580322970635188,1
4180.0,1.0042531,0,1.0031749,0.3846169260124281,1
4182.0,1.003513,0,1.0030488,0.3893281204427098,1
4196.0,0.99787843,0,1.0070503,0.2398567939386787,1
4199.0,0.9957258,0,1.0013587,0.4524572352235256,1
4208.0,1.000391,0,1.0056869,0.2907848947885194,1
4209.0,1.0020231,0,1.0056356,0.2926996524492199,1
4210.0,1.0085324,0,1.0046672,0.3288752134620822,1
4226.0,1.0086316,0,1.0021136,0.4242613154385128,1
4227.0,0.9987081,0,1.0000175,0.5025570920619936,1
4229.0,1.0020994,0,0.99967736,0.5152635129568979,1
4230.0,1.0003911,0,1.0013391,0.4531919678142596,1
4233.0,0.9971109,0,1.0005741,0.4817663862066201,1
4236.0,1.0062755,0,1.001032,0.4646627020792933,1
4239.0,1.0008283,0,1.0020592,0.4262918491438139,1
4242.0,0.99721855,0,1.0012463,0.4566563433026898,1
4259.0,1.0008651,0,1.0015893,0.4438452786751657,1
4260.0,0.996934,0,1.0019171,0.4315997354962673,1
4263.0,1.0035338,0,1.0008885,0.4700240235292546,1
4264.0,0.9966008,0,1.0001711,0.4968217249294768,1
4266.0,1.0024068,0,1.0011125,0.4616569778444727,1
4277.0,1.0047915,0,1.0021386,0.4233262012321243,1
4282.0,0.9946388,0,1.0010668,0.4633624480399338,1
4283.0,1.0017943,0,1.002016,0.4279082608434285,1
4303.0,0.9973957,0,1.0016187,0.4427454062514611,1
4311.0,1.0032499,0,1.0001422,0.4978993327292198,1
4316.0,1.0043092,0,1.0012858,0.4551824251964296,1
4320.0,1.0032709,0,0.99987245,0.5079763015342552,1
4325.0,1.0051095,0,0.99719685,0.6079199720356323,1
4337.0,1.0015931,0,0.99770045,0.5891085912504481,1
4339.0,0.99845743,0,1.0036908,0.365344667511238,1
4345.0,0.9985594,0,1.003746,0.3632829633323908,1
4347.0,1.0008416,0,0.9980402,0.5764177555923169,1
4354.0,1.0022211,0,1.0089219,0.1699458746991492,1
4356.0,0.99941206,0,1.0025489,0.4079992340969357,1
4357.0,1.002251,0,1.0041783,0.3471366580354141,1
4362.0,0.9936631,0,0.9975857,0.5933945313630625,1
4374.0,0.9967998,0,1.0005707,0.4818955210255976,1
4383.0,0.9972207,0,0.9962389,0.6437036756667698,1
4384.0,0.99854964,0,0.9973343,0.6027857497500796,1
4392.0,1.0006286,0,0.9995768,0.5190195550192255,1
4408.0,1.0030252,0,1.0001322,0.4982733784117753,1
4413.0,1.0057727,0,0.99783146,0.584214826903681,1
4425.0,1.0038246,0,0.99742717,0.5993169213368571,1
4431.0,0.9997659,0,1.0043907,0.3392015460554879,1
4437.0,0.99845546,0,0.9976075,0.5925796461260667,1
4450.0,1.0010495,0,0.9999364,0.5055873073831719,1
4451.0,0.9990796,0,1.0018647,0.4335590224048911,1
4467.0,1.0050364,0,0.99789363,0.5818926266244826,1
4471.0,1.0032603,0,1.0002863,0.4925157466552968,1
4479.0,1.0013746,0,1.0021917,0.4213446496995389,1
4488.0,0.9997192,0,1.0000936,0.4997161260444891,1
4500.0,1.0089766,0,0.99840355,0.5628452408253051,1
4505.0,0.99449635,0,1.0017225,0.4388713616821369,1
4507.0,1.0071099,0,0.9988646,0.5456235541909815,1
4509.0,1.0003788,0,1.0029072,0.3946181950959939,1
4512.0,1.0017761,0,1.0008304,0.4721925979031177,1
4517.0,0.99779683,0,1.0054826,0.2984172078825674,1
4518.0,1.006853,0,1.0013428,0.4530539271456975,1
4532.0,0.9994875,0,1.0057626,0.2879572875453919,1
4538.0,1.005631,0,0.9996956,0.5145822154636719,1
4543.0,1.0008526,0,1.0029714,0.3922180686329298,1
4551.0,1.0009845,0,1.0006763,0.4779502296595962,1
4555.0,1.0017965,0,1.0009415,0.4680424719966692,1
4559.0,1.0049696,0,1.0014545,0.4488815366152873,1
4566.0,1.0047759,0,1.0036616,0.366435634085358,1
4567.0,1.0003399,0,0.99930334,0.529234564492823,1
4571.0,1.0023048,0,1.0023652,0.4148611912019112,1
4579.0,1.0015731,0,1.004606,0.3311595638805458,1
4581.0,0.9996017,0,1.0047584,0.3254687259959523,1
4586.0,1.0072641,0,0.9993154,0.528784819088798,1
4588.0,0.9968734,0,1.0032179,0.3830094201623981,1
4593.0,0.99794877,0,1.0011635,0.4597511260333569,1
4596.0,0.9960973,0,0.99914575,0.535121331068279,1
4598.0,1.0030189,0,1.0029969,0.3912651427273719,1
4606.0,1.0065821,0,1.000194,0.4959667633693501,1
4607.0,0.9898993,0,0.9990008,0.5405360876157482,1
4609.0,0.9947416,0,0.99874955,0.5499206266155767,1
4617.0,0.9964896,0,1.0006317,0.4796156235319263,1
4621.0,1.0033126,0,0.9976094,0.5925106257917857,1
4623.0,0.99841565,0,0.999219,0.5323850087833941,1
4626.0,0.99697256,0,1.0006351,0.4794864887129488,1
4627.0,1.0051752,0,1.0031253,0.386469342726036,1
4634.0,0.99644375,0,0.99338365,0.7503579038301833,1
4636.0,0.9995459,0,1.0021441,0.4231213666916772,1
4638.0,1.0010192,0,0.996135,0.6475843996232826,1
4645.0,0.99918234,0,1.0026513,0.4041741717003271,1
4646.0,0.99451643,0,0.995248,0.6807163865405895,1
4658.0,1.0026467,0,1.0049628,0.317831959977112,1
4667.0,1.0020123,0,0.99934536,0.5276649085035279,1
4680.0,1.0042729,0,1.0052582,0.3067976123417263,1
4681.0,1.0039798,0,0.9957501,0.6619606673153093,1
4707.0,1.0020521,0,1.0045922,0.3316761031564558,1
4708.0,0.9998402,0,0.99623454,0.6438662074216898,1
4717.0,1.0041754,0,0.9989325,0.5430876135217515,1
4720.0,1.0059541,0,1.0038797,0.3582912346401925,1
4727.0,1.0072641,0,1.0039096,0.3571735505173186,1
4728.0,1.0014367,0,0.99850136,0.559191616033201,1
4729.0,0.9939192,0,0.99757534,0.5937819358199949,1
4759.0,0.99965525,0,1.0057119,0.2898497805821308,1
4761.0,1.0074149,0,1.0002089,0.4954101477703092,1
4767.0,1.0031923,0,0.9975497,0.5947393146503452,1
4778.0,0.99786466,0,0.99982744,0.5096572806433586,1
4785.0,1.0040679,0,1.0020633,0.4261404497008747,1
4809.0,1.0054656,0,1.0000827,0.5001213422005909,1
4813.0,1.0027866,0,1.001771,0.4370590212916598,1
4835.0,1.0052361,0,1.0019366,0.4308739087551181,1
4837.0,1.0004205,0,1.0025835,0.406707885907161,1
4838.0,0.99209183,0,0.99778664,0.5858891266255959,1
4842.0,0.9967586,0,0.99980795,0.510385333846904,1
4853.0,0.99650365,0,0.99790424,0.5814963163179656,1
4866.0,0.9844378,0,0.9998282,0.5096283366322085,1
4869.0,1.001001,0,0.9982215,0.569644856983188,1
4872.0,1.0026237,0,0.9978834,0.5822755781566227,1
4877.0,0.99792063,0,1.0031139,0.3868968235060994,1
4878.0,0.9982043,0,1.0052428,0.3073720396399365,1
4897.0,1.0062563,0,1.0060015,0.2790336262615692,1
4899.0,1.0051874,0,1.0004431,0.4866601505533872,1
4902.0,1.0053575,0,0.9962296,0.6440510038005713,1
4904.0,1.0017979,0,0.9978496,0.5835379823352473,1
4918.0,0.99674636,0,1.003042,0.3895819371558724,1
4920.0,0.9951159,0,1.0015252,0.4462409522134376,1
4921.0,1.0008497,0,0.9990886,0.5372565085061995,1
4924.0,0.99820656,0,0.9962046,0.6449838915445638,1
4927.0,1.0004934,0,1.0023468,0.4155513945447218,1
4948.0,1.0043266,0,1.0077428,0.2139897538200528,1
4957.0,0.9974092,0,1.0016572,0.4413071115435396,1
4961.0,1.0041369,0,0.99557143,0.6686356015790071,1
4963.0,1.0040957,0,0.9981475,0.5724101232792229,1
4967.0,1.0020721,0,0.99934053,0.5278452519576171,1
4970.0,1.0006847,0,1.0025752,0.4070195906426238,1
4978.0,1.0049419,0,1.0062264,0.2706309571784487,1
4984.0,1.0003754,0,1.0039239,0.3566391995422393,1
4988.0,0.9998719,0,1.0018342,0.4346989711517267,1
4991.0,1.0015868,0,1.005077,0.3135660580260629,1
4995.0,0.99589366,0,1.0013926,0.4511926045825049,1
5002.0,0.9999597,0,1.0018042,0.4358166552746008,1
5018.0,1.0063273,0,0.9975555,0.5945233477979174,1
5021.0,0.99641335,0,0.9978465,0.5836537583798478,1
5027.0,1.0035343,0,0.99987316,0.5079495839855013,1
5031.0,1.0030394,0,1.001069,0.4632822953936719,1
5033.0,0.9989496,0,1.0000619,0.5009006040392481,1
5034.0,1.0013536,0,1.0027654,0.3999127226740704,1
5044.0,0.99932957,0,1.003685,0.365562860826062,1
5045.0,1.0014617,0,1.0017102,0.4393300129357465,1
5048.0,1.0019516,0,0.99952376,0.5210011065518109,1
5051.0,1.0041329,0,1.0002816,0.4926938636469899,1
5075.0,0.99713033,0,0.99980646,0.5104409954068081,1
5076.0,1.008094,0,0.9972472,0.6060386113108742,1
5084.0,1.0067644,0,1.0039324,0.3563230418819841,1
5085.0,0.9991355,0,1.0055608,0.2954960892188011,1
5089.0,0.9986009,0,1.0037336,0.3637460675107927,1
5092.0,1.0033656,0,0.99674815,0.6246807809539501,1
5101.0,1.006406,0,0.9962291,0.6440688154997406,1
5104.0,1.0016209,0,0.9993959,0.5257768683915813,1
5105.0,1.0046592,0,1.0046134,0.3308834825434216,1
5110.0,0.9972433,0,1.0001379,0.4980596380217436,1
5114.0,1.0046164,0,1.0026665,0.4036086502517015,1
5115.0,0.9973199,0,1.0023243,0.4163885444056793,1
5123.0,0.99710107,0,1.0025234,0.4089521600024937,1
5125.0,0.99374473,0,1.0043757,0.3397626145793211,1
5133.0,0.9994265,0,1.0033236,0.3790641287963967,1
5136.0,0.99902004,0,1.0011336,0.4608688101562308,1
5138.0,1.0021363,0,1.004727,0.3266398452163342,1
5142.0,0.9949472,0,0.99921155,0.5326633165829145,1
5145.0,0.9947339,0,1.0026363,0.4047352402241602,1
5148.0,1.0046456,0,0.9952342,0.6812329258164994,1
5159.0,0.99613345,0,0.997958,0.5794880472366262,1
5161.0,1.0038575,0,0.99496424,0.6913165740087233,1
5165.0,0.99972343,0,0.99553066,0.6701585018579829,1
5166.0,0.99790007,0,1.0004612,0.4859833059849535,1
5168.0,0.999864,0,0.9994998,0.5218961444350685,1
5174.0,1.0044236,0,1.0022168,0.4204050825683579,1
5179.0,1.0044718,0,1.0043741,0.3398205026016213,1
5184.0,1.0021287,0,0.99928176,0.5300405438802341,1
5190.0,1.0041579,0,1.00723,0.2331417833518501,1
5194.0,1.0026451,0,0.99782777,0.5843528675722431,1
5196.0,0.99911404,0,1.0043317,0.3414057438276896,1
5198.0,1.0085502,0,0.99920803,0.5327946778642882,1
5201.0,0.9991172,0,0.9975915,0.5931785645106347,1
5207.0,1.0019863,0,1.0031987,0.3837263410539627,1
5210.0,1.010496,0,1.0040301,0.3526716435522762,1
5212.0,1.0025681,0,0.99612117,0.6481009388991925,1
5218.0,1.0047075,0,1.0041964,0.3464598134669804,1
5219.0,1.0049597,0,0.99878937,0.5484333497349396,1
5225.0,0.99805975,0,1.0054102,0.3011201332315097,1
5230.0,0.99841094,0,1.002003,0.4283936296457921,1
5243.0,1.0033126,0,1.0010622,0.4635361121068345,1
5246.0,1.003627,0,0.99622095,0.6443738408480151,1
5250.0,1.0028644,0,1.003057,0.3890208686320392,1
5255.0,0.9987284,0,0.99887013,0.5454164931881382,1
5263.0,0.9972324,0,1.0033889,0.3766239260102016,1
5264.0,0.9980597,0,1.0069156,0.2448885989540079,1
5266.0,0.9996139,0,0.9990215,0.5397635051642795,1
5271.0,1.0005314,0,1.0006526,0.4788363616932691,1
5280.0,0.99898297,0,1.0028877,0.3953440218371432,1
5282.0,1.0029106,0,1.0037411,0.3634655332488762,1
5291.0,0.9982452,0,1.003565,0.370046956091935,1
5299.0,1.002856,0,1.0065058,0.2601933014652349,1
5300.0,1.0048113,0,1.0009426,0.4680023956735383,1
5301.0,0.9984811,0,0.9985759,0.5564063115756006,1
5314.0,1.0005747,0,0.99821955,0.5697183302422614,1
5316.0,1.0001485,0,0.99875414,0.5497491890110722,1
5318.0,1.0003529,0,1.0032824,0.3806003878497493,1
5319.0,1.0018319,0,1.0017762,0.4368630926007975,1
5328.0,1.0020399,0,1.0030494,0.3893058558187481,1
5339.0,1.0046886,0,0.9965229,0.6330945823490515,1
5340.0,1.0075525,0,0.99698687,0.6157637990573158,1
5350.0,1.0014198,0,1.000579,0.4815838162901348,1
5353.0,0.9971188,0,1.0032977,0.3800304134763316,1
5356.0,1.0029479,0,1.0002944,0.4922129477694186,1
5360.0,1.0030926,0,1.0011777,0.4592212279830699,1
5363.0,1.0018483,0,1.0027779,0.399445165570876,1
5364.0,0.99019134,0,0.9990773,0.5376773098990745,1
5371.0,0.9988796,0,0.99767214,0.5901661608886257,1
5375.0,1.0024017,0,1.0017835,0.4365914641884656,1
5377.0,1.0038923,0,0.9994263,0.524641372569538,1
5379.0,1.0032058,0,1.0032265,0.3826888095773506,1
5382.0,1.0033329,0,0.999279,0.5301429611504577,1
5392.0,1.0057034,0,1.0040481,0.3519992519086349,1
5397.0,0.9960871,0,1.0025951,0.4062759522023053,1
5404.0,0.99837327,0,1.0013868,0.4514107978973289,1
5406.0,1.003384,0,1.0029899,0.3915278652901192,1
5409.0,0.9966891,0,0.999793,0.5109441759083411,1
5411.0,1.0065227,0,0.9988182,0.5473557419351966,1
5412.0,1.0075018,0,1.0035224,0.3716366502427957,1
5426.0,1.0024922,0,0.99254537,0.7816708709698248,1
5427.0,1.003153,0,0.99815494,0.5721318154797024,1
5429.0,1.001359,0,0.99765325,0.5908719494682095,1
5432.0,1.0052702,0,1.0015329,0.4459515121019364,1
5450.0,1.0021474,0,0.99918437,0.5336785834355651,1
5455.0,1.0012774,0,1.0016093,0.4430971873100549,1
5456.0,0.9963783,0,0.9975286,0.595527482338587,1
5458.0,1.0066408,0,0.9996776,0.5152546071073132,1
5491.0,1.0071932,0,1.0019385,0.4308026619584408,1
5494.0,1.003789,0,1.0021939,0.4212600441284847,1
5507.0,1.0058799,0,1.0022444,0.4193764569413305,1
5508.0,1.008092,0,1.0023419,0.4157339644612072,1
5511.0,0.9947553,0,0.9990686,0.5380023734089143,1
5512.0,0.98241645,0,1.0019155,0.4316620764433598,1
5523.0,0.99562836,0,1.0004371,0.4868827967930036,1
5524.0,1.006122,0,1.000712,0.4766143522218982,1
5526.0,1.0087128,0,0.9994238,0.5247348839901769,1
5529.0,1.0017449,0,1.0063055,0.2676786680411361,1
5531.0,1.0016311,0,0.99359673,0.7423983007638992,1
5532.0,1.0086311,0,1.0001638,0.4970933533418087,1
5533.0,1.0036224,0,0.99734074,0.6025452918112939,1
5540.0,1.0023264,0,1.0010952,0.46230265193936,1
5543.0,1.000099,0,1.0020828,0.4254101700349332,1
5547.0,1.0049664,0,1.0016654,0.4410043126576614,1
5567.0,1.0056717,0,0.995822,0.6592755536655364,1
5568.0,0.99922895,0,1.0023948,0.4137568658534142,1
5570.0,1.0008415,0,0.9999083,0.506635971171765,1
5571.0,0.99873275,0,0.99843764,0.5615717043346997,1
5573.0,1.0059383,0,1.0033087,0.3796207443954376,1
5577.0,0.9947637,0,0.9991502,0.5349543463885666,1
5579.0,1.0016314,0,1.0006729,0.4780749115537813,1
5580.0,0.99883795,0,1.0055778,0.2948593209734984,1
5593.0,0.99848086,0,1.0035989,0.3687778725261219,1
5598.0,0.9989376,0,0.99921453,0.5325519934631064,1
5605.0,0.9973303,0,0.9997639,0.5120306895576687,1
5609.0,0.99306846,0,1.002837,0.3972409677986743,1
5622.0,1.007069,0,1.0010207,0.4650857299345643,1
5625.0,1.0092806,0,1.0022255,0.4200800190585181,1
5630.0,0.9971107,0,1.002245,0.4193541923173688,1
5635.0,1.0051969,0,1.000649,0.4789699494370389,1
5636.0,0.9975697,0,1.0042934,0.3428351326860265,1
5640.0,1.0043916,0,0.99763316,0.5916222672957165,1
5649.0,1.0017422,0,0.9977813,0.5860895082412505,1
5653.0,1.0005599,0,0.99729174,0.6043754439009402,1
5656.0,1.0088141,0,1.0018185,0.4352823042995215,1
5661.0,0.9994345,0,1.0007015,0.4770062096036229,1
5664.0,1.0052172,0,1.0032399,0.38219008200061,1
5667.0,0.9939271,0,1.0010298,0.4647428547255551,1
5681.0,1.0065676,0,0.9989709,0.541651545276226,1
5695.0,0.9983712,0,1.00504,0.3149464647116843,1
5697.0,0.9851323,0,1.0047851,0.324471270842471,1
5698.0,1.0015795,0,1.0025204,0.4090634831223018,1
5700.0,1.0078133,0,0.9968183,0.6220602347136658,1
5703.0,1.0064455,0,0.9996614,0.5158602048790697,1
5714.0,1.003152,0,1.0021515,0.422845285354553,1
5715.0,0.9915423,0,1.0030478,0.3893637438410484,1
5717.0,1.0008086,0,1.0035185,0.3717835967609425,1
5725.0,1.0013256,0,1.001256,0.4562956563945113,1
5730.0,0.99660724,0,1.0000912,0.4998051845403357,1
5731.0,1.0036415,0,0.9979997,0.5779295235593118,1
5733.0,1.0035574,0,0.99469584,0.7013423341786469,1
5735.0,1.0021285,0,1.0046216,0.330576230732751,1
5737.0,1.0045123,0,1.0064204,0.2633860485413332,1
5751.0,1.0078565,0,0.99933153,0.5281814477794378,1
5757.0,0.99808747,0,0.9989372,0.5429117229924545,1
5768.0,1.0027828,0,0.9947274,0.7001645355710765,1
5769.0,0.99875814,0,0.99849254,0.5595211324678332,1
5771.0,0.9987072,0,1.0011365,0.4607574870364227,1
5772.0,1.004543,0,0.99545115,0.6731286026944647,1
5776.0,0.9953317,0,0.99760133,0.5928111982152677,1
5780.0,0.99917275,0,1.0034802,0.3732129856192794,1
5783.0,1.0053595,0,1.000361,0.4897282157353003,1
5791.0,1.0029882,0,1.0028601,0.396377100388963,1
5793.0,0.99894,0,0.9987685,0.5492126115735969,1
5795.0,1.001101,0,1.001331,0.4534947667001378,1
5799.0,1.0015862,0,1.0022656,0.4185838363282963,1
5804.0,1.0101738,0,0.99806666,0.5754292062884203,1
5805.0,1.0003257,0,1.0050577,0.3142874318424199,1
5817.0,0.9993734,0,1.0027804,0.3993516541502372,1
5818.0,1.003732,0,1.0017102,0.4393300129357465,1
5819.0,1.0037683,0,0.9947272,0.700171214958265,1
5822.0,0.99100024,0,0.99564844,0.665759012163164,1
5833.0,0.99602973,0,1.0017531,0.4377269600105089,1
5840.0,0.9952741,0,0.998514,0.5587196060052144,1
5841.0,0.9983524,0,1.0036423,0.367157007901715,1
5843.0,0.99864644,0,0.99545604,0.6729460327779794,1
5847.0,1.0008466,0,0.9997535,0.5124203204769973,1
5855.0,1.0009731,0,1.0020481,0.4267059711495002,1
5858.0,0.9997239,0,1.0032942,0.380159548295309,1
5864.0,1.0041921,0,1.0037009,0.3649706218286827,1
5865.0,0.9993857,0,0.9992139,0.5325764845494643,1
5888.0,1.0010507,0,1.0021663,0.4222931226803045,1
5889.0,1.0011157,0,1.0043457,0.3408847516269874,1
5891.0,1.0070108,0,1.003749,0.3631716402125826,1
5894.0,1.0050291,0,1.003068,0.3886111995511452,1
5899.0,0.9957347,0,0.9971513,0.6096209893063012,1
5905.0,0.9999868,0,1.000359,0.4897994625319776,1
5918.0,1.0005192,0,1.0068427,0.2476093360021195,1
5938.0,0.9976194,0,1.0013837,0.4515265739419294,1
5939.0,0.9967822,0,0.9995601,0.5196429644901512,1
5943.0,0.9973768,0,1.0005219,0.4837167672656592,1
5950.0,1.0041373,0,0.996327,0.6404129642452403,1
5958.0,1.0006256,0,0.9993328,0.5281346920691183,1
5959.0,0.9998373,0,1.0030375,0.3897511482979808,1
5968.0,0.99808705,0,1.0052633,0.3066061365756563,1
5969.0,1.0014124,0,1.0000567,0.5010920798053181,1
5971.0,1.002617,0,0.99936634,0.5268811937400784,1
5983.0,1.0044358,0,0.99871236,0.5513099391507827,1
5991.0,1.0030066,0,1.0010217,0.4650456536114333,1
5994.0,0.9964485,0,1.0022396,0.4195545739330235,1
5996.0,1.0033478,0,1.002898,0.394961070305003,1
5999.0,1.0058601,0,1.0037895,0.3616576457831916,1
6008.0,1.0026379,0,0.9971055,0.6113331388889507,1
6009.0,0.9979102,0,1.004288,0.3430399672264735,1
6018.0,0.9819354,0,1.0037731,0.3622721494045327,1
6025.0,1.0047663,0,1.0053554,0.30316847863598,1
6032.0,1.0041536,0,1.0048612,0.3216258519001743,1
6033.0,0.99748844,0,1.000633,0.4795666413592108,1
6044.0,1.0000445,0,0.9931495,0.7591034481223129,1
6046.0,0.9902487,0,1.0047474,0.3258783950768463,1
6048.0,1.0051273,0,1.0017782,0.436787392879328,1
6052.0,1.0018684,0,1.0029857,0.3916837176578506,1
6056.0,1.0010312,0,0.99962413,0.5172517438766717,1
6060.0,1.0031775,0,1.0008026,0.4732301293797298,1
6062.0,1.0005597,0,0.99932355,0.5284797937405237,1
6065.0,0.99859464,0,0.99561954,0.6668388464253032,1
6071.0,1.0040998,0,1.0004534,0.4862771990212471,1
6073.0,1.0076097,0,0.9986933,0.552022407117555,1
6080.0,0.997558,0,0.9981609,0.5719091692400862,1
6081.0,1.0013965,0,1.0002303,0.4946086213076904,1
6086.0,1.0005126,0,1.0024071,0.4132982145998045,1
6092.0,1.0022033,0,0.9928989,0.7684657224981799,1
6094.0,0.9924728,0,1.0038868,0.3580240591526529,1
6095.0,1.0010308,0,1.0013081,0.4543497282602645,1
6098.0,1.0001811,0,1.0029887,0.3915723945380425,1
6102.0,0.9988315,0,0.99967396,0.5153904213134792,1
6108.0,1.0047327,0,0.99825627,0.5683468294062247,1
6111.0,0.99962777,0,0.9982875,0.5671801631106351,1
6112.0,0.9960159,0,1.0020186,0.4278102964979973,1
6117.0,1.0016446,0,1.0012603,0.4561353511019875,1
6122.0,0.99870616,0,0.99736357,0.6016925567135634,1
6123.0,1.0085869,0,0.99667764,0.6273146859686114,1
6129.0,1.0029709,0,1.005166,0.3102397232061948,1
6131.0,1.0046347,0,0.99685687,0.6206197135433481,1
6139.0,0.99732006,0,0.9978725,0.5826830207751206,1
6140.0,0.9958323,0,0.9982128,0.5699699204930279,1
6141.0,0.9947638,0,0.99863476,0.5542087931905875,1
6146.0,0.9959976,0,0.99996567,0.5044941143466557,1
6151.0,1.0010872,0,1.0009481,0.4677975611330912,1
6153.0,1.001869,0,1.0035416,0.3709197293512311,1
6156.0,1.0023538,0,1.003924,0.356634746617447,1
6160.0,1.0033089,0,0.9994654,0.5231808132376548,1
6162.0,1.000343,0,1.0025291,0.4087384196124619,1
6163.0,1.0073445,0,0.9983653,0.564274629683642,1
6165.0,1.0038489,0,1.0030168,0.3905215042870533,1
6166.0,1.00396,0,1.0025035,0.4096957984428122,1
6174.0,1.0031785,0,0.99623674,0.6437838283130317,1
6179.0,1.0010419,0,1.0012798,0.455405071436046,1
6180.0,1.005038,0,1.0053513,0.3033198780789191,1
6181.0,0.9980727,0,1.0030534,0.389154456375809,1
6188.0,0.9925337,0,0.9996917,0.5147269355194226,1
6190.0,0.9984283,0,1.0003778,0.4891003533395822,1
6195.0,1.0002718,0,0.995167,0.6837421489369755,1
6213.0,0.99638325,0,0.99552864,0.6702342015794525,1
6215.0,1.0018036,0,1.0042342,0.3450482363078129,1
6221.0,1.0030516,0,1.0000594,0.5009941154598869,1
6228.0,0.99543303,0,1.0055928,0.2942982524496652,1
6244.0,1.0062855,0,0.996113,0.6484059642474669,1
6252.0,1.0068282,0,1.002647,0.4043344769928508,1
6257.0,1.0003966,0,0.9978655,0.5829435168754717,1
6259.0,1.003366,0,1.0051951,0.3091532095568672,1
6262.0,1.0073202,0,1.0028098,0.3982562346513248,1
6265.0,1.0062859,0,1.0068431,0.2475959772277426,1
6267.0,1.0079712,0,0.9986852,0.5523252060034332,1
6269.0,1.0054951,0,0.9999732,0.5042135800847392,1
6280.0,1.0045999,0,1.0014054,0.4507161416297259,1
6293.0,0.9998768,0,0.99725574,0.6057202271882229,1
6299.0,1.001649,0,1.0064405,0.2626335042514299,1
6305.0,1.0000879,0,1.0039926,0.3540743148618591,1
6310.0,0.99578637,0,0.9966289,0.6291359322086729,1
6312.0,0.9996617,0,1.0019921,0.4287988458018938,1
6313.0,1.0042629,0,0.9979722,0.5789581491863394,1
6322.0,1.0025119,0,1.001047,0.4641016335554601,1
6336.0,1.0018119,0,1.0005217,0.4837256731152439,1
6337.0,1.0013433,0,0.99931985,0.5286178344090857,1
6339.0,0.9984808,0,1.002345,0.4156181884166067,1
6343.0,0.991762,0,1.0018536,0.4339731444105774,1
6345.0,1.0073537,0,1.0069017,0.2454051382299178,1
6349.0,0.99900293,0,1.0000048,0.5030335550147726,1
6358.0,0.99980307,0,1.0042071,0.3460590502356711,1
6360.0,1.00146,0,0.9969887,0.6156947787230347,1
6369.0,1.0006213,0,1.001866,0.4335100402321755,1
6376.0,0.9872274,0,1.0010759,0.463024025755717,1
6378.0,1.0113428,0,1.0034951,0.3726563700202385,1
6380.0,1.0073241,0,1.0016353,0.4421264497053276,1
6389.0,1.0051118,0,0.9965212,0.6331591497585402,1
6394.0,1.0006838,0,1.0004054,0.4880672747877624,1
6399.0,1.0059215,0,0.9962695,0.6425592739951418,1
6402.0,1.003892,0,0.9976663,0.5903843542034497,1
6405.0,1.0026929,0,1.0030085,0.3908332090225161,1
6406.0,0.9987779,0,0.9998008,0.5106525093344436,1
6415.0,1.0025576,0,0.99522,0.6817628238667863,1
6423.0,1.0041625,0,0.9984348,0.5616785745297155,1
6425.0,0.9996157,0,1.0007179,0.4763961589070741,1
6426.0,1.0047245,0,1.0006933,0.4773134614142934,1
6440.0,0.9961123,0,1.0017431,0.4381010056930643,1
6442.0,1.0025448,0,0.99829465,0.5669129876230956,1
6446.0,0.9992792,0,0.9992585,0.5309088642147378,1
6447.0,1.0084441,0,0.9993916,0.5259371736841051,1
6450.0,0.9984678,0,0.9989913,0.5408900951367381,1
6453.0,1.0043775,0,1.0036104,0.3683503917460586,1
6459.0,1.0004214,0,1.0008414,0.4717829288222236,1
6460.0,0.9943036,0,0.99059755,0.8544294356140472,1
6462.0,0.9933917,0,0.99058276,0.8549815982882957,1
6464.0,1.0040113,0,1.0040513,0.3518790229392421,1
6467.0,0.9995206,0,1.0045092,0.3347753388119151,1
6468.0,0.99843407,0,1.00397,0.3549159176476089,1
6472.0,1.0043583,0,1.0034914,0.3727944106888007,1
6474.0,0.9984091,0,1.0018742,0.4332027884215049,1
6475.0,0.9990286,0,1.0012872,0.4551289900989217,1
6476.0,1.0042812,0,1.0007768,0.4741964140596647,1
6477.0,0.9980624,0,1.0087816,0.1751869671797178,1
6484.0,1.004021,0,1.0044347,0.3375584168071193,1
6490.0,1.0024234,0,1.004255,0.3442689744691557,1
6491.0,1.0028498,0,1.0039436,0.3559044669515054,1
6492.0,0.99936426,0,1.0030413,0.3896086547046263,1
6494.0,1.0011582,0,0.9991854,0.5336407335748303,1
6501.0,1.00136,0,1.0062785,0.268685029044202,1
6502.0,1.0050517,0,0.9985415,0.5576932068405831,1
6518.0,1.0018122,0,1.0027503,0.4004782441226958,1
6520.0,0.999885,0,0.9999945,0.5034165065469127,1
6521.0,1.0076969,0,0.9961646,0.6464778478123894,1
6522.0,0.9956498,0,0.99940467,0.5254495784193454,1
6527.0,0.99636215,0,1.000093,0.4997383906684508,1
6529.0,1.0083166,0,1.0053366,0.3038675878283754,1
6542.0,1.0067955,0,1.0038532,0.3592797839440891,1
6545.0,1.0035402,0,1.002016,0.4279082608434285,1
6555.0,0.9966902,0,1.0035377,0.3710666758693779,1
6557.0,1.0017143,0,0.99870574,0.5515570764767568,1
6558.0,1.0008968,0,1.0042479,0.3445361499566953,1
6559.0,1.0014828,0,1.0057396,0.288816702030311,1
6574.0,1.0044248,0,1.0019408,0.4307136034625943,1
6576.0,1.0008667,0,0.9987421,0.5501989344150973,1
6577.0,1.0020463,0,1.0057968,0.2866792981299942,1
6579.0,1.0021611,0,1.0030446,0.3894839728104412,1
6581.0,0.9987175,0,1.0006517,0.4788675321668154,1
6582.0,1.0010467,0,1.00409,0.3504362753065282,1
6585.0,1.0036951,0,1.0007643,0.4746639711628591,1
6593.0,1.0024015,0,1.0020475,0.4267282357734618,1
6595.0,1.0005764,0,0.9995456,0.5201862213148152,1
6598.0,0.99849415,0,1.000077,0.5003350825906225,1
6599.0,1.0032603,0,0.9990087,0.5402399681170584,1
6601.0,1.0037006,0,1.0047743,0.3248720340737805,1
6611.0,1.0018367,0,1.0022686,0.4184725132084882,1
6613.0,1.0055068,0,1.0008123,0.4728694424715514,1
6621.0,1.0017133,0,0.99905163,0.5386369151918209,1
6624.0,1.0064453,0,0.9967868,0.6232380333212362,1
6630.0,1.0066701,0,0.9955178,0.6706394177355541,1
6633.0,0.99842274,0,1.0029266,0.3938923683548446,1
6637.0,1.0044725,0,0.9969352,0.6176941419547894,1
6638.0,0.9982551,0,0.99951524,0.5213194906744623,1
6639.0,1.0073397,0,1.0002891,0.4924133293850733,1
6640.0,0.99510545,0,0.9962555,0.6430824926582402,1
6648.0,0.99971974,0,0.9998487,0.5088624335679283,1
6651.0,1.0075877,0,0.99687105,0.6200898154930612,1
6654.0,0.9950781,0,1.0000807,0.5001970419220605,1
6655.0,0.99940145,0,1.0052541,0.3069490117846655,1
6676.0,1.0034314,0,1.0005829,0.4814368697719879,1
6677.0,0.99905777,0,1.0008843,0.470179875896986,1
6680.0,1.0052664,0,1.0024225,0.4127237873015944,1
6683.0,1.0058205,0,0.99921316,0.5326032020982181,1
6689.0,1.0003383,0,1.000719,0.4763560825839432,1
6692.0,1.0053102,0,1.0012028,0.458281660851889,1
6695.0,0.99905,0,1.0019832,0.4291328151613183,1
6701.0,0.9959242,0,1.0001575,0.497329358355802,1
6703.0,1.004667,0,1.0026249,0.4051627210042235,1
6716.0,1.000748,0,1.0016133,0.4429502407919081,1
6727.0,1.0025098,0,0.9982446,0.5687832160358728,1
6733.0,1.0030565,0,1.0025355,0.4085024145984686,1
6738.0,1.0010716,0,1.0004156,0.4876887761804147,1
6743.0,1.0017225,0,1.0001471,0.4977167628127344,1
6745.0,1.0037478,0,0.9988033,0.5479123575342375,1
6771.0,0.9949129,0,1.0040501,0.3519235521871653,1
6776.0,0.9967628,0,0.99835813,0.5645418051711816,1
6797.0,1.0027156,0,1.0012194,0.4576627043057556,1
6807.0,0.99405426,0,0.9923665,0.7883524846207111,1
6808.0,1.0015259,0,1.0021962,0.4211754385574304,1
6818.0,1.0030309,0,1.0051682,0.310159570559933,1
6821.0,1.0002841,0,1.0025107,0.4094286229552726,1
6822.0,1.0009484,0,0.99988836,0.5073818360744796,1
6829.0,0.99456894,0,1.0004746,0.485484578408213,1
6834.0,0.99887705,0,1.003992,0.3540965794858207,1
6839.0,1.0010854,0,1.0027716,0.3996811705848694,1
6841.0,1.0061607,0,1.0039961,0.3539407271180893,1
6843.0,1.0017489,0,0.9967094,0.6261279815114562,1
6844.0,1.0042266,0,1.0062754,0.2688008050888024,1
6850.0,1.0010368,0,1.0022957,0.4174572463558377,1
6862.0,1.005051,0,1.0050735,0.3136951928450404,1
6863.0,0.98973453,0,1.0017073,0.4394368831307623,1
6869.0,1.00189,0,1.0007541,0.4750424697702068,1
6871.0,1.0043919,0,1.0054712,0.2988402357378384,1
6879.0,0.99761254,0,1.0042181,0.3456493811547769,1
6882.0,0.9990406,0,0.9978147,0.584840462837003,1
6890.0,1.0071596,0,0.99772,0.5883783115845065,1
6895.0,1.0039603,0,1.0033463,0.3782136201610623,1
6903.0,1.0012577,0,0.9996174,0.5175033341274382,1
6911.0,1.0038719,0,1.001267,0.4558859873136173,1
6918.0,0.99731284,0,0.99999666,0.5033363539006508,1
6920.0,1.0026209,0,1.0049069,0.3199203817047131,1
6926.0,0.996998,0,1.005956,0.2807301906074457,1
6933.0,0.99651825,0,0.9988694,0.5454432107368923,1
6939.0,1.0024678,0,0.99660695,0.6299552703704611,1
6945.0,1.0037959,0,1.0038536,0.3592664251697121,1
6950.0,0.9960316,0,1.0004874,0.4850036625306416,1
6956.0,1.0039041,0,1.0029348,0.3935851165441741,1
6960.0,0.998458,0,0.9984657,0.5605230405461067,1
6964.0,1.0006337,0,1.0000753,0.5003974235377151,1
6965.0,1.005484,0,0.99484056,0.6959364834807622,1
6966.0,0.999398,0,1.0055897,0.2944140284942658,1
6977.0,1.0109959,0,0.9959414,0.6548159494860212,1
6979.0,0.9964547,0,1.0033063,0.3797098028912841,1
6981.0,1.0037495,0,0.99941415,0.5250955708983553,1
6988.0,1.0061927,0,0.9981227,0.5733363316360268,1
6990.0,0.99973345,0,0.99781585,0.5847981600514758,1
6993.0,1.0035851,0,0.99585646,0.6579886584005539,1
6994.0,1.0058596,0,1.007902,0.2080406462975044,1
6999.0,0.99807006,0,1.0040888,0.3504808045544515,1
7012.0,0.9969871,0,1.0029397,0.3934025466276887,1
7014.0,1.001378,0,1.0014404,0.4494069817407818,1
7017.0,0.9973242,0,0.9977762,0.5862787575449244,1
7029.0,1.0079358,0,0.9989633,0.541936532462935,1
7036.0,1.0012163,0,0.99782056,0.5846222695221789,1
7047.0,0.999101,0,0.9991263,0.5358471578094282,1
7055.0,1.0078517,0,1.0025795,0.4068592853501001,1
7056.0,1.001971,0,1.0010735,0.4631130842515635,1
7078.0,0.99813575,0,1.0050784,0.3135126229285551,1
7080.0,1.00554,0,1.0005531,0.4825501009700697,1
7089.0,1.0090475,0,1.0050358,0.315106770004208,1
7091.0,1.0023587,0,0.9982646,0.5680351246707619,1
7096.0,0.9998869,0,1.0029423,0.3933045822822575,1
7097.0,1.0006084,0,0.99749947,0.5966162224503109,1
7098.0,1.0077376,0,1.0017804,0.436707240233066,1
7099.0,1.0015489,0,1.0012127,0.4579120680941259,1
7103.0,1.0021703,0,1.0008428,0.4717294937247157,1
7108.0,0.9996034,0,0.9979267,0.580656939994612,1
7110.0,0.99804795,0,0.99858916,0.5559120369236523,1
7117.0,0.985328,0,1.0013679,0.4521143600145165,1
7123.0,0.9997514,0,1.0024831,0.4104572485823,1
7124.0,1.0040524,0,1.0031384,0.3859795209988801,1
7130.0,1.004648,0,0.99937123,0.5266986238235929,1
7133.0,0.9995445,0,1.0036662,0.3662664229432497,1
7135.0,1.0052216,0,0.9980684,0.5753646388789316,1
7145.0,1.0030521,0,1.003744,0.3633586630538603,1
7151.0,1.005875,0,1.0020007,0.4284782352168463,1
7153.0,1.007246,0,1.0042349,0.3450215187590589,1
7154.0,1.0015136,0,1.0004094,0.4879203282696157,1
7158.0,1.0010164,0,0.9971251,0.610600632760613,1
7175.0,1.0019746,0,1.0009801,0.4665997243639553,1
7187.0,0.9985205,0,0.99972904,0.5133331700594244,1
7190.0,1.0004675,0,1.0059437,0.2811932947858477,1
7207.0,1.0112109,0,0.9975302,0.5954673678538907,1
7208.0,1.004441,0,1.0001034,0.4993509862115184,1
7213.0,0.9983421,0,1.0041618,0.3477511616567552,1
7215.0,0.99376565,0,0.99669945,0.6264998007316156,1
7217.0,0.99320155,0,0.99948794,0.5223392104519051,1
7224.0,1.0096525,0,1.0029652,0.3924496207221308,1
7227.0,0.99967587,0,1.0027668,0.3998592875765625,1
7238.0,1.0017086,0,1.0032843,0.3805291410530722,1
7239.0,1.0027987,0,1.0033251,0.3790062407740964,1
7244.0,0.99351764,0,1.0013199,0.4539088887058242,1
7253.0,0.9999846,0,0.9970272,0.6142564840151132,1
7257.0,0.99375635,0,0.99794406,0.5800090394373284,1
7263.0,1.001072,0,1.0079473,0.2063485348764202,1
7265.0,1.0006417,0,0.999758,0.5122511093348889,1
7270.0,1.0017271,0,0.9959958,0.652783189318324,1
7272.0,0.99993974,0,1.0078689,0.2092785593897711,1
7273.0,1.001185,0,0.9994525,0.5236639555776224,1
7277.0,1.0000787,0,0.99659455,0.6304183745488631,1
7280.0,1.0057678,0,1.0034244,0.3752969544220883,1
7283.0,0.99079835,0,0.9995388,0.5204400380279777,1
7289.0,1.0006692,0,1.0032892,0.3803465711365867,1
7290.0,0.99941766,0,0.9997728,0.5116989466606403,1
7293.0,1.0005172,0,0.9976567,0.590742814649232,1
7296.0,0.9963918,0,1.0020757,0.4256773455224728,1
7297.0,1.0043476,0,1.0046788,0.3284388268324342,1
7305.0,1.0046471,0,0.9999555,0.5048748394163997,1
7307.0,0.99141574,0,1.0040439,0.3521551042763663,1
7308.0,1.0043547,0,1.0036231,0.3678739287932796,1
7310.0,0.9932911,0,0.9995272,0.5208719717328334,1
7315.0,1.0058804,0,1.0024273,0.4125412173851089,1
7320.0,1.0062857,0,1.0043015,0.3425323338001482,1
7322.0,1.0054575,0,1.0019345,0.4309496084765876,1
7323.0,1.0003635,0,0.99834365,0.5650828355334492,1
7332.0,0.99703234,0,0.997306,0.6038433193882572,1
7334.0,0.99481094,0,1.0010567,0.4637409466472816,1
7344.0,1.0058546,0,1.0013515,0.4527288636358576,1
7346.0,0.9996584,0,0.9978625,0.58305483999528,1
7347.0,0.9991908,0,1.0044084,0.3385425131862235,1
7348.0,1.0011538,0,0.99802417,0.5770166739768849,1
7352.0,1.004385,0,0.99999034,0.5035723589146441,1
7358.0,1.0062838,0,1.0046606,0.3291201243256602,1
7365.0,1.0068029,0,1.0047807,0.3246360290597871,1
7366.0,1.0007219,0,0.9986668,0.5530109564214516,1
7372.0,1.0032619,0,1.0054098,0.3011334920058868,1
7386.0,1.0073286,0,0.9986232,0.5546407268954431,1
7397.0,1.0011009,0,0.9985229,0.558387863108186,1
7420.0,1.0014211,0,1.0039785,0.3545997599873537,1
7421.0,0.9993745,0,0.99984455,0.5090182859356597,1
7423.0,1.0010425,0,0.99879605,0.5481839859465694,1
7426.0,0.9992087,0,0.9999873,0.5036859084968485,1
7431.0,1.0057724,0,1.0020025,0.4284114413449614,1
7443.0,1.0018508,0,1.0031797,0.384438809020735,1
7446.0,0.99842954,0,1.0007994,0.4733503583491226,1
7448.0,1.0085304,0,0.9999696,0.504347167828509,1
7450.0,1.0018435,0,1.0019785,0.4293064792282191,1
7452.0,1.007078,0,0.9947542,0.6991626274928029,1
7470.0,0.9875569,0,1.000515,0.4839750369036142,1
7473.0,1.0046316,0,0.99922436,0.5321846271677395,1
7474.0,1.0025834,0,1.0026114,0.4056659015057565,1
7484.0,0.998602,0,1.0002537,0.4937358480483944,1
7490.0,1.0045766,0,1.0017802,0.4367161460826507,1
7497.0,1.0006866,0,1.0026685,0.4035329505302319,1
7504.0,1.0059212,0,1.0044656,0.3364051092859067,1
7509.0,1.0049467,0,1.0059906,0.279438842417671,1
7522.0,0.9886108,0,0.99763304,0.5916267202205088,1
7529.0,1.0069755,0,1.0035914,0.3690584067880386,1
7534.0,1.0077147,0,1.0053664,0.3027543566302937,1
7535.0,0.9926382,0,1.0015069,0.4469222497066636,1
7536.0,1.0003546,0,1.0051907,0.3093179677741833,1
7537.0,1.0030297,0,1.0019847,0.429074927139018,1
7541.0,0.992549,0,1.0040268,0.3527963254464613,1
7544.0,1.0013787,0,0.99837637,0.5638605076779556,1
7559.0,1.00211,0,1.0064195,0.2634172190148794,1
7565.0,1.0000455,0,1.0033959,0.3763612034474544,1
7566.0,0.9959826,0,0.99412584,0.7226339940731571,1
7567.0,1.0087674,0,1.0022045,0.4208637338219676,1
7569.0,0.999213,0,1.002133,0.4235354886973637,1
7575.0,1.0001386,0,1.0018468,0.4342269611237401,1
7577.0,1.007136,0,1.0033411,0.3784095488519247,1
7584.0,1.003443,0,1.0023261,0.4163217505337944,1
7587.0,1.0018796,0,0.99799615,0.5780631113030816,1
7592.0,1.0049584,0,1.0072886,0.2309553972788176,1
7597.0,1.0047128,0,1.0000263,0.5022275756273614,1
7598.0,1.0043964,0,0.99865013,0.5536343658923772,1
7604.0,1.0004201,0,1.0019444,0.4305800157188245,1
7615.0,1.0004044,0,1.0040474,0.3520259694573888,1
7618.0,0.9948111,0,0.99699336,0.615521114656134,1
7635.0,0.99602556,0,1.0005416,0.4829820346749254,1
7639.0,1.0021416,0,0.9977743,0.5863500043416017,1
7647.0,0.99646455,0,1.0001044,0.4993109098883874,1
7658.0,1.0055671,0,0.99880457,0.547865601823918,1
7665.0,1.0011221,0,1.0003421,0.4904317778524879,1
7668.0,1.0076008,0,1.0008858,0.4701219878746858,1
7670.0,0.9954853,0,1.0001063,0.4992396630917102,1
7675.0,1.007738,0,1.0017842,0.4365647466397117,1
7685.0,0.9981316,0,1.010081,0.1266456340185642,1
7687.0,1.0003618,0,1.0017312,0.438546298172297,1
7693.0,1.0078843,0,0.99789673,0.5817768505798822,1
7695.0,1.0023106,0,0.998012,0.5774708723057023,1
7700.0,1.0048813,0,1.0061806,0.2723408802987022,1
7701.0,1.0009209,0,1.0016214,0.4426474419060299,1
7708.0,1.0036427,0,0.9977657,0.5866706149266492,1
7714.0,0.9995379,0,0.99957746,0.5189950639328678,1
7724.0,1.002021,0,1.0047144,0.3271118552443208,1
7734.0,0.99713516,0,1.0005289,0.483454044702912,1
7741.0,0.99066865,0,1.000823,0.4724686792402419,1
7746.0,0.9981758,0,1.0031865,0.3841849923075724,1
7748.0,0.9971915,0,1.0004684,0.4857161304974139,1
7750.0,0.9950459,0,0.99902606,0.539592067559775,1
7766.0,0.9995184,0,0.9973641,0.601672518551998,1
7775.0,1.0105927,0,1.0020236,0.4276232736567196,1
7782.0,1.0023048,0,1.0011817,0.4590698285401309,1
7787.0,0.9995411,0,1.0057878,0.2870132674894187,1
7792.0,1.0067283,0,1.0003924,0.488552643590126,1
7793.0,0.99178904,0,1.0064813,0.2611106039724542,1
7795.0,0.9943769,0,0.9978854,0.5821998784351532,1
7797.0,1.0064542,0,1.0034529,0.3742327053967221,1
7803.0,0.99878067,0,1.0002311,0.4945774508341441,1
7810.0,1.0015868,0,1.0027053,0.4021569967694031,1
7812.0,1.0003386,0,1.002222,0.4202136068022879,1
7816.0,0.9979391,0,0.9970202,0.6145192065778605,1
7817.0,0.99076796,0,0.99995685,0.5048236307812879,1
7821.0,1.0017159,0,0.99627364,0.6424056480898066,1
7825.0,0.9921468,0,0.99954957,0.5200370483342722,1
7839.0,1.003967,0,1.0036436,0.3671080257289995,1
7843.0,0.99656653,0,0.9979718,0.5789737344231125,1
7848.0,1.0038824,0,1.0047551,0.3255889549653451,1
7853.0,1.0054861,0,0.9992999,0.5293636993118005,1
7862.0,1.0023527,0,1.006676,0.2538389777865847,1
7863.0,0.99860644,0,1.0003036,0.4918700725604095,1
7864.0,1.0009881,0,1.0015752,0.4443707238006603,1
7866.0,0.9981167,0,1.0069094,0.2451201510432089,1
7872.0,0.9992347,0,1.00378,0.3620138797665777,1
7873.0,1.0028365,0,1.004156,0.3479693549715792,1
7874.0,1.0052232,0,1.0010399,0.4643688090429997,1
7886.0,1.0006356,0,1.0042815,0.3432804251652591,1
7889.0,0.9980388,0,0.99921644,0.5324807466664292,1
7894.0,1.008178,0,1.0015764,0.4443261945527371,1
7899.0,1.0044514,0,0.99875057,0.549882776754842,1
7901.0,0.9982326,0,0.9976214,0.5920608803877607,1
7902.0,1.0012571,0,0.9943271,0.7151152305613134,1
7907.0,0.99912655,0,0.9993315,0.5281836742418339,1
7911.0,1.0034305,0,1.0022572,0.4188955410637592,1
7916.0,1.0030893,0,1.0070484,0.239928040735356,1
7917.0,1.0025619,0,1.0015662,0.4447091460848772,1
7922.0,1.0021645,0,1.0027727,0.3996410942617384,1
7930.0,1.0063543,0,1.0040904,0.3504184636073589,1
7934.0,1.0009373,0,1.0022676,0.4185081366068267,1
7935.0,1.0048009,0,1.001524,0.4462854814613608,1
7946.0,1.0014793,0,1.0043423,0.3410094335211725,1
7953.0,1.0009549,0,1.002889,0.3952950396644276,1
7956.0,1.0025197,0,1.0045868,0.3318764847721104,1
7958.0,0.9990672,0,1.0008442,0.4716760586272078,1
7971.0,1.007186,0,1.0018029,0.4358656374473163,1
7975.0,1.0006768,0,1.0032047,0.3835036948143464,1
7976.0,0.99816203,0,0.9940758,0.7245042224859344,1
7983.0,0.99911845,0,1.0066582,0.2545024635806413,1
8004.0,1.000895,0,1.0038007,0.3612390708527128,1
8005.0,1.0029893,0,1.0029794,0.3919197226718439,1
8009.0,1.0046343,0,0.9935715,0.7433400943574764,1
8015.0,0.99718636,0,1.0009991,0.4658917093219754,1
8018.0,1.0010107,0,0.9980478,0.576132768405608,1
8024.0,1.0012197,0,1.0018957,0.4324012619588862,1
8026.0,1.0061258,0,0.9980702,0.5752978450070467,1
8034.0,0.99968016,0,1.0056334,0.2927842580202742,1
8036.0,1.0059764,0,1.000847,0.4715736413569843,1
8040.0,0.9984936,0,0.9994201,0.5248729246587389,1
8042.0,0.9983252,0,1.0054753,0.2986888362948994,1
8048.0,1.0012126,0,0.9985511,0.5573347463948007,1
8052.0,1.0073369,0,1.0076133,0.2188256301445197,1
8053.0,1.0003273,0,1.0037671,0.362494795644149,1
8074.0,1.0052426,0,1.000348,0.4902135845376639,1
8077.0,1.007947,0,1.0055597,0.295536165541932,1
8081.0,0.9912694,0,0.99829274,0.5669842344197727,1
8086.0,1.008466,0,1.0050051,0.3162511716758359,1
8094.0,1.0053056,0,1.0003952,0.4884502263199025,1
8100.0,1.0031075,0,1.0037082,0.3646945404915583,1
8109.0,1.0003809,0,0.99568284,0.6644743433605778,1
8113.0,0.99855,0,1.0039533,0.3555393271185346,1
8115.0,0.9969987,0,1.0001453,0.4977835566846194,1
8119.0,0.99787766,0,1.0014491,0.449081918230942,1
8125.0,0.999945,0,1.0018686,0.4334120758867443,1
8128.0,1.0045984,0,1.0011386,0.4606817873149531,1
8129.0,1.0067741,0,1.0016786,0.4405100380057131,1
8130.0,0.9982949,0,0.9994669,0.5231251516777508,1
8131.0,1.0048866,0,1.0041631,0.3477021794840396,1
8139.0,0.9910949,0,1.0013744,0.4518739020757308,1
8143.0,1.0053047,0,0.99992377,0.5060593174111585,1
8149.0,0.9930382,0,1.003496,0.3726207466218999,1
8153.0,1.0036418,0,0.9997399,0.5129279539033226,1
8159.0,1.0044544,0,0.9999252,0.5060058823136506,1
8162.0,0.9964351,0,1.0040939,0.3502893287883815,1
8180.0,1.001847,0,1.0002373,0.4943458987449431,1
8182.0,1.0048014,0,1.0019993,0.4285316703143542,1
8185.0,1.0089703,0,1.0004697,0.4856671483246984,1
8192.0,1.0045923,0,1.002365,0.4148700970514958,1
8193.0,0.9955176,0,0.9954063,0.6748029024163796,1
8194.0,1.0036877,0,1.0036241,0.367838305394941,1
8195.0,0.99963856,0,1.0031263,0.3864337193276974,1
8202.0,1.0006808,0,1.003934,0.3562607009348916,1
8214.0,1.001173,0,0.9985119,0.5587975321890801,1
8226.0,0.9995976,0,0.99789274,0.5819260235604251,1
8233.0,0.9937224,0,0.99414456,0.7219348848807619,1
8234.0,0.9956147,0,0.99709857,0.6115914085269056,1
8238.0,1.0036219,0,0.9992522,0.5311448692287312,1
8249.0,0.9968603,0,1.0004952,0.4847142224191404,1
8250.0,0.99738824,0,0.9975621,0.5942762104719432,1
8254.0,0.99466074,0,0.9985702,0.5566200519656324,1
8263.0,0.9917582,0,1.0041543,0.3480316959186718,1
8264.0,1.0055878,0,1.0044097,0.338493531013508,1
8271.0,1.0002722,0,1.0079019,0.2080450992222966,1
8276.0,0.9889012,0,0.9901681,0.8704710971784042,1
8284.0,1.0027493,0,1.006372,0.2651939360070178,1
8286.0,0.98390216,0,1.0002872,0.4924845761817505,1
8290.0,0.9981307,0,0.9975168,0.5959683218930274,1
8302.0,0.9993348,0,1.004402,0.3387785182002168,1
8303.0,0.99672145,0,1.0001955,0.4959088753470498,1
8304.0,0.9996895,0,0.9990257,0.5396054263341519,1
8310.0,0.99999946,0,1.0023336,0.4160412162718777,1
8311.0,1.0039161,0,1.0009395,0.4681181717181387,1
8319.0,1.0032858,0,1.0058753,0.2837448206918509,1
8320.0,0.99951106,0,1.0005186,0.4838414491598444,1
8323.0,0.99262846,0,1.0026747,0.4033013984410311,1
8351.0,0.9982531,0,1.0006737,0.4780481940050274,1
8360.0,0.9971802,0,1.0017214,0.4389114380052678,1
8372.0,1.0044024,0,1.0025648,0.4074069950995562,1
8383.0,0.9925463,0,0.9996714,0.5154861591965143,1
8387.0,1.0024717,0,1.0026983,0.4024197193321503,1
8395.0,1.0019212,0,1.0022061,0.4208058457996674,1
8409.0,1.002407,0,1.0006984,0.4771219856482234,1
8412.0,0.99821335,0,1.0000707,0.5005710876046159,1
8416.0,1.0023943,0,1.0005597,0.4823051901064916,1
8420.0,1.0003915,0,1.0048088,0.3235851388087981,1
8426.0,1.0017457,0,1.0077128,0.2151074379429268,1
8435.0,1.0063136,0,1.0020571,0.4263720017900757,1
8438.0,1.0014207,0,0.9984078,0.5626871619951774,1
8445.0,1.0064626,0,0.99987906,0.5077291642082811,1
8447.0,0.997557,0,1.0027126,0.4018853683570711,1
8454.0,1.0011759,0,1.0028934,0.3951302814471115,1
8458.0,1.0049332,0,0.9955411,0.6697688709386542,1
8462.0,1.0029907,0,0.9946014,0.7048690506141697,1
8463.0,1.0058553,0,1.0034287,0.3751366491295645,1
8465.0,1.0035816,0,1.0057297,0.2891862947880742,1
8473.0,1.0046948,0,1.0058069,0.2863007995226464,1
8486.0,0.99912673,0,0.99785316,0.5834043945914775,1
8495.0,0.9921109,0,0.9965856,0.6307523439082876,1
8507.0,1.0026429,0,1.0056711,0.2913726808611065,1
8519.0,1.0048863,0,1.0020683,0.425953426859597,1
8520.0,1.0071324,0,0.9979579,0.5794925001614185,1
8521.0,1.0045575,0,1.0010716,0.4631843310482407,1
8529.0,0.99307114,0,0.99866813,0.5529619742487359,1
8534.0,0.99091244,0,1.0017539,0.4376957895369626,1
8535.0,1.0046512,0,1.002347,0.4155424886951372,1
8537.0,1.0013385,0,0.99999905,0.5032472954048043,1
8542.0,0.9947262,0,1.0031209,0.3866341009433521,1
8546.0,1.0065018,0,0.99716455,0.6091267146543529,1
8552.0,1.0026133,0,1.005168,0.3101684764095177,1
8562.0,1.0044339,0,0.99955714,0.5197542876099595,1
8564.0,1.0040425,0,0.9999206,0.5061773199181552,1
8567.0,1.0004388,0,0.9991626,0.5344912422101646,1
8573.0,0.99908775,0,0.99762934,0.591764760889071,1
8589.0,1.0007095,0,0.9994481,0.5238264873325422,1
8598.0,0.99221075,0,0.9980751,0.5751130486281653,1
8599.0,1.0023553,0,1.0005542,0.4825100246469387,1
8601.0,1.0002322,0,1.0032828,0.3805870290753724,1
8605.0,1.0005375,0,1.0056198,0.2932918914465994,1
8611.0,1.0059967,0,0.9998482,0.5088824717294937,1
8617.0,0.9999827,0,0.9989422,0.5427247001511768,1
8619.0,1.0016791,0,0.99792,0.5809085302453785,1
8624.0,0.99621433,0,0.9995865,0.5186566416486509,1
8627.0,1.0046414,0,1.0062767,0.2687518229160869,1
8632.0,1.003327,0,1.0031418,0.385854839104695,1
8633.0,1.0049846,0,1.0011388,0.4606728814653684,1
8634.0,1.0058647,0,1.0022058,0.420814751649252,1
8637.0,0.9994431,0,1.0033337,0.3786856301890489,1
8643.0,0.9977788,0,1.0010443,0.4642040508256836,1
8654.0,0.9995452,0,1.0008116,0.4728961600203053,1
8679.0,0.99964625,0,1.008844,0.1728536345885386,1
8687.0,1.0070486,0,1.0032172,0.3830361377111521,1
8688.0,0.9971623,0,0.99989635,0.5070834901133937,1
8700.0,1.0024306,0,1.0006555,0.478725038573461,1
8703.0,0.99218917,0,1.0024916,0.4101410909220448,1
8707.0,0.9955279,0,1.0036408,0.3672148959240152,1
8710.0,0.99869096,0,1.0012513,0.4564693204614121,1
8711.0,1.0030192,0,1.0062115,0.2711875727774896,1
8714.0,1.0022413,0,1.0030786,0.3882148892446281,1
8715.0,0.9969776,0,0.9991074,0.536552946389012,1
8719.0,0.9990408,0,1.0032494,0.3818338480172238,1
8721.0,1.000724,0,1.0026462,0.4043656474663971,1
8730.0,1.0040398,0,1.0059878,0.2795457126126868,1
8731.0,0.9969733,0,1.0009894,0.4662523962301539,1
8737.0,1.0055261,0,1.005847,0.2848046167924246,1
8739.0,1.0068331,0,1.0007713,0.4744012486001118,1
8741.0,1.0017445,0,1.004267,0.3438236819899231,1
8752.0,1.0042622,0,1.0009786,0.4666576123862556,1
8759.0,1.000781,0,1.0040941,0.3502804229387968,1
8761.0,1.0009146,0,0.99634796,0.6396292494817909,1
8764.0,0.995118,0,1.0006335,0.4795488296600414,1
8766.0,0.9977883,0,0.99714905,0.6097055948773553,1
8768.0,1.0025483,0,1.0014791,0.4479597811832757,1
8770.0,0.9980728,0,1.00215,0.4228987204520609,1
8771.0,0.99834156,0,0.9986219,0.5546897090681586,1
8775.0,1.0018457,0,0.99662054,0.6294476369441359,1
8776.0,1.0022025,0,1.0005398,0.4830488285468103,1
8780.0,1.0069672,0,0.9968169,0.6221136698111738,1
8787.0,1.0018922,0,1.0014461,0.4491932413507502,1
8789.0,1.005123,0,1.0039058,0.3573160441106729,1
8802.0,1.0008582,0,0.9978087,0.5850653355390154,1
8807.0,1.0051094,0,0.99965864,0.5159626221492932,1
8816.0,0.9981346,0,1.0038134,0.3607670608247262,1
8819.0,1.0009576,0,1.0019413,0.430695791763425,1
8828.0,1.0052718,0,1.0019604,0.4299833237966527,1
8831.0,1.0034449,0,1.0028766,0.3957581438428296,1
8832.0,1.0015434,0,0.9945064,0.708418031673654,1
8837.0,1.0001855,0,1.002909,0.394551401224109,1
8844.0,0.99850476,0,1.0000911,0.4998096374651281,1
8848.0,1.003149,0,1.0025642,0.4074292597235178,1
8849.0,1.0016643,0,1.0061167,0.2747276479873893,1
8851.0,0.98810756,0,0.99596786,0.6538274001821247,1
8853.0,0.9960907,0,1.0028666,0.396132189525385,1
8868.0,1.0003012,0,1.0038677,0.3587365271194251,1
8875.0,1.0050303,0,1.005863,0.2842079248702529,1
8878.0,0.99741596,0,1.0061977,0.2717041120533995,1
8879.0,0.99601984,0,1.0017794,0.4367428636314047,1
8882.0,0.9991589,0,1.0013282,0.4535971839703613,1
8889.0,1.0006146,0,1.0035639,0.370087032415066,1
8904.0,0.9984974,0,0.998049,0.5760882391576847,1
8910.0,1.0034854,0,0.9989064,0.5440628040512709,1
8912.0,1.003127,0,1.0002007,0.4957129466561875,1
8915.0,0.9966763,0,1.0002959,0.4921595126719107,1
8918.0,1.0009624,0,0.99245334,0.785108528909501,1
8927.0,1.0049309,0,1.0018281,0.4349260703161354,1
8928.0,1.0031767,0,1.0027996,0.3986347332586726,1
8930.0,1.0022197,0,0.9997172,0.5137762360762608,1
8939.0,1.0056263,0,1.0009718,0.4669114290994182,1
8941.0,1.00037,0,1.0022424,0.4194477037380077,1
8942.0,0.9956871,0,1.0005617,0.4822294903850221,1
8950.0,0.9991857,0,1.0071794,0.2350342763885889,1
8951.0,0.99118954,0,0.99942446,0.524710392903819,1
8964.0,1.0014819,0,1.0050635,0.3140692385275959,1
8966.0,1.0043786,0,1.0041816,0.3470119761412289,1
8968.0,1.0005888,0,1.005815,0.2859980006367683,1
8969.0,1.006365,0,0.9993446,0.5276938525146779,1
8976.0,1.0008538,0,0.995973,0.6536359244160546,1
8979.0,1.0000296,0,0.99629015,0.6417889180060694,1
8990.0,1.0046906,0,1.0002854,0.4925513700536355,1
8991.0,0.99655545,0,0.9979238,0.580766036652024,1
8992.0,1.0030524,0,0.9962493,0.6433140447474412,1
8993.0,1.0034238,0,0.99740416,0.6001763358217762,1
8994.0,1.0034515,0,1.0021185,0.4240787455220275,1
8997.0,1.004426,0,1.0007036,0.4769305098821533,1
9006.0,0.99656004,0,1.0029604,0.3926277377138238,1
9012.0,0.99882203,0,1.0040902,0.3504273694569435,1
9024.0,0.996867,0,0.99717045,0.6089062948771327,1
9026.0,1.0012178,0,1.0073541,0.228506288643038,1
9030.0,0.99098855,0,0.9973668,0.6015723277441706,1
9040.0,1.0023985,0,1.0023448,0.415622641341399,1
9041.0,0.9933462,0,1.0029559,0.3927969488559323,1
9045.0,1.001255,0,0.9977832,0.5860182614445733,1
9049.0,1.001252,0,1.0076876,0.2160514579989001,1
9054.0,1.0008303,0,1.0004666,0.4857829243692988,1
9055.0,1.0030873,0,1.0035369,0.3710933934181318,1
9057.0,1.0012503,0,0.9977755,0.5863054750936785,1
9066.0,1.0042548,0,1.0049046,0.3200049872757674,1
9073.0,1.0038722,0,0.9988277,0.5470017344142066,1
9077.0,1.002345,0,1.0073055,0.2303230819583073,1
9084.0,1.0017781,0,1.0068178,0.2485399972837159,1
9089.0,0.9975452,0,1.0070955,0.2381691354423869,1
9103.0,0.995326,0,0.99502975,0.6888696918353397,1
9105.0,1.0010415,0,0.9994198,0.5248840569707198,1
9123.0,1.0047922,0,0.99788684,0.5821464433376453,1
9127.0,0.9998535,0,1.0053748,0.3024426518948307,1
9130.0,0.9957637,0,1.0002398,0.4942523873243043,1
9138.0,0.99725544,0,1.0027133,0.4018586508083172,1
9140.0,0.99335575,0,1.0021476,0.4229922318726997,1
9143.0,0.99597776,0,1.0025643,0.4074248067987256,1
9145.0,1.0047191,0,0.99948967,0.5222746430424163,1
9147.0,0.9957515,0,0.99909866,0.5368802363612479,1
9149.0,0.99994564,0,0.99602956,0.6515230116020956,1
9154.0,0.998921,0,1.001408,0.4506181772842947,1
9160.0,0.9990831,0,0.99862224,0.5546763502937817,1
9166.0,1.0045704,0,1.0037582,0.3628287650035734,1
9168.0,1.0020722,0,1.0026993,0.4023840959338117,1
9176.0,1.0072863,0,0.99856347,0.5568716422163988,1
9178.0,0.99984884,0,1.0011685,0.4595641031920792,1
9190.0,1.0011717,0,0.99993616,0.5055962132327566,1
9196.0,1.0003453,0,0.99914867,0.535012234410867,1
9197.0,1.0061736,0,1.0034642,0.3738096775414511,1
9200.0,1.0073117,0,1.0004106,0.4878757990216924,1
9211.0,1.004341,0,0.99661684,0.629585677612698,1
9213.0,0.9983509,0,1.0004287,0.4871989544532588,1
9214.0,1.0001485,0,1.0000501,0.5013414435936885,1
9217.0,1.0044655,0,1.0018191,0.4352600396755599,1
9220.0,1.0018033,0,1.0032523,0.3817269778222081,1
9222.0,1.004783,0,1.0071421,0.2364280418485872,1
9223.0,1.0080767,0,1.0003828,0.4889133304983045,1
9224.0,1.005437,0,1.0008742,0.4705583745043338,1
9229.0,1.000566,0,1.0057507,0.2884025800246247,1
9230.0,0.9936983,0,0.9991277,0.5357959491743165,1
9241.0,1.0040683,0,1.0023464,0.4155647533190988,1
9247.0,1.004006,0,0.9989588,0.5421035171426472,1
9254.0,1.0057504,0,1.005501,0.2977270045397568,1
9264.0,1.006385,0,0.9982334,0.5692017909663515,1
9277.0,1.0093051,0,1.0018378,0.4345609304831646,1
9287.0,1.0003908,0,1.0059522,0.2808726842008001,1
9322.0,1.0053029,0,0.9962505,0.643269515499518,1
9331.0,1.0026807,0,1.0047994,0.3239369198673919,1
9333.0,1.000717,0,1.0058144,0.2860202652607299,1
9335.0,1.0018474,0,1.0068145,0.248664679177901,1
9338.0,0.99984044,0,1.0002246,0.4948223616977221,1
9340.0,1.0060742,0,1.0006163,0.4801900508301365,1
9359.0,0.99734586,0,0.9991589,0.5346292828787268,1
9368.0,0.99601346,0,0.99968594,0.5149429023718504,1
9375.0,0.99943167,0,0.99763525,0.5915443411118508,1
9376.0,1.0003276,0,0.9981095,0.573828379825579,1
9380.0,0.9992479,0,0.99817824,0.5712612686828026,1
9381.0,0.99790937,0,1.0002759,0.4929076040370216,1
9394.0,1.002663,0,1.000562,0.4822205845354375,1
9404.0,1.0025592,0,1.0014157,0.4503287371727935,1
9407.0,1.0038682,0,1.0013473,0.452884716003589,1
9409.0,1.0066069,0,1.0023172,0.4166557198932188,1
9419.0,1.0012207,0,0.99760276,0.5927577631177599,1
9423.0,0.9978658,0,1.0013614,0.4523592708780944,1
9424.0,1.001952,0,1.0077027,0.2154859365502746,1
9427.0,1.0050443,0,1.0024214,0.4127638636247253,1
9438.0,0.9998671,0,1.0041125,0.3495946725207784,1
9447.0,1.0022672,0,1.0006015,0.480742213504385,1
9459.0,1.0001719,0,1.0029693,0.3922982212791917,1
9462.0,0.9887835,0,0.9947731,0.6984568389132192,1
9473.0,1.0024645,0,1.0061368,0.2739795566222784,1
9481.0,1.0025234,0,0.998577,0.5563662352524696,1
9485.0,1.0000815,0,1.0043368,0.3412142680616196,1
9488.0,1.0027801,0,1.0013835,0.4515310268667217,1
9494.0,1.0020696,0,1.0039059,0.3573115911858806,1
9504.0,0.9959716,0,1.0011041,0.4619686825799356,1
9506.0,1.0014131,0,1.0025685,0.4072689544309941,1
9513.0,1.003489,0,1.0076972,0.2156907710907216,1
9529.0,1.0034671,0,1.0004729,0.4855469193553056,1
9534.0,0.99746245,0,1.0009776,0.4666932357845942,1
9537.0,0.9930865,0,0.99643135,0.6365144285895583,1
9541.0,0.99556965,0,1.0052801,0.3059782741799383,1
9542.0,0.99208915,0,0.9980359,0.5765780608848408,1
9555.0,0.9945073,0,0.9987282,0.5507177001534033,1
9565.0,1.0020565,0,1.0054903,0.2981277677710662,1
9567.0,1.0064281,0,1.0046865,0.3281538396457253,1
9573.0,1.0032427,0,1.0005413,0.4829909405245099,1
9575.0,0.9986922,0,1.0006709,0.4781506112752508,1
9579.0,0.9932271,0,1.0057547,0.2882511805816855,1
9586.0,0.9983451,0,0.9953143,0.6782405603560558,1
9597.0,0.98336405,0,0.9980022,0.5778382386010692,1
9610.0,0.99994195,0,1.004976,0.3173376853251637,1
9613.0,1.0016648,0,1.007356,0.2284350418463607,1
9616.0,0.99557745,0,1.0028579,0.3964572530352248,1
9620.0,0.9998122,0,1.0007769,0.4741919611348724,1
9621.0,0.998282,0,0.99703777,0.6138624001709923,1
9623.0,1.0061151,0,1.0011758,0.4592924747797472,1
9626.0,0.9941426,0,1.0010728,0.4631398018003174,1
9627.0,1.0072776,0,0.99917054,0.534195122711475,1
9628.0,1.0117723,0,1.0038,0.3612657884014668,1
9638.0,1.0030228,0,1.005934,0.2815539816940262,1
9640.0,1.0017705,0,1.0006299,0.4796824174038112,1
9646.0,1.0001726,0,1.004405,0.3386671950804086,1
9652.0,1.0011672,0,1.0046605,0.3291245772504525,1
9657.0,0.9998955,0,1.0003291,0.4909171466548515,1
9661.0,1.0064974,0,0.9996648,0.5157332965224883,1
9663.0,0.9988831,0,1.0048448,0.3222403555215154,1
9666.0,1.0028911,0,0.99761504,0.5922991118641502,1
9667.0,1.0036148,0,0.9982964,0.5668484202136068,1
9668.0,0.9835233,0,0.99912876,0.5357558728511855,1
9674.0,0.99763215,0,0.99994177,0.5053869257675172,1
9685.0,0.9967222,0,1.0030737,0.3883974591611134,1
9687.0,0.9979144,0,1.0035748,0.369677363334172,1
9692.0,0.99308854,0,0.9980714,0.5752533157591235,1
9694.0,1.004239,0,0.99865496,0.553454022438288,1
9708.0,1.0084084,0,0.9995396,0.5204088675544314,1
9709.0,1.0093647,0,0.99683887,0.6212921051869895,1
9711.0,1.0008591,0,1.0025129,0.4093440173842184,1
9715.0,1.0076178,0,1.0022986,0.4173503761608218,1
9717.0,0.9988241,0,0.9958022,0.6600147391810627,1
9723.0,0.99818707,0,1.000157,0.4973471700549713,1
9746.0,0.99857366,0,0.99788594,0.5821798402735877,1
9749.0,1.0018754,0,1.0005945,0.4810049360671323,1
9753.0,1.0029241,0,1.0084411,0.1879045203866028,1
9759.0,1.0063517,0,1.0017767,0.4368452809016282,1
9760.0,1.0111614,0,1.003492,0.372772146064839,1
9766.0,1.0059211,0,1.0065747,0.25761951093527,1
9777.0,1.0005106,0,0.999061,0.5382873605956232,1
9780.0,0.99001557,0,0.9952614,0.6802176589638489,1
9781.0,0.9979267,0,1.0006204,0.4800386513871973,1
9786.0,1.0006151,0,1.0045078,0.334828773909423,1
9794.0,1.0032,0,1.0010344,0.4645736435834466,1
9800.0,1.0023041,0,0.9975581,0.5944253834524862,1
9801.0,1.0044484,0,1.0030103,0.3907664151506312,1
9802.0,1.0024587,0,1.002632,0.4048955455166839,1
9809.0,0.9949645,0,0.9991712,0.5341706316251171,1
9815.0,1.0010822,0,1.0051138,0.3121901042652339,1
9816.0,1.0000107,0,1.0037589,0.3628020474548195,1
9829.0,1.0049939,0,0.9991799,0.5338455681152774,1
9837.0,1.0032395,0,0.9996197,0.5174165020939878,1
9839.0,0.99950886,0,1.0000888,0.4998942430361822,1
9848.0,1.001331,0,1.0048932,0.3204324680558308,1
9857.0,1.0050788,0,0.9997821,0.511351618526839,1
9858.0,1.0001935,0,1.0032399,0.38219008200061,1
9869.0,1.0048456,0,1.007649,0.217494205631614,1
9877.0,1.0005054,0,1.0008221,0.4725043026385805,1
9878.0,1.0112282,0,1.0060533,0.2770966039769071,1
9883.0,1.0016841,0,1.0057399,0.288803343255934,1
9887.0,1.0006812,0,1.0044965,0.335251801764694,1
9898.0,1.0014287,0,1.0042225,0.3454846229374608,1
9900.0,1.0075086,0,1.0028315,0.3974458023391214,1
9902.0,0.99813575,0,0.9967031,0.6263639865254496,1
9903.0,0.9993393,0,1.0026188,0.4053898201686322,1
9906.0,0.99742365,0,0.9993544,0.527326486219311,1
9914.0,1.0009468,0,1.0029197,0.3941506379927996,1
9915.0,1.0002455,0,0.99950093,0.5218538416495415,1
9920.0,1.0058409,0,0.99828124,0.5674139416622324,1
9928.0,1.0025281,0,1.0035679,0.3699356329721269,1
9930.0,0.99550027,0,1.0021755,0.4219502474712953,1
9931.0,1.0042145,0,0.99840236,0.5628897700732283,1
9933.0,1.0009063,0,1.0048785,0.320980177805287,1
9934.0,1.0068729,0,1.0024507,0.4116684441258129,1
9938.0,1.0068034,0,1.0003946,0.4884724909438642,1
9941.0,1.0062431,0,1.0038385,0.3598274936935453,1
9942.0,0.99719703,0,1.0041338,0.3487975989829519,1
9963.0,0.9962695,0,1.004972,0.3174890847681028,1
9964.0,0.991657,0,1.0012176,0.4577294981776405,1
9976.0,0.99034834,0,1.0001928,0.4960112926172734,1
9977.0,1.0012544,0,0.9995494,0.5200437277214607,1
9979.0,0.998511,0,1.0033057,0.3797320675152457,1
9980.0,0.9970413,0,1.0054148,0.3009464691646091,1
9981.0,0.99901074,0,1.0003815,0.4889623126710202,1
9986.0,0.99897337,0,0.9964312,0.6365211079767468,1
9987.0,1.0024787,0,1.0028692,0.3960342251799538,1
9988.0,0.9873634,0,0.9967265,0.6254889868037574,1
9991.0,0.99893457,0,1.0024773,0.4106754418971241,1
9993.0,1.0006614,0,1.0001966,0.4958687990239189,1
9997.0,1.0082186,0,1.0001994,0.495761928828903,1
9999.0,0.9997846,0,0.9999152,0.5063799279962061,1
10015.0,1.00761,0,1.001201,0.4583484547237739,1
10018.0,1.0039608,0,1.0011721,0.4594305154483094,1
10025.0,0.9996812,0,1.0029118,0.3944445310290931,1
10027.0,1.0106204,0,1.0060021,0.2790113616376076,1
10034.0,1.0004569,0,1.0046245,0.3304693605377352,1
10044.0,0.9977589,0,1.0054598,0.2992677165179018,1
10049.0,1.0014153,0,1.0005126,0.4840640953994607,1
10054.0,1.0002015,0,1.0019583,0.4300634764429146,1
10059.0,1.0046085,0,0.99582916,0.6590083781779967,1
10062.0,1.0003434,0,1.0020618,0.4261938847983827,1
10063.0,1.0000229,0,0.9998284,0.50962165724502,1
10066.0,0.9994274,0,1.0014817,0.4478662697626369,1
10067.0,1.0017155,0,0.99636203,0.6391038043562963,1
10070.0,1.0021716,0,1.0055197,0.2970278953473615,1
10076.0,1.0073079,0,0.9960043,0.6524670316580687,1
10097.0,0.99800843,0,0.9944238,0.7115039085547364,1
10098.0,1.0032915,0,0.9947961,0.6975974244283001,1
10101.0,1.0021557,0,0.9986938,0.5520023689559895,1
10102.0,0.99579406,0,1.0025152,0.4092594118131641,1
10103.0,1.0000088,0,1.0049347,0.318882850228101,1
10108.0,1.0012302,0,1.0008681,0.4707854736687424,1
10110.0,1.0004125,0,1.0094455,0.1503841760864579,1
10111.0,0.9946254,0,1.0000548,0.5011633266019954,1
10114.0,0.9999912,0,1.0008273,0.4723083739477182,1
10115.0,1.0007961,0,1.0006937,0.4773001026399165,1
10129.0,0.993709,0,1.0019773,0.4293510084761424,1
10130.0,1.0054592,0,0.9963086,0.6410987146632587,1
10131.0,0.99561816,0,1.0001601,0.4972313940103708,1
10140.0,0.994365,0,1.000647,0.4790456491585085,1
10144.0,0.9987898,0,1.005153,0.3107295449333508,1
10145.0,1.0050435,0,1.000266,0.4932771967947847,1
10155.0,1.003424,0,1.0010582,0.4636830586249814,1
10156.0,0.99988663,0,0.9983306,0.565570430798209,1
10157.0,1.0037044,0,1.0077165,0.2149693972743647,1
10162.0,1.0034728,0,1.0018493,0.4341334497031012,1
10164.0,1.0012684,0,0.9975813,0.5935592895803786,1
10165.0,1.0015559,0,1.0012971,0.4547593973411585,1
10166.0,0.99962366,0,1.0008788,0.470384710437433,1
10167.0,1.0020859,0,1.0060629,0.276740369993521,1
10168.0,0.9997695,0,1.0044389,0.3374025644393879,1
10169.0,1.0099492,0,1.0026822,0.4030208641791144,1
10170.0,1.005952,0,1.0013788,0.4517091438584147,1
10172.0,0.9983991,0,0.9998328,0.5094568990277039,1
10174.0,1.0044204,0,1.0077418,0.2140253772183914,1
10177.0,1.0046461,0,1.0025443,0.4081728981638365,1
10178.0,1.0005547,0,1.0010661,0.4633891655886878,1
10197.0,1.0052383,0,0.9987212,0.5509804227161506,1
10200.0,1.0076892,0,0.9970487,0.6134549575524944,1
10201.0,0.9989036,0,1.0010036,0.465722498179867,1
10208.0,0.9991709,0,1.0028676,0.3960965661270463,1
10209.0,1.0076258,0,1.0005664,0.4820558263181214,1
10211.0,1.0033133,0,1.0002166,0.495120707658808,1
10212.0,1.0054886,0,1.0003272,0.4909883934515288,1
10216.0,0.99768823,0,0.9994705,0.5229915639339809,1
10227.0,1.004049,0,1.0009903,0.4662212257566076,1
10228.0,1.0029752,0,1.0009575,0.4674457800744974,1
10232.0,1.0018497,0,1.0033754,0.3771271065117345,1
10234.0,0.993132,0,1.0022273,0.4200132251866332,1
10235.0,1.0015873,0,1.0028012,0.3985768452363724,1
10238.0,0.9988003,0,1.0020777,0.4256016458010032,1
10251.0,1.0041891,0,1.0043212,0.3417976012094144,1
10255.0,1.0022769,0,1.0021335,0.4235176769981943,1
10256.0,1.0045308,0,0.99954236,0.5203064502842079,1
10257.0,0.9998156,0,1.0026567,0.4039737900846724,1
10260.0,1.0060761,0,1.0002416,0.4941855934524194,1
10268.0,0.9982599,0,1.0014929,0.4474476948321582,1
10269.0,1.0019864,0,1.0029922,0.391443259719065,1
10270.0,1.0048623,0,1.004906,0.3199515521782594,1
10271.0,1.0009646,0,1.0001159,0.498883429108324,1
10276.0,1.0004208,0,1.0011485,0.4603121945571901,1
10286.0,0.99833107,0,1.0025301,0.4087027962141233,1
10287.0,0.9947975,0,1.0033472,0.378182449687516,1
10290.0,0.99668103,0,0.99952084,0.521110203209223,1
10298.0,1.0024843,0,0.9956686,0.6650064678732608,1
10307.0,0.99952245,0,1.0037802,0.362004973916993,1
10310.0,1.0100647,0,1.000676,0.4779591355091808,1
10322.0,1.0056657,0,0.9983732,0.5639785101849522,1
10324.0,1.0041717,0,1.0017846,0.4365513878653346,1
10331.0,0.99902064,0,1.000102,0.4993999683842339,1
10333.0,1.0011656,0,1.0049453,0.318486539921584,1
10335.0,1.0018692,0,1.0012631,0.4560284809069717,1
10338.0,0.9993684,0,0.9994491,0.5237908639342036,1
10376.0,1.0020696,0,0.9992636,0.530719614911064,1
10378.0,1.0001099,0,0.9995672,0.5193780154650078,1
10380.0,0.98752195,0,1.0001612,0.4971913176872399,1
10381.0,0.9976934,0,1.0019189,0.4315329416243824,1
10388.0,0.99793386,0,1.0005772,0.4816506101620197,1
10392.0,1.0012091,0,1.0049069,0.3199203817047131,1
10398.0,1.0036126,0,1.0017552,0.437646807364247,1
10400.0,0.99718636,0,1.003544,0.3708306708553845,1
10409.0,1.0002805,0,1.0016079,0.4431506224075628,1
10410.0,1.0020325,0,1.0024942,0.4100431265766137,1
10420.0,1.0008725,0,0.9987401,0.5502746341365667,1
10427.0,1.0034792,0,1.0030241,0.3902498758747214,1
10430.0,1.0077685,0,1.003291,0.3802797772647018,1
10431.0,1.0013008,0,1.0061654,0.27291085467212,1
10436.0,1.0060287,0,0.9977287,0.5880532480746666,1
10448.0,0.99737114,0,0.99872506,0.5508357026603999,1
10455.0,0.99800396,0,1.0024956,0.4099896914791058,1
10463.0,1.0000374,0,1.0014311,0.4497543098745834,1
10480.0,1.0018251,0,1.0020678,0.4259712385587664,1
10481.0,1.000707,0,1.00216,0.4225291276942978,1
10494.0,1.0000275,0,0.99962014,0.5174009168572147,1
10495.0,1.0026245,0,1.0038929,0.3577969599882442,1
10500.0,0.9974524,0,0.9990229,0.5397100700667716,1
10513.0,0.99984384,0,0.9969911,0.6156057202271883,1
10518.0,0.9995669,0,0.99882203,0.5472132483418422,1
10520.0,0.99516577,0,1.0007777,0.4741607906613261,1
10533.0,1.0048792,0,1.0004867,0.4850303800793957,1
10534.0,0.9996892,0,0.99989897,0.5069855257679625,1
10537.0,1.0037316,0,1.0063796,0.2649089488203089,1
10538.0,1.0022175,0,1.0011386,0.4606817873149531,1
10541.0,1.0020583,0,1.0029615,0.3925876613906929,1
10543.0,1.0028139,0,1.0021466,0.4230278552710383,1
10544.0,1.0065063,0,0.999012,0.5401175126852695,1
10554.0,0.998251,0,1.004223,0.3454668112382916,1
10556.0,1.0049944,0,1.004337,0.3412098151368272,1
10569.0,1.0040301,0,1.0019096,0.4318802697581839,1
10571.0,0.99578786,0,1.0014615,0.44861881405254,1
10572.0,1.0070215,0,0.9974095,0.5999759542061214,1
10573.0,1.0077187,0,1.0013314,0.4534769550009685,1
10590.0,1.0011697,0,0.99824584,0.5687364603255534,1
10598.0,0.99974066,0,0.99885046,0.5461512257788722,1
10603.0,1.0041212,0,1.0041864,0.3468338591495359,1
10609.0,1.0020797,0,1.0005006,0.4845138408034857,1
10610.0,1.0002841,0,1.0007106,0.476667787319406,1
10612.0,1.0037938,0,0.999229,0.5320109631008387,1
10618.0,1.0035815,0,0.9944928,0.7089256650999793,1
10629.0,1.0027413,0,1.0048105,0.3235227978617055,1
10633.0,1.005417,0,1.0021863,0.4215450313151936,1
10634.0,0.99378127,0,1.0068731,0.2464738401800762,1
10637.0,1.0019917,0,1.0022427,0.4194387978884231,1
10649.0,0.9984075,0,1.0057843,0.2871468552331885,1
10660.0,0.9856176,0,1.0003289,0.4909260525044362,1
10663.0,1.0042692,0,0.9992908,0.5297021215960174,1
10669.0,0.9993253,0,0.99710083,0.6115068029558515,1
10673.0,1.0043768,0,1.0061587,0.2731602184604903,1
10676.0,1.001009,0,1.0010604,0.4636029059787194,1
10684.0,0.99618304,0,1.001883,0.4328732719868727,1
10687.0,0.99822694,0,1.0056608,0.291760085318039,1
10689.0,1.0049263,0,1.0009675,0.4670717343919419,1
10691.0,0.99842274,0,1.0035137,0.3719617137526355,1
10700.0,1.003048,0,0.99850404,0.5590914252253736,1
10704.0,1.0035115,0,0.99689525,0.6191858717602189,1
10711.0,1.000195,0,1.0031776,0.3845145087422046,1
10712.0,1.0074314,0,1.0017439,0.438069835219518,1
10715.0,1.0002997,0,1.0029949,0.3913408424488415,1
10725.0,0.9863552,0,0.9953734,0.6760319096590618,1
10731.0,1.0021783,0,1.0004098,0.4879025165704463,1
10735.0,1.0084792,0,1.000701,0.4770284742275845,1
10742.0,0.9998579,0,0.99697393,0.6162469413972833,1
10745.0,1.0031856,0,0.9965654,0.631507114660587,1
10749.0,1.0027571,0,1.0042211,0.3455380580349688,1
10753.0,1.0004712,0,0.9946776,0.7020236316718729,1
10758.0,1.0025184,0,1.002275,0.4182320552697025,1
10762.0,1.001798,0,0.99692416,0.6181060374980797,1
10774.0,0.98689264,0,1.0011727,0.4594082508243476,1
10778.0,0.99903905,0,1.0057443,0.2886385850386179,1
10780.0,1.006987,0,0.9976983,0.5891887438967099,1
10788.0,0.99732673,0,1.0010848,0.4626900563962924,1
10794.0,0.9972156,0,1.0002179,0.4950717254860923,1
10806.0,0.99901557,0,1.0021638,0.4223866341009433,1
10807.0,0.9978204,0,0.9953797,0.6757981311074647,1
10808.0,1.0053471,0,0.9970449,0.6135952246834527,1
10818.0,1.0026817,0,1.005183,0.3096074078856845,1
10819.0,1.0015364,0,0.9993149,0.5288026307879673,1
10830.0,0.9991962,0,1.0031257,0.386455983951659,1
10833.0,1.0051469,0,1.0064256,0.2631901198504708,1
10835.0,1.0006573,0,1.0038733,0.3585272396541858,1
10839.0,0.99966455,0,1.0025591,0.407620735489588,1
10845.0,0.99776727,0,0.99522144,0.6817093887692784,1
10850.0,1.0030656,0,0.99846315,0.5606187784291417,1
10854.0,0.9966472,0,1.0043379,0.3411741917384886,1
10856.0,1.0074171,0,1.0031822,0.3843452976000961,1
10857.0,0.9972045,0,1.0050359,0.3151023170794157,1
10858.0,1.0019802,0,0.99832004,0.56596451464233,1
10859.0,1.0071399,0,1.0053276,0.3042060101125922,1
10860.0,1.0009757,0,0.99966455,0.515742202372073,1
10861.0,0.99942106,0,0.9963587,0.6392284862504815,1
10878.0,1.0063429,0,1.0020765,0.4256461750489265,1
10887.0,1.0020356,0,1.0061235,0.2744738312742266,1
10892.0,1.0021611,0,0.99979824,0.5107482472174787,1
10893.0,1.0084467,0,1.0055108,0.297361864706786,1
10898.0,0.9986952,0,1.0035475,0.3706970831116147,1
10903.0,0.99927926,0,0.9996182,0.5174743901162882,1
10904.0,0.99433094,0,1.0006413,0.4792549366237478,1
10906.0,1.0013434,0,1.0064715,0.261475743805425,1
10909.0,0.9804161,0,1.0041744,0.3472836045535609,1
10916.0,1.005417,0,1.0043931,0.3391124875596414,1
10926.0,1.0069315,0,0.9914446,0.8227891785021697,1
10934.0,1.0003208,0,1.0051826,0.3096207666600614,1
10940.0,1.0036883,0,1.0021505,0.4228809087528916,1
10948.0,1.0001361,0,1.0002317,0.4945551862101824,1
10949.0,0.99922174,0,1.0008057,0.4731143533351293,1
10951.0,0.99985826,0,1.0028138,0.3981048352083858,1
10966.0,1.008432,0,1.0008861,0.4701130820251011,1
10971.0,1.0029191,0,1.0002394,0.4942701990234736,1
10981.0,1.0018966,0,1.0054796,0.2985285310023756,1
10984.0,0.999747,0,0.9986459,0.5537924447225049,1
10998.0,1.0066271,0,0.9983358,0.5653767285697429,1
11012.0,1.0046142,0,1.0010878,0.4625787332764843,1
11015.0,0.98814994,0,0.99751323,0.5961019096367972,1
11017.0,1.0026596,0,1.0034207,0.3754349950906503,1
11032.0,1.0071113,0,1.0026141,0.405563484235533,1
11034.0,1.0026547,0,1.0042466,0.3445851321294109,1
11035.0,0.99984074,0,1.0003883,0.4887084959578575,1
11041.0,0.9997505,0,1.0063437,0.2662492791827993,1
11043.0,0.9999796,0,0.9994383,0.5241938536279092,1
11044.0,1.0009733,0,1.003271,0.3810278686298127,1
11056.0,1.0009837,0,1.0000298,0.502098440808384,1
11061.0,1.0019088,0,1.0010656,0.463406977287857,1
11074.0,1.002122,0,1.002155,0.4227161505355755,1
11081.0,0.99525404,0,1.0020252,0.427560932709627,1
11085.0,1.0026239,0,1.0036471,0.366978890910022,1
11086.0,1.0019348,0,1.0025809,0.4068058502525922,1
11091.0,1.0034643,0,0.9984118,0.5625379890146345,1
11095.0,1.0020154,0,1.0009286,0.4685233878742405,1
11102.0,1.0035374,0,1.0035322,0.371271510409825,1
11116.0,0.9959566,0,1.001428,0.4498700859191838,1
11117.0,1.000372,0,1.0015687,0.4446156346642383,1
11118.0,1.0008707,0,1.0016302,0.4423179254713977,1
11119.0,1.0037897,0,0.9992598,0.5308598820420223,1
11123.0,0.9994226,0,1.0014533,0.4489260658632106,1
11126.0,0.996867,0,1.0005709,0.4818866151760129,1
11127.0,1.0023758,0,1.0003967,0.4883923382976023,1
11140.0,1.0012125,0,0.9983676,0.5641877976501917,1
11154.0,1.0040257,0,1.0043437,0.3409559984236646,1
11155.0,1.0034627,0,1.0027627,0.4000151399442939,1
11168.0,1.0026549,0,1.0050005,0.3164248357427367,1
11169.0,1.008017,0,1.0051416,0.3111525727886218,1
11170.0,1.0008044,0,0.99968827,0.5148560703384,1
11175.0,0.99821985,0,1.0006175,0.4801455215822132,1
11177.0,0.9984458,0,1.0069832,0.2423637905967587,1
11180.0,0.9989629,0,1.0077205,0.2148224507562179,1
11191.0,1.0010287,0,0.99928385,0.5299626176963684,1
11192.0,1.0024502,0,1.0046548,0.3293383176404841,1
11195.0,1.0072284,0,1.0058615,0.2842613599677608,1
11196.0,0.9994851,0,1.0022295,0.4199330725403714,1
11199.0,0.9986466,0,1.0054932,0.2980208975760504,1
11200.0,1.00714,0,1.0067362,0.2515902507664597,1
11204.0,1.0056882,0,1.0007981,0.4733993405218383,1
11205.0,1.0057832,0,0.99954176,0.5203287149081696,1
11208.0,0.9980581,0,1.0038961,0.3576767310188514,1
11214.0,1.0085661,0,1.0002141,0.4952142190794468,1
11216.0,1.0017871,0,1.0005012,0.4844915761795241,1
11218.0,0.99814343,0,1.0028864,0.3953930040098588,1
11222.0,0.9979718,0,1.004508,0.3348198680598384,1
11234.0,1.0036416,0,0.99951214,0.5214352667190627,1
11242.0,0.99527186,0,1.0026252,0.4051493622298466,1
11252.0,1.0027819,0,1.0041168,0.3494343672282547,1
11253.0,0.9965396,0,1.0037405,0.3634877978728378,1
11254.0,1.0047382,0,1.0011809,0.4591009990136772,1
11263.0,1.002479,0,0.99773735,0.587730411027223,1
11270.0,0.9997957,0,1.0016948,0.4399044402339567,1
11286.0,0.9983694,0,0.99450034,0.7086451308380627,1
11298.0,0.9860797,0,0.9947249,0.7002558205293192,1
11300.0,1.0038399,0,1.0030428,0.3895507666823261,1
11322.0,1.0016276,0,1.0026115,0.4056614485809642,1
11333.0,1.0043149,0,1.0018007,0.4359502430183705,1
11344.0,0.98986346,0,0.99776447,0.5867173706369686,1
11345.0,1.0034298,0,0.9999687,0.5043805647644515,1
11361.0,1.0020481,0,1.0005441,0.4828885232542865,1
11367.0,1.0008434,0,1.0054524,0.2995437978550261,1
11371.0,1.0013645,0,1.0025796,0.4068548324253077,1
11377.0,0.99050325,0,1.0010747,0.4630685550036403,1
11384.0,0.9991915,0,1.0007199,0.4763204591856046,1
11387.0,1.0096182,0,0.99671936,0.625756162291297,1
11403.0,1.0008318,0,1.0065119,0.2599662023008262,1
11406.0,1.004791,0,0.99851805,0.5585682065622752,1
11408.0,0.99732196,0,1.0016145,0.4429057115439848,1
11415.0,1.002749,0,0.99923635,0.5317371082261106,1
11419.0,1.0013385,0,1.0079337,0.2068561683027454,1
11420.0,0.9999276,0,1.0031996,0.3836951705804164,1
11421.0,1.0004646,0,1.0015054,0.4469801377289638,1
11425.0,0.99858385,0,1.0004666,0.4857829243692988,1
11426.0,0.9978583,0,1.000716,0.4764674057037513,1
11437.0,1.0027978,0,0.9977432,0.5875122177123989,1
11443.0,1.0017002,0,1.0036408,0.3672148959240152,1
11445.0,1.0033798,0,1.0044931,0.3353764836588793,1
11447.0,1.0055603,0,1.0013716,0.4519763193459544,1
11452.0,1.0094383,0,0.99925864,0.5309044112899455,1
11454.0,1.0058852,0,1.0048726,0.3212028240449033,1
11459.0,0.99992245,0,1.0021528,0.4227963031818373,1
11462.0,0.9876885,0,0.99948347,0.5225061951316173,1
11467.0,0.9969444,0,1.002934,0.3936162870177204,1
11474.0,1.0012794,0,1.0016882,0.4401493510975346,1
11479.0,1.0024701,0,1.0021694,0.4221773466357039,1
11482.0,1.0070169,0,1.0037284,0.3639419962016551,1
11488.0,0.9986585,0,0.9944715,0.7097227386378058,1
11491.0,1.0073746,0,1.0022596,0.4188064825679126,1
11496.0,0.99870384,0,1.0026655,0.4036442736500402,1
11498.0,1.0021783,0,0.9970908,0.6118808486384069,1
11499.0,0.98827994,0,1.0003167,0.4913802508332535,1
11505.0,1.0001519,0,1.0039883,0.3542346201543829,1
11511.0,0.99768525,0,0.9990395,0.5390911135206382,1
11518.0,1.0067719,0,1.0011122,0.4616658836940573,1
11524.0,1.0023686,0,1.0033021,0.3798656552590155,1
11525.0,0.9960102,0,0.9994627,0.5232810040454822,1
11528.0,1.0002942,0,0.99567276,0.6648506155055294,1
11533.0,1.0007347,0,1.0040919,0.3503650285098509,1
11542.0,0.99577504,0,0.99864674,0.5537612742489586,1
11553.0,1.0061514,0,1.0067763,0.2500896151114455,1
11559.0,1.0038939,0,1.0011897,0.458771482579045,1
11567.0,0.9989489,0,0.9975187,0.5958970750963501,1
11568.0,0.9955966,0,0.9997308,0.5132663761875393,1
11584.0,1.0006695,0,1.0018001,0.4359725076423322,1
11585.0,0.9957555,0,1.0048171,0.3232734340733352,1
11589.0,0.99947244,0,1.0053297,0.3041258574663303,1
11593.0,1.0011222,0,1.0052401,0.30747445691016,1
11604.0,1.004175,0,1.0039661,0.3550628641657557,1
11609.0,1.0011272,0,0.9986539,0.553494098761419,1
11616.0,0.9993331,0,0.997966,0.5791897012755403,1
11620.0,0.997828,0,0.9953823,0.6757001667620335,1
11624.0,1.0021418,0,0.9971915,0.608120353651287,1
11625.0,1.0033053,0,0.99238265,0.7877491133113508,1
11630.0,1.0033721,0,1.003322,0.3791220168186969,1
11633.0,0.9992653,0,1.0000324,0.5020004764629528,1
11635.0,1.0009075,0,1.0022585,0.4188465588910436,1
11650.0,0.9993632,0,0.9992404,0.5315857087831715,1
11653.0,1.0040845,0,1.0059044,0.2826583070425232,1
11658.0,1.0010251,0,0.9993097,0.5289963330164336,1
11667.0,0.9977965,0,0.99776125,0.5868375996063615,1
11672.0,1.0041271,0,1.0007718,0.4743834369009424,1
11676.0,0.998782,0,1.0054556,0.2994235688856332,1
11681.0,0.9976643,0,1.0004478,0.4864864864864865,1
11683.0,1.0017632,0,1.003109,0.3870793934225848,1
11689.0,0.99405515,0,1.0034758,0.3733777438365955,1
11701.0,1.012029,0,1.0010899,0.4624985806302224,1
11704.0,1.0017194,0,0.99961185,0.5177103951302815,1
11709.0,0.9986258,0,1.0000602,0.5009629449863406,1
11713.0,1.012844,0,1.0071557,0.2359204084222619,1
11714.0,0.9998917,0,1.0026172,0.4054477081909324,1
11722.0,1.0042843,0,1.0012786,0.4554496006839692,1
11739.0,1.0084089,0,0.9989121,0.5438490636612393,1
11751.0,1.001597,0,0.99496526,0.6912787241479885,1
11754.0,0.9957597,0,0.99662274,0.6293652578354778,1
11759.0,1.0008525,0,1.0009124,0.4691289856459969,1
11763.0,1.0016901,0,1.000917,0.4689597745038885,1
11779.0,0.9982631,0,1.002936,0.3935405872962508,1
11780.0,1.0056933,0,1.0006728,0.4780793644785737,1
11784.0,1.0007434,0,0.9995832,0.518781323542836,1
11788.0,1.0045526,0,0.99933463,0.5280656717348373,1
11798.0,0.99680555,0,0.9969062,0.6187762026793249,1
11800.0,1.0013756,0,0.99338835,0.7501820133008863,1
11807.0,1.0022846,0,0.997663,0.5905068096352386,1
11809.0,0.99989486,0,0.99610454,0.648722121907722,1
11810.0,1.004783,0,1.0027072,0.4020857499727258,1
11811.0,1.0044234,0,1.0028036,0.3984877867405259,1
11827.0,1.0030062,0,1.0019563,0.4301347232395919,1
11828.0,1.0021139,0,0.9997669,0.5119193664378605,1
11830.0,0.9992051,0,0.9995601,0.5196429644901512,1
11835.0,0.9977793,0,0.99743307,0.5990965015596369,1
11840.0,1.0018569,0,1.0005981,0.4808713483233625,1
11852.0,0.99833596,0,0.99766713,0.5903531837299034,1
11861.0,1.00046,0,1.001281,0.4553605421881227,1
11877.0,1.0041549,0,1.0003415,0.4904540424764496,1
11893.0,1.0016866,0,1.0003787,0.4890647299412436,1
11894.0,0.99979496,0,1.0053644,0.3028300563517633,1
11897.0,0.9928683,0,0.99999464,0.5034120536221203,1
11903.0,1.0052825,0,1.0056039,0.2938841304439789,1
11904.0,0.9974373,0,1.0030037,0.3910113260142093,1
11912.0,0.9967329,0,0.99703556,0.6139447792796504,1
11914.0,0.9958556,0,1.0028911,0.395219339942958,1
11918.0,0.9977133,0,0.99687225,0.620045286245138,1
11923.0,0.99977064,0,1.0047643,0.3252460797563359,1
11933.0,0.9994339,0,1.0032754,0.3808631104124966,1
11940.0,1.0018015,0,0.99874586,0.5500586672841389,1
11948.0,1.0076118,0,1.0072942,0.2307461098135783,1
11960.0,1.0027052,0,0.99836284,0.5643659146418847,1
11966.0,1.0020415,0,0.99623525,0.6438394898729358,1
11972.0,0.99332774,0,0.9988651,0.545603516029416,1
11973.0,0.9988357,0,1.0000787,0.50027274164353,1
11982.0,0.99846864,0,1.0047876,0.3243777594218322,1
11983.0,0.99173164,0,1.00256,0.4075851120912493,1
11990.0,1.0080346,0,1.0009327,0.4683719884313013,1
70.0,0.9590053,1,0.998625,0.5545739330235582,2
123.0,0.9367986,1,0.9975872,0.5933388698031585,2
298.0,0.9757308,1,0.99877316,0.5490389475066961,2
752.0,0.9755688,1,0.9971221,0.6107119558804212,2
1015.0,0.9493525,1,0.995955,0.6543083160596959,2
1158.0,0.9568804,1,0.99736536,0.6016257628416786,2
1350.0,0.93890667,1,0.997773,0.5863989865143173,2
1715.0,0.9771193,1,0.9999518,0.5050128800849618,2
1750.0,0.95401436,1,0.99914867,0.535012234410867,2
1874.0,0.95203507,1,0.9987918,0.548342064776697,2
2046.0,0.96512675,1,0.99941695,0.5249909271657356,2
2159.0,0.9644713,1,1.0044394,0.3373847527402186,2
2169.0,0.9656399,1,0.99700975,0.6149088374971892,2
2337.0,0.93046683,1,0.99536145,0.6764794286006907,2
3077.0,0.9532855,1,1.0004495,0.4864196926146016,2
3530.0,0.9754125,1,1.0011088,0.4617950185130348,2
3582.0,0.9609554,1,1.0037739,0.3622409789309864,2
3959.0,0.9569058,1,1.0011835,0.459003034668246,2
3974.0,0.9588011,1,1.0025666,0.4073402012276713,2
4600.0,0.96646076,1,0.9985796,0.5562682709070386,2
4812.0,0.97477096,1,0.99851304,0.5587552294035529,2
4823.0,0.969891,1,1.0029521,0.3929394424492868,2
4890.0,0.9648579,1,0.999552,0.5199457633760294,2
5171.0,0.97827595,1,1.0078907,0.2084636741527754,2
5446.0,0.9753458,1,0.9997865,0.5111868603095229,2
5806.0,0.9771289,1,1.0033522,0.3779954268462383,2
6569.0,0.9572166,1,1.001945,0.4305577510948628,2
6778.0,0.95320207,1,0.99499655,0.6901098313900027,2
6796.0,0.9469876,1,0.9943121,0.7156762990851466,2
7093.0,0.9692849,1,0.99593985,0.6548738375083214,2
7218.0,0.9739462,1,0.9932029,0.7571085378153506,2
7636.0,0.9783575,1,0.9907488,0.8487786740525846,2
7891.0,0.94593644,1,0.99899876,0.5406117873372178,2
8683.0,0.9628294,1,0.9923721,0.7881431971554717,2
9007.0,0.9734351,1,1.0009502,0.4677174084868294,2
9128.0,0.9785272,1,1.000195,0.4959266870462191,2
9198.0,0.97449076,1,0.99600685,0.6523712937750338,2
9362.0,0.95516527,1,0.9955863,0.6680812124423625,2
9970.0,0.96164995,1,1.0005158,0.4839438664300679,2
9982.0,0.8273951,1,0.99634075,0.6398986514317266,2
10052.0,0.951805,1,0.99456507,0.7062271926758292,2
10213.0,0.96835613,1,0.99806124,0.5756318143664713,2
10306.0,0.97800374,1,0.9972448,0.606129896269117,2
10369.0,0.9736756,1,0.9957173,0.6631874480955954,2
10397.0,0.9789162,1,0.99885607,0.5459419383136328,2
11257.0,0.9556631,1,1.0011173,0.4614744079279873,2
11691.0,0.97490907,1,0.99877405,0.5490055505707536,2
11870.0,0.94027907,1,0.9973262,0.6030885486359578,2
,0.9990967,0,1.0054843,0.2983504140106825,2
11.0,1.0124146,0,1.0003924,0.488552643590126,2
14.0,0.9970826,0,1.0057855,0.2871023259852653,2
17.0,0.9987302,0,1.0022824,0.4179559739325782,2
18.0,1.002481,0,1.0010743,0.4630819137780172,2
19.0,0.9987992,0,1.0021006,0.4247466842408764,2
38.0,1.0044444,0,0.9978517,0.5834578296889854,2
39.0,0.9982788,0,0.9987812,0.548738375083214,2
41.0,0.9972117,0,1.0001965,0.4958732519487112,2
42.0,1.0056444,0,1.0079076,0.207831358832265,2
45.0,1.0003964,0,1.0030824,0.3880723956512736,2
50.0,0.9959832,0,1.0022644,0.4186283655762196,2
51.0,0.9965561,0,1.0018293,0.4348815410682121,2
52.0,0.9992885,0,0.9960482,0.6508261288720965,2
54.0,1.0024271,0,1.004224,0.3454311878399529,2
66.0,0.99932295,0,1.0015697,0.4445755583411074,2
75.0,1.0064619,0,0.99944085,0.5240981157448741,2
77.0,0.9984806,0,1.0031623,0.3850889360404147,2
84.0,1.006043,0,1.00315,0.3855475872940244,2
92.0,0.9986503,0,1.0000248,0.5022854636496616,2
94.0,0.99600697,0,0.9940725,0.7246266779177233,2
110.0,1.0011845,0,1.003091,0.3877517850662261,2
118.0,1.0023557,0,1.0038233,0.360397468066963,2
131.0,1.0087106,0,1.0009823,0.4665195717176934,2
143.0,1.0049182,0,0.9995849,0.5187167561333472,2
145.0,0.9972682,0,0.9986194,0.5547832204887976,2
147.0,1.0005496,0,0.9963704,0.6387920996208334,2
155.0,0.9950458,0,0.99684185,0.6211807820671813,2
159.0,1.0009931,0,0.9965731,0.6312199010114818,2
160.0,0.99427474,0,0.9977634,0.5867574469600996,2
161.0,0.99765015,0,1.0009698,0.4669871288208878,2
162.0,0.9992809,0,0.99393666,0.7297007857185795,2
167.0,1.0004427,0,1.0017358,0.4383726341053963,2
169.0,1.0030998,0,1.0054185,0.3008084284960469,2
171.0,0.99531686,0,0.9965993,0.63024025755717,2
172.0,1.0012809,0,0.99523973,0.6810258648136562,2
181.0,1.0009055,0,1.0030215,0.3903478402201525,2
186.0,0.997648,0,0.9968464,0.6210115709250729,2
189.0,0.99939257,0,1.002664,0.4037021616723404,2
190.0,1.0038735,0,1.0039659,0.3550717700153403,2
199.0,0.9996264,0,1.00206,0.4262606786702676,2
205.0,0.99824333,0,0.99524015,0.6810102795768831,2
207.0,1.0017315,0,0.99919564,0.5332577820426903,2
212.0,0.9971181,0,0.9951585,0.6840605330596269,2
214.0,0.9992975,0,1.0045207,0.3343478580318517,2
218.0,1.0039119,0,1.0036055,0.368532961662544,2
222.0,1.0017145,0,1.0011903,0.4587492179550834,2
223.0,0.99695635,0,0.9998664,0.5082011742362678,2
224.0,1.0021892,0,1.0048317,0.3227301772486713,2
226.0,1.0010002,0,0.9976976,0.5892154614454639,2
227.0,1.0060086,0,1.0016046,0.443275304301748,2
229.0,0.99724466,0,0.9988235,0.547157586781938,2
233.0,1.0050623,0,1.0028445,0.3969604335367578,2
239.0,0.9950628,0,0.99758184,0.5935392514188131,2
240.0,1.002573,0,0.9957577,0.6616779065909966,2
243.0,1.0017036,0,1.0043321,0.3413923850533126,2
248.0,1.0018733,0,1.0004245,0.4873548068209902,2
254.0,0.9976234,0,1.0047802,0.3246538407589565,2
257.0,1.0022037,0,1.0014653,0.4484763204591856,2
259.0,0.99925715,0,0.9943818,0.7130735645440316,2
263.0,1.0018783,0,1.0074027,0.2266939482525609,2
273.0,0.9996413,0,1.0048039,0.3237677087252835,2
276.0,1.000084,0,1.0029517,0.3929528012236637,2
286.0,1.0023758,0,0.999904,0.5067985029266848,2
294.0,1.0086976,0,0.99759847,0.5929180684102836,2
297.0,1.00215,0,0.9975714,0.5939288823381417,2
314.0,1.0044123,0,1.0009962,0.4659985795169912,2
317.0,0.99932355,0,1.0032276,0.3826487332542196,2
318.0,1.003864,0,1.0027964,0.3987549622280655,2
327.0,1.0018035,0,0.9976847,0.5896963773230353,2
331.0,1.0111437,0,1.0029253,0.3939413505275603,2
332.0,0.9816281,0,1.0011449,0.4604457823009598,2
333.0,1.0014726,0,1.0013883,0.4513529098750286,2
340.0,1.0049529,0,1.0039504,0.3556506502383427,2
350.0,0.9875288,0,1.002065,0.4260781087537821,2
351.0,1.00122,0,1.0035616,0.3701716379861202,2
358.0,1.0035968,0,1.0028752,0.3958115789403374,2
360.0,1.0032943,0,0.9983733,0.5639740572601599,2
363.0,0.98936963,0,1.0022024,0.4209438864682294,2
365.0,0.9935046,0,0.99465203,0.7029787840398269,2
372.0,1.0013392,0,1.0009071,0.4693293672616516,2
374.0,0.9999535,0,1.0043303,0.3414591789251975,2
380.0,1.0001717,0,1.0028696,0.3960208664055769,2
390.0,1.0027,0,1.0035506,0.3705813070670143,2
395.0,1.0034254,0,1.0029187,0.3941862613911382,2
396.0,0.9988664,0,1.0063647,0.2654655644193497,2
397.0,1.0022892,0,1.0006499,0.4789343260387003,2
398.0,1.0019971,0,1.0029314,0.3937142513631516,2
399.0,0.9990845,0,1.0003183,0.4913223628109533,2
407.0,0.9899763,0,0.9973516,0.6021400756551922,2
409.0,1.0057349,0,0.9994123,0.5251645912326364,2
425.0,0.9993404,0,0.99721766,0.6071429366593712,2
428.0,1.0034901,0,1.0007437,0.4754298742271392,2
446.0,1.0015262,0,1.0000201,0.5024591277165624,2
461.0,0.9972432,0,1.0041264,0.3490736803200762,2
487.0,0.98524207,0,0.9993468,0.5276114734060199,2
488.0,0.99622893,0,0.9998781,0.5077647876066197,2
491.0,0.9972279,0,0.99794865,0.5798376018328238,2
496.0,0.99587995,0,1.0005091,0.4841932302184382,2
497.0,0.9976285,0,1.0022377,0.4196258207297008,2
498.0,1.0010195,0,0.9968335,0.6214924868026441,2
500.0,0.9954626,0,0.9990593,0.5383497015427158,2
501.0,1.0008683,0,1.0030488,0.3893281204427098,2
502.0,0.9965929,0,1.0033774,0.377051406790265,2
506.0,1.0068341,0,1.0023235,0.4164197148792256,2
514.0,1.0005146,0,1.0037171,0.3643650240569261,2
517.0,1.0029215,0,1.0033616,0.3776436457876444,2
522.0,1.0024409,0,0.99741864,0.5996353054595085,2
532.0,1.0033989,0,1.005364,0.3028478680509325,2
533.0,0.9972305,0,0.9948337,0.696192526656321,2
542.0,1.0000695,0,1.0006465,0.4790634608576778,2
544.0,1.0055579,0,0.99671876,0.6257784269152586,2
553.0,1.0015824,0,1.0047176,0.326991626274928,2
560.0,0.9983892,0,1.0067877,0.2496665872561745,2
561.0,1.0010387,0,0.9989623,0.5419743823236698,2
565.0,1.006054,0,0.99772805,0.5880777391610245,2
570.0,1.0086364,0,1.0030586,0.388962980609739,2
572.0,0.9921642,0,0.9945719,0.7059711495002705,2
576.0,1.003829,0,0.99948394,0.5224883834324481,2
581.0,1.0015984,0,1.0029992,0.3911805371563177,2
585.0,1.0088551,0,0.99940634,0.5253872374722527,2
586.0,0.9991727,0,0.9968389,0.6212898787245933,2
590.0,0.9996428,0,1.0015584,0.4449985861963784,2
597.0,1.0041621,0,1.0048658,0.3214566407580659,2
602.0,0.99541867,0,0.9964045,0.6375163366678318,2
607.0,1.0048618,0,0.9962014,0.6451041205139566,2
616.0,1.0029421,0,0.9982672,0.5679393867877269,2
630.0,1.0004867,0,1.0012558,0.456304562244096,2
634.0,1.0103346,0,1.0019119,0.4317956641871296,2
645.0,1.002926,0,1.0047772,0.3247651638787646,2
655.0,0.99943554,0,0.9971884,0.6082361296958876,2
664.0,1.0044366,0,1.0025872,0.4065698452385988,2
668.0,0.9912581,0,1.0032287,0.3826086569310888,2
671.0,0.9976381,0,0.99527204,0.6798191221949357,2
677.0,1.0009868,0,1.0016723,0.4407460430197064,2
684.0,1.0003273,0,0.99034613,0.8638206540010642,2
685.0,0.9987183,0,1.0011119,0.4616792424684343,2
692.0,1.005613,0,1.0006223,0.4799674045905201,2
707.0,1.0031115,0,1.0024029,0.4134540669675359,2
710.0,0.9988441,0,1.002547,0.408070480893613,2
714.0,1.0058873,0,0.9991194,0.5361054274473831,2
719.0,1.0061777,0,1.0026219,0.4052740441240318,2
720.0,0.99937516,0,0.99919015,0.5334626165831372,2
724.0,0.9988187,0,0.9998052,0.5104877511171275,2
730.0,0.9980912,0,0.9986906,0.5521225979253823,2
742.0,0.9984874,0,1.0025729,0.4071041962136781,2
746.0,1.0038737,0,1.0025023,0.4097403276907354,2
758.0,0.9991542,0,1.0018502,0.4340978263047627,2
761.0,1.003658,0,1.004843,0.3223071493934003,2
769.0,0.99214834,0,1.0004064,0.4880316513894238,2
771.0,0.99851906,0,1.0018401,0.4344763249121104,2
776.0,1.0034983,0,1.0005097,0.4841709655944766,2
777.0,0.99818504,0,0.9998243,0.5097752831503553,2
783.0,0.99810165,0,0.99926996,0.5304813834346744,2
787.0,0.99762356,0,0.99304986,0.7628260932486981,2
788.0,0.98445797,0,1.0001527,0.497507475347495,2
792.0,1.0049301,0,1.0031478,0.3856277399402863,2
801.0,1.001427,0,0.9975599,0.5943585895806013,2
805.0,1.0057725,0,1.0026432,0.4044769705862052,2
810.0,1.0064232,0,0.9966678,0.6276820522639783,2
825.0,1.0021253,0,0.99890774,0.5440115954161593,2
828.0,1.0026124,0,0.9998429,0.5090806268827522,2
832.0,1.0008289,0,1.0028963,0.3950234112520956,2
846.0,1.0009953,0,0.9995301,0.5207651015378176,2
853.0,1.0026634,0,1.000821,0.4725443789617115,2
860.0,0.99952656,0,1.0031037,0.3872753221134472,2
865.0,1.0019267,0,0.9975497,0.5947393146503452,2
871.0,0.99836034,0,1.003653,0.3667562446704057,2
881.0,0.99948865,0,1.0064683,0.2615959727748178,2
882.0,1.0012267,0,1.0001618,0.4971690530632783,2
884.0,0.9978731,0,0.99402684,0.7263321481131844,2
887.0,0.9999624,0,0.9982472,0.5686852516904416,2
888.0,0.9998594,0,1.0003073,0.4917320318918473,2
889.0,1.0014079,0,0.9980268,0.5769187096314536,2
891.0,0.9957467,0,1.0020034,0.4283758179466228,2
895.0,1.0019774,0,1.0073509,0.2286265176124308,2
902.0,0.9981416,0,0.99998266,0.5038595725637491,2
910.0,0.9983535,0,1.0000215,0.5024101455438468,2
913.0,1.0028106,0,1.0036951,0.3651843622187143,2
918.0,1.0048174,0,0.9985904,0.5558652812133329,2
922.0,0.9907317,0,0.9954562,0.6729393533907909,2
932.0,0.9977408,0,1.003486,0.3729947923044554,2
933.0,0.9952719,0,0.9993981,0.5256944892829233,2
938.0,1.0044241,0,0.9991769,0.5339568912350855,2
941.0,1.0048267,0,1.0040603,0.3515450535798176,2
949.0,1.0039351,0,1.0037582,0.3628287650035734,2
950.0,0.9979741,0,1.0000116,0.5027797383016099,2
956.0,1.000465,0,1.0006367,0.4794286006906486,2
957.0,1.0076603,0,0.998329,0.5656305452829055,2
965.0,1.0079143,0,1.0003219,0.4911887750671835,2
966.0,1.0063777,0,0.99954426,0.5202352034875307,2
967.0,1.0012857,0,0.99882185,0.5472199277290306,2
968.0,0.99909997,0,1.0025759,0.4069928730938699,2
977.0,0.99789715,0,1.000799,0.473368170048292,2
979.0,1.0018009,0,1.0000426,0.501621977855605,2
988.0,1.0050902,0,1.0044091,0.3385157956374696,2
990.0,0.99706167,0,0.99564636,0.6658369383470297,2
992.0,1.004243,0,0.99974304,0.5128099513963259,2
993.0,1.0064625,0,1.0007087,0.4767390341160833,2
994.0,1.0026792,0,0.99677193,0.6237924224578809,2
1004.0,0.99985456,0,1.0057079,0.2900011800250699,2
1007.0,0.9961186,0,0.9962417,0.6435990319341501,2
1020.0,1.0005813,0,1.0054212,0.3007104641506157,2
1025.0,0.9850561,0,1.0003859,0.4887975544537041,2
1026.0,1.0019928,0,1.0033687,0.3773764703001049,2
1047.0,1.001293,0,0.99982804,0.509635016019397,2
1052.0,0.9966768,0,1.0013883,0.4513529098750286,2
1056.0,1.010763,0,1.0077108,0.2151831376643964,2
1062.0,1.0023627,0,1.002224,0.4201379070808183,2
1063.0,1.0039184,0,1.0041326,0.3488421282308752,2
1065.0,0.9995186,0,1.0040927,0.3503338580363047,2
1066.0,1.0028719,0,1.0002772,0.492858621864306,2
1083.0,1.0004481,0,1.0004818,0.485212949995881,2
1093.0,1.0051594,0,1.0039504,0.3556506502383427,2
1097.0,1.0039124,0,1.0045621,0.3327982402041221,2
1100.0,1.0001752,0,0.9993085,0.5290408622643568,2
1101.0,1.0004803,0,0.99064267,0.8527440035801516,2
1102.0,1.0024734,0,1.0029567,0.392765778382386,2
1103.0,1.0051898,0,1.0013071,0.4543853516586031,2
1108.0,1.0059843,0,0.9998822,0.5076111617012844,2
1110.0,0.988023,0,0.99763286,0.5916333996076973,2
1112.0,1.004548,0,1.0034376,0.37480267977014,2
1113.0,0.9987015,0,1.0017048,0.4395303945514012,2
1120.0,0.9972442,0,1.0035259,0.3715075154238182,2
1127.0,1.0009252,0,0.99893636,0.5429428934660008,2
1135.0,1.0044296,0,1.0030273,0.3901296469053286,2
1138.0,1.0052061,0,1.0022296,0.419928619615579,2
1146.0,0.99999017,0,0.99994624,0.505219941087805,2
1147.0,0.993166,0,0.99913126,0.5356623614305467,2
1155.0,0.99647546,0,1.0005727,0.481819821304128,2
1159.0,1.001087,0,0.9994191,0.5249107745194738,2
1161.0,1.0068586,0,0.99602425,0.6517211667553541,2
1162.0,0.9966255,0,0.99782586,0.5844241143689204,2
1164.0,0.996739,0,1.0018735,0.4332295059702589,2
1165.0,1.0020157,0,0.99653614,0.6326003076971032,2
1168.0,0.9882981,0,1.0027049,0.4021748084685723,2
1172.0,0.9940112,0,1.0057049,0.2901125031448781,2
1173.0,1.0043144,0,0.99871886,0.5510672547496009,2
1175.0,0.992267,0,0.99534506,0.6770917057596355,2
1177.0,1.00362,0,0.999695,0.5146044800876335,2
1186.0,1.0002924,0,1.0054404,0.2999935432590511,2
1188.0,1.0009972,0,1.0035135,0.3719706196022202,2
1192.0,1.0005208,0,0.99577886,0.6608875124403586,2
1194.0,0.99911314,0,0.9992235,0.5322180241036819,2
1195.0,0.998099,0,0.99716085,0.6092647553229149,2
1197.0,0.99898845,0,1.0003166,0.4913847037580459,2
1199.0,0.99641776,0,0.9909127,0.8426581289255315,2
1207.0,0.98910224,0,1.0047535,0.3256512959124377,2
1215.0,1.0029643,0,0.9975626,0.5942583987727739,2
1219.0,1.0021775,0,1.0040065,0.3535533226611569,2
1220.0,0.99638385,0,1.0044681,0.3363115978652679,2
1230.0,1.0031693,0,1.0032802,0.3806849934208036,2
1242.0,1.0001203,0,0.9929984,0.764747530296587,2
1243.0,1.0072725,0,1.005884,0.283419757182011,2
1246.0,1.0078912,0,0.9957156,0.6632497890426879,2
1248.0,0.9988194,0,1.0001538,0.4974673990243642,2
1256.0,1.0063086,0,1.002305,0.4171099182220361,2
1258.0,1.0000978,0,1.0051485,0.3108943031506669,2
1262.0,0.99425733,0,0.99682456,0.6218264561620687,2
1272.0,1.0037181,0,0.9963123,0.6409606739946966,2
1273.0,1.0030196,0,0.99731094,0.6036585230093756,2
1276.0,0.9991933,0,1.0019282,0.4311856134905809,2
1280.0,0.9999498,0,1.004848,0.3221201265521226,2
1284.0,1.0096157,0,0.9993553,0.5272930892833685,2
1286.0,1.0022722,0,1.0051157,0.3121188574685568,2
1287.0,0.99976563,0,1.0025992,0.4061200998345738,2
1292.0,0.9899064,0,0.99134403,0.8265452205644973,2
1294.0,1.002815,0,0.99815035,0.572303253084207,2
1296.0,1.0089513,0,1.0000242,0.5023077282736232,2
1303.0,0.99994296,0,1.0045964,0.3315202507887242,2
1305.0,0.99201715,0,0.9952665,0.6800261831977789,2
1307.0,1.0012622,0,1.0025536,0.4078255700300349,2
1328.0,1.0076551,0,1.0042001,0.3463217727984183,2
1342.0,1.0012856,0,1.0049582,0.3180056240440126,2
1345.0,1.0064193,0,1.0021542,0.4227428680843295,2
1346.0,1.0007447,0,0.9993993,0.525649960035,2
1351.0,1.0050515,0,1.0022246,0.4201156424568567,2
1355.0,1.0006884,0,1.0080978,0.2007289437885039,2
1357.0,0.9998287,0,0.994865,0.6950236338983353,2
1367.0,0.9998055,0,0.99611026,0.6485083815176904,2
1369.0,0.9847121,0,0.9984951,0.5594253945847982,2
1372.0,1.00119,0,0.9981349,0.5728799068448134,2
1378.0,1.0049279,0,1.00112,0.4613764435825561,2
1389.0,0.9999489,0,0.9972261,0.6068267789991161,2
1392.0,1.0022814,0,1.0010722,0.4631620664242791,2
1397.0,1.0029117,0,1.0018433,0.4343560959427176,2
1400.0,1.0035815,0,0.9984947,0.5594409798215714,2
1401.0,1.0038447,0,0.9972486,0.6059874026757626,2
1405.0,0.99471545,0,0.9986067,0.5552574569791804,2
1406.0,1.0035391,0,1.0023162,0.4166913432915574,2
1410.0,0.9992281,0,1.0022191,0.4203204769973038,2
1411.0,1.0015184,0,1.0068817,0.2461532295950287,2
1422.0,1.0046159,0,0.9979556,0.5795771057324728,2
1425.0,1.0056657,0,1.0032955,0.3801105661225934,2
1430.0,1.0033807,0,1.0041541,0.3480406017682564,2
1432.0,0.99519813,0,0.9994183,0.5249397185306239,2
1442.0,1.0042998,0,0.9997683,0.5118659313403526,2
1443.0,1.0080053,0,1.0022353,0.4197148792255473,2
1445.0,0.9959915,0,1.0025651,0.4073936363251793,2
1447.0,1.0050976,0,0.9966377,0.6288064157740407,2
1449.0,0.9996419,0,0.99988157,0.5076356527876422,2
1454.0,0.9964011,0,0.9976776,0.5899613263481787,2
1457.0,1.0034546,0,1.0003296,0.4908993349556823,2
1462.0,0.99650127,0,1.0020895,0.4251608062465629,2
1464.0,1.0028844,0,1.0008465,0.4715914530561536,2
1470.0,0.9966118,0,0.9959428,0.6547647408509094,2
1474.0,1.0018597,0,1.0048918,0.3204859031533387,2
1476.0,0.99710894,0,0.9949625,0.691381141418212,2
1480.0,1.0007299,0,1.0043585,0.3404038357494161,2
1481.0,1.0032115,0,1.0019555,0.4301658937131382,2
1482.0,1.0032345,0,1.0024452,0.41187327866626,2
1483.0,0.9954491,0,0.9947736,0.6984368007516537,2
1493.0,1.001328,0,1.0006648,0.4783777104396595,2
1500.0,1.0031655,0,0.99756646,0.5941136787170234,2
1501.0,0.9979925,0,0.991806,0.8092901369942312,2
1510.0,1.0018816,0,0.9999947,0.5034098271597243,2
1515.0,1.0006373,0,1.0006416,0.4792460307741633,2
1520.0,1.00512,0,1.0028026,0.3985234101388645,2
1521.0,1.0027612,0,1.0021952,0.4212110619557691,2
1522.0,1.0034988,0,1.0000813,0.5001747772980989,2
1527.0,0.997796,0,1.00024,0.494247934399512,2
1528.0,0.9894131,0,0.9968605,0.6204838993371822,2
1530.0,0.99940664,0,1.0000567,0.5010920798053181,2
1536.0,1.0001738,0,0.9954663,0.6725630812458393,2
1544.0,1.0019953,0,1.0010577,0.4637008703241506,2
1545.0,0.99534523,0,1.000445,0.48658890375671,2
1547.0,0.9991715,0,0.998559,0.557038626896111,2
1548.0,0.99661213,0,0.99951,0.5215154193653246,2
1558.0,1.00131,0,0.99876666,0.5492816319078779,2
1559.0,1.004433,0,0.99942625,0.5246435990319341,2
1560.0,0.99690706,0,1.001,0.4658560859236368,2
1562.0,1.0062454,0,1.0005131,0.4840462837002914,2
1563.0,0.99777395,0,0.9995835,0.5187701912308552,2
1564.0,1.0016952,0,1.001127,0.4611137210198088,2
1580.0,1.0022666,0,0.99701226,0.6148153260765502,2
1583.0,0.9987253,0,0.9977265,0.5881356271833247,2
1606.0,1.0046052,0,1.0008942,0.4698102831392229,2
1608.0,1.0022366,0,1.0039285,0.3564655354753385,2
1622.0,0.9949712,0,0.9926512,0.7777166737542387,2
1629.0,1.0060238,0,0.9966977,0.6265643681411043,2
1632.0,1.0085828,0,1.0019296,0.431132178393073,2
1634.0,1.0143726,0,1.0024672,0.4110539405044718,2
1641.0,1.0027103,0,1.0004709,0.485622619076775,2
1642.0,0.9899605,0,0.9985921,0.5558029402662403,2
1649.0,0.9953195,0,1.0013702,0.4520297544434623,2
1675.0,0.9928431,0,0.99653965,0.6324689464157296,2
1676.0,1.005406,0,0.996977,0.6161333918150789,2
1678.0,0.9998341,0,1.0015731,0.4444508764469222,2
1681.0,1.0052389,0,1.0019631,0.4298809065264292,2
1684.0,1.0036901,0,1.0027658,0.3998993638996934,2
1693.0,1.0002248,0,0.99871045,0.55138118594746,2
1695.0,1.0001056,0,1.0035939,0.3689648953673997,2
1711.0,0.99964553,0,0.99706554,0.6128248686943802,2
1714.0,1.0031068,0,1.0033777,0.3770425009406803,2
1726.0,1.0044874,0,1.0056418,0.292468100360019,2
1730.0,1.0004987,0,1.0023144,0.4167581371634423,2
1731.0,1.0063874,0,1.0034792,0.373248609017618,2
1742.0,1.0041485,0,1.0020226,0.4276588970550582,2
1754.0,1.0023937,0,1.0033809,0.3769222719712876,2
1772.0,0.9993091,0,0.9985715,0.5565710697929167,2
1777.0,0.9986104,0,1.002472,0.4108713705879865,2
1782.0,0.99982435,0,0.9965036,0.6338159561654084,2
1789.0,1.0067801,0,0.9978885,0.5820841023905527,2
1794.0,1.0051749,0,1.0008485,0.4715157533346841,2
1797.0,1.0046637,0,0.9993296,0.528252694576115,2
1802.0,1.0039153,0,1.0046158,0.3307944240475751,2
1816.0,1.0046532,0,1.0024043,0.413400631870028,2
1823.0,1.0006155,0,0.9970516,0.6133458608950824,2
1824.0,0.99969876,0,0.9961058,0.6486753661974026,2
1829.0,1.001327,0,0.99978405,0.5112781452677655,2
1847.0,1.0036215,0,1.002917,0.3942486023382308,2
1854.0,0.99819154,0,1.0033966,0.3763344858987004,2
1861.0,0.9989764,0,1.0044212,0.3380615973086522,2
1863.0,0.9974222,0,1.001531,0.4460227588986135,2
1864.0,0.99953514,0,1.0023146,0.41675368423865,2
1866.0,0.9975027,0,0.99538827,0.6754775205224172,2
1871.0,1.0045403,0,1.003925,0.3565991232191083,2
1875.0,1.0009888,0,0.9947166,0.700567525264782,2
1878.0,1.001489,0,0.996227,0.6441467416836064,2
1880.0,0.99958986,0,1.0037309,0.3638484847810163,2
1884.0,1.0031893,0,0.99869174,0.5520802951398552,2
1888.0,1.0080932,0,1.0034666,0.3737206190456046,2
1893.0,0.9983082,0,1.0030258,0.3901875349276288,2
1900.0,0.9997976,0,1.0023966,0.4136900719815293,2
1903.0,0.99944484,0,1.0010597,0.4636296235274734,2
1918.0,0.9950538,0,0.99773633,0.5877682608879577,2
1919.0,1.010839,0,1.0040114,0.3533707527446715,2
1942.0,0.9997282,0,0.9968107,0.6223452219003747,2
1955.0,0.9983214,0,1.0004683,0.4857205834222062,2
1960.0,1.0068915,0,1.0043799,0.3396067622115896,2
1962.0,1.00413,0,1.0005739,0.4817752920562048,2
1963.0,0.9989423,0,1.0010402,0.4643554502686227,2
1968.0,0.99626523,0,0.99609494,0.6490805823535044,2
1971.0,1.0013872,0,1.0052812,0.3059381978568073,2
1974.0,1.004823,0,0.99987674,0.5078159962417315,2
1977.0,1.0092034,0,1.0104358,0.1133937298365999,2
1980.0,1.00011,0,1.002778,0.3994407126460837,2
1983.0,0.99719375,0,1.006623,0.2558160763943777,2
1984.0,0.9937761,0,0.99580944,0.6597453372311268,2
1987.0,1.0051223,0,0.9959815,0.6533175402934033,2
1992.0,0.99982035,0,1.0007496,0.4752116809123152,2
1994.0,1.0084045,0,0.9972338,0.606539565350011,2
1998.0,0.99253345,0,1.0030662,0.3886779934230301,2
2005.0,1.0022756,0,1.0022985,0.4173548290856141,2
2024.0,0.9986227,0,0.99717873,0.608596816604066,2
2025.0,0.99897766,0,1.0012579,0.456224409597834,2
2032.0,1.0022937,0,0.9989325,0.5430876135217515,2
2033.0,0.9999157,0,1.0019355,0.4309139850782491,2
2045.0,0.99548244,0,0.9962052,0.6449616269206021,2
2049.0,1.0068467,0,1.0001054,0.4992752864900488,2
2059.0,1.0045937,0,1.0072986,0.2305813515962622,2
2068.0,0.99932367,0,0.9992055,0.5328881892849271,2
2070.0,1.0010208,0,0.9948256,0.6964953255421993,2
2074.0,0.99492145,0,1.001132,0.4609266981785311,2
2075.0,0.989625,0,0.99739575,0.6004902670196351,2
2084.0,0.99864984,0,1.0009959,0.4660119382913682,2
2086.0,0.9996333,0,0.9971732,0.6088038776069091,2
2088.0,0.9993294,0,1.001209,0.458050108762688,2
2090.0,1.002494,0,0.9980847,0.5747545881823829,2
2095.0,1.0025604,0,1.0044862,0.3356347532968342,2
2103.0,1.0090373,0,0.9972372,0.6064126569934297,2
2105.0,1.0006478,0,1.007915,0.2075552774951408,2
2115.0,1.0008198,0,0.996497,0.6340630934913825,2
2120.0,1.0031699,0,1.0074296,0.2256875872494951,2
2121.0,1.0062981,0,1.0010165,0.4652415823022957,2
2122.0,1.0017976,0,1.0050735,0.3136951928450404,2
2129.0,1.0034362,0,1.0014025,0.4508230118247418,2
2140.0,1.0043837,0,1.000891,0.4699305121086157,2
2149.0,1.0011896,0,1.0003809,0.4889845772949818,2
2150.0,1.0020812,0,1.0056211,0.2932429092738838,2
2157.0,1.0030181,0,1.0006596,0.4785736391305218,2
2163.0,1.0015088,0,1.0040499,0.35193245803675,2
2166.0,0.9954713,0,0.9970118,0.6148331377757195,2
2170.0,1.0080476,0,0.9977181,0.5884495583811837,2
2171.0,0.9981766,0,0.9984479,0.5611887528025595,2
2176.0,0.999304,0,1.0026487,0.4042721360457583,2
2185.0,0.9971561,0,0.9966513,0.6282987823477155,2
2193.0,0.9805797,0,0.9992928,0.5296286483369439,2
2197.0,0.9951675,0,1.0019373,0.4308471912063641,2
2198.0,0.9975477,0,1.0013459,0.452938151101097,2
2205.0,0.99955547,0,0.9999967,0.5033341274382546,2
2209.0,1.0026621,0,1.0024029,0.4134540669675359,2
2218.0,1.0020442,0,1.002217,0.4203961767187733,2
2219.0,1.0008458,0,1.0058532,0.2845730647032237,2
2222.0,1.0021051,0,1.0004269,0.4872657483251437,2
2235.0,0.99946314,0,1.0053042,0.3050787833718882,2
2243.0,0.9958208,0,0.99678457,0.6233204124298943,2
2245.0,1.003354,0,0.9978779,0.5824804126970697,2
2248.0,1.0063407,0,1.0008662,0.4708567204654197,2
2253.0,1.0039734,0,1.0027267,0.4013599232315765,2
2254.0,1.0042078,0,1.0003215,0.4912021338415605,2
2255.0,0.9997146,0,1.0019383,0.4308071148832332,2
2261.0,1.002358,0,1.0015491,0.4453459143301799,2
2262.0,1.0017449,0,1.0002279,0.4946976798035369,2
2263.0,1.0052568,0,1.0037522,0.3630514112431898,2
2264.0,1.0003836,0,0.99926925,0.5305081009834285,2
2266.0,1.0028884,0,1.0035132,0.3719795254518049,2
2267.0,1.0014634,0,0.99978846,0.5111133870504494,2
2272.0,1.0022547,0,0.99788636,0.5821642550368146,2
2274.0,1.0020323,0,1.0001049,0.4992930981892182,2
2277.0,1.0060334,0,1.0009676,0.4670672814671497,2
2278.0,1.0011709,0,1.005039,0.3149865410348151,2
2283.0,1.0032759,0,1.002435,0.4122562301984001,2
2284.0,0.9984192,0,1.0031754,0.3845991143132587,2
2292.0,0.9974092,0,1.0013903,0.4512772101535591,2
2301.0,1.0031381,0,0.99776995,0.5865125360965215,2
2307.0,0.99922204,0,1.0027981,0.3986926212809728,2
2308.0,1.0036266,0,1.0013983,0.4509788641924732,2
2310.0,1.0010685,0,1.0030482,0.3893503850666714,2
2314.0,1.0067565,0,1.0006146,0.4802523917772291,2
2323.0,1.000211,0,1.0008786,0.4703936162870177,2
2324.0,1.0019772,0,0.9944061,0.7121651678863969,2
2326.0,1.0024279,0,1.0009212,0.4687994692113647,2
2331.0,1.0062755,0,1.0016818,0.4403898090363203,2
2352.0,0.9992321,0,1.0012995,0.454670338845312,2
2355.0,0.99919456,0,1.0033321,0.3787435182113492,2
2358.0,0.9996285,0,0.9999544,0.5049149157395306,2
2374.0,1.000316,0,0.9998864,0.507455309333553,2
2376.0,1.0060589,0,0.99695885,0.6168102363835126,2
2379.0,1.0077477,0,1.0025809,0.4068058502525922,2
2388.0,0.9921088,0,1.0032135,0.3831741783797142,2
2392.0,1.0004214,0,1.0004455,0.4865710920575407,2
2395.0,1.0067368,0,1.0060518,0.2771544919992074,2
2396.0,1.0023937,0,0.9980331,0.5766827046174603,2
2405.0,1.0127978,0,1.0057019,0.2902238262646863,2
2407.0,1.0001484,0,1.0013571,0.4525195761706182,2
2410.0,1.0028518,0,0.9989352,0.542985196251528,2
2412.0,1.0008594,0,0.99949557,0.5220542232651961,2
2422.0,1.0071505,0,1.0002685,0.4931836853741459,2
2432.0,1.0032927,0,1.0023309,0.4161436335421012,2
2435.0,0.9994141,0,1.0012628,0.4560418396813487,2
2440.0,0.99926585,0,1.0020975,0.424862460285477,2
2448.0,1.0051862,0,0.99479425,0.6976664447625811,2
2457.0,0.9919324,0,0.9997933,0.5109330435963602,2
2461.0,1.0033964,0,0.99918896,0.5335071458310605,2
2464.0,1.0033478,0,1.0012776,0.4554896770071002,2
2480.0,0.99847496,0,1.0052125,0.3085030825371875,2
2481.0,1.0002984,0,1.0033517,0.3780132385454076,2
2482.0,1.0109415,0,0.9992244,0.5321824007053433,2
2483.0,1.0038422,0,0.9968504,0.6208623979445299,2
2494.0,0.9914843,0,1.0010157,0.465272752775842,2
2509.0,0.9985227,0,0.9976407,0.5913395065714038,2
2515.0,1.0048066,0,1.0000066,0.5029667611428876,2
2518.0,1.0039787,0,0.99877125,0.5491101943033734,2
2519.0,1.0042915,0,0.99773604,0.5877793931999385,2
2538.0,0.9973533,0,0.99884975,0.5461779433276261,2
2541.0,1.0010241,0,1.0032396,0.3821989878501947,2
2545.0,1.0037864,0,1.002818,0.3979489828406543,2
2547.0,1.0035739,0,0.9996088,0.5178239447124857,2
2550.0,1.0011406,0,0.99881625,0.5474292151942699,2
2555.0,0.9979646,0,1.0026349,0.4047886753216682,2
2557.0,0.9961759,0,1.005351,0.3033332368532961,2
2560.0,1.0026252,0,0.99887174,0.5453563787034419,2
2583.0,0.9992705,0,1.0027572,0.4002199744847409,2
2587.0,0.99848956,0,0.9995263,0.5209053686687759,2
2589.0,0.9990149,0,1.0040823,0.3507212624932371,2
2597.0,1.0026157,0,1.0062464,0.2698828658133378,2
2605.0,0.9996451,0,1.0009383,0.468162700966062,2
2611.0,0.983407,0,1.0033414,0.3783961900775476,2
2613.0,1.0039456,0,1.0015389,0.4457288658623199,2
2623.0,0.99832654,0,0.9961773,0.6460036113220066,2
2628.0,1.011374,0,1.0040804,0.3507925092899143,2
2633.0,1.0024984,0,1.0043719,0.3399051081726755,2
2639.0,0.9952757,0,0.99725217,0.6058538149319928,2
2646.0,0.9995715,0,1.0023762,0.4144515221210171,2
2665.0,0.9940636,0,0.99812585,0.5732183291290303,2
2673.0,1.0017371,0,0.99889636,0.5444368497338264,2
2675.0,1.0001017,0,1.0005943,0.4810138419167169,2
2685.0,1.0008287,0,0.99977744,0.5115252825937396,2
2687.0,0.99103147,0,1.003403,0.3760984808847071,2
2688.0,1.0018688,0,0.9975414,0.5950487929234118,2
2689.0,1.0047891,0,1.0032656,0.3812282502454674,2
2693.0,0.9934325,0,0.9976284,0.5918003842874096,2
2695.0,0.9984782,0,1.0030572,0.3890119627824545,2
2697.0,1.0004994,0,0.9986465,0.5537701800985433,2
2698.0,1.0036628,0,0.99954057,0.5203732441560929,2
2701.0,0.99999666,0,1.0018638,0.4335901928784373,2
2704.0,1.0032748,0,1.0041257,0.3491003978688302,2
2712.0,1.0025836,0,1.0023675,0.4147765856308569,2
2717.0,1.0000507,0,1.005088,0.3131563889451689,2
2724.0,0.99829787,0,0.9970139,0.6147529851294576,2
2732.0,1.0017425,0,1.0045643,0.3327180875578601,2
2734.0,0.98205185,0,0.998224,0.5695513455625492,2
2735.0,0.99840015,0,1.0016347,0.4421487143292893,2
2744.0,0.9985981,0,0.9980361,0.5765713814976522,2
2748.0,1.0006124,0,1.0064871,0.2608924106576302,2
2753.0,1.004456,0,1.0024248,0.4126347288057478,2
2756.0,1.0020443,0,1.0017601,0.4374642374477616,2
2758.0,1.0048591,0,0.9985428,0.5576442246678674,2
2767.0,1.0023903,0,0.995004,0.6898315235904824,2
2772.0,1.0068232,0,1.0016546,0.4414050758889708,2
2780.0,0.9963589,0,1.0019951,0.4286875226820856,2
2781.0,1.001952,0,1.000917,0.4689597745038885,2
2784.0,1.0047556,0,0.9957611,0.6615509982344153,2
2788.0,0.99950874,0,0.99247026,0.7844762135889906,2
2793.0,0.9985513,0,0.9966423,0.6286349781695362,2
2798.0,1.0020357,0,1.0012679,0.4558503639152786,2
2805.0,1.002935,0,0.9994642,0.5232253424855782,2
2809.0,0.9992817,0,0.99694246,0.6174225135424576,2
2810.0,0.9964125,0,0.9949731,0.690984831111695,2
2811.0,0.9963204,0,0.99628013,0.6421629636886248,2
2814.0,1.0018045,0,1.0006986,0.477117532723431,2
2819.0,1.0054193,0,1.0031329,0.3861843555393272,2
2820.0,1.0040393,0,0.99466014,0.7026759851539488,2
2821.0,1.0008317,0,1.0019042,0.4320806513738386,2
2826.0,1.0022854,0,0.9984148,0.5624244394324303,2
2827.0,1.0021769,0,0.9966016,0.6301556519861158,2
2834.0,1.0042068,0,1.0040743,0.351019608454323,2
2836.0,0.993966,0,0.99532473,0.6778509294367272,2
2842.0,0.9983979,0,0.99875844,0.5495888837185484,2
2847.0,1.0055434,0,1.0035449,0.3707950474570459,2
2848.0,1.0027412,0,0.9967061,0.6262504369432452,2
2849.0,1.0058972,0,1.0026886,0.4027804062403288,2
2853.0,0.9875654,0,1.0002027,0.4956416998595102,2
2860.0,0.99776304,0,1.0006871,0.4775450135034944,2
2862.0,0.9981268,0,1.0065912,0.2570050073139289,2
2864.0,0.99554014,0,1.0056623,0.2917021972957387,2
2865.0,1.0002002,0,0.9992815,0.5300494497298187,2
2872.0,0.9981713,0,0.9957886,0.660524599069784,2
2881.0,0.9965363,0,1.0054668,0.2990049939551545,2
2884.0,1.0025275,0,1.0000778,0.5003039121170763,2
2895.0,1.0033039,0,0.999887,0.5074330447095914,2
2897.0,1.0028958,0,0.99914926,0.5349899697869053,2
2899.0,0.9912041,0,1.0023357,0.4159655165504082,2
2901.0,0.98127997,0,0.9984107,0.5625780653377654,2
2903.0,1.0051272,0,1.0022308,0.4198840903676557,2
2905.0,0.9975663,0,1.002392,0.4138592831236377,2
2914.0,1.004834,0,0.99638736,0.6381575578379268,2
2918.0,0.999085,0,1.0023834,0.4141843466334776,2
2923.0,1.0020201,0,0.99869895,0.5518108931899195,2
2924.0,1.0046867,0,0.9988615,0.545739330235582,2
2929.0,0.99914664,0,0.9979443,0.5800001335877438,2
2931.0,1.0062511,0,0.9986446,0.5538414268952205,2
2932.0,0.9963892,0,1.0032309,0.3825240513600345,2
2933.0,1.0010564,0,1.0009024,0.4695030313285524,2
2939.0,1.0001932,0,1.0005056,0.484326817962208,2
2947.0,0.9971377,0,1.001096,0.4622714814658137,2
2949.0,1.0044713,0,1.0013285,0.4535882781207767,2
2951.0,1.0056401,0,1.0057678,0.2877613588545296,2
2963.0,1.0058477,0,1.0002185,0.4950494608621307,2
2972.0,1.0068493,0,1.0075916,0.2196360624567231,2
2973.0,1.0056455,0,0.9986129,0.5550259048899794,2
2974.0,0.99811226,0,1.0015432,0.4455685605697962,2
2977.0,1.0019224,0,0.99622536,0.644209082630699,2
2983.0,1.010509,0,1.0061574,0.2732092006332058,2
2996.0,1.0030441,0,1.0051739,0.3099458301699013,2
2997.0,1.0008968,0,1.0016329,0.4422155082011743,2
3001.0,1.0071778,0,1.0021151,0.4242034274162126,2
3007.0,0.9989052,0,1.0042293,0.3452308062242982,2
3011.0,1.0010065,0,1.0024163,0.4129553393907953,2
3015.0,1.0049273,0,1.0045087,0.3347931505110845,2
3017.0,1.0021981,0,0.99762994,0.5917424962651093,2
3027.0,1.0015088,0,0.99899507,0.5407498280057799,2
3028.0,0.99641365,0,1.0070142,0.2412060301507538,2
3031.0,0.9862873,0,0.9959139,0.6558423486506524,2
3032.0,0.9981682,0,1.0038941,0.357752430740321,2
3045.0,1.0014871,0,1.0026644,0.4036843499731711,2
3053.0,0.9995871,0,1.0011044,0.4619597767303509,2
3054.0,1.0013018,0,0.99739903,0.6003678115878461,2
3066.0,1.0006448,0,1.0058084,0.2862473644251385,2
3071.0,1.0004089,0,0.9982431,0.5688388775957769,2
3086.0,1.0012639,0,0.99740934,0.5999826335933099,2
3088.0,1.0024432,0,0.99637425,0.6386473795650829,2
3098.0,1.0048416,0,1.002061,0.426225055271929,2
3102.0,0.9977386,0,1.0033695,0.3773497527513508,2
3108.0,1.004141,0,1.0004429,0.4866690564029718,2
3113.0,1.0006922,0,1.0000379,0.5017956419225058,2
3116.0,1.0028529,0,1.0022378,0.4196213678049084,2
3118.0,1.002379,0,0.99990374,0.5068074087762695,2
3127.0,0.997061,0,0.9976148,0.5923080177137348,2
3136.0,1.0043207,0,1.0020579,0.4263408313165294,2
3140.0,1.0004344,0,0.9996727,0.5154371770237987,2
3156.0,1.0071874,0,1.0003041,0.4918522608612402,2
3167.0,1.0002494,0,1.0004293,0.4871766898292972,2
3170.0,0.99663574,0,0.9975728,0.59387767370303,2
3173.0,0.9945251,0,1.0009686,0.4670316580688111,2
3178.0,1.0021074,0,1.0063093,0.2675361744477816,2
3179.0,1.0024717,0,1.0009974,0.465954050269068,2
3183.0,0.9962371,0,0.9959496,0.6545086976753507,2
3197.0,0.9952926,0,1.0039047,0.3573561204338039,2
3200.0,1.000488,0,0.9942685,0.7173060695591382,2
3203.0,1.000183,0,1.0000312,0.5020450057108761,2
3207.0,1.0000535,0,1.0025799,0.4068414736509308,2
3212.0,1.0058786,0,1.0005347,0.4832403043128803,2
3213.0,0.9971868,0,1.0033588,0.3777460630578679,2
3227.0,1.0044323,0,1.0011669,0.4596219912143794,2
3235.0,0.9991735,0,0.99977654,0.511558679529682,2
3237.0,0.9973028,0,0.9965568,0.6318277252456345,2
3253.0,1.0047786,0,1.0061386,0.2739127627503935,2
3255.0,0.98947084,0,0.9980177,0.5772571319156705,2
3258.0,1.0010551,0,1.0018126,0.4355049505391378,2
3259.0,0.9990479,0,1.00261,0.4057193366032644,2
3262.0,0.99728477,0,0.99824125,0.5689078979300579,2
3264.0,1.0023488,0,0.9965146,0.6334040606221181,2
3267.0,0.997394,0,0.99946606,0.523156322151297,2
3281.0,0.99722695,0,0.9986441,0.5538592385943897,2
3293.0,1.0037154,0,1.0016474,0.4416767043013027,2
3294.0,0.9850317,0,0.9980283,0.5768630480715495,2
3298.0,0.9984279,0,0.998112,0.5737348684049401,2
3299.0,1.0037593,0,1.0009283,0.4685367466486174,2
3301.0,0.99765563,0,1.0015451,0.4454973137731191,2
3306.0,1.0024037,0,1.0020547,0.4264610602859223,2
3309.0,1.0021657,0,1.0012405,0.4568745366175137,2
3313.0,1.0033098,0,0.9985886,0.5559320750852179,2
3314.0,0.98970765,0,1.0037812,0.3619693505186544,2
3315.0,1.0058756,0,1.0072924,0.2308129036854632,2
3316.0,0.9994649,0,1.0056556,0.291951561084109,2
3320.0,1.0008653,0,1.0035423,0.3708930118024771,2
3323.0,1.001943,0,0.9999004,0.5069320906704546,2
3326.0,1.0053619,0,1.0006737,0.4780481940050274,2
3333.0,0.99810565,0,1.001522,0.4463611811828304,2
3336.0,0.9956532,0,0.99805397,0.5759034427788032,2
3340.0,1.0013316,0,1.002512,0.4093796407825569,2
3342.0,1.0060654,0,0.99786156,0.5830904633936185,2
3344.0,1.0024123,0,1.0059439,0.2811843889362631,2
3349.0,0.9974367,0,0.99957836,0.5189616669969253,2
3353.0,1.0040047,0,1.0029732,0.3921512747610449,2
3355.0,0.99835354,0,1.0071226,0.2371538685897364,2
3357.0,0.9989641,0,1.000124,0.4985806302224458,2
3362.0,0.9989792,0,1.0029576,0.3927346079088397,2
3368.0,1.001009,0,0.9945754,0.705842014681293,2
3369.0,0.9956594,0,0.9998419,0.5091162502810909,2
3371.0,1.0005088,0,0.9992241,0.5321935330173241,2
3376.0,1.0071796,0,1.0018253,0.4350284875863589,2
3378.0,0.9898572,0,1.0003844,0.488850989551212,2
3379.0,1.0006506,0,0.99872035,0.5510115931896968,2
3386.0,1.0007674,0,1.0012475,0.4566118140547665,2
3391.0,0.99975246,0,1.0014976,0.447269577840465,2
3392.0,0.98817694,0,0.9955844,0.6681502327766435,2
3396.0,1.0027801,0,1.0040249,0.3528675722431386,2
3403.0,1.0054983,0,1.002227,0.4200265839610102,2
3404.0,1.0005045,0,1.0047543,0.3256201254388914,2
3406.0,1.0062957,0,0.99432886,0.7150506631518248,2
3408.0,1.0052351,0,1.0066789,0.2537276546667765,2
3412.0,1.0021739,0,1.0036503,0.3668586619406291,2
3414.0,0.9853453,0,0.99574673,0.6620875756718907,2
3419.0,0.9999946,0,1.0008048,0.4731499767334679,2
3426.0,1.0045403,0,0.99828935,0.5671111427763541,2
3437.0,1.0028063,0,1.0027244,0.4014445288026308,2
3442.0,1.0063903,0,1.0055549,0.2957142825336252,2
3452.0,0.9976603,0,0.9964527,0.6357173550517319,2
3464.0,1.0009314,0,1.0016639,0.4410577477551692,2
3471.0,1.001368,0,0.9988428,0.5464384394279773,2
3473.0,1.0108548,0,1.0006837,0.4776741483224719,2
3474.0,1.005581,0,0.9984025,0.562885317148436,2
3476.0,0.9967529,0,1.0007248,0.4761378892691191,2
3478.0,1.0065063,0,1.0020033,0.4283802708714151,2
3481.0,1.0055922,0,0.9996951,0.5146000271628413,2
3482.0,0.9919051,0,1.0040795,0.3508281326882529,2
3491.0,1.0011042,0,1.000962,0.467276568932389,2
3493.0,0.9916287,0,1.0005645,0.4821270731147986,2
3497.0,0.99754894,0,1.0024549,0.4115125917580815,2
3500.0,1.0004562,0,1.0040065,0.3535533226611569,2
3505.0,1.0006355,0,0.99998116,0.5039152341236532,2
3507.0,0.99928707,0,1.0029719,0.3922002569337605,2
3515.0,1.0078491,0,1.0032002,0.3836729059564548,2
3527.0,0.99837756,0,1.0016588,0.4412492235212393,2
3543.0,1.0046031,0,1.0013876,0.4513796274237827,2
3549.0,0.9996848,0,1.0022191,0.4203204769973038,2
3559.0,1.0023329,0,0.99708843,0.6119699071342535,2
3564.0,1.0029836,0,0.9993568,0.5272374277234645,2
3565.0,1.0026002,0,0.9955756,0.6684797492112757,2
3568.0,1.0052224,0,1.0039275,0.3565056117984695,2
3571.0,1.0047885,0,1.0018986,0.4322899388390779,2
3572.0,1.0025301,0,0.9979313,0.5804855023901074,2
3573.0,0.99613726,0,0.9978251,0.5844530583800704,2
3583.0,1.0023073,0,0.99802756,0.5768897656203036,2
3595.0,1.0010576,0,0.99632365,0.6405376461394255,2
3596.0,1.0108621,0,0.9991907,0.5334425784215717,2
3598.0,1.0035186,0,0.9953312,0.6776082450355454,2
3603.0,1.000423,0,1.0019577,0.4300857410668762,2
3609.0,0.9987292,0,1.0074097,0.2264312256898136,2
3624.0,1.0041683,0,1.001574,0.4444152530485836,2
3627.0,0.9814564,0,1.0005229,0.4836811438673206,2
3628.0,0.9973812,0,1.0006888,0.4774826725564018,2
3635.0,1.0001596,0,0.99896467,0.5418853238278232,2
3636.0,1.0009129,0,0.9984217,0.5621661697944753,2
3639.0,1.0019737,0,1.0065868,0.257169765531245,2
3641.0,0.9964114,0,1.0001365,0.4981130731192515,2
3649.0,1.0046452,0,1.0013868,0.4514107978973289,2
3657.0,1.001815,0,1.0029651,0.3924540736469231,2
3660.0,1.0034398,0,1.0040704,0.3511665549724698,2
3676.0,0.9975641,0,0.9988805,0.5450290887312059,2
3678.0,1.0027506,0,0.99921143,0.5326677695077069,2
3682.0,0.9988986,0,1.0004791,0.4853153672661046,2
3688.0,1.0039347,0,1.0041109,0.3496525605430787,2
3689.0,1.0067097,0,1.0047897,0.3242976067755704,2
3692.0,1.0005059,0,0.9998773,0.5077959580801661,2
3695.0,0.9989018,0,0.9999586,0.5047590633717991,2
3698.0,1.0055158,0,1.000027,0.5022053110033998,2
3703.0,0.98433584,0,1.0009472,0.4678287316066375,2
3709.0,1.0045898,0,1.0011795,0.459154434111185,2
3713.0,1.0029863,0,1.0044857,0.3356525649960035,2
3714.0,1.0072429,0,1.0002764,0.49288533941306,2
3722.0,1.004631,0,1.000519,0.4838236374606751,2
3734.0,0.99598557,0,0.9999146,0.5064021926201677,2
3739.0,1.0012771,0,1.0020207,0.4277301438517354,2
3749.0,1.0025208,0,0.99979216,0.5109753463818874,2
3751.0,0.9947208,0,0.99747455,0.5975468837319072,2
3768.0,1.0061759,0,0.99746233,0.5980033085231207,2
3770.0,1.0030196,0,0.9991089,0.5364972848291079,2
3773.0,0.9998296,0,1.0001351,0.4981665082167594,2
3786.0,1.0017883,0,0.9983286,0.5656439040572825,2
3787.0,1.0033855,0,0.9967326,0.6252618876393488,2
3791.0,0.9967417,0,1.0052476,0.3071939226482434,2
3794.0,1.0001819,0,0.99901295,0.5400818892869309,2
3798.0,1.0000982,0,1.0032774,0.3807874106910272,2
3799.0,0.9986377,0,0.9984982,0.5593096185401977,2
3800.0,0.99048036,0,1.0047629,0.3252995148538439,2
3801.0,1.0002989,0,1.0027747,0.3995653945402689,2
3802.0,0.9990723,0,1.0011219,0.4613051967858789,2
3804.0,0.982928,0,0.99814653,0.5724457466775614,2
3807.0,1.0049679,0,1.0045457,0.3334127438254631,2
3808.0,1.0018239,0,1.0020627,0.4261627143248364,2
3811.0,1.0042586,0,1.0044903,0.335483353853895,2
3812.0,0.9982893,0,1.0013605,0.4523904413516407,2
3813.0,1.0087249,0,0.99836314,0.5643547823299038,2
3814.0,1.0073882,0,1.0001023,0.4993910625346492,2
3818.0,0.9984367,0,1.0005611,0.4822517550089837,2
3821.0,1.0016942,0,1.0028579,0.3964572530352248,2
3823.0,0.99834126,0,0.9956753,0.6647548776224944,2
3825.0,1.0009736,0,1.0068301,0.2480813460301062,2
3828.0,0.9991687,0,1.0045925,0.3316627443820787,2
3832.0,1.0040925,0,1.0035632,0.3701137499638199,2
3839.0,1.0014623,0,1.0023841,0.4141576290847235,2
3840.0,1.0019257,0,1.0015868,0.4439387900958047,2
3864.0,1.005287,0,0.99993604,0.505600666157549,2
3865.0,0.996322,0,0.99866015,0.5532603202098219,2
3867.0,1.0022842,0,1.0004144,0.4877333054283379,2
3869.0,0.99909645,0,1.0013059,0.4544298809065265,2
3873.0,0.99932903,0,1.0003561,0.4899107856517857,2
3876.0,1.0023825,0,0.99798685,0.5784104394368832,2
3880.0,1.0018119,0,1.0017964,0.4361105483108943,2
3892.0,1.0004846,0,0.99800843,0.577604460049472,2
3896.0,1.0047377,0,0.9939359,0.7297297297297297,2
3902.0,1.0036961,0,0.9980088,0.5775911012750949,2
3905.0,0.998511,0,1.0020664,0.4260246736562743,2
3907.0,0.99808735,0,1.0035704,0.3698421215514881,2
3911.0,0.9997352,0,0.9984897,0.5596280026628491,2
3912.0,1.0055717,0,1.0050844,0.3132899766889387,2
3923.0,0.99560565,0,1.0053662,0.3027632624798784,2
3927.0,0.99584603,0,1.0037243,0.3640933956445943,2
3929.0,0.9984631,0,1.0002362,0.4943904279928663,2
3937.0,0.9986197,0,1.0027428,0.4007587783846125,2
3940.0,1.0022117,0,1.0034869,0.3729636218309091,2
3942.0,0.99866563,0,1.006412,0.263697753276796,2
3944.0,0.9998223,0,0.9962516,0.6432294391763871,2
3945.0,0.99967736,0,0.9986444,0.553848106282409,2
3949.0,1.0055894,0,1.0070271,0.2407206613483902,2
3966.0,1.002375,0,0.99797624,0.5788067497434002,2
3967.0,0.9962607,0,0.9995437,0.5202552416490962,2
3972.0,0.99869275,0,0.9998798,0.5077024466595271,2
3992.0,1.0018523,0,1.0064002,0.2641385928312364,2
3994.0,0.992149,0,1.0012797,0.4554095243608382,2
4015.0,1.004566,0,1.0020722,0.4258064803414503,2
4018.0,1.0018373,0,0.9973729,0.6013430021173658,2
4022.0,1.0001328,0,0.997572,0.5939066177141801,2
4028.0,1.0050551,0,1.0031611,0.385133465288338,2
4036.0,1.0077206,0,0.9982999,0.5667170589322332,2
4043.0,1.0024179,0,1.0033423,0.3783650196040014,2
4049.0,1.0003177,0,1.003405,0.3760227811632375,2
4054.0,1.0063078,0,1.0056595,0.2918090674907546,2
4055.0,1.0062311,0,0.99884135,0.5464918745254852,2
4065.0,1.0030637,0,0.99925804,0.5309266759139071,2
4069.0,0.99005884,0,0.9993608,0.5270882547429215,2
4084.0,0.9967006,0,0.99754256,0.5950064901378849,2
4090.0,0.9992227,0,1.0019538,0.4302282346602307,2
4091.0,1.0047783,0,1.0048863,0.3206907376937857,2
4092.0,0.99710613,0,1.0012801,0.4553961655864613,2
4095.0,0.9939807,0,1.0010865,0.4626277154491999,2
4099.0,0.9948414,0,0.99631816,0.6407424806798725,2
4105.0,1.0030519,0,1.002789,0.3990310435651897,2
4115.0,0.99536794,0,1.0075414,0.2215107437942927,2
4127.0,1.0026886,0,0.9961872,0.6456340185642435,2
4129.0,0.9993807,0,0.99474806,0.6993919531196078,2
4135.0,1.0046848,0,1.0021974,0.4211309093095072,2
4142.0,1.005179,0,1.0007212,0.4762714770128889,2
4158.0,1.007301,0,1.0046986,0.327699641316908,2
4166.0,1.0026777,0,1.0017502,0.4378338302055248,2
4169.0,1.0000643,0,0.99765587,0.5907739851227782,2
4171.0,0.99879414,0,1.00168,0.4404566029082052,2
4178.0,1.0000705,0,0.9978157,0.5848026129762681,2
4185.0,0.99825567,0,1.0013882,0.4513573627998209,2
4206.0,1.0077322,0,1.002097,0.4248802719846463,2
4214.0,0.99822843,0,0.9979082,0.5813493697998188,2
4215.0,1.002828,0,0.99581367,0.6595872584009992,2
4216.0,0.9969644,0,0.9984664,0.560498549459749,2
4223.0,1.0020897,0,1.0075474,0.2212880975546763,2
4224.0,1.0045983,0,0.9967285,0.6254155135446839,2
4244.0,1.0057641,0,0.99905413,0.538543403771182,2
4250.0,0.9945155,0,1.0023028,0.4171945237930904,2
4251.0,1.0061136,0,0.99735564,0.601988676212253,2
4270.0,0.9796581,0,0.9938714,0.7321387620423785,2
4271.0,1.0047626,0,1.0063521,0.2659375744473363,2
4272.0,1.0033413,0,0.9998249,0.5097530185263937,2
4276.0,1.0026425,0,1.0010487,0.4640392926083675,2
4280.0,1.0007987,0,1.0011363,0.4607663928860074,2
4284.0,0.99927783,0,1.0011854,0.4589317878715687,2
4288.0,1.0035334,0,0.9963298,0.6403083205126208,2
4290.0,1.0072236,0,1.002346,0.4155781120934758,2
4296.0,1.0029298,0,0.99722546,0.6068512700854739,2
4297.0,0.9996072,0,0.99952585,0.5209231803679452,2
4299.0,1.0011593,0,1.0067012,0.2528949577306114,2
4306.0,0.99854815,0,0.99753284,0.5953694035084595,2
4312.0,1.0027539,0,1.0025988,0.4061379115337431,2
4315.0,1.0064163,0,0.99515706,0.6841139681571349,2
4329.0,1.000415,0,0.9983622,0.5643904057282425,2
4332.0,1.0042845,0,0.99712914,0.6104492333176739,2
4333.0,1.001892,0,1.0033157,0.3793580218326903,2
4336.0,1.0041474,0,1.0047345,0.3263593109544176,2
4340.0,0.9965678,0,1.0008453,0.4716359823040769,2
4363.0,0.9993053,0,1.0025727,0.4071131020632627,2
4364.0,1.003002,0,0.99600255,0.6525315990675575,2
4369.0,0.97932774,0,0.99590904,0.6560249185671378,2
4370.0,1.0008677,0,1.0097247,0.1399554262228288,2
4378.0,1.0021338,0,0.99862397,0.5546117828842929,2
4380.0,0.9884791,0,1.002898,0.394961070305003,2
4398.0,0.9988718,0,1.0035353,0.3711557343652244,2
4403.0,1.0021898,0,1.0017966,0.4361016424613096,2
4409.0,0.998973,0,0.9931589,0.7587538935261153,2
4410.0,1.0018549,0,0.99735725,0.6019285617275567,2
4412.0,1.0036728,0,1.0040478,0.3520126106830118,2
4419.0,1.0084778,0,1.0069374,0.2440737137170121,2
4428.0,1.0022069,0,0.9991775,0.5339346266111238,2
4433.0,0.99956906,0,1.0009671,0.4670850931663189,2
4435.0,0.98952097,0,1.0012987,0.4547015093188583,2
4441.0,0.9986785,0,0.9998174,0.5100335527883102,2
4443.0,1.0036039,0,1.000043,0.5016041661564357,2
4447.0,1.0007665,0,0.99439317,0.7126483102263644,2
4449.0,0.99836344,0,1.0053861,0.3020196240395597,2
4455.0,0.9849748,0,0.9949905,0.6903347040920152,2
4460.0,1.0003183,0,1.0052104,0.3085832351834493,2
4468.0,0.9974477,0,0.99638116,0.6383891099271279,2
4472.0,1.0031636,0,1.0052036,0.308837051896612,2
4474.0,1.0068222,0,0.9987747,0.5489810594843958,2
4485.0,0.9961901,0,1.0030742,0.3883796474619442,2
4495.0,0.99846494,0,1.0016912,0.4400380279777265,2
4496.0,0.9988464,0,0.9961206,0.6481232035231541,2
4498.0,0.9957527,0,1.0052035,0.3088415048214042,2
4514.0,1.0050187,0,0.9999716,0.5042714681070395,2
4520.0,1.0015998,0,1.0090252,0.1660851889042019,2
4521.0,1.0022333,0,0.9983268,0.5657129243915635,2
4524.0,1.0030305,0,0.99864805,0.553712292076243,2
4525.0,1.0029933,0,1.0021188,0.4240653867476505,2
4527.0,0.9970593,0,0.9979644,0.5792498157602367,2
4528.0,1.0022161,0,1.0000348,0.5019114179671063,2
4535.0,0.99728495,0,0.9984835,0.55985955475205,2
4537.0,1.00573,0,1.0044804,0.3358529466116582,2
4541.0,0.99601793,0,0.99892455,0.5433837330204412,2
4542.0,1.0092044,0,1.0036522,0.3667874151439519,2
4545.0,1.00151,0,1.0042483,0.3445227911823183,2
4546.0,1.005921,0,1.0037258,0.3640399605470863,2
4549.0,0.9982196,0,0.9990316,0.5393850065569318,2
4552.0,1.0044044,0,1.0047312,0.3264839928486027,2
4560.0,0.9978156,0,1.0002979,0.4920838129504411,2
4562.0,1.0047084,0,1.0001833,0.4963630736758672,2
4569.0,1.0042903,0,1.0050615,0.3141449382490654,2
4573.0,0.99830204,0,1.0043817,0.3395399683397047,2
4574.0,1.001359,0,0.9971773,0.6086502517015739,2
4590.0,1.0010792,0,1.0027744,0.3995787533146459,2
4595.0,1.0028272,0,1.0049502,0.3183039700050986,2
4597.0,1.0039061,0,1.0031686,0.3848529310264214,2
4599.0,1.0051463,0,1.0007612,0.4747797472074595,2
4601.0,1.0107344,0,1.0036051,0.3685463204369209,2
4612.0,0.99806017,0,1.0000052,0.5030157433156033,2
4618.0,0.99940777,0,1.0008606,0.471066007930659,2
4620.0,1.0013287,0,0.9998057,0.5104699394179582,2
4624.0,1.0038801,0,0.99988776,0.5074041006984413,2
4637.0,0.99987805,0,1.0041125,0.3495946725207784,2
4644.0,1.0050774,0,1.0006875,0.4775316547291174,2
4647.0,1.0034072,0,1.0039812,0.3544973427171302,2
4652.0,1.0043694,0,0.9961922,0.6454469957229657,2
4653.0,1.0027504,0,0.99906826,0.5380157321832912,2
4655.0,0.9977406,0,1.0049212,0.319386030729634,2
4660.0,0.99926883,0,0.997762,0.5868086555952113,2
4661.0,0.99841666,0,0.9976063,0.5926264018363863,2
4663.0,1.0018086,0,0.99343956,0.748269482102582,2
4666.0,1.0025043,0,0.9985458,0.5575306750856631,2
4669.0,1.0021921,0,1.0035986,0.3687912313004989,2
4673.0,1.0020657,0,0.99868816,0.552213882883625,2
4677.0,1.0004063,0,0.99803305,0.5766849310798565,2
4685.0,0.9933,0,1.0032376,0.3822746875716643,2
4693.0,0.99935853,0,1.0013897,0.4512994747775207,2
4697.0,1.0029508,0,0.9992465,0.5313586096187628,2
4700.0,1.0039612,0,1.000902,0.4695163901029293,2
4703.0,0.9992589,0,0.9923011,0.7907949138693022,2
4705.0,0.98233396,0,0.99178,0.8102608745989585,2
4709.0,0.995535,0,0.9996641,0.5157577876088462,2
4716.0,0.9979196,0,1.0031388,0.3859661622245031,2
4718.0,0.99751043,0,0.9945057,0.708444749222408,2
4721.0,1.007945,0,1.0063428,0.2662849025811379,2
4724.0,0.99880695,0,0.99486494,0.6950258603607314,2
4730.0,0.99680966,0,0.99937093,0.5267097561355738,2
4737.0,1.0007786,0,1.001241,0.4568567249183445,2
4755.0,0.9978307,0,1.0014985,0.4472384073669188,2
4770.0,0.9999254,0,0.9997526,0.5124537174129398,2
4776.0,1.0030516,0,1.0018915,0.4325571143266176,2
4782.0,0.9907142,0,0.99655604,0.6318566692567846,2
4791.0,1.0033946,0,1.0019945,0.4287097873060472,2
4793.0,0.99681705,0,0.9976911,0.5894581458466457,2
4798.0,1.0043796,0,0.9984031,0.5628630525244744,2
4803.0,1.0026358,0,0.9926673,0.7771155289072745,2
4818.0,1.007069,0,1.0026331,0.4048554691935531,2
4819.0,1.0042561,0,1.0003303,0.4908726174069283,2
4824.0,1.0035774,0,1.001297,0.4547638502659509,2
4825.0,1.0057107,0,1.0048305,0.3227747064965947,2
4828.0,0.9998763,0,1.0001127,0.4990036580777168,2
4831.0,0.9909223,0,1.0037712,0.3623433962012098,2
4833.0,0.9980297,0,0.9988788,0.5450936561406946,2
4840.0,0.9974669,0,0.9971281,0.6104870831784086,2
4844.0,1.0004033,0,1.000983,0.4664928541689395,2
4846.0,1.0002543,0,0.99779284,0.5856575745363949,2
4848.0,1.0005906,0,0.99620676,0.6449037388983019,2
4850.0,0.9986062,0,0.9955818,0.6682481971220747,2
4851.0,0.9984012,0,0.9990631,0.5382094344117575,2
4863.0,1.0080396,0,1.0015477,0.4453993494276879,2
4865.0,0.99821717,0,0.9974054,0.6001295801114568,2
4885.0,1.0035752,0,0.9988454,0.546340475082546,2
4886.0,1.003049,0,0.9971907,0.6081492976624372,2
4892.0,1.0070852,0,1.0046986,0.327699641316908,2
4903.0,1.001616,0,1.0052478,0.3071850167986587,2
4909.0,0.99845904,0,1.0049161,0.319577506495704,2
4910.0,1.0031981,0,0.99445057,0.7105042269388591,2
4916.0,1.0040219,0,1.0027714,0.3996900764344541,2
4923.0,1.0023075,0,1.0008576,0.4711773310504672,2
4933.0,1.0026244,0,1.000345,0.4903249076574721,2
4935.0,1.0020341,0,1.0032064,0.3834413538672538,2
4944.0,1.0035692,0,1.0044681,0.3363115978652679,2
4958.0,1.0007721,0,0.9981581,0.5720138129727058,2
4962.0,1.0019104,0,1.0000134,0.502712944429725,2
4965.0,0.99869233,0,1.0006069,0.4805418318887303,2
4969.0,1.0036024,0,1.0024922,0.4101188262980832,2
4973.0,1.0023072,0,1.001492,0.4474788653057044,2
4974.0,0.9977747,0,1.0074368,0.2254204117619556,2
4976.0,1.0012523,0,1.0013628,0.4523058357805866,2
4977.0,1.0015453,0,1.0051724,0.3100037181922016,2
4981.0,1.0024259,0,0.9976718,0.5901795196630026,2
4983.0,1.0022397,0,1.0022385,0.4195946502561545,2
4990.0,1.0029633,0,1.0028993,0.3949120881322875,2
4994.0,1.0029976,0,1.0033369,0.3785654012196561,2
4997.0,0.9931674,0,0.99927825,0.5301719051616078,2
5000.0,0.9992138,0,1.0010087,0.4655310224137969,2
5009.0,1.0029871,0,0.99951696,0.5212549232649735,2
5012.0,0.9976368,0,1.000041,0.5016798658779053,2
5013.0,1.0046058,0,0.99767435,0.5900837817799676,2
5014.0,1.0047326,0,0.9996651,0.5157221642105076,2
5015.0,0.999775,0,0.9991719,0.5341439140763632,2
5022.0,1.0055918,0,1.0039363,0.3561760953638373,2
5025.0,1.0047228,0,0.99929184,0.5296642717352825,2
5035.0,0.99883205,0,0.99613327,0.6476489670327713,2
5037.0,0.99784154,0,0.9997069,0.5141591876084008,2
5038.0,1.0042448,0,1.0013212,0.4538599065331086,2
5053.0,1.0040255,0,0.9979675,0.5791340397156362,2
5054.0,1.0039161,0,0.99805504,0.5758633664556723,2
5055.0,1.0003031,0,1.0034696,0.3736092959257965,2
5057.0,0.9944779,0,1.0014733,0.4481779744980997,2
5060.0,1.0001044,0,1.0025153,0.4092549588883718,2
5071.0,0.9983763,0,0.9964438,0.6360490979487602,2
5077.0,1.0027442,0,0.99883145,0.5468614672832484,2
5080.0,1.0016252,0,1.0029927,0.3914209950951033,2
5083.0,1.00652,0,1.0020322,0.4273026630716721,2
5086.0,1.0022606,0,1.000422,0.487448318241629,2
5088.0,0.9943434,0,0.99666214,0.6278935661916138,2
5109.0,1.0035322,0,0.99495053,0.6918286603598409,2
5111.0,1.0013002,0,0.99273705,0.7745105679037634,2
5112.0,1.0014756,0,1.0017983,0.4360393015142171,2
5124.0,1.0004436,0,0.99973845,0.5129813890008305,2
5140.0,1.0011259,0,1.0001017,0.499413327158611,2
5144.0,1.0023258,0,1.0042726,0.3436143945246837,2
5149.0,1.0026445,0,1.0025481,0.408030404570482,2
5151.0,0.99962884,0,1.0032424,0.3820965705799711,2
5153.0,1.0033224,0,1.001864,0.433585739953645,2
5155.0,1.0030698,0,1.0012645,0.4559794987342561,2
5156.0,1.0024313,0,0.99839914,0.5630099990426212,2
5158.0,1.0004224,0,0.9996709,0.5155039708956836,2
5162.0,1.0046836,0,1.0038633,0.3589012853367412,2
5167.0,1.0008143,0,1.0028967,0.3950100524777187,2
5170.0,0.99954194,0,0.9987017,0.551708475919696,2
5172.0,1.0019616,0,1.0013462,0.45292479232672,2
5180.0,0.9988793,0,0.9989419,0.5427358324631576,2
5217.0,1.0063846,0,1.0041881,0.3467715182024433,2
5229.0,1.0020747,0,0.99867594,0.5526703076748385,2
5233.0,1.0019981,0,0.99766654,0.590375448353865,2
5239.0,1.006046,0,1.0008173,0.4726824196302737,2
5240.0,0.9972907,0,1.0003909,0.4886105316124263,2
5242.0,0.99889493,0,1.0037894,0.3616620987079838,2
5251.0,1.0063301,0,0.99963725,0.5167619221495159,2
5254.0,1.0055406,0,1.0015854,0.4439922251933126,2
5259.0,0.99488246,0,0.9990993,0.5368557452748901,2
5261.0,0.98659825,0,1.0004355,0.4869451377400962,2
5267.0,0.9972264,0,1.0015664,0.4447002402352925,2
5272.0,1.0007576,0,1.003715,0.3644407237783957,2
5279.0,1.0035361,0,1.0031027,0.3873153984365781,2
5281.0,0.990652,0,0.99542975,0.6739279026946874,2
5283.0,0.99559444,0,0.9989014,0.5442476004301525,2
5288.0,0.99902576,0,0.9988102,0.5476563143586786,2
5293.0,1.0015669,0,0.99359745,0.7423715832151453,2
5302.0,0.9978967,0,0.9990903,0.5371919410967109,2
5305.0,1.0012684,0,1.0010734,0.4631175371763558,2
5307.0,0.98571765,0,0.99936837,0.5268054940186088,2
5315.0,0.9972776,0,1.0017159,0.4391162725457148,2
5317.0,1.0024483,0,1.003622,0.3679140051164106,2
5325.0,0.9961042,0,1.00292,0.3941372792184227,2
5331.0,1.0020295,0,1.0014493,0.4490730123813574,2
5344.0,0.99941355,0,0.99557424,0.6685309578463874,2
5354.0,1.0018846,0,1.00536,0.3029948145690793,2
5359.0,1.0007173,0,1.0016347,0.4421487143292893,2
5361.0,1.0001998,0,1.0027907,0.3989687026180971,2
5383.0,0.999145,0,1.0036043,0.3685774909104673,2
5389.0,0.9886842,0,1.0001374,0.4980774497209129,2
5395.0,0.9978977,0,1.001133,0.4608910747801925,2
5403.0,0.9998328,0,0.99962586,0.517187176467183,2
5408.0,1.0008304,0,0.99657977,0.6309705372231116,2
5415.0,0.9863456,0,0.9973418,0.6025052154881629,2
5417.0,0.99571496,0,1.0011985,0.4584419661444128,2
5420.0,1.0015025,0,1.0019797,0.4292619499802957,2
5430.0,1.0037872,0,1.0022017,0.4209706040169835,2
5434.0,1.0050814,0,1.0016172,0.4428032942737614,2
5437.0,1.0015862,0,0.99796283,0.5793077037825369,2
5438.0,1.0029433,0,1.0009375,0.4681938714396083,2
5441.0,0.988802,0,0.9946393,0.7034552469926059,2
5442.0,0.99636406,0,1.001132,0.4609266981785311,2
5443.0,1.0031881,0,0.99708265,0.6121858739866812,2
5447.0,1.0095942,0,1.0005561,0.4824387778502614,2
5454.0,0.99761146,0,1.0018116,0.4355405739374764,2
5459.0,1.0025645,0,1.0013814,0.4516111795129836,2
5461.0,0.99962276,0,1.0000192,0.502494751114901,2
5462.0,1.0069436,0,0.99825937,0.5682310533616243,2
5463.0,1.0035061,0,1.0041393,0.348592764442505,2
5464.0,0.9982875,0,0.9969587,0.6168169157707011,2
5468.0,1.0036335,0,1.0004684,0.4857161304974139,2
5472.0,0.99416155,0,1.0007827,0.4739737678200484,2
5476.0,1.0051408,0,1.0002702,0.493116891502261,2
5478.0,0.99766046,0,0.9993731,0.5266296034893119,2
5479.0,1.0007924,0,0.9997468,0.5126696842653675,2
5480.0,1.0051844,0,0.9976033,0.5927377249561944,2
5481.0,1.0012591,0,1.0032812,0.3806449170976727,2
5487.0,1.00384,0,1.0037457,0.3632963221067677,2
5496.0,1.0022986,0,0.99667406,0.6274482737123812,2
5497.0,0.99989855,0,0.99823576,0.569112732470505,2
5499.0,1.0040809,0,1.0066605,0.2544178580095871,2
5505.0,1.0019791,0,1.0011595,0.4598980725515036,2
5513.0,0.99902475,0,0.99967843,0.5152234366337669,2
5521.0,1.0029238,0,1.0024359,0.4122206068000614,2
5522.0,0.99599993,0,0.9982843,0.5673003920800279,2
5525.0,0.99860424,0,1.004413,0.3383688491193227,2
5528.0,1.0041759,0,1.0002681,0.4931970441485228,2
5530.0,1.0025388,0,0.997484,0.5971928762109172,2
5535.0,0.99586034,0,1.00433,0.3414680847747822,2
5537.0,1.0022275,0,0.9969576,0.616856992093832,2
5539.0,1.0036876,0,1.0001591,0.4972670174087095,2
5542.0,0.99817246,0,0.9971231,0.6106741060196863,2
5549.0,1.0022749,0,0.9963955,0.6378525324896525,2
5559.0,0.9987557,0,0.99929285,0.5296264218745477,2
5562.0,1.0029179,0,0.9981313,0.5730157210509793,2
5563.0,1.0040723,0,0.9981588,0.5719870954239519,2
5576.0,1.0038661,0,0.99522537,0.6815624422511316,2
5581.0,0.9983432,0,0.9976923,0.5894136165987225,2
5582.0,1.0034754,0,0.99823964,0.5689680124147543,2
5589.0,1.0026686,0,0.9980374,0.5765223993249367,2
5599.0,1.0026509,0,1.0039216,0.3567238051132935,2
5600.0,1.004681,0,1.006585,0.2572365594031299,2
5602.0,0.988638,0,0.9975752,0.5937863887447873,2
5608.0,1.0010258,0,1.0005196,0.4838013728367134,2
5614.0,1.0048518,0,1.0005304,0.4834006096054041,2
5615.0,1.002314,0,1.0042311,0.3451640123524133,2
5621.0,1.0036111,0,1.000326,0.4910329226994521,2
5626.0,0.99816847,0,1.0001332,0.4982377550134367,2
5633.0,1.0049988,0,1.0007981,0.4733993405218383,2
5634.0,0.9973026,0,1.0038015,0.3612123533039588,2
5647.0,0.9941425,0,1.0051557,0.3106271276631273,2
5654.0,1.0021586,0,1.0046474,0.3296143989776084,2
5655.0,0.9992083,0,0.9994417,0.5240669452713278,2
5659.0,0.9966599,0,1.0046054,0.3311818285045075,2
5676.0,1.002089,0,1.0006593,0.4785825449801065,2
5677.0,0.9998425,0,1.0052369,0.3075946858795528,2
5683.0,1.0015924,0,0.9983933,0.5632281923574451,2
5690.0,1.0023693,0,0.9973221,0.603242174541293,2
5691.0,1.0071535,0,1.0015104,0.4467931148876861,2
5692.0,1.0047103,0,0.9959938,0.6528588890397935,2
5707.0,0.99205446,0,1.00027,0.4931257973518456,2
5708.0,0.9975217,0,1.002003,0.4283936296457921,2
5710.0,1.0033915,0,1.0011263,0.4611404385685628,2
5711.0,1.0013835,0,1.0010562,0.4637587583464508,2
5712.0,1.0046486,0,1.0082935,0.1934172412795034,2
5713.0,1.0017679,0,0.9976724,0.590157255039041,2
5718.0,0.99782413,0,0.9991405,0.5353172597591414,2
5719.0,0.99918765,0,1.000028,0.5021652346802689,2
5720.0,1.0039961,0,0.9949114,0.6932914461541202,2
5726.0,1.000239,0,1.0020767,0.4256372691993418,2
5727.0,1.006102,0,1.0051523,0.3107518095573125,2
5744.0,1.0014526,0,0.99938583,0.526153140536533,2
5749.0,1.0116073,0,0.9982708,0.5678035725815609,2
5753.0,0.99072975,0,0.99839157,0.5632927597669339,2
5756.0,1.0037975,0,1.0050727,0.3137263633185867,2
5758.0,1.0038736,0,1.0001981,0.4958109110016186,2
5761.0,0.99620515,0,0.99694526,0.6173178698098378,2
5765.0,1.0003028,0,1.0021425,0.4231792547139775,2
5777.0,1.0024669,0,1.0001118,0.4990348285512631,2
5781.0,1.0045323,0,1.0018775,0.4330781065273198,2
5782.0,1.0004958,0,1.000241,0.494207858076381,2
5787.0,1.0003868,0,0.9965797,0.6309727636855078,2
5792.0,0.99761677,0,1.0052242,0.3080666959075394,2
5812.0,1.0041398,0,1.0013248,0.4537263187893388,2
5814.0,1.0053895,0,1.0038594,0.3590482318548881,2
5820.0,0.9931139,0,0.99684256,0.6211540645184273,2
5827.0,1.0020596,0,1.0013124,0.4541894229677408,2
5836.0,0.999314,0,0.99735886,0.6018684472428604,2
5845.0,0.9981851,0,1.0050277,0.3154095688900862,2
5851.0,0.99354523,0,0.9945989,0.7049625620348086,2
5854.0,1.005985,0,1.0022457,0.4193274747686148,2
5856.0,1.003598,0,0.99646735,0.6351696453022757,2
5857.0,0.9873836,0,1.0027194,0.4016315516439085,2
5859.0,0.9927631,0,0.9998106,0.5102873695014728,2
5868.0,1.0009282,0,0.99844015,0.5614781929140608,2
5872.0,1.0108596,0,0.9994918,0.5221944903961544,2
5875.0,1.0004066,0,1.0012991,0.4546836976196891,2
5880.0,1.0038851,0,0.9963375,0.6400211068635157,2
5881.0,1.0045542,0,1.0100222,0.1288453788659737,2
5885.0,1.0029461,0,1.0034927,0.372745428516085,2
5886.0,1.0001048,0,1.0073338,0.2292677387825258,2
5892.0,0.9991105,0,0.99672943,0.6253798901463454,2
5902.0,1.0069098,0,1.0088625,0.1721634312457279,2
5906.0,1.0053682,0,1.0046294,0.3302867906212497,2
5907.0,1.0024452,0,0.9961371,0.6475064734394169,2
5908.0,1.0023649,0,1.003707,0.3647390697394816,2
5911.0,1.0044308,0,1.0026591,0.4038847315888259,2
5926.0,0.9990755,0,0.9979623,0.5793277419441024,2
5928.0,0.993294,0,0.9984711,0.560322658930452,2
5930.0,0.99999714,0,0.99753743,0.5951979659039548,2
5935.0,0.99266934,0,0.99664336,0.6285949018464052,2
5936.0,1.0066042,0,0.9971735,0.6087927452949283,2
5937.0,1.002911,0,1.000842,0.471760664198262,2
5942.0,1.003988,0,1.0022343,0.4197505026238859,2
5947.0,0.9932316,0,1.0000652,0.500775922145063,2
5954.0,0.9986971,0,0.9995878,0.5186098859383315,2
5956.0,0.99978185,0,0.99664193,0.6286483369439132,2
5962.0,0.99689704,0,0.99932724,0.5283417530719615,2
5963.0,1.0084633,0,1.005045,0.3147594418704065,2
5970.0,1.00288,0,0.99947554,0.5228023146303071,2
5973.0,1.0004728,0,1.0041338,0.3487975989829519,2
5974.0,0.9968993,0,1.0029973,0.391251783952995,2
5977.0,1.0074419,0,1.0047348,0.3263504051048329,2
5984.0,1.0082024,0,1.0033233,0.3790730346459813,2
5985.0,1.0017297,0,0.99812305,0.5733229728616498,2
5988.0,0.9984761,0,1.0012943,0.4548662675361744,2
5990.0,1.0025965,0,1.0023496,0.415444524349706,2
5997.0,1.0032277,0,0.99951375,0.5213751522343664,2
6003.0,0.99962354,0,1.0058707,0.2839184847587517,2
6015.0,0.979927,0,1.0004128,0.4877911934506382,2
6016.0,1.0034953,0,1.0040802,0.350801415139499,2
6024.0,0.9951454,0,0.99997276,0.5042291653215123,2
6028.0,1.0073997,0,1.0044705,0.3362225393694213,2
6035.0,0.99826753,0,1.00177,0.4370946446899985,2
6036.0,1.0050195,0,0.99397665,0.728206829450754,2
6040.0,0.9943491,0,1.0005027,0.4844336881572239,2
6043.0,1.0056704,0,1.0073506,0.2286398763868077,2
6051.0,1.0018026,0,1.0020212,0.4277123321525661,2
6075.0,1.0016598,0,1.0023245,0.4163840914808869,2
6079.0,1.0005405,0,1.0022709,0.4183834547126416,2
6082.0,0.9988495,0,1.0028775,0.3957269733692833,2
6083.0,1.0052841,0,0.9957855,0.6606403751143846,2
6088.0,1.0029501,0,0.99594873,0.654542094611293,2
6096.0,1.0011355,0,1.004237,0.344941366112797,2
6104.0,0.9992448,0,1.0009047,0.4694184257574981,2
6110.0,1.0041561,0,1.0011212,0.4613319143346328,2
6116.0,1.0034032,0,0.99567723,0.6646836308258172,2
6120.0,0.99791837,0,1.005382,0.3021754764072912,2
6126.0,0.9832137,0,1.0010129,0.4653751700460655,2
6127.0,1.0029081,0,0.99768543,0.5896696597742812,2
6132.0,0.9972813,0,0.9976648,0.5904400157633538,2
6134.0,1.0004265,0,0.99608195,0.649565951155868,2
6137.0,0.99217236,0,1.0010906,0.4624718630814685,2
6138.0,0.99806446,0,0.99808604,0.5747056060096674,2
6145.0,1.0020638,0,1.0083885,0.189868260220019,2
6154.0,0.9997208,0,1.0033352,0.3786277421667486,2
6158.0,1.0013833,0,1.0020927,0.42504057727717,2
6164.0,0.9979326,0,1.000752,0.4751226224164687,2
6170.0,0.9972784,0,1.0008565,0.4712174073735982,2
6171.0,1.0030056,0,0.9982166,0.5698274268996734,2
6182.0,0.9999297,0,1.0016414,0.441899350540919,2
6194.0,0.99923235,0,1.0015103,0.4467975678124785,2
6201.0,0.9989301,0,1.0057449,0.2886163204146563,2
6203.0,1.003981,0,0.99668854,0.6269072433501135,2
6204.0,1.0023494,0,1.0035053,0.3722734184880985,2
6211.0,0.99838984,0,0.9979036,0.5815208074043233,2
6212.0,0.9944682,0,1.006132,0.2741576736139715,2
6229.0,1.0030621,0,1.0013863,0.4514286095964982,2
6231.0,1.0049367,0,0.99667215,0.6275195205090583,2
6241.0,1.0029093,0,1.0019823,0.4291639856348646,2
6247.0,1.0001951,0,1.0057214,0.2894935465987447,2
6249.0,1.004826,0,1.0027574,0.4002110686351563,2
6253.0,1.0028225,0,0.99954784,0.5201016157437609,2
6255.0,1.0015514,0,0.99768215,0.5897921152060702,2
6256.0,1.0015815,0,1.0040071,0.3535310580371953,2
6264.0,1.0036893,0,1.0001401,0.4979794853754817,2
6266.0,1.0012728,0,1.0020266,0.4275119505369114,2
6272.0,1.000337,0,0.9970586,0.6130853647947313,2
6273.0,0.98713183,0,0.9966794,0.6272478920967264,2
6277.0,1.0009679,0,1.002819,0.3979133594423156,2
6279.0,1.0036669,0,1.0020376,0.427097828531225,2
6284.0,0.99551326,0,0.9976129,0.592379264510412,2
6285.0,1.0035973,0,1.0054374,0.3001048663788592,2
6295.0,1.005423,0,1.0054257,0.3005412530085073,2
6301.0,0.99707997,0,0.9939688,0.7285007224870476,2
6302.0,1.0017418,0,0.9940924,0.7238830394774047,2
6307.0,1.0019512,0,1.0029219,0.3940660324217454,2
6315.0,1.0032037,0,1.0052491,0.3071360346259432,2
6318.0,0.9871006,0,1.0041742,0.3472880574783532,2
6319.0,0.9987357,0,1.0013903,0.4512772101535591,2
6326.0,0.9991782,0,0.99734855,0.6022536252373966,2
6330.0,0.9906122,0,0.99629074,0.6417666533821077,2
6331.0,1.0020415,0,1.0004568,0.4861480642022696,2
6338.0,1.002631,0,0.9987588,0.5495755249441714,2
6342.0,0.9984413,0,0.9998778,0.5077759199186005,2
6347.0,1.0033566,0,1.0026714,0.4034260803352162,2
6351.0,1.0099096,0,1.0102687,0.1196367303954419,2
6354.0,1.0036399,0,0.99916077,0.5345602625444458,2
6364.0,0.99973917,0,0.99675226,0.6245271550486148,2
6366.0,1.0032665,0,1.0039496,0.3556773677870968,2
6373.0,0.9919799,0,0.9947769,0.6983143453198647,2
6392.0,1.0010656,0,0.9982012,0.5704040806602797,2
6395.0,1.0003784,0,1.0010091,0.4655176636394199,2
6398.0,0.97963005,0,1.0018599,0.4337371393965842,2
6404.0,1.0023354,0,1.0011059,0.4619018887080507,2
6408.0,1.0028137,0,0.99118036,0.8326590863043619,2
6424.0,1.0010546,0,0.9951155,0.6856658124472607,2
6427.0,1.000761,0,1.002269,0.4184547015093188,2
6428.0,1.0030984,0,1.0034684,0.3736538251737197,2
6435.0,0.9941239,0,1.0001276,0.4984470424786761,2
6439.0,0.9980974,0,1.0024773,0.4106754418971241,2
6444.0,0.9996342,0,1.0067014,0.2528905048058191,2
6469.0,1.0045462,0,1.003125,0.386482701500413,2
6486.0,1.0033745,0,1.0058049,0.286376499244116,2
6499.0,1.0023708,0,1.0045941,0.3316048563597785,2
6503.0,1.0006951,0,0.9984253,0.5620325820507055,2
6505.0,0.99767154,0,1.00513,0.3115845064934776,2
6507.0,1.002691,0,1.0001268,0.49847376002743,2
6512.0,1.0090657,0,1.0010394,0.4643866207421689,2
6513.0,1.0047855,0,1.0040479,0.3520081577582196,2
6515.0,1.0001963,0,1.0047883,0.3243510418730783,2
6528.0,1.0050004,0,1.0027988,0.3986659037322189,2
6548.0,0.9967168,0,0.9995461,0.5201661831532496,2
6553.0,1.0032551,0,1.000323,0.4911442458192602,2
6564.0,1.0029156,0,1.000701,0.4770284742275845,2
6565.0,1.0040425,0,1.0031995,0.3836996235052088,2
6566.0,1.0034821,0,1.0048436,0.3222848847694387,2
6584.0,0.9961352,0,1.0026789,0.4031455460732995,2
6590.0,0.9957725,0,0.98942107,0.8983753503895195,2
6594.0,1.0015396,0,1.0071665,0.2355151922661602,2
6600.0,1.0050529,0,1.0030369,0.3897734129219424,2
6603.0,0.9979372,0,0.9994651,0.5231919455496357,2
6606.0,1.0059031,0,1.0029941,0.3913720129223877,2
6612.0,1.0012865,0,1.0039474,0.3557619733581509,2
6616.0,1.0016189,0,1.0017527,0.4377403187848858,2
6660.0,0.99870265,0,0.99911803,0.5361566360824949,2
6665.0,1.0010631,0,1.0071045,0.2378307131581701,2
6668.0,1.0056334,0,0.9973022,0.6039858129816116,2
6669.0,1.0026833,0,0.99820775,0.5701591697967017,2
6674.0,0.99398196,0,0.99698585,0.6158016489180507,2
6682.0,0.99708086,0,1.0032129,0.3831964430036758,2
6696.0,0.98524344,0,1.0101609,0.1236621744077053,2
6699.0,0.9997141,0,1.003057,0.3890208686320392,2
6700.0,1.0046706,0,0.9930592,0.7624765386525004,2
6711.0,1.0072854,0,1.0013225,0.453810924360393,2
6717.0,0.9973394,0,1.0034922,0.3727632402152544,2
6720.0,0.9935945,0,1.0028365,0.3972587794978437,2
6721.0,0.998798,0,0.9972786,0.6048674920904924,2
6724.0,1.0003729,0,1.0010575,0.4637097761737353,2
6728.0,1.0040865,0,1.0040915,0.350378387284228,2
6729.0,1.0012411,0,1.0014837,0.4477905700411673,2
6730.0,0.99700266,0,0.99660724,0.6299441380584803,2
6731.0,1.0040969,0,0.99694437,0.6173512667457803,2
6736.0,0.9991982,0,0.999941,0.5054158697786674,2
6737.0,1.0069367,0,1.0014415,0.4493669054176509,2
6739.0,1.0016992,0,0.9985304,0.5581073288462695,2
6747.0,1.0040419,0,1.0013176,0.4539934942768784,2
6752.0,1.0036047,0,1.005044,0.3147995181935374,2
6755.0,0.9831453,0,0.99770796,0.5888280569885315,2
6764.0,0.9989895,0,0.9969232,0.6181416608964183,2
6772.0,0.9974624,0,0.9971889,0.608216091534322,2
6773.0,1.002675,0,0.9981159,0.5735901483491894,2
6777.0,0.98996896,0,0.9952826,0.6794250383508147,2
6788.0,1.0043079,0,1.0011581,0.4599515076490116,2
6792.0,1.0018846,0,0.9979097,0.5812914817775185,2
6800.0,0.99472386,0,1.0018682,0.4334254346611212,2
6801.0,0.9997193,0,0.9975493,0.5947548998871184,2
6803.0,0.9971461,0,1.0005342,0.4832581160120496,2
6809.0,1.0016297,0,0.9969678,0.6164762670240881,2
6814.0,1.0043985,0,0.9958443,0.6584428567293712,2
6826.0,0.9868303,0,0.99918073,0.5338143976417311,2
6830.0,1.0116953,0,1.0031928,0.383948987293579,2
6836.0,1.0000952,0,0.9957337,0.6625751709366505,2
6845.0,1.0031043,0,1.0032519,0.381740336596585,2
6848.0,0.99849564,0,1.002377,0.4144203516474708,2
6851.0,1.0021371,0,1.0001723,0.4967771956815535,2
6859.0,1.004795,0,1.000656,0.4787072268742917,2
6866.0,1.0033398,0,1.0022553,0.4189667878604364,2
6874.0,0.99728185,0,1.005815,0.2859980006367683,2
6876.0,0.99710083,0,0.9964399,0.636196044466907,2
6878.0,1.002318,0,0.9977551,0.5870669252331663,2
6881.0,1.0069014,0,0.9964999,0.6339539968339705,2
6891.0,0.9929739,0,0.9996581,0.5159826603108586,2
6893.0,0.99976784,0,1.0011528,0.4601518892646662,2
6901.0,1.0043474,0,1.0034618,0.3738987360372977,2
6906.0,1.0032929,0,1.0009117,0.4691557031947508,2
6907.0,1.0008684,0,0.99963534,0.5168331689461931,2
6912.0,1.0028738,0,1.0007908,0.4736709689341701,2
6919.0,0.9962879,0,0.9959088,0.6560338244167225,2
6921.0,0.99953485,0,0.99871016,0.5513923182594407,2
6934.0,0.993543,0,0.9968908,0.6193528564399311,2
6937.0,0.99983877,0,0.99638075,0.6384046951639011,2
6938.0,0.9965187,0,1.0012869,0.4551423488732987,2
6943.0,1.000372,0,1.0033228,0.3790908463451506,2
6947.0,1.0041167,0,1.0037528,0.3630291466192281,2
6948.0,0.99624705,0,0.99811214,0.5737304154801477,2
6955.0,1.0006341,0,0.99972284,0.5135647221486253,2
6957.0,1.0092834,0,1.0016412,0.4419082563905037,2
6958.0,0.9990144,0,1.0028722,0.3959229020601457,2
6962.0,1.0002285,0,1.0012323,0.4571817884281843,2
6968.0,1.0033443,0,1.0004281,0.4872212190772204,2
6974.0,1.0070282,0,1.0001849,0.4963051856535668,2
6975.0,1.0048231,0,1.0050855,0.3132499003658078,2
6976.0,1.001461,0,1.0004957,0.4846964107199711,2
6983.0,1.0059726,0,0.99992335,0.5060749026479316,2
6985.0,1.0022724,0,1.0035664,0.3699935209944271,2
6989.0,1.000568,0,1.0004251,0.4873325421970286,2
6991.0,1.000505,0,1.0046282,0.3303313198691731,2
6995.0,0.9995373,0,0.99875027,0.5498939090668229,2
6998.0,0.99621636,0,0.99549216,0.6715967965659044,2
7002.0,1.0021789,0,0.99735457,0.602028752535384,2
7005.0,0.9982425,0,1.003025,0.3902142524763827,2
7022.0,0.9886291,0,0.99971104,0.5140055617030657,2
7023.0,1.0050997,0,1.002907,0.3946226480207863,2
7032.0,1.0067964,0,1.0008204,0.4725666435856731,2
7043.0,1.0003601,0,0.99495274,0.6917462812511828,2
7045.0,1.0052013,0,0.99773884,0.5876747494673189,2
7049.0,1.0062704,0,1.0069247,0.2445457237449988,2
7050.0,1.000023,0,1.0035524,0.3705145131951294,2
7053.0,1.0045505,0,1.0050656,0.3139935388061263,2
7065.0,0.99626863,0,0.99982417,0.5097797360751475,2
7068.0,1.0056769,0,1.0029142,0.3943554725332466,2
7075.0,0.99927205,0,1.0018524,0.4340176736585007,2
7086.0,1.0032576,0,0.999779,0.5114673945714394,2
7095.0,0.99452525,0,0.9990059,0.5403446118496782,2
7100.0,0.999311,0,0.9990187,0.539865922434503,2
7109.0,0.99491704,0,0.99913424,0.5355510383107385,2
7111.0,1.0043,0,1.0042268,0.3453243176449371,2
7115.0,0.9994768,0,0.9981219,0.573365275647177,2
7116.0,0.99770945,0,1.0028211,0.3978332067960538,2
7120.0,1.0001137,0,0.9962044,0.6449927973941484,2
7126.0,0.99804735,0,1.001933,0.4310074964988879,2
7129.0,0.99640274,0,1.0074579,0.2246322440737137,2
7131.0,1.0078017,0,1.0038341,0.3599922519108613,2
7143.0,1.0043501,0,1.0014164,0.4503020196240396,2
7146.0,1.0011467,0,1.004508,0.3348198680598384,2
7149.0,1.0012107,0,0.9943464,0.7143960832073526,2
7155.0,1.0020628,0,1.0014054,0.4507161416297259,2
7157.0,1.0044324,0,1.0039449,0.3558554847787898,2
7163.0,1.0029942,0,1.001953,0.430259405133777,2
7164.0,1.0053146,0,1.000913,0.4691067210220353,2
7165.0,1.0008911,0,1.0037224,0.3641646424412714,2
7170.0,1.002966,0,1.0010298,0.4647428547255551,2
7172.0,1.0055178,0,1.0029562,0.3927880430063476,2
7173.0,1.0022004,0,1.0012963,0.4547905678147048,2
7174.0,1.0089158,0,1.0017104,0.4393211070861619,2
7176.0,0.99654895,0,0.999192,0.5333935962488561,2
7181.0,1.0046557,0,0.99824375,0.5688143865094191,2
7186.0,1.0004654,0,1.0013088,0.4543230107115106,2
7189.0,0.9987881,0,1.0009208,0.4688172809105341,2
7199.0,1.0058455,0,1.0007368,0.4756881438650941,2
7200.0,0.99969107,0,0.99964315,0.5165415023722957,2
7204.0,1.0016398,0,1.0005275,0.4835074798004198,2
7206.0,0.9808564,0,0.99583614,0.6587478820776457,2
7214.0,0.9980743,0,0.9955244,0.6703922804095801,2
7216.0,0.9977553,0,1.0014371,0.449531663634967,2
7221.0,1.0047075,0,1.0066496,0.2548230741656888,2
7223.0,1.0027255,0,0.99906665,0.5380758466679877,2
7237.0,1.0043285,0,0.99907744,0.5376728569742821,2
7242.0,0.9955074,0,0.9995147,0.5213395288360277,2
7249.0,1.00151,0,1.0028775,0.3957269733692833,2
7276.0,1.0009375,0,1.0012254,0.4574400580661393,2
7279.0,1.0028212,0,1.003352,0.3779998797710305,2
7281.0,1.0054748,0,0.99891746,0.5436486820455846,2
7285.0,0.9901598,0,0.9926115,0.7791994977100835,2
7286.0,1.0080078,0,0.99624544,0.6434587648031919,2
7314.0,0.9970043,0,0.9990358,0.5392291541892003,2
7336.0,0.9984926,0,1.0007228,0.4762135889905887,2
7337.0,1.0012358,0,0.9982239,0.5695557984873414,2
7351.0,1.0055512,0,1.0042057,0.3461124853331789,2
7356.0,1.0016304,0,1.0041361,0.3487129934118977,2
7364.0,0.9955183,0,1.0002711,0.4930857210287147,2
7369.0,1.0033755,0,0.9950211,0.6891925288827834,2
7371.0,1.0043751,0,0.9967037,0.626341721901488,2
7373.0,0.9816473,0,0.9971866,0.6083029235677724,2
7377.0,0.9933143,0,1.0003206,0.491237757239899,2
7378.0,0.98113436,0,0.995339,0.6773188049240442,2
7379.0,1.0049096,0,1.0059804,0.2798217939498111,2
7389.0,1.0038608,0,1.005383,0.3021354000841603,2
7391.0,1.0014752,0,0.9984176,0.5623197956998105,2
7392.0,0.9960877,0,0.99925494,0.5310424519585076,2
7393.0,0.99873143,0,0.9982713,0.5677857608823915,2
7399.0,1.0038636,0,0.99827564,0.5676232291274717,2
7401.0,0.99888444,0,1.0002198,0.4950004786894152,2
7406.0,1.0042684,0,0.9982513,0.5685316257851063,2
7407.0,0.9972827,0,0.99722266,0.6069559138180936,2
7410.0,0.99728787,0,0.99370086,0.7385086709578019,2
7412.0,0.99659073,0,0.99955547,0.519816628557052,2
7414.0,1.0024714,0,0.99702454,0.6143566748229405,2
7415.0,0.9936674,0,0.99891764,0.5436420026583961,2
7433.0,1.0055486,0,0.99487823,0.694529359246387,2
7434.0,0.9985069,0,1.0020753,0.4256907042968497,2
7435.0,1.003972,0,1.0035542,0.3704477193232445,2
7436.0,1.0040683,0,1.0016098,0.4430793756108856,2
7441.0,1.0042831,0,1.0037396,0.3635234212711764,2
7453.0,1.0048494,0,1.0020008,0.428473782292054,2
7457.0,1.0056607,0,1.006061,0.2768116167901981,2
7458.0,0.9908276,0,1.0015377,0.4457733951102433,2
7459.0,1.0020645,0,0.9956453,0.6658770146701607,2
7462.0,0.9984378,0,0.99964774,0.5163700647677911,2
7477.0,1.0016172,0,0.9983883,0.5634152151987228,2
7480.0,0.99585104,0,1.0068649,0.2467810919907468,2
7481.0,1.0011823,0,0.99428415,0.7167205099489472,2
7489.0,0.994773,0,0.9980723,0.5752176923607848,2
7493.0,1.0074383,0,1.003297,0.3800571310250855,2
7494.0,1.0046209,0,1.0000037,0.5030736313379035,2
7501.0,1.00293,0,0.99902767,0.5395319530750786,2
7507.0,0.9996845,0,0.99931616,0.5287558750776479,2
7508.0,0.9988618,0,1.0039515,0.3556061209904195,2
7511.0,0.9951295,0,0.9977845,0.5859692792718577,2
7512.0,1.0065852,0,0.9969944,0.6154832647953992,2
7514.0,1.0010151,0,1.0040001,0.3537937805999426,2
7515.0,1.0006058,0,1.0001392,0.498010655849028,2
7521.0,0.9973428,0,1.0033886,0.3766328318597863,2
7524.0,1.0023911,0,1.0070448,0.2400616284791258,2
7530.0,1.0019145,0,0.99700767,0.6149867636810549,2
7532.0,1.0036879,0,1.0027591,0.4001487276880637,2
7543.0,1.0023575,0,1.005346,0.3035202596945738,2
7554.0,1.001272,0,1.0026987,0.4024063605577733,2
7555.0,1.0072849,0,1.0051942,0.3091888329552058,2
7564.0,0.9991484,0,0.99974096,0.5128878775801916,2
7568.0,1.0012623,0,0.9997944,0.5108907408108331,2
7576.0,1.0050443,0,1.0006435,0.479174783977486,2
7579.0,1.0089121,0,1.0016688,0.4408751778386839,2
7585.0,0.99756503,0,0.9964271,0.636672507419686,2
7588.0,0.99446446,0,1.0018325,0.4347613120988193,2
7599.0,1.0034114,0,1.0003281,0.4909572229779825,2
7601.0,1.0061532,0,1.001238,0.4569680480381526,2
7609.0,0.99671006,0,1.0016147,0.4428968056944002,2
7611.0,1.002002,0,1.0014521,0.4489705951111339,2
7613.0,1.0022466,0,1.0000142,0.5026817739561787,2
7617.0,1.0056715,0,1.0025162,0.4092237884148255,2
7627.0,0.99994737,0,0.9948107,0.6970519411412401,2
7629.0,0.99165255,0,1.0011866,0.4588872586236454,2
7630.0,1.001133,0,1.0033156,0.3793624747574826,2
7642.0,1.0006387,0,0.99888223,0.5449645213217171,2
7651.0,0.9990075,0,0.997029,0.6141896901432283,2
7667.0,1.0047498,0,1.0065851,0.2572321064783376,2
7669.0,1.0071315,0,1.0023086,0.4169763304782664,2
7672.0,1.0045202,0,1.0002254,0.4947911912241758,2
7677.0,0.99750835,0,1.0035194,0.3717479733626039,2
7679.0,0.99884176,0,0.99962014,0.5174009168572147,2
7684.0,1.0003649,0,1.0043566,0.3404750825460934,2
7688.0,1.0106735,0,1.0000169,0.5025793566859553,2
7690.0,0.99533653,0,1.0044886,0.3355456948009876,2
7699.0,0.9809172,0,0.99617064,0.6462529751103769,2
7702.0,0.99917746,0,0.99494356,0.692089156460192,2
7713.0,1.0025066,0,0.996054,0.6506101620196686,2
7721.0,0.99704415,0,0.9974362,0.5989784990526402,2
7726.0,1.0010841,0,0.99973416,0.5131416942933542,2
7727.0,0.9997476,0,1.0066187,0.2559763816869015,2
7732.0,0.9993219,0,0.9985283,0.5581852550301352,2
7736.0,0.9928416,0,1.0029198,0.3941461850680072,2
7742.0,1.0039142,0,0.9999847,0.5037838728422797,2
7744.0,1.0039496,0,1.00249,0.4101989789443451,2
7756.0,1.0030698,0,1.0087563,0.1761309872356911,2
7758.0,1.0024434,0,1.002459,0.4113567393903501,2
7761.0,0.99825895,0,1.0025642,0.4074292597235178,2
7763.0,0.99631053,0,1.0013301,0.453525937173684,2
7774.0,0.99221313,0,0.9987616,0.5494708812115519,2
7786.0,0.9980529,0,1.004074,0.3510329672287,2
7800.0,1.0015328,0,1.000857,0.4711995956744288,2
7804.0,1.0026985,0,1.0029222,0.3940571265721607,2
7805.0,0.9983679,0,1.003109,0.3870793934225848,2
7806.0,1.0006723,0,1.0043719,0.3399051081726755,2
7807.0,1.000494,0,1.001696,0.4398599109860334,2
7811.0,1.0019585,0,1.0008788,0.470384710437433,2
7818.0,1.0037136,0,1.0009574,0.4674502329992898,2
7829.0,1.002982,0,0.9986227,0.5546585385946123,2
7832.0,1.006688,0,1.000526,0.4835653678227202,2
7833.0,1.0014716,0,1.0021455,0.4230679315941693,2
7835.0,1.0034553,0,0.99380356,0.7346724762492124,2
7844.0,1.0031186,0,1.0058241,0.2856595783525514,2
7851.0,1.0028821,0,1.0031027,0.3873153984365781,2
7854.0,1.0060371,0,1.0017738,0.4369521510966441,2
7860.0,0.99850565,0,1.0016055,0.4432396809034093,2
7867.0,0.98487806,0,0.999664,0.5157622405336385,2
7870.0,0.9978453,0,1.0019997,0.4285138586151849,2
7875.0,1.0023429,0,1.0021466,0.4230278552710383,2
7876.0,0.9908003,0,1.0033365,0.3785787599940331,2
7877.0,0.9901145,0,1.005118,0.3120342518975025,2
7878.0,1.0053911,0,1.0000912,0.4998051845403357,2
7888.0,1.000268,0,1.0063474,0.2661112385142371,2
7895.0,1.0026067,0,1.0016679,0.4409108012370225,2
7904.0,1.0022304,0,0.99818695,0.5709362051729627,2
7915.0,0.99734306,0,0.99557513,0.668497560910445,2
7919.0,1.0002367,0,1.0041844,0.3469095588710055,2
7931.0,1.0049742,0,1.0016057,0.4432307750538247,2
7937.0,0.9979222,0,1.0029919,0.3914521655686496,2
7949.0,1.0025926,0,1.0039334,0.3562829655588532,2
7970.0,0.99865097,0,1.0001954,0.4959133282718422,2
7978.0,1.0012041,0,1.0075501,0.2211856802844528,2
7980.0,1.0027393,0,1.0028664,0.3961410953749696,2
7981.0,1.0005819,0,1.0022161,0.4204318001171119,2
7984.0,0.9998958,0,1.0009618,0.4672854747819737,2
7985.0,1.0007956,0,0.9983785,0.5637803550316938,2
7988.0,1.0002286,0,0.9993998,0.5256321483358306,2
7999.0,1.002474,0,1.0061771,0.272474468042472,2
8003.0,1.002343,0,1.0052937,0.3054706407536129,2
8006.0,1.001961,0,1.0022885,0.4177288747681695,2
8011.0,0.99832606,0,0.99866605,0.5530399004326016,2
8013.0,1.0017248,0,1.0002525,0.4937803772963176,2
8017.0,1.0007979,0,1.0015417,0.4456219956673042,2
8037.0,1.0062869,0,1.0057598,0.2880597048156155,2
8041.0,1.00312,0,1.0018618,0.4336658925999069,2
8046.0,0.9937499,0,0.99494,0.6922227442039618,2
8049.0,1.0002134,0,0.9998146,0.5101359700585337,2
8050.0,0.9995669,0,1.0030105,0.3907575093010467,2
8054.0,1.0043045,0,0.99481046,0.6970608469908248,2
8056.0,0.99280393,0,1.0021544,0.4227384151595371,2
8067.0,1.0022697,0,0.9953224,0.6779377614701776,2
8070.0,1.0095432,0,0.99921507,0.532531955301541,2
8075.0,1.0028831,0,1.003931,0.3563720240546997,2
8078.0,1.0013032,0,0.994403,0.7122809439309975,2
8079.0,1.0028955,0,0.9988089,0.547703070068998,2
8082.0,0.9951144,0,0.99631643,0.6408070480893613,2
8083.0,1.0071254,0,1.0031134,0.3869146352052687,2
8084.0,1.0025381,0,1.0003889,0.4886862313338959,2
8089.0,0.99365675,0,0.99698174,0.6159552748233859,2
8090.0,1.0019957,0,1.0026481,0.4042944006697199,2
8098.0,1.0071117,0,1.000699,0.4770997210242618,2
8102.0,0.99373937,0,1.0047047,0.3274725421524993,2
8103.0,0.9985132,0,1.0024575,0.4114146274126503,2
8104.0,0.9961741,0,0.99804413,0.5762708090741702,2
8105.0,1.001628,0,1.0033343,0.3786633655650873,2
8107.0,1.0035008,0,0.9990109,0.5401575890084005,2
8112.0,0.99960554,0,1.0025076,0.409544398999873,2
8121.0,1.0032007,0,0.991324,0.8272933119296082,2
8122.0,1.0073185,0,0.99607974,0.649648330264526,2
8124.0,0.9989272,0,0.9974862,0.5971127235646554,2
8126.0,0.99823326,0,0.9978366,0.584023351137611,2
8132.0,0.9961771,0,1.0003511,0.4900978084930635,2
8133.0,0.9981415,0,1.0075526,0.221092168863814,2
8140.0,1.0027608,0,0.99815255,0.572220873975549,2
8145.0,1.0054239,0,1.0035433,0.3708573884041385,2
8148.0,0.9973736,0,1.0005977,0.4808847070977394,2
8164.0,1.0031605,0,1.0030196,0.3904190870168298,2
8165.0,1.0033281,0,1.0006164,0.4801855979053442,2
8169.0,1.0061127,0,1.0002273,0.4947199444274985,2
8170.0,1.001154,0,0.99862957,0.5544024954190536,2
8172.0,1.0055144,0,1.001759,0.4375043137708926,2
8189.0,1.0046594,0,1.001169,0.4595462914929098,2
8197.0,1.0017269,0,1.0003066,0.4917587494406013,2
8204.0,1.0068926,0,1.0028114,0.3981938937042323,2
8205.0,1.0049106,0,0.99729633,0.6042040062964357,2
8206.0,0.9980237,0,1.00023,0.4946219800820673,2
8210.0,0.9996573,0,1.0003939,0.4884992084926182,2
8211.0,1.0031368,0,0.99967545,0.5153347597535751,2
8213.0,1.0000801,0,1.0050939,0.3129337427055525,2
8215.0,0.9985876,0,0.99840033,0.562965469794698,2
8216.0,0.9975766,0,1.0010091,0.4655176636394199,2
8217.0,1.0069269,0,1.0060015,0.2790336262615692,2
8224.0,0.99962807,0,0.9976316,0.5916801553180168,2
8227.0,0.9987528,0,1.0007068,0.4768102809127605,2
8231.0,0.9968956,0,0.9991029,0.5367221575311204,2
8235.0,1.003696,0,1.0079967,0.2045050240123969,2
8240.0,0.99854004,0,1.0022962,0.4174394346566683,2
8241.0,1.0072609,0,1.0013465,0.4529158864771353,2
8248.0,1.0020603,0,0.9979667,0.5791629837267864,2
8259.0,0.9927867,0,0.99967176,0.5154728004221373,2
8262.0,0.998354,0,0.995215,0.681949846708064,2
8266.0,0.994139,0,0.99623835,0.6437237138283354,2
8269.0,0.99894416,0,1.0006531,0.4788140970693075,2
8270.0,1.0015485,0,0.9992468,0.531347477306782,2
8272.0,0.9985959,0,1.0005031,0.4844203293828468,2
8274.0,0.98998386,0,1.005191,0.3093090619245986,2
8275.0,0.99906546,0,1.0011168,0.4614966725519489,2
8279.0,1.0071126,0,1.0020833,0.4253923583357639,2
8288.0,1.0058037,0,0.9968138,0.6222294458557742,2
8291.0,0.9966511,0,1.0033357,0.3786099304675794,2
8294.0,1.0045484,0,0.9939586,0.7288814475567915,2
8299.0,0.99887097,0,1.0032474,0.3819095477386934,2
8317.0,0.99997294,0,1.000254,0.4937224892740174,2
8321.0,1.0047065,0,1.0059626,0.2804852797438677,2
8322.0,1.0036402,0,0.9978601,0.5831461249535226,2
8324.0,1.0057799,0,1.0011196,0.461389802356933,2
8325.0,1.0006047,0,1.0035958,0.3688936485707225,2
8330.0,0.9932592,0,1.0001196,0.4987453884397619,2
8332.0,0.99340266,0,1.002821,0.3978376597208461,2
8337.0,1.0040822,0,0.99826354,0.5680752009938927,2
8339.0,1.0037842,0,1.004311,0.3421805527415544,2
8344.0,1.0014237,0,0.9947246,0.7002691793036961,2
8346.0,1.0012351,0,0.9956408,0.666043999349873,2
8352.0,1.0006495,0,0.9973393,0.6025987269088019,2
8365.0,1.0063502,0,1.002476,0.4107244240698396,2
8366.0,1.0062996,0,1.0000725,0.500504293732731,2
8375.0,1.001839,0,1.0044584,0.3366722847734463,2
8376.0,0.9970582,0,1.000188,0.4961894096089664,2
8382.0,0.99972606,0,0.99978536,0.5112291630950498,2
8393.0,1.0041863,0,1.0009602,0.4673433628042739,2
8396.0,1.0031427,0,1.0032283,0.3826220157054657,2
8398.0,0.997488,0,1.0013841,0.4515087622427601,2
8402.0,0.9852391,0,1.0004764,0.4854177845363281,2
8406.0,0.9998449,0,1.0005133,0.4840373778507068,2
8408.0,0.998568,0,1.0033755,0.3771226535869422,2
8413.0,1.001595,0,1.0015205,0.4464146162803383,2
8414.0,1.0014522,0,1.0044519,0.3369171956370242,2
8415.0,1.0013541,0,0.99915314,0.5348452497311547,2
8419.0,1.005465,0,1.003631,0.367580035756986,2
8421.0,0.99005115,0,0.9988281,0.5469861491774335,2
8422.0,1.0010594,0,0.99953616,0.520538002373409,2
8431.0,1.0069702,0,1.0002578,0.4935799956806629,2
8439.0,1.0017426,0,0.99859136,0.5558296578149944,2
8440.0,0.99952936,0,1.0028125,0.3981538173811013,2
8442.0,1.0060549,0,1.0006766,0.4779368708852192,2
8455.0,1.0015402,0,0.99984664,0.508940359751794,2
8469.0,0.99777573,0,0.99323636,0.755859492411103,2
8475.0,1.001979,0,0.99852145,0.5584412982056939,2
8483.0,0.9932349,0,0.99485797,0.6952863564610825,2
8489.0,0.9991297,0,1.0033962,0.3763522975978697,2
8496.0,1.0044448,0,1.0012233,0.4575157577876089,2
8501.0,0.9982584,0,1.0009916,0.466172243583892,2
8506.0,0.9997747,0,1.0003185,0.4913134569613686,2
8510.0,1.0044858,0,0.9970567,0.6131543851290124,2
8518.0,0.999474,0,0.99601614,0.6520239656412323,2
8522.0,1.0011573,0,0.9982185,0.5697584065653923,2
8527.0,0.99796706,0,1.0035309,0.3713204925825405,2
8532.0,0.99905473,0,1.0013846,0.4514909505435908,2
8544.0,0.99463457,0,1.0008025,0.4732345823045222,2
8548.0,0.98695344,0,0.9943643,0.7137259180261075,2
8550.0,1.0026969,0,1.0049556,0.3180991354646515,2
8551.0,1.0027386,0,0.99582094,0.6593156299886673,2
8563.0,1.0017393,0,0.9985491,0.5574082196538741,2
8569.0,1.0053456,0,1.0041331,0.348824316531706,2
8576.0,1.002118,0,1.0061278,0.2743135259817029,2
8578.0,1.0014579,0,0.9992734,0.5303522486156971,2
8591.0,0.9932302,0,1.0003728,0.48928737618086,2
8596.0,1.0011683,0,0.9966369,0.6288353597851909,2
8604.0,1.0036258,0,1.0027016,0.4022950374379652,2
8608.0,1.0057459,0,0.99866843,0.552950841936755,2
8616.0,0.99286836,0,0.9960941,0.6491117528270507,2
8618.0,1.0043831,0,1.0012325,0.4571728825785996,2
8621.0,1.0058796,0,1.0022967,0.417421622957499,2
8623.0,1.0074127,0,0.9989911,0.5408990009863228,2
8628.0,1.0055455,0,0.9991494,0.5349855168621129,2
8629.0,0.9979672,0,0.99860615,0.5552774951407458,2
8630.0,0.9993364,0,1.0003394,0.4905341951227114,2
8635.0,0.9971157,0,0.9971954,0.6079734071331402,2
8641.0,0.99955434,0,0.9972569,0.6056779244026957,2
8651.0,0.9968886,0,0.9971407,0.6100172996128181,2
8652.0,1.003258,0,0.9982968,0.5668328349768337,2
8655.0,0.9979574,0,1.0021534,0.4227740385578757,2
8665.0,1.0011402,0,1.0013851,0.4514731388444215,2
8666.0,1.0042152,0,1.0010663,0.4633802597391031,2
8668.0,1.0045952,0,1.0015028,0.447078102074395,2
8670.0,1.005117,0,1.0006856,0.4776029015257946,2
8672.0,1.0050237,0,1.0059716,0.2801513103844433,2
8678.0,1.0027208,0,1.0023937,0.413796942176545,2
8680.0,1.0024387,0,1.0037853,0.3618179510757153,2
8704.0,1.0043175,0,0.9965677,0.6314202826271366,2
8708.0,0.9989181,0,1.0005378,0.4831245282682798,2
8720.0,1.0032368,0,1.0044594,0.3366366613751077,2
8724.0,0.9996299,0,1.0039195,0.3568039577595554,2
8728.0,0.9979858,0,0.9960891,0.6492987756683284,2
8740.0,1.0000585,0,1.0002615,0.4934419550121008,2
8743.0,1.0068148,0,1.0018169,0.4353446452466141,2
8755.0,1.0011727,0,0.9993809,0.5263379369154144,2
8760.0,1.0032182,0,1.0000607,0.5009451332871713,2
8769.0,1.0062486,0,1.0016419,0.4418815388417497,2
8779.0,0.9836285,0,0.99194247,0.8041915381070172,2
8785.0,0.997388,0,1.0056195,0.2933007972961841,2
8798.0,1.0001416,0,0.99648803,0.634397062850807,2
8803.0,1.0014606,0,0.9977023,0.589039570916167,2
8806.0,1.0003414,0,1.0044438,0.3372199945229025,2
8809.0,1.0088984,0,1.0031959,0.3838332112489786,2
8813.0,0.99725366,0,0.99692476,0.618083772874118,2
8821.0,1.006089,0,0.9994008,0.5255942984750959,2
8823.0,0.9964043,0,0.99964863,0.5163366678318486,2
8825.0,1.0000857,0,0.9987554,0.5497024333007527,2
8833.0,1.0026983,0,0.9991951,0.5332778202042556,2
8840.0,1.0036919,0,1.0002966,0.4921327951231568,2
8843.0,1.0046182,0,0.99369836,0.7386021823784408,2
8845.0,1.0041597,0,1.0024358,0.4122250597248538,2
8854.0,1.0002022,0,0.9947909,0.6977911266567663,2
8855.0,1.0013869,0,0.9988265,0.5470462636621298,2
8857.0,0.99291545,0,1.0019231,0.4313770892566509,2
8864.0,0.982609,0,0.99900854,0.540246647504247,2
8865.0,0.9992363,0,1.0030607,0.388882827963477,2
8869.0,0.99328625,0,1.0028926,0.3951614519206577,2
8870.0,0.9998864,0,0.99951494,0.5213306229864431,2
8874.0,1.0030357,0,1.0013504,0.4527689399589886,2
8877.0,1.0006897,0,1.006317,0.2672467343362804,2
8885.0,0.99576384,0,0.99763733,0.5914664149279851,2
8890.0,1.0063623,0,1.0012077,0.4580990909354037,2
8892.0,1.0021529,0,1.0053035,0.3051055009206421,2
8893.0,0.9984849,0,0.9967063,0.6262437575560568,2
8894.0,1.0036399,0,1.0011518,0.4601875126630048,2
8903.0,1.003083,0,0.9983553,0.5646464489038012,2
8905.0,0.99165183,0,1.0005853,0.4813478112761414,2
8906.0,0.99782145,0,1.0054708,0.2988580474370078,2
8911.0,1.0029471,0,1.0007129,0.4765831817483519,2
8916.0,0.99774677,0,0.9997673,0.5119037812010874,2
8924.0,1.0023391,0,1.006244,0.2699763772339767,2
8932.0,1.0016322,0,1.0038561,0.3591729137490732,2
8934.0,0.9974672,0,0.99849343,0.5594877355318908,2
8947.0,1.0015146,0,0.9977825,0.5860427525309311,2
8960.0,1.0023688,0,1.0100336,0.1284178980859103,2
8970.0,1.0053818,0,0.9989493,0.5424597511260334,2
8972.0,1.0012828,0,1.0042312,0.345159559427621,2
8973.0,1.0032302,0,0.99700034,0.615260618555783,2
8974.0,1.0021763,0,1.0016382,0.4420195795103119,2
8987.0,1.0015913,0,1.0044025,0.3387607065010475,2
8988.0,1.0034493,0,1.002416,0.41296424524038,2
8996.0,0.9795499,0,0.99477524,0.6983766862669574,2
9001.0,1.0019823,0,0.9978181,0.5847135544804216,2
9009.0,1.0022525,0,1.0003304,0.490868164482136,2
9011.0,0.9911988,0,1.000557,0.4824076073767152,2
9015.0,0.9972586,0,1.0039637,0.3551519226616022,2
9019.0,1.0022061,0,0.99757653,0.5937374065720717,2
9020.0,1.0055649,0,0.9994735,0.5228780143517766,2
9021.0,1.0056401,0,0.99655914,0.6317408932121841,2
9023.0,1.0012671,0,0.9999159,0.5063532104474522,2
9043.0,1.001989,0,0.9959043,0.6562008090964347,2
9046.0,0.99944264,0,0.9979548,0.5796082762060191,2
9047.0,1.0040681,0,1.0034176,0.3755507711352509,2
9051.0,1.0007795,0,1.0043807,0.3395755917380433,2
9061.0,0.9986452,0,1.0035425,0.3708841059528925,2
9062.0,0.998085,0,0.998482,0.5599152163119541,2
9063.0,0.9993511,0,1.0001954,0.4959133282718422,2
9072.0,0.99620503,0,1.0043261,0.341615031292929,2
9074.0,0.995303,0,0.99896723,0.5417895859447882,2
9086.0,0.9994535,0,1.0026048,0.4059108123693344,2
9087.0,0.9978803,0,0.99863493,0.5542021138033989,2
9088.0,1.0107127,0,1.0008641,0.4709324201868893,2
9091.0,0.99940133,0,1.001008,0.4655577399625509,2
9092.0,0.998245,0,1.0036238,0.3678472112445257,2
9094.0,0.9980928,0,0.9954585,0.6728547478197366,2
9095.0,0.9955475,0,0.99572796,0.6627889113266822,2
9097.0,1.0069458,0,1.0016631,0.4410889182287155,2
9100.0,0.99915653,0,1.0033653,0.3775056051190824,2
9101.0,1.0005426,0,0.9952914,0.6790955219161826,2
9108.0,1.0003833,0,0.99544954,0.6731887171791612,2
9111.0,1.0014316,0,1.0046784,0.3284566385316035,2
9113.0,1.0065249,0,0.9998056,0.5104721658803544,2
9122.0,0.9984284,0,1.0040085,0.3534776229396873,2
9125.0,1.0010682,0,1.0005755,0.4817129511091123,2
9126.0,1.000919,0,0.9973871,0.6008131040670789,2
9135.0,0.997343,0,1.0044837,0.3357282647174731,2
9148.0,1.0086747,0,1.0043333,0.3413478558053894,2
9152.0,1.0004059,0,0.99994445,0.5052867349596899,2
9169.0,0.9960586,0,0.9969332,0.6177676152138629,2
9171.0,1.0057367,0,1.0030395,0.3896754485765112,2
9175.0,0.99840105,0,0.9986259,0.5545405360876157,2
9177.0,1.0043969,0,1.0024946,0.4100297678022366,2
9187.0,0.99820906,0,0.9985924,0.5557918079542595,2
9203.0,1.0093411,0,0.99991924,0.506228528553267,2
9206.0,1.0017387,0,0.9996694,0.5155618589179838,2
9215.0,1.0003963,0,0.9963506,0.6395312851363597,2
9221.0,0.99778074,0,1.0022371,0.4196480853536624,2
9232.0,1.0043641,0,1.0028473,0.3968535633417419,2
9245.0,1.0023321,0,1.0034308,0.3750564964833026,2
9249.0,1.0086071,0,0.9995461,0.5201661831532496,2
9252.0,0.9940364,0,0.9931632,0.7585913617711953,2
9255.0,1.0003735,0,1.0021253,0.4238249288088649,2
9260.0,0.99896747,0,1.0026869,0.4028472001122137,2
9263.0,1.00286,0,0.9994317,0.5244387644914872,2
9266.0,1.0022935,0,1.0034354,0.3748872853411942,2
9273.0,1.000075,0,0.9974203,0.5995729645124159,2
9288.0,1.0050515,0,1.002164,0.4223777282513586,2
9293.0,0.99868697,0,1.0076666,0.2168351727623496,2
9298.0,1.0047835,0,1.00182,0.4352288692020136,2
9308.0,1.0015193,0,0.99863684,0.5541308670067218,2
9309.0,1.0010027,0,1.0052285,0.3079063906150157,2
9311.0,0.9986425,0,0.99322444,0.7563047848903356,2
9315.0,1.0084058,0,0.99813783,0.5727708101874014,2
9328.0,1.002054,0,1.0045722,0.3324241945215666,2
9329.0,1.0041006,0,1.001574,0.4444152530485836,2
9330.0,0.9933508,0,1.0023546,0.4152575015084283,2
9334.0,1.0036731,0,0.9966117,0.6297771533787679,2
9342.0,1.0013626,0,1.0020552,0.426443248586753,2
9343.0,0.99955696,0,0.99900496,0.5403802352480167,2
9351.0,0.9996785,0,1.0028435,0.3969960569350964,2
9352.0,0.997977,0,1.001061,0.4635806413547578,2
9354.0,0.99758846,0,1.0010083,0.4655488341129662,2
9357.0,0.995363,0,0.9960197,0.6518903778974625,2
9363.0,0.9996056,0,1.0021936,0.4212734029028616,2
9367.0,0.99967915,0,0.9991229,0.5359740661660095,2
9370.0,0.9964292,0,1.0012571,0.4562555800713803,2
9390.0,0.99154794,0,0.9965391,0.632488984577295,2
9402.0,1.0037934,0,1.0083553,0.1911106262370782,2
9408.0,0.9998723,0,0.99907476,0.5377730477821094,2
9412.0,1.0015743,0,0.9991557,0.5347495118481196,2
9413.0,1.0088531,0,1.0038856,0.3580685884005762,2
9417.0,0.99866766,0,0.997235,0.6064950361020878,2
9421.0,0.98439,0,1.00187,0.4333586407892363,2
9422.0,0.9920063,0,1.000736,0.4757193143386404,2
9426.0,0.99412256,0,0.997934,0.58038531158228,2
9431.0,1.0036987,0,0.9978631,0.5830325753713183,2
9437.0,0.9932037,0,0.9990208,0.5397879962506373,2
9445.0,1.0026283,0,1.0016228,0.442594006808522,2
9451.0,1.0042143,0,1.0046413,0.3298414981420171,2
9452.0,1.0003852,0,1.003403,0.3760984808847071,2
9456.0,1.0021977,0,0.9978084,0.5850764678509962,2
9457.0,1.0072765,0,1.0084561,0.1873434518627698,2
9458.0,1.0068175,0,0.99546933,0.672449531663635,2
9463.0,1.0031645,0,1.0022624,0.4187040652976891,2
9467.0,1.0006715,0,1.0005336,0.4832803806360112,2
9475.0,1.001838,0,0.99817246,0.5714772355352304,2
9477.0,1.001503,0,0.99790186,0.581585374813812,2
9482.0,0.99760896,0,0.99725026,0.60592506172867,2
9497.0,1.0007985,0,0.9997761,0.5115742647664552,2
9499.0,0.9966431,0,0.9964653,0.6352453450237452,2
9500.0,0.9964414,0,0.9972582,0.6056289422299802,2
9503.0,1.0052521,0,1.0036182,0.3680564987097651,2
9508.0,1.0002422,0,1.0060451,0.2774038557875776,2
9509.0,1.0025517,0,0.99903977,0.5390799812086573,2
9526.0,1.0005966,0,1.001823,0.4351175460822054,2
9533.0,1.0026289,0,1.003158,0.3852492413329385,2
9538.0,0.998964,0,0.9959042,0.6562052620212271,2
9540.0,1.0024222,0,1.0049596,0.3179521889465048,2
9544.0,0.9981843,0,1.0036088,0.3684082797683589,2
9546.0,1.0004009,0,0.9955285,0.6702386545042447,2
9547.0,1.0001408,0,0.9990372,0.5391757190916924,2
9557.0,1.0027025,0,1.0001252,0.4985361009745226,2
9558.0,0.9952985,0,0.9979891,0.5783258338658289,2
9563.0,1.000991,0,1.0021703,0.4221417232373654,2
9569.0,0.9959305,0,0.99963707,0.5167686015367043,2
9574.0,0.99750584,0,0.9990545,0.538530044996805,2
9580.0,1.0064176,0,1.0071062,0.2377683722110775,2
9581.0,1.0043206,0,0.998837,0.5466544062804051,2
9587.0,1.0060529,0,1.0003374,0.490609894844181,2
9592.0,0.9975776,0,1.00902,0.1662811175950643,2
9604.0,0.99461037,0,0.99484956,0.6956002876589416,2
9606.0,0.99257696,0,0.99890834,0.5439893307921976,2
9607.0,0.99985075,0,1.0014824,0.4478395522138828,2
9619.0,1.0048633,0,1.005201,0.3089350162420432,2
9625.0,1.0020536,0,1.0062989,0.2679235789047141,2
9630.0,1.0014827,0,1.0034267,0.375212348851034,2
9645.0,1.0034531,0,0.9986402,0.5540061851125365,2
9647.0,0.9969097,0,0.9975219,0.5957790725893535,2
9649.0,1.0043632,0,0.9989351,0.5429896491763202,2
9655.0,0.9983543,0,0.99879813,0.5481060597627037,2
9665.0,0.9978204,0,1.0044203,0.3380972207069909,2
9669.0,1.0004946,0,0.9994297,0.5245144642129567,2
9671.0,1.0038326,0,1.0040455,0.3520972162540661,2
9688.0,1.0001093,0,0.99916446,0.5344222218758836,2
9696.0,0.99934614,0,0.9987589,0.5495710720193792,2
9702.0,1.0012122,0,0.9992682,0.5305481773065595,2
9706.0,1.0063521,0,1.0025167,0.4092015237908639,2
9707.0,0.99914044,0,0.99724716,0.6060408377732704,2
9710.0,1.0041741,0,0.999514,0.5213662463847817,2
9720.0,0.99413043,0,0.99956673,0.5193958271641771,2
9727.0,1.0016097,0,0.9965497,0.632092674270778,2
9730.0,0.9973083,0,0.99418116,0.7205678369695174,2
9731.0,1.0056311,0,0.998805,0.5478500165871448,2
9739.0,1.0015372,0,0.9969554,0.6169393712024901,2
9740.0,1.0007325,0,1.0025585,0.4076430001135496,2
9752.0,0.9965075,0,0.99743825,0.5989027993311706,2
9762.0,1.0025308,0,0.99827516,0.567641040826641,2
9767.0,1.0029997,0,1.003916,0.3569330925785329,2
9769.0,1.0021597,0,1.0035712,0.369815404002734,2
9771.0,0.9984235,0,1.0015489,0.4453548201797646,2
9775.0,0.99007404,0,1.0037566,0.3628866530258737,2
9790.0,0.99881446,0,0.9991342,0.5355532647731347,2
9796.0,0.99864864,0,0.99397516,0.7282624910106581,2
9799.0,1.0041268,0,0.99841076,0.5625758388753693,2
9804.0,1.0003793,0,0.9979064,0.5814161636717037,2
9813.0,1.0085295,0,0.9985712,0.5565822021048976,2
9822.0,1.001041,0,0.99988675,0.5074419505591761,2
9823.0,1.0027279,0,1.0028535,0.3966220112525409,2
9824.0,1.0037466,0,1.002709,0.4020189561008409,2
9835.0,1.0006261,0,1.002358,0.4151328196142431,2
9840.0,1.0000187,0,0.9979156,0.5810710620002983,2
9850.0,1.0020204,0,1.0002655,0.493295008493954,2
9851.0,1.0015808,0,0.9986624,0.5531757146387677,2
9859.0,1.0060304,0,1.0007415,0.4755144797981935,2
9861.0,0.9987051,0,0.99928766,0.529820124103014,2
9864.0,1.0032539,0,0.99482,0.6967046130074386,2
9866.0,0.99414146,0,0.9955886,0.6679943804089121,2
9875.0,1.0024878,0,1.0030102,0.3907708680754236,2
9879.0,1.0067234,0,0.99967045,0.5155217825948528,2
9895.0,0.99804646,0,0.9994416,0.524069171733724,2
9904.0,1.0086483,0,0.9983656,0.5642634973716611,2
9912.0,1.0054462,0,0.9961436,0.6472637890382351,2
9916.0,1.0019815,0,0.9981996,0.570464195144976,2
9922.0,1.002139,0,0.999525,0.5209543508414914,2
9925.0,1.0032543,0,1.0042566,0.3442110864468555,2
9929.0,1.0028908,0,0.99640656,0.6374406369463623,2
9943.0,1.0074955,0,1.002285,0.417858009587147,2
9965.0,1.0042739,0,1.0008345,0.4720411984601785,2
9969.0,1.0050796,0,1.0035486,0.3706570067884839,2
9973.0,0.99516356,0,0.9983232,0.5658465121353333,2
9995.0,0.9976279,0,1.0027071,0.4020902028975182,2
9998.0,0.9977566,0,1.0002469,0.493989664761557,2
10000.0,1.0003157,0,0.9994791,0.5226687268865373,2
10010.0,1.0022446,0,1.0019541,0.430219328810646,2
10022.0,0.9996656,0,1.0022807,0.4180183148796709,2
10023.0,0.9990589,0,1.0003327,0.4907835589110817,2
10032.0,1.0030628,0,0.99762994,0.5917424962651093,2
10036.0,0.99517417,0,1.0038048,0.3610876714097737,2
10040.0,1.0024694,0,1.0003612,0.4897193098857156,2
10045.0,1.0038534,0,0.99964607,0.5164324057148837,2
10047.0,1.001316,0,1.0014007,0.4508898056966267,2
10051.0,0.9984612,0,0.99464136,0.7033773208087402,2
10053.0,1.0006378,0,1.0064656,0.2616983900450413,2
10055.0,0.9956742,0,0.9995687,0.5193223539051037,2
10060.0,1.0004122,0,1.0058249,0.2856284078790051,2
10069.0,1.0005913,0,1.005234,0.3077015560745687,2
10077.0,1.0007396,0,0.9964711,0.6350293781713174,2
10085.0,1.0059601,0,1.0079451,0.2064331404474744,2
10093.0,1.0016377,0,0.9981609,0.5719091692400862,2
10094.0,1.0021446,0,0.99831563,0.5661292728596461,2
10104.0,0.9893885,0,1.0024215,0.4127594106999329,2
10106.0,1.0021003,0,1.0037562,0.362904464725043,2
10107.0,1.0006795,0,0.99857897,0.5562927619933964,2
10117.0,1.0042953,0,1.007189,0.2346735894804105,2
10122.0,0.99999285,0,1.004933,0.3189451911751936,2
10143.0,0.99939764,0,1.0005217,0.4837256731152439,2
10146.0,1.0038209,0,1.0051531,0.3107250920085584,2
10147.0,1.000823,0,1.0038897,0.3579171889576371,2
10151.0,1.0009443,0,1.0011445,0.4604591410753368,2
10153.0,0.99579686,0,1.0022302,0.4199063549916173,2
10158.0,0.9975708,0,1.0017344,0.4384260692029041,2
10159.0,1.0000638,0,1.0013046,0.454478863079242,2
10160.0,1.0015434,0,1.0025078,0.4095354931502885,2
10175.0,1.001299,0,0.9976796,0.5898878530891052,2
10190.0,1.002996,0,0.9996122,0.5176970363559045,2
10191.0,1.008502,0,1.0020244,0.4275921031831733,2
10193.0,0.99752945,0,1.0005295,0.4834317800789504,2
10195.0,1.001534,0,1.006427,0.2631366847529628,2
10202.0,0.9985183,0,1.0030147,0.3906016569333153,2
10203.0,1.0003861,0,1.0011674,0.45960417951521,2
10204.0,1.0010664,0,0.9988681,0.5454921929096079,2
10214.0,1.0001647,0,0.99643236,0.6364765787288236,2
10218.0,0.9986128,0,1.0029945,0.3913542012232184,2
10221.0,1.0007479,0,1.0019389,0.4307848502592716,2
10230.0,1.002254,0,0.99776506,0.586695106013007,2
10240.0,1.007351,0,1.0004442,0.4866200742302563,2
10246.0,1.0008535,0,0.9995881,0.5185987536263506,2
10249.0,1.0038518,0,0.9978044,0.5852256408315392,2
10253.0,1.0002124,0,1.001702,0.439637264746417,2
10263.0,1.0029774,0,0.9989128,0.5438223461124854,2
10272.0,0.9971655,0,0.9959003,0.6563522085393738,2
10280.0,1.0021328,0,0.9993098,0.5289941065540373,2
10292.0,1.0004003,0,1.0001833,0.4963630736758672,2
10294.0,0.99522537,0,1.0034472,0.3744464457867539,2
10301.0,0.99884945,0,1.0035094,0.3721220190451593,2
10302.0,1.0033851,0,1.00056,0.4822918313321147,2
10304.0,1.0006839,0,0.9985014,0.5591893895708049,2
10308.0,1.0023395,0,1.0047587,0.3254553672215753,2
10319.0,1.0033956,0,0.99795395,0.5796394466795654,2
10327.0,1.0079937,0,1.002966,0.3924184502485845,2
10343.0,0.99876326,0,0.99680305,0.6226302090870837,2
10346.0,1.0075017,0,0.9962287,0.6440844007365137,2
10352.0,1.004961,0,0.99976873,0.5118503461035795,2
10354.0,1.0023118,0,1.0033393,0.3784763427238096,2
10355.0,1.006882,0,0.9992261,0.5321200597582507,2
10356.0,0.99657494,0,0.99902856,0.5394985561391361,2
10359.0,0.99817884,0,1.0056077,0.2937416368506244,2
10368.0,1.014239,0,1.004181,0.3470342407651906,2
10373.0,1.0071067,0,1.0037977,0.3613548468973133,2
10382.0,1.0046607,0,0.9976045,0.5926931957082711,2
10389.0,1.0092952,0,0.9982511,0.568540531634691,2
10390.0,1.001937,0,1.0019908,0.4288478279746094,2
10399.0,1.001643,0,1.0012466,0.4566474374531051,2
10402.0,0.99746555,0,1.0005482,0.482732670886555,2
10407.0,1.0006891,0,1.0008419,0.4717651171230543,2
10414.0,1.0029554,0,1.0056226,0.2931850212515835,2
10416.0,1.000645,0,1.006828,0.248161498676368,2
10417.0,1.0063776,0,1.0014539,0.448903801239249,2
10418.0,0.9842899,0,1.0030727,0.3884330825594521,2
10425.0,1.0048889,0,1.0048256,0.32295727641308,2
10429.0,1.0040607,0,1.0014437,0.4492822998465967,2
10435.0,0.99800074,0,1.0021067,0.4245195850764678,2
10446.0,1.0046638,0,1.005516,0.2971659360159236,2
10451.0,1.0044576,0,1.0026743,0.403314757215408,2
10452.0,1.0070784,0,1.0063981,0.2642187454774982,2
10456.0,1.0040507,0,1.0089912,0.1673542724700151,2
10460.0,1.0017776,0,1.006585,0.2572365594031299,2
10462.0,0.99939805,0,1.0026633,0.4037288792210943,2
10465.0,0.9988346,0,0.9992643,0.53069289736231,2
10469.0,1.0004096,0,0.99696004,0.6167657071355893,2
10474.0,0.9990288,0,0.9985726,0.5565309934697857,2
10476.0,1.0039289,0,1.0033803,0.3769445365952492,2
10482.0,1.0008283,0,0.999564,0.5194982444344006,2
10492.0,1.0046319,0,0.9987737,0.5490189093451305,2
10496.0,1.0022166,0,1.0041153,0.3494878023257626,2
10508.0,1.0032009,0,1.0028766,0.3957581438428296,2
10510.0,1.0038259,0,0.99615574,0.6468095907094178,2
10511.0,1.007525,0,1.0054326,0.3002829833705523,2
10515.0,1.0012283,0,1.0005167,0.4839126959565216,2
10516.0,1.0016563,0,1.0011652,0.4596887850862643,2
10519.0,0.99828976,0,0.99701595,0.614677285407988,2
10521.0,1.0000163,0,0.9968586,0.6205551461338594,2
10522.0,1.0012522,0,1.0043159,0.3419979828250691,2
10539.0,1.0038939,0,1.0025846,0.40666780958403,2
10545.0,1.0060595,0,1.0013592,0.4524394235243564,2
10548.0,0.9987846,0,0.99964774,0.5163700647677911,2
10557.0,1.0002992,0,1.0032119,0.3832365193268068,2
10559.0,1.0003432,0,1.0077692,0.2130012045161563,2
10560.0,1.0025302,0,0.99895716,0.5421658580897397,2
10564.0,1.0007119,0,0.99952507,0.5209521243790953,2
10565.0,1.0025576,0,1.0059091,0.2824846429756225,2
10570.0,1.0000637,0,1.0065427,0.2588173477044059,2
10579.0,0.9987568,0,1.0049208,0.3193993895040109,2
10582.0,1.0010879,0,0.998408,0.5626782561455927,2
10583.0,0.9978808,0,1.0001156,0.4988923349579087,2
10586.0,0.99751794,0,1.001934,0.4309674201757569,2
10588.0,1.0053828,0,1.0018153,0.4354025332689143,2
10599.0,1.0062622,0,1.002086,0.4252899410655404,2
10608.0,1.000325,0,1.000479,0.4853198201908969,2
10611.0,1.0062201,0,1.0043011,0.3425501454993176,2
10614.0,0.9954199,0,1.0011796,0.4591499811863927,2
10615.0,0.9946986,0,0.99562114,0.6667787319406069,2
10616.0,0.994051,0,1.0035893,0.3691385594343004,2
10619.0,0.99720657,0,0.9987942,0.5482530062808504,2
10622.0,1.0072992,0,1.0009104,0.4692046853674665,2
10624.0,0.9999784,0,1.0035938,0.3689693482921919,2
10625.0,0.9967815,0,1.004071,0.3511442903485081,2
10626.0,0.99813044,0,1.0010824,0.4627791148921391,2
10641.0,0.9982042,0,1.003174,0.3846525494107667,2
10643.0,0.99594134,0,1.0049824,0.3171016803111703,2
10647.0,1.0075363,0,1.003724,0.3641067544189712,2
10653.0,0.99773943,0,0.99815845,0.5720004541983288,2
10654.0,0.99797493,0,0.99657,0.6313356770560823,2
10657.0,1.0057662,0,1.0039093,0.3571824563669031,2
10662.0,1.0034316,0,1.0012641,0.455992857508633,2
10668.0,0.99504465,0,0.998258,0.568282261996736,2
10675.0,0.9997773,0,0.9991381,0.5354063182549879,2
10677.0,1.0111591,0,1.001556,0.4450876446922249,2
10681.0,1.0032587,0,0.9986276,0.554475968678127,2
10686.0,0.9956342,0,0.9980716,0.5752444099095388,2
10696.0,0.9989756,0,1.0059761,0.2799820992423348,2
10698.0,1.0071324,0,1.003,0.3911493666827714,2
10703.0,1.0040764,0,1.001481,0.4478885343865985,2
10706.0,1.0042939,0,0.99875903,0.5495666190945868,2
10718.0,1.0007275,0,1.0012189,0.457680516004925,2
10720.0,1.0006437,0,1.0005795,0.4815660045909654,2
10723.0,0.999134,0,1.0000552,0.5011499678276183,2
10728.0,1.0032082,0,1.0012956,0.4548172853634589,2
10738.0,1.0003992,0,1.0001135,0.4989724876041705,2
10740.0,0.9973726,0,0.9996718,0.5154705739597412,2
10743.0,0.98640126,0,0.99508274,0.6868903667651505,2
10744.0,1.0022699,0,1.0011588,0.4599247901002575,2
10746.0,1.0086391,0,0.9970444,0.6136152628450182,2
10751.0,0.994165,0,0.9943735,0.7133830428170984,2
10755.0,1.0029198,0,0.9984656,0.560527493470899,2
10756.0,1.010338,0,1.0001768,0.4966079845394451,2
10759.0,0.99677706,0,1.0002545,0.4937046775748481,2
10764.0,0.99988616,0,1.0005494,0.4826881416386318,2
10775.0,1.004722,0,1.0059186,0.2821284089922363,2
10783.0,1.0078117,0,0.99864423,0.5538547856695974,2
10784.0,1.0019487,0,1.0026503,0.4042142480234579,2
10787.0,0.9963068,0,0.99983186,0.5094925224260425,2
10791.0,1.005267,0,1.0009732,0.4668579940019103,2
10793.0,1.001617,0,0.9995342,0.5206114756324822,2
10800.0,0.99941415,0,1.0043662,0.3401188485627072,2
10804.0,0.99896115,0,1.0001812,0.496443226322129,2
10823.0,0.9997009,0,0.9978762,0.5825427536441623,2
10826.0,0.9976277,0,1.0014386,0.4494737756126667,2
10828.0,1.0010556,0,0.9998022,0.5106013006993319,2
10834.0,0.992564,0,0.9992678,0.5305615360809364,2
10838.0,1.0022063,0,1.0038893,0.357930547732014,2
10853.0,1.0006857,0,1.0014873,0.4476569822973975,2
10855.0,1.0082743,0,0.9982479,0.5686585341416877,2
10867.0,1.0006778,0,1.0029665,0.3924006385494152,2
10885.0,0.9999038,0,1.0011067,0.4618707182345044,2
10889.0,1.0025895,0,0.9986601,0.553262546672218,2
10897.0,1.0039076,0,1.0002748,0.4929476803601526,2
10901.0,0.99919724,0,1.0016785,0.4405144909305054,2
10902.0,1.0110106,0,0.9985227,0.5583945424953745,2
10905.0,0.99801373,0,0.99934435,0.5277027583642626,2
10911.0,0.9974463,0,0.9991563,0.534727247224158,2
10913.0,0.9991311,0,0.9999163,0.506337625210679,2
10915.0,0.99772006,0,0.9936933,0.7387914316821146,2
10921.0,0.9987826,0,0.9994255,0.5246725430430843,2
10938.0,1.004397,0,0.998536,0.5578980413810302,2
10942.0,0.9897694,0,0.9966374,0.6288175480860216,2
10945.0,0.99185926,0,0.99776804,0.5865837828931988,2
10950.0,1.000507,0,0.9969588,0.6168124628459087,2
10953.0,0.9930985,0,1.0029026,0.3947874062381024,2
10957.0,1.0013789,0,1.0037115,0.3645743115221656,2
10959.0,0.99914914,0,1.0016124,0.4429814112654544,2
10960.0,1.0009565,0,1.0018562,0.4338751800651462,2
10961.0,0.993253,0,1.0003297,0.4908948820308899,2
10963.0,0.9892355,0,0.99886966,0.5454343048873076,2
10965.0,1.0066024,0,1.0023985,0.413618825184852,2
10973.0,1.002691,0,0.9956392,0.6661041138345694,2
10975.0,1.0059797,0,1.0010864,0.4626321683739922,2
10978.0,1.0071077,0,1.0028633,0.3962568714195701,2
10982.0,1.0002247,0,0.99452055,0.7078903600857633,2
10986.0,1.0029714,0,1.0036511,0.3668274914670828,2
10993.0,1.0053302,0,0.99383456,0.7335147158032074,2
10996.0,1.0006889,0,0.9998444,0.5090249653228482,2
11018.0,1.0025449,0,1.0001454,0.497779103759827,2
11021.0,0.99171656,0,1.0002031,0.4956238881603408,2
11022.0,1.0018221,0,1.0045804,0.3321169427108961,2
11031.0,0.99661845,0,1.0013688,0.4520831895409702,2
11055.0,1.0036738,0,1.0017831,0.4366048229628425,2
11069.0,1.0015434,0,1.0001843,0.4963274502775285,2
11070.0,1.0070791,0,1.0025259,0.4088586485818547,2
11071.0,1.0052364,0,0.9926268,0.7786295233366656,2
11072.0,0.9950061,0,1.0095065,0.148108731517579,2
11073.0,0.9962012,0,1.0020187,0.4278058435732049,2
11076.0,1.0015447,0,0.99791163,0.5812202349808413,2
11082.0,0.99074787,0,1.0013847,0.4514864976187984,2
11092.0,1.0065612,0,1.0026131,0.405603560558664,2
11094.0,1.0055363,0,1.007856,0.2097594752673425,2
11099.0,1.0012686,0,1.004183,0.346958541043721,2
11105.0,1.0015204,0,0.9997726,0.5117056260478289,2
11108.0,0.99945474,0,0.9993252,0.5284174527934311,2
11110.0,0.99698746,0,0.99871683,0.5511429544710704,2
11112.0,0.99884504,0,0.9946214,0.7041231857114549,2
11113.0,1.0044461,0,1.0033678,0.3774120936984435,2
11114.0,1.0006889,0,1.001752,0.4377670363336399,2
11121.0,1.003816,0,1.0021298,0.4236557176667564,2
11128.0,1.0030743,0,1.0023857,0.4140952881376309,2
11129.0,1.0003091,0,1.0005916,0.4811118062621481,2
11133.0,0.9996985,0,1.0022321,0.4198351081949402,2
11134.0,0.9998223,0,1.0012306,0.4572441293752769,2
11136.0,1.0002265,0,0.99524194,0.6809434857049982,2
11138.0,1.0005957,0,0.9941914,0.7201848854373774,2
11143.0,1.0029341,0,1.0015949,0.4436359912099265,2
11148.0,0.9923265,0,1.002914,0.3943643783828313,2
11149.0,0.99796945,0,1.0044768,0.335986534355428,2
11160.0,0.9980366,0,1.0032576,0.3815265962065534,2
11166.0,1.0001119,0,0.9997093,0.5140701291125543,2
11167.0,0.9994641,0,0.99572986,0.6627176645300049,2
11173.0,0.9989395,0,0.99521047,0.6821190578501725,2
11179.0,1.0023394,0,1.0022855,0.4178401978879777,2
11183.0,1.0003399,0,0.9915232,0.8198524746016302,2
11194.0,0.99981546,0,0.99696887,0.6164361907009572,2
11198.0,0.99887925,0,0.9961136,0.6483836996235053,2
11206.0,1.0016532,0,0.99702984,0.614158519669682,2
11207.0,0.99063045,0,1.0003939,0.4884992084926182,2
11212.0,1.000753,0,0.9981442,0.5725325787110118,2
11224.0,1.0045685,0,0.9943773,0.7132405492237439,2
11225.0,1.0062437,0,1.0064723,0.2614445733318787,2
11228.0,1.0042112,0,0.9935722,0.7433156032711186,2
11231.0,0.9975636,0,0.99799585,0.5780742436150625,2
11233.0,1.0035892,0,0.99789816,0.5817234154823743,2
11241.0,1.0026227,0,1.006916,0.2448707872548386,2
11245.0,0.9969484,0,1.004599,0.3314222864432931,2
11246.0,1.0036077,0,1.003088,0.3878631081860343,2
11248.0,0.99871504,0,0.9984403,0.5614715135268723,2
11251.0,0.99871767,0,0.9994915,0.5222056227081353,2
11265.0,0.99985313,0,0.997808,0.5850920530877693,2
11266.0,0.99992144,0,1.0027485,0.4005450379945807,2
11274.0,0.9921845,0,1.0013934,0.4511614341089586,2
11275.0,0.9986134,0,1.0066707,0.2540349064774471,2
11278.0,0.99867636,0,0.9982003,0.5704374775962222,2
11281.0,0.99314225,0,0.99592173,0.655550682076755,2
11284.0,1.0044453,0,0.9964988,0.6339940731571014,2
11296.0,1.00371,0,0.99671,0.6261057168874946,2
11302.0,1.0038699,0,1.0020868,0.4252632235167863,2
11305.0,1.0026205,0,1.0004059,0.4880494630885932,2
11306.0,1.0038208,0,1.0044156,0.3382708847738915,2
11310.0,0.99840736,0,1.0055987,0.2940800591348412,2
11318.0,0.99804175,0,0.9996153,0.5175812603113039,2
11320.0,0.99809414,0,0.99740374,0.6001919210585493,2
11323.0,0.99449193,0,0.9974397,0.5988493642336628,2
11327.0,1.0002406,0,1.0020857,0.4253032998399173,2
11332.0,1.0020727,0,0.99625874,0.6429622636888475,2
11336.0,1.0020539,0,1.0012608,0.4561175394028183,2
11337.0,0.9970115,0,0.996094,0.6491162057518429,2
11346.0,1.0027642,0,1.0005164,0.4839216018061063,2
11349.0,0.999122,0,1.0016701,0.4408261956659682,2
11352.0,0.99834806,0,1.0057187,0.2895959638689682,2
11364.0,0.9980324,0,1.0021707,0.4221283644629884,2
11370.0,1.0006202,0,0.99729997,0.6040681920902697,2
11379.0,0.9953499,0,1.0036671,0.3662307995449111,2
11380.0,1.0093362,0,1.0020705,0.4258688212885428,2
11394.0,0.9985273,0,0.9994971,0.5219963352428959,2
11397.0,1.003637,0,1.0031193,0.3866919889656524,2
11398.0,1.0018809,0,1.0046494,0.3295386992561389,2
11401.0,0.9994861,0,1.0035077,0.3721843599922518,2
11402.0,0.99832994,0,0.9984562,0.5608792745294928,2
11405.0,1.000843,0,1.0001099,0.4991060753479404,2
11407.0,0.98927945,0,0.9969963,0.615412017998722,2
11413.0,0.9992591,0,1.0045178,0.3344547282268676,2
11429.0,1.0067797,0,0.9954955,0.6714721146717193,2
11433.0,0.9988849,0,1.002349,0.4154667889736676,2
11440.0,1.0006019,0,1.0017047,0.4395348474761935,2
11442.0,1.0049181,0,0.9979905,0.5782746252307172,2
11444.0,1.0040828,0,1.0002154,0.4951652369067313,2
11446.0,1.0042273,0,1.0030053,0.390953437991909,2
11453.0,1.000308,0,1.000138,0.4980551850969513,2
11455.0,0.9841519,0,0.99770194,0.589052929690544,2
11461.0,1.0049237,0,1.0100088,0.1293441064427142,2
11463.0,1.0035388,0,0.99734443,0.6024072511427319,2
11481.0,1.0022558,0,1.0046659,0.3289241956347978,2
11492.0,1.010448,0,1.00183,0.4348548235194581,2
11500.0,0.9933774,0,0.99909216,0.5371229207624297,2
11501.0,1.0003242,0,1.0029992,0.3911805371563177,2
11502.0,0.9961403,0,0.9988144,0.547498235528551,2
11504.0,1.0045849,0,1.005801,0.2865234457622628,2
11506.0,0.9966502,0,1.0073135,0.2300247359972214,2
11514.0,0.9896016,0,1.0026942,0.4025711187750894,2
11523.0,1.0077205,0,0.9983006,0.5666903413834792,2
11529.0,0.998367,0,0.99777806,0.5862097372106434,2
11535.0,1.0028627,0,1.0026981,0.4024286251817349,2
11536.0,0.9968484,0,0.99972194,0.5135981190845678,2
11538.0,1.0011978,0,0.9968485,0.620931418278811,2
11540.0,0.9971636,0,1.0035151,0.3719082786551276,2
11550.0,1.0052019,0,0.9946044,0.7047577274943615,2
11555.0,0.9884515,0,0.9993712,0.5267008502859891,2
11556.0,1.0007131,0,1.0027964,0.3987549622280655,2
11561.0,0.99749994,0,1.0038257,0.3603084095711165,2
11575.0,1.0048739,0,0.9994433,0.5240068307866315,2
11578.0,1.0010756,0,1.003882,0.358202176144346,2
11579.0,1.0056013,0,1.0043329,0.3413612145797663,2
11597.0,1.0029017,0,1.0018158,0.435384721569745,2
11602.0,0.99797374,0,0.99562466,0.6666473706592333,2
11607.0,1.0094304,0,1.0013334,0.4534057082042912,2
11617.0,0.99747866,0,0.9987438,0.5501365934680047,2
11618.0,1.008243,0,0.9996637,0.5157733728456193,2
11619.0,1.0006983,0,1.0045304,0.333982718198881,2
11621.0,1.0055034,0,1.0012518,0.4564515087622427,2
11622.0,1.0009459,0,1.0020998,0.4247778547144227,2
11626.0,1.0012616,0,1.0040095,0.3534419995413487,2
11634.0,1.0054675,0,0.99848795,0.5596925700723377,2
11636.0,1.002109,0,1.0079027,0.2080139287487503,2
11646.0,0.9997461,0,0.9966363,0.6288598508715487,2
11652.0,1.0029181,0,1.0005969,0.4809158775712857,2
11657.0,1.0062965,0,1.0018181,0.4353001159986909,2
11661.0,1.0019828,0,0.9954916,0.6716168347274698,2
11662.0,1.0024903,0,1.0027369,0.4009769716994364,2
11665.0,1.0023961,0,1.0007551,0.4750068463718682,2
11697.0,0.99481857,0,1.0018897,0.4326239081985025,2
11706.0,1.0025939,0,1.0005583,0.4823586252039996,2
11712.0,0.99787366,0,1.0042514,0.3444070151377179,2
11716.0,1.0031675,0,0.99504584,0.6882685469883756,2
11721.0,0.99704933,0,0.9956864,0.6643407556168079,2
11724.0,0.99752873,0,1.0054722,0.2988046123394998,2
11731.0,1.0018405,0,0.9990249,0.539634370345302,2
11734.0,0.9944924,0,1.0023791,0.4143446519260013,2
11736.0,0.9969937,0,0.99747986,0.5973487285786487,2
11737.0,1.0034808,0,1.0024648,0.4111429990003183,2
11740.0,0.99664026,0,0.9992116,0.5326610901205184,2
11749.0,0.99834776,0,0.9981029,0.574075517151553,2
11753.0,1.0043572,0,0.99307555,0.7618664879559517,2
11755.0,0.99817455,0,0.9959228,0.6555106057536242,2
11757.0,0.99887145,0,0.9993032,0.5292390174176154,2
11765.0,1.0046481,0,1.0024363,0.4122072480256844,2
11766.0,1.0028096,0,1.0001055,0.4992708335652565,2
11769.0,1.0027251,0,1.003996,0.3539451800428816,2
11796.0,1.0044045,0,1.004896,0.3203255978608149,2
11819.0,1.0011736,0,0.99875534,0.549704659763149,2
11826.0,1.0058262,0,0.99488485,0.6942822219204129,2
11829.0,0.9986802,0,1.0035533,0.3704833427215831,2
11831.0,0.9977142,0,0.99763656,0.5914953589391352,2
11833.0,1.0066115,0,1.0034115,0.3757778702996596,2
11838.0,1.0047554,0,1.0057511,0.2883847683254553,2
11848.0,0.997589,0,0.9983294,0.5656149600461323,2
11849.0,1.0010322,0,1.0016665,0.440959783409738,2
11853.0,1.002985,0,1.0030832,0.3880412251777273,2
11856.0,1.0005188,0,1.0006155,0.4802212213036828,2
11864.0,1.0055847,0,0.99838006,0.5637224670093934,2
11869.0,0.9908141,0,0.9996097,0.5177905477765433,2
11876.0,1.0054256,0,0.99918705,0.5335783926277378,2
11879.0,1.008992,0,0.99865997,0.5532669995970103,2
11883.0,1.0015754,0,1.0009537,0.4675882736678519,2
11886.0,0.9951861,0,0.9985031,0.5591270486237123,2
11890.0,1.0021306,0,1.0024794,0.4105952892508622,2
11891.0,0.9996644,0,0.99968964,0.5148048617032883,2
11892.0,0.9947143,0,1.0030884,0.3878497494116573,2
11902.0,1.0001675,0,0.9974949,0.5967876600548154,2
11908.0,1.0095195,0,0.99823314,0.5692106968159361,2
11913.0,0.9975524,0,1.0047023,0.3275616006483458,2
11928.0,1.001023,0,1.0017735,0.436965509871021,2
11935.0,0.9967469,0,0.9990626,0.5382272461109268,2
11937.0,1.0041459,0,0.9956642,0.6651712260905769,2
11945.0,1.0035815,0,1.0049416,0.3186245805901461,2
11946.0,1.0060607,0,1.0024731,0.4108312942648555,2
11955.0,0.9980767,0,0.99647784,0.634777787920551,2
11956.0,1.0045807,0,0.999981,0.5039219135108417,2
11959.0,1.0012602,0,0.9997375,0.5130170123991691,2
11965.0,1.0007029,0,1.0000576,0.5010609093317718,2
11974.0,1.0054781,0,1.0029007,0.3948586530347795,2
11981.0,1.0001509,0,0.99788064,0.5823779954268462,2
11986.0,0.98843664,0,0.9972194,0.6070783692498826,2
11997.0,0.99248916,0,1.0002381,0.4943191811961892,2
589.0,0.96771693,1,0.9985197,0.5585058656151827,3
743.0,0.9770998,1,0.99987817,0.5077625611442236,3
765.0,0.94083023,1,0.99728405,0.6046626575500453,3
809.0,0.9698618,1,1.0011716,0.4594483271474786,3
834.0,0.9707955,1,0.99704367,0.6136419803937722,3
870.0,0.9596847,1,0.99467653,0.7020637079950038,3
1456.0,0.9635998,1,0.99414873,0.7217790325130304,3
2303.0,0.97753125,1,1.0004632,0.485907606263484,3
2336.0,0.9777158,1,0.9968413,0.6212008202287467,3
2345.0,0.94550735,1,0.9941902,0.7202294146853007,3
2978.0,0.9747459,1,0.99996746,0.5044273204747709,3
3168.0,0.97517794,1,1.000306,0.491781014064563,3
4189.0,0.97006434,1,1.0029212,0.3940927499704993,3
4301.0,0.95552266,1,0.9964075,0.6374050135480237,3
4556.0,0.9772409,1,0.99915963,0.5346025653299729,3
4880.0,0.95948184,1,0.9998743,0.5079072811999742,3
4934.0,0.9784623,1,0.9982421,0.5688767274565116,3
5091.0,0.9274087,1,1.0067117,0.2525031003488867,3
5093.0,0.9766889,1,0.9959876,0.6530904411289946,3
5098.0,0.9777043,1,1.0000061,0.502984572842057,3
5335.0,0.96908253,1,1.0013319,0.4534591433017991,3
5365.0,0.9785428,1,1.0008034,0.4732034118309759,3
5815.0,0.96625787,1,1.0002034,0.4956149823107563,3
6291.0,0.9378487,1,1.0005709,0.4818866151760129,3
6793.0,0.86126494,1,0.999587,0.5186388299494815,3
7645.0,0.97625536,1,0.9947433,0.6995700701113008,3
7861.0,0.97594935,1,0.99686927,0.6201566093649462,3
8141.0,0.9694434,1,0.9966135,0.6297103595068831,3
8146.0,0.97152245,1,0.995652,0.6656254244193942,3
8293.0,0.97733164,1,0.99779356,0.585630856987641,3
8392.0,0.9329166,1,1.0020453,0.4268128413445161,3
8580.0,0.97531706,1,0.9976675,0.5903398249555264,3
8612.0,0.9744956,1,0.99931353,0.5288538394230791,3
8957.0,0.9780178,1,0.99118555,0.8324653840758957,3
9466.0,0.9790668,1,0.9949327,0.6924943726162938,3
9691.0,0.9774275,1,0.9985843,0.5560946068401378,3
9907.0,0.9687417,1,0.9993081,0.5290564475011299,3
9972.0,0.95813304,1,0.99347794,0.7468356403194528,3
10305.0,0.9493257,1,1.0023024,0.4172078825674673,3
10361.0,0.97683233,1,0.99656713,0.6314425472510983,3
10432.0,0.96113974,1,0.99531513,0.6782093898825096,3
10523.0,0.9632948,1,0.994539,0.7072001567429527,3
10944.0,0.9784402,1,1.0031698,0.3848084017784982,3
11209.0,0.9785363,1,0.9974919,0.5968989831746236,3
11493.0,0.853896,1,1.0007311,0.4759018842551259,3
11693.0,0.97732544,1,0.9988672,0.5455255898455503,3
11771.0,0.975613,1,0.99466,0.702680438078741,3
11896.0,0.9373591,1,1.0030227,0.3903033109722293,3
4.0,1.0043266,0,1.0013852,0.4514686859196292,3
5.0,1.0016279,0,1.0009587,0.4674012508265741,3
6.0,0.9991153,0,0.99938107,0.526331257528226,3
7.0,1.0062816,0,1.0046084,0.3310705053846993,3
10.0,1.0052557,0,0.9994928,0.5221566405354197,3
15.0,0.9983577,0,1.0021206,0.4239985928757656,3
21.0,1.0025133,0,0.99748385,0.5971995555981058,3
25.0,1.0046415,0,0.99541,0.6746648617478175,3
27.0,1.004183,0,0.99990165,0.5068853349601352,3
29.0,1.004682,0,1.0035954,0.3689114602698917,3
32.0,0.99801445,0,1.0008672,0.4708166441422887,3
34.0,0.99645627,0,1.0002501,0.4938694357921641,3
40.0,1.0005465,0,1.002887,0.3953707393858972,3
43.0,0.9810093,0,1.0020719,0.4258198391158272,3
57.0,1.0068705,0,1.0026318,0.4049044513662686,3
62.0,1.0023391,0,1.0029824,0.3918083995520357,3
68.0,1.001772,0,1.000473,0.4855424664305132,3
78.0,0.9977758,0,1.0005193,0.4838147316110904,3
79.0,1.0017356,0,0.9956811,0.6645389107700665,3
80.0,1.0022557,0,0.99585795,0.6579329968406499,3
85.0,0.99985427,0,1.0030848,0.3879833371554271,3
90.0,0.99931145,0,0.9976265,0.5918716310840868,3
100.0,1.0050008,0,1.0029331,0.3936474574912667,3
103.0,1.0015388,0,0.9974197,0.5995952291363775,3
106.0,1.0078379,0,1.0018622,0.4336525338255299,3
107.0,0.9995159,0,0.99985224,0.5087310722865546,3
108.0,1.0011243,0,1.0022302,0.4199063549916173,3
109.0,0.99625975,0,1.0011896,0.4587759355038373,3
115.0,0.9997231,0,1.001515,0.4466194508207853,3
116.0,0.99637926,0,1.000548,0.4827415767361397,3
127.0,1.0097172,0,1.0022297,0.4199241666907867,3
129.0,1.0018916,0,1.0004601,0.4860233823080845,3
135.0,1.0026069,0,0.99696326,0.6166454781661965,3
137.0,0.99398243,0,0.9972084,0.6074880383307766,3
142.0,1.0030009,0,1.0052354,0.3076481209770607,3
149.0,1.0001978,0,1.0035886,0.3691652769830543,3
152.0,1.0003529,0,1.0003346,0.4907123121144046,3
170.0,1.0024465,0,0.9973228,0.6032154569925392,3
177.0,0.9984698,0,0.9995968,0.5182736901165108,3
178.0,0.9974624,0,1.0025417,0.4082708625092677,3
183.0,0.9937324,0,0.99386257,0.7324682784770107,3
184.0,0.98701495,0,0.99952674,0.5208897834320028,3
187.0,1.0003259,0,0.9986545,0.5534718341374574,3
192.0,1.0017315,0,0.9989665,0.5418163034935422,3
193.0,0.99956113,0,0.99856687,0.5567447338598175,3
194.0,1.0058327,0,1.0067173,0.2522938128836473,3
200.0,0.9986677,0,0.9987038,0.5516305497358303,3
202.0,0.9950739,0,1.0025519,0.4078879109771275,3
208.0,1.0057693,0,1.002652,0.4041474541515731,3
225.0,1.0032926,0,0.9960423,0.6510465486493167,3
228.0,0.99863166,0,1.0033293,0.378850388406365,3
238.0,1.0027003,0,1.0018674,0.4334566051346675,3
245.0,1.0032811,0,1.0021936,0.4212734029028616,3
247.0,1.0068879,0,0.9989224,0.543463885666703,3
264.0,0.99941355,0,0.9996318,0.5169645302275667,3
269.0,1.0025623,0,1.0018009,0.4359413371687859,3
277.0,1.0053303,0,0.9978242,0.584486455316013,3
278.0,1.0051265,0,0.999595,0.5183404839883956,3
281.0,1.0015607,0,1.004334,0.3413211382566354,3
289.0,0.9980478,0,0.9999378,0.5055360987480602,3
291.0,0.98996556,0,1.0005546,0.4824966658725618,3
295.0,1.0056534,0,0.9974952,0.5967765277428347,3
300.0,0.99746454,0,0.9986123,0.555048169513941,3
302.0,0.99584126,0,0.9983513,0.5647978483467404,3
305.0,1.001372,0,0.99523,0.6813887781842309,3
306.0,1.0012684,0,0.9986047,0.5553309302382538,3
308.0,1.0015819,0,1.002894,0.3951080168231499,3
311.0,1.0047641,0,1.002719,0.4016449104182855,3
316.0,1.0007448,0,1.0010601,0.4636118118283041,3
320.0,0.99553466,0,0.9980704,0.575288939157462,3
334.0,1.0011498,0,1.0012305,0.4572485823000692,3
335.0,1.0024104,0,1.002816,0.3980246825621238,3
337.0,1.0001737,0,0.99674135,0.6249345976671127,3
341.0,1.0042044,0,1.0014815,0.4478707226874292,3
348.0,0.9828608,0,0.997826,0.584419661444128,3
352.0,1.0035806,0,1.0006012,0.480755572278762,3
359.0,1.003015,0,0.999079,0.5376149689519819,3
366.0,1.0093485,0,1.0060943,0.2755647978483467,3
368.0,1.000802,0,0.99988097,0.5076579174116038,3
373.0,0.9972853,0,1.0035743,0.3696996279581336,3
375.0,1.0003175,0,1.0046043,0.3312219048276383,3
379.0,0.9980704,0,0.9958618,0.6577882767848993,3
382.0,0.999942,0,1.0040002,0.3537893276751502,3
384.0,1.0098461,0,1.0031254,0.3864648898012437,3
387.0,1.0060321,0,1.0001539,0.4974629460995718,3
391.0,1.0016985,0,1.0013833,0.4515399327163064,3
392.0,1.0052385,0,0.99889576,0.544459114357788,3
402.0,1.0037364,0,0.99787647,0.5825338477945776,3
403.0,0.9971605,0,0.9983634,0.5643458764803192,3
404.0,0.9938899,0,0.99988157,0.5076356527876422,3
406.0,1.0061908,0,1.0049101,0.3198001527353203,3
408.0,1.0033975,0,1.003315,0.3793847393814442,3
411.0,1.0029535,0,1.0079592,0.2059032423971875,3
417.0,1.001538,0,1.0070121,0.2412817298722233,3
430.0,0.99835396,0,0.99948984,0.5222679636552279,3
436.0,1.0024325,0,0.9970119,0.6148286848509272,3
437.0,1.0007125,0,0.9980436,0.5762908472357355,3
441.0,1.0022053,0,1.0031703,0.3847905900793288,3
447.0,0.9966219,0,1.0006171,0.4801588803565902,3
450.0,0.99525344,0,0.99972427,0.5135112870511174,3
460.0,1.0035572,0,1.0018572,0.4338395566668076,3
462.0,1.0039442,0,0.99892116,0.5435106413770225,3
464.0,0.995067,0,0.99974215,0.5128433483322683,3
466.0,0.99881643,0,1.0026665,0.4036086502517015,3
473.0,1.001474,0,1.0032238,0.3827912268475741,3
474.0,1.0027082,0,1.0012472,0.4566251728291435,3
484.0,1.0022544,0,0.9970751,0.612468634710994,3
489.0,0.98855674,0,0.99853367,0.5579848734144804,3
490.0,1.0042177,0,1.0021707,0.4221283644629884,3
493.0,1.0026479,0,1.0037653,0.3625615895160339,3
494.0,1.0008788,0,0.9981542,0.5721585330284564,3
495.0,1.0038068,0,0.99697435,0.6162313561605102,3
508.0,0.9992412,0,1.0007634,0.4746951416364053,3
509.0,0.9995593,0,1.0008239,0.4724375087666956,3
515.0,1.004651,0,1.0001713,0.4968128190798921,3
516.0,1.0049524,0,0.9963959,0.6378391737152755,3
526.0,1.0022793,0,0.99981165,0.5102472931783419,3
527.0,1.0014801,0,1.0016621,0.4411245416270541,3
529.0,0.99780786,0,0.99921924,0.5323761029338094,3
538.0,1.0007905,0,1.0032606,0.3814152730867451,3
550.0,1.0053201,0,0.99501115,0.6895643481029428,3
551.0,1.0016664,0,1.002852,0.3966798992748411,3
555.0,0.99678457,0,0.99795455,0.5796171820556038,3
564.0,1.0071461,0,1.0023117,0.4168605544336659,3
569.0,0.99815065,0,0.99799955,0.5779362029465003,3
574.0,0.99521905,0,1.0003834,0.4888910658743429,3
578.0,0.9967706,0,0.99808514,0.5747390029456098,3
579.0,1.0068117,0,0.99940103,0.5255853926255112,3
580.0,0.9994059,0,1.0006164,0.4801855979053442,3
594.0,1.0042893,0,0.992628,0.7785849940887424,3
600.0,1.0053052,0,0.9982076,0.5701636227214941,3
601.0,0.9969402,0,0.99964803,0.5163589324558102,3
603.0,0.9959834,0,1.0005162,0.4839305076556909,3
604.0,1.0030608,0,1.0001758,0.4966436079377837,3
608.0,0.9989952,0,0.9999415,0.5053958316171019,3
610.0,1.0032005,0,1.0032568,0.3815577666800996,3
614.0,1.0010016,0,0.99887794,0.5451248266142409,3
617.0,1.0040863,0,1.0024723,0.4108624647384018,3
624.0,0.9990618,0,0.9997424,0.5128344424826836,3
628.0,0.9987481,0,1.0023925,0.4138414714244683,3
636.0,1.0040812,0,0.99836147,0.5644171232769963,3
643.0,0.996936,0,1.001865,0.4335456636305141,3
659.0,1.0025969,0,0.9980444,0.5762619032245855,3
666.0,1.0012134,0,1.0010809,0.4628370029144393,3
669.0,0.9969532,0,1.0007676,0.4745392892686739,3
672.0,1.0027593,0,0.99853665,0.5578735502946723,3
674.0,1.0052325,0,0.99839395,0.5632037012710873,3
679.0,1.0032532,0,1.0006247,0.4798783460946736,3
683.0,0.9993987,0,1.0030174,0.3904992396630917,3
687.0,1.0057485,0,1.0020342,0.4272269633502025,3
689.0,1.0022907,0,0.99719447,0.6080090305314788,3
690.0,1.0032381,0,0.9994022,0.525540863377588,3
693.0,0.99021786,0,0.9972418,0.6062412193889251,3
697.0,1.0015398,0,1.0032433,0.3820609471816325,3
704.0,0.98841065,0,1.002422,0.4127415990007637,3
706.0,0.99581844,0,1.0002444,0.4940831761821959,3
708.0,1.0058713,0,1.000748,0.4752695689346154,3
722.0,1.0032865,0,1.0060142,0.2785571633087903,3
739.0,1.0084293,0,1.0002936,0.492244118242965,3
741.0,0.9999167,0,1.0015424,0.4455952781185502,3
749.0,1.0030216,0,0.9998714,0.5080163778573862,3
750.0,1.0004905,0,1.0020889,0.4251830708705245,3
751.0,1.0041609,0,1.0004472,0.4865087511104481,3
754.0,1.0060555,0,1.0036713,0.3660749471771797,3
762.0,1.0015243,0,1.0011162,0.4615189371759105,3
763.0,1.0020297,0,1.0032473,0.3819140006634858,3
773.0,0.9977438,0,1.0022974,0.4173949054087451,3
775.0,0.99940354,0,1.0013431,0.4530405683713204,3
780.0,0.9997191,0,0.9969978,0.6153563564388179,3
782.0,1.0031496,0,1.0034592,0.3739967003827289,3
796.0,0.99934644,0,1.0055999,0.2940355298869179,3
803.0,1.0053823,0,1.005997,0.2792028374036777,3
814.0,1.0072042,0,1.004652,0.3294407349107077,3
815.0,0.9996091,0,1.001506,0.4469578731050022,3
818.0,1.007301,0,1.0018437,0.4343427371683406,3
822.0,1.0015762,0,1.001994,0.4287275990052166,3
823.0,0.9996037,0,0.99996865,0.5043827912268476,3
826.0,1.0019597,0,0.99548227,0.6719663893236676,3
827.0,1.0051045,0,1.0015413,0.4456398073664734,3
829.0,1.0012891,0,1.001069,0.4632822953936719,3
837.0,0.9982105,0,1.0022668,0.418539307080373,3
842.0,0.99862874,0,0.99746376,0.5979498734256128,3
856.0,0.9868223,0,0.9974862,0.5971127235646554,3
858.0,0.9953129,0,0.9983227,0.5658643238345026,3
893.0,0.9981696,0,1.0073854,0.2273396223474483,3
896.0,1.0032742,0,1.0017731,0.436978868645398,3
903.0,1.0065162,0,1.0028903,0.395246057491712,3
905.0,1.0066748,0,1.0030707,0.3885087822809216,3
906.0,1.0050759,0,1.0018989,0.4322810329894933,3
911.0,1.0066065,0,0.99463946,0.7034485676054174,3
914.0,0.997837,0,0.9978087,0.5850653355390154,3
919.0,1.0006058,0,1.0005596,0.482309643031284,3
923.0,1.0028702,0,1.0057498,0.288433750498171,3
925.0,0.99785185,0,1.0056381,0.292606141028581,3
927.0,0.99877167,0,0.9993158,0.5287692338520249,3
929.0,0.9978181,0,1.0005187,0.483836996235052,3
936.0,0.99968415,0,1.0043259,0.3416239371425136,3
944.0,1.0067507,0,1.0042787,0.343387295360275,3
948.0,1.004379,0,1.0039598,0.3552988691797489,3
951.0,0.998678,0,0.99672383,0.6255891776115847,3
952.0,1.0020115,0,1.0025408,0.408302032982814,3
959.0,1.0002384,0,1.0034798,0.3732263443936563,3
969.0,0.999429,0,1.001974,0.4294756903703275,3
972.0,1.0044966,0,1.0038167,0.3606423789305411,3
996.0,0.9995529,0,1.0006872,0.4775405605787021,3
998.0,1.0033747,0,1.003061,0.3888694691891001,3
1003.0,0.99600774,0,0.9969349,0.6177052742667704,3
1009.0,0.9974455,0,0.99420214,0.719784122206068,3
1012.0,0.993318,0,1.0068676,0.2466786747205233,3
1019.0,0.99868995,0,0.9990912,0.5371585441607685,3
1022.0,1.000849,0,0.99644417,0.6360357391743832,3
1028.0,1.0051265,0,1.0005181,0.4838592608590137,3
1035.0,0.9987121,0,1.0036945,0.3652066268426759,3
1037.0,0.9973679,0,0.9974645,0.5979231558768587,3
1040.0,1.0018848,0,0.99729913,0.604099362563816,3
1043.0,1.0057588,0,1.0015728,0.4444597822965069,3
1045.0,1.0052044,0,1.0010297,0.4647473076503474,3
1050.0,0.9932775,0,0.99827087,0.5678013461191647,3
1053.0,1.006965,0,1.001831,0.4348147471963272,3
1074.0,0.99781847,0,1.0015868,0.4439387900958047,3
1077.0,0.99018234,0,0.9978341,0.5841168625582498,3
1078.0,1.007298,0,1.0052247,0.3080488842083702,3
1084.0,1.0035136,0,1.0002681,0.4931970441485228,3
1086.0,1.0058998,0,1.0051569,0.3105825984152041,3
1096.0,1.0016084,0,0.9981795,0.5712145129724832,3
1104.0,1.0004872,0,1.0042729,0.3436010357503066,3
1107.0,0.99962765,0,0.9987323,0.550564074248068,3
1109.0,1.0037491,0,0.9957342,0.6625551327750849,3
1114.0,1.0030365,0,0.99798757,0.5783837218881291,3
1115.0,0.99724764,0,1.0034631,0.3738497538645821,3
1124.0,0.9999754,0,0.998277,0.5675720204923599,3
1132.0,1.0065565,0,0.9995054,0.5216868569698292,3
1134.0,1.0000341,0,1.000252,0.493798188995487,3
1136.0,1.0001335,0,0.99648976,0.6343324954413183,3
1139.0,1.002997,0,1.0035145,0.3719305432790892,3
1142.0,1.0047591,0,0.99866635,0.5530287681206209,3
1151.0,1.0048851,0,0.9942923,0.7164154846006728,3
1156.0,0.9997452,0,0.99749744,0.5966919221717805,3
1166.0,1.0055153,0,1.0069597,0.243241016780847,3
1167.0,0.9994564,0,0.99985456,0.5086442402531042,3
1171.0,0.9971549,0,1.0024135,0.4130577566610188,3
1174.0,1.0087593,0,0.9966625,0.6278802074172368,3
1178.0,0.9995768,0,0.9971973,0.6079043867988592,3
1181.0,1.00329,0,0.9999616,0.5046455137895949,3
1184.0,1.0006524,0,1.0001619,0.4971646001384859,3
1203.0,1.0107366,0,0.9981806,0.5711722101869561,3
1204.0,1.0019248,0,0.99891096,0.5438913664467664,3
1213.0,1.0018036,0,1.0025138,0.4093128469106721,3
1216.0,0.9991033,0,0.99753547,0.5952714391630283,3
1229.0,0.9999917,0,1.0060588,0.2768917694364601,3
1231.0,1.0087223,0,0.99986935,0.5080920775788558,3
1241.0,0.99825263,0,1.0055076,0.2974820936761788,3
1251.0,0.99577713,0,1.0010074,0.4655800045865125,3
1252.0,0.99462897,0,1.0033649,0.3775189638934593,3
1257.0,1.0017922,0,1.0023543,0.4152708602828052,3
1260.0,0.99970365,0,1.0031745,0.384630284786805,3
1263.0,1.0015959,0,1.001809,0.4356385382829076,3
1264.0,1.0074463,0,1.0054485,0.2996907443731729,3
1269.0,1.004733,0,1.0017203,0.4389515143283987,3
1277.0,1.0010135,0,1.0009774,0.4667021416341789,3
1289.0,1.0025682,0,0.9982413,0.5689056714676617,3
1291.0,1.0004929,0,1.0008658,0.4708700792397967,3
1306.0,1.000595,0,1.0004365,0.4869050614169652,3
1308.0,0.9987586,0,1.0019271,0.4312256898137119,3
1312.0,1.0001307,0,0.99970996,0.5140456380261966,3
1319.0,1.0016854,0,0.9999484,0.5051397884415432,3
1320.0,1.0073656,0,0.99923205,0.5318974135186344,3
1327.0,0.9999205,0,1.0016185,0.4427543121010457,3
1329.0,0.9988532,0,1.0012516,0.4564604146118274,3
1331.0,1.0005054,0,1.0033882,0.3766506435589556,3
1333.0,0.99536,0,1.0017375,0.4383102931583037,3
1336.0,0.9976795,0,0.9979793,0.5786932001611959,3
1338.0,1.0012238,0,1.0002854,0.4925513700536355,3
1371.0,0.9992582,0,0.9982733,0.567710061160922,3
1374.0,1.0017836,0,1.0008192,0.4726111728335964,3
1381.0,1.0031486,0,0.9974242,0.5994282444566652,3
1383.0,1.004782,0,1.0021882,0.4214737845185163,3
1391.0,1.0088403,0,1.00375,0.363136016814244,3
1414.0,0.99807256,0,1.0025709,0.4071798959351476,3
1438.0,0.99737704,0,0.9998638,0.508299138581699,3
1439.0,0.99696064,0,1.0042025,0.3462327143025717,3
1465.0,1.0062387,0,1.0045764,0.3322638892290428,3
1467.0,1.0045279,0,0.99784815,0.5835914174327552,3
1473.0,1.003792,0,0.9986125,0.5550392636643564,3
1478.0,1.0001502,0,1.0029112,0.3944667956530548,3
1486.0,0.9962737,0,0.9949279,0.692674716070383,3
1489.0,0.9981195,0,1.0028645,0.3962123421716469,3
1497.0,1.0026387,0,1.0036571,0.3666048452274665,3
1499.0,1.0010383,0,1.0054109,0.3010934156827558,3
1504.0,1.0004575,0,0.9975512,0.5946836530904411,3
1513.0,0.998317,0,1.0013599,0.4524127059756024,3
1526.0,0.9867847,0,0.99375427,0.7365137606508395,3
1531.0,1.0064361,0,1.0020195,0.4277746730996586,3
1532.0,1.0053614,0,1.0020496,0.4266525360519924,3
1534.0,0.9918932,0,1.0066779,0.2537677309899074,3
1540.0,1.0017751,0,0.99931276,0.5288827834342291,3
1541.0,1.0032126,0,0.99827516,0.567641040826641,3
1542.0,1.0064803,0,1.0023559,0.4152085193357127,3
1552.0,1.0056564,0,1.0050929,0.3129738190286835,3
1555.0,1.0014385,0,0.9996278,0.5171137032081097,3
1557.0,1.0017395,0,1.0016675,0.4409241600113994,3
1584.0,0.9994242,0,1.0006078,0.4805062084903917,3
1592.0,0.99613976,0,0.9957406,0.6623169012986956,3
1593.0,1.0002372,0,1.0048994,0.3202009159666298,3
1595.0,1.0023797,0,0.99868685,0.5522628650563406,3
1596.0,0.99583745,0,1.0004121,0.4878179109993922,3
1597.0,1.0019082,0,1.0024836,0.4104394368831308,3
1614.0,0.99989843,0,1.0021259,0.4238026641849032,3
1616.0,1.0007731,0,1.0008218,0.4725132084881652,3
1619.0,0.9993043,0,0.9996884,0.5148516174136077,3
1627.0,1.001289,0,1.004024,0.3528987427166848,3
1628.0,1.0015079,0,1.0042702,0.3437034530205302,3
1631.0,1.0048271,0,1.0007757,0.4742364903827957,3
1639.0,0.9988113,0,1.0031667,0.3849241778230986,3
1647.0,0.9937516,0,1.0006608,0.4785291098825986,3
1653.0,1.0058657,0,1.0056145,0.2934878201374618,3
1658.0,1.0046874,0,1.0016214,0.4426474419060299,3
1660.0,0.9929161,0,0.9972966,0.604195100446851,3
1687.0,1.0003859,0,1.0001763,0.4966257962386144,3
1691.0,0.9976902,0,1.0002704,0.4931124385774686,3
1699.0,1.0013496,0,0.9971251,0.610600632760613,3
1702.0,1.0036726,0,1.003984,0.3543949254469066,3
1712.0,1.0058749,0,1.0066198,0.2559363053637705,3
1717.0,0.98946077,0,0.9973316,0.602885940557907,3
1727.0,0.9983512,0,1.0034975,0.372567311524392,3
1736.0,1.0021625,0,1.0043194,0.3418643950812993,3
1744.0,0.99975634,0,1.0002573,0.4936022603046246,3
1748.0,1.0072429,0,1.0004537,0.4862638402468702,3
1755.0,0.99955416,0,0.9998283,0.5096261101698123,3
1766.0,1.0022634,0,1.0039364,0.356171642439045,3
1767.0,1.0016663,0,0.99594504,0.6546801352798552,3
1768.0,0.9995233,0,1.0006173,0.4801544274317979,3
1773.0,1.0024521,0,0.99958956,0.5185430920664466,3
1776.0,0.9927582,0,1.0040236,0.3529165544158542,3
1781.0,0.99625933,0,1.0012587,0.4561932391242878,3
1783.0,0.99734,0,1.0012697,0.4557835700433937,3
1788.0,1.0040234,0,1.0012347,0.4570927299323378,3
1790.0,1.007115,0,0.99743336,0.5990853692476561,3
1792.0,1.0017943,0,1.0038649,0.358843397314441,3
1798.0,1.0062387,0,0.9952435,0.680885597682698,3
1800.0,1.0032876,0,1.0027479,0.4005673026185424,3
1801.0,1.0044045,0,0.9970831,0.612168062287512,3
1808.0,0.99927765,0,0.99865353,0.5535074575357959,3
1820.0,0.9983781,0,1.0012021,0.458308378400643,3
1827.0,1.0009938,0,1.0002387,0.4942969165722275,3
1831.0,0.9996911,0,1.0035187,0.3717746909113578,3
1835.0,1.0029501,0,0.99625874,0.6429622636888475,3
1838.0,1.003992,0,1.0017462,0.4379852296484638,3
1842.0,0.9930316,0,0.9973084,0.6037542608924107,3
1850.0,1.0014552,0,0.9992316,0.5319152252178037,3
1855.0,0.9990821,0,1.0035998,0.3687467020525756,3
1859.0,1.0014207,0,0.9975126,0.596126400723155,3
1869.0,0.99726695,0,0.99753386,0.5953315536477246,3
1873.0,1.0037003,0,0.99976224,0.5120930305047613,3
1876.0,1.0002434,0,1.0014251,0.4499769561141997,3
1877.0,1.0012143,0,0.999285,0.5299203149108414,3
1883.0,0.9983057,0,1.0003023,0.4919190547331251,3
1889.0,0.9996725,0,0.998538,0.5578223416595605,3
1891.0,0.99792,0,1.0026762,0.4032435104187307,3
1894.0,0.99787706,0,1.0001633,0.4971111650409781,3
1896.0,0.99867177,0,0.99927884,0.5301496405376461,3
1897.0,1.0070984,0,1.002001,0.4284648764424693,3
1906.0,0.99845487,0,0.9992103,0.5327100722932341,3
1911.0,0.9963691,0,0.99660844,0.6298996088105571,3
1913.0,1.0030708,0,1.0041356,0.348730805111067,3
1915.0,0.99994135,0,1.0095582,0.1461761621577092,3
1922.0,1.0020821,0,1.0002153,0.4951696898315235,3
1924.0,1.001382,0,1.0037818,0.3619470858946928,3
1929.0,1.0068353,0,1.0008701,0.4707097739472728,3
1930.0,1.0045191,0,0.9921483,0.796503563453065,3
1937.0,0.99751705,0,0.9977168,0.5884985405538994,3
1940.0,0.99925107,0,1.0000064,0.5029712140676801,3
1952.0,1.0020294,0,0.9978806,0.5823802218892424,3
1953.0,0.99965173,0,1.0065459,0.2586971187350131,3
1954.0,1.0013068,0,1.0025413,0.4082842212836446,3
1961.0,0.99698395,0,0.9994338,0.5243608383076215,3
1966.0,1.0005877,0,0.99665546,0.6281429299799841,3
1969.0,1.0023193,0,1.0045487,0.3333014207056549,3
1979.0,0.9996365,0,1.0093943,0.1522989337471585,3
1981.0,0.9982368,0,1.0030618,0.3888427516403462,3
1991.0,0.9947543,0,1.0005128,0.4840551895498761,3
1995.0,1.003925,0,1.0034951,0.3726563700202385,3
2000.0,0.9997833,0,0.9991852,0.5336474129620188,3
2007.0,1.0037401,0,1.0097959,0.1372970301218097,3
2008.0,1.0049862,0,1.0047045,0.327481448002084,3
2019.0,1.0028929,0,1.000802,0.4732523940036914,3
2023.0,1.002129,0,1.0006708,0.4781550642000431,3
2027.0,1.0010525,0,0.998438,0.5615583455603226,3
2037.0,1.0033541,0,0.99896127,0.5420122321844045,3
2039.0,0.9981405,0,1.0020928,0.4250361243523777,3
2041.0,1.001545,0,0.9979085,0.581338237487838,3
2048.0,1.0038277,0,1.0032233,0.3828090385467434,3
2050.0,1.0020282,0,1.0078417,0.2102938262424216,3
2051.0,1.0029185,0,0.99931395,0.5288382541863059,3
2065.0,0.99925214,0,1.0030107,0.390748603451462,3
2066.0,1.0092561,0,1.0002688,0.4931703265997689,3
2069.0,1.002943,0,0.99376166,0.7362376793137153,3
2072.0,0.99883264,0,1.0014466,0.4491754296515808,3
2076.0,1.0029169,0,1.0012867,0.4551468017980911,3
2077.0,0.9961411,0,0.9974552,0.5982704840106603,3
2092.0,0.9974457,0,0.9963285,0.6403573026853363,3
2094.0,1.0009267,0,0.9992756,0.5302698695070389,3
2102.0,1.0013378,0,1.0016019,0.4433732686471792,3
2107.0,0.99852794,0,0.9976,0.5928601803879834,3
2130.0,1.0052193,0,1.0010729,0.4631353488755252,3
2136.0,0.9994034,0,0.9954548,0.6729927884882989,3
2141.0,1.004499,0,1.0011904,0.458744765030291,3
2142.0,0.99727744,0,1.003232,0.3824839750369035,3
2152.0,0.9958477,0,1.0017642,0.4373128380048225,3
2154.0,1.0083768,0,1.000344,0.4903605310558107,3
2160.0,1.001776,0,1.0018003,0.4359636017927475,3
2161.0,1.009369,0,0.99877363,0.5490211358075268,3
2162.0,0.99976057,0,1.0023046,0.4171277299212055,3
2168.0,0.9992988,0,1.0011008,0.4620933644741207,3
2175.0,0.9992446,0,0.99160707,0.8167198420102284,3
2181.0,0.998931,0,0.9971869,0.6082917912557916,3
2184.0,0.9982871,0,0.99734694,0.602313739722093,3
2191.0,1.0025666,0,0.99690783,0.6187160881946284,3
2200.0,1.003012,0,1.005176,0.3098701304484318,3
2208.0,0.99786294,0,0.99665004,0.628345538058035,3
2211.0,1.002129,0,1.003343,0.3783383020552474,3
2213.0,1.0045034,0,1.0027362,0.4010036892481904,3
2215.0,1.0021352,0,0.9993864,0.5261308759125713,3
2229.0,0.9946735,0,1.0013808,0.4516334441369453,3
2230.0,0.9987633,0,0.9994308,0.5244743878898257,3
2242.0,1.0003865,0,1.0007864,0.4738357271514862,3
2271.0,1.0006124,0,0.99635094,0.6395179263619828,3
2275.0,1.005893,0,1.0003719,0.4893185466544063,3
2279.0,1.0017896,0,1.0044979,0.3351983666671861,3
2280.0,0.9970612,0,0.9983617,0.5644082174274118,3
2287.0,0.97968787,0,0.99280894,0.7718254542539904,3
2293.0,1.0055729,0,1.0023477,0.4155157711463833,3
2306.0,0.9971506,0,0.9992224,0.5322581004268128,3
2313.0,1.0003833,0,0.9995452,0.5201995800891921,3
2325.0,1.00545,0,1.0050507,0.3145501544051672,3
2328.0,1.0101413,0,1.0034225,0.3753682012187654,3
2332.0,0.9997997,0,0.99591684,0.6557332519932404,3
2333.0,1.0039581,0,1.0002866,0.4925068408057121,3
2338.0,1.0045508,0,1.0035696,0.3698732920250344,3
2356.0,1.0025555,0,1.0034833,0.3730972095746788,3
2360.0,1.0049725,0,1.0016237,0.4425583834101834,3
2368.0,1.0006355,0,1.001728,0.4386620742168975,3
2371.0,1.0037327,0,0.99891835,0.5436152851096421,3
2373.0,1.0033532,0,1.0002544,0.4937091304996404,3
2375.0,1.0022606,0,1.0032818,0.3806226524737111,3
2384.0,0.99787575,0,1.000218,0.4950672725613001,3
2402.0,0.99421465,0,1.0009652,0.4671563399629962,3
2419.0,1.0056978,0,1.0021228,0.4239184402295037,3
2420.0,0.9980389,0,1.0032483,0.3818739243403548,3
2427.0,0.9993206,0,1.0010265,0.4648675366197402,3
2438.0,1.0053325,0,1.0054172,0.3008574106687625,3
2442.0,0.99809545,0,0.9995171,0.5212504703401812,3
2447.0,0.99808884,0,1.0068104,0.2488160786208401,3
2449.0,0.9985025,0,0.9952901,0.6791445040888981,3
2451.0,0.98253816,0,0.99663556,0.6288865684203027,3
2455.0,1.0041718,0,1.0034156,0.3756264708567205,3
2456.0,0.9892479,0,0.9940103,0.7269488781969217,3
2466.0,1.0012388,0,0.9958063,0.6598633397381235,3
2468.0,1.0006844,0,0.99930495,0.5291744500081266,3
2470.0,0.99863863,0,0.9953544,0.6767421511634379,3
2472.0,0.99651814,0,0.9982617,0.5681442213281739,3
2477.0,1.0023576,0,0.9998394,0.5092097617017297,3
2479.0,1.0093398,0,1.0006595,0.4785780920553142,3
2485.0,1.0015106,0,0.9979843,0.5785061773199182,3
2490.0,1.004238,0,1.0025809,0.4068058502525922,3
2496.0,1.0030925,0,1.0039357,0.356198359987799,3
2498.0,0.98090214,0,0.9986086,0.5551862101825031,3
2502.0,1.0034169,0,0.9973532,0.6020799611704959,3
2504.0,0.99954754,0,1.007947,0.2063618936507971,3
2511.0,1.0002649,0,0.99552226,0.6704724330558419,3
2512.0,0.9979376,0,1.0007628,0.4747174062603669,3
2526.0,0.99845266,0,0.99984723,0.5089180951278323,3
2533.0,1.0023707,0,0.99871534,0.5511986160309745,3
2534.0,1.0003079,0,0.99947107,0.5229692993100192,3
2543.0,0.9993076,0,0.99913555,0.5355020561380228,3
2548.0,0.99515426,0,1.003552,0.3705323248942986,3
2549.0,0.999058,0,0.9991797,0.5338522475024658,3
2556.0,0.99980396,0,1.0011091,0.4617816597386578,3
2558.0,0.9980362,0,0.99868655,0.5522739973683215,3
2562.0,1.0021392,0,0.99635947,0.6391995422393313,3
2567.0,1.0075564,0,1.001258,0.4562199566730417,3
2568.0,1.0015451,0,1.0031211,0.3866251950937674,3
2574.0,0.98770475,0,1.003321,0.3791576402170356,3
2585.0,0.97910297,0,1.0018396,0.4344941366112796,3
2588.0,0.99636996,0,0.99618375,0.6457631533832209,3
2591.0,0.9991123,0,1.0018239,0.4350819226838668,3
2603.0,1.0034385,0,1.0023781,0.4143802753243399,3
2610.0,1.0030817,0,0.9988348,0.5467367853890632,3
2612.0,0.99752647,0,0.99990326,0.5068252204754388,3
2619.0,0.9966409,0,0.99855816,0.5570697973696573,3
2625.0,1.0034813,0,0.9998918,0.5072527012555021,3
2626.0,0.99816656,0,0.99741834,0.5996464377714892,3
2629.0,1.0053157,0,0.9962185,0.6444651258062577,3
2634.0,1.0002377,0,1.0016135,0.4429413349423234,3
2635.0,1.0085797,0,1.0003893,0.4886684196347266,3
2641.0,0.9927457,0,1.0032322,0.382475069187319,3
2645.0,0.998836,0,1.0010568,0.4637364937224892,3
2654.0,1.0003122,0,0.99868286,0.5524120380368835,3
2655.0,1.0021464,0,1.0029391,0.3934248112516504,3
2656.0,0.9984747,0,1.0003264,0.491019563925075,3
2660.0,0.9959361,0,1.0002356,0.4944126926168281,3
2670.0,1.0013211,0,0.99903005,0.539442894579232,3
2681.0,0.99615574,0,1.005295,0.3054216585808974,3
2705.0,1.003611,0,0.9975167,0.5959727748178197,3
2714.0,1.0016998,0,1.0015463,0.4454527845251957,3
2718.0,1.0096755,0,1.0027163,0.4017473276885089,3
2726.0,0.99848795,0,1.0002735,0.4929966625328681,3
2731.0,1.0010794,0,0.98930824,0.9025900437054568,3
2738.0,0.9974468,0,1.000808,0.4730297477640751,3
2741.0,0.9952717,0,0.9925554,0.7812968252872693,3
2745.0,1.0059962,0,0.99877506,0.5489677007100189,3
2749.0,1.0032669,0,1.0073457,0.2288224463032931,3
2750.0,0.9972426,0,1.0027113,0.4019343505297867,3
2752.0,1.0003673,0,1.00313,0.3862956786591353,3
2754.0,1.0004908,0,0.9962811,0.6421273402902862,3
2755.0,1.0057728,0,0.99687076,0.6201009478050421,3
2773.0,0.99870986,0,0.999578,0.5189750257713022,3
2774.0,0.99850285,0,1.0029404,0.3933758290789347,3
2777.0,1.0044913,0,1.0012413,0.4568433661439675,3
2779.0,0.99688333,0,0.9996455,0.5164546703388453,3
2782.0,0.9999057,0,0.9995381,0.5204645291143355,3
2803.0,1.0065053,0,1.0015821,0.4441124541627054,3
2815.0,1.0029469,0,0.99894625,0.5425733007082376,3
2822.0,1.0029621,0,1.0054408,0.2999757315598818,3
2823.0,1.0020728,0,1.0053778,0.3023313287750226,3
2828.0,0.9895221,0,1.002658,0.4039248079119567,3
2833.0,1.0059689,0,1.0032424,0.3820965705799711,3
2838.0,0.9966743,0,0.99559647,0.6677004873726184,3
2843.0,1.0050151,0,0.9995406,0.5203710176936966,3
2861.0,1.0030313,0,1.0005586,0.4823452664296226,3
2877.0,0.99788725,0,0.9985795,0.5562727238318308,3
2879.0,1.0012943,0,1.0021024,0.4246798903689915,3
2880.0,1.0026006,0,1.0006235,0.4799228753425969,3
2894.0,0.9962511,0,0.9918551,0.8074555319797927,3
2904.0,0.99821377,0,0.99366754,0.7397532634372572,3
2906.0,1.0022254,0,0.9975486,0.5947816174358723,3
2908.0,0.98465335,0,0.99488425,0.6943044865443745,3
2913.0,1.0038632,0,0.9972054,0.607601587912981,3
2919.0,1.0061506,0,0.9978276,0.5843595469594316,3
2920.0,1.0061041,0,0.9998174,0.5100335527883102,3
2925.0,1.0017989,0,0.9948514,0.6955312673246605,3
2926.0,1.0033404,0,1.004648,0.3295921343536468,3
2945.0,1.0048645,0,0.99631476,0.6408693890364539,3
2946.0,1.003563,0,1.0039415,0.3559801666729749,3
2953.0,1.0038205,0,0.99682266,0.6218977029587458,3
2955.0,1.0064663,0,0.9983485,0.56490249207936,3
2958.0,1.0003214,0,1.0029781,0.3919687048445595,3
2965.0,0.9973888,0,1.0017278,0.4386709800664822,3
2971.0,1.0012277,0,1.0007226,0.4762180419153811,3
2981.0,0.9967861,0,1.0040208,0.3530189716860776,3
2982.0,1.0049917,0,1.0013268,0.4536506190678693,3
2985.0,1.000702,0,0.99964035,0.5166461461049154,3
2988.0,0.99977565,0,1.000812,0.472878348321136,3
2990.0,0.99997115,0,0.9996133,0.5176569600327735,3
3000.0,1.0021117,0,1.0005274,0.4835119327252122,3
3003.0,0.9999328,0,0.99882627,0.5470551695117145,3
3009.0,1.0005482,0,1.0032271,0.382666544953389,3
3016.0,0.9972681,0,0.99675196,0.6245382873605956,3
3024.0,1.0018697,0,1.0002623,0.4934152374633468,3
3036.0,0.99863255,0,1.0026538,0.4040806602796882,3
3037.0,1.0028753,0,0.9998624,0.5083525736792068,3
3039.0,1.0007746,0,0.99727994,0.6048162834553805,3
3041.0,1.0012195,0,1.0026085,0.4057727717007723,3
3042.0,1.005184,0,0.9996663,0.5156776349625842,3
3046.0,0.997517,0,1.0059311,0.281660851889042,3
3048.0,1.0064799,0,0.9997028,0.5143128135137361,3
3049.0,1.0020386,0,1.0005924,0.4810850887133941,3
3060.0,1.0018939,0,1.0024544,0.4115304034572508,3
3079.0,0.9960438,0,0.9985106,0.5588465143617957,3
3080.0,0.9970991,0,1.0051134,0.3122079159644033,3
3082.0,0.9846647,0,1.0075665,0.2205756295879041,3
3085.0,1.0078732,0,0.9995197,0.5211525059947499,3
3089.0,1.0111387,0,1.0065935,0.2569204017428748,3
3099.0,1.0034649,0,1.0049089,0.3198446819832437,3
3101.0,1.003184,0,1.0009336,0.4683363650329627,3
3103.0,1.0028843,0,0.999559,0.5196852672756783,3
3105.0,1.0069791,0,1.0020789,0.4255571165530799,3
3111.0,0.99750113,0,0.9973055,0.6038611310874265,3
3120.0,0.9977844,0,1.0047538,0.3256379371380606,3
3122.0,0.9979034,0,1.0011599,0.4598847137771267,3
3124.0,1.0005692,0,0.99672216,0.6256515185586773,3
3126.0,0.9987196,0,1.0051159,0.3121144045437645,3
3134.0,0.9903392,0,0.99586636,0.6576190656427908,3
3138.0,0.98878914,0,0.99631155,0.6409896180058468,3
3139.0,0.99854785,0,0.9981605,0.5719247544768593,3
3141.0,1.0028332,0,0.99891144,0.543873554747597,3
3152.0,1.0023587,0,1.002674,0.403328115989785,3
3161.0,0.99927115,0,0.9990613,0.5382762282836424,3
3169.0,1.005033,0,1.001049,0.4640259338339905,3
3171.0,0.9998458,0,1.0001705,0.4968439895534384,3
3175.0,0.9943629,0,0.99670815,0.6261747372217756,3
3182.0,0.99594736,0,0.9985884,0.5559409809348025,3
3185.0,1.0065681,0,1.003081,0.3881258307487816,3
3187.0,1.0028566,0,0.9983555,0.5646397695166128,3
3192.0,0.9989457,0,0.9965869,0.630703361735572,3
3202.0,0.99480337,0,0.9987679,0.5492348761975585,3
3206.0,0.99822366,0,0.9988771,0.5451559970877872,3
3208.0,1.0014749,0,0.99864703,0.5537501419369777,3
3216.0,1.0034347,0,0.993723,0.7376826534088252,3
3220.0,1.0028025,0,1.0011774,0.4592301338326546,3
3229.0,0.99873954,0,1.0035549,0.3704210017744905,3
3233.0,1.0037953,0,1.0027442,0.4007053432871045,3
3243.0,1.0040896,0,1.0005985,0.4808535366241931,3
3248.0,0.9995741,0,1.0027316,0.4011773533150912,3
3252.0,1.0030521,0,1.0008337,0.4720679160089326,3
3260.0,1.0028311,0,1.0053908,0.301845959972659,3
3271.0,1.0022528,0,0.9985728,0.5565220876202011,3
3275.0,0.9976885,0,1.0011767,0.4592568513814086,3
3279.0,0.98970467,0,0.9978126,0.5849183890208687,3
3280.0,1.0022652,0,1.0007144,0.4765252937260515,3
3284.0,1.003831,0,0.99704623,0.6135462425107372,3
3287.0,1.0021234,0,1.0030967,0.3875380446761944,3
3302.0,0.9991008,0,0.9952337,0.6812507375156687,3
3303.0,0.99204785,0,0.99869543,0.5519422544712931,3
3321.0,1.004492,0,0.99644786,0.6358976985058211,3
3324.0,0.9975158,0,1.002431,0.4124031767165468,3
3327.0,1.0013325,0,1.0002439,0.4941009878813651,3
3332.0,1.0073954,0,0.9985281,0.5581919344173236,3
3334.0,1.0010188,0,1.001616,0.4428478235216846,3
3335.0,1.0075395,0,0.9968099,0.6223741659115248,3
3337.0,0.9977835,0,1.0040172,0.3531525594298474,3
3341.0,0.99753124,0,1.0040504,0.3519146463375806,3
3346.0,0.9990181,0,0.9957025,0.6637396107698439,3
3350.0,1.0007232,0,0.99875647,0.5496623569776218,3
3363.0,1.0053295,0,0.9998442,0.5090316447100367,3
3374.0,1.0043712,0,0.9997683,0.5118659313403526,3
3384.0,0.9999673,0,0.9981204,0.5734209372070811,3
3389.0,1.0033786,0,0.9977892,0.5857933887425608,3
3397.0,0.998562,0,1.0078223,0.2110196529835709,3
3401.0,0.99998087,0,1.0008764,0.4704737689332796,3
3410.0,0.99676293,0,0.99764276,0.5912638068499342,3
3411.0,1.0026236,0,1.004015,0.3532371650009017,3
3413.0,0.99895924,0,1.000571,0.4818821622512206,3
3421.0,0.9996705,0,0.99842966,0.5618700502957855,3
3423.0,1.0010443,0,1.0011293,0.4610291154487546,3
3424.0,0.9956812,0,1.0002731,0.4930100213072451,3
3431.0,1.0018846,0,1.000853,0.471350995117368,3
3432.0,0.99652576,0,1.0016502,0.4415698341062868,3
3434.0,1.0068812,0,1.0069501,0.2435972507642332,3
3436.0,1.00202,0,1.0034554,0.3741391939760833,3
3439.0,0.9990747,0,1.0019784,0.4293109321530114,3
3447.0,0.99764806,0,0.9916422,0.8154084556588881,3
3451.0,1.0005363,0,0.9967054,0.6262771544919992,3
3457.0,1.0055702,0,0.9985801,0.5562504592078692,3
3458.0,1.0049899,0,1.001032,0.4646627020792933,3
3460.0,0.9980454,0,0.9960764,0.6497730121587111,3
3472.0,1.000624,0,1.0036722,0.3660393237788411,3
3475.0,0.9976462,0,1.0010567,0.4637409466472816,3
3479.0,1.0007584,0,1.0028957,0.3950456758760573,3
3480.0,1.0012687,0,0.99541235,0.6745780297143671,3
3484.0,1.0008937,0,1.0026021,0.406013229639558,3
3486.0,0.99168295,0,1.0007905,0.4736843277085472,3
3488.0,0.99503714,0,0.9957276,0.6628022701010592,3
3489.0,1.0009265,0,1.0080171,0.2037435738729091,3
3492.0,1.0001802,0,1.0029215,0.3940838441209147,3
3496.0,1.0061351,0,1.0036396,0.3672594251719385,3
3503.0,0.9885594,0,0.99807394,0.5751575778760885,3
3506.0,0.99803,0,0.999629,0.5170691739601865,3
3508.0,1.0012932,0,0.9976439,0.5912215040644071,3
3512.0,0.9984829,0,1.0051025,0.312613132120505,3
3516.0,1.0010803,0,1.0012817,0.4553338246393688,3
3519.0,1.0057088,0,1.0003539,0.4899909382980476,3
3520.0,1.0007565,0,0.99999845,0.5032695600287659,3
3523.0,1.0036968,0,0.9967831,0.6233760739897983,3
3526.0,1.0041194,0,1.0023265,0.4163083917594173,3
3529.0,1.0030677,0,1.001217,0.4577517628016021,3
3533.0,1.0013703,0,1.003357,0.3778128569297528,3
3540.0,0.990391,0,1.0107498,0.1016647259336113,3
3541.0,0.9994007,0,1.002123,0.4239095343799191,3
3544.0,0.99473137,0,0.99960357,0.5180198734033481,3
3552.0,1.0066363,0,0.9924117,0.7866648261244191,3
3562.0,1.0010424,0,1.0069839,0.2423370730480047,3
3566.0,0.998257,0,1.002308,0.416998595102228,3
3578.0,0.9996231,0,1.002631,0.4049356218398149,3
3580.0,1.0018402,0,0.9981093,0.5738372856751636,3
3589.0,0.99754465,0,1.0009037,0.4694540491558368,3
3592.0,1.0079765,0,0.9991027,0.5367288369183089,3
3600.0,0.9982252,0,0.99636614,0.638950178450961,3
3616.0,1.0035548,0,1.0035573,0.370331943278644,3
3620.0,1.0119361,0,1.0008041,0.4731766942822218,3
3621.0,1.0020486,0,1.0015237,0.4462943873109455,3
3623.0,0.9910908,0,0.99748695,0.5970837795535052,3
3630.0,1.0039655,0,1.004998,0.3165183471633755,3
3634.0,0.99645287,0,1.0014836,0.4477950229659596,3
3642.0,0.99782884,0,0.99699074,0.6156190790015652,3
3654.0,1.0038807,0,0.99839747,0.5630723399897137,3
3658.0,1.0013816,0,1.0009879,0.4663102842524541,3
3659.0,0.99641657,0,1.000067,0.500709128273178,3
3662.0,0.9987308,0,0.99813807,0.5727619043378167,3
3667.0,0.9993527,0,1.0033134,0.3794426274037444,3
3670.0,1.0011724,0,0.99609923,0.6489202770609805,3
3679.0,0.99561554,0,0.9980084,0.5776066865118681,3
3706.0,0.99781674,0,0.9951934,0.6827558260954751,3
3710.0,0.99972075,0,1.0060631,0.2767314641439363,3
3719.0,0.9950904,0,1.003306,0.3797187087408687,3
3723.0,1.002238,0,1.0029145,0.3943421137588696,3
3738.0,0.99977845,0,0.9998723,0.5079807544590476,3
3750.0,1.0039423,0,0.9958235,0.6592198921056323,3
3753.0,1.0028155,0,0.9974171,0.5996931934818086,3
3754.0,0.9954802,0,1.0017298,0.4385952803450126,3
3755.0,0.9971116,0,0.99750143,0.5965427491912375,3
3756.0,1.0010593,0,1.0006833,0.4776875070968489,3
3762.0,1.0008608,0,0.9958373,0.6587055792921186,3
3763.0,0.9974335,0,0.9996205,0.5173875580828378,3
3764.0,0.9920919,0,1.0032511,0.3817715070701313,3
3765.0,1.00006,0,1.0005952,0.4809782185183783,3
3777.0,1.0008167,0,0.9978454,0.5836938347029788,3
3778.0,0.9965005,0,1.0024701,0.4109426173846636,3
3781.0,0.99797636,0,1.0018433,0.4343560959427176,3
3785.0,0.9985257,0,0.99811673,0.5735589778756431,3
3803.0,0.9974723,0,0.9976182,0.5921811093571535,3
3806.0,0.9999911,0,1.0047204,0.3268847560799122,3
3820.0,0.9958011,0,1.0025089,0.4094954168271575,3
3822.0,0.9960869,0,0.99526787,0.6799749745626671,3
3826.0,1.0034815,0,0.9978128,0.5849117096336802,3
3831.0,1.0027983,0,0.99810976,0.5738194739759943,3
3837.0,0.99888605,0,1.0046438,0.3297479867213783,3
3838.0,0.99864197,0,1.0002598,0.4935087488839857,3
3841.0,1.0000701,0,1.0061189,0.2746474953411274,3
3847.0,0.9967725,0,0.9970938,0.6117695255185988,3
3849.0,1.0057805,0,1.0016668,0.4409508775601535,3
3852.0,0.9975795,0,1.0012057,0.4581747906568731,3
3855.0,0.99690735,0,1.0000992,0.4995068385792498,3
3868.0,1.0029395,0,0.9935499,0.7441483002072837,3
3871.0,0.99636245,0,0.99913377,0.5355688500099078,3
3878.0,1.0051413,0,1.0019224,0.4314038068054049,3
3882.0,0.9974094,0,0.9980902,0.574549753641936,3
3883.0,1.001134,0,1.0001712,0.4968172720046845,3
3884.0,1.0047992,0,1.0014375,0.4495138519357977,3
3889.0,0.99891335,0,1.0011467,0.4603789884290749,3
3891.0,1.0089512,0,0.9984571,0.5608458775935503,3
3893.0,0.9978352,0,1.0027655,0.399908269749278,3
3895.0,1.0060947,0,1.0015422,0.4456041839681348,3
3913.0,1.0002916,0,0.9998724,0.5079785279966513,3
3919.0,1.0102981,0,1.0024476,0.4117842201704134,3
3924.0,1.0003412,0,0.99922407,0.5321957594797202,3
3926.0,1.0018718,0,0.995488,0.6717526489336358,3
3938.0,0.99761236,0,0.9986305,0.554366872020715,3
3939.0,0.99935883,0,0.9974696,0.5977316801107888,3
3950.0,1.0095755,0,0.994171,0.7209463355768653,3
3953.0,1.0082704,0,1.0036042,0.3685819438352595,3
3956.0,1.0015271,0,1.005698,0.2903707727828331,3
3957.0,1.0080888,0,1.0009557,0.4675125739463823,3
3962.0,1.0003877,0,1.000551,0.4826302536163315,3
3968.0,0.99945873,0,1.0006377,0.47939297729231,3
3969.0,0.99951506,0,1.003195,0.3838643817225249,3
3975.0,1.0032194,0,1.0036517,0.3668052268431212,3
3980.0,0.99920946,0,0.99778044,0.5861206787147968,3
3984.0,1.002625,0,0.99865025,0.553629912967585,3
3986.0,1.0003966,0,0.9950117,0.6895443099413772,3
3991.0,1.0031006,0,1.0039119,0.3570889449462643,3
3995.0,1.0083483,0,0.9959392,0.6548983285946792,3
3998.0,1.0004683,0,0.99688315,0.6196378436266401,3
4011.0,1.0027214,0,1.001182,0.4590609226905462,3
4013.0,1.0028522,0,1.0016605,0.4411868825741467,3
4016.0,1.0065675,0,1.001225,0.4574534168405163,3
4019.0,1.0038029,0,1.0004736,0.4855202018065516,3
4024.0,0.9990742,0,0.9986222,0.5546785767561779,3
4030.0,1.0036049,0,0.9970604,0.6130163444604502,3
4032.0,1.0018932,0,0.994855,0.6953976795808907,3
4034.0,1.0083673,0,1.002482,0.410497324905431,3
4040.0,1.0064595,0,0.99598956,0.6530169678699211,3
4041.0,1.0026281,0,0.99827987,0.567465150297344,3
4053.0,1.0021552,0,1.001821,0.4351887928788827,3
4057.0,0.99844086,0,0.99943185,0.5244343115666947,3
4062.0,1.0044852,0,0.99614316,0.6472793742750083,3
4064.0,1.0052971,0,0.9980398,0.57643334082909,3
4068.0,0.99939275,0,0.9997967,0.5108061352397788,3
4079.0,1.0040148,0,0.99885523,0.5459731087871791,3
4089.0,0.9979217,0,0.99360424,0.7421177665019827,3
4101.0,1.0070472,0,1.0026313,0.404922263065438,3
4102.0,0.99952716,0,1.0018148,0.4354203449680837,3
4113.0,0.99748033,0,1.0026712,0.4034305332600085,3
4114.0,0.9987899,0,1.0006543,0.4787695678213842,3
4125.0,1.0002316,0,0.99913925,0.5353640154694608,3
4133.0,1.0004628,0,1.0004218,0.4874572240912137,3
4141.0,0.9944059,0,0.9978912,0.5819839115827253,3
4146.0,1.0014758,0,0.9924525,0.7851396993830473,3
4147.0,1.0031513,0,1.0021358,0.4234330714271401,3
4150.0,1.0067923,0,0.99801177,0.5774797781552868,3
4154.0,0.99736065,0,0.9993319,0.5281680890050607,3
4155.0,1.0000365,0,0.99881005,0.547660767283471,3
4156.0,0.9947201,0,0.9965946,0.630416148086467,3
4159.0,1.0022935,0,1.0002544,0.4937091304996404,3
4160.0,0.99927264,0,0.996751,0.6245739107589343,3
4162.0,1.0068697,0,0.9990539,0.5385523096207667,3
4165.0,1.0003874,0,1.0042748,0.3435297889536295,3
4183.0,0.9956111,0,0.99989015,0.5073150422025947,3
4192.0,0.99957144,0,0.997583,0.5934969486332861,3
4193.0,1.0007852,0,0.99617076,0.6462485221855845,3
4195.0,1.0022788,0,1.0020849,0.4253344703134636,3
4203.0,1.0001928,0,0.9955775,0.6684085024145985,3
4220.0,1.0014818,0,0.9938352,0.7334902247168497,3
4228.0,0.9997625,0,0.9944158,0.7118022545158224,3
4234.0,1.0027555,0,0.99782544,0.5844396996056935,3
4238.0,1.0020757,0,0.9990822,0.5374947399825891,3
4241.0,0.99768776,0,1.0011678,0.4595908207408331,3
4245.0,1.0013105,0,0.99653065,0.6328051422375502,3
4246.0,0.99794525,0,1.002136,0.4234241655775554,3
4247.0,1.0013567,0,1.0006241,0.4799006107186352,3
4254.0,1.0032821,0,1.0053484,0.303426748273935,3
4265.0,1.0003023,0,0.994409,0.712056071228985,3
4268.0,0.99820065,0,0.99769425,0.589340143339649,3
4274.0,0.99934345,0,0.9969401,0.617511572038304,3
4281.0,1.0042938,0,0.99384433,0.7331495759702367,3
4287.0,1.0020427,0,0.9935524,0.7440547887866448,3
4289.0,1.0040573,0,1.0068806,0.2461933059181597,3
4304.0,1.0090925,0,0.99316716,0.7584444152530486,3
4308.0,1.0035636,0,1.0007629,0.4747129533355746,3
4309.0,0.9992501,0,1.0039386,0.3560914897927831,3
4314.0,1.0068469,0,1.0049946,0.3166430290575607,3
4317.0,1.0023774,0,0.99745876,0.5981368962668905,3
4318.0,1.0012188,0,1.0056299,0.2929133928392516,3
4321.0,1.0010796,0,1.0019407,0.4307180563873867,3
4323.0,1.0017327,0,1.0028311,0.3974591611134983,3
4324.0,0.99888146,0,1.0045785,0.3321881895075733,3
4327.0,1.0060096,0,1.0034721,0.3735157845051576,3
4328.0,1.003298,0,0.998605,0.555319797926273,3
4335.0,0.9986498,0,1.0004708,0.4856270720015674,3
4338.0,1.000388,0,0.99943477,0.5243252149092827,3
4349.0,0.9995901,0,0.9999482,0.5051464678287316,3
4350.0,1.0040187,0,0.9969477,0.6172265848515952,3
4353.0,1.0016253,0,0.9983162,0.5661070082356844,3
4358.0,1.0045928,0,0.9992512,0.531182719089466,3
4359.0,1.0060457,0,1.0024168,0.4129330747668337,3
4360.0,1.0006435,0,0.9911486,0.8338457907615169,3
4361.0,0.9982938,0,0.995532,0.6701095196852673,3
4372.0,1.0014178,0,1.0005611,0.4822517550089837,3
4387.0,0.9983729,0,1.0017712,0.4370501154420753,3
4391.0,1.0024693,0,0.99793017,0.5805278051756344,3
4393.0,0.999146,0,1.002331,0.4161391806173089,3
4399.0,1.003715,0,0.99798334,0.5785418007182568,3
4404.0,1.0041494,0,0.9962243,0.6442491589538298,3
4406.0,1.0013324,0,0.99835217,0.5647644514107979,3
4415.0,1.0007135,0,1.000659,0.4785959037544836,3
4417.0,1.0038319,0,0.9970097,0.6149110639595853,3
4430.0,0.99528766,0,1.0017525,0.4377492246344705,3
4434.0,1.0005524,0,1.0003426,0.4904139661533186,3
4439.0,0.99845326,0,1.0029075,0.3946048363216169,3
4440.0,0.99204135,0,0.9941579,0.7214361573040212,3
4442.0,1.005504,0,1.0009074,0.4693160084872746,3
4446.0,1.0026546,0,0.9994139,0.52510447674794,3
4463.0,0.9992715,0,1.0014263,0.4499324268662764,3
4464.0,1.0007288,0,1.0013605,0.4523904413516407,3
4465.0,0.99504375,0,1.0019503,0.4303618224040005,3
4475.0,1.0018709,0,1.0006872,0.4775405605787021,3
4487.0,1.0075617,0,0.9999545,0.5049104628147383,3
4493.0,1.0056807,0,1.0007015,0.4770062096036229,3
4499.0,0.9993813,0,0.9998544,0.5086509196402927,3
4503.0,0.9971006,0,1.0015888,0.4438630903743351,3
4508.0,0.997357,0,0.9979509,0.5797529962617696,3
4523.0,1.0019634,0,0.9993872,0.5261019319014211,3
4526.0,1.0047709,0,1.0052493,0.3071315817011508,3
4530.0,1.0011419,0,0.9949595,0.6914946910004163,3
4531.0,1.0004656,0,0.9994577,0.52346802688676,3
4533.0,1.0001057,0,1.0019354,0.4309184380030413,3
4534.0,1.0004567,0,1.0025383,0.4083955444034528,3
4547.0,1.002848,0,0.99643266,0.6364654464168427,3
4557.0,0.994031,0,1.0009016,0.4695342018020987,3
4578.0,0.999226,0,0.9995529,0.5199123664400871,3
4580.0,0.9997174,0,0.9926037,0.7794911642839808,3
4582.0,1.0032123,0,1.0012803,0.4553872597368766,3
4584.0,1.0017228,0,0.99695843,0.6168258216202858,3
4585.0,1.0011528,0,1.0024787,0.4106220067996161,3
4587.0,0.99363786,0,1.0009804,0.4665908185143707,3
4614.0,1.002135,0,0.99818015,0.5711900218861253,3
4616.0,0.9891548,0,0.99401194,0.7268887637122252,3
4629.0,0.99893725,0,1.0052671,0.3064636429823019,3
4630.0,1.0046159,0,0.99961424,0.5176213366344349,3
4631.0,1.0030348,0,0.9990516,0.5386391416542171,3
4632.0,0.99993855,0,1.0075312,0.2218936953264327,3
4640.0,1.0030309,0,1.0062164,0.2710050028610041,3
4651.0,0.9991226,0,1.0001788,0.4965322848179756,3
4664.0,0.9973702,0,1.0048218,0.3230997700064345,3
4674.0,1.0009681,0,1.0020511,0.426594648029692,3
4675.0,0.9914146,0,1.0034883,0.3729101867334011,3
4678.0,1.0033998,0,1.0014453,0.4492244118242965,3
4679.0,1.0024316,0,0.9993323,0.5281525037682876,3
4684.0,0.9954544,0,0.99791217,0.5812001968192758,3
4686.0,1.0016563,0,0.996899,0.6190456046292606,3
4688.0,0.9893998,0,1.0024091,0.4132225148783349,3
4689.0,1.0020351,0,1.0047127,0.3271741961914134,3
4690.0,1.0069679,0,1.002736,0.4010125950977751,3
4695.0,0.995961,0,1.0003306,0.4908637115573436,3
4699.0,1.0059584,0,0.99938905,0.52603291156714,3
4701.0,0.99919283,0,1.0012432,0.4567721193472902,3
4714.0,1.0005507,0,1.0052656,0.3065215310046021,3
4719.0,1.0044687,0,1.0006139,0.480279109325983,3
4741.0,1.0058281,0,0.9982274,0.5694244372059678,3
4743.0,0.99328256,0,0.9961965,0.645286690430442,3
4746.0,1.000869,0,1.0019422,0.4306646212898787,3
4760.0,1.0028794,0,0.998579,0.5562905355310002,3
4769.0,1.0012662,0,1.002006,0.4282778536011916,3
4775.0,1.0020341,0,0.9994848,0.5224572129589018,3
4781.0,1.0020165,0,1.0014765,0.4480577455287069,3
4788.0,1.0055497,0,1.0047159,0.3270539672220206,3
4789.0,0.9987007,0,0.9976049,0.5926776104714979,3
4792.0,0.9982939,0,1.0041733,0.3473236808766918,3
4796.0,1.0007467,0,1.0016079,0.4431506224075628,3
4797.0,0.9991491,0,1.0055175,0.2971125009184158,3
4799.0,0.9896207,0,0.99678063,0.6234673589480411,3
4804.0,1.0053772,0,1.0003748,0.4892116764593904,3
4806.0,0.98643804,0,1.001011,0.4654464168427427,3
4808.0,1.0070876,0,1.0040421,0.3522218981482512,3
4814.0,0.99613637,0,1.0056145,0.2934878201374618,3
4820.0,1.003473,0,1.0015908,0.4437873906528655,3
4836.0,0.99941397,0,1.0023706,0.4146608095862565,3
4839.0,0.99612755,0,0.9995271,0.5208764246576257,3
4841.0,1.0030556,0,0.9977372,0.5877348639520152,3
4843.0,1.0057261,0,1.0016268,0.4424426073655829,3
4854.0,1.0018604,0,1.0002805,0.4927339399701208,3
4858.0,0.9971843,0,0.9963481,0.6396247965569986,3
4860.0,0.999784,0,0.99555165,0.6693747870945334,3
4861.0,1.0006502,0,1.0016866,0.4402116920446272,3
4862.0,0.98106,0,0.9988037,0.5478989987598604,3
4864.0,1.0065149,0,0.99670887,0.6261480196730218,3
4870.0,1.0051738,0,0.9991656,0.5343799190903565,3
4873.0,0.99731463,0,1.0004632,0.485907606263484,3
4874.0,0.99439543,0,0.9966165,0.6295990363870749,3
4881.0,0.9985088,0,1.0048169,0.3232823399229199,3
4882.0,1.0007395,0,1.0031708,0.3847683254553672,3
4894.0,1.0033802,0,1.0052365,0.3076080446539297,3
4895.0,0.988957,0,0.99665177,0.6282809706485462,3
4905.0,1.0052335,0,1.003861,0.3589903438325879,3
4906.0,0.9993606,0,1.0014309,0.449763215724168,3
4913.0,1.0012518,0,1.0045959,0.3315380624878936,3
4914.0,1.000264,0,1.0064617,0.2618408836383957,3
4928.0,0.9983568,0,1.0030274,0.3901251939805362,3
4929.0,1.0023972,0,1.0003734,0.4892651115568983,3
4931.0,1.0017899,0,1.0004364,0.4869095143417575,3
4936.0,1.0009212,0,1.000004,0.5030602725635265,3
4940.0,1.000697,0,1.0024633,0.4111964340978263,3
4953.0,1.0053948,0,0.99965596,0.5160628129571205,3
4959.0,0.9815372,0,1.0017445,0.4380475705955564,3
4964.0,1.0014011,0,0.9980623,0.5755917380433403,3
4968.0,1.0025065,0,1.0080483,0.2025769075773195,3
4971.0,1.0019579,0,1.0019975,0.4285984641862391,3
4982.0,1.0008049,0,1.0025705,0.4071932547095246,3
4986.0,1.0000529,0,1.0002831,0.4926359756246896,3
5006.0,1.0019695,0,0.99918854,0.5335227310678337,3
5010.0,0.99741894,0,1.0001845,0.4963185444279439,3
5016.0,1.0026207,0,1.0015513,0.445265761683918,3
5019.0,1.0003203,0,0.9974232,0.5994660943174,3
5024.0,1.0029458,0,1.0060263,0.2781074179047653,3
5028.0,0.9984289,0,0.9952894,0.6791712216376522,3
5043.0,0.9980175,0,1.0028459,0.3969069984392498,3
5046.0,1.002653,0,1.0052667,0.3064814546814711,3
5058.0,1.0063986,0,0.9989342,0.5430230461122627,3
5072.0,1.0004294,0,0.99777853,0.586191925511474,3
5079.0,1.0006151,0,1.0024886,0.4102524140418531,3
5094.0,1.0041106,0,0.9978227,0.5845421168759171,3
5096.0,0.99764085,0,1.0021651,0.4223376519282278,3
5100.0,0.99032176,0,0.99774915,0.5872895714727826,3
5116.0,0.9968477,0,1.0047288,0.3265730513444493,3
5119.0,1.0000572,0,0.99763155,0.5916823817804129,3
5121.0,0.9953903,0,1.0013264,0.4536639778422462,3
5134.0,1.00425,0,1.0021425,0.4231792547139775,3
5135.0,0.9984542,0,1.0005219,0.4837167672656592,3
5141.0,1.0038246,0,1.0004457,0.486562186207956,3
5143.0,1.0027537,0,1.0007528,0.4750914519429224,3
5152.0,0.9997028,0,1.0011744,0.4593414569524627,3
5160.0,0.9938507,0,1.0036805,0.3657320719681705,3
5164.0,1.0002869,0,1.0006236,0.4799184224178046,3
5178.0,1.0028453,0,1.003027,0.3901430056797056,3
5183.0,0.99572814,0,0.99989516,0.507128019361317,3
5185.0,0.9950399,0,0.9964957,0.6341098492017019,3
5186.0,0.9976906,0,0.9933479,0.7516937812678812,3
5189.0,1.0059283,0,0.99560547,0.6673642915507978,3
5197.0,1.00327,0,1.0006641,0.4784044279884135,3
5209.0,1.0025617,0,1.003545,0.3707905945322536,3
5215.0,1.0011399,0,0.9925208,0.7825881734770441,3
5216.0,1.0035156,0,0.9962872,0.6418980146634814,3
5222.0,1.0010093,0,0.9979452,0.5799667366518013,3
5223.0,0.9946537,0,0.99985427,0.5086553725650851,3
5224.0,1.004472,0,1.0004878,0.4849903037562647,3
5227.0,0.9996558,0,1.0027606,0.4000908396657634,3
5234.0,0.9981349,0,1.0036929,0.3652689677897685,3
5236.0,1.0042539,0,0.999407,0.525362746385895,3
5238.0,0.99980885,0,0.9989386,0.5428582878949466,3
5241.0,0.99820036,0,0.999928,0.505901238581031,3
5249.0,1.0021503,0,1.0044415,0.3373046000939567,3
5252.0,0.9971571,0,1.0000252,0.5022721048752847,3
5257.0,1.0058113,0,1.0020739,0.4257441393943577,3
5258.0,0.99552953,0,0.99382573,0.7338442322378396,3
5260.0,0.9908609,0,1.0019077,0.4319515165548612,3
5268.0,0.997008,0,0.9995142,0.521357340535197,3
5274.0,1.0015612,0,1.0007887,0.4737511215804321,3
5275.0,0.9998179,0,1.0000029,0.5031048018114498,3
5276.0,1.0075716,0,1.003342,0.378373925453586,3
5277.0,1.0088385,0,1.0047095,0.3272944251608062,3
5278.0,1.001509,0,1.0020878,0.4252231471936555,3
5284.0,1.0034807,0,1.0007641,0.4746684240876514,3
5286.0,1.0052456,0,1.0009211,0.468803922136157,3
5287.0,0.986504,0,0.99524087,0.6809835620281292,3
5294.0,0.9936289,0,0.9979452,0.5799667366518013,3
5297.0,1.0095775,0,0.99919236,0.5333802374744792,3
5298.0,0.9792245,0,0.9940331,0.7260983695615872,3
5304.0,0.99618244,0,0.99483335,0.6962058854306981,3
5306.0,0.99956137,0,0.99866855,0.5529463890119628,3
5310.0,1.005558,0,1.0015785,0.4442504948312675,3
5313.0,0.9995635,0,1.0017716,0.4370367566676982,3
5321.0,1.001067,0,1.0033579,0.3777816864562066,3
5323.0,1.0003415,0,1.0011836,0.4589985817434536,3
5324.0,1.0014606,0,0.9986571,0.5533738697920261,3
5326.0,1.0078619,0,0.99933213,0.5281591831554762,3
5334.0,1.0045708,0,0.9957206,0.6630627662014102,3
5337.0,1.0057299,0,0.99938244,0.5262800488931142,3
5345.0,1.0056739,0,0.9999297,0.5058366711715423,3
5346.0,1.0045322,0,1.0019971,0.428611822960616,3
5348.0,0.9973644,0,1.0002719,0.4930545505551684,3
5349.0,0.9902499,0,0.9959199,0.6556197024110362,3
5351.0,1.0008705,0,1.0082233,0.1960400139821838,3
5366.0,1.0028815,0,1.0011201,0.4613719906577638,3
5367.0,1.0039543,0,1.0022285,0.4199686959387099,3
5372.0,1.0064076,0,1.0009632,0.4672320396844657,3
5374.0,0.9940821,0,0.99880713,0.547769863940883,3
5381.0,1.000625,0,1.0033574,0.3777994981553759,3
5391.0,0.99858403,0,0.9982223,0.5696159129720378,3
5394.0,1.001437,0,1.0002944,0.4922129477694186,3
5399.0,1.0013074,0,0.99864787,0.5537189714634314,3
5401.0,0.9970985,0,1.002458,0.4113968157134809,3
5418.0,0.99231684,0,0.9961229,0.6480363714897037,3
5422.0,1.0039347,0,0.99896926,0.5417138862233186,3
5423.0,0.99749076,0,0.996598,0.6302892397298856,3
5433.0,0.98750657,0,1.0002936,0.492244118242965,3
5439.0,1.000488,0,0.9973844,0.6009132948749062,3
5445.0,1.0024754,0,1.0037553,0.3629356351985893,3
5448.0,1.0065292,0,0.9977735,0.5863789483527517,3
5452.0,0.9992073,0,1.0032496,0.3818249421676393,3
5470.0,0.9985564,0,1.004284,0.3431869137446203,3
5477.0,1.0072042,0,1.0020663,0.4260291265810666,3
5485.0,0.9904062,0,1.0020593,0.4262873962190215,3
5488.0,1.0026418,0,1.0015918,0.4437517672545269,3
5498.0,1.0020012,0,1.002142,0.4232015193379391,3
5501.0,1.0039834,0,1.0011454,0.4604279706017905,3
5503.0,1.003446,0,1.0015547,0.4451366268649406,3
5509.0,1.0048155,0,1.0030504,0.3892657794956172,3
5527.0,1.004588,0,1.0063733,0.2651449538343022,3
5538.0,0.99867016,0,1.0003841,0.488864348325589,3
5541.0,1.006676,0,1.00294,0.3933891878533118,3
5545.0,0.9967989,0,0.9984318,0.5617898976495237,3
5546.0,0.9997085,0,0.9956365,0.6662043046423967,3
5550.0,1.001475,0,1.0017046,0.4395393004009859,3
5555.0,1.0026056,0,1.0012789,0.4554406948343845,3
5556.0,0.9953385,0,0.9982359,0.5691082795457126,3
5560.0,0.99413747,0,0.99983215,0.5094813901140617,3
5564.0,0.997725,0,1.0011593,0.4599069784010883,3
5565.0,1.0003996,0,0.9963894,0.6380818581164573,3
5566.0,1.0004729,0,0.9992213,0.5322981767499437,3
5572.0,1.0020237,0,0.9969301,0.6178833912584634,3
5575.0,1.0068871,0,0.99471563,0.7006031486631207,3
5578.0,1.0009928,0,0.9998969,0.5070634519518282,3
5583.0,1.0049428,0,1.0006382,0.4793707126683484,3
5587.0,1.0015756,0,1.0029074,0.3946092892464092,3
5588.0,0.9953588,0,0.9937507,0.7366473483946092,3
5590.0,0.99533606,0,0.99760944,0.5925083993293896,3
5592.0,0.9952411,0,1.0017791,0.4367562224057817,3
5594.0,0.9921222,0,1.0013026,0.4545545628007116,3
5601.0,0.99723715,0,0.999019,0.5398547901225222,3
5606.0,0.99646723,0,1.0013355,0.4533255555580294,3
5607.0,0.9982616,0,0.9973369,0.6026877854046484,3
5611.0,0.98729926,0,0.99676317,0.624119712430117,3
5612.0,0.987976,0,0.99910355,0.5366976664447626,3
5619.0,1.0040922,0,0.9951786,0.6833102152321198,3
5624.0,1.002437,0,1.003455,0.3741525527504603,3
5628.0,1.0007974,0,1.0007204,0.4763026474864352,3
5638.0,0.99905974,0,1.0010722,0.4631620664242791,3
5648.0,1.001906,0,1.0010358,0.4645202084859388,3
5651.0,1.004287,0,0.9943177,0.7154670116199072,3
5652.0,1.0016184,0,1.0010558,0.4637721171208279,3
5657.0,1.000797,0,1.0032778,0.3807740519166501,3
5663.0,1.0014523,0,0.9967234,0.6256047628483579,3
5665.0,0.9977076,0,0.99420106,0.7198241985291989,3
5666.0,1.0027544,0,1.0007322,0.4758618079319949,3
5668.0,1.0037311,0,0.99587256,0.6573875135535898,3
5671.0,0.99718493,0,0.9964094,0.6373337667513465,3
5674.0,1.0036961,0,0.9994461,0.5239021870540117,3
5678.0,1.0002763,0,1.001712,0.4392632190638617,3
5682.0,0.999671,0,0.99701595,0.614677285407988,3
5686.0,0.9963009,0,0.9941707,0.7209574678888461,3
5696.0,0.99666196,0,1.0005974,0.4808980658721165,3
5699.0,1.0022727,0,1.0007901,0.4736976864829241,3
5705.0,1.0049264,0,0.9941366,0.7222332308418478,3
5721.0,1.0022354,0,1.0015674,0.4446646168369539,3
5722.0,1.0037247,0,1.0002456,0.4940386469342726,3
5724.0,0.99370813,0,0.9966748,0.6274215561636272,3
5732.0,1.0041553,0,0.99886465,0.5456213277285853,3
5734.0,0.98933625,0,0.9958004,0.6600837595153437,3
5736.0,1.0025424,0,1.0031005,0.3873955510828399,3
5738.0,0.9952076,0,1.0042479,0.3445361499566953,3
5741.0,0.99998355,0,1.006813,0.2487181142754089,3
5748.0,1.0099741,0,1.0071307,0.2368510697038582,3
5750.0,1.0061482,0,0.9991827,0.5337409243826576,3
5755.0,0.99887186,0,1.0052662,0.3064992663806405,3
5760.0,0.9868085,0,0.99987143,0.5080141513949901,3
5763.0,1.0015752,0,1.0020691,0.4259222563860507,3
5764.0,1.005899,0,0.99787676,0.5825227154825969,3
5774.0,1.0022172,0,1.0020928,0.4250361243523777,3
5775.0,1.0052023,0,0.99864763,0.5537278773130161,3
5778.0,0.9893587,0,0.9946276,0.7038916336222539,3
5786.0,1.0034627,0,1.0006894,0.4774604079324402,3
5798.0,0.99821407,0,0.99564385,0.6659304497676686,3
5802.0,1.0006934,0,0.9998752,0.5078738842640318,3
5813.0,1.0004556,0,0.9998524,0.5087243928993661,3
5821.0,1.0042633,0,1.0054972,0.2978694981331112,3
5823.0,1.0025247,0,0.9970526,0.6133080110343476,3
5824.0,1.0025678,0,0.99833065,0.5655682043358129,3
5826.0,1.0041217,0,1.0040002,0.3537893276751502,3
5830.0,1.0042514,0,0.99960065,0.5181289700607601,3
5834.0,1.0041109,0,0.99811316,0.573692565619413,3
5837.0,1.0082107,0,0.9989565,0.5421903491760975,3
5842.0,1.0041233,0,0.9957351,0.6625217358391425,3
5866.0,0.9983314,0,0.99708486,0.6121034948780233,3
5871.0,0.9935658,0,1.0040969,0.3501780056685732,3
5877.0,1.0009514,0,0.9973332,0.6028258260732106,3
5882.0,0.997815,0,1.0027828,0.3992625956543907,3
5883.0,1.0058597,0,1.0016977,0.4397975700389408,3
5884.0,1.004306,0,1.0058672,0.2840476195777291,3
5895.0,0.99989456,0,0.99538624,0.6755532202438868,3
5900.0,0.98936594,0,0.9980044,0.577755859492411,3
5910.0,1.0014881,0,1.0031272,0.3863980959293588,3
5914.0,0.99602866,0,1.0011805,0.4591143577880541,3
5921.0,1.00299,0,1.0045443,0.333466178922971,3
5924.0,1.0046338,0,1.002599,0.4061290056841585,3
5925.0,1.0020916,0,1.0027295,0.4012530530365608,3
5927.0,0.9948202,0,1.0034871,0.3729547159813244,3
5933.0,1.0098639,0,1.0015259,0.4462142346646837,3
5934.0,1.0017685,0,0.99998546,0.5037549288311295,3
5940.0,1.0046237,0,1.0064298,0.2630342674827394,3
5941.0,0.9978372,0,1.0021611,0.4224845984463745,3
5946.0,1.0043746,0,1.0024099,0.4131913444047886,3
5964.0,0.99444765,0,0.9981197,0.5734476547558349,3
5965.0,1.0011061,0,0.9977946,0.58559078066451,3
5975.0,0.99653536,0,0.9954365,0.6736763124439209,3
5976.0,0.9965716,0,0.99969673,0.5145399126781448,3
5986.0,1.0009604,0,0.9993658,0.5269012319016437,3
6001.0,0.9982572,0,1.0054308,0.3003497772424373,3
6021.0,0.9945355,0,1.0009298,0.4684788586263172,3
6022.0,1.0016464,0,1.0003977,0.4883567148992637,3
6027.0,0.9966486,0,1.0035549,0.3704210017744905,3
6041.0,0.99959075,0,0.99970615,0.514188131619551,3
6042.0,1.0027649,0,1.0081612,0.1983599877989861,3
6045.0,1.0030535,0,1.0013081,0.4543497282602645,3
6047.0,0.9975956,0,0.99376214,0.7362198676145459,3
6050.0,0.9948222,0,1.0005848,0.4813656229753107,3
6053.0,1.0014253,0,1.0013679,0.4521143600145165,3
6063.0,1.0083127,0,1.002456,0.4114725154349505,3
6064.0,1.0023965,0,0.9979767,0.5787889380442309,3
6068.0,1.00637,0,1.0031787,0.3844744324190736,3
6070.0,0.9939363,0,0.9914423,0.8228737840732239,3
6076.0,1.0013503,0,0.99674416,0.624829953934493,3
6078.0,0.987462,0,1.0000504,0.5013280848193115,3
6084.0,1.0003545,0,0.99778587,0.585918070636746,3
6089.0,1.0014874,0,1.0009633,0.4672275867596734,3
6099.0,1.0014433,0,0.9993603,0.5271060664420908,3
6105.0,0.99895847,0,1.0005432,0.4829196937278328,3
6106.0,1.0018188,0,1.0019966,0.4286296346597854,3
6113.0,1.0034722,0,1.0019447,0.4305711098692398,3
6114.0,0.9955451,0,0.99809086,0.5745252625555781,3
6115.0,0.99879766,0,0.9967915,0.6230621427919394,3
6124.0,0.9970552,0,1.0042031,0.3462104496786101,3
6128.0,1.0043135,0,0.99639,0.6380595934924957,3
6136.0,1.0012363,0,0.99995744,0.5048013661573263,3
6142.0,1.0020345,0,0.9984645,0.56056756979403,3
6148.0,0.9970403,0,1.0048045,0.3237454441013219,3
6155.0,1.0013435,0,0.9993512,0.5274467151887039,3
6161.0,1.0005174,0,1.0037477,0.3632206223852982,3
6169.0,1.0061707,0,0.9990793,0.5376038366400011,3
6173.0,1.000808,0,1.0019219,0.4314216185045743,3
6175.0,0.9986032,0,0.9932687,0.7546505233299863,3
6183.0,1.0082439,0,1.0041934,0.3465711365867886,3
6185.0,0.99907404,0,1.0008025,0.4732345823045222,3
6196.0,0.99825186,0,0.9994095,0.5252692349652561,3
6209.0,1.007312,0,1.0020266,0.4275119505369114,3
6218.0,0.99822,0,1.0041615,0.3477645204311321,3
6219.0,1.0058013,0,1.0029387,0.3934381700260273,3
6224.0,0.9988962,0,1.0029817,0.3918351171007898,3
6225.0,0.9996375,0,1.0018544,0.4339419739370311,3
6226.0,1.0030258,0,1.0031999,0.3836818118060395,3
6230.0,1.0015955,0,0.9963885,0.6381152550523999,3
6233.0,0.99499476,0,1.0024271,0.4125501232346936,3
6234.0,0.9990704,0,0.9973186,0.6033713093602706,3
6236.0,1.0008583,0,1.0013193,0.4539311533297858,3
6243.0,1.0000787,0,1.0023768,0.4144292574970555,3
6246.0,0.99969536,0,0.9988205,0.5472711363641424,3
6248.0,0.9986029,0,0.9965613,0.6316607405659223,3
6251.0,0.9989288,0,0.9945993,0.7049492032604315,3
6258.0,1.0039942,0,0.9952622,0.6801864884903026,3
6263.0,0.9935866,0,1.0030239,0.390258781724306,3
6268.0,0.99748045,0,0.9972809,0.604780660057042,3
6278.0,1.0018134,0,1.0036538,0.3667295271216516,3
6281.0,1.0014114,0,0.99970496,0.5142326608674743,3
6282.0,1.004655,0,0.99872786,0.5507310589277803,3
6283.0,1.0005425,0,0.99983406,0.5094101433173844,3
6286.0,1.0025384,0,0.9989869,0.5410548533540542,3
6292.0,1.0039743,0,0.99906933,0.5379756558601603,3
6298.0,1.0054708,0,1.000379,0.489055824091659,3
6300.0,1.0068018,0,1.0035688,0.3699044624985806,3
6304.0,1.0013605,0,1.005283,0.3058714039849224,3
6306.0,0.9998467,0,1.0017973,0.4360749249125557,3
6324.0,0.994201,0,1.000496,0.4846830519455941,3
6329.0,1.0060766,0,0.9995834,0.5187724176932513,3
6340.0,1.0000966,0,0.99996185,0.5046366079400102,3
6341.0,1.0023285,0,0.99685323,0.620755527749514,3
6356.0,1.0069237,0,1.0068507,0.2473109900410337,3
6367.0,1.0061561,0,1.0012625,0.4560507455309334,3
6370.0,1.0003033,0,1.0024362,0.4122117009504767,3
6372.0,0.9995922,0,1.001358,0.4524839527722797,3
6379.0,0.9955379,0,1.00263,0.4049712452381535,3
6384.0,1.0048479,0,0.9990541,0.5385456302335782,3
6386.0,0.9925898,0,1.0026449,0.4044146296391127,3
6390.0,1.0057558,0,1.0014776,0.4480176692055759,3
6391.0,1.0013584,0,0.99588025,0.6571002999044848,3
6397.0,1.0037309,0,0.9992395,0.531619105719114,3
6407.0,0.9992269,0,0.99716395,0.6091489792783145,3
6410.0,0.9959447,0,1.0005698,0.4819266914991439,3
6413.0,1.0075822,0,1.0021881,0.4214782374433087,3
6417.0,1.0008808,0,1.0011572,0.4599871310473502,3
6418.0,1.0042409,0,1.0022495,0.4191849811752605,3
6421.0,1.0026048,0,0.9983557,0.5646330901294243,3
6422.0,1.0031091,0,0.9969962,0.6154142444611181,3
6429.0,0.9985591,0,0.9970964,0.6116715611731676,3
6433.0,1.0073972,0,1.0001485,0.4976633277152266,3
6434.0,1.0008076,0,1.0048385,0.3224763605355087,3
6441.0,0.9978183,0,0.99969506,0.5146022536252374,3
6443.0,1.0035455,0,0.99650514,0.6337580681431081,3
6452.0,1.0084435,0,1.001419,0.4502085082034007,3
6465.0,1.0028554,0,1.0032392,0.382216799549364,3
6471.0,1.000947,0,1.0018351,0.4346633477533881,3
6493.0,1.0014147,0,1.0014124,0.4504534190669786,3
6496.0,1.0006758,0,0.99868363,0.5523830940257335,3
6498.0,0.98235047,0,0.99431133,0.7157052430962967,3
6500.0,1.0059024,0,0.99594545,0.6546645500430821,3
6506.0,1.0040691,0,1.0043498,0.340728899259256,3
6510.0,0.99968505,0,0.9975509,0.5946947854024219,3
6514.0,0.9991298,0,0.9971754,0.6087214984982512,3
6517.0,0.99716944,0,1.0005549,0.4824833070981847,3
6524.0,0.9981737,0,0.9990494,0.5387192943004789,3
6534.0,1.0019258,0,1.0085953,0.1821424357053321,3
6536.0,0.99438965,0,0.997241,0.6062701634000753,3
6537.0,0.9936684,0,0.9959935,0.6528700213517744,3
6544.0,0.9987084,0,1.000213,0.4952542954025778,3
6549.0,1.0013723,0,0.9993959,0.5257768683915813,3
6552.0,1.0056641,0,0.9961219,0.6480742213504385,3
6562.0,1.0021683,0,1.005068,0.3139044803102798,3
6568.0,0.99826676,0,1.0036614,0.3664445399349427,3
6572.0,0.99737227,0,1.0013177,0.453989041352086,3
6586.0,1.0056131,0,1.0029911,0.3914833360421959,3
6588.0,1.0029851,0,0.9984204,0.5622151519671909,3
6610.0,1.0070246,0,0.99863535,0.5541865285666258,3
6618.0,0.99713975,0,0.99820185,0.5703795895739219,3
6629.0,1.0017474,0,1.0035441,0.3708262179305922,3
6632.0,0.99739164,0,1.001319,0.4539400591793705,3
6643.0,1.0003486,0,0.9966713,0.6275506909826046,3
6644.0,1.0062194,0,0.999896,0.5070968488877707,3
6645.0,1.006598,0,0.9982371,0.5690637502977893,3
6656.0,0.9958039,0,1.0014745,0.4481334452501764,3
6662.0,0.99857813,0,1.0027242,0.4014534346522154,3
6664.0,1.0029893,0,0.9991486,0.5350144608732631,3
6667.0,0.99665105,0,1.001946,0.4305221276965243,3
6672.0,1.001695,0,1.0001296,0.4983713427572065,3
6675.0,1.0086426,0,1.0018823,0.4328999895356267,3
6684.0,1.0053476,0,0.99965614,0.5160561335699321,3
6687.0,1.002032,0,0.99966353,0.5157800522328078,3
6688.0,0.9994026,0,1.0027418,0.4007944017829511,3
6690.0,1.0004311,0,0.99974173,0.5128589335690414,3
6694.0,1.0058184,0,1.0004716,0.4855959015280211,3
6697.0,0.9972857,0,1.0057021,0.2902149204151016,3
6705.0,1.0045989,0,1.000083,0.5001124363510063,3
6706.0,1.0023797,0,1.004399,0.3388942942448173,3
6710.0,1.0031903,0,0.9991456,0.5351257839930712,3
6714.0,0.9972544,0,0.9994332,0.5243831029315831,3
6726.0,0.99550474,0,0.9978072,0.5851209970989195,3
6735.0,0.9995417,0,0.9969814,0.6159686335977628,3
6740.0,0.9989241,0,0.9988366,0.5466699915171782,3
6741.0,1.0022607,0,0.9999495,0.505097485656016,3
6742.0,0.9981799,0,0.99535394,0.6767599628626073,3
6748.0,0.9992721,0,0.99931705,0.5287224781417055,3
6753.0,1.0034286,0,0.9987366,0.5504037689555442,3
6759.0,1.0041825,0,0.9971936,0.6080424274674212,3
6760.0,0.98654526,0,0.9973242,0.6031620218950312,3
6761.0,1.001018,0,1.0045654,0.3326780112347293,3
6765.0,0.99795294,0,1.0034585,0.3740234179314828,3
6769.0,0.99999875,0,0.99770844,0.5888102452893622,3
6770.0,1.0049832,0,0.9982797,0.5674718296845325,3
6774.0,1.0010728,0,1.0014418,0.449353546643274,3
6775.0,0.9979924,0,1.0013231,0.4537886597364313,3
6780.0,1.0024683,0,1.0026603,0.4038402023409025,3
6781.0,0.9986915,0,0.9991558,0.5347450589233274,3
6783.0,1.0012645,0,0.9938608,0.7325350723488956,3
6785.0,0.9960007,0,0.9998326,0.5094658048772885,3
6789.0,1.0032735,0,0.999535,0.5205803051589359,3
6790.0,1.0037829,0,1.0020479,0.4267148769990849,3
6802.0,0.99876827,0,0.998633,0.5542733606000761,3
6804.0,1.0060881,0,0.9991687,0.534264143045756,3
6812.0,1.0025162,0,0.99921566,0.5325096906775793,3
6813.0,0.99883133,0,0.9972994,0.6040904567142313,3
6817.0,0.9933035,0,1.0000368,0.5018357182456367,3
6820.0,0.9989805,0,0.9999653,0.5045074731210327,3
6824.0,1.0092596,0,1.0103593,0.1162525075532736,3
6835.0,1.0001624,0,1.0015831,0.4440768307643667,3
6838.0,1.0013276,0,1.0005243,0.4836277087698127,3
6840.0,1.0002271,0,1.0001116,0.4990437344008478,3
6852.0,1.0020149,0,1.0058174,0.2859089421409216,3
6853.0,1.011674,0,1.0023222,0.4164686970519411,3
6854.0,0.99659526,0,0.9955015,0.6712472419697068,3
6856.0,1.0010703,0,1.0024893,0.410225696493099,3
6857.0,1.001716,0,1.0026535,0.4040940190540651,3
6861.0,1.0016004,0,1.0038636,0.3588923794871567,3
6864.0,1.0067863,0,0.99792165,0.5808461892982859,3
6865.0,1.0028416,0,1.0069865,0.2422391087025736,3
6872.0,0.9993568,0,0.99867815,0.5525879285661806,3
6875.0,1.0038412,0,0.9991364,0.5354708856644765,3
6883.0,1.0034435,0,0.99535537,0.6767065277650993,3
6884.0,1.0051767,0,0.9997611,0.5121353332902884,3
6885.0,0.99964905,0,1.0001609,0.4972002235368246,3
6897.0,1.0098122,0,0.9978812,0.5823579572652808,3
6899.0,1.0035166,0,0.99937594,0.5265227332942961,3
6904.0,1.0026339,0,0.99990344,0.5068185410882503,3
6905.0,1.0016271,0,0.9959514,0.6544419038034657,3
6908.0,1.0050786,0,1.0000967,0.4996003499998886,3
6916.0,1.0014793,0,1.0076091,0.2189814825122511,3
6922.0,0.99948144,0,0.99976707,0.511912687050672,3
6923.0,1.0069461,0,0.99998885,0.5036280204745482,3
6927.0,0.9967977,0,0.9981728,0.5714638767608535,3
6928.0,1.0067701,0,0.9965955,0.6303827511505244,3
6942.0,1.0046238,0,0.9981443,0.5725281257862196,3
6951.0,1.0005149,0,0.99674577,0.6247698394497967,3
6963.0,1.0020689,0,0.9993252,0.5284174527934311,3
6972.0,0.99746543,0,1.0007868,0.4738223683771093,3
6980.0,1.0006491,0,1.0012006,0.4583662664229432,3
6984.0,1.0006468,0,0.99724144,0.6062545781633022,3
6986.0,1.0056715,0,1.0007448,0.4753897979040082,3
6992.0,0.9914624,0,0.9973037,0.6039279249593115,3
6997.0,1.0033004,0,1.0008389,0.4718764402428625,3
7004.0,1.0020055,0,0.9984499,0.5611130530810899,3
7009.0,1.0003343,0,0.9999964,0.5033452597502355,3
7013.0,0.9923334,0,0.99394304,0.7294625542421902,3
7015.0,1.0014907,0,1.0017468,0.4379629650245022,3
7024.0,1.0007464,0,1.001275,0.4555876413525314,3
7025.0,0.99595904,0,0.99600345,0.652498202131615,3
7026.0,0.9941425,0,0.9972939,0.6042952912546784,3
7030.0,1.0044334,0,1.002475,0.4107600474681783,3
7035.0,1.0033064,0,1.0039893,0.3541945438312519,3
7046.0,0.99638206,0,0.99948406,0.5224839305076556,3
7051.0,1.0012115,0,1.0010042,0.4657002335559054,3
7054.0,0.999425,0,0.99672127,0.6256849154946198,3
7066.0,1.0023608,0,1.0018609,0.4337015159982456,3
7072.0,1.0017602,0,1.0013529,0.4526754285383497,3
7076.0,0.99097365,0,0.99568003,0.6645789870931975,3
7081.0,1.0030193,0,1.0028788,0.3956779911965676,3
7084.0,1.0061747,0,0.9982239,0.5695557984873414,3
7087.0,0.9976713,0,0.99955285,0.5199145929024831,3
7102.0,1.0031697,0,0.99923223,0.5318907341314458,3
7104.0,0.99844235,0,1.0013481,0.4528535455300427,3
7119.0,0.98231053,0,0.995386,0.6755621260934713,3
7121.0,1.001965,0,1.0037652,0.3625660424408262,3
7122.0,0.9935321,0,0.99714667,0.6097946533732019,3
7127.0,1.004014,0,1.0001138,0.4989591288297936,3
7128.0,1.0023657,0,1.0027381,0.4009324424515131,3
7134.0,0.9997748,0,1.0023757,0.4144693338201864,3
7136.0,0.99620336,0,0.9996376,0.5167485633751389,3
7141.0,1.0016975,0,0.9957267,0.6628356670370016,3
7147.0,0.9943732,0,1.0031023,0.387328757210955,3
7148.0,0.9887608,0,0.9964326,0.6364676728792389,3
7152.0,0.9941643,0,1.0020723,0.4258020274166579,3
7156.0,1.0085757,0,1.0059425,0.2812378240337709,3
7159.0,1.003429,0,0.99681675,0.622118122735966,3
7162.0,0.9904021,0,1.0018636,0.433599098728022,3
7168.0,0.99728626,0,1.0046823,0.3283096920134567,3
7169.0,0.9972507,0,1.0007695,0.4744680424719967,3
7171.0,0.9831431,0,1.0000886,0.4999031488857669,3
7178.0,0.9960905,0,1.0094539,0.1500724713509951,3
7179.0,1.0014503,0,0.9982564,0.5683423764814324,3
7182.0,1.0028329,0,0.9952762,0.6796632698272043,3
7193.0,0.99469185,0,0.99833053,0.5655726572606052,3
7196.0,1.0050917,0,1.0018396,0.4344941366112796,3
7203.0,0.99904186,0,1.0027384,0.4009235366019286,3
7205.0,1.0050116,0,1.0005693,0.4819445031983133,3
7209.0,0.9952782,0,1.0058444,0.2849025811378558,3
7212.0,0.99601334,0,1.0046184,0.3306964597021439,3
7219.0,1.0006648,0,0.99379015,0.7351734302883491,3
7220.0,0.99231124,0,1.0028371,0.397236514873882,3
7222.0,0.9870619,0,0.99890697,0.5440405394273093,3
7225.0,0.9979329,0,0.99555075,0.6694081840304758,3
7230.0,0.99752206,0,0.99808615,0.5747011530848749,3
7233.0,1.0013374,0,0.99472857,0.7001200063231532,3
7234.0,1.0016112,0,0.9943279,0.7150862865501633,3
7235.0,1.0061477,0,1.0030618,0.3888427516403462,3
7240.0,0.9967146,0,0.99933356,0.5281057480579682,3
7241.0,0.99975747,0,1.0063581,0.2657104752829277,3
7248.0,1.0005292,0,1.003793,0.3615285109642141,3
7254.0,1.0052391,0,0.9940232,0.7264679623193504,3
7255.0,1.0000236,0,0.9961919,0.6454581280349465,3
7258.0,1.0003574,0,1.0050061,0.3162155482774973,3
7260.0,0.99698323,0,0.995983,0.6532618787334992,3
7266.0,1.0025321,0,1.0038533,0.3592753310192967,3
7267.0,1.0023769,0,1.0022922,0.4175908340996075,3
7268.0,1.0062368,0,1.0050476,0.3146659304497676,3
7269.0,1.003865,0,0.9992454,0.5313986859418938,3
7271.0,0.99835694,0,1.0092378,0.1581456239994835,3
7274.0,0.99941915,0,0.99333376,0.752221452855772,3
7282.0,0.9986015,0,0.99733925,0.602600953371198,3
7284.0,1.0026125,0,0.9984024,0.5628875436108323,3
7294.0,1.0080605,0,1.0040736,0.3510463260030769,3
7300.0,1.001583,0,1.0013701,0.4520342073682546,3
7303.0,1.0003712,0,1.0044891,0.3355278831018183,3
7306.0,1.0059955,0,0.9988479,0.5462469636619072,3
7309.0,0.9954848,0,0.9997996,0.5106970385823668,3
7313.0,1.0016515,0,0.9958314,0.6589259990693388,3
7321.0,1.0072134,0,1.0013751,0.4518471845269769,3
7326.0,0.9991537,0,0.9991216,0.5360230483387252,3
7327.0,1.0051411,0,1.003424,0.3753103131964652,3
7330.0,1.0043876,0,0.9999726,0.5042358447087008,3
7333.0,0.99764246,0,1.0015982,0.4435113093157413,3
7345.0,1.0085114,0,0.9996762,0.5153058157424251,3
7349.0,1.0022544,0,1.0067805,0.2499337627437141,3
7354.0,1.0123854,0,1.0041696,0.347461721545254,3
7355.0,1.0046577,0,1.0067904,0.249564169985951,3
7360.0,0.9946538,0,0.99631083,0.6410163355546006,3
7361.0,1.0028763,0,1.0009617,0.467289927706766,3
7362.0,1.0065106,0,0.999225,0.5321601360813817,3
7363.0,0.9967275,0,0.9924561,0.7850061116392775,3
7370.0,1.0005101,0,0.9973222,0.6032377216165008,3
7375.0,1.004711,0,1.000158,0.4973115466566328,3
7376.0,0.9964364,0,0.9975731,0.5938665413910491,3
7380.0,0.9940225,0,0.99336827,0.7509323311283934,3
7402.0,0.99812686,0,0.99616957,0.6462930514335078,3
7405.0,0.99946094,0,1.0010403,0.4643509973438303,3
7408.0,0.9995285,0,0.9942811,0.7168340595311515,3
7411.0,1.0040029,0,0.9973198,0.6033267801123473,3
7413.0,1.005115,0,1.0024006,0.4135386725385901,3
7429.0,1.0009338,0,0.99727714,0.6049209271880003,3
7438.0,1.0040733,0,0.9971964,0.6079377837348017,3
7461.0,1.0006181,0,0.9999005,0.5069276377456623,3
7465.0,1.0038337,0,1.0003606,0.4897415745096773,3
7475.0,0.9990598,0,0.994099,0.7236359021514306,3
7482.0,1.0005467,0,0.9995172,0.5212460174153888,3
7487.0,1.0085555,0,0.99958754,0.5186187917879161,3
7506.0,0.9979579,0,0.9998079,0.5103875603093002,3
7510.0,0.9952254,0,0.99542886,0.6739612996306299,3
7513.0,1.0053679,0,1.0018673,0.4334610580594599,3
7516.0,1.0047891,0,1.0056367,0.292659576126089,3
7517.0,1.0043925,0,1.0035663,0.3699979739192195,3
7519.0,1.0028169,0,1.0041064,0.3498217716851871,3
7526.0,1.0041021,0,1.0054464,0.2997664440946425,3
7527.0,1.0020263,0,0.99934864,0.5275424530717389,3
7533.0,1.0033447,0,0.9979154,0.581079967849883,3
7539.0,1.0057795,0,1.0024608,0.4112899455184652,3
7549.0,1.0000858,0,0.99264455,0.777966037542609,3
7556.0,0.99423856,0,0.9977657,0.5866706149266492,3
7558.0,1.001551,0,1.0035357,0.3711379226660551,3
7561.0,0.9996588,0,1.0016502,0.4415698341062868,3
7562.0,0.9985965,0,0.9975447,0.5949263374916229,3
7563.0,0.9970072,0,0.9961844,0.6457386622968632,3
7571.0,0.997775,0,0.9945263,0.7076743932333355,3
7581.0,0.9994753,0,0.99875236,0.5498159828829571,3
7583.0,1.0025164,0,1.0049615,0.3178809421498275,3
7594.0,1.0084981,0,1.0024234,0.4126881639032558,3
7595.0,1.0006495,0,0.99791384,0.5811378558721833,3
7596.0,1.0058621,0,1.0030154,0.3905749393845612,3
7608.0,0.9941626,0,0.99811184,0.5737415477921286,3
7612.0,1.0023266,0,0.99888974,0.5446839870598006,3
7621.0,0.99897486,0,0.99916273,0.5344867892853724,3
7632.0,1.0013531,0,0.9943222,0.715300026940195,3
7633.0,0.99040866,0,0.9982132,0.5699565617186508,3
7637.0,1.0048492,0,1.0015283,0.446125176168837,3
7638.0,1.0015178,0,1.005175,0.3099057538467704,3
7643.0,1.0018624,0,1.0056857,0.2908294240364427,3
7644.0,1.000546,0,0.99417657,0.7207392745740221,3
7648.0,0.9990757,0,0.99296254,0.7660878606590774,3
7653.0,0.9996956,0,0.99669373,0.6267135411216472,3
7678.0,1.0035937,0,1.0006652,0.4783643516652825,3
7682.0,1.0004058,0,0.9952306,0.6813665135602692,3
7689.0,0.9931385,0,0.9946654,0.7024800564630864,3
7694.0,0.998573,0,1.0025749,0.4070284964922085,3
7696.0,1.0027689,0,1.002291,0.4176353633475307,3
7703.0,1.000985,0,0.9963486,0.6396047583954331,3
7704.0,1.0017847,0,1.0006368,0.4794241477658563,3
7705.0,1.0005974,0,1.002146,0.4230501198950001,3
7711.0,1.0004729,0,1.0007304,0.4759286018038798,3
7715.0,1.0028553,0,1.0002177,0.495080631335677,3
7718.0,1.0031033,0,1.0027853,0.3991690842337518,3
7719.0,0.9991262,0,1.0028212,0.3978287538712615,3
7729.0,1.0023344,0,0.99973243,0.513206261702843,3
7733.0,1.0026445,0,1.0061558,0.2732670886555062,3
7735.0,1.0089316,0,1.005307,0.3049763661016647,3
7743.0,1.0071357,0,1.002951,0.3929795187724176,3
7745.0,0.99647844,0,1.0036529,0.3667606975951979,3
7747.0,1.0007267,0,1.0002418,0.494181140527627,3
7751.0,0.9985208,0,1.001676,0.4406080023511443,3
7753.0,1.0018796,0,1.0006078,0.4805062084903917,3
7757.0,1.0006351,0,1.0025846,0.40666780958403,3
7759.0,0.99981046,0,1.0052698,0.3063656786368707,3
7762.0,1.001833,0,0.99900025,0.5405561257773137,3
7765.0,1.0020006,0,0.99630445,0.6412545670309902,3
7768.0,1.004442,0,0.9962855,0.6419625820729701,3
7781.0,1.0063317,0,1.0049406,0.3186602039884847,3
7783.0,1.0051022,0,0.997546,0.5948773553189073,3
7784.0,1.0043066,0,1.003123,0.3865539482970902,3
7794.0,0.9979099,0,1.000171,0.4968261778542691,3
7802.0,1.0004107,0,1.0056593,0.291813520415547,3
7808.0,1.010191,0,0.9970938,0.6117695255185988,3
7809.0,1.0016584,0,1.0017794,0.4367428636314047,3
7819.0,0.9995139,0,1.001029,0.4647740251991014,3
7820.0,1.0007768,0,1.0049987,0.3164916296146216,3
7826.0,0.9978867,0,1.0011604,0.4598669020779573,3
7828.0,1.0034102,0,0.9993607,0.5270927076677139,3
7837.0,1.0021216,0,1.0009382,0.4681671538908544,3
7840.0,0.9969186,0,0.99683595,0.6214012018444015,3
7847.0,1.0046461,0,0.9965213,0.6331546968337478,3
7856.0,0.9980593,0,1.0010469,0.4641060864802524,3
7859.0,1.0018338,0,1.0022715,0.41836119008868,3
7865.0,1.0016563,0,0.9904421,0.8602360495432413,3
7879.0,1.0024341,0,1.0024759,0.410728876994632,3
7884.0,0.998899,0,0.99609524,0.6490694500415235,3
7893.0,1.0044515,0,1.0029354,0.3935628519202124,3
7905.0,1.0034014,0,1.0049657,0.3177250897820961,3
7908.0,1.0046451,0,1.0029402,0.3933847349285194,3
7909.0,0.9958371,0,0.9988683,0.5454855135224194,3
7924.0,0.99921715,0,1.0004127,0.4877956463754305,3
7925.0,1.0105041,0,0.9955073,0.6710312751172789,3
7926.0,1.0036439,0,0.9932723,0.7545169355862165,3
7927.0,0.99593145,0,0.99949044,0.5222456990312663,3
7932.0,1.00459,0,0.9957445,0.6621699547805487,3
7933.0,1.0038046,0,1.0041071,0.3497950541364332,3
7938.0,1.0064518,0,1.0005105,0.4841442480457226,3
7939.0,0.9946183,0,1.0039771,0.3546531950848616,3
7942.0,1.0036827,0,1.0011879,0.4588382764509299,3
7944.0,1.0003241,0,0.9985475,0.5574683341385706,3
7945.0,1.0023979,0,1.0024039,0.4134184435691973,3
7950.0,1.0037518,0,1.0050099,0.3160730546841429,3
7952.0,0.9969703,0,1.0050815,0.3133968468839545,3
7955.0,1.0038131,0,0.99857706,0.5563640087900735,3
7957.0,1.0059289,0,0.99971706,0.5137806890010531,3
7959.0,0.995905,0,1.0014503,0.4490373889830188,3
7960.0,1.0018344,0,1.004765,0.3252193622075819,3
7967.0,1.0011953,0,0.99373955,0.7370636968626918,3
7969.0,1.001717,0,0.99342215,0.7489196091222617,3
7982.0,0.9980492,0,0.992891,0.7687596155344734,3
7996.0,1.008618,0,0.99985814,0.5085106525093345,3
7997.0,1.0065343,0,1.0047535,0.3256512959124377,3
8007.0,1.0002351,0,0.9991121,0.5363770558597151,3
8021.0,0.99903387,0,1.0028061,0.398394275319887,3
8028.0,1.0006859,0,0.9991754,0.5340125527949895,3
8029.0,0.99826175,0,0.999963,0.5045943051544831,3
8032.0,0.99458265,0,0.99659204,0.6305118859695019,3
8035.0,0.9995709,0,0.99996865,0.5043827912268476,3
8039.0,1.0056028,0,0.99873036,0.5506375475071414,3
8043.0,1.0028597,0,0.9999547,0.5049037834275498,3
8044.0,1.0070806,0,1.0031179,0.3867454240631602,3
8047.0,0.9977305,0,0.9972956,0.6042307238451896,3
8059.0,1.0013174,0,1.0022554,0.418962334935644,3
8060.0,0.9983912,0,1.0039798,0.354550777814638,3
8066.0,1.0094668,0,1.0041318,0.3488732987044215,3
8076.0,1.0071431,0,1.0007815,0.4740182970679717,3
8080.0,1.0042342,0,1.0016788,0.4405011321561284,3
8088.0,0.9955991,0,0.9931127,0.7604794018831419,3
8091.0,0.9919651,0,1.0009487,0.4677752965091296,3
8101.0,1.0013099,0,0.9986494,0.5536610834411313,3
8110.0,1.0047692,0,0.9989981,0.5406362784235756,3
8111.0,0.9985313,0,0.99903136,0.5393939124065164,3
8135.0,1.0029404,0,0.9996055,0.5179486266066708,3
8137.0,0.99750334,0,1.0002639,0.4933528965162542,3
8151.0,1.0079516,0,1.0009614,0.4672988335563506,3
8152.0,1.0015311,0,1.0009705,0.4669604112721338,3
8157.0,0.9961956,0,0.9991923,0.5333824639368754,3
8158.0,0.99518925,0,0.9967559,0.6243913408424488,3
8160.0,1.0049579,0,0.9965381,0.6325268344380297,3
8168.0,0.99911743,0,0.99727356,0.6050545149317701,3
8173.0,1.0016446,0,1.0021102,0.424385997332698,3
8174.0,0.99840075,0,0.9998519,0.5087444310609316,3
8175.0,1.004174,0,1.0042874,0.3430622318504351,3
8176.0,1.0021819,0,1.0011541,0.4601029070919507,3
8177.0,1.001969,0,0.9952936,0.6790131428075246,3
8179.0,1.0009466,0,1.0024836,0.4104394368831308,3
8181.0,0.99314034,0,1.0015587,0.4449896803467937,3
8183.0,0.99599904,0,1.0007365,0.4757015026394712,3
8198.0,1.0056154,0,1.0003341,0.4907301238135738,3
8200.0,1.0057489,0,0.9992689,0.5305214597578054,3
8201.0,1.0011191,0,0.99488884,0.6941330489398699,3
8203.0,1.0033207,0,0.99974066,0.5128990098921724,3
8208.0,1.0007706,0,0.99853563,0.5579114001554071,3
8218.0,0.9927908,0,0.99972343,0.5135424575246637,3
8223.0,0.9974839,0,1.0017103,0.4393255600109542,3
8225.0,0.9995535,0,1.0034628,0.3738631126389591,3
8239.0,1.0043347,0,1.0062127,0.2711430435295663,3
8242.0,1.0060623,0,1.0000001,0.5032072190816733,3
8256.0,1.0042,0,1.0034587,0.3740145120818982,3
8261.0,1.0044316,0,0.9998839,0.5075488207541918,3
8265.0,0.9999047,0,0.9972348,0.6065017154892762,3
8267.0,1.0036522,0,0.99725,0.6059339675782546,3
8277.0,1.0073383,0,1.0035821,0.36940573492184,3
8280.0,0.99554104,0,1.0035381,0.3710488641702085,3
8281.0,1.0031413,0,1.0013213,0.4538554536083162,3
8282.0,0.99796337,0,1.0061234,0.274478284199019,3
8285.0,1.0032268,0,0.9971536,0.6095363837352469,3
8289.0,1.0022522,0,1.0027301,0.401230788412599,3
8296.0,1.0036892,0,0.9995827,0.5187991352420054,3
8300.0,1.0017534,0,1.0005993,0.4808268190754392,3
8307.0,1.0074596,0,0.99756765,0.5940691494691,3
8308.0,0.99902254,0,0.9989035,0.5441696742462868,3
8312.0,1.0008836,0,0.9970156,0.6146906441823651,3
8315.0,0.99809057,0,0.99793386,0.5803897645070724,3
8328.0,0.99907994,0,1.000579,0.4815838162901348,3
8333.0,0.99566776,0,0.99934614,0.5276359644923777,3
8340.0,0.997855,0,1.0035666,0.3699846151448425,3
8341.0,1.0038294,0,1.0031154,0.3868389354837991,3
8350.0,0.995008,0,0.9972444,0.606143255043494,3
8353.0,1.0000874,0,1.0015182,0.4464992218513925,3
8355.0,0.9987615,0,1.0011805,0.4591143577880541,3
8358.0,0.99789494,0,0.99826294,0.5680974656178545,3
8359.0,1.0018222,0,0.99990463,0.506774011840327,3
8362.0,1.0045298,0,0.99670196,0.6264062893109767,3
8364.0,1.0045501,0,0.99624586,0.6434431795664187,3
8369.0,1.0016606,0,1.0021058,0.4245507555500141,3
8374.0,0.99628335,0,1.002486,0.4103503783872843,3
8377.0,1.001468,0,1.000308,0.4917053143430934,3
8381.0,0.99751794,0,0.9996664,0.515673182037792,3
8384.0,1.0051732,0,1.0009148,0.4690399271501504,3
8390.0,0.99854964,0,0.998966,0.5418363416551076,3
8391.0,1.0023185,0,0.99606884,0.6500557728830239,3
8397.0,1.0031638,0,1.007995,0.2045673649594894,3
8400.0,1.0055308,0,1.0052526,0.3070068998069657,3
8407.0,0.9956363,0,0.99731135,0.6036429377726025,3
8423.0,0.993832,0,0.9977604,0.5868687700799078,3
8424.0,0.9968284,0,0.99805075,0.576023671748196,3
8425.0,0.9996233,0,0.99819654,0.5705777447271805,3
8427.0,1.0015428,0,1.0010213,0.4650634653106026,3
8428.0,1.0043598,0,1.0012636,0.4560106692078024,3
8430.0,0.99042153,0,0.9977484,0.5873185154839327,3
8437.0,1.0015967,0,1.0066503,0.2547963566169349,3
8444.0,0.9906721,0,1.0009423,0.468011301523123,3
8449.0,1.0050843,0,1.0005181,0.4838592608590137,3
8452.0,0.99752945,0,0.99546665,0.6725497224714623,3
8457.0,0.9988816,0,0.9941548,0.7215519333486218,3
8459.0,1.0001172,0,0.99733305,0.602832505460399,3
8472.0,1.0016811,0,1.0025269,0.4088230251835162,3
8476.0,0.9990972,0,0.99739975,0.6003410940390923,3
8479.0,1.0029961,0,1.0044332,0.3376163048294196,3
8481.0,0.9990246,0,0.9995883,0.518589847776766,3
8482.0,0.99626875,0,1.0033269,0.3789394469022116,3
8492.0,0.9986315,0,0.9947119,0.700743415794079,3
8502.0,1.0082626,0,1.0008862,0.4701086291003088,3
8517.0,1.0076623,0,1.0009159,0.4689998508270194,3
8524.0,0.99981844,0,1.002212,0.4205831995600511,3
8526.0,1.0014167,0,0.99436486,0.713705879864542,3
8530.0,0.99832684,0,0.99652445,0.6330366943267511,3
8538.0,1.0059284,0,1.0093971,0.1521920635521426,3
8539.0,1.0053548,0,1.0038617,0.3589636262838338,3
8540.0,1.0053409,0,0.9978995,0.5816744333096586,3
8543.0,1.00238,0,1.0010421,0.4642842034719454,3
8554.0,0.99600965,0,1.0033207,0.3791709989914125,3
8557.0,1.0048087,0,1.0034176,0.3755507711352509,3
8558.0,1.0062306,0,0.9977013,0.5890774207769018,3
8570.0,0.9981175,0,0.9986469,0.5537545948617701,3
8584.0,0.9894111,0,0.9976072,0.5925930049004438,3
8585.0,0.999177,0,1.0045468,0.3333726675023322,3
8588.0,0.9962275,0,0.99863434,0.5542243784273606,3
8590.0,1.0008523,0,1.0014036,0.4507829355016108,3
8594.0,0.99804515,0,0.9982339,0.569181752804786,3
8595.0,0.99692696,0,0.99850637,0.5590045931919233,3
8602.0,1.0088284,0,1.0013052,0.4544565984552804,3
8607.0,1.0001217,0,1.0030633,0.3887848636180459,3
8620.0,1.001321,0,0.9987041,0.5516194174238493,3
8625.0,1.0090307,0,1.000924,0.4686970519411412,3
8631.0,0.99781114,0,0.99945784,0.5234635739619675,3
8636.0,1.0063097,0,0.99441224,0.7119358422595922,3
8649.0,1.0019673,0,0.99973094,0.5132619232627471,3
8650.0,1.0015693,0,1.0054694,0.2989070296097234,3
8659.0,0.98711795,0,0.9926922,0.7761870940880744,3
8663.0,1.0030806,0,0.9993897,0.5260084204807822,3
8664.0,0.9956,0,1.0017394,0.4382390463616264,3
8674.0,1.0026008,0,1.0015423,0.4455997310433425,3
8677.0,0.99915946,0,0.99928474,0.529929220760426,3
8682.0,0.9945965,0,1.0016798,0.4404655087577898,3
8684.0,1.0083957,0,1.0000526,0.5012479321730496,3
8689.0,0.9995511,0,1.0004125,0.4878045522250152,3
8690.0,1.0011984,0,0.9992781,0.5301763580864001,3
8691.0,0.99868834,0,0.99568444,0.6644142288758814,3
8694.0,0.99847543,0,0.99687934,0.6197803372199946,3
8696.0,1.0050856,0,0.99796647,0.579171889576371,3
8697.0,1.0029472,0,1.0016265,0.4424559661399598,3
8698.0,0.9948261,0,1.0018579,0.4338128391180537,3
8699.0,0.9991403,0,1.0020248,0.4275787444087963,3
8702.0,1.0059927,0,1.0018411,0.4344407015137718,3
8706.0,1.0014307,0,0.9979,0.5816543951480931,3
8712.0,0.99855167,0,1.0004451,0.4865844508319177,3
8713.0,0.98085046,0,1.0029666,0.3923961856246228,3
8716.0,1.0027173,0,0.99757034,0.5939689586612726,3
8735.0,0.99803716,0,1.0006179,0.4801321628078362,3
8745.0,0.9948381,0,0.99931186,0.5289161803701716,3
8746.0,1.0032495,0,0.99602294,0.6517701489280696,3
8747.0,1.0048641,0,0.99635446,0.6393865650806091,3
8748.0,1.0040371,0,1.000156,0.4973827934533099,3
8749.0,0.9947888,0,1.0011374,0.4607263165628764,3
8751.0,1.0021015,0,0.99871516,0.551205295418163,3
8754.0,0.99933636,0,0.99925953,0.5308710143540031,3
8756.0,1.00144,0,0.9979662,0.5791830218883518,3
8758.0,1.0036376,0,1.0000784,0.5002816474931147,3
8763.0,1.0008512,0,0.99666786,0.6276798258015821,3
8765.0,0.9980266,0,0.9958507,0.6582046252529818,3
8772.0,1.0005252,0,1.0014757,0.4480889160022532,3
8786.0,1.0014015,0,1.0036262,0.3677581527486792,3
8790.0,1.005206,0,0.9995572,0.5197520611475632,3
8792.0,0.9975094,0,1.0033054,0.3797409733648303,3
8794.0,1.0008577,0,1.0010749,0.4630596491540556,3
8795.0,1.0058905,0,0.9959382,0.654936178455414,3
8797.0,1.0062953,0,1.0005252,0.4835920853714741,3
8799.0,1.0025033,0,0.99987835,0.5077558817570351,3
8814.0,0.9983039,0,1.0002055,0.4955348296644943,3
8815.0,1.0004892,0,1.0045484,0.3333103265552396,3
8820.0,0.9990898,0,0.9999257,0.5059880706144814,3
8826.0,1.0031233,0,0.9981857,0.5709829608832822,3
8827.0,1.0006531,0,1.0041672,0.3475507800411005,3
8834.0,1.0045106,0,0.9986946,0.5519734249448394,3
8838.0,0.997061,0,1.0040329,0.3525692262820527,3
8841.0,1.0046229,0,1.0015811,0.4441525304858363,3
8859.0,0.99884444,0,1.0006741,0.478030382305858,3
8862.0,1.0002826,0,0.9970633,0.6129094742654344,3
8871.0,1.001979,0,0.9968924,0.6192927419552348,3
8880.0,0.9901895,0,1.0023146,0.41675368423865,3
8884.0,0.99728703,0,0.99681354,0.6222383517053589,3
8887.0,0.9949658,0,0.9959675,0.6538407589565016,3
8898.0,1.0034782,0,0.9991486,0.5350144608732631,3
8899.0,1.0005267,0,1.0036448,0.3670634964810761,3
8901.0,1.0024047,0,0.99426156,0.7175643391970932,3
8908.0,0.9991794,0,1.0012674,0.4558681756144479,3
8914.0,1.0049717,0,0.9996682,0.5156063881659071,3
8917.0,1.0020723,0,1.0010196,0.4651258062576952,3
8919.0,0.9982308,0,0.9988178,0.5473713271719698,3
8922.0,1.0024735,0,1.0026344,0.4048064870208374,3
8926.0,0.9985491,0,1.0003775,0.4891092591891669,3
8929.0,0.9999317,0,0.9951883,0.6829473018615453,3
8938.0,0.9973341,0,1.0012038,0.4582460374535504,3
8940.0,1.0049736,0,0.9966073,0.629941911596084,3
8943.0,1.0005393,0,0.99627995,0.6421696430758133,3
8944.0,0.99962044,0,0.99846846,0.5604206232758832,3
8946.0,1.0038656,0,0.99574697,0.662078669822306,3
8948.0,0.99644357,0,0.9990474,0.5387949940219485,3
8953.0,0.99686974,0,0.9926348,0.7783311773755797,3
8954.0,1.0081688,0,1.0001583,0.4972981878822557,3
8955.0,1.0037974,0,0.99961615,0.5175500898377576,3
8956.0,1.0004458,0,1.0051572,0.310569239640827,3
8959.0,1.0034945,0,1.000512,0.4840863600234224,3
8963.0,0.99952,0,1.0015078,0.4468910792331173,3
8975.0,1.0083781,0,0.99974626,0.5126897224269331,3
8978.0,0.9929871,0,0.9986348,0.5542065667281912,3
8984.0,0.99975246,0,1.0027753,0.3995431299163072,3
8998.0,0.9966672,0,1.0007617,0.4747574825834979,3
8999.0,1.0010514,0,0.9993848,0.5261909903972677,3
9004.0,1.0013182,0,1.0044113,0.3384311900664154,3
9005.0,0.99334764,0,0.99464655,0.703183618580274,3
9022.0,1.0084211,0,1.001048,0.4640660101571214,3
9025.0,0.9994567,0,1.0017554,0.4376423544394546,3
9032.0,1.0034807,0,1.0017586,0.4375221254700618,3
9034.0,0.9986486,0,1.003641,0.3672059900744306,3
9037.0,1.0046009,0,0.99551195,0.6708576110503781,3
9042.0,1.0090545,0,0.9972784,0.6048741714776809,3
9048.0,0.9947044,0,1.0002477,0.4939584942880107,3
9050.0,0.9984,0,0.9987024,0.551681758370942,3
9056.0,1.0002129,0,0.99799144,0.5782390018323785,3
9060.0,1.003957,0,0.9978426,0.5837984784355985,3
9068.0,1.0120785,0,1.0000895,0.4998675254874283,3
9075.0,1.0096644,0,1.0051473,0.3109388323985902,3
9079.0,1.0044019,0,1.0007391,0.47560353829404,3
9082.0,1.008554,0,1.0039878,0.3542524318535522,3
9093.0,1.0021341,0,0.9996228,0.5173007260493874,3
9096.0,1.0004202,0,0.9961003,0.6488802007378496,3
9112.0,0.99098325,0,1.0000179,0.5025437332876166,3
9119.0,1.0075859,0,0.9965611,0.6316674199531107,3
9120.0,1.0017443,0,1.0024601,0.4113166630672191,3
9121.0,0.99094194,0,1.0005783,0.4816105338388887,3
9129.0,1.0040108,0,1.0021571,0.4226359978893136,3
9131.0,0.99804705,0,1.006171,0.2727015672068806,3
9137.0,0.9972442,0,0.9979663,0.5791785689635596,3
9141.0,1.0010654,0,1.0020406,0.4269865054114168,3
9144.0,1.0020126,0,1.0007484,0.4752562101602384,3
9146.0,1.0052012,0,1.0019206,0.4314706006772898,3
9156.0,1.0004193,0,1.0022898,0.417679892595454,3
9157.0,1.001857,0,0.9997122,0.5139610324551424,3
9182.0,1.0003506,0,1.0042002,0.346317319873626,3
9185.0,1.0045234,0,1.0007552,0.4750023934470758,3
9186.0,1.0036963,0,1.0050712,0.3137842513408869,3
9189.0,0.99657345,0,0.9939066,0.7308229227662459,3
9191.0,0.9996465,0,0.99694794,0.6172176790020105,3
9204.0,1.0043186,0,1.0023125,0.4168293839601196,3
9205.0,1.0004398,0,1.003092,0.3877117087430951,3
9207.0,0.99122965,0,1.0036186,0.368043139935388,3
9212.0,0.9941736,0,1.0004383,0.4868382675450803,3
9233.0,1.0045197,0,0.9970083,0.614962272594697,3
9236.0,0.9978419,0,1.0062894,0.2682798128881002,3
9237.0,0.99995834,0,0.9956831,0.6644654375109932,3
9239.0,1.0022699,0,0.99600285,0.6525204667555767,3
9256.0,0.9995484,0,1.00187,0.4333586407892363,3
9257.0,1.0036592,0,1.0032628,0.3813351204404833,3
9259.0,1.000752,0,1.0027874,0.3990933845122822,3
9268.0,1.0054231,0,1.0024445,0.4118999962150139,3
9270.0,0.9988944,0,1.0018278,0.4349349761657201,3
9271.0,0.99447405,0,0.9956164,0.6669568489322999,3
9275.0,1.0024668,0,1.0004301,0.4871455193557508,3
9281.0,0.99751365,0,0.99420244,0.7197729898940872,3
9284.0,1.0045348,0,1.0029039,0.3947384240653867,3
9286.0,1.00321,0,1.000812,0.472878348321136,3
9289.0,0.9997298,0,0.9953025,0.6786813999104961,3
9294.0,1.0039947,0,1.0036426,0.3671481020521304,3
9295.0,1.0035759,0,0.9993434,0.5277383817626012,3
9301.0,1.0057185,0,1.0041798,0.3470787700131138,3
9303.0,0.99741066,0,1.0029175,0.3942307906390615,3
9305.0,1.0006433,0,1.0029052,0.3946894418926712,3
9307.0,0.99850094,0,0.99897116,0.5416426394266414,3
9312.0,1.0047907,0,0.9994662,0.5231518692265047,3
9314.0,1.0012151,0,1.0015318,0.4459915884250672,3
9317.0,1.0024803,0,0.9994664,0.52314296337692,3
9321.0,0.9993503,0,0.99811506,0.5736213188227357,3
9325.0,0.9980857,0,1.0030948,0.3876092914728717,3
9337.0,0.99433976,0,1.004565,0.3326913700091062,3
9345.0,1.0024385,0,0.9984294,0.5618789561453702,3
9347.0,1.0045359,0,0.9991156,0.5362479210407376,3
9353.0,1.0009807,0,1.0016798,0.4404655087577898,3
9356.0,1.0041758,0,1.0058534,0.284564158853639,3
9360.0,1.0028121,0,1.0037246,0.3640844897950096,3
9366.0,1.0012516,0,0.9998241,0.5097819625375437,3
9374.0,1.0040228,0,1.0020872,0.4252454118176171,3
9378.0,1.004409,0,1.0014278,0.4498789917687685,3
9384.0,0.994109,0,1.0032196,0.3829470792153056,3
9392.0,1.0027194,0,1.001856,0.4338840859147309,3
9393.0,1.0003984,0,1.0023019,0.4172256942666367,3
9396.0,0.99635386,0,1.0018805,0.4329667834075116,3
9397.0,0.9982019,0,0.9994915,0.5222056227081353,3
9398.0,1.0004549,0,1.0009409,0.4680647366206308,3
9416.0,1.0058298,0,0.9964485,0.6358732074194633,3
9420.0,1.0027882,0,1.0027117,0.4019209917554097,3
9425.0,0.9976289,0,0.99722284,0.6069492344309051,3
9434.0,1.0008122,0,1.0013806,0.4516423499865298,3
9439.0,0.99991554,0,1.0054212,0.3007104641506157,3
9443.0,1.0021797,0,1.0032557,0.3815978430032306,3
9444.0,1.0008069,0,0.9975362,0.5952447216142742,3
9448.0,1.0011661,0,1.002425,0.4126302758809554,3
9449.0,0.98465914,0,0.997301,0.6040303422295349,3
9450.0,1.0010651,0,1.004626,0.3304114725154349,3
9465.0,1.0046705,0,1.0013645,0.452243494833494,3
9479.0,0.9946642,0,0.99982995,0.5095637692227197,3
9480.0,0.9979759,0,1.0023398,0.4158096641826768,3
9487.0,0.9909296,0,0.9931623,0.758626985169534,3
9498.0,0.9894291,0,0.9967163,0.6258697118735013,3
9507.0,0.9952256,0,1.0026656,0.4036398207252478,3
9516.0,0.99922884,0,1.0038857,0.3580641354757838,3
9519.0,0.99888474,0,0.9974033,0.6002075062953225,3
9523.0,0.996037,0,0.9949956,0.6901454547883413,3
9525.0,1.0026608,0,0.999515,0.5213283965240469,3
9528.0,1.0010809,0,1.0005795,0.4815660045909654,3
9530.0,1.0067906,0,0.9934231,0.7488839857239231,3
9532.0,1.001084,0,0.99807554,0.5750974633913921,3
9535.0,1.0031297,0,0.99912024,0.5360742569738368,3
9536.0,1.0029591,0,1.0029162,0.394279772811777,3
9543.0,0.9978499,0,0.99492216,0.6928884564604146,3
9545.0,1.0037662,0,0.99976844,0.5118614784155603,3
9551.0,1.0008312,0,0.9995655,0.5194425828744965,3
9553.0,1.0051581,0,1.0043008,0.3425590513489022,3
9554.0,1.0034428,0,0.9992792,0.5301362817632691,3
9556.0,1.0084071,0,0.9988725,0.5453274346922918,3
9560.0,1.0060369,0,1.0024081,0.4132581382766735,3
9562.0,1.0021883,0,1.0002916,0.4923198179644344,3
9564.0,1.0028464,0,1.0011754,0.4593058335541241,3
9566.0,0.99377674,0,0.9967536,0.6244781728758992,3
9571.0,1.0008663,0,0.99823344,0.5691995645039554,3
9572.0,1.0029026,0,1.0010242,0.4649521421907945,3
9584.0,0.99946016,0,0.9992608,0.5308242586436837,3
9590.0,1.000341,0,0.99763125,0.5916935140923938,3
9594.0,0.9947491,0,0.9996564,0.5160472277203474,3
9596.0,1.0052849,0,1.0056908,0.2906379482703727,3
9601.0,1.0005533,0,1.0032457,0.381971888685786,3
9602.0,1.0013855,0,1.0015976,0.4435335739397029,3
9612.0,1.0033921,0,1.0017883,0.4364133471967725,3
9618.0,0.99880636,0,0.99784565,0.5836849288533941,3
9624.0,0.9984305,0,1.0028809,0.3955978385503058,3
9629.0,1.001779,0,1.002837,0.3972409677986743,3
9632.0,1.0030084,0,1.0007821,0.47399603244401,3
9634.0,1.0043519,0,1.0002031,0.4956238881603408,3
9635.0,1.0015007,0,1.004721,0.3268624914559506,3
9639.0,0.9979303,0,0.99992245,0.5061082995838742,3
9644.0,0.99927294,0,0.9940551,0.725276804937403,3
9650.0,1.0023122,0,0.99853677,0.55786909736988,3
9654.0,1.0027828,0,0.9999419,0.505382472842725,3
9670.0,1.0060849,0,1.0043932,0.339108034634849,3
9672.0,1.0031,0,0.9928196,0.7714269174850772,3
9673.0,1.0075426,0,1.0002705,0.4931079856526763,3
9678.0,1.0026377,0,0.9978545,0.5833554124187619,3
9680.0,1.0051401,0,1.0044099,0.3384846251639233,3
9684.0,0.99840426,0,0.9967407,0.6249590887534705,3
9700.0,0.99975586,0,1.0046993,0.327672923768154,3
9701.0,1.0081308,0,1.0033085,0.3796251973202298,3
9713.0,0.99918693,0,0.997059,0.6130697795579582,3
9714.0,1.0018883,0,0.997419,0.5996219466851315,3
9724.0,0.9922686,0,1.0021744,0.4219903237944262,3
9728.0,0.99728924,0,0.9990303,0.5394339887296473,3
9729.0,1.0007479,0,0.99965686,0.5160294160211781,3
9733.0,1.0009446,0,1.0002121,0.4952899188009164,3
9738.0,1.0000876,0,0.9983235,0.5658353798233524,3
9741.0,1.0007176,0,1.0032254,0.3827288859004816,3
9742.0,1.003757,0,0.9992586,0.5309066377523417,3
9747.0,1.0004324,0,0.99587053,0.6574632132750594,3
9754.0,0.98870844,0,0.9979459,0.5799400191030474,3
9757.0,0.99999774,0,0.9998065,0.5104387689444119,3
9764.0,0.99778044,0,1.0020728,0.4257842157174886,3
9765.0,0.99790907,0,0.9963544,0.6393887915430052,3
9768.0,1.0045915,0,0.99955773,0.5197320229859979,3
9772.0,0.9856016,0,1.0027664,0.3998770992757318,3
9776.0,1.0023686,0,0.99791056,0.5812603113039723,3
9783.0,0.997394,0,0.997158,0.6093716255179309,3
9784.0,0.99229854,0,0.9958972,0.6564679845839744,3
9795.0,1.0022589,0,1.002352,0.4153554658538594,3
9797.0,1.0039542,0,0.99462146,0.7041209592490587,3
9798.0,1.0041934,0,1.0019399,0.430749226860933,3
9806.0,1.0088547,0,1.0021669,0.4222708580563429,3
9811.0,1.0026244,0,0.9987042,0.5516149644990571,3
9812.0,0.9967517,0,0.9921478,0.7965213751522344,3
9820.0,0.9973398,0,0.99853766,0.5578357004339376,3
9821.0,1.0050081,0,1.0011277,0.4610870034710549,3
9825.0,1.0016158,0,1.0020407,0.4269820524866246,3
9831.0,1.0012647,0,0.9985771,0.5563617823276774,3
9833.0,0.99920523,0,1.0011175,0.461469955003195,3
9834.0,0.9975778,0,0.99747515,0.5975246191079455,3
9836.0,1.0072092,0,0.99823606,0.5691016001585241,3
9838.0,0.99811935,0,1.0024179,0.4128929984437027,3
9841.0,1.0004528,0,1.0008466,0.4715870001313612,3
9842.0,1.0030624,0,1.0008451,0.4716448881536615,3
9843.0,1.0052819,0,0.99524367,0.6808789182955095,3
9844.0,1.0032529,0,1.0019659,0.4297784892562056,3
9846.0,0.9892809,0,1.001678,0.4405323026296747,3
9847.0,1.0085636,0,1.0031502,0.3855386814444397,3
9849.0,1.0087204,0,1.0040026,0.3537002691793037,3
9852.0,0.99929833,0,1.0036675,0.3662174407705341,3
9854.0,0.998479,0,0.9985273,0.5582231048908699,3
9855.0,0.9995503,0,1.0035772,0.3695883048383254,3
9856.0,1.0067931,0,0.9998175,0.5100290998635179,3
9863.0,1.0044795,0,1.0018684,0.4334209817363289,3
9865.0,1.0025935,0,1.0009674,0.4670761873167343,3
9868.0,1.0024439,0,0.9962446,0.6434899352767381,3
9870.0,1.0002818,0,1.000696,0.4772154970688622,3
9873.0,1.0085834,0,0.99665034,0.6283344057460541,3
9882.0,1.0002103,0,1.0015461,0.4454572374499881,3
9890.0,1.0051773,0,0.997188,0.6082517149326607,3
9891.0,0.99387866,0,1.000234,0.4944705806391283,3
9892.0,1.0032839,0,0.9975759,0.5937618976584296,3
9896.0,0.9936144,0,0.999238,0.5316747672790181,3
9899.0,0.9971936,0,0.99771243,0.5886610723088193,3
9909.0,0.99709696,0,1.0013775,0.4517581260311304,3
9913.0,1.0051023,0,1.0065582,0.2582384674814034,3
9917.0,1.0002027,0,0.9995325,0.5206738165795749,3
9918.0,0.9963658,0,1.0048277,0.3228771237668181,3
9924.0,1.0035146,0,1.00489,0.3205526970252236,3
9927.0,1.0052694,0,1.0008988,0.4696366190723221,3
9932.0,1.0004371,0,1.0007476,0.4752873806337848,3
9939.0,1.00005,0,1.0014111,0.4505024012396943,3
9944.0,0.9966395,0,0.999974,0.5041824096111929,3
9945.0,1.0012621,0,1.0049586,0.3179878123448434,3
9950.0,0.99999577,0,1.0027871,0.3991022903618669,3
9961.0,1.0045214,0,1.0072961,0.2306748630169011,3
9971.0,1.0016084,0,0.9974885,0.597025891531205,3
9985.0,1.0104108,0,1.0032943,0.3801550953705167,3
9994.0,1.0054275,0,1.0028951,0.3950679405000189,3
9996.0,0.9982867,0,1.0049547,0.3181347588629901,3
10001.0,0.99627715,0,0.9944953,0.7088343801417366,3
10002.0,1.0024285,0,1.0017972,0.436079377837348,3
10004.0,1.0038371,0,1.0044355,0.337527246333573,3
10005.0,1.0000446,0,0.9956586,0.6653805135558163,3
10006.0,0.9987372,0,1.003992,0.3540965794858207,3
10008.0,1.0013161,0,1.0011424,0.4605392937215987,3
10011.0,1.006142,0,0.9995023,0.5218026330144296,3
10013.0,1.0035374,0,1.0023552,0.4152352368844666,3
10021.0,0.983346,0,0.9979032,0.5815341661787004,3
10026.0,0.9984561,0,1.0045707,0.3324776296190745,3
10038.0,1.0019584,0,1.0014565,0.4488058368938178,3
10039.0,0.99658376,0,0.99760234,0.592773348354533,3
10042.0,1.0046681,0,1.005585,0.2945921454859588,3
10050.0,0.99884194,0,0.99809325,0.5744362040597315,3
10065.0,1.0048885,0,0.9986203,0.5547498235528552,3
10068.0,1.0040259,0,1.0069597,0.243241016780847,3
10073.0,0.99936455,0,1.0028158,0.3980291354869162,3
10083.0,1.004086,0,0.9970728,0.6125532402820483,3
10084.0,0.9937781,0,1.0002898,0.4923866118363194,3
10086.0,0.9914517,0,1.0007194,0.4763382708847739,3
10088.0,0.99934405,0,0.9962546,0.6431158895941826,3
10089.0,1.0003792,0,1.0065755,0.2575927933865161,3
10091.0,1.0003759,0,1.0027629,0.4000062340947092,3
10095.0,0.9979709,0,1.0036595,0.36651578673162,3
10099.0,0.99774873,0,1.0027547,0.4003134859053798,3
10105.0,0.9985175,0,0.9960015,0.6525716753906885,3
10119.0,0.9959061,0,0.99856156,0.5569428890130761,3
10121.0,1.0017318,0,0.99788266,0.5823022957053767,3
10125.0,0.9979503,0,0.99833035,0.5655793366477937,3
10133.0,0.99856734,0,1.0050346,0.3151512992521312,3
10135.0,1.0051738,0,0.99344724,0.7479822684534769,3
10137.0,1.0049026,0,1.0058901,0.2831926580176024,3
10149.0,0.9982631,0,0.998117,0.5735478455636623,3
10150.0,1.0024192,0,1.0030135,0.3906461861812385,3
10154.0,1.0014312,0,1.0002042,0.49558381183721,3
10161.0,1.005561,0,0.99936885,0.5267876823194395,3
10173.0,1.0031884,0,0.99372095,0.7377583531302948,3
10184.0,1.006678,0,0.9976531,0.5908764023930018,3
10188.0,0.99708575,0,0.99622554,0.6442024032435104,3
10205.0,0.99827015,0,0.9962536,0.6431537394549175,3
10219.0,0.9973618,0,1.000253,0.4937625655971484,3
10220.0,1.0062764,0,0.9961625,0.6465580004586513,3
10223.0,1.0027845,0,0.9978901,0.5820239879058562,3
10233.0,1.0000274,0,0.9984049,0.5627940321901933,3
10239.0,1.0028427,0,1.0008435,0.4717027761759618,3
10242.0,1.0048798,0,1.0019429,0.4306379037411247,3
10243.0,1.0022243,0,0.998301,0.566674756146706,3
10244.0,1.0000167,0,1.0031855,0.384220615705911,3
10245.0,1.0037911,0,0.998006,0.5776957450077147,3
10250.0,1.0037938,0,1.0046805,0.3283764858853416,3
10275.0,1.0077443,0,0.9974116,0.5998980280222557,3
10277.0,0.99953234,0,0.99816483,0.5717622227219393,3
10278.0,0.99938387,0,1.0035058,0.3722556067889291,3
10279.0,0.99808645,0,0.99602294,0.6517701489280696,3
10283.0,0.99913687,0,1.0000957,0.4996359733982273,3
10285.0,1.0027109,0,1.0012281,0.4573376407959157,3
10291.0,1.0004423,0,1.0000103,0.5028287204743256,3
10296.0,1.0065871,0,1.0019138,0.4317244173904525,3
10297.0,1.0009192,0,0.9989724,0.541595883716322,3
10299.0,1.0004392,0,0.99515647,0.6841362327810965,3
10312.0,0.9995556,0,1.0009836,0.4664705895449779,3
10316.0,1.0039542,0,1.0010593,0.4636429823018504,3
10320.0,1.0024601,0,1.0028124,0.3981582703058937,3
10329.0,1.0115747,0,1.0002631,0.4933840669898005,3
10334.0,0.9960951,0,1.0006081,0.480497302640807,3
10337.0,1.0035553,0,1.0024661,0.4110940168276028,3
10342.0,0.9979367,0,1.0009955,0.4660252970657452,3
10344.0,1.0022446,0,1.0066408,0.255152590600321,3
10349.0,1.0060984,0,1.0069935,0.2419763861398263,3
10353.0,1.002887,0,0.99316716,0.7584444152530486,3
10358.0,1.0029486,0,0.99859476,0.555702749458413,3
10363.0,0.9939478,0,0.99910843,0.5365150965282772,3
10367.0,0.9984907,0,1.0014265,0.4499279739414841,3
10371.0,1.0024903,0,0.99601287,0.6521464210730212,3
10375.0,0.9994859,0,0.99549973,0.6713140358415917,3
10385.0,1.008193,0,0.9994733,0.5228869202013613,3
10391.0,1.0096974,0,1.0006236,0.4799184224178046,3
10396.0,1.0002471,0,0.999313,0.5288738775846445,3
10405.0,1.001419,0,1.0012685,0.455828099291317,3
10406.0,1.0049782,0,1.000713,0.4765787288235595,3
10408.0,0.9961455,0,1.0031606,0.3851512769875073,3
10411.0,1.0023398,0,0.9989975,0.5406585430475372,3
10413.0,1.0046273,0,0.9990638,0.5381827168630036,3
10419.0,1.0022712,0,1.0001861,0.4962606564056436,3
10421.0,0.99973005,0,0.99462944,0.7038226132879728,3
10426.0,0.9985473,0,1.0017458,0.4379985884228408,3
10428.0,1.0021261,0,1.0007628,0.4747174062603669,3
10433.0,1.0020292,0,0.9994739,0.5228624291150035,3
10438.0,1.0067546,0,1.0017947,0.4361728892579869,3
10440.0,1.0017254,0,0.99673444,0.6251928673050677,3
10444.0,1.002534,0,0.9944588,0.7101969751281886,3
10445.0,0.9986888,0,1.0011176,0.4614655020784026,3
10447.0,1.0019468,0,0.9919776,0.802880151755677,3
10449.0,0.99095607,0,1.0045611,0.332838316527253,3
10453.0,0.9948632,0,0.9972904,0.604426652536052,3
10461.0,0.99425155,0,0.9957695,0.6612370670365563,3
10470.0,0.99991864,0,0.9991909,0.533433672571987,3
10478.0,1.0016375,0,0.99895304,0.5423194839950751,3
10483.0,0.9995675,0,1.0022264,0.4200488485849718,3
10488.0,1.007593,0,1.0055109,0.2973574117819937,3
10493.0,1.0052094,0,0.99741536,0.5997577608912974,3
10501.0,1.0018332,0,1.0021434,0.4231480842404312,3
10503.0,0.9986277,0,0.9997567,0.5123000915076045,3
10506.0,1.0105991,0,0.9971061,0.6113108742649891,3
10509.0,0.99925745,0,0.9975236,0.5957145051798647,3
10512.0,1.0009195,0,1.0032446,0.382011965008917,3
10526.0,0.9984631,0,0.9931975,0.7573111458934014,3
10528.0,0.9966241,0,0.99432087,0.7153490091129107,3
10530.0,0.99883544,0,1.0070181,0.2410590836326069,3
10540.0,1.0004642,0,1.0010426,0.4642663917727762,3
10546.0,0.99544626,0,0.99900967,0.5402043447187199,3
10547.0,0.9957511,0,1.0033228,0.3790908463451506,3
10553.0,1.0002998,0,1.002594,0.4063160285254362,3
10555.0,1.001148,0,1.0027649,0.3999305343732396,3
10558.0,0.99653906,0,1.0022092,0.4206900697550668,3
10568.0,1.0096661,0,1.0008552,0.4712663895463137,3
10591.0,1.0017437,0,0.98993486,0.8791832445345914,3
10597.0,1.004742,0,1.0018876,0.4327040608447643,3
10601.0,1.008749,0,1.0053632,0.3028745855996865,3
10635.0,1.007372,0,1.002228,0.4199865076378792,3
10638.0,1.0022285,0,0.9991065,0.5365863433249545,3
10639.0,1.0093269,0,1.004107,0.3497995070612255,3
10642.0,1.0051291,0,1.0044003,0.3388453120721018,3
10644.0,1.0026058,0,1.0016916,0.4400246692033495,3
10646.0,0.99307865,0,0.9973518,0.6021311698056075,3
10659.0,1.0031866,0,0.99586457,0.6576858595146757,3
10664.0,0.9992293,0,0.9999436,0.5053179054332362,3
10666.0,1.0030541,0,0.9956098,0.6672017597958779,3
10671.0,1.0010009,0,1.0004343,0.4869896669880194,3
10679.0,0.99662215,0,1.0000982,0.4995424619775884,3
10688.0,0.9994599,0,0.9990395,0.5390911135206382,3
10692.0,0.998161,0,0.9986332,0.5542666812128876,3
10695.0,0.98864365,0,0.99639857,0.6377389829074482,3
10697.0,0.9945148,0,0.997939,0.5801982887410023,3
10701.0,1.0086762,0,0.9989329,0.5430720282849784,3
10707.0,1.0038034,0,0.99742216,0.5995039441781348,3
10708.0,0.989522,0,0.9974815,0.5972863876315562,3
10719.0,1.0004201,0,1.0025898,0.4064718808931676,3
10721.0,1.0027347,0,1.0024668,0.4110672992788488,3
10722.0,0.9953465,0,1.0032157,0.3830940257334524,3
10726.0,0.99147284,0,0.99914944,0.5349832903997168,3
10729.0,1.000629,0,1.0040175,0.3531436535802629,3
10730.0,1.002104,0,0.99808043,0.5749148934749067,3
10754.0,1.0040659,0,1.0004524,0.4863128224195857,3
10776.0,1.00484,0,0.99913114,0.5356668143553389,3
10777.0,1.0053461,0,1.000912,0.4691467973451663,3
10779.0,1.0000631,0,0.99982077,0.5099066444317288,3
10786.0,1.0064437,0,1.0002626,0.4934018786889699,3
10799.0,1.0028802,0,1.0096464,0.1428809978113874,3
10803.0,1.0002433,0,0.9960213,0.6518324898751622,3
10811.0,1.0032012,0,1.0071024,0.237910865804432,3
10812.0,0.98986155,0,0.9927666,0.7734062425552664,3
10814.0,1.0064547,0,0.9953324,0.6775637157876222,3
10815.0,1.011086,0,1.0021265,0.4237803995609416,3
10821.0,1.0052161,0,0.9978352,0.5840745597727227,3
10822.0,1.0027335,0,1.0012243,0.4574801343892702,3
10824.0,1.0032653,0,0.9955181,0.6706282854235733,3
10827.0,0.9994281,0,0.9984743,0.5602024299610592,3
10829.0,1.0031412,0,1.0018693,0.4333853583379903,3
10832.0,0.97932285,0,0.99405575,0.7252523138510452,3
10840.0,0.98669523,0,0.9906474,0.8525681130508547,3
10846.0,1.0067271,0,1.0029137,0.3943732842324159,3
10848.0,0.9954947,0,0.9928649,0.769734806063993,3
10852.0,1.0048351,0,0.99737364,0.6013162845686117,3
10865.0,0.99577093,0,1.0002226,0.4948980614191917,3
10869.0,1.0047894,0,0.99736655,0.6015812335937551,3
10876.0,0.9996088,0,1.0025492,0.407990328247351,3
10880.0,0.9870372,0,1.0006399,0.4793083717212558,3
10882.0,0.999008,0,1.0009875,0.466323643026831,3
10910.0,0.9996566,0,1.0022717,0.4183567371638876,3
10914.0,0.9988116,0,1.0005269,0.4835297444243815,3
10917.0,0.9980819,0,0.99938196,0.5262978605922835,3
10919.0,1.0002031,0,0.99889827,0.5443656029371492,3
10922.0,0.9910776,0,0.9969844,0.6158550840155586,3
10924.0,0.9998232,0,0.9960876,0.6493544372282325,3
10927.0,0.99820113,0,0.9960873,0.6493655695402132,3
10933.0,1.0010009,0,0.99738115,0.6010357503066952,3
10936.0,0.9906934,0,0.9972949,0.6042574413939436,3
10937.0,1.0006251,0,0.9992821,0.5300271851058571,3
10939.0,0.9975247,0,1.0015328,0.4459559650267286,3
10958.0,0.9969426,0,0.99786353,0.5830169901345451,3
10967.0,1.0015824,0,0.997937,0.5802717620000757,3
10972.0,1.0082794,0,1.004755,0.3255934078901374,3
10976.0,0.99521714,0,0.9953545,0.6767399247010417,3
10983.0,1.0065353,0,1.0035934,0.368982707066569,3
10985.0,0.99668103,0,0.99489564,0.6938792322267073,3
10987.0,0.9994766,0,1.0033509,0.3780444090189538,3
10990.0,1.0025537,0,1.0014862,0.4476970586205284,3
10991.0,1.005034,0,0.9962253,0.6442113090930951,3
10997.0,1.0035154,0,1.0040287,0.3527250786497842,3
10999.0,1.0067842,0,1.0019485,0.4304286162758853,3
11000.0,0.9995744,0,1.0021195,0.4240386691988965,3
11002.0,1.0062641,0,1.0008411,0.4717918346718083,3
11003.0,0.98809505,0,1.0031428,0.385814762781564,3
11006.0,0.99707645,0,1.0013579,0.4524884056970719,3
11008.0,0.9961534,0,0.9952114,0.6820834344518338,3
11013.0,0.9997284,0,0.9982164,0.569836332749258,3
11030.0,1.0019938,0,0.9948449,0.6957739517258423,3
11033.0,0.99924,0,1.0016898,0.4400914630752344,3
11038.0,1.0037558,0,1.0041323,0.3488554870052522,3
11045.0,1.004172,0,1.0006175,0.4801455215822132,3
11049.0,0.9989939,0,1.0022799,0.4180494853532172,3
11050.0,1.0022626,0,0.9927886,0.7725846779310821,3
11051.0,0.99634486,0,0.9971475,0.6097634828996555,3
11054.0,1.0068262,0,1.0034885,0.3729012808838164,3
11059.0,1.0076195,0,0.999853,0.5087021282754045,3
11064.0,1.0022942,0,1.0007958,0.4734839460928924,3
11068.0,1.0001286,0,0.99918175,0.5337765477809963,3
11080.0,1.0007216,0,1.005171,0.3100571532897095,3
11084.0,0.9975931,0,1.002772,0.3996678118104924,3
11087.0,1.007902,0,1.0037578,0.3628421237779504,3
11088.0,1.0006336,0,0.9977921,0.5856842920851488,3
11089.0,1.002125,0,1.000575,0.4817352157330739,3
11090.0,0.99842346,0,0.9955778,0.6683973701026176,3
11093.0,1.0080113,0,0.99883056,0.5468948642191908,3
11100.0,1.0080614,0,0.999395,0.5258102653275237,3
11101.0,1.008833,0,0.9998346,0.509390105155819,3
11104.0,1.0021399,0,1.0037932,0.3615196051146294,3
11109.0,1.0089722,0,1.0028778,0.3957136145949063,3
11120.0,1.0025817,0,0.99965155,0.5162275711744366,3
11122.0,1.0044209,0,1.0077735,0.2128408992236325,3
11124.0,1.0019385,0,0.99117655,0.8328015798977163,3
11125.0,1.0061032,0,0.9997067,0.5141680934579855,3
11132.0,1.0033569,0,1.0010935,0.4623649928864526,3
11142.0,0.99464774,0,0.9969382,0.6175805923725851,3
11144.0,1.0028929,0,1.0075141,0.2225304635717355,3
11151.0,0.9984351,0,0.9994776,0.5227243884464413,3
11152.0,0.99879724,0,1.000532,0.4833382686583115,3
11162.0,0.9985728,0,1.0042216,0.3455202463357995,3
11171.0,1.0016646,0,0.9974607,0.5980634230078171,3
11174.0,0.9973676,0,0.99919856,0.5331486853852783,3
11176.0,0.998731,0,1.0012134,0.4578853505453719,3
11181.0,1.0001776,0,1.0016079,0.4431506224075628,3
11186.0,1.0116929,0,1.0047439,0.3260075298958238,3
11187.0,0.99133897,0,0.99581337,0.6595983907129801,3
11197.0,1.0012935,0,1.0009241,0.4686925990163489,3
11210.0,1.0004132,0,1.0015608,0.4449095277005319,3
11213.0,1.0065292,0,1.0045613,0.3328294106776683,3
11217.0,1.0052139,0,0.99986774,0.5081521920635521,3
11220.0,1.0068913,0,0.99795336,0.579661711303527,3
11239.0,1.0034068,0,1.0028174,0.397971247464616,3
11244.0,0.99378765,0,0.9988555,0.5459642029375945,3
11247.0,0.98701686,0,0.9987368,0.5503970895683558,3
11260.0,1.0055069,0,1.0056171,0.2933898557920306,3
11264.0,0.9976686,0,1.0073115,0.2301004357186908,3
11271.0,1.005294,0,0.9987275,0.5507444177021572,3
11277.0,1.0014862,0,1.0066352,0.2553618780655604,3
11280.0,0.99450684,0,1.0004042,0.4881118040356857,3
11289.0,0.9954868,0,0.9984379,0.561562798485115,3
11293.0,1.0061744,0,0.9975125,0.5961286271855512,3
11294.0,0.99219865,0,0.99698484,0.6158394987787854,3
11314.0,1.005148,0,0.9999774,0.5040555012546115,3
11317.0,0.9965014,0,1.0000945,0.4996805026461506,3
11324.0,1.0047994,0,0.9999385,0.5055093811993062,3
11330.0,0.9989147,0,0.9927526,0.7739294612183647,3
11331.0,1.0045253,0,0.9953797,0.6757981311074647,3
11339.0,1.0012836,0,1.0032592,0.3814687081842531,3
11340.0,1.0005342,0,0.9989541,0.5422794076719442,3
11341.0,1.0001428,0,0.9994838,0.5224928363572403,3
11355.0,0.9917919,0,1.0036743,0.3659636240573715,3
11360.0,1.0066844,0,1.0019069,0.4319826870284075,3
11363.0,1.0048149,0,1.0029523,0.3929305365997021,3
11365.0,1.0006008,0,0.99569947,0.6638531603520482,3
11366.0,0.9995381,0,0.99725276,0.6058315503080312,3
11374.0,1.0087686,0,1.0027584,0.4001754452368177,3
11375.0,0.99434406,0,0.998851,0.5461311876173067,3
11376.0,1.0047772,0,0.9994917,0.5221989433209469,3
11385.0,0.9981731,0,1.0000616,0.5009095098888328,3
11386.0,1.0011314,0,1.0022696,0.4184324368853572,3
11389.0,1.0065762,0,1.0029473,0.3931175594409798,3
11390.0,1.000496,0,0.99522495,0.6815780274879047,3
11404.0,1.0032474,0,0.9947635,0.6988152993590016,3
11412.0,0.9989346,0,1.0040276,0.352765154972915,3
11414.0,0.99844396,0,1.0015286,0.4461118173944601,3
11416.0,0.99686444,0,0.9990864,0.5373388876148577,3
11424.0,1.0049391,0,0.9948126,0.6969806943445629,3
11428.0,1.0041553,0,1.0031357,0.3860819382691036,3
11431.0,1.0003428,0,1.0001736,0.4967282135088379,3
11434.0,1.0101428,0,1.0046718,0.3287015493951815,3
11441.0,1.006455,0,1.0030887,0.3878363906372803,3
11458.0,1.0008024,0,1.002507,0.4095666636238347,3
11464.0,1.0049335,0,0.9981387,0.5727374132514589,3
11466.0,0.99715316,0,0.99505055,0.6880926564590788,3
11468.0,1.0083858,0,1.0007715,0.4743923427505271,3
11469.0,1.007281,0,1.0032736,0.3809299042843815,3
11477.0,0.9995824,0,1.001357,0.4525240290954105,3
11478.0,0.9966089,0,1.0004861,0.4850526447033573,3
11486.0,0.9975115,0,0.99940556,0.5254161814834029,3
11490.0,0.9997541,0,1.0027915,0.3989375321445508,3
11512.0,0.99853975,0,0.99466765,0.7023954508920321,3
11517.0,0.9987946,0,1.0043191,0.3418777538556762,3
11519.0,1.0002409,0,1.0038373,0.3598720229414686,3
11520.0,1.0046184,0,0.9952762,0.6796632698272043,3
11526.0,1.0092102,0,0.9983469,0.5649603801016603,3
11530.0,1.0032865,0,1.000531,0.4833783449814424,3
11532.0,1.0017552,0,1.0020895,0.4251608062465629,3
11534.0,1.0022725,0,1.0048274,0.3228904825411951,3
11544.0,1.0024431,0,0.99637306,0.6386919088130061,3
11548.0,0.99912274,0,1.0023348,0.4159966870239545,3
11554.0,0.9991318,0,0.9979751,0.5788490525289274,3
11558.0,0.99841136,0,1.0039532,0.355543780043327,3
11564.0,0.9997389,0,0.999818,0.5100090617019524,3
11577.0,0.99863684,0,0.9997218,0.51360257200936,3
11592.0,0.9996427,0,0.9963652,0.6389858018492997,3
11594.0,0.9957754,0,0.99866503,0.5530777502933364,3
11605.0,0.99683404,0,1.0013281,0.4536016368951536,3
11606.0,1.0015142,0,1.0053742,0.3024649165187925,3
11623.0,1.0030696,0,1.0006362,0.4794464123898179,3
11627.0,1.0024494,0,1.0014306,0.4497721215737527,3
11632.0,1.0027303,0,0.9983451,0.5650294004359413,3
11639.0,1.0012251,0,1.003543,0.3708662942537232,3
11642.0,0.9958004,0,1.000766,0.4745971772909741,3
11654.0,1.0012716,0,0.998706,0.5515481706271722,3
11656.0,1.0094734,0,1.0011574,0.4599782251977655,3
11663.0,0.998028,0,1.0009896,0.4662479433053615,3
11669.0,0.99988157,0,0.9986823,0.552432076198449,3
11680.0,0.992986,0,0.99992645,0.5059591266033312,3
11685.0,0.99822456,0,1.0030999,0.3874178157068016,3
11686.0,1.0023357,0,0.9984973,0.5593430154761401,3
11695.0,1.0052296,0,1.0045536,0.3331188507891696,3
11696.0,1.0073189,0,0.99574965,0.6619784790144787,3
11699.0,0.99924827,0,0.9990424,0.5389820168632262,3
11700.0,1.0071272,0,1.0066799,0.2536920312684378,3
11702.0,1.0104685,0,1.0080725,0.2016729638444772,3
11703.0,1.0020703,0,1.0000666,0.5007224870475551,3
11710.0,1.0009314,0,0.9976363,0.5915042647887199,3
11711.0,1.0000998,0,1.0009258,0.4686302580692563,3
11723.0,1.0020777,0,1.0026685,0.4035329505302319,3
11730.0,1.0015998,0,0.99724257,0.606212275377775,3
11732.0,1.0013529,0,1.0001419,0.4979126915035968,3
11744.0,1.010237,0,1.0043213,0.341793148284622,3
11747.0,0.9982384,0,1.0011737,0.4593681745012168,3
11756.0,1.0029151,0,1.0013952,0.4510946402370737,3
11767.0,1.0030009,0,1.004023,0.3529388190398158,3
11770.0,1.0032762,0,1.0047152,0.3270806847707745,3
11775.0,1.0006806,0,0.99835235,0.5647577720236094,3
11776.0,1.0021715,0,1.0025754,0.4070106847930391,3
11777.0,1.0029436,0,1.0004628,0.4859254179626533,3
11783.0,1.0078819,0,1.0022707,0.4183923605622263,3
11789.0,1.003943,0,0.9999261,0.5059724853777082,3
11791.0,1.0098222,0,0.99893385,0.5430364048866396,3
11794.0,0.994993,0,1.0001545,0.4974406814756102,3
11799.0,0.9981761,0,0.99861044,0.5551171898482221,3
11801.0,0.99529,0,1.0007088,0.476734581191291,3
11805.0,1.0050043,0,0.995624,0.6666718617455911,3
11812.0,1.0010428,0,0.9997139,0.5138986915080498,3
11818.0,1.0024467,0,0.9972273,0.6067822497511928,3
11820.0,1.0020097,0,0.9979154,0.581079967849883,3
11821.0,0.9999634,0,0.99578243,0.6607539246965888,3
11823.0,0.99954104,0,1.0001088,0.4991461516710713,3
11834.0,0.9967173,0,1.0037537,0.3629979761456818,3
11836.0,1.0028573,0,1.0008353,0.4720100279866323,3
11839.0,1.005064,0,0.999845,0.5090004742364904,3
11842.0,0.9995564,0,1.0030262,0.3901697232284595,3
11850.0,1.0056105,0,0.9986395,0.5540306761988943,3
11857.0,1.0030577,0,0.9960406,0.6511111160588053,3
11858.0,1.0005176,0,1.0012865,0.4551557076476756,3
11860.0,0.999145,0,1.0007408,0.4755411973469474,3
11862.0,0.99861604,0,0.9971664,0.6090576943200718,3
11863.0,1.002488,0,1.0027068,0.4021035616718951,3
11865.0,1.0051093,0,0.99962616,0.5171760441552022,3
11873.0,0.9999578,0,0.99708205,0.6122081386106429,3
11874.0,1.006517,0,0.9949829,0.6906196912787241,3
11878.0,1.0045607,0,0.99801904,0.5772081497429549,3
11880.0,0.9992741,0,0.9993439,0.527720570063432,3
11882.0,1.0050654,0,1.00231,0.4169228953807584,3
11915.0,1.0084693,0,1.0077395,0.2141099827894457,3
11920.0,1.0010314,0,1.0009968,0.4659763148930296,3
11926.0,0.9998049,0,1.0040977,0.350146835195027,3
11927.0,1.0010986,0,1.0000774,0.5003217238162456,3
11931.0,1.0006877,0,1.0022321,0.4198351081949402,3
11941.0,1.0040866,0,1.0073861,0.2273129047986943,3
11942.0,1.0068073,0,1.0031068,0.3871595460688466,3
11949.0,0.99530643,0,0.9990576,0.5384142689522045,3
11952.0,0.9996458,0,1.0009339,0.4683274591833781,3
11954.0,1.0097996,0,0.9996865,0.514922864210285,3
11961.0,0.99716187,0,0.99590224,0.6562787352803006,3
11962.0,1.0045308,0,1.005388,0.3019483772428826,3
11964.0,0.99713326,0,1.0021726,0.4220571176663111,3
11971.0,0.99858993,0,0.99455214,0.7067103350157968,3
11975.0,1.0042652,0,0.9991642,0.5344311277254683,3
11977.0,0.997999,0,0.99887466,0.5452472820460299,3
11979.0,1.0023535,0,1.0014219,0.4500971850835925,3
11980.0,0.99839175,0,0.99531686,0.6781448224730209,3
11985.0,0.99988306,0,1.0027006,0.4023351137610961,3
11988.0,1.0016767,0,0.9996628,0.5158067697815618,3
11995.0,1.0031294,0,0.9980452,0.5762307327510392,3
11998.0,1.0067312,0,1.0031269,0.3864114547037358,3
431.0,0.9635419,1,0.9966602,0.6279670394506872,4
1123.0,0.97089845,1,1.0066638,0.254293176115402,4
1176.0,0.9785082,1,0.9960484,0.650819449484908,4
1380.0,0.95320076,1,0.9946009,0.7048890887757351,4
1451.0,0.97868973,1,1.0000701,0.5005933522285775,4
2035.0,0.96709716,1,1.0007238,0.4761735126674578,4
2145.0,0.93221784,1,0.9928875,0.7688909768158471,4
2158.0,0.97287434,1,0.9988751,0.5452316968092568,4
2500.0,0.9475163,1,0.9969433,0.6173913430689113,4
2631.0,0.96278757,1,0.99632186,0.6406044400113104,4
2699.0,0.9664067,1,0.99201936,0.8013194016159664,4
2721.0,0.96710306,1,0.9999867,0.5037081731208101,4
2851.0,0.9478357,1,0.9988562,0.5459374853888406,4
2957.0,0.95162606,1,0.997775,0.5863232867928477,4
3056.0,0.96122694,1,1.0072243,0.2333555237418817,4
3104.0,0.97326106,1,0.9963963,0.6378235884785024,4
3935.0,0.9738568,1,0.9940166,0.7267150996453245,4
4087.0,0.9554661,1,1.0023222,0.4164686970519411,4
4506.0,0.97907716,1,0.9954525,0.6730773940593531,4
4855.0,0.9790594,1,0.9989701,0.5416827157497723,4
4930.0,0.96638006,1,0.99839586,0.5631324544744101,4
5457.0,0.9449835,1,0.9996644,0.5157466552968654,4
5534.0,0.9489411,1,0.99923754,0.5316925789781873,4
5618.0,0.9405467,1,1.0024623,0.4112365104209572,4
5623.0,0.96728265,1,0.9951412,0.6847062071545142,4
5641.0,0.936299,1,0.9972501,0.6059317411158585,4
5896.0,0.9597794,1,1.0022378,0.4196213678049084,4
5901.0,0.9644706,1,1.0063102,0.267500551049443,4
6143.0,0.9683366,1,0.9993606,0.52709493413011,4
6538.0,0.95650136,1,0.9958176,0.6594403118828525,4
6561.0,0.96656823,1,0.99727124,0.6051413469652205,4
6623.0,0.97816724,1,1.001148,0.4603300062563593,4
6679.0,0.9490557,1,0.9990751,0.5377596890077325,4
6768.0,0.9790849,1,0.9984167,0.562353192635753,4
6877.0,0.96974945,1,0.9978572,0.5832529951485385,4
7674.0,0.96185696,1,1.0016237,0.4425583834101834,4
7900.0,0.9485422,1,1.0030276,0.3901207410557439,4
7903.0,0.9736374,1,1.0025125,0.4093618290833877,4
7963.0,0.9705041,1,1.0060768,0.2762193777928188,4
8497.0,0.9499554,1,0.99951893,0.5211814500059001,4
8498.0,0.9503954,1,1.0025184,0.4091391828437714,4
9395.0,0.96458715,1,0.9964704,0.6350560957200713,4
9697.0,0.96769387,1,1.0024531,0.4115793856299664,4
10467.0,0.95358837,1,0.99998134,0.5039085547364648,4
10490.0,0.95489633,1,0.9979913,0.5782434547571709,4
10929.0,0.9671645,1,0.99702084,0.6144947154915027,4
11111.0,0.97035676,1,0.99600434,0.6524648051956726,4
11580.0,0.9460819,1,0.9995586,0.5196986260500553,4
2.0,0.99263746,0,1.0013146,0.4541048173966866,4
3.0,1.0038823,0,1.0045971,0.3314935332399703,4
8.0,1.0056506,0,0.9997486,0.5126028903934827,4
9.0,0.99915916,0,1.0027623,0.4000284987186708,4
20.0,0.9970547,0,1.0038066,0.3610208775378888,4
26.0,1.0048883,0,1.0015179,0.4465125806257695,4
48.0,1.0043455,0,1.0045929,0.3316493856077017,4
49.0,1.0051888,0,0.9993093,0.5290119182532067,4
53.0,0.996361,0,0.999608,0.517855115186032,4
59.0,1.0045152,0,0.99953645,0.5205268700614281,4
61.0,0.99787354,0,0.9963957,0.637845853102464,4
65.0,0.99554074,0,1.0045401,0.3336220312907025,4
71.0,1.00356,0,0.9978691,0.5828099291317019,4
83.0,1.000556,0,0.9988518,0.5461022436061567,4
87.0,1.004081,0,1.0017812,0.4366760697595198,4
97.0,0.9992791,0,0.9961935,0.6453980135502502,4
114.0,1.0083299,0,0.99955255,0.519925725214464,4
117.0,1.0068827,0,0.99946314,0.523265418808709,4
120.0,1.0007367,0,1.0005279,0.4834941210260429,4
133.0,1.0065981,0,1.0033057,0.3797320675152457,4
134.0,1.0053064,0,0.99806356,0.5755449823330209,4
139.0,1.0001831,0,1.0003242,0.491099716571337,4
141.0,1.0042892,0,1.0026362,0.4047396931489525,4
144.0,1.0032318,0,0.9978739,0.5826295856776127,4
148.0,0.9873569,0,1.000214,0.4952186720042392,4
151.0,1.0066658,0,1.0001817,0.4964254146229597,4
153.0,1.0077373,0,0.9990079,0.5402711385906047,4
164.0,0.9949694,0,1.0026553,0.4040272251821802,4
196.0,0.9987101,0,0.996306,0.6411966790086898,4
203.0,0.9970946,0,0.99925095,0.5311916249390506,4
209.0,0.9970775,0,1.0001016,0.4994177800834033,4
210.0,1.0001042,0,1.0003027,0.4919056959587481,4
213.0,0.99495935,0,0.9988047,0.5478611488991256,4
220.0,0.9999569,0,1.0032723,0.3809788864570972,4
237.0,1.0057666,0,1.0007226,0.4762180419153811,4
260.0,1.0025846,0,0.99691653,0.6183910246847886,4
265.0,1.0034097,0,1.0016688,0.4408751778386839,4
268.0,1.0001243,0,1.002704,0.4022059789421186,4
287.0,0.9976129,0,0.99604607,0.6509062815183583,4
290.0,1.0024745,0,0.9977394,0.5876547113057534,4
303.0,1.0027248,0,0.99488664,0.694215428048528,4
304.0,1.0018284,0,1.0050174,0.3157925204222263,4
307.0,1.0087835,0,1.0012223,0.4575558341107397,4
309.0,0.99924797,0,0.99866146,0.5532113380371062,4
310.0,1.0032717,0,0.9999072,0.5066782739572919,4
315.0,1.0080904,0,0.99789095,0.5819928174323099,4
323.0,1.000175,0,1.001416,0.4503198313232088,4
326.0,1.0023893,0,1.0035512,0.3705590424430527,4
329.0,1.0048103,0,0.99542606,0.6740659433632495,4
330.0,1.0044601,0,1.0022941,0.4175195873029302,4
339.0,1.0049821,0,1.0017146,0.4391652547184305,4
342.0,1.0061554,0,1.0026028,0.405986512090804,4
344.0,0.9985455,0,0.9986305,0.554366872020715,4
353.0,1.0000983,0,1.0032821,0.3806137466241264,4
356.0,1.0028042,0,0.9993163,0.5287514221528555,4
377.0,1.0036033,0,0.9980781,0.575001725508357,4
400.0,1.007067,0,0.99986434,0.5082791004201335,4
401.0,0.99977213,0,0.9958362,0.6587456556152496,4
405.0,1.000417,0,1.0013844,0.4514998563931754,4
410.0,1.0004212,0,0.9976906,0.589475957545815,4
419.0,0.9887331,0,1.0002525,0.4937803772963176,4
420.0,0.9853299,0,0.9959341,0.6550875778983531,4
427.0,0.997434,0,1.0020585,0.4263185666925678,4
439.0,1.0031372,0,0.99765134,0.5909431962648867,4
442.0,1.0023259,0,0.99814934,0.5723411029449419,4
443.0,1.001067,0,0.99424267,0.718270127776677,4
444.0,1.0037187,0,0.9918188,0.8088114475790561,4
445.0,0.9992459,0,0.9969358,0.6176718773308278,4
453.0,1.0005398,0,0.99834645,0.5649781918008296,4
456.0,0.99967796,0,0.9985752,0.5564330291243547,4
457.0,1.0035888,0,1.0066504,0.2547919036921425,4
458.0,1.0017595,0,1.0024264,0.4125768407834476,4
459.0,0.99876153,0,0.9971916,0.6081159007264947,4
476.0,1.0072864,0,1.0029901,0.3915189594405345,4
478.0,1.0056816,0,1.0029124,0.3944222664051315,4
483.0,0.9980986,0,1.0018827,0.4328866307612498,4
486.0,1.0088179,0,1.0025467,0.4080838396679899,4
507.0,1.000775,0,1.0017469,0.4379585120997099,4
511.0,0.9973172,0,0.9973069,0.6038099224523148,4
519.0,1.005465,0,1.0027262,0.4013777349307459,4
523.0,1.0025706,0,1.0035038,0.3723313065103987,4
530.0,0.9969229,0,0.99576455,0.6614218634154378,4
531.0,1.0011052,0,1.0011097,0.4617593951146962,4
540.0,1.0036135,0,1.0006899,0.4774425962332709,4
545.0,1.0026276,0,1.0011513,0.4602053243621742,4
566.0,1.0063525,0,1.0053995,0.3015208964628192,4
571.0,1.0030105,0,1.0003752,0.4891983176850134,4
583.0,0.99622285,0,0.99773383,0.5878617723085966,4
584.0,1.004064,0,1.0046948,0.3278421349102625,4
587.0,1.0048054,0,0.9996765,0.5152946834304442,4
595.0,1.0005243,0,0.99624634,0.6434253678672495,4
596.0,0.99784046,0,0.9926325,0.7784157829466339,4
598.0,1.0071801,0,1.008539,0.1842486691321027,4
599.0,1.0031415,0,0.994979,0.6907644113344747,4
618.0,0.99804527,0,0.995025,0.6890478088270329,4
619.0,1.0084903,0,0.99602515,0.6516877698194117,4
626.0,0.99818057,0,1.0043856,0.3393930218215579,4
631.0,0.9926427,0,1.0048082,0.3236074034327597,4
632.0,1.0001205,0,0.9913536,0.8261889865811112,4
633.0,0.99604297,0,0.99785495,0.5833376007195926,4
635.0,1.0051461,0,1.002966,0.3924184502485845,4
638.0,1.0002006,0,0.9965401,0.6324511347165602,4
640.0,0.9986442,0,0.99738777,0.6007886129807211,4
642.0,0.9995353,0,0.9977001,0.589121950024825,4
647.0,0.9952092,0,1.0009615,0.4672943806315583,4
650.0,0.9969874,0,1.0038689,0.3586919978715019,4
656.0,0.99688995,0,1.0046059,0.3311640168053381,4
661.0,1.0027872,0,0.99906427,0.5381649051638342,4
662.0,1.0056138,0,1.0045036,0.3349846262771545,4
667.0,1.0025201,0,1.0007284,0.4760043015253493,4
675.0,0.9947965,0,0.9942352,0.7185484355761973,4
676.0,1.0038689,0,0.99901384,0.5400484923509885,4
681.0,0.9984674,0,0.99549574,0.6714632088221346,4
688.0,1.0071415,0,1.0049162,0.3195730535709117,4
698.0,1.0002528,0,0.9994175,0.5249708890041702,4
700.0,1.0035179,0,1.0015047,0.4470068552777178,4
701.0,0.99822116,0,1.0038514,0.359346577815974,4
709.0,1.0038595,0,1.0045,0.3351182140209243,4
716.0,1.0060366,0,0.9998438,0.5090472299468098,4
721.0,1.000649,0,1.0007629,0.4747129533355746,4
729.0,0.9963063,0,0.9967499,0.6246162135444613,4
731.0,0.991539,0,0.994863,0.6950993336198048,4
733.0,1.0027412,0,0.99938,0.5263713338513569,4
735.0,1.0061305,0,1.0070359,0.2403955978385503,4
737.0,0.9926131,0,0.99535656,0.676661998517176,4
738.0,1.000943,0,1.004473,0.3361290279487824,4
740.0,1.0036703,0,1.0030437,0.3895195962087798,4
747.0,1.0025189,0,0.99759513,0.5930427503044687,4
753.0,1.0009749,0,1.0020477,0.4267237828486696,4
785.0,0.9983472,0,0.99697685,0.6161378447398713,4
789.0,1.0011768,0,1.0030015,0.3910959315852634,4
790.0,0.9928146,0,0.99580926,0.6597520166183153,4
791.0,1.0048288,0,1.0050286,0.3153739454917476,4
797.0,1.0021185,0,0.9972553,0.6057358124249961,4
800.0,1.0029813,0,1.0012141,0.457858632996618,4
806.0,1.0054849,0,0.99766374,0.5904800920864848,4
808.0,0.99533653,0,1.0008945,0.469796924364846,4
830.0,1.0081015,0,1.0007584,0.474882164477683,4
831.0,1.0045547,0,0.99335885,0.7512841121869872,4
833.0,0.99968153,0,1.0028307,0.3974725198878753,4
838.0,1.0050654,0,1.0001893,0.4961404274362508,4
839.0,1.0027894,0,1.0025924,0.4063739165477364,4
845.0,0.9961841,0,1.0005845,0.4813789817496877,4
847.0,1.0062213,0,1.0013456,0.4529470569506816,4
861.0,0.9899118,0,0.99245596,0.7850105645640698,4
866.0,1.0000653,0,1.0037589,0.3628020474548195,4
867.0,0.9978699,0,0.99759156,0.5931763380482385,4
868.0,1.0081625,0,0.99976635,0.511939404599426,4
869.0,0.99996346,0,1.0000949,0.4996671438717736,4
876.0,0.99902016,0,1.0030547,0.3891054742030935,4
878.0,0.9940312,0,0.9969401,0.617511572038304,4
883.0,1.004259,0,1.0006623,0.4784712218602984,4
885.0,0.99913335,0,1.0039748,0.3547378006559158,4
886.0,1.0016425,0,1.000003,0.5031003488866574,4
892.0,0.997233,0,0.9985585,0.5570564385952803,4
898.0,1.0020026,0,1.0042244,0.3454133761407837,4
912.0,1.0029553,0,1.0031235,0.3865361365979209,4
915.0,1.0064665,0,1.0009656,0.4671429811886192,4
917.0,1.0036235,0,0.9993724,0.5266540945756697,4
920.0,1.0026151,0,1.0008024,0.4732390352293145,4
921.0,0.9997004,0,1.0045584,0.3329362808726842,4
926.0,0.99778646,0,0.9987387,0.5503258427716785,4
939.0,1.0016463,0,1.0014288,0.4498389154456376,4
943.0,1.0026712,0,0.9947955,0.6976196890522617,4
946.0,0.985932,0,1.0033928,0.3764769794920548,4
947.0,1.007982,0,1.0015314,0.4460094001242366,4
954.0,1.0030273,0,1.0077527,0.2136201610622897,4
961.0,1.0005312,0,1.0046321,0.3301843733510262,4
963.0,0.9984112,0,0.9969803,0.6160087099208937,4
973.0,1.0044208,0,1.0010191,0.4651436179568645,4
974.0,1.0057975,0,1.0019637,0.4298586419024676,4
980.0,1.0000725,0,1.0019197,0.4315017711508361,4
985.0,1.0082515,0,1.0061455,0.2736544931124386,4
989.0,1.008519,0,1.0005724,0.4818287271537127,4
991.0,1.0054207,0,1.003096,0.3875647622249484,4
999.0,1.0019149,0,1.0026636,0.4037155204467174,4
1005.0,1.0003452,0,0.9962904,0.6417800121564847,4
1006.0,1.0033793,0,1.0029246,0.3939680680763142,4
1016.0,0.999848,0,1.0063756,0.265060348263248,4
1017.0,1.0043223,0,0.9978182,0.5847113280180254,4
1024.0,1.0086467,0,1.0071629,0.23564878000993,4
1029.0,1.0013635,0,0.9913348,0.8268903222359025,4
1030.0,0.99050885,0,0.9999719,0.5042603357950586,4
1034.0,1.0071315,0,1.0070076,0.2414509410143317,4
1038.0,1.0038904,0,1.0010442,0.4642085037504759,4
1039.0,0.99926424,0,0.9994197,0.5248885098955121,4
1041.0,1.004025,0,1.0011193,0.4614031611313101,4
1042.0,0.9972258,0,0.99516124,0.6839581157894034,4
1048.0,0.99966884,0,1.0024836,0.4104394368831308,4
1051.0,1.0009291,0,1.0006738,0.478043741080235,4
1059.0,1.0042994,0,0.998901,0.5442631856669257,4
1061.0,0.99801326,0,0.9987349,0.5504683363650329,4
1071.0,0.99870193,0,0.9987522,0.5498226622701456,4
1072.0,1.0010272,0,1.0007056,0.4768548101606837,4
1075.0,0.99541247,0,1.0010487,0.4640392926083675,4
1085.0,1.0058428,0,1.0002176,0.4950850842604694,4
1088.0,0.9794559,0,0.9986311,0.5543446073967534,4
1089.0,1.005584,0,1.0030733,0.3884108179354905,4
1092.0,0.996577,0,0.99751145,0.596168703508682,4
1098.0,1.0050565,0,0.99850404,0.5590914252253736,4
1121.0,0.992984,0,0.9993905,0.5259794764696322,4
1128.0,1.0031424,0,0.99684227,0.6211651968304082,4
1129.0,1.0065721,0,0.9951711,0.6835885230316403,4
1130.0,1.0007169,0,1.0005952,0.4809782185183783,4
1145.0,1.0032067,0,1.0052433,0.3073542279407671,4
1148.0,1.0008374,0,0.99763703,0.5914775472399658,4
1163.0,0.98922575,0,0.9922316,0.7933909690232287,4
1169.0,0.9979907,0,1.006543,0.258803988930029,4
1190.0,0.9950328,0,1.0022873,0.4177734040160928,4
1191.0,1.0049988,0,0.99522144,0.6817093887692784,4
1193.0,1.0057459,0,1.0026523,0.4041385483019885,4
1196.0,0.9981955,0,0.998378,0.5638003931932591,4
1202.0,1.00221,0,1.0006948,0.4772600263167855,4
1217.0,0.9977614,0,0.999165,0.5344021837143181,4
1218.0,1.0037061,0,0.99855053,0.5573547845563662,4
1221.0,0.9980387,0,1.0007055,0.4768592630854761,4
1235.0,1.0015247,0,0.9994011,0.5255831661631151,4
1238.0,0.9963946,0,0.9981139,0.573665848070659,4
1244.0,1.0024256,0,0.99929005,0.5297310656071674,4
1247.0,1.005746,0,1.0021127,0.4242924859120591,4
1271.0,1.0024775,0,1.0014889,0.4475946413503049,4
1278.0,1.0034041,0,0.99927986,0.5301117906769114,4
1282.0,1.0025828,0,0.99918395,0.5336941686723382,4
1283.0,1.002257,0,0.99883443,0.5467501441634401,4
1285.0,1.0046607,0,1.0005695,0.4819400502735209,4
1288.0,0.99528986,0,1.0014532,0.4489305187880029,4
1297.0,1.0043573,0,1.0034409,0.3746824508007472,4
1302.0,0.9984412,0,0.994903,0.693603150889583,4
1315.0,0.9975648,0,1.0000165,0.5025971683851246,4
1323.0,0.99924976,0,1.0021806,0.4217587717052252,4
1324.0,1.0037837,0,1.0022417,0.4194744212867617,4
1325.0,1.0058625,0,1.001023,0.4649966714387177,4
1326.0,0.9958631,0,0.994034,0.7260649726256448,4
1332.0,1.0047779,0,1.003712,0.3645520468982038,4
1334.0,1.0042584,0,0.99665624,0.628113985968834,4
1340.0,0.9963016,0,0.9970381,0.6138490413966153,4
1341.0,1.009526,0,0.99820906,0.5701101876239861,4
1348.0,1.0025362,0,0.9973962,0.600474681782862,4
1353.0,0.99416655,0,1.0030645,0.3887403343701227,4
1359.0,0.99973,0,0.9998698,0.5080742658796864,4
1362.0,1.0020591,0,0.99753284,0.5953694035084595,4
1365.0,0.9984982,0,0.9988418,0.5464740628263158,4
1366.0,0.9975386,0,1.0003767,0.4891404296627132,4
1368.0,1.0034547,0,1.0014333,0.4496741572283215,4
1379.0,1.000312,0,0.9986386,0.554066299597233,4
1384.0,1.0006152,0,0.9999317,0.5057631979124688,4
1386.0,0.99929327,0,0.9971748,0.6087437631222128,4
1395.0,1.0058379,0,0.9987671,0.5492660466711048,4
1402.0,1.0043067,0,0.9984183,0.5622953046134527,4
1407.0,1.0008615,0,1.0004504,0.4863885221410553,4
1409.0,1.0028342,0,0.9967832,0.623371621065006,4
1420.0,1.0026433,0,1.0086075,0.1816882373765148,4
1423.0,0.9953161,0,1.0015948,0.4436404441347188,4
1426.0,1.0018873,0,0.99757373,0.5938420503046914,4
1429.0,1.0008163,0,1.0007917,0.4736397984606239,4
1431.0,1.0072111,0,1.0038725,0.3585584101277321,4
1440.0,1.0016859,0,1.0038807,0.3582511583170615,4
1441.0,1.0064441,0,0.99891496,0.5437421934662234,4
1444.0,0.9997363,0,0.99738085,0.601046882618676,4
1446.0,1.000981,0,1.0045859,0.331912108170449,4
1448.0,0.9975261,0,1.0010405,0.464346544419038,4
1455.0,1.0040187,0,0.9998499,0.508817904320005,4
1459.0,1.0065103,0,0.9956162,0.6669635283194885,4
1461.0,1.0019014,0,1.0030441,0.3895017845096105,4
1466.0,1.0000188,0,0.99898976,0.5409479831590385,4
1469.0,1.0046068,0,1.0013366,0.4532854792348985,4
1471.0,1.0016894,0,0.9950461,0.688259641138791,4
1472.0,1.003436,0,0.9923458,0.7891250670721797,4
1487.0,1.0059127,0,1.0000982,0.4995424619775884,4
1494.0,1.0016934,0,1.0020367,0.4271334519295636,4
1495.0,1.0045444,0,1.0070606,0.2394693894817463,4
1505.0,0.9917493,0,1.0056125,0.2935635198589313,4
1516.0,0.98514885,0,1.0008498,0.4714667711619684,4
1518.0,0.99991995,0,1.0004545,0.4862326697733239,4
1519.0,1.0025063,0,1.0046661,0.3289152897852132,4
1525.0,1.0025867,0,0.99708104,0.6122459884713778,4
1529.0,0.999775,0,0.9981849,0.5710119048944322,4
1537.0,1.0019299,0,0.9972194,0.6070783692498826,4
1539.0,0.9939725,0,0.99543935,0.6735694422489051,4
1551.0,1.0000546,0,0.9952636,0.680135279855191,4
1556.0,0.99324,0,1.0010563,0.4637543054216586,4
1561.0,0.9959908,0,1.0004913,0.4848611689372872,4
1565.0,0.99445146,0,0.9989735,0.541555807393191,4
1567.0,0.9988801,0,0.9999867,0.5037081731208101,4
1576.0,1.0085474,0,0.9976713,0.590197331362172,4
1579.0,0.9821174,0,1.0011936,0.4586245360608981,4
1585.0,0.9945665,0,0.99887097,0.545385322714592,4
1586.0,1.003591,0,1.0013821,0.4515844619642296,4
1594.0,1.0024762,0,1.0013764,0.4517982023542614,4
1600.0,1.006037,0,1.0018733,0.4332384118198435,4
1602.0,1.0022688,0,1.0006793,0.477838906539788,4
1604.0,0.9930704,0,1.0020777,0.4256016458010032,4
1607.0,0.99321824,0,1.0037965,0.3613993761452366,4
1609.0,1.0034723,0,1.0034541,0.3741881761487989,4
1610.0,0.99936146,0,0.9997744,0.511638832175944,4
1613.0,1.0004803,0,1.0019509,0.4303395577800388,4
1615.0,1.004399,0,1.0029678,0.3923516563766996,4
1618.0,1.0048934,0,1.0015658,0.4447225048592541,4
1621.0,0.99646336,0,0.99959624,0.5182937282780762,4
1624.0,0.99850035,0,0.9970613,0.6129829475245078,4
1626.0,1.0033406,0,1.0026214,0.405291855823201,4
1630.0,0.9982036,0,0.9970289,0.6141941430680207,4
1638.0,1.003394,0,1.0001227,0.4986296123951614,4
1646.0,0.99860173,0,1.0021493,0.4229254380008148,4
1651.0,0.9926726,0,0.99330914,0.7531409818253875,4
1657.0,1.006707,0,1.005193,0.309233362203129,4
1667.0,1.0004791,0,0.9995484,0.5200815775821954,4
1670.0,0.99889964,0,0.9931194,0.7602278116323754,4
1671.0,1.0003209,0,1.0009474,0.4678242786818452,4
1672.0,1.0003105,0,0.99703985,0.6137844739871265,4
1674.0,1.0025723,0,1.0006642,0.4783999750636212,4
1677.0,1.0043162,0,1.0069329,0.2442429248591205,4
1685.0,1.006325,0,0.99968696,0.5149050525111156,4
1688.0,1.0054013,0,1.0082898,0.1935552819480654,4
1692.0,0.9965051,0,1.0020239,0.4276099148823425,4
1694.0,1.0008291,0,1.0037172,0.3643605711321338,4
1698.0,1.0016205,0,0.9958902,0.6567284806843254,4
1703.0,1.005803,0,1.0036689,0.3661640056730262,4
1705.0,1.0057039,0,0.99654096,0.6324199642430139,4
1707.0,1.0011287,0,0.99924445,0.5314343093402324,4
1709.0,1.0052264,0,1.0043153,0.3420202474490307,4
1722.0,0.9945079,0,0.99733853,0.6026276709199521,4
1729.0,1.0008637,0,1.0024456,0.411859919891883,4
1733.0,0.99567235,0,0.9987248,0.5508446085099845,4
1738.0,1.004826,0,1.0029621,0.3925653967667313,4
1739.0,1.0008981,0,1.0032399,0.38219008200061,4
1741.0,1.0003191,0,0.99893963,0.5428204380342119,4
1749.0,1.002136,0,0.99972934,0.5133220377474434,4
1752.0,1.001685,0,1.0008218,0.4725132084881652,4
1762.0,1.0006016,0,0.9934651,0.747314329734628,4
1763.0,1.0014989,0,1.0017974,0.4360704719877634,4
1764.0,0.99845386,0,0.99992,0.5061995845421169,4
1769.0,0.9977397,0,0.9926992,0.7759243715253271,4
1770.0,0.99954426,0,0.9979085,0.581338237487838,4
1771.0,1.0094013,0,1.0004007,0.4882453917794556,4
1774.0,0.99623615,0,0.98704076,0.9872891261803034,4
1778.0,1.0104785,0,1.0044708,0.3362091805950443,4
1780.0,0.9998537,0,1.000614,0.4802746564011907,4
1791.0,0.9969162,0,0.9958451,0.6584139127182211,4
1793.0,1.0001976,0,1.0016698,0.4408395544403453,4
1804.0,1.0049618,0,1.0036148,0.3681856335287425,4
1806.0,0.9970577,0,1.0019569,0.4301124586156302,4
1807.0,1.0021877,0,1.0003849,0.4888331778520427,4
1814.0,1.0050237,0,0.9969956,0.6154365090850797,4
1819.0,0.9932502,0,0.99522203,0.6816871241453167,4
1821.0,0.9973719,0,1.0000191,0.5024992040396934,4
1837.0,0.9929466,0,0.9942583,0.7176867946288821,4
1845.0,1.0033884,0,1.0026534,0.4040984719788575,4
1848.0,1.0055678,0,1.0089717,0.1680845521359567,4
1851.0,1.0107232,0,0.99894845,0.5424909215995797,4
1857.0,1.0043848,0,0.9979548,0.5796082762060191,4
1872.0,1.0005331,0,1.0070043,0.2415756229085168,4
1879.0,1.0034631,0,0.99752945,0.5954963118650407,4
1886.0,1.0016747,0,0.996285,0.6419803937721393,4
1887.0,1.0021349,0,0.9990569,0.5384409865009585,4
1895.0,1.0086082,0,1.0060402,0.2775864257040631,4
1898.0,1.003836,0,0.9996012,0.5181089318991947,4
1899.0,1.0025883,0,1.002864,0.3962301538708161,4
1905.0,1.0021468,0,1.0006582,0.4786270742280298,4
1910.0,0.9965457,0,0.9956702,0.6649463533885644,4
1912.0,0.99943763,0,0.996909,0.6186715589467051,4
1917.0,1.000615,0,0.9996401,0.5166550519545,4
1923.0,1.0069096,0,1.0012364,0.4570259360604529,4
1926.0,0.9973266,0,1.0005305,0.4833961566806117,4
1931.0,1.0015953,0,1.0008016,0.4732702057028608,4
1932.0,1.000473,0,1.0003599,0.4897682920584313,4
1933.0,0.9893458,0,0.99438316,0.7130223559089199,4
1941.0,1.003629,0,0.9978496,0.5835379823352473,4
1945.0,1.0033827,0,1.002648,0.4042988535945122,4
1947.0,0.9951162,0,1.0034531,0.3742237995471376,4
1949.0,1.0024711,0,1.0006394,0.4793261834204251,4
1959.0,0.98134774,0,0.9968368,0.6213700313708552,4
1965.0,1.0069561,0,1.0010844,0.4627034151706695,4
1973.0,1.0016971,0,0.9961961,0.6453022756672151,4
1978.0,0.99914926,0,1.0007198,0.4763249121103969,4
1982.0,0.99875927,0,1.0002532,0.4937536597475637,4
1985.0,1.0011748,0,1.0023427,0.4157027939876609,4
1993.0,0.9973879,0,0.99798024,0.5786575767628572,4
1997.0,1.006085,0,1.0000727,0.5004953878831464,4
2001.0,1.0002595,0,1.0044429,0.3372511649964488,4
2003.0,1.00333,0,1.0029007,0.3948586530347795,4
2013.0,1.0060594,0,1.0011053,0.4619241533320123,4
2028.0,1.002637,0,1.0007943,0.4735418341151927,4
2029.0,1.0086197,0,1.000054,0.5011944970755416,4
2030.0,0.99801517,0,1.0042866,0.3430889493991891,4
2038.0,0.9938629,0,0.99872714,0.5507577764765341,4
2040.0,1.0038414,0,1.0038652,0.3588300385400641,4
2044.0,0.9975824,0,0.9959603,0.6541101609064374,4
2052.0,1.0025347,0,0.99695915,0.6167991040715317,4
2054.0,1.004388,0,1.0072116,0.2338319866946607,4
2056.0,1.0016396,0,0.99868757,0.5522361475075866,4
2058.0,1.0041203,0,0.99671304,0.6259921673052903,4
2061.0,1.0019668,0,1.0013944,0.4511258107106199,4
2078.0,0.99742657,0,1.0016698,0.4408395544403453,4
2082.0,1.0069386,0,1.0017648,0.4372905733808608,4
2089.0,1.0031103,0,0.9964346,0.6363919731577694,4
2097.0,0.99760616,0,1.0017267,0.438711056389613,4
2101.0,1.0026599,0,1.0019315,0.4310609315963958,4
2106.0,0.99991226,0,0.9938755,0.7319851361370432,4
2126.0,1.0055687,0,1.0037702,0.3623790195995484,4
2131.0,0.9994028,0,1.0031594,0.3851958062354306,4
2133.0,1.002655,0,0.99803734,0.5765246257873328,4
2139.0,0.9979044,0,0.99851656,0.5586238681221793,4
2143.0,1.0029988,0,1.0001204,0.4987142179662156,4
2147.0,0.9989525,0,1.0042242,0.3454222819903683,4
2148.0,1.005043,0,1.000587,0.4812854703290489,4
2167.0,1.0006067,0,1.0039046,0.3573605733585963,4
2172.0,0.99971914,0,1.0042814,0.3432848780900515,4
2174.0,1.0007598,0,1.0013139,0.4541315349454405,4
2187.0,1.0004649,0,1.0017229,0.4388535499829675,4
2188.0,1.0027196,0,1.0024316,0.4123809120925852,4
2196.0,0.9970947,0,0.9947267,0.7001890266574342,4
2202.0,1.0057836,0,0.9999661,0.5044785291098826,4
2203.0,0.99898016,0,0.9980458,0.5762084681270776,4
2212.0,0.99874824,0,1.0013455,0.4529515098754739,4
2214.0,0.9995288,0,0.99559736,0.667667090436676,4
2217.0,1.0030077,0,1.0078855,0.2086596028436378,4
2221.0,1.0018338,0,0.99764854,0.5910478399975063,4
2227.0,1.0031555,0,0.9969215,0.6182062283059071,4
2236.0,0.9882153,0,0.99623597,0.6438127723241818,4
2237.0,0.9829043,0,0.99421555,0.7192831681669312,4
2238.0,1.0032424,0,1.0001677,0.496946406823662,4
2246.0,1.0029573,0,0.9994843,0.522475024658071,4
2251.0,0.99847555,0,0.9982454,0.5687520455623265,4
2256.0,1.0001698,0,0.99805546,0.5758477812188991,4
2258.0,1.003814,0,0.99937916,0.5264025043249032,4
2259.0,1.0069896,0,1.0054533,0.2995081744566875,4
2268.0,0.9964723,0,0.99962157,0.5173474817597068,4
2269.0,1.0058707,0,1.0015769,0.4443083828535678,4
2286.0,1.0012206,0,0.9996816,0.5151054341267702,4
2290.0,1.0013281,0,0.99857575,0.5564129909627891,4
2291.0,1.0013522,0,0.9989463,0.5425710742458415,4
2294.0,0.9972486,0,1.004864,0.3215234346299508,4
2297.0,0.99820644,0,0.99837613,0.5638694135275402,4
2299.0,0.99808395,0,0.99654573,0.6322418472513209,4
2305.0,1.0011727,0,0.9993391,0.527898687055125,4
2309.0,1.0022646,0,1.0055461,0.2960437989682573,4
2311.0,0.9952987,0,1.0010786,0.4629216084854934,4
2317.0,1.0004305,0,0.99500763,0.6896957093843163,4
2322.0,1.0064051,0,0.9990519,0.53862578287984,4
2334.0,1.0065651,0,0.9979129,0.5811734792705219,4
2339.0,1.003565,0,0.9984512,0.5610662973707705,4
2340.0,1.0044482,0,1.0018882,0.4326817962208027,4
2353.0,1.0010664,0,1.0092039,0.1594102546405043,4
2362.0,1.0006151,0,0.9922058,0.7943550272407675,4
2370.0,1.0041423,0,0.9998164,0.5100691761866488,4
2380.0,1.006469,0,0.999167,0.5343264839928485,4
2382.0,0.9987759,0,0.9951949,0.682700164535571,4
2386.0,1.0083654,0,1.000008,0.5029133260453797,4
2387.0,1.0027974,0,0.9970309,0.6141184433465511,4
2391.0,1.0038495,0,0.9973628,0.6017215007247135,4
2393.0,0.9971583,0,0.9960007,0.6526006194018386,4
2401.0,1.0050763,0,0.9966215,0.6294120135457972,4
2403.0,0.99705446,0,0.9984869,0.5597326463954687,4
2404.0,0.994804,0,1.0055593,0.2955495243163091,4
2421.0,1.0003294,0,0.99840695,0.5627183324687237,4
2423.0,0.9828184,0,1.0005118,0.484095265873007,4
2426.0,1.0017089,0,1.0073632,0.2281678663588211,4
2437.0,1.0064504,0,0.9972389,0.6063503160463372,4
2439.0,0.999662,0,1.0029029,0.3947785003885177,4
2444.0,1.0008802,0,0.9963646,0.6390080664732614,4
2445.0,1.003114,0,1.0059047,0.2826494011929386,4
2446.0,1.0004377,0,0.9976859,0.589651848075112,4
2453.0,0.9992602,0,1.0015883,0.4438809020735044,4
2459.0,1.0008651,0,1.0030856,0.3879521666818808,4
2463.0,0.99803096,0,0.99916726,0.534317578143264,4
2471.0,1.0064075,0,1.0021045,0.4245997377227297,4
2473.0,1.0072569,0,0.9995906,0.5185052422057117,4
2474.0,0.9946112,0,0.9998435,0.5090583622587906,4
2486.0,1.0042691,0,0.99921685,0.532465161429656,4
2488.0,1.0018467,0,0.999215,0.5325341817639371,4
2493.0,0.99504507,0,0.99900043,0.5405494463901253,4
2503.0,1.0050935,0,1.0035117,0.3720374134741051,4
2516.0,1.0043167,0,1.0033246,0.3790240524732657,4
2525.0,0.99903667,0,0.9972468,0.6060541965476474,4
2527.0,1.0011995,0,1.0016723,0.4407460430197064,4
2532.0,0.9980823,0,0.99268264,0.7765433280714605,4
2536.0,1.0057814,0,0.99975544,0.5123468472179239,4
2542.0,1.0072795,0,0.99849963,0.5592561834426897,4
2551.0,1.0030377,0,1.0038881,0.3579750769799373,4
2554.0,0.99764514,0,1.0010488,0.4640348396835752,4
2564.0,0.998738,0,1.0043316,0.3414101967524819,4
2575.0,0.9972005,0,0.9965185,0.6332593405663676,4
2579.0,0.9956788,0,1.0044239,0.3379636329632211,4
2580.0,1.004888,0,0.9987063,0.5515370383151914,4
2592.0,1.0056492,0,1.0062007,0.2715927889335913,4
2598.0,1.0060724,0,0.99566513,0.6651356026922384,4
2601.0,1.0027113,0,1.0015752,0.4443707238006603,4
2604.0,0.99966174,0,1.0048826,0.3208287783623478,4
2607.0,0.9996497,0,1.0009463,0.4678643550049761,4
2609.0,1.0013678,0,0.9989821,0.5412351968081435,4
2617.0,0.9992676,0,1.0009359,0.4682517594619085,4
2622.0,0.99755836,0,1.0014418,0.449353546643274,4
2632.0,1.0043092,0,0.9979294,0.5805567491867847,4
2636.0,1.0049545,0,1.0013827,0.451562197340268,4
2643.0,1.0036098,0,1.0012796,0.4554139772856306,4
2644.0,1.0063881,0,1.0033189,0.3792377928632974,4
2651.0,1.0020999,0,1.002143,0.4231614430148082,4
2659.0,0.9999518,0,0.99867725,0.552621325502123,4
2667.0,1.0028772,0,1.0059766,0.2799642875431655,4
2669.0,1.001918,0,1.0023559,0.4152085193357127,4
2672.0,1.0006491,0,1.0073929,0.2270590880855317,4
2676.0,0.99974304,0,0.9945478,0.7068728667707167,4
2679.0,1.0051796,0,1.0006756,0.4779769472083501,4
2684.0,0.9993061,0,1.0044028,0.3387518006514629,4
2686.0,0.9978059,0,1.004535,0.3338135070567726,4
2703.0,1.0059618,0,1.0034544,0.3741748173744219,4
2725.0,1.0048734,0,0.99826187,0.5681375419409853,4
2727.0,0.9935587,0,0.9986096,0.5551483603217684,4
2729.0,0.99670726,0,1.0061296,0.274246732109818,4
2733.0,1.0029926,0,1.0016301,0.44232237839619,4
2737.0,0.99858797,0,1.0039939,0.3540253326891436,4
2739.0,0.9952843,0,0.99783874,0.583943198491349,4
2740.0,0.99968755,0,1.0002719,0.4930545505551684,4
2742.0,0.9965867,0,1.0011672,0.4596130853647947,4
2751.0,1.0022821,0,0.99671423,0.625947638057367,4
2757.0,1.0056341,0,0.99867624,0.5526591753628577,4
2762.0,1.00112,0,0.9986753,0.5526947987611963,4
2771.0,0.9960398,0,1.003674,0.3659725299069561,4
2775.0,0.9895918,0,0.9994908,0.5222323402568892,4
2778.0,1.000289,0,0.99907684,0.5376951215982437,4
2789.0,0.9956723,0,1.0012062,0.4581569789577039,4
2797.0,1.006451,0,1.0059552,0.280761361080992,4
2804.0,1.0007787,0,0.9992612,0.5308086734069105,4
2806.0,0.99442375,0,0.99756235,0.5942673046223585,4
2812.0,0.9908342,0,0.9980151,0.5773550962611017,4
2813.0,0.9971381,0,1.0001353,0.4981576023671747,4
2816.0,0.9989898,0,1.0042206,0.3455558697341381,4
2817.0,1.0039905,0,1.0027728,0.3996366413369461,4
2824.0,1.0041804,0,1.0035782,0.3695526814399869,4
2832.0,1.000774,0,1.0014973,0.4472829366148421,4
2835.0,0.9996612,0,0.9952371,0.6811238291590874,4
2837.0,1.0049988,0,0.9974213,0.5995351146516811,4
2839.0,1.0018905,0,0.9955813,0.668266008821244,4
2844.0,1.0015471,0,0.99739224,0.6006216283010088,4
2846.0,1.0056478,0,1.0000975,0.4995691795263424,4
2863.0,0.99936897,0,1.0023769,0.4144248045722631,4
2867.0,1.0011247,0,0.99747896,0.5973821255145911,4
2868.0,0.98994726,0,0.9947426,0.6995967876600548,4
2870.0,1.0064094,0,1.0014155,0.4503376430223782,4
2873.0,0.99843156,0,1.0000193,0.5024902981901087,4
2874.0,1.0076487,0,0.99662083,0.6294365046321551,4
2875.0,1.0094991,0,1.0022664,0.41855266585475,4
2900.0,0.99418765,0,0.9965157,0.6333639842989871,4
2902.0,0.9960428,0,0.99633855,0.6399810305403847,4
2910.0,1.0025197,0,1.0034738,0.373453443558065,4
2915.0,1.0052526,0,0.99994576,0.5052377527869742,4
2916.0,0.9848236,0,0.9946387,0.7034775116165676,4
2921.0,0.99927366,0,0.99289346,0.7686683305762307,4
2927.0,1.0043725,0,1.0011237,0.461238402913994,4
2934.0,0.9898004,0,0.99893826,0.5428716466693235,4
2937.0,1.0059257,0,1.0008483,0.4715246591842686,4
2938.0,0.99677014,0,1.003052,0.3892078914733169,4
2943.0,0.99111795,0,0.9939176,0.7304132536853518,4
2948.0,1.0086958,0,1.0041384,0.3486283878408436,4
2952.0,1.0028952,0,1.0055256,0.2968097020325375,4
2964.0,1.0033851,0,1.0035799,0.3694903404928942,4
2968.0,1.0014415,0,1.0033065,0.3797008970416994,4
2970.0,0.99987775,0,0.99568063,0.6645567224692359,4
2993.0,0.9974116,0,0.99964803,0.5163589324558102,4
2999.0,1.0017645,0,1.0030489,0.3893236675179174,4
3002.0,1.0101085,0,0.99714386,0.6098992971058215,4
3005.0,1.0043575,0,0.995268,0.6799705216378749,4
3010.0,0.9976315,0,0.99943036,0.5244899731265988,4
3012.0,1.0013945,0,0.99413013,0.7224736887806333,4
3013.0,1.0063682,0,0.9989695,0.5417049803737339,4
3020.0,0.985792,0,1.0052214,0.3081735661025553,4
3021.0,1.0033369,0,1.002586,0.4066143744865221,4
3030.0,0.99858296,0,0.9996063,0.5179174561331246,4
3033.0,1.0043374,0,1.0033795,0.3769757070687954,4
3034.0,0.999447,0,1.0000532,0.5012256675490879,4
3038.0,0.99910915,0,1.0013082,0.4543452753354722,4
3050.0,1.0035408,0,0.9979221,0.5808283775991165,4
3067.0,1.0032117,0,0.99939066,0.5259727970824437,4
3070.0,1.0012857,0,1.002239,0.4195768385569852,4
3073.0,1.0036329,0,0.9987692,0.5491858940248429,4
3075.0,1.0013218,0,0.99892944,0.5432011631039557,4
3076.0,1.0070187,0,1.0033829,0.376846572249818,4
3078.0,1.0014427,0,1.0000238,0.5023210870480004,4
3084.0,1.0004144,0,0.9971753,0.6087259514230434,4
3087.0,1.0034144,0,1.003822,0.3604464502396787,4
3092.0,1.0017066,0,0.9946847,0.7017586826467295,4
3093.0,0.99907124,0,1.0075597,0.2208294463010667,4
3097.0,1.0041966,0,1.0038075,0.3609852541395502,4
3100.0,1.004123,0,0.99676436,0.6240751831821936,4
3107.0,1.0043608,0,1.0000856,0.500014472005575,4
3110.0,0.99533534,0,0.9939148,0.7305178974179716,4
3114.0,0.9995175,0,0.99705577,0.613190008527351,4
3117.0,0.9969005,0,1.0058017,0.2864967282135088,4
3121.0,1.0023026,0,0.99824274,0.5688522363701538,4
3128.0,1.0034422,0,1.0062066,0.2713701426939749,4
3132.0,1.0061307,0,1.004989,0.3168523165228001,4
3137.0,1.0007362,0,1.0006294,0.4797002291029806,4
3142.0,1.0031532,0,1.0002944,0.4922129477694186,4
3147.0,1.0025638,0,1.0020335,0.4272536808989564,4
3149.0,1.0004271,0,0.99752414,0.5956944670182993,4
3155.0,0.9969206,0,1.0031224,0.3865762129210518,4
3157.0,0.99933964,0,0.9988056,0.5478277519631832,4
3160.0,0.9968499,0,0.99614686,0.647141333606446,4
3162.0,1.0026402,0,1.0002278,0.4947021327283293,4
3166.0,0.998749,0,0.99778897,0.5858022945921455,4
3172.0,1.0039928,0,0.99950475,0.521711348056187,4
3174.0,0.9975206,0,0.9978295,0.5842883001627543,4
3176.0,0.99816006,0,0.99977475,0.511625473401567,4
3190.0,0.99968344,0,1.0028471,0.3968624691913266,4
3193.0,1.0025488,0,0.99873006,0.5506486798191221,4
3198.0,1.002456,0,1.0001003,0.4994667622561188,4
3205.0,1.0001843,0,0.99731225,0.60360954083666,4
3217.0,1.0024374,0,0.9949393,0.6922472352903195,4
3219.0,0.99977154,0,0.9967121,0.6260277907036289,4
3238.0,0.9990553,0,0.998619,0.5547965792631746,4
3240.0,0.99651146,0,0.9942974,0.716226235296999,4
3241.0,1.0054971,0,1.0024467,0.411819843568752,4
3242.0,0.9993366,0,0.99629974,0.641430457560287,4
3247.0,1.0070543,0,0.9981211,0.5733964461207233,4
3250.0,1.0050125,0,1.0055972,0.2941334942323491,4
3254.0,1.0011002,0,0.99704725,0.6135083926500023,4
3261.0,0.9989775,0,0.99710023,0.6115290675798131,4
3266.0,0.9795815,0,0.99904674,0.5388194851083062,4
3277.0,0.9977287,0,0.99499124,0.6903079865432613,4
3283.0,1.0014638,0,1.005069,0.3138644039871489,4
3285.0,0.99862695,0,1.0004346,0.4869763082136424,4
3288.0,1.0045576,0,1.0040094,0.353446452466141,4
3289.0,0.9991634,0,0.9955027,0.6712027127217834,4
3292.0,1.0017962,0,0.9947232,0.7003203879388079,4
3304.0,0.98133093,0,0.99653983,0.632462267028541,4
3305.0,1.0009631,0,0.9930355,0.7633626706861735,4
3310.0,0.99308175,0,1.0007123,0.4766054463723135,4
3311.0,1.0042423,0,1.008469,0.1868625359851985,4
3312.0,1.0107349,0,0.9989989,0.5406073344124254,4
3318.0,1.0030534,0,1.001757,0.4375800134923621,4
3330.0,0.99271685,0,0.99831176,0.5662739929153966,4
3331.0,1.0013105,0,1.0037025,0.36490828088159,4
3339.0,1.0056826,0,1.0048156,0.3233313220956354,4
3343.0,0.9939587,0,1.0050527,0.3144744546836976,4
3345.0,1.0051618,0,0.9969917,0.6155834556032266,4
3367.0,0.99749106,0,0.99756604,0.5941292639537965,4
3373.0,1.0052757,0,1.002382,0.4142333288061931,4
3381.0,1.0021816,0,1.0019311,0.431078743295565,4
3390.0,0.9939912,0,1.0055914,0.2943516875471732,4
3394.0,0.99134004,0,0.99927586,0.5302609636574542,4
3398.0,0.99984705,0,1.0051181,0.3120297989727102,4
3399.0,1.0007651,0,1.0008973,0.4696945070946224,4
3407.0,1.002059,0,0.9976393,0.5913929416689117,4
3422.0,1.003013,0,1.0023147,0.4167492313138577,4
3428.0,1.0032982,0,1.0044487,0.337037424606417,4
3435.0,1.0017172,0,0.9999772,0.5040644071041962,4
3445.0,1.0023019,0,1.0025414,0.4082797683588522,4
3453.0,0.99811095,0,0.99102294,0.8385391734926293,4
3454.0,1.0021427,0,0.992689,0.7763050965950711,4
3455.0,0.9974379,0,1.0024376,0.4121582658529689,4
3462.0,1.0005857,0,1.0028257,0.397659542729153,4
3463.0,0.9996449,0,1.003922,0.3567104463389166,4
3466.0,0.99895686,0,1.0017697,0.4371080034643755,4
3467.0,1.0012294,0,1.0002046,0.495570453062833,4
3468.0,0.99879,0,0.99713427,0.6102577575516038,4
3469.0,1.0028647,0,0.9962791,0.6422008135493595,4
3485.0,1.0034008,0,1.0035148,0.3719216374295047,4
3487.0,0.9978034,0,0.997638,0.5914419238416273,4
3501.0,1.002529,0,1.0045363,0.3337645248840569,4
3509.0,1.0000778,0,1.0061114,0.2749280296030439,4
3513.0,1.001558,0,1.0009501,0.4677218614116216,4
3518.0,0.9992856,0,0.9970342,0.6139959879147621,4
3522.0,1.000055,0,1.0025511,0.4079190814506738,4
3524.0,0.9990737,0,0.9996435,0.5165281435979188,4
3531.0,1.003003,0,0.9967172,0.6258363149375589,4
3534.0,1.004667,0,0.9936451,0.7405926397606107,4
3545.0,1.0016115,0,0.99576324,0.6614708455881535,4
3547.0,1.002563,0,0.9979582,0.5794813678494377,4
3548.0,1.0005985,0,1.000563,0.4821805082123065,4
3553.0,1.0012339,0,1.0017107,0.4393122012365772,4
3555.0,1.0053438,0,1.0031089,0.3870838463473771,4
3557.0,0.9989972,0,0.99648815,0.6343926099260147,4
3558.0,1.0014325,0,1.0032477,0.3818961889643165,4
3563.0,0.9992287,0,0.9969194,0.6182841544897728,4
3570.0,1.0045009,0,1.0018771,0.4330959182264891,4
3574.0,1.0055137,0,0.99596137,0.6540700845833065,4
3576.0,1.0004025,0,0.9946623,0.7025958325076869,4
3577.0,0.99315494,0,0.9976503,0.5909810461256215,4
3579.0,0.9992401,0,0.99994105,0.5054136433162713,4
3585.0,1.0085094,0,0.9999214,0.5061483759070051,4
3597.0,1.0027258,0,0.99648595,0.6344749890346727,4
3606.0,0.99613523,0,0.99888664,0.544799763104401,4
3608.0,0.9980648,0,1.0076619,0.2170088368292503,4
3612.0,1.0002583,0,1.0015774,0.4442905711543985,4
3622.0,0.99298805,0,1.0060056,0.2788777738938378,4
3626.0,0.9991569,0,0.9992883,0.5297956330166562,4
3629.0,1.0026605,0,0.99732983,0.6029527344297918,4
3631.0,0.98919255,0,1.0026529,0.4041162836780267,4
3633.0,0.99854887,0,1.0039257,0.3565724056703544,4
3637.0,1.0016757,0,1.0018706,0.4333363761652747,4
3643.0,0.9997143,0,1.0048614,0.321621398975382,4
3644.0,1.0000762,0,0.99660987,0.6298461737130491,4
3646.0,0.998352,0,0.99947995,0.522637556412991,4
3647.0,1.0072696,0,1.000345,0.4903249076574721,4
3652.0,0.99244046,0,1.0021085,0.4244527912045829,4
3653.0,1.0033667,0,1.0029455,0.3931843533128647,4
3661.0,1.0084906,0,1.0034771,0.3733287616638798,4
3664.0,1.0020261,0,0.99615216,0.6469431784531875,4
3666.0,0.99929357,0,1.0050554,0.3143720374134741,4
3668.0,0.9969312,0,0.9964932,0.6342033606223407,4
3672.0,0.997987,0,0.999476,0.5227845029311378,4
3677.0,1.0051757,0,0.99954563,0.520183994852419,4
3681.0,1.003041,0,0.99951106,0.5214753430421937,4
3686.0,1.003204,0,0.9964798,0.6347043146614775,4
3691.0,1.0018773,0,1.0001544,0.4974451344004025,4
3693.0,1.000353,0,0.99821985,0.5697071979302806,4
3704.0,0.9820272,0,0.99584603,0.6583782893198825,4
3707.0,1.0031298,0,0.99881184,0.547593973411586,4
3708.0,0.99851596,0,0.99542695,0.6740325464273071,4
3718.0,1.0051401,0,0.9993467,0.5276159263308122,4
3725.0,0.99939907,0,1.0011052,0.4619286062568046,4
3728.0,0.9917299,0,0.9989626,0.5419632500116889,4
3729.0,1.0030087,0,1.0030614,0.3888561104147231,4
3733.0,1.0023243,0,1.0003971,0.4883789795232253,4
3736.0,1.0033902,0,0.99935967,0.5271305575284486,4
3740.0,1.0028632,0,0.9981195,0.5734565606054196,4
3741.0,1.0005567,0,1.0037863,0.3617778747525844,4
3744.0,1.0010548,0,0.9992593,0.5308799202035877,4
3746.0,0.99933594,0,1.0076741,0.216554638500433,4
3747.0,1.0017791,0,0.9994279,0.5245812580848416,4
3760.0,1.0009308,0,0.9978313,0.5842215062908696,4
3767.0,0.995888,0,0.9953472,0.6770115531133737,4
3769.0,1.0006912,0,0.99769306,0.5893846725875723,4
3771.0,1.0067023,0,1.0036631,0.3663821989878502,4
3772.0,1.0027015,0,0.9958917,0.6566728191244213,4
3780.0,0.9966868,0,0.9992681,0.5305504037689556,4
3809.0,1.0027357,0,0.995872,0.6574075517151553,4
3810.0,0.99787855,0,1.0035139,0.3719528079030509,4
3815.0,1.0054188,0,1.0048279,0.3228726708420258,4
3817.0,0.9978513,0,0.99962825,0.5170981179713365,4
3843.0,1.0024083,0,1.0033296,0.378837029631988,4
3848.0,1.0000199,0,0.9995031,0.5217736890032796,4
3853.0,1.0022801,0,0.9995502,0.5200125572479144,4
3858.0,0.9980719,0,1.0029055,0.3946805360430865,4
3860.0,1.0016774,0,1.0052003,0.3089617337907971,4
3862.0,0.9976818,0,1.0018383,0.4345431187839953,4
3863.0,0.98149616,0,0.99814194,0.5726171842820661,4
3866.0,1.0045425,0,0.99684083,0.621218631927916,4
3870.0,1.0057662,0,1.0001384,0.4980418263225743,4
3872.0,0.99985534,0,1.0009494,0.4677485789603757,4
3875.0,1.0007724,0,1.0014426,0.44932682909452,4
3877.0,1.0074927,0,1.0036775,0.3658433950879787,4
3879.0,0.99489474,0,1.001581,0.4441569834106287,4
3881.0,0.98171085,0,0.9997986,0.5107348884431017,4
3886.0,1.0047661,0,1.0030305,0.3900094179359358,4
3897.0,0.9986418,0,1.0029734,0.3921423689114602,4
3899.0,0.9974816,0,1.0008878,0.4700507410780086,4
3900.0,1.004235,0,0.9994529,0.5236483703408491,4
3904.0,0.9886814,0,0.9993458,0.5276493232667547,4
3908.0,1.0078115,0,1.005962,0.2805075443678294,4
3914.0,1.0018978,0,1.0000241,0.5023121811984157,4
3920.0,1.0023683,0,1.0017015,0.4396550764455863,4
3922.0,1.010929,0,0.998734,0.5505017333009754,4
3925.0,0.9954903,0,1.0039294,0.3564343650017922,4
3930.0,1.0027143,0,0.9941273,0.7225805589756491,4
3932.0,0.9930432,0,1.0019857,0.4290393037406794,4
3933.0,0.9982702,0,0.9967812,0.6234473207864756,4
3934.0,0.9939872,0,1.0027469,0.4006029260168811,4
3936.0,1.0029787,0,1.0007161,0.476462952778959,4
3943.0,0.9992675,0,1.0001345,0.4981887728407211,4
3946.0,1.0075306,0,1.0078425,0.2102626557688753,4
3951.0,1.0006167,0,0.99944943,0.5237775051598266,4
3954.0,1.0092555,0,1.0025934,0.4063382931493978,4
3963.0,1.0039078,0,0.99470013,0.7011820288861231,4
3964.0,0.9962386,0,0.9946471,0.7031635804187085,4
3965.0,0.99775785,0,0.998218,0.5697762182645616,4
3970.0,1.004915,0,0.99849254,0.5595211324678332,4
3976.0,0.99818003,0,0.9958955,0.6565303255310669,4
3977.0,1.00563,0,0.9966639,0.6278267723197288,4
3979.0,1.0038488,0,1.0004205,0.4875062062639292,4
3993.0,1.0048944,0,1.0032148,0.3831251962069987,4
3997.0,0.99513036,0,0.99635667,0.639304185971951,4
4004.0,0.9939048,0,1.0026937,0.402593383399051,4
4006.0,0.9960106,0,0.9973869,0.6008220099166635,4
4009.0,1.0042181,0,1.0016872,0.4401894274206656,4
4010.0,1.0033493,0,0.9977668,0.5866305386035182,4
4023.0,1.0001053,0,1.000243,0.4941366112797037,4
4025.0,1.0063986,0,1.003715,0.3644407237783957,4
4029.0,1.0041064,0,0.999807,0.5104209572452426,4
4035.0,1.0002961,0,0.99742377,0.5994438296934383,4
4046.0,1.0013946,0,1.0006763,0.4779502296595962,4
4048.0,1.0023316,0,0.9949546,0.6916772609169017,4
4051.0,0.9996449,0,1.0024018,0.4134941432906669,4
4058.0,0.99813664,0,1.0045409,0.3335908608171563,4
4059.0,1.0017579,0,1.0059298,0.2817098340617576,4
4070.0,1.0016083,0,1.0036871,0.3654827081798002,4
4076.0,1.0031834,0,0.99972445,0.5135046076639289,4
4080.0,1.0003028,0,0.99864227,0.5539282589286708,4
4088.0,1.0071874,0,0.9955069,0.671046860354052,4
4100.0,1.009098,0,0.9965329,0.632720536666496,4
4107.0,1.0054517,0,1.0002747,0.4929521332849449,4
4111.0,0.9991195,0,1.0021622,0.4224445221232435,4
4112.0,1.0032741,0,1.0011338,0.4608599043066462,4
4118.0,1.0023013,0,1.0005187,0.483836996235052,4
4128.0,1.007673,0,1.0015604,0.4449228864749088,4
4137.0,1.0078691,0,0.9960429,0.651024284025355,4
4139.0,1.0038269,0,0.999644,0.5165103318987494,4
4144.0,0.9929184,0,0.99732906,0.602981678440942,4
4145.0,1.0026373,0,0.99257255,0.7806556041171743,4
4148.0,0.999975,0,1.0006641,0.4784044279884135,4
4152.0,1.008511,0,1.0068388,0.2477562825202663,4
4153.0,0.99889183,0,0.99646217,0.6353633475307419,4
4157.0,1.0019219,0,1.0006577,0.4786448859271991,4
4163.0,1.0001813,0,0.99970436,0.5142549254914359,4
4170.0,1.0054103,0,1.0030798,0.3881703599967048,4
4172.0,0.9973515,0,0.99699837,0.6153340918148562,4
4176.0,0.9951881,0,1.0015212,0.4463878987315843,4
4177.0,1.0042509,0,1.00354,0.3709776173735314,4
4179.0,0.9999699,0,0.9954055,0.6748340728899259,4
4186.0,1.0007911,0,1.0013962,0.451059016838735,4
4187.0,1.0034497,0,0.99964386,0.5165147848235417,4
4188.0,0.99740064,0,0.9987042,0.5516149644990571,4
4194.0,0.9993612,0,1.0029037,0.3947473299149714,4
4197.0,1.0042677,0,0.99747545,0.5975134867959648,4
4200.0,1.0033499,0,0.99951696,0.5212549232649735,4
4201.0,1.001755,0,0.9956598,0.6653337578454969,4
4202.0,1.0028082,0,1.0055213,0.2969700073250613,4
4204.0,1.0016934,0,0.9999089,0.5066137065478032,4
4225.0,1.0026661,0,0.99665445,0.6281807798407189,4
4231.0,1.0018916,0,1.0008011,0.4732880174020301,4
4237.0,0.9979648,0,1.0031128,0.3869368998292303,4
4240.0,0.9989967,0,1.0040933,0.3503115934123431,4
4249.0,0.99731135,0,1.0017651,0.4372772146064839,4
4252.0,1.0046712,0,0.9941352,0.7222844394769594,4
4255.0,0.9931616,0,1.0006924,0.477349084812632,4
4256.0,1.0020955,0,0.99609613,0.649036053105581,4
4257.0,1.002233,0,1.0023718,0.4146162803383332,4
4258.0,1.0044956,0,1.0022672,0.4185214953812037,4
4267.0,1.0057449,0,1.0045205,0.3343523109566441,4
4275.0,1.0066183,0,0.99856675,0.5567491867846098,4
4278.0,1.0044255,0,0.99913067,0.5356846260545083,4
4279.0,1.005071,0,1.0036458,0.3670278730827375,4
4291.0,0.99765563,0,0.9999559,0.5048592541796265,4
4292.0,1.0002942,0,0.9967875,0.6232113157724823,4
4294.0,1.000086,0,1.0000385,0.5017733772985441,4
4298.0,1.0051835,0,1.0009644,0.4671875104365425,4
4307.0,1.0058678,0,1.0028216,0.3978153950968844,4
4310.0,1.0068085,0,1.0083202,0.1924197861260221,4
4313.0,0.9968834,0,1.0006428,0.4792015015262399,4
4319.0,1.0021657,0,1.0000297,0.5021028937331763,4
4322.0,1.0057114,0,1.000563,0.4821805082123065,4
4331.0,1.0031953,0,1.0044324,0.3376430223781735,4
4351.0,0.9989894,0,0.99886227,0.5457103862244319,4
4352.0,1.0026256,0,0.997256,0.6057113213386383,4
4366.0,1.0030197,0,0.9992599,0.530857655579626,4
4368.0,0.995183,0,1.0010384,0.4644222441405076,4
4377.0,1.011348,0,0.9996528,0.5161808154641172,4
4379.0,1.0022577,0,1.0016202,0.4426919711539532,4
4382.0,1.0048255,0,1.0041441,0.3484146474508118,4
4386.0,1.0011064,0,1.005558,0.2955985064890246,4
4389.0,0.98640734,0,1.00182,0.4352288692020136,4
4390.0,1.0029972,0,0.9953626,0.6764371258151636,4
4396.0,1.0004994,0,0.9983553,0.5646464489038012,4
4397.0,1.0052762,0,0.9944383,0.7109628781924688,4
4402.0,1.0075831,0,0.99963546,0.5168287160214007,4
4405.0,1.0038317,0,0.99490637,0.6934784689953979,4
4407.0,1.0042617,0,0.9978052,0.585196696820389,4
4414.0,0.99846035,0,1.0002303,0.4946086213076904,4
4421.0,1.0062114,0,0.9967731,0.6237478932099576,4
4423.0,1.004112,0,1.0024234,0.4126881639032558,4
4427.0,1.0054137,0,1.0038409,0.3597384351976987,4
4432.0,0.9970642,0,1.0050159,0.3158504084445266,4
4436.0,1.0124451,0,0.9991736,0.5340815731292706,4
4448.0,0.9977677,0,0.9987558,0.5496868480639796,4
4452.0,1.0039307,0,1.0038754,0.3584515399327163,4
4454.0,1.0022382,0,0.99998176,0.5038929694996916,4
4459.0,1.0031308,0,1.0064143,0.2636131477057418,4
4470.0,1.0028486,0,0.9996934,0.51466459457233,4
4473.0,1.0070903,0,0.9996782,0.5152323424833516,4
4476.0,0.9975718,0,0.99947613,0.5227800500063454,4
4480.0,0.9959655,0,1.0058137,0.2860469828094838,4
4482.0,0.9974162,0,1.0034932,0.3727276168169158,4
4484.0,1.0014522,0,1.0042086,0.3460056151381631,4
4486.0,1.0024085,0,0.9985285,0.5581785756429467,4
4489.0,0.99889284,0,1.0006588,0.4786048096040681,4
4490.0,0.99900854,0,1.0014186,0.4502218669777776,4
4492.0,0.99706465,0,1.0006887,0.4774871254811942,4
4494.0,1.0018814,0,1.002176,0.4219279828473337,4
4497.0,1.0030464,0,1.003826,0.3602950507967395,4
4513.0,1.0044192,0,1.0009556,0.4675170268711747,4
4515.0,0.9957589,0,0.9943907,0.7127395951846072,4
4522.0,1.0034946,0,0.99915123,0.5349164965278319,4
4529.0,1.0057338,0,1.0019742,0.4294667845207428,4
4539.0,0.9940865,0,0.99183464,0.8082192085816766,4
4540.0,1.0019801,0,1.0028225,0.3977797716985459,4
4544.0,0.9977446,0,1.0045781,0.3322015482819502,4
4548.0,1.0044273,0,1.0033214,0.3791442814426585,4
4553.0,1.0031396,0,1.0031819,0.3843542034496808,4
4554.0,1.0085949,0,1.0015186,0.4464858630770155,4
4558.0,0.9986778,0,0.997511,0.5961842887454553,4
4561.0,0.9989939,0,1.0031234,0.3865405895227133,4
4563.0,0.9968171,0,1.0026432,0.4044769705862052,4
4564.0,1.0004951,0,0.99857336,0.5565020494586357,4
4565.0,0.9956764,0,0.99782807,0.5843417352602623,4
4568.0,0.999691,0,0.99840844,0.5626626709088196,4
4570.0,1.0018581,0,1.001212,0.4579387856428799,4
4575.0,1.0034535,0,1.0018795,0.4330068597306425,4
4583.0,0.99410754,0,1.0018607,0.4337059689230379,4
4594.0,0.9917172,0,1.0002295,0.4946397917812367,4
4605.0,0.9991507,0,0.9943804,0.7131247731791435,4
4608.0,1.0090009,0,0.9963904,0.6380440082557226,4
4611.0,1.0060264,0,1.0020051,0.4283134769995302,4
4615.0,1.0015657,0,0.99208415,0.7988992369913368,4
4619.0,0.995595,0,1.0045658,0.3326601995355599,4
4622.0,0.9804771,0,1.0007734,0.4743210959538498,4
4625.0,0.99913365,0,1.0012411,0.4568522719935521,4
4633.0,0.9989272,0,0.9991228,0.5359785190908017,4
4635.0,0.9955011,0,0.9979435,0.5800290775988939,4
4643.0,1.0022309,0,0.9949846,0.6905551238692353,4
4657.0,1.0041293,0,1.002121,0.4239852341013886,4
4659.0,1.0000865,0,0.99895084,0.5424018631037331,4
4665.0,1.0032376,0,1.0003285,0.4909394112788132,4
4668.0,1.002598,0,0.9959472,0.6545999826335933,4
4670.0,1.0011553,0,0.99455965,0.7064298007538802,4
4672.0,0.9901012,0,0.9963466,0.6396804581169027,4
4691.0,0.9958223,0,0.98910224,0.9102846977465974,4
4694.0,0.99280924,0,0.99970245,0.5143261722881132,4
4696.0,0.99797934,0,0.99726945,0.6052081408371053,4
4704.0,0.99901545,0,0.99780566,0.5851788851212197,4
4710.0,0.9979222,0,1.003757,0.3628732942514967,4
4711.0,1.0025628,0,1.0008847,0.470166517122609,4
4712.0,0.99961746,0,0.99352735,0.7449899029930334,4
4715.0,0.9981356,0,1.000663,0.4784445043115444,4
4722.0,1.0028328,0,1.0021008,0.4247377783912919,4
4723.0,1.000296,0,1.0000631,0.5008560747913249,4
4725.0,0.9883933,0,0.99701923,0.6145548299761991,4
4726.0,0.998227,0,0.99666333,0.6278490369436905,4
4733.0,1.0029763,0,0.9926896,0.7762828319711095,4
4735.0,1.0006007,0,1.0068948,0.2456634078678727,4
4739.0,1.0027186,0,1.0005473,0.4827682942848936,4
4744.0,1.0094686,0,1.0044575,0.336707908171785,4
4747.0,0.99699557,0,0.9982143,0.5699142589331238,4
4748.0,1.0042299,0,1.0027574,0.4002110686351563,4
4749.0,0.99717754,0,0.99808073,0.5749037611629259,4
4750.0,0.9989585,0,0.99966276,0.5158089962439579,4
4751.0,1.0073988,0,0.99625665,0.6430401898727132,4
4762.0,0.9958774,0,1.0041165,0.3494432730778394,4
4764.0,1.0019866,0,0.9973512,0.6021534344295691,4
4765.0,0.99965477,0,0.9984864,0.559750458094638,4
4766.0,1.0022261,0,0.99542886,0.6739612996306299,4
4768.0,1.000474,0,1.0025338,0.4085647555455612,4
4773.0,1.001224,0,0.99769753,0.5892176879078601,4
4774.0,1.004486,0,0.99713266,0.6103178720363003,4
4784.0,1.0024861,0,0.99999887,0.5032539747919927,4
4787.0,1.0043776,0,0.9974276,0.599301336100084,4
4790.0,0.9997922,0,0.99591833,0.6556775904333364,4
4794.0,1.0017997,0,1.001172,0.4594349683731017,4
4795.0,1.0047977,0,0.9983614,0.5644193497393926,4
4802.0,1.0042561,0,1.0019519,0.4302994814569079,4
4805.0,1.0004613,0,1.006157,0.2732225594075829,4
4807.0,1.0020181,0,1.0043331,0.3413523087301817,4
4810.0,1.0038061,0,0.99861926,0.5547876734135899,4
4832.0,1.0029982,0,0.9996404,0.5166439196425192,4
4834.0,1.0020405,0,1.0002787,0.4928007338420057,4
4847.0,1.0010942,0,0.99740237,0.600243129693661,4
4852.0,1.0002788,0,0.9997391,0.5129568979144727,4
4857.0,1.0022038,0,1.0022413,0.4194922329859309,4
4859.0,1.0008497,0,0.998876,0.5451982998733143,4
4868.0,1.0023901,0,0.9971481,0.6097412182756939,4
4875.0,1.0026704,0,1.0019708,0.4295959193397203,4
4876.0,1.0085828,0,1.0032822,0.380609293699334,4
4883.0,1.0027521,0,1.0010191,0.4651436179568645,4
4888.0,0.99044544,0,1.0056806,0.2910208998025128,4
4891.0,1.0003722,0,1.0008141,0.4728026485996665,4
4898.0,0.9987818,0,1.0023745,0.4145138630681096,4
4900.0,1.0033109,0,1.0004156,0.4876887761804147,4
4901.0,1.0005566,0,1.002586,0.4066143744865221,4
4908.0,0.99827445,0,1.0015216,0.4463745399572074,4
4911.0,1.0022773,0,0.9995988,0.5181979903950412,4
4915.0,1.0084227,0,1.0031581,0.3852447884081461,4
4919.0,1.0040671,0,1.0002414,0.494194499302004,4
4926.0,1.0075693,0,1.001161,0.4598446374539957,4
4932.0,0.99352163,0,1.0048738,0.32115829479698,4
4939.0,1.0084177,0,1.004447,0.3370997655535097,4
4945.0,1.0008688,0,0.99960685,0.5178974179715592,4
4949.0,1.000232,0,0.99582636,0.6591130219106165,4
4951.0,1.008492,0,0.99872047,0.5510071402649045,4
4952.0,1.0019708,0,1.0058976,0.2829121237556858,4
4954.0,1.0054975,0,0.9986084,0.5551928895696916,4
4972.0,0.9969968,0,0.99677056,0.6238436310929927,4
4980.0,0.99929124,0,0.9987943,0.5482485533560582,4
4987.0,1.0052012,0,1.0034822,0.3731372858978098,4
4999.0,1.0007386,0,0.99472,0.7004406169082007,4
5001.0,1.0004826,0,1.0029154,0.3943109432853233,4
5003.0,1.0021423,0,1.0053964,0.3016366725074196,4
5008.0,1.00118,0,1.0014572,0.4487791193450638,4
5017.0,0.9961296,0,0.99682796,0.6216995478054874,4
5020.0,1.0042976,0,0.99567795,0.6646569132770632,4
5026.0,1.0016228,0,1.0006473,0.4790322903841315,4
5029.0,1.0048317,0,1.0008942,0.4698102831392229,4
5032.0,0.99987495,0,1.0000783,0.500286100417907,4
5036.0,1.0059286,0,0.9996351,0.5168420747957778,4
5040.0,0.9975064,0,1.0031351,0.3861042028930652,4
5041.0,1.0031333,0,1.0016793,0.4404833204569591,4
5042.0,0.9964562,0,1.0000325,0.5019960235381604,4
5047.0,1.0016651,0,0.9984532,0.560990597649301,4
5050.0,1.0072454,0,1.0054913,0.2980921443727276,4
5052.0,0.9896439,0,0.99826926,0.5678614606038611,4
5059.0,1.0076338,0,1.0031672,0.3849063661239293,4
5062.0,1.0086757,0,1.0010217,0.4650456536114333,4
5063.0,1.0057588,0,0.9959598,0.6541279726056066,4
5065.0,0.99486506,0,0.9992583,0.5309177700643225,4
5068.0,0.9987298,0,1.0013182,0.4539712296529168,4
5069.0,0.99768215,0,1.0010564,0.4637498524968663,4
5073.0,1.0037017,0,1.0013562,0.4525507466441645,4
5074.0,1.0015669,0,0.9963757,0.6385939444675749,4
5097.0,1.0008548,0,1.0007861,0.4738490859258633,4
5099.0,1.0027387,0,1.0031294,0.3863179432830969,4
5102.0,1.0037038,0,1.000139,0.4980195616986127,4
5106.0,1.0070719,0,1.0006987,0.4771130797986387,4
5108.0,1.009083,0,1.0071143,0.2374655733251993,4
5117.0,0.9940005,0,0.99881834,0.5473512890104042,4
5126.0,1.0010358,0,0.9985519,0.5573035759212545,4
5127.0,1.0000193,0,0.99998635,0.5037215318951871,4
5137.0,1.0034436,0,0.99564934,0.6657256152272216,4
5139.0,0.99907327,0,0.9999871,0.5036925878840369,4
5150.0,0.9986286,0,0.9981649,0.5717599962595432,4
5176.0,0.98837274,0,0.998207,0.5701881138078518,4
5177.0,1.0011834,0,0.9990882,0.5372698672805766,4
5181.0,1.0055466,0,1.0012063,0.4581525260329115,4
5182.0,1.00081,0,1.0053898,0.3018815833709977,4
5187.0,0.9970745,0,1.001594,0.4436716146082651,4
5192.0,1.001089,0,1.0020386,0.4270622051328864,4
5200.0,0.9939813,0,1.0011684,0.4595685561168714,4
5203.0,1.0003666,0,1.0011989,0.4584286073700359,4
5204.0,1.0097891,0,1.002894,0.3951080168231499,4
5208.0,0.9988733,0,0.9974835,0.5972129143724827,4
5211.0,1.0004857,0,1.0004101,0.4878936107208617,4
5213.0,0.9970703,0,1.0002681,0.4931970441485228,4
5220.0,0.9997426,0,0.9926194,0.7789056046737899,4
5221.0,0.99926424,0,0.9960257,0.6516677316578461,4
5226.0,0.99792427,0,1.0013679,0.4521143600145165,4
5228.0,0.9969236,0,0.9991225,0.5359896514027827,4
5231.0,0.9991211,0,0.99680644,0.6225033007305023,4
5235.0,1.0030278,0,0.9952797,0.6795319085458307,4
5245.0,1.0002683,0,1.0017102,0.4393300129357465,4
5247.0,1.0003296,0,1.0016645,0.4410354831312076,4
5256.0,1.0000811,0,0.998346,0.5649960034999989,4
5262.0,1.0051655,0,1.0015774,0.4442905711543985,4
5269.0,1.0086423,0,1.0026847,0.4029273527584756,4
5270.0,0.99876106,0,0.9928196,0.7714269174850772,4
5285.0,0.9984724,0,1.0003427,0.4904095132285263,4
5290.0,1.0020744,0,1.000147,0.4977212157375268,4
5292.0,1.003661,0,0.999486,0.5224104572485824,4
5295.0,1.0006555,0,0.994128,0.7225538414268953,4
5296.0,1.0012766,0,0.99862623,0.5545271773132388,4
5309.0,1.0026376,0,0.99898916,0.5409702477830001,4
5311.0,1.0034218,0,0.99866676,0.5530131828838477,4
5312.0,1.0037051,0,1.0016575,0.4412982056939549,4
5329.0,0.99406517,0,0.99561644,0.6669546224699038,4
5330.0,1.002323,0,1.0022818,0.4179782385565399,4
5333.0,1.0088559,0,0.997617,0.5922256386050768,4
5338.0,0.9990229,0,0.9994648,0.5232030778616165,4
5341.0,0.99983376,0,1.0023439,0.4156582647397376,4
5343.0,0.99888676,0,0.997171,0.6088862567155672,4
5347.0,1.0056741,0,1.0008098,0.4729629538921902,4
5355.0,0.9979859,0,0.99309546,0.7611228495156331,4
5357.0,1.0066844,0,0.9985526,0.5572768583725005,4
5358.0,1.0013174,0,0.9968731,0.6200141157715917,4
5362.0,1.0046973,0,1.003392,0.3765081499656011,4
5369.0,1.0035262,0,1.0015919,0.4437473143297346,4
5370.0,1.0002967,0,1.0043089,0.342256252463024,4
5386.0,1.0067692,0,1.007093,0.2382626468630257,4
5400.0,0.99995667,0,0.99337226,0.7507831581478505,4
5402.0,0.9958351,0,1.0027841,0.399213613481675,4
5405.0,1.0027153,0,0.9963042,0.6412634728805748,4
5407.0,0.99757487,0,1.0011897,0.458771482579045,4
5410.0,1.0020689,0,0.9948902,0.6940818403047582,4
5419.0,1.001092,0,1.0018365,0.4346099126558802,4
5421.0,1.0021385,0,1.0022036,0.4208993572203062,4
5424.0,0.99696666,0,1.0043806,0.3395800446628356,4
5425.0,0.99814075,0,1.006096,0.2755024569012542,4
5428.0,1.0081129,0,0.9980114,0.5774931369296639,4
5431.0,1.0035698,0,1.0084761,0.1865953604976589,4
5435.0,0.99945116,0,1.0049108,0.3197734351865664,4
5436.0,1.0030035,0,1.0047128,0.327169743266621,4
5440.0,0.9948084,0,0.9980579,0.5757564962606564,4
5444.0,1.0088265,0,0.9984849,0.5598061196545421,4
5449.0,0.99683136,0,0.9988369,0.5466588592051975,4
5469.0,1.0086528,0,1.0003198,0.4912644747886531,4
5473.0,0.99783546,0,1.0015264,0.4461964229655143,4
5475.0,1.0039749,0,1.002435,0.4122562301984001,4
5484.0,1.0038887,0,1.0024128,0.4130844742097728,4
5486.0,1.0033504,0,1.0049971,0.3165495176369218,4
5489.0,1.0017825,0,1.0060406,0.2775730669296861,4
5490.0,0.9989439,0,0.9997133,0.5139209561320114,4
5492.0,1.0038774,0,1.0036563,0.3666360157010128,4
5500.0,0.9993857,0,1.0058942,0.2830412585746633,4
5504.0,0.99814767,0,0.9993997,0.5256343747982268,4
5506.0,0.99766284,0,1.0047469,0.3258962067760156,4
5510.0,0.9907985,0,1.0043683,0.3400386959164453,4
5516.0,0.9993603,0,1.0068474,0.2474356719352188,4
5517.0,1.0013903,0,0.99877036,0.5491435912393158,4
5520.0,0.9893151,0,1.0040066,0.3535488697363645,4
5536.0,1.0025097,0,0.99799496,0.5781076405510048,4
5551.0,0.99533576,0,0.9975798,0.5936149511402827,4
5552.0,0.99490106,0,1.0039089,0.3572002680660725,4
5554.0,1.0014199,0,0.99972713,0.5134044168561015,4
5558.0,1.0040408,0,0.99729806,0.604139438886947,4
5574.0,1.005064,0,1.0049415,0.3186290335149384,4
5591.0,1.0026534,0,0.9970347,0.6139759497531967,4
5595.0,1.0060635,0,1.0095775,0.1454547883413522,4
5603.0,0.99974775,0,1.0085541,0.1836831476834771,4
5604.0,0.99623525,0,0.9966002,0.6302068606212275,4
5610.0,1.0007241,0,1.0020479,0.4267148769990849,4
5613.0,1.0003558,0,1.0029799,0.3919019109726745,4
5616.0,0.99987704,0,0.99747145,0.5976626597765078,4
5617.0,1.0000505,0,0.9945518,0.7067236937901737,4
5629.0,1.0037354,0,1.002898,0.394961070305003,4
5632.0,1.000269,0,1.0043412,0.3410495098443035,4
5637.0,1.0031859,0,0.9946609,0.7026470411427986,4
5642.0,1.0002081,0,1.0039461,0.3558109555308666,4
5643.0,1.0008696,0,0.9997392,0.5129524449896803,4
5644.0,0.99510306,0,0.9959505,0.6544753007394082,4
5646.0,0.99963737,0,0.9984782,0.5600577099053086,4
5658.0,1.0006989,0,1.0032753,0.380867563337289,4
5673.0,1.004613,0,1.0031978,0.3837619644523014,4
5675.0,0.99861276,0,0.99895597,0.5422103873376631,4
5679.0,1.0032592,0,1.0047151,0.3270851376955669,4
5680.0,0.99930274,0,0.99983764,0.5092765555736146,4
5684.0,0.99893945,0,0.998772,0.5490812502922232,4
5688.0,1.0009235,0,0.99941343,0.5251222884471093,4
5693.0,0.9940878,0,0.99810934,0.5738350592127675,4
5702.0,0.998894,0,1.000485,0.4850971739512806,4
5704.0,1.0027487,0,1.0007428,0.4754654976254778,4
5709.0,1.0025028,0,0.9996769,0.5152813246560672,4
5742.0,0.98818195,0,0.9988374,0.5466388210436319,4
5743.0,1.0024266,0,1.0033643,0.377541228517421,4
5745.0,0.9997942,0,0.99857754,0.5563461970909043,4
5747.0,1.0006653,0,1.0011028,0.4620176647526511,4
5752.0,1.0037631,0,1.0028023,0.3985367689132414,4
5779.0,1.0046632,0,1.002059,0.4263007549933986,4
5789.0,1.0047008,0,0.99691474,0.6184578185566735,4
5790.0,1.0008844,0,0.99777657,0.5862653987705475,4
5796.0,1.0041682,0,1.0010407,0.4643376385694534,4
5797.0,0.98405224,0,1.0046824,0.3283052390886644,4
5801.0,0.99795556,0,0.9994117,0.525186855856598,4
5803.0,0.9978304,0,0.99716914,0.6089552770498483,4
5811.0,0.99955374,0,0.99860895,0.5551728514081262,4
5825.0,1.0001607,0,1.0024892,0.4102301494178914,4
5828.0,1.0030088,0,1.0002224,0.494902514343984,4
5829.0,1.0061195,0,1.0090982,0.163359998931298,4
5835.0,0.99488455,0,0.9983962,0.5631190957000332,4
5838.0,1.0007837,0,1.0014288,0.4498389154456376,4
5839.0,1.0070741,0,1.0000924,0.4997606552924124,4
5844.0,1.0064713,0,1.0014846,0.4477549466428286,4
5846.0,1.0023768,0,1.0032625,0.381344026290068,4
5852.0,1.0008539,0,0.99103254,0.838180713046847,4
5853.0,0.9974927,0,0.98788565,0.9557290217146878,4
5870.0,1.0025247,0,1.0022172,0.4203917237939809,4
5873.0,1.0007825,0,0.9960175,0.6519727570061206,4
5874.0,1.0026813,0,0.9991468,0.535081254745148,4
5876.0,1.00236,0,1.0032824,0.3806003878497493,4
5878.0,0.9994028,0,1.0018367,0.4346054597310879,4
5879.0,1.0008677,0,0.9986194,0.5547832204887976,4
5898.0,0.9954312,0,0.99019086,0.8696205885430698,4
5904.0,0.9998014,0,1.0014347,0.4496207221308136,4
5915.0,0.99914443,0,1.0022336,0.4197772201726398,4
5916.0,0.9983829,0,1.0041194,0.3493364028828235,4
5919.0,0.9997112,0,1.0041544,0.3480272429938794,4
5920.0,1.0086726,0,1.0040456,0.3520927633292737,4
5922.0,1.0030541,0,0.99856967,0.5566400901271977,4
5923.0,0.9952906,0,0.9970421,0.6136998684160724,4
5931.0,0.99606484,0,0.9932203,0.7564584107956709,4
5952.0,1.0042897,0,1.0039221,0.3567059934141242,4
5957.0,1.0044287,0,1.0001551,0.4974184168516485,4
5960.0,1.0025537,0,1.0012449,0.4567097784001976,4
5966.0,1.0040532,0,0.9974419,0.5987669851250048,4
5972.0,1.0062691,0,1.0043304,0.3414547260004051,4
5979.0,1.0075256,0,0.99885315,0.5460510349710448,4
5981.0,1.0019182,0,1.001963,0.4298853594512215,4
5982.0,0.996488,0,0.9956866,0.6643340762296195,4
5987.0,1.0007044,0,0.9948848,0.694284448382809,4
5998.0,1.0015392,0,1.0031846,0.3842562391042496,4
6000.0,0.9996815,0,0.9932366,0.7558505865615183,4
6004.0,0.9855962,0,0.9961031,0.64877555700523,4
6006.0,1.0040619,0,0.9916399,0.8154930612299424,4
6011.0,0.99572843,0,0.9989894,0.5409613419334154,4
6012.0,0.99665135,0,1.0019064,0.4320004987275767,4
6013.0,0.9997894,0,1.0018797,0.4329979538810579,4
6019.0,1.0030837,0,1.0003531,0.4900221087715939,4
6020.0,0.9984207,0,0.99549246,0.6715856642539235,4
6023.0,1.0050092,0,0.99984616,0.5089581714509632,4
6029.0,1.0038333,0,1.003464,0.3738185833910358,4
6031.0,1.0017666,0,0.99874145,0.550223425501455,4
6034.0,0.9987687,0,0.9995161,0.5212860937385198,4
6039.0,1.001157,0,0.9966413,0.6286728280302709,4
6049.0,1.0040952,0,1.0021727,0.4220526647415188,4
6054.0,0.9973681,0,0.99872804,0.5507243795405917,4
6059.0,0.9976436,0,0.9972564,0.6056957361018651,4
6061.0,1.0024096,0,0.9971701,0.6089196536515096,4
6069.0,1.00267,0,0.99615884,0.6466938146648172,4
6077.0,0.99762887,0,0.99638397,0.6382844661945082,4
6085.0,0.9989302,0,1.0032852,0.3804979705795259,4
6091.0,1.0000448,0,0.99365014,0.7404033904569369,4
6093.0,1.0005794,0,1.0048101,0.3235361566360825,4
6107.0,1.0025246,0,0.9970322,0.6140694611738355,4
6109.0,1.0051951,0,0.9976302,0.5917335904155248,4
6121.0,0.99582326,0,0.9939176,0.7304132536853518,4
6125.0,1.0036569,0,1.0020343,0.4272225104254101,4
6133.0,0.99923885,0,1.003513,0.3719884313013896,4
6147.0,1.0043994,0,1.000286,0.4925291054296739,4
6152.0,1.0003852,0,0.9997482,0.5126184756302559,4
6157.0,1.0031493,0,1.004076,0.3509572675072304,4
6167.0,0.99813074,0,0.99806684,0.5754225269012319,4
6168.0,1.0044231,0,0.9983696,0.5641143243911182,4
6172.0,1.0055848,0,0.99542624,0.6740592639760611,4
6176.0,1.006308,0,0.99974567,0.5127119870508947,4
6178.0,0.9972165,0,0.9974956,0.5967609425060616,4
6186.0,0.9828883,0,1.0002015,0.4956862291074335,4
6187.0,0.99124634,0,1.0003238,0.4911175282705062,4
6193.0,0.99958587,0,0.99554336,0.6696842653676001,4
6197.0,0.99694484,0,1.0022684,0.4184769661332804,4
6198.0,1.0042428,0,1.0020375,0.4271022814560173,4
6199.0,1.0044768,0,1.0010988,0.4621690641955902,4
6200.0,0.99874085,0,0.9997726,0.5117056260478289,4
6202.0,1.0039754,0,1.0014292,0.4498255566712605,4
6205.0,1.0025063,0,1.0007919,0.4736308926110393,4
6206.0,1.0041889,0,0.99968624,0.5149317700598696,4
6208.0,0.99992085,0,0.9973851,0.6008888037885485,4
6216.0,1.0071801,0,1.0052656,0.3065215310046021,4
6220.0,1.0036477,0,1.0047013,0.3276016769714768,4
6223.0,0.99600834,0,0.9996611,0.5158713371910505,4
6227.0,1.0076901,0,1.0020448,0.4268306530436854,4
6232.0,0.9988916,0,1.0002372,0.4943503516697355,4
6235.0,1.0013219,0,0.9967218,0.6256648773330542,4
6237.0,0.99997365,0,1.0028087,0.3982963109744558,4
6238.0,0.99678475,0,1.0019748,0.4294445198967812,4
6240.0,0.9989498,0,0.99923176,0.5319085458306152,4
6242.0,1.0036964,0,0.995181,0.6832189302738771,4
6250.0,1.0055612,0,1.0010246,0.4649387834164175,4
6260.0,1.0031853,0,1.0010132,0.4653662641964808,4
6261.0,1.0034726,0,0.9967821,0.623411697388137,4
6274.0,0.99912715,0,1.0024879,0.410279131590607,4
6290.0,1.0005456,0,1.0003693,0.4894165109998375,4
6294.0,0.99172384,0,1.004676,0.32854569702745,4
6296.0,0.99508387,0,0.9978667,0.5828989876275484,4
6308.0,1.0068698,0,1.0027666,0.3998681934261471,4
6317.0,1.0040282,0,0.9968203,0.6219867614545924,4
6321.0,1.0060004,0,0.9968877,0.6194686324845317,4
6323.0,1.0040867,0,1.0011214,0.4613230084850481,4
6332.0,1.0003748,0,0.99928135,0.5300561291170073,4
6333.0,0.99711114,0,0.9984724,0.5602736767577364,4
6335.0,0.9871153,0,1.0033612,0.3776570045620214,4
6346.0,0.9984939,0,1.0028733,0.3958828257370147,4
6348.0,1.0080211,0,1.004592,0.3316850090060403,4
6350.0,1.0015062,0,1.0018901,0.4326105494241254,4
6355.0,0.999428,0,0.9991604,0.5345736213188228,4
6362.0,1.0039432,0,1.0004828,0.4851773265975424,4
6363.0,1.0038736,0,1.0019536,0.4302371405098153,4
6365.0,0.99725664,0,1.0031395,0.3859394446757491,4
6368.0,0.9998237,0,0.9954372,0.6736495948951671,4
6377.0,1.0000333,0,0.9998341,0.5094079168549883,4
6382.0,1.0013533,0,1.0004811,0.485239667544635,4
6387.0,0.9984982,0,0.9924279,0.7860592283526627,4
6393.0,1.0015001,0,0.9981833,0.5710720193791288,4
6401.0,0.997943,0,0.99888694,0.5447886307924202,4
6403.0,0.9930688,0,0.99697614,0.6161645622886252,4
6411.0,1.0039114,0,1.0045407,0.3335997666667408,4
6412.0,0.99000496,0,0.99833196,0.5655192221630974,4
6432.0,1.0062451,0,1.0008763,0.470478221858072,4
6437.0,0.9988413,0,1.0061324,0.2741443148395945,4
6445.0,0.99763125,0,1.0014513,0.4490017655846802,4
6449.0,0.9998091,0,1.0001811,0.4964476792469213,4
6456.0,1.0053372,0,0.9978205,0.584624495984575,4
6457.0,1.0019289,0,0.99616647,0.6464088274781083,4
6461.0,1.0096473,0,1.0022045,0.4208637338219676,4
6470.0,1.0042573,0,1.0026915,0.402673536045313,4
6473.0,1.0031972,0,1.0009813,0.466555195116032,4
6478.0,1.0039368,0,0.9988328,0.5468102586481365,4
6483.0,0.99803996,0,1.0022485,0.4192206045735991,4
6487.0,0.9989877,0,0.99921566,0.5325096906775793,4
6488.0,1.0118657,0,1.0035734,0.3697307984316799,4
6497.0,1.0021309,0,0.9998351,0.5093722934566496,4
6504.0,1.0015562,0,1.0043331,0.3413523087301817,4
6508.0,1.003261,0,0.9958869,0.6568509361161144,4
6523.0,0.9999322,0,1.0035435,0.3708484825545539,4
6525.0,0.99831206,0,1.0044465,0.337117577252679,4
6533.0,0.9995916,0,0.998826,0.5470640753612992,4
6539.0,0.9997572,0,0.99569356,0.6640735801292684,4
6550.0,1.0013249,0,1.0011292,0.4610335683735469,4
6556.0,0.99998087,0,1.0022544,0.419002411258775,4
6570.0,1.003958,0,1.0017648,0.4372905733808608,4
6573.0,0.9950079,0,1.0005199,0.4837924669871288,4
6578.0,1.0024818,0,0.99372506,0.7376047272249595,4
6589.0,1.002535,0,0.99405533,0.7252678990878183,4
6591.0,1.0006602,0,0.99715906,0.6093315491947999,4
6592.0,1.0019493,0,1.0016149,0.4428878998448156,4
6596.0,1.0013405,0,0.9978912,0.5819839115827253,4
6602.0,1.0045285,0,1.0023367,0.4159254402272773,4
6604.0,0.99761236,0,1.0038584,0.3590838552532267,4
6607.0,0.9973297,0,0.9997033,0.5142950018145669,4
6608.0,0.9886105,0,1.0008106,0.4729317834186439,4
6609.0,0.9969196,0,0.99907225,0.5378665592027483,4
6626.0,1.0001047,0,0.9963076,0.6411365645239935,4
6627.0,1.0039998,0,1.0052034,0.3088459577461966,4
6635.0,0.9997377,0,0.99908954,0.537220885107861,4
6636.0,0.9968637,0,0.99817675,0.5713169302427067,4
6641.0,1.0073344,0,1.001333,0.4534190669786683,4
6649.0,1.0021123,0,0.9961654,0.6464489038012393,4
6653.0,1.0045366,0,0.9991127,0.5363547912357534,4
6657.0,1.0018703,0,0.99972725,0.5133999639313092,4
6659.0,1.0005631,0,1.0017185,0.4390183082002836,4
6663.0,1.0036218,0,0.9989416,0.5427469647751384,4
6678.0,1.0071452,0,1.0024673,0.4110494875796795,4
6685.0,1.0044721,0,1.0022851,0.4178535566623548,4
6704.0,0.99065673,0,0.99922526,0.532151230231797,4
6708.0,0.99846625,0,1.0009108,0.4691913265930895,4
6709.0,1.0042385,0,0.99518317,0.6831387776276152,4
6713.0,1.0070038,0,1.0039475,0.3557575204333586,4
6725.0,1.0044724,0,1.0000231,0.5023478045967542,4
6732.0,1.0056511,0,1.0010241,0.4649565951155868,4
6734.0,0.99913526,0,0.99456316,0.7062984394725065,4
6744.0,0.9968879,0,0.99963677,0.5167797338486851,4
6746.0,1.0053091,0,1.0001291,0.4983891544563757,4
6754.0,1.004812,0,1.0003351,0.4906945004152352,4
6756.0,1.0089164,0,0.9950071,0.6897157475458818,4
6762.0,0.9995543,0,0.99737734,0.6011782439000497,4
6763.0,0.9969727,0,0.9991864,0.5336028837140956,4
6766.0,1.0014964,0,1.0058998,0.2828319711094239,4
6784.0,1.0029691,0,1.0021753,0.4219547003960876,4
6787.0,1.0085891,0,1.0030682,0.3886022937015605,4
6791.0,0.99532646,0,0.9966123,0.6297548887548063,4
6795.0,1.0020477,0,0.99626434,0.642752976223608,4
6810.0,0.99240047,0,1.0049194,0.3194528246015189,4
6811.0,0.98094577,0,1.0045409,0.3335908608171563,4
6815.0,1.0076458,0,0.9980766,0.5750573870682611,4
6819.0,0.99921364,0,1.0020766,0.4256417221241342,4
6823.0,1.0033717,0,1.0045577,0.3329629984214381,4
6827.0,1.0072956,0,1.0070611,0.239451577782577,4
6828.0,0.99461854,0,0.9983513,0.5647978483467404,4
6831.0,0.98532826,0,0.9995449,0.5202107124011729,4
6837.0,0.99794346,0,0.99760675,0.5926085901372169,4
6847.0,0.99645895,0,0.9993596,0.5271327839908448,4
6849.0,1.0021449,0,0.99988353,0.5075621795285689,4
6855.0,1.0009323,0,0.99973047,0.5132797349619164,4
6858.0,1.0003766,0,1.0019826,0.42915507978528,4
6867.0,1.0067294,0,1.0016438,0.4418102920450725,4
6873.0,0.99938333,0,1.0006891,0.4774693137820248,4
6880.0,0.98416287,0,0.99962217,0.5173252171357452,4
6886.0,1.0076714,0,1.0042167,0.3457028162522849,4
6887.0,1.002265,0,1.003148,0.385623287015494,4
6889.0,1.0054809,0,0.99713904,0.6100796405599107,4
6909.0,0.9997113,0,0.9989336,0.5430453107362243,4
6914.0,1.0046387,0,0.99487144,0.6947831759595496,4
6925.0,1.00206,0,1.0031189,0.3867098006648216,4
6929.0,1.0044501,0,1.0013705,0.4520163956690853,4
6930.0,1.0003226,0,1.0017704,0.4370812859156215,4
6931.0,0.9996881,0,0.9997224,0.5135803073853984,4
6932.0,1.0009042,0,0.99900633,0.540329026612905,4
6936.0,1.0024751,0,0.993062,0.7623718949198808,4
6952.0,1.0081198,0,1.0020199,0.4277613143252817,4
6961.0,0.9954029,0,1.0012156,0.4578051978991101,4
6967.0,1.0029541,0,0.99912643,0.5358427048846359,4
6970.0,1.0046364,0,0.9985705,0.5566089196536514,4
6982.0,1.0014832,0,1.0037271,0.3639909783743708,4
7000.0,0.9988493,0,0.99791193,0.5812091026688605,4
7001.0,0.9964476,0,1.0017868,0.4364667822942805,4
7003.0,1.0068911,0,1.001191,0.4587225004063293,4
7006.0,1.0002854,0,0.99801403,0.5773951725842326,4
7011.0,1.0034566,0,1.0025865,0.4065965627873528,4
7019.0,1.0066003,0,1.0014043,0.4507562179528569,4
7027.0,0.99997467,0,1.0005339,0.4832670218616343,4
7028.0,1.0035841,0,1.0016578,0.4412848469195779,4
7033.0,1.0013835,0,1.00072,0.4763160062608123,4
7034.0,0.9989149,0,0.9950323,0.6887739539523048,4
7040.0,1.0035479,0,0.9991375,0.5354285828789495,4
7042.0,1.0010111,0,1.0041701,0.3474439098460846,4
7057.0,0.99546313,0,1.0005897,0.4811830530588253,4
7058.0,0.996713,0,1.003746,0.3632829633323908,4
7059.0,0.9999697,0,0.99694264,0.617415834155269,4
7060.0,0.9886457,0,0.99523044,0.6813731929474578,4
7061.0,0.9974859,0,0.99885076,0.5461400934668914,4
7063.0,0.997808,0,0.999918,0.5062752842635865,4
7064.0,0.9984398,0,1.0013038,0.4545100335527883,4
7074.0,1.0042795,0,1.0059232,0.2819591978501279,4
7079.0,0.9980747,0,0.999515,0.5213283965240469,4
7082.0,1.0091176,0,1.0014418,0.449353546643274,4
7088.0,0.9966298,0,0.9999238,0.5060570909487625,4
7092.0,1.0031936,0,0.9984816,0.5599308015487272,4
7094.0,1.0035554,0,0.99776804,0.5865837828931988,4
7106.0,1.0017507,0,1.0075653,0.2206201588358273,4
7107.0,0.999641,0,0.99499464,0.69018107818668,4
7113.0,1.0073165,0,0.99926233,0.5307663706213834,4
7114.0,1.0033284,0,0.99738324,0.6009578241228295,4
7125.0,1.0003278,0,0.99862564,0.5545494419372003,4
7132.0,1.0041419,0,1.0016649,0.4410221243568306,4
7138.0,1.0001737,0,1.0002295,0.4946397917812367,4
7140.0,1.0051653,0,0.9971581,0.6093671725931384,4
7142.0,0.99968356,0,1.0016736,0.4406970608469908,4
7144.0,1.0020405,0,1.004345,0.340907016250949,4
7160.0,1.0014954,0,1.0025755,0.4070062318682469,4
7166.0,0.9992997,0,0.99613684,0.6475153792890015,4
7167.0,1.0084895,0,1.0043318,0.3414012909028973,4
7180.0,1.0017587,0,1.0027281,0.4013064881340686,4
7183.0,1.0100987,0,0.99791074,0.5812536319167838,4
7191.0,1.001986,0,1.0003184,0.491317909886161,4
7192.0,0.99839705,0,1.0050391,0.3149820881100228,4
7194.0,0.9869323,0,1.0002676,0.4932148558476922,4
7195.0,0.9987342,0,1.0024751,0.4107555945433859,4
7197.0,1.0004966,0,0.99844354,0.5613512845574795,4
7201.0,1.0011545,0,1.0007104,0.4766766931689907,4
7202.0,1.0007207,0,1.0025153,0.4092549588883718,4
7210.0,0.9979159,0,1.0000515,0.5012880084961805,4
7232.0,1.0108075,0,1.0035809,0.3694502641697633,4
7250.0,1.0053681,0,0.9959275,0.6553347152243272,4
7252.0,1.0065533,0,0.9979909,0.578259039993944,4
7292.0,1.0038935,0,0.9984736,0.5602291475098131,4
7295.0,0.99943954,0,0.99923104,0.5319352633793691,4
7299.0,1.0020534,0,1.0011219,0.4613051967858789,4
7301.0,0.99781185,0,0.99435246,0.7141689840429439,4
7302.0,1.004385,0,1.0003583,0.4898261800807315,4
7304.0,1.002945,0,1.0038182,0.3605889438330331,4
7317.0,1.0008777,0,1.0019202,0.4314839594516668,4
7318.0,1.0032737,0,1.0001875,0.4962072213081357,4
7319.0,1.0036821,0,1.00378,0.3620138797665777,4
7324.0,1.001805,0,1.0008986,0.4696455249219068,4
7331.0,1.0047257,0,0.9999845,0.5037905522294681,4
7341.0,1.0035868,0,1.002994,0.3913764658471801,4
7342.0,1.0063744,0,0.99712825,0.6104826302536164,4
7343.0,0.99819624,0,0.9959887,0.6530481383434674,4
7350.0,0.99875695,0,0.9976607,0.590593641668689,4
7367.0,1.007889,0,1.0041939,0.3465533248876193,4
7382.0,1.0035694,0,1.0007044,0.476899339408607,4
7383.0,1.0038166,0,0.99709475,0.6117339021202601,4
7385.0,0.9980674,0,0.999761,0.5121397862150807,4
7388.0,1.0026321,0,1.0012141,0.457858632996618,4
7394.0,1.0038611,0,1.000586,0.4813210937273875,4
7398.0,1.0054089,0,0.99430877,0.7158009809793318,4
7403.0,0.99786204,0,0.99951094,0.521479795966986,4
7417.0,1.0008168,0,0.99604297,0.6510220575629588,4
7418.0,1.0057665,0,0.99764717,0.5910990486326182,4
7419.0,1.0006137,0,1.0033407,0.3784229076263016,4
7425.0,0.9922896,0,1.0019596,0.430014494270199,4
7427.0,0.99978197,0,0.9977097,0.5887634895790428,4
7430.0,1.0063925,0,0.99931496,0.5288004043255712,4
7432.0,1.0033246,0,1.0012821,0.4553204658649917,4
7439.0,0.99869573,0,1.0032259,0.3827110742013122,4
7440.0,0.9993488,0,1.0050167,0.3158192379709803,4
7445.0,1.0011834,0,0.99844235,0.5613958138054027,4
7447.0,1.0015405,0,0.99428433,0.7167138305617587,4
7449.0,1.0048301,0,0.99688065,0.6197313550472789,4
7451.0,0.9969119,0,1.0028815,0.3955755739263441,4
7456.0,1.006361,0,1.002337,0.4159165343776926,4
7467.0,1.0032551,0,1.0070274,0.2407117554988055,4
7468.0,1.0082232,0,1.0017669,0.437210420734599,4
7472.0,1.0019423,0,0.9975527,0.594627991530537,4
7476.0,1.002077,0,1.0007384,0.4756302558427939,4
7478.0,1.0012964,0,1.0005709,0.4818866151760129,4
7479.0,1.0071532,0,1.0007678,0.4745303834190892,4
7485.0,1.0022016,0,0.9984503,0.561099694306713,4
7486.0,1.0035385,0,0.99388546,0.7316133169168839,4
7488.0,0.98834074,0,0.9996251,0.5172161204783332,4
7491.0,1.003358,0,0.99909586,0.5369848800938677,4
7495.0,0.99948674,0,0.9974029,0.6002230915320956,4
7496.0,0.9867249,0,1.0033312,0.3787791416096877,4
7498.0,0.99775356,0,0.99862194,0.5546874826057625,4
7499.0,0.99546224,0,1.0029736,0.3921379159866679,4
7502.0,1.000457,0,0.99625725,0.6430179252487516,4
7505.0,0.99074864,0,0.9954557,0.6729593915523564,4
7523.0,1.003993,0,0.99671525,0.6259097881966322,4
7525.0,1.0045811,0,1.002125,0.4238338346584495,4
7531.0,0.9948048,0,1.0040756,0.3509706262816074,4
7538.0,1.003999,0,0.9985833,0.5561302302384764,4
7546.0,1.0014849,0,0.9975474,0.5948261466837956,4
7550.0,0.9985966,0,1.0040104,0.3534063761430102,4
7552.0,1.005179,0,0.9993131,0.5288694246598522,4
7553.0,0.9983304,0,1.0036262,0.3677581527486792,4
7560.0,0.99683565,0,1.0041025,0.3499687182033338,4
7572.0,1.0063087,0,1.0051292,0.3116156769670238,4
7578.0,1.0050567,0,1.0011816,0.4590742814649232,4
7582.0,1.004507,0,0.9983152,0.5661448580964192,4
7586.0,1.0017948,0,0.9978418,0.5838296489091448,4
7591.0,1.0019832,0,0.99857247,0.5565354463945782,4
7602.0,1.0030687,0,0.99871665,0.5511496338582589,4
7605.0,1.0007929,0,0.99815875,0.571989321886348,4
7607.0,1.0052359,0,0.9998635,0.5083102708936797,4
7614.0,0.994134,0,0.9986298,0.5543935895694689,4
7619.0,1.0033796,0,1.0020779,0.4255927399514185,4
7622.0,1.0041676,0,1.0042794,0.3433605778115211,4
7624.0,1.0002463,0,0.99974865,0.5126006639310865,4
7625.0,1.0022402,0,0.9980063,0.5776846126957339,4
7626.0,1.0033121,0,0.9956302,0.66644030965639,4
7631.0,0.99490577,0,1.0037899,0.3616442870088145,4
7640.0,1.0011842,0,0.9993398,0.5278719695063709,4
7646.0,0.99502397,0,0.99687356,0.6199963040724223,4
7649.0,1.0003252,0,1.0008303,0.4721970508279101,4
7650.0,1.0010813,0,0.999414,0.5251000238231476,4
7652.0,0.9946685,0,0.99538434,0.6756244670405639,4
7654.0,0.99996936,0,1.0032474,0.3819095477386934,4
7659.0,1.0019441,0,0.99903524,0.5392491923507658,4
7660.0,0.99669427,0,0.99329954,0.7534994422711698,4
7661.0,1.0025094,0,1.0022093,0.4206856168302745,4
7663.0,1.0022477,0,0.99668694,0.6269673578348098,4
7664.0,0.9998828,0,0.998767,0.5492682731335009,4
7666.0,1.0040638,0,1.0040175,0.3531436535802629,4
7686.0,1.0048864,0,0.9977951,0.5855729689653406,4
7707.0,0.9981278,0,1.002514,0.4093039410610875,4
7710.0,1.0055032,0,0.99692935,0.6179123352696134,4
7716.0,1.0013769,0,0.9992103,0.5327100722932341,4
7717.0,1.0093925,0,1.0031022,0.3873332101357474,4
7723.0,0.9999761,0,0.9972637,0.605421881227137,4
7737.0,0.9987799,0,0.9957772,0.6609498533874512,4
7738.0,1.0038841,0,1.002759,0.400153180612856,4
7740.0,1.0036011,0,1.0038458,0.3595558652812133,4
7754.0,1.001859,0,1.0016091,0.4431060931596395,4
7755.0,1.0017095,0,0.99963367,0.5168955098932857,4
7764.0,1.0092291,0,0.99906266,0.5382250196485306,4
7767.0,0.9996508,0,1.0011754,0.4593058335541241,4
7771.0,1.0009538,0,1.0003998,0.4882765622530018,4
7772.0,1.0044206,0,0.9954591,0.672832483195775,4
7776.0,1.0056351,0,1.0001079,0.4991817750694099,4
7777.0,1.0015992,0,1.0013216,0.4538465477587317,4
7779.0,1.0033127,0,1.000656,0.4787072268742917,4
7785.0,0.99797267,0,0.9976513,0.5909454227272828,4
7788.0,1.0027374,0,0.9984463,0.561248867287256,4
7789.0,1.0002396,0,1.0004671,0.4857651126701295,4
7790.0,0.9930583,0,0.9957497,0.6619762525520825,4
7791.0,1.001602,0,0.99923,0.531973113240104,4
7796.0,1.0027994,0,1.0018435,0.4343516430179253,4
7798.0,1.0015246,0,0.99248654,0.7838683893548379,4
7799.0,0.9998597,0,0.99874276,0.5501744433287394,4
7801.0,0.9975876,0,0.9965891,0.6306209826269139,4
7814.0,1.002928,0,0.99952465,0.5209677096158685,4
7815.0,0.9938528,0,1.0026511,0.4041830775499117,4
7824.0,1.0020196,0,0.9963787,0.6384803948853706,4
7830.0,1.0041772,0,1.0042859,0.343115666947943,4
7838.0,1.0075032,0,1.0029888,0.3915679416132501,4
7845.0,1.0071634,0,0.99716306,0.609182376214257,4
7849.0,1.0043014,0,1.0044706,0.336218086444629,4
7855.0,0.99642307,0,0.9935924,0.7425608325188191,4
7868.0,0.9959794,0,0.9976114,0.5924349260703161,4
7880.0,1.0103854,0,1.0021319,0.4235755650204945,4
7887.0,0.99213916,0,1.0009673,0.4670806402415266,4
7892.0,1.0056676,0,1.0004501,0.4863974279906399,4
7906.0,1.0015633,0,0.9978331,0.5841547124189845,4
7910.0,0.9990456,0,1.000334,0.4907345767383662,4
7918.0,1.0033368,0,0.99958503,0.518712303208555,4
7921.0,1.0020767,0,0.99161005,0.8166085188904202,4
7923.0,1.0053813,0,1.0014638,0.4485342084814858,4
7928.0,1.0014803,0,0.99764663,0.5911190867941836,4
7943.0,1.00233,0,0.99729747,0.6041617035109086,4
7954.0,1.000251,0,1.0047156,0.3270673259963975,4
7966.0,0.9979694,0,0.9986519,0.5535675720204923,4
7968.0,0.99682707,0,1.0013714,0.4519852251955391,4
7973.0,0.99877393,0,0.99764663,0.5911190867941836,4
7974.0,1.0016414,0,1.0031012,0.387368833534086,4
7989.0,0.9992189,0,1.0000682,0.5006645990252547,4
7991.0,1.0010611,0,1.0039865,0.3543014140262678,4
7992.0,1.0032353,0,0.9978096,0.5850319386030729,4
7998.0,0.9936479,0,1.0035719,0.3697886864539801,4
8001.0,1.0013322,0,1.0028236,0.397739695375415,4
8008.0,0.9995281,0,1.0029479,0.3930952948170182,4
8010.0,1.0002367,0,1.0043913,0.3391792814315263,4
8012.0,1.0011213,0,0.9972731,0.6050723266309393,4
8014.0,1.004409,0,0.9993816,0.5263112193666606,4
8019.0,1.0074811,0,1.0019215,0.4314349772789512,4
8020.0,0.99972516,0,1.0041795,0.3470921287874908,4
8025.0,0.9977242,0,1.0018682,0.4334254346611212,4
8027.0,1.001256,0,1.0084468,0.1876907799965712,4
8033.0,1.0004663,0,0.9985793,0.5562794032190193,4
8038.0,1.006598,0,1.0027941,0.3988395677991196,4
8051.0,0.99714005,0,1.0023175,0.4166423611188419,4
8057.0,1.0012901,0,1.0019162,0.4316353588946059,4
8058.0,0.99772525,0,1.0036249,0.3678071349213947,4
8061.0,1.0025412,0,1.0007613,0.4747752942826672,4
8062.0,1.001747,0,1.0021982,0.4210997388359609,4
8063.0,1.0017103,0,1.0029703,0.3922581449560608,4
8064.0,1.0002992,0,0.99936134,0.527068216581356,4
8065.0,1.0062975,0,0.99896663,0.5418118505687498,4
8068.0,0.99549025,0,0.9974086,0.6000093511420639,4
8071.0,1.0027642,0,0.9990737,0.5378131241052404,4
8073.0,0.99928045,0,0.99991155,0.506515742202372,4
8087.0,1.0061157,0,0.99933225,0.5281547302306837,4
8092.0,1.0010996,0,1.000532,0.4833382686583115,4
8093.0,0.9999843,0,0.9956758,0.6647370659233252,4
8096.0,0.99719775,0,0.9968808,0.6197246756600905,4
8097.0,0.9964611,0,1.003549,0.3706436480141069,4
8108.0,1.002866,0,0.99944806,0.5238287137949383,4
8116.0,0.99883103,0,0.99442476,0.7114682851563978,4
8117.0,0.99854714,0,1.0001353,0.4981576023671747,4
8118.0,0.99555796,0,1.0008833,0.4702154992953247,4
8120.0,1.0049349,0,1.0058222,0.2857308251492286,4
8134.0,1.0034021,0,0.9954342,0.6737609180149752,4
8144.0,1.003433,0,0.9914524,0.8224975119282723,4
8147.0,0.9943625,0,1.0014598,0.4486811549996327,4
8150.0,1.0005406,0,0.9989545,0.5422660488975671,4
8154.0,1.0037524,0,1.0055754,0.2949483794693449,4
8155.0,1.002726,0,0.99720675,0.6075503792778691,4
8163.0,1.0099916,0,0.9982224,0.5696114600472455,4
8166.0,0.9989814,0,0.98973346,0.8867064609712274,4
8186.0,1.0055709,0,1.0000237,0.5023255399727926,4
8188.0,0.9974585,0,1.0057225,0.2894534702756137,4
8196.0,1.0061215,0,1.0028359,0.3972810441218053,4
8199.0,1.00458,0,1.0005075,0.4842555711655307,4
8220.0,0.9995862,0,1.0005867,0.4812943761786336,4
8222.0,0.9943697,0,1.0011373,0.4607307694876688,4
8229.0,1.004118,0,0.9975782,0.5936750656249792,4
8230.0,1.0006452,0,0.9972495,0.6059540057398201,4
8232.0,1.0028144,0,1.0017473,0.4379451533253329,4
8237.0,1.0066324,0,1.0004128,0.4877911934506382,4
8243.0,0.9988438,0,1.000994,0.4660831850880454,4
8244.0,0.99885327,0,0.99443424,0.7111142776354078,4
8247.0,1.0095347,0,1.0001076,0.4991906809189946,4
8251.0,1.0043532,0,1.0019176,0.431581923797098,4
8255.0,0.9958939,0,0.9999614,0.5046544196391796,4
8258.0,0.9995503,0,1.0019263,0.4312568602872582,4
8260.0,1.0007105,0,1.0006748,0.4780036647571041,4
8273.0,1.001095,0,0.99181956,0.8087825035679059,4
8278.0,1.0007044,0,0.99627686,0.6422854191204137,4
8283.0,0.99493665,0,1.0000564,0.5011054385796951,4
8287.0,1.0004897,0,0.99943405,0.5243519324580368,4
8292.0,1.0035946,0,1.0029956,0.3913141249000875,4
8295.0,1.0023144,0,1.0032083,0.3833701070705766,4
8305.0,1.0003732,0,1.0007112,0.4766455226954444,4
8309.0,0.99834067,0,0.999468,0.5230828488922237,4
8313.0,1.0007205,0,0.9987478,0.5499851940250655,4
8314.0,0.99921376,0,0.99636525,0.6389835753869035,4
8318.0,0.9969051,0,0.9981207,0.5734098048951002,4
8326.0,0.99768746,0,1.000223,0.4948802497200223,4
8329.0,1.003944,0,1.0007504,0.4751805104387689,4
8331.0,0.99117106,0,1.0038259,0.3602995037215318,4
8342.0,1.0058604,0,1.0014994,0.4472027839685801,4
8349.0,1.0021316,0,0.99920046,0.533077438588601,4
8361.0,0.9967437,0,0.9997001,0.5144130043215636,4
8363.0,1.0008664,0,0.997968,0.5791140015540708,4
8368.0,1.0058647,0,0.9991232,0.5359629338540286,4
8370.0,1.0048686,0,0.9951259,0.6852784079903282,4
8371.0,0.99882543,0,1.0024652,0.4111251873011491,4
8378.0,1.0023508,0,0.9974488,0.5985087154870498,4
8379.0,1.0035925,0,0.9994694,0.5230316402571118,4
8386.0,1.000949,0,1.0050973,0.3128090608113674,4
8388.0,1.0047543,0,1.0010134,0.4653573583468962,4
8394.0,1.0051013,0,1.0012143,0.4578541800718256,4
8399.0,1.0039982,0,0.99684507,0.6210605530977884,4
8403.0,1.0004627,0,1.0016931,0.4399667811810492,4
8404.0,1.0033959,0,0.99146837,0.8219008200061005,4
8410.0,0.9976988,0,0.99756145,0.5943007015583011,4
8411.0,0.9979393,0,0.9967005,0.6264597244084846,4
8418.0,1.0008426,0,1.0047282,0.3265953159684109,4
8432.0,1.0084732,0,1.0066378,0.2552639137201292,4
8434.0,1.001951,0,1.0003397,0.4905208363483345,4
8436.0,0.99410236,0,1.0012201,0.4576359867570017,4
8446.0,1.0077848,0,1.0029633,0.392520867518808,4
8451.0,0.9997114,0,1.0018739,0.433216147195882,4
8453.0,1.0057929,0,1.0017837,0.4365825583388809,4
8456.0,0.99733126,0,1.0024942,0.4100431265766137,4
8461.0,0.98856163,0,0.9981262,0.5732049703546531,4
8464.0,0.9995951,0,0.99582076,0.6593223093758558,4
8470.0,1.0035108,0,1.0046139,0.3308656708442522,4
8474.0,0.99498194,0,0.9993767,0.5264937892831458,4
8477.0,0.9799494,0,1.0011333,0.4608777160058155,4
8478.0,1.000428,0,0.9909228,0.8422796303181838,4
8487.0,1.0001031,0,0.99670523,0.6262838338791876,4
8488.0,1.0044442,0,0.99748313,0.5972262731468596,4
8490.0,1.0041519,0,1.0020934,0.4250138597284161,4
8491.0,1.0049762,0,0.9997422,0.5128411218698722,4
8494.0,1.0026091,0,1.0025316,0.4086449081918231,4
8500.0,0.9984613,0,0.9966284,0.6291537439078423,4
8509.0,0.99983317,0,1.0058076,0.2862740819738925,4
8515.0,1.0044223,0,0.9987089,0.5514390739697601,4
8525.0,0.99860364,0,0.99899566,0.5407275633818183,4
8533.0,1.0000178,0,0.99562925,0.6664759330547287,4
8547.0,1.0045022,0,0.9965596,0.6317230815130148,4
8556.0,1.0015017,0,1.0044701,0.3362358981437983,4
8560.0,1.0003877,0,1.002811,0.3982117054034015,4
8561.0,1.0065596,0,1.0046643,0.328982083657098,4
8566.0,1.0005634,0,0.99534696,0.6770204589629584,4
8568.0,0.9999892,0,1.0030582,0.388976339384116,4
8571.0,0.9932263,0,0.99969363,0.5146556887227454,4
8575.0,0.9984202,0,0.99532527,0.6778308912751618,4
8577.0,1.001027,0,0.9970685,0.612713545574572,4
8587.0,0.99891543,0,0.9963299,0.6403038675878283,4
8592.0,0.99703956,0,0.99893826,0.5428716466693235,4
8600.0,0.99129564,0,1.0062985,0.2679369376790911,4
8603.0,0.9994072,0,0.99940014,0.5256187895614537,4
8609.0,0.9976154,0,0.997204,0.6076527965480927,4
8615.0,0.9918446,0,1.002563,0.4074737889714411,4
8626.0,0.9916707,0,0.99813,0.5730624767612987,4
8638.0,1.0028548,0,1.0018222,0.4351442636309593,4
8639.0,1.0003667,0,0.996371,0.6387698349968718,4
8640.0,1.0017432,0,0.9954471,0.6732800021374039,4
8642.0,1.0013474,0,1.0062556,0.2695399906043286,4
8644.0,1.0106735,0,1.0021152,0.4241989744914203,4
8645.0,1.002067,0,0.9932659,0.7547551670626059,4
8647.0,1.0070966,0,1.0000403,0.5017065834266592,4
8648.0,1.0015616,0,1.0007967,0.4734527756193462,4
8653.0,1.0028298,0,0.99548215,0.6719708422484598,4
8669.0,1.0025575,0,1.0072955,0.2306971276408627,4
8671.0,0.9994022,0,0.99984866,0.5088646600303244,4
8673.0,1.0083756,0,1.0063366,0.2665164546703388,4
8675.0,1.0070256,0,1.0005655,0.4820869967916676,4
8685.0,1.000225,0,0.99867386,0.5527482338587042,4
8693.0,1.0045363,0,1.0003915,0.4885882669884647,4
8701.0,0.9987757,0,1.0027107,0.4019566151537483,4
8709.0,0.9988172,0,1.0002173,0.495093990110054,4
8717.0,0.9971229,0,0.99487644,0.6945961531182718,4
8723.0,1.0043935,0,0.9990074,0.5402889502897741,4
8725.0,0.9858582,0,0.99898744,0.5410348151924889,4
8726.0,1.0016931,0,1.0051161,0.3121054986941798,4
8734.0,0.9955747,0,1.0002993,0.4920303778529332,4
8736.0,1.0038692,0,1.0058817,0.2835088156778576,4
8738.0,0.98310375,0,1.0040766,0.3509350028832688,4
8750.0,1.0062088,0,0.99618405,0.6457520210712402,4
8753.0,0.99806786,0,1.0036263,0.3677536998238868,4
8757.0,0.994865,0,0.99568516,0.6643875113271274,4
8767.0,1.0068685,0,0.99350464,0.7458381851659717,4
8773.0,0.99610454,0,0.99806,0.5756785700767907,4
8781.0,0.9994778,0,1.0014583,0.4487390430219329,4
8783.0,1.01076,0,1.0060649,0.2766646702720514,4
8784.0,1.0094308,0,1.004388,0.3393039633257114,4
8791.0,1.0021874,0,1.0017376,0.4383058402335114,4
8800.0,1.0023247,0,1.0036787,0.3657988658400554,4
8801.0,0.99423116,0,1.0024161,0.4129597923155876,4
8811.0,0.9965545,0,1.0050119,0.3159973549626733,4
8822.0,1.0009928,0,0.99842954,0.5618745032205779,4
8835.0,1.0031264,0,0.99918574,0.5336273748004533,4
8839.0,1.0049025,0,0.9960892,0.649294322743536,4
8846.0,1.0004988,0,1.0030693,0.3885622173784295,4
8847.0,0.99581,0,1.000078,0.500299459192284,4
8858.0,1.0002574,0,0.9998343,0.5094012374677999,4
8860.0,0.9831868,0,0.9984938,0.5594743767575138,4
8863.0,0.9999792,0,0.9964628,0.635338856444384,4
8866.0,1.0058541,0,1.0036498,0.3668764736397985,4
8873.0,1.0034587,0,0.99963886,0.5167018076648194,4
8876.0,1.0044045,0,1.0020422,0.4269286173891166,4
8881.0,1.0046022,0,1.0011224,0.4612873850867095,4
8886.0,0.9988683,0,0.9971065,0.611295289028216,4
8888.0,1.0047803,0,1.0006075,0.4805195672647686,4
8895.0,0.99850154,0,0.99486494,0.6950258603607314,4
8896.0,0.99803793,0,1.0020106,0.4281086424590832,4
8900.0,1.0053128,0,0.9983101,0.5663363338624892,4
8909.0,1.0007769,0,1.0030501,0.3892791382699941,4
8913.0,0.9818758,0,0.99665654,0.6281028536568531,4
8920.0,0.9946123,0,0.99658775,0.6306721912620257,4
8923.0,1.0028594,0,0.99762607,0.5918872163208599,4
8925.0,0.99820703,0,0.99989384,0.5071770015340327,4
8933.0,1.0073209,0,1.0004395,0.486793738297157,4
8949.0,0.9988036,0,1.0024072,0.4132937616750122,4
8952.0,1.0020063,0,1.0007904,0.4736887806333395,4
8961.0,1.0001184,0,1.0009049,0.4694095199079134,4
8965.0,1.0089492,0,0.9994484,0.5238153550205613,4
8967.0,0.9994754,0,0.9978814,0.5823490514156962,4
8971.0,1.001921,0,0.99651,0.6335754982266226,4
8981.0,1.0014412,0,0.99437547,0.7133095695580249,4
8983.0,1.0026053,0,1.0022506,0.4191449048521295,4
8985.0,1.0026809,0,1.0040821,0.3507301683428218,4
9003.0,0.9976568,0,0.9981534,0.5721897035020027,4
9010.0,1.0003842,0,0.9959393,0.6548938756698869,4
9013.0,1.0017415,0,0.999943,0.5053401700571978,4
9014.0,1.0008824,0,0.99925023,0.5312183424878045,4
9017.0,1.0047517,0,1.0038413,0.3597250764233217,4
9033.0,1.00349,0,1.001473,0.4481913332724767,4
9036.0,1.0066648,0,0.99896693,0.541800718256769,4
9044.0,1.000008,0,0.9995163,0.5212794143513313,4
9052.0,1.0004675,0,1.0018343,0.4346945182269344,4
9053.0,1.0044816,0,1.0016087,0.4431194519340166,4
9069.0,1.0008204,0,0.99861723,0.5548633731350594,4
9076.0,0.99502885,0,1.0056925,0.2905756073232801,4
9078.0,0.9999931,0,0.9966336,0.6289600416793761,4
9081.0,1.0070777,0,1.0023471,0.4155380357703448,4
9083.0,0.9994469,0,1.0059133,0.282328790607891,4
9085.0,1.0001862,0,0.99838734,0.5634508385970616,4
9090.0,0.99427503,0,1.0016867,0.4402072391198348,4
9104.0,1.0026783,0,1.0002506,0.4938516240929949,4
9109.0,1.0015184,0,1.0011246,0.4612027795156553,4
9110.0,1.0076998,0,1.002452,0.4116194619530974,4
9114.0,0.9979194,0,0.994067,0.7248315124581703,4
9117.0,1.0004408,0,0.9920776,0.7991441478549148,4
9124.0,1.0044048,0,0.99816084,0.5719113957024823,4
9136.0,0.99924475,0,0.9978245,0.584475323004032,4
9150.0,0.99321085,0,0.9966673,0.6276998639631476,4
9159.0,1.0005292,0,0.9986224,0.5546696709065932,4
9164.0,0.9929586,0,0.9993266,0.5283662441583192,4
9167.0,1.0039303,0,1.0018663,0.4334966814577985,4
9172.0,1.0007182,0,0.9970493,0.6134326929285328,4
9179.0,0.99606663,0,1.0008429,0.4717250407999234,4
9183.0,1.0062082,0,1.0024863,0.4103370196129072,4
9184.0,1.0030122,0,0.9964132,0.6371934996203882,4
9188.0,0.99330086,0,0.9991955,0.5332622349674825,4
9192.0,1.0011921,0,1.0003595,0.4897816508328082,4
9193.0,0.99516755,0,0.9971385,0.6100996787214763,4
9194.0,0.9978536,0,0.99859786,0.5555869734138126,4
9199.0,0.99801904,0,0.9981621,0.5718646399921629,4
9202.0,1.0046314,0,1.0013721,0.4519585076467851,4
9216.0,1.0035317,0,0.99499935,0.6900051876573831,4
9219.0,1.0078523,0,1.0021113,0.4243459210095671,4
9225.0,0.9934276,0,0.99823976,0.568963559489962,4
9226.0,1.0012413,0,1.000848,0.4715335650338533,4
9228.0,0.997998,0,0.9940666,0.7248470976949435,4
9234.0,1.0008941,0,1.0033652,0.3775100580438747,4
9235.0,0.9882892,0,0.99771225,0.5886677516960077,4
9244.0,1.0054998,0,1.000753,0.4750825460933378,4
9248.0,0.99601644,0,0.9983539,0.5646998840013091,4
9250.0,1.0047151,0,0.99791646,0.5810398915267521,4
9251.0,0.9880275,0,1.0008267,0.4723306385716799,4
9258.0,1.0016605,0,0.9947803,0.6981874369632834,4
9262.0,0.9967967,0,1.003453,0.3742282524719299,4
9267.0,0.9971539,0,1.0023522,0.4153465600042748,4
9269.0,1.0023878,0,0.99860954,0.5551505867841645,4
9272.0,0.99735135,0,0.9995798,0.5189082318994174,4
9274.0,1.0054386,0,1.0043544,0.3405596881171475,4
9278.0,1.0044609,0,1.0014322,0.4497142335514524,4
9279.0,1.0053009,0,0.9985743,0.5564664260602971,4
9280.0,0.99961317,0,1.0030664,0.3886690875734454,4
9283.0,1.0030055,0,0.9996635,0.515782278695204,4
9297.0,1.0030414,0,1.0026906,0.4027091594436516,4
9306.0,1.0027268,0,0.99892086,0.5435217736890032,4
9310.0,1.0013474,0,0.9977549,0.5870758310827509,4
9313.0,1.0028396,0,0.99409807,0.7236715255497692,4
9318.0,0.99627,0,0.9958683,0.6575455923837175,4
9319.0,1.002359,0,0.9971153,0.6109657725935838,4
9320.0,1.0013201,0,1.0028405,0.3971073800549045,4
9336.0,1.0040348,0,0.99617726,0.6460058377844027,4
9341.0,1.0086883,0,1.0055082,0.2974598290522172,4
9344.0,1.0011315,0,1.0023924,0.4138459243492607,4
9346.0,0.99346566,0,0.9922149,0.7940143784941545,4
9348.0,1.0033007,0,0.99833626,0.5653589168705735,4
9349.0,0.9981929,0,1.0026535,0.4040940190540651,4
9350.0,0.9967029,0,1.0015236,0.4462988402357378,4
9358.0,0.99349624,0,1.0002589,0.493539919357532,4
9364.0,0.99702674,0,0.9947894,0.6978467882166703,4
9365.0,1.0018964,0,0.99471104,0.7007745862676252,4
9369.0,0.9989988,0,0.99284834,0.7703537626101264,4
9371.0,1.003062,0,1.0024447,0.4118910903654292,4
9373.0,1.0058597,0,1.0033301,0.3788192179328187,4
9382.0,1.0000256,0,1.0003413,0.4904629483260342,4
9385.0,0.99518174,0,1.0025876,0.4065564864642218,4
9386.0,0.99630356,0,0.99982774,0.5096461483313778,4
9387.0,1.0071077,0,0.99800587,0.577700197932507,4
9388.0,0.99677503,0,0.99223894,0.7931171141485006,4
9406.0,0.98057175,0,0.9867005,1.0,4
9411.0,0.99939847,0,1.0006672,0.478288651943813,4
9415.0,1.0041829,0,0.99825805,0.5682800355343398,4
9435.0,1.0055941,0,0.99968547,0.5149607140710197,4
9442.0,0.99676466,0,1.0025653,0.407389183400387,4
9446.0,1.0022413,0,1.0003401,0.4905074775739575,4
9455.0,0.9921896,0,0.9986793,0.5525456257806534,4
9460.0,1.0039324,0,0.99687713,0.6198627163286525,4
9469.0,1.0007257,0,1.0009209,0.4688128279857417,4
9470.0,1.0025274,0,0.9944923,0.7089457032615447,4
9471.0,1.0060638,0,0.9984585,0.5607924424960424,4
9474.0,1.0012778,0,0.9970822,0.6122036856858506,4
9490.0,1.0020989,0,0.9989383,0.5428694202069274,4
9491.0,0.997928,0,0.99913657,0.5354642062772881,4
9492.0,0.999462,0,1.0001837,0.4963497149014901,4
9493.0,1.0070275,0,1.0043327,0.341370120429351,4
9501.0,1.002757,0,1.0081215,0.1998428117548308,4
9502.0,0.9987015,0,1.0022504,0.4191493577769218,4
9515.0,0.9980092,0,1.0001743,0.4967014959600839,4
9524.0,1.0000666,0,1.0022156,0.4204496118162812,4
9527.0,0.9997324,0,0.9976215,0.5920586539253645,4
9531.0,1.0011288,0,0.99646586,0.6352253068621798,4
9539.0,1.0014982,0,0.9971118,0.6110971338749573,4
9550.0,1.0021911,0,1.0056674,0.2915107215296687,4
9559.0,1.0022513,0,1.0011178,0.4614565962288179,4
9561.0,0.9953809,0,1.0076208,0.218545095882603,4
9568.0,1.0002095,0,1.0034388,0.3747581505222167,4
9570.0,1.0059006,0,0.998972,0.5416114689530951,4
9576.0,1.00394,0,0.99668723,0.626956225522829,4
9582.0,1.0020485,0,0.9989102,0.5439203104579164,4
9583.0,0.9996343,0,1.0032744,0.3808987338108353,4
9585.0,0.99829614,0,1.0022471,0.419274039671107,4
9593.0,1.0039995,0,1.0025805,0.4068192090269691,4
9599.0,1.0027392,0,0.9992487,0.5312762305101049,4
9600.0,0.99515766,0,0.9944638,0.7100099522869108,4
9603.0,1.0039278,0,0.99835944,0.564492822998466,4
9608.0,0.9994527,0,1.0014044,0.4507517650280646,4
9609.0,0.9993519,0,0.99998003,0.5039575369091804,4
9617.0,1.0076573,0,1.0024976,0.4099184446824285,4
9622.0,1.0065455,0,1.0036045,0.3685685850608826,4
9631.0,0.9989176,0,0.9955187,0.6706060207996116,4
9641.0,1.0012978,0,0.9995791,0.5189349494481713,4
9642.0,1.0067472,0,1.0050713,0.3137797984160946,4
9660.0,0.99713856,0,0.99245924,0.7848881091322808,4
9662.0,1.0029267,0,0.9967058,0.6262637957176223,4
9675.0,0.9962063,0,0.9969654,0.6165653255199346,4
9676.0,1.0062262,0,1.002689,0.4027670474659518,4
9677.0,0.9964197,0,1.0018835,0.4328554602877035,4
9679.0,0.9942693,0,0.9963759,0.6385850386179903,4
9682.0,1.0054144,0,1.0028017,0.3985590335372031,4
9683.0,1.0007895,0,0.9982306,0.5693064346989711,4
9689.0,1.0026983,0,0.99929345,0.5296041572505861,4
9699.0,0.99578357,0,1.0014368,0.4495405694845517,4
9703.0,1.0012714,0,0.9978941,0.5818748149253133,4
9704.0,1.0074776,0,1.0054976,0.2978561393587343,4
9712.0,1.0010884,0,0.99690306,0.6188942051863215,4
9721.0,1.007284,0,0.9987449,0.5500942906824775,4
9722.0,1.0042042,0,0.9998409,0.5091541001418256,4
9725.0,1.0008161,0,0.9975816,0.5935481572683978,4
9735.0,0.99200904,0,0.99770266,0.58902621214179,4
9737.0,0.99972624,0,0.99902093,0.539783543325845,4
9743.0,0.9970388,0,0.998297,0.5668261555896452,4
9745.0,1.0105145,0,0.99816805,0.5716419937525465,4
9751.0,0.99749696,0,1.0026768,0.4032212457947691,4
9758.0,1.0058632,0,0.9987653,0.5493328405429896,4
9763.0,0.99799544,0,1.0023388,0.4158497405058077,4
9774.0,1.0016007,0,0.9995919,0.5184562600329962,4
9778.0,1.0035263,0,1.0010016,0.4657981979013366,4
9779.0,1.0055197,0,0.9972477,0.606020799611705,4
9782.0,1.0005099,0,0.99748814,0.5970392503055819,4
9785.0,1.0026745,0,1.0013893,0.45131728647669,4
9787.0,1.0035208,0,1.0041541,0.3480406017682564,4
9788.0,1.001691,0,0.9943143,0.7155939199764886,4
9789.0,1.0010802,0,0.996019,0.6519170954462165,4
9791.0,1.0029479,0,1.0035107,0.3720730368724437,4
9792.0,1.0056353,0,1.0021482,0.4229699672487381,4
9803.0,1.0030278,0,1.0005877,0.4812587527802949,4
9805.0,1.0063787,0,1.0032135,0.3831741783797142,4
9808.0,1.0022767,0,0.9991242,0.5359250839932939,4
9810.0,0.99682957,0,0.994435,0.7110853336242577,4
9814.0,0.993901,0,1.0004065,0.4880271984646315,4
9818.0,0.99874437,0,1.000415,0.4877110408043763,4
9819.0,1.0076706,0,0.9984716,0.5603026207688866,4
9826.0,0.99644,0,0.99933064,0.5282148447153802,4
9828.0,0.99858755,0,0.99793667,0.5802851207744526,4
9845.0,1.0049996,0,1.0035048,0.37229568311206,4
9860.0,1.0000755,0,0.99748504,0.5971550263501825,4
9862.0,0.9975439,0,1.0033118,0.379504968350837,4
9874.0,1.0076548,0,0.99945337,0.5236305586416798,4
9880.0,1.0000826,0,0.9972201,0.6070516517011286,4
9888.0,0.99765235,0,1.0018716,0.4333007527669361,4
9889.0,0.99433315,0,0.9938337,0.7335458862767537,4
9901.0,1.0027043,0,1.0011864,0.4588961644732301,4
9910.0,0.99910885,0,1.003393,0.3764680736424702,4
9911.0,1.0047363,0,1.0016576,0.4412937527691626,4
9919.0,1.010112,0,0.9960881,0.6493366255290631,4
9921.0,0.996303,0,1.0011,0.462124534947667,4
9926.0,0.9984128,0,1.0004199,0.487528470887891,4
9935.0,0.9975753,0,1.0001698,0.4968707071021924,4
9936.0,0.99749607,0,0.9993531,0.5273754683920266,4
9940.0,0.9994002,0,0.99628747,0.6418891088138967,4
9946.0,1.006929,0,1.0088943,0.1709745003261767,4
9948.0,1.0088428,0,1.0036938,0.3652333443914298,4
9949.0,1.0008092,0,1.0035717,0.3697931393787724,4
9951.0,1.0018028,0,0.9997262,0.5134400402544401,4
9958.0,1.0014485,0,0.9982163,0.5698407856740504,4
9959.0,1.0030923,0,1.001307,0.4543898045833955,4
9960.0,1.0036429,0,0.99973404,0.5131461472181466,4
9962.0,1.0013794,0,0.99806315,0.575560567569794,4
9966.0,1.0057949,0,1.0003484,0.4901957728384947,4
9967.0,1.0000226,0,1.0049112,0.3197600764121894,4
9968.0,1.0030365,0,1.0014814,0.4478751756122214,4
9975.0,1.001995,0,0.9956682,0.6650220531100339,4
9984.0,1.0009025,0,0.99743205,0.5991343514203717,4
9989.0,1.0020972,0,1.0015792,0.4442237772825136,4
10003.0,1.0036842,0,1.0023146,0.41675368423865,4
10007.0,1.0053911,0,1.0052377,0.3075635154060065,4
10016.0,1.0045962,0,1.0010996,0.4621378937220439,4
10024.0,0.9994372,0,1.0012714,0.4557212290963012,4
10028.0,1.0024492,0,0.9969465,0.6172711140995184,4
10031.0,1.003078,0,1.0052714,0.3063033376897781,4
10035.0,1.000383,0,1.0037053,0.3648058636113666,4
10041.0,0.9920483,0,1.0045143,0.3345838630458451,4
10043.0,1.0037751,0,1.003158,0.3852492413329385,4
10046.0,1.0043021,0,0.99436516,0.7136947475525612,4
10048.0,1.006529,0,0.99871343,0.5512698628276518,4
10056.0,0.99625593,0,1.0008161,0.4727269488781969,4
10057.0,1.0070556,0,1.0008987,0.4696410719971144,4
10058.0,1.0051776,0,0.9962163,0.6445475049149157,4
10071.0,0.99968135,0,1.0028843,0.3954731566561207,4
10072.0,1.0040787,0,0.9994146,0.525077759199186,4
10074.0,0.9982803,0,1.0076394,0.2178504396150001,4
10078.0,0.99931246,0,1.0048727,0.3211983711201109,4
10080.0,1.0087011,0,0.99282366,0.771275518042138,4
10082.0,0.9992072,0,1.0005752,0.4817263098834892,4
10087.0,0.9989381,0,0.9954698,0.6724317199644656,4
10100.0,0.9942372,0,0.99659127,0.6305408299806521,4
10109.0,0.9935758,0,1.0021054,0.4245685672491834,4
10113.0,1.0043546,0,1.0066112,0.256256915948818,4
10116.0,0.9934853,0,1.001858,0.4338083861932613,4
10118.0,0.9932501,0,0.9951076,0.6859619319459505,4
10120.0,1.0045741,0,0.99809855,0.574238048906473,4
10123.0,1.0071478,0,0.99836236,0.5643837263410539,4
10126.0,0.9989853,0,1.0006006,0.4807778369027236,4
10136.0,1.0035638,0,1.002184,0.4216296368862477,4
10141.0,1.0041792,0,1.002758,0.4001888040111946,4
10171.0,1.0026269,0,1.0073059,0.2303097231839302,4
10176.0,1.0044484,0,1.0037805,0.3619960680674083,4
10179.0,1.0008743,0,1.000036,0.5018668887191831,4
10182.0,0.99662006,0,1.0022479,0.4192428691975607,4
10183.0,1.0009669,0,0.999126,0.5358582901214091,4
10186.0,1.0022849,0,0.9970887,0.6119610012846688,4
10187.0,1.000613,0,1.0038846,0.3581086647237071,4
10198.0,0.99584484,0,0.9943929,0.7126594425383452,4
10199.0,1.0078413,0,1.0022273,0.4200132251866332,4
10207.0,1.001493,0,0.99761736,0.5922122798306998,4
10210.0,1.006099,0,1.0042155,0.3457473455002081,4
10225.0,1.0050844,0,1.0014068,0.450662706532218,4
10226.0,0.99913484,0,1.0008246,0.4724107912179417,4
10231.0,1.0042822,0,1.0010848,0.4626900563962924,4
10241.0,0.9947713,0,1.0024738,0.4108045767161016,4
10247.0,0.9968484,0,1.0048451,0.3222269967471384,4
10248.0,0.9990859,0,1.0021027,0.4246665315946146,4
10252.0,1.000444,0,1.0031838,0.3842829566530036,4
10258.0,0.99953425,0,0.9998564,0.5085752199188232,4
10261.0,1.0067692,0,0.99954236,0.5203064502842079,4
10262.0,1.0002961,0,1.0018289,0.4348948998425891,4
10265.0,1.007071,0,1.0018144,0.4354381566672529,4
10273.0,0.99821264,0,1.0052674,0.3064547371327172,4
10281.0,1.0079577,0,1.0022305,0.4198929962172404,4
10282.0,1.0077107,0,0.99822664,0.5694533812171179,4
10288.0,0.99693227,0,0.9965931,0.630471809646371,4
10289.0,1.0002122,0,0.9943021,0.716050344767702,4
10293.0,1.0000226,0,1.0037919,0.361568587287345,4
10295.0,1.0011322,0,1.0009552,0.4675303856455516,4
10309.0,0.9911943,0,0.9995878,0.5186098859383315,4
10314.0,1.0038221,0,1.0020044,0.4283401945482842,4
10318.0,0.99970275,0,0.99989086,0.5072883246538408,4
10321.0,1.0012861,0,0.9943732,0.7133941751290791,4
10323.0,1.0001999,0,0.9971553,0.6094718163257582,4
10325.0,0.9932056,0,0.99999696,0.50332522158867,4
10326.0,1.0066028,0,0.9972597,0.6055732806700761,4
10336.0,0.998707,0,0.99654734,0.6321817327666244,4
10339.0,0.9852813,0,0.9963634,0.6390525957211846,4
10340.0,0.9992751,0,0.99697244,0.6163026029571874,4
10345.0,0.9982263,0,1.0002517,0.4938115477698639,4
10347.0,1.0037775,0,0.9986417,0.5539482970902363,4
10364.0,1.0066084,0,1.0030253,0.3902053466267982,4
10365.0,1.0045747,0,1.0039526,0.3555660446672886,4
10370.0,1.0032157,0,0.9972351,0.6064905831772954,4
10372.0,1.0023497,0,1.0015244,0.4462676697621915,4
10384.0,1.0007294,0,0.99537677,0.6759072277648767,4
10387.0,1.0090144,0,1.0039672,0.3550227878426247,4
10393.0,1.0020617,0,0.99909824,0.5368958215980211,4
10394.0,1.0001618,0,1.0002236,0.4948579850960607,4
10401.0,0.9961296,0,0.9969152,0.6184400068575042,4
10415.0,0.9997774,0,1.0079732,0.2053822501964852,4
10422.0,0.99778277,0,0.9962611,0.6428732051930008,4
10423.0,1.0065334,0,1.0040208,0.3530189716860776,4
10424.0,1.0094697,0,1.0009907,0.4662034140574382,4
10434.0,1.0056765,0,1.0052152,0.3084051181917563,4
10439.0,1.0068249,0,0.9984069,0.5627205589311199,4
10441.0,1.0048053,0,1.0029683,0.3923338446775303,4
10442.0,1.0051819,0,0.99400383,0.7271915625981036,4
10450.0,0.9998039,0,0.9971683,0.6089864475233946,4
10457.0,1.0013323,0,0.9986764,0.5526524959756692,4
10458.0,1.0025398,0,1.0039445,0.3558688435531668,4
10459.0,0.97987074,0,1.0003299,0.4908904291060976,4
10471.0,0.9995939,0,0.9999568,0.5048258572436841,4
10472.0,0.9955658,0,0.99826175,0.5681419948657778,4
10473.0,1.003509,0,0.9995401,0.5203910558552621,4
10475.0,1.0035025,0,0.99684435,0.6210872706465425,4
10477.0,0.9968619,0,0.99687546,0.6199250572757451,4
10484.0,1.0033302,0,0.99818546,0.5709918667328668,4
10489.0,1.0042262,0,1.0048817,0.3208599488358941,4
10491.0,1.0028219,0,1.0013895,0.4513083806271054,4
10498.0,1.0008522,0,0.9972627,0.6054597310878718,4
10499.0,1.0030131,0,1.0017885,0.4364044413471879,4
10502.0,1.0068094,0,1.0036824,0.3656608251714932,4
10507.0,1.0044894,0,1.0010884,0.4625564686525226,4
10514.0,1.0017585,0,0.99808204,0.5748547789902103,4
10524.0,1.0014935,0,0.9968198,0.6220045731537618,4
10525.0,1.0004526,0,1.0076975,0.2156818652411369,4
10535.0,1.0012441,0,1.0035862,0.3692543354789009,4
10542.0,1.0016887,0,0.9976507,0.5909676873512445,4
10550.0,1.0017122,0,1.0026965,0.4024865132040353,4
10562.0,1.00599,0,0.9999341,0.5056741394166223,4
10566.0,1.0037524,0,0.9917645,0.8108397548219609,4
10575.0,1.001938,0,0.9908485,0.8450560289261995,4
10577.0,1.004494,0,1.001404,0.4507651238024415,4
10578.0,1.0043412,0,0.996319,0.6407113102063262,4
10580.0,1.0068486,0,1.0034155,0.3756309237815127,4
10584.0,1.0057049,0,1.0028528,0.3966487288012948,4
10585.0,0.9877843,0,0.99804586,0.5762062416646814,4
10587.0,1.0011791,0,0.99797326,0.5789180728632084,4
10592.0,1.0083803,0,1.0071406,0.2364814769460951,4
10594.0,1.0039779,0,0.9963965,0.6378169090913139,4
10595.0,0.9984585,0,0.9998488,0.5088602071055321,4
10600.0,0.9992958,0,1.0036634,0.3663688402134732,4
10605.0,1.0052127,0,1.0010059,0.4656378926088128,4
10607.0,0.99464417,0,0.99894065,0.542782588173477,4
10620.0,1.0027236,0,1.0005374,0.4831378870426568,4
10621.0,0.99947405,0,0.99750775,0.5963067441772443,4
10623.0,0.9994798,0,0.99662167,0.6294053341586088,4
10627.0,1.0059924,0,1.0006818,0.4777453951191491,4
10628.0,0.99820065,0,1.0016638,0.4410622006799616,4
10630.0,0.99933076,0,1.0028728,0.395900637436184,4
10632.0,1.0021168,0,1.0026143,0.4055590313107406,4
10648.0,0.992596,0,1.0010464,0.4641238981794217,4
10650.0,1.0015,0,0.9958389,0.6586454648074221,4
10658.0,0.9999055,0,1.0015202,0.4464279750547153,4
10661.0,1.0007317,0,0.997066,0.6128070569952109,4
10665.0,1.0022435,0,1.0020676,0.4259801444083509,4
10667.0,1.0088362,0,1.0058175,0.2859044892161294,4
10670.0,1.0013778,0,1.0047454,0.3259540947983159,4
10680.0,0.9958221,0,1.0020983,0.4248312898119307,4
10682.0,1.0021954,0,1.0039328,0.3563052301828148,4
10694.0,1.0032233,0,1.0011367,0.4607530341116304,4
10699.0,1.0053843,0,1.0030164,0.3905393159862226,4
10702.0,0.9958358,0,0.99270546,0.77569059297373,4
10714.0,0.9983074,0,1.00233,0.4161792569404399,4
10716.0,1.0037656,0,0.9932509,0.7553162355864391,4
10724.0,1.0020337,0,1.0043193,0.3418688480060916,4
10727.0,0.99737597,0,0.9984356,0.5616474040561692,4
10739.0,1.0076101,0,1.0030303,0.3900183237855203,4
10747.0,1.0014315,0,1.0087928,0.1747683922492391,4
10752.0,0.9993149,0,0.9933223,0.7526489336358353,4
10757.0,0.99841434,0,1.0003393,0.4905386480475038,4
10765.0,0.9944174,0,0.99864805,0.553712292076243,4
10766.0,0.99711967,0,0.99392724,0.7300525667771733,4
10767.0,1.0036603,0,0.9998501,0.5088112249328165,4
10770.0,1.0015203,0,0.98949313,0.8956835573525581,4
10781.0,1.0033864,0,0.99990016,0.5069409965200393,4
10782.0,1.0032786,0,0.9988975,0.5443945469482994,4
10789.0,0.99570954,0,0.99067235,0.8516352253068622,4
10795.0,0.99873596,0,0.9999337,0.5056874981909993,4
10796.0,1.002013,0,0.99689686,0.6191257572755224,4
10797.0,1.00617,0,0.99634594,0.6397049492032605,4
10798.0,0.99989676,0,1.0004364,0.4869095143417575,4
10802.0,1.0002573,0,0.9979331,0.5804187085182224,4
10810.0,1.0055615,0,0.99681723,0.6221003110367967,4
10825.0,1.0015107,0,0.998579,0.5562905355310002,4
10837.0,0.9975634,0,1.0017687,0.4371436268627141,4
10841.0,1.0036722,0,0.9983373,0.5653188405474425,4
10842.0,1.0028124,0,1.0050224,0.3156054975809486,4
10843.0,0.9994572,0,0.99697846,0.6160777302551749,4
10844.0,1.0006343,0,1.0037894,0.3616620987079838,4
10851.0,1.0032206,0,1.0006326,0.4795800001335877,4
10862.0,1.0036343,0,1.0034703,0.3735825783770424,4
10864.0,1.0025222,0,0.9915503,0.8188394342113758,4
10872.0,1.008446,0,1.0002261,0.4947644736754218,4
10873.0,0.99865913,0,1.0010992,0.462151252496421,4
10874.0,1.0014672,0,0.99770546,0.5889215684091704,4
10877.0,0.9981334,0,0.99669474,0.6266756912609124,4
10879.0,0.998738,0,0.99695605,0.6169148801161323,4
10881.0,0.9999893,0,1.0034276,0.3751767254526954,4
10888.0,0.997971,0,0.9997477,0.5126362873294251,4
10890.0,1.006591,0,0.9998283,0.5096261101698123,4
10894.0,0.98879933,0,1.0031025,0.3873198513613705,4
10895.0,0.99713004,0,0.998199,0.5704864597689377,4
10900.0,1.0059292,0,0.9979992,0.5779495617208773,4
10907.0,1.0060377,0,1.0024701,0.4109426173846636,4
10918.0,1.0008078,0,1.0039939,0.3540253326891436,4
10943.0,1.001099,0,1.0014533,0.4489260658632106,4
10946.0,0.9879392,0,0.99630547,0.6412167171702554,4
10952.0,0.999373,0,0.9969068,0.6187539380553633,4
10955.0,1.006563,0,0.996312,0.6409718063066774,4
10956.0,1.0058672,0,1.0002223,0.4949069672687763,4
10962.0,1.0020775,0,0.992155,0.7962519732022986,4
10968.0,0.9942894,0,0.99705315,0.6132879728727821,4
10969.0,1.0024086,0,0.9967494,0.6246340252436307,4
10970.0,1.0039965,0,0.9976579,0.5906982854013088,4
10977.0,1.0071089,0,1.0000921,0.4997695611419971,4
10988.0,0.99771065,0,1.0033232,0.3790774875707736,4
10989.0,0.99911517,0,0.9977165,0.5885096728658801,4
10992.0,1.0055437,0,1.0043386,0.3411474741897347,4
10994.0,0.99732274,0,0.9980567,0.5758010255085797,4
10995.0,0.99743855,0,0.99723554,0.6064749979405223,4
11009.0,1.0035089,0,0.9994711,0.5229670728476231,4
11010.0,0.98559433,0,1.003075,0.3883484769883979,4
11011.0,1.0032483,0,1.0003508,0.4901067143426481,4
11016.0,0.99469066,0,1.0004253,0.4873236363474439,4
11019.0,1.0043178,0,1.0008062,0.47309654163596,4
11020.0,0.98476994,0,1.0032849,0.3805068764291105,4
11023.0,1.0049226,0,1.0037255,0.364048866396671,4
11027.0,1.0003635,0,0.99750334,0.5964715023945604,4
11028.0,0.99976057,0,1.0094723,0.1493867209329767,4
11037.0,0.9990182,0,0.9958833,0.6569867503222804,4
11039.0,1.0013494,0,0.9913876,0.8249176765529018,4
11040.0,1.0059807,0,1.005672,0.2913415103875603,4
11046.0,1.0077019,0,1.0071692,0.2354127749959367,4
11047.0,1.0047711,0,1.0019001,0.4322365037415701,4
11048.0,0.9950353,0,1.0012649,0.4559616870350867,4
11057.0,1.0026311,0,1.00248,0.4105730246269006,4
11058.0,0.99534273,0,0.9977531,0.5871426249546359,4
11065.0,1.0044023,0,1.0051432,0.3110946847663216,4
11067.0,0.9984952,0,0.9980031,0.5778026152027305,4
11075.0,1.0005344,0,0.9916025,0.816891279614733,4
11078.0,1.000114,0,0.9974482,0.5985309801110115,4
11096.0,0.9945128,0,0.9964281,0.6366368840213473,4
11107.0,1.0012369,0,1.0018854,0.4327842134910262,4
11115.0,1.0046145,0,1.0003861,0.4887886486041194,4
11131.0,0.9991374,0,0.99943,0.5245033319009759,4
11141.0,1.0006022,0,0.9942139,0.7193455091140238,4
11147.0,0.99231863,0,1.0021136,0.4242613154385128,4
11150.0,0.9984081,0,0.9977795,0.5861563021131355,4
11158.0,1.005437,0,1.0011858,0.4589184290971917,4
11159.0,0.981545,0,1.0072734,0.2315209187274431,4
11165.0,0.9984425,0,1.0004224,0.4874349594672521,4
11178.0,1.0036567,0,0.99855924,0.5570297210465264,4
11182.0,1.0016787,0,0.99732345,0.6031909659061814,4
11184.0,1.0001763,0,0.9942329,0.7186352676096477,4
11188.0,1.0061287,0,1.0029156,0.3943020374357388,4
11189.0,0.9932308,0,1.005696,0.2904420195795103,4
11190.0,0.9992163,0,1.0013441,0.4530049449729818,4
11193.0,1.0030087,0,1.0057517,0.2883625037014937,4
11201.0,0.9986346,0,1.0003546,0.4899642207492937,4
11202.0,0.99866885,0,1.0024526,0.4115971973291357,4
11203.0,1.0072426,0,1.0028292,0.3975304079101756,4
11215.0,0.99928385,0,0.9976551,0.5908029291339284,4
11221.0,0.9925649,0,1.00186,0.4337326864717918,4
11227.0,1.0017821,0,0.99776775,0.5865949152051797,4
11238.0,0.99794674,0,1.0046744,0.3286035850497503,4
11243.0,0.9924034,0,0.99978894,0.51109557535128,4
11249.0,0.9993883,0,1.0058677,0.2840298078785598,4
11250.0,1.0048862,0,0.9962655,0.642710673438081,4
11258.0,1.001683,0,1.001665,0.4410176714320383,4
11261.0,1.0012289,0,1.0019898,0.428883451372948,4
11262.0,1.0000628,0,1.0069298,0.2443587009037211,4
11268.0,1.0057417,0,1.0039873,0.3542702435527215,4
11276.0,0.9997656,0,0.9967977,0.6228305907027383,4
11290.0,1.0028446,0,1.0014919,0.4474833182304967,4
11295.0,1.0058787,0,1.0047208,0.3268713973055351,4
11297.0,1.0017339,0,1.0084311,0.1882785660691583,4
11303.0,0.99948364,0,0.99431497,0.7155694288901308,4
11307.0,0.9919026,0,0.99998134,0.5039085547364648,4
11309.0,1.0059599,0,0.99968404,0.5150141491685276,4
11316.0,1.0030231,0,1.001577,0.4443039299287754,4
11321.0,0.9989119,0,0.99815714,0.5720494363710444,4
11325.0,1.001448,0,1.005793,0.2868217917233486,4
11334.0,1.0057878,0,0.99877757,0.54887418928938,4
11335.0,0.9990381,0,0.99932396,0.5284642085037505,4
11347.0,1.0088843,0,1.0001192,0.4987587472141389,4
11348.0,0.9987094,0,0.9988282,0.5469839227150373,4
11350.0,0.99320877,0,1.0027238,0.4014667934265924,4
11354.0,0.9968883,0,1.0000479,0.5014215962399503,4
11357.0,0.99904686,0,1.0004582,0.4860946291047617,4
11358.0,1.0052122,0,1.0011137,0.4616124485965494,4
11359.0,1.0023522,0,1.0061337,0.2740953326668789,4
11362.0,1.0016001,0,1.0050788,0.313499264154178,4
11369.0,1.0034977,0,1.0023876,0.4140240413409537,4
11381.0,1.0004654,0,0.998291,0.5670488018292614,4
11399.0,1.0079195,0,1.0036083,0.3684260914675281,4
11411.0,1.0017638,0,1.0041147,0.3495100669497243,4
11417.0,1.0039306,0,0.99974144,0.5128700658810224,4
11427.0,0.9955458,0,0.99942243,0.5247860926252885,4
11430.0,1.0024511,0,0.99659085,0.6305564152174252,4
11436.0,0.9953508,0,0.99969864,0.5144686658814677,4
11438.0,1.003606,0,1.0053523,0.3032842546805806,4
11450.0,1.0074669,0,1.0011677,0.4595952736656254,4
11451.0,1.0023205,0,1.0020603,0.4262517728206829,4
11465.0,0.9943692,0,0.993808,0.7345077180318963,4
11472.0,1.0043577,0,0.9967433,0.6248611244080393,4
11473.0,0.9993996,0,0.9965759,0.6311152572788622,4
11475.0,1.0061169,0,0.9976766,0.5899991762089134,4
11480.0,0.99953425,0,0.9980076,0.5776356305230184,4
11484.0,1.0068098,0,1.0024419,0.4119979605604451,4
11487.0,1.0004296,0,1.0060024,0.2789980028632306,4
11494.0,0.9985198,0,0.99867547,0.5526881193740079,4
11495.0,0.9892512,0,0.9973398,0.6025809152096326,4
11508.0,1.0042007,0,0.9931862,0.7577341737486725,4
11510.0,1.000243,0,1.0017109,0.4393032953869925,4
11513.0,1.006744,0,1.0010704,0.463228860296164,4
11515.0,0.9912574,0,1.0005736,0.4817841979057895,4
11522.0,0.9933248,0,1.0003389,0.4905520068218808,4
11541.0,1.0026991,0,1.0002897,0.4923910647611117,4
11545.0,0.9999764,0,1.0035483,0.3706703655628608,4
11566.0,0.9972815,0,1.0002872,0.4924845761817505,4
11569.0,0.99765456,0,0.9970886,0.611963227747065,4
11570.0,0.9826541,0,0.999966,0.5044807555722788,4
11571.0,1.0026023,0,1.0035913,0.3690628597128309,4
11572.0,0.99757373,0,1.0006565,0.4786894151751224,4
11574.0,1.0095537,0,0.9981312,0.5730179475133754,4
11576.0,0.9976595,0,1.0004027,0.488169692057986,4
11581.0,1.0017287,0,1.0048878,0.3206328496714854,4
11583.0,1.0012248,0,1.0018282,0.434921617391343,4
11587.0,1.0056951,0,1.0048819,0.3208554959111018,4
11590.0,1.0017077,0,0.9993519,0.5274199976399498,4
11591.0,1.005393,0,1.0019109,0.4318312875854683,4
11595.0,0.99986124,0,1.00315,0.3855475872940244,4
11598.0,1.0040244,0,1.001991,0.4288389221250247,4
11600.0,1.0017664,0,1.001078,0.4629438731094552,4
11601.0,1.0031018,0,1.0047163,0.3270406084476436,4
11608.0,1.0044737,0,0.99514824,0.684443484591767,4
11610.0,1.0083928,0,0.99897796,0.5413888227134788,4
11611.0,1.0084918,0,1.0066803,0.2536786724940609,4
11612.0,1.001407,0,0.9995843,0.5187390207573089,4
11614.0,1.0078155,0,1.0011821,0.4590564697657538,4
11615.0,0.9995626,0,1.0051882,0.3094114791948221,4
11628.0,1.0005813,0,0.99636894,0.6388455347183414,4
11638.0,0.99913484,0,0.9964539,0.6356728258038086,4
11643.0,1.0003574,0,1.0013764,0.4517982023542614,4
11644.0,1.003333,0,0.9973752,0.6012583965463115,4
11649.0,1.0034314,0,0.99921495,0.5325364082263333,4
11651.0,0.99388546,0,0.99829465,0.5669129876230956,4
11660.0,1.0006591,0,0.99375576,0.7364580990909354,4
11671.0,0.99873596,0,0.9951199,0.6855010542299446,4
11674.0,0.9998048,0,0.99987644,0.5078271285537124,4
11690.0,1.0002005,0,0.99741095,0.5999225191086135,4
11692.0,0.9803468,0,0.99874127,0.5502301048886435,4
11698.0,1.0029953,0,1.0002775,0.492845263089929,4
11705.0,1.0042558,0,0.99959797,0.5182291608685875,4
11715.0,0.997993,0,1.0023682,0.414749868082103,4
11718.0,1.0014001,0,1.0034882,0.3729146396581935,4
11719.0,1.0068706,0,1.0046548,0.3293383176404841,4
11720.0,0.9885563,0,1.0024712,0.4109025410615328,4
11725.0,0.99889165,0,1.0008273,0.4723083739477182,4
11726.0,0.9994557,0,0.9978284,0.5843283764858853,4
11733.0,1.0013825,0,1.0025154,0.4092505059635795,4
11742.0,1.0049791,0,1.0004845,0.4851149856504498,4
11743.0,1.0025601,0,0.9995604,0.5196318321781704,4
11750.0,1.0007755,0,0.99622,0.6444094642463536,4
11752.0,1.0031193,0,1.006145,0.2736723048116078,4
11768.0,1.0049781,0,0.9964806,0.6346753706503274,4
11773.0,1.001042,0,1.0034854,0.373017056928417,4
11774.0,1.0041717,0,0.9979656,0.5792052865123134,4
11778.0,1.0031817,0,1.0069101,0.245093433494455,4
11781.0,0.99893534,0,0.99972624,0.5134378137920439,4
11782.0,1.0005825,0,1.0024842,0.4104171722591692,4
11786.0,0.9990403,0,1.0017754,0.4368942630743437,4
11792.0,0.9987512,0,1.000832,0.4721347098808175,4
11793.0,0.9958318,0,1.000248,0.493949588438426,4
11797.0,0.99904484,0,0.9984688,0.5604072645015061,4
11803.0,0.999055,0,1.0067049,0.2527569170620493,4
11804.0,1.0034083,0,1.0054996,0.2977804396372647,4
11806.0,1.00459,0,1.0022049,0.4208503750475906,4
11816.0,1.006359,0,0.99623275,0.6439330012935747,4
11825.0,1.0015743,0,1.000751,0.4751582458148072,4
11837.0,1.0048633,0,1.0022073,0.4207613165517441,4
11841.0,1.0037364,0,1.0024164,0.4129508864660031,4
11844.0,1.0024703,0,1.0025471,0.4080660279688206,4
11845.0,0.9995561,0,1.0019844,0.4290882859133951,4
11851.0,0.9995764,0,0.9995581,0.5197186642116207,4
11854.0,0.99415934,0,0.999651,0.5162476093360021,4
11855.0,0.9971578,0,1.0063094,0.2675317215229893,4
11868.0,0.99950004,0,1.0039406,0.3560157900713135,4
11871.0,1.0048965,0,1.0014493,0.4490730123813574,4
11872.0,0.9802965,0,0.9956524,0.6656120656450173,4
11875.0,1.0007888,0,1.0044082,0.3385469661110158,4
11884.0,0.9969321,0,1.0024017,0.4134985962154592,4
11885.0,0.9814287,0,1.0024366,0.4121938892513075,4
11888.0,0.99266803,0,1.0004994,0.484558370051409,4
11895.0,0.993812,0,1.001576,0.4443440062519064,4
11898.0,0.999051,0,1.0029484,0.3930774831178488,4
11899.0,0.99836445,0,0.99737215,0.6013719461285159,4
11900.0,0.99810016,0,1.000946,0.4678732608545608,4
11901.0,1.0010315,0,1.0003961,0.4884146029215639,4
11905.0,1.0067047,0,0.99896693,0.541800718256769,4
11906.0,0.9998566,0,0.99895006,0.5424308071148832,4
11907.0,0.9997769,0,1.0029286,0.3938166686333751,4
11909.0,1.001993,0,0.9945978,0.7050048648203356,4
11910.0,0.9811581,0,0.9928999,0.768427872637445,4
11916.0,0.9988748,0,1.0001112,0.4990570931752248,4
11921.0,1.0022792,0,1.0003245,0.4910908107217523,4
11925.0,1.003807,0,1.0024629,0.4112142457969956,4
11929.0,1.00232,0,0.99363333,0.7410312528526549,4
11930.0,1.0004708,0,0.99957275,0.5191709544621645,4
11932.0,1.0024468,0,1.0022659,0.4185704775539194,4
11934.0,1.0115674,0,1.0042791,0.3433694836611057,4
11936.0,0.9958718,0,0.9995894,0.518549771453635,4
11938.0,1.0043364,0,1.0029684,0.3923293917527379,4
11943.0,1.0046322,0,0.99640065,0.6376610567235825,4
11944.0,0.9994348,0,0.99899286,0.540832207114438,4
11957.0,0.99851334,0,0.99864274,0.5539104472295016,4
11967.0,1.0029758,0,1.0052978,0.3053192413106739,4
11969.0,1.006932,0,0.99912214,0.5360030101771596,4
11984.0,0.99834687,0,0.9991548,0.5347829087840621,4
11992.0,1.0003946,0,0.9978813,0.5823535043404884,4
11994.0,1.0004171,0,1.0058227,0.2857130134500593,4
24.0,0.9788004,1,1.0092602,0.157308474138526,5
56.0,0.97710717,1,0.9949792,0.6907577319472863,5
198.0,0.958113,1,0.9975112,0.5961776093582667,5
432.0,0.9560089,1,0.99626845,0.6425993503182728,5
558.0,0.9603676,1,0.9969914,0.6155945879152074,5
592.0,0.9753967,1,1.0010849,0.4626856034715001,5
703.0,0.97063166,1,0.9944816,0.7093442400304579,5
727.0,0.95798546,1,0.99591917,0.6556464199597901,5
764.0,0.9757469,1,0.9962453,0.6434632177279842,5
872.0,0.9757112,1,0.9992252,0.5321534566941932,5
907.0,0.97550386,1,0.9972083,0.6074924912555689,5
1267.0,0.94313085,1,1.0006796,0.477825547765411,5
1299.0,0.97424155,1,1.0027491,0.4005227733706191,5
2398.0,0.93245536,1,0.9946651,0.7024911887750671,5
2563.0,0.9778892,1,1.0022265,0.4200443956601795,5
3109.0,0.97551274,1,0.99534833,0.6769692503278466,5
3180.0,0.9663948,1,1.0045629,0.3327715226553681,5
3325.0,0.977973,1,0.9910616,0.8370941993975193,5
3537.0,0.977067,1,0.9988025,0.5479435280077838,5
4020.0,0.9666159,1,0.99723047,0.6066642472441961,5
4742.0,0.9697218,1,1.0026624,0.4037600496946406,5
4826.0,0.967858,1,1.0000805,0.5002059477716452,5
5039.0,0.96648973,1,1.000565,0.482104808490837,5
5095.0,0.9391741,1,1.0003499,0.4901423377409867,5
5373.0,0.9551717,1,0.99981177,0.5102428402535495,5
5548.0,0.9255142,1,0.9897413,0.8864125679349338,5
5716.0,0.8957746,1,0.9958317,0.6589126402949617,5
5794.0,0.8874112,1,1.0018934,0.4324858675299403,5
6119.0,0.9451729,1,0.99750346,0.5964670494697679,5
6191.0,0.9727357,1,0.99912995,0.5357113436032622,5
6409.0,0.9624293,1,0.9984674,0.5604606995990141,5
6430.0,0.96817946,1,1.0021284,0.4237091527642643,5
6580.0,0.9757446,1,1.0026009,0.4060577588874813,5
6622.0,0.97696483,1,0.9964765,0.6348289965556626,5
6715.0,0.9730246,1,1.0014503,0.4490373889830188,5
7634.0,0.9783466,1,0.9998686,0.5081210215900058,5
8345.0,0.9745201,1,1.0020025,0.4284114413449614,5
8614.0,0.9751759,1,0.99847716,0.5600955597660433,5
8850.0,0.97191817,1,0.9937925,0.7350865982548987,5
9332.0,0.95532686,1,0.99535316,0.6767889068737574,5
9591.0,0.96564114,1,1.0001056,0.4992663806404641,5
9953.0,0.9622113,1,0.9955325,0.6700894815237017,5
10229.0,0.94859785,1,0.99268913,0.7763006436702787,5
10536.0,0.9714879,1,1.0024348,0.4122606831231924,5
11287.0,0.97885114,1,0.9947388,0.6997370547910131,5
11637.0,0.975911,1,1.0017575,0.4375622017931928,5
11761.0,0.97883904,1,0.9988852,0.5448531982019089,5
11950.0,0.9589723,1,0.99832493,0.5657819447258445,5
1.0,0.997321,0,1.0037205,0.3642358892379487,5
16.0,0.9944549,0,0.9984438,0.5613423787078948,5
22.0,0.99897295,0,1.0020235,0.4276277265815119,5
23.0,1.0077842,0,1.0008012,0.4732835644772377,5
35.0,1.0053005,0,1.001578,0.4442683065304368,5
36.0,0.9997657,0,0.9921663,0.7958311718094238,5
46.0,0.99617743,0,1.003327,0.3789349939774192,5
55.0,0.99869174,0,0.9987628,0.5494263519636284,5
60.0,0.9982249,0,1.0009623,0.4672676630828043,5
64.0,0.9993286,0,1.0013715,0.4519807722707467,5
67.0,1.0025737,0,1.0064071,0.2638803231932815,5
69.0,1.0040303,0,0.9992482,0.5312940422092741,5
72.0,1.0032543,0,1.0017308,0.438559656946674,5
73.0,1.0072038,0,1.0014085,0.4506003655851254,5
74.0,1.0020864,0,0.99794334,0.5800357569860823,5
76.0,0.99572283,0,0.9974134,0.5998312341503709,5
81.0,1.0020936,0,1.0075092,0.2227130334882209,5
86.0,0.9989037,0,1.0034367,0.3748383031684786,5
89.0,1.002223,0,0.99450403,0.7085070901695005,5
91.0,1.0027233,0,0.99826753,0.5679260280133498,5
93.0,1.0044816,0,0.99736935,0.6014765898611356,5
96.0,1.0017215,0,1.0058092,0.2862161939515922,5
98.0,1.0058684,0,1.0007397,0.4755812736700783,5
99.0,1.0012949,0,1.0000004,0.5031983132320887,5
101.0,0.99672276,0,1.0019138,0.4317244173904525,5
104.0,0.9963906,0,1.0005137,0.4840240190763298,5
112.0,1.0085336,0,0.99568987,0.6642116207978306,5
121.0,1.0046514,0,1.0031595,0.3851913533106382,5
136.0,0.99836934,0,1.0039668,0.3550361466170016,5
140.0,0.99716747,0,0.9961217,0.6480809007376269,5
146.0,1.0024393,0,1.0019729,0.4295157666934585,5
156.0,1.0030707,0,0.99314004,0.7594574556433029,5
157.0,1.0031095,0,1.0035377,0.3710666758693779,5
163.0,0.99967813,0,0.99957,0.5192733717323881,5
165.0,1.0039473,0,0.9953813,0.6757380166227682,5
174.0,1.0068128,0,1.0040157,0.3532104474521478,5
179.0,1.0034127,0,0.99998707,0.503694814346433,5
180.0,1.0031974,0,1.0046936,0.3278866641581857,5
185.0,1.0013111,0,0.9992898,0.5297399714567521,5
195.0,1.0033495,0,0.9958218,0.659284459515121,5
201.0,1.0015036,0,0.99701416,0.6147440792798731,5
206.0,0.9990444,0,0.99865603,0.553413946115157,5
211.0,1.0041674,0,0.997851,0.5834845472377395,5
215.0,0.9921342,0,0.9965173,0.6333038698142908,5
216.0,0.996635,0,0.99867123,0.5528461982041355,5
217.0,1.0000778,0,1.0039821,0.3544661722435839,5
230.0,0.9986686,0,0.9995655,0.5194425828744965,5
232.0,0.9994435,0,1.0034769,0.3733376675134645,5
234.0,1.0066512,0,1.0030493,0.3893103087435404,5
235.0,1.0017755,0,1.0027974,0.3987193388297269,5
236.0,0.99789673,0,1.0024828,0.410470607356677,5
241.0,0.9972993,0,1.0019405,0.4307269622369712,5
244.0,0.99932384,0,0.99828225,0.5673760918014975,5
246.0,1.0075469,0,0.99092185,0.8423152537165224,5
250.0,0.9978654,0,1.001333,0.4534190669786683,5
251.0,0.9989223,0,1.0003827,0.4889177834230969,5
253.0,1.0059466,0,1.0042598,0.3440908574774626,5
255.0,1.0002578,0,0.9975604,0.594340777881432,5
261.0,1.004203,0,1.0002061,0.4955125650405327,5
262.0,1.0020446,0,0.99957603,0.5190484990303756,5
266.0,0.99938864,0,1.0037223,0.3641690953660638,5
270.0,1.003327,0,1.0002126,0.495272107101747,5
272.0,0.9852723,0,0.9945794,0.7056928417007501,5
274.0,1.0046489,0,1.0013461,0.4529292452515123,5
284.0,0.9952608,0,0.99958056,0.5188792878882672,5
292.0,1.0009358,0,0.9938475,0.73303157346324,5
301.0,0.9974424,0,0.9988044,0.5478722812111065,5
312.0,1.0005857,0,1.0017129,0.439227595665523,5
313.0,1.0087934,0,1.0026587,0.4038980903632028,5
324.0,1.0001489,0,0.9939114,0.7306448057745529,5
328.0,1.003165,0,1.0003369,0.4906277065433503,5
336.0,1.0002567,0,0.99820447,0.5702816252284907,5
338.0,1.0011058,0,0.9984595,0.5607545926353077,5
347.0,0.9975901,0,1.001139,0.4606639756157838,5
349.0,1.0016205,0,1.0015908,0.4437873906528655,5
361.0,0.99978787,0,0.9984889,0.5596569466739991,5
367.0,1.0001547,0,0.9937653,0.7361018651075493,5
369.0,1.0110375,0,1.0043299,0.3414725376995745,5
370.0,0.9959458,0,1.0028629,0.3962702301939471,5
371.0,1.0016193,0,1.0034392,0.3747447917478398,5
378.0,1.0072777,0,1.0056726,0.2913192457635987,5
385.0,1.0041307,0,0.9941066,0.7233531414271179,5
388.0,1.0011142,0,0.9999078,0.5066560093333303,5
389.0,1.0044671,0,0.9983922,0.5632682686805761,5
393.0,1.0029966,0,0.99988157,0.5076356527876422,5
394.0,1.0048717,0,1.0053201,0.3044865443745088,5
414.0,1.0114801,0,0.9996767,0.5152880040432557,5
416.0,0.9994454,0,1.0031538,0.3854050937006699,5
418.0,1.001165,0,1.0008397,0.4718452697693162,5
421.0,1.0014813,0,1.0072545,0.2322289337694231,5
423.0,1.0002923,0,1.0012764,0.4555342062550235,5
434.0,1.0064824,0,1.0009581,0.4674235154505358,5
435.0,0.9941386,0,0.99387455,0.7320207595353818,5
438.0,1.0037246,0,0.99855673,0.5571232324671652,5
448.0,1.0015572,0,0.99869597,0.5519222163097277,5
454.0,0.9978527,0,0.9975855,0.5934034372126472,5
463.0,1.0004994,0,1.0016447,0.4417746686467338,5
465.0,0.9899245,0,0.99610645,0.6486508751110448,5
467.0,1.0053306,0,1.0041722,0.3473637571998228,5
468.0,1.0023123,0,1.0011644,0.4597155026350182,5
470.0,1.0040524,0,0.9950121,0.689528724704604,5
471.0,1.0021956,0,0.9986556,0.5534295313519302,5
472.0,1.0067394,0,1.0027549,0.4003045800557951,5
479.0,1.0037526,0,1.0040417,0.3522397098474205,5
481.0,0.99956745,0,0.9994202,0.5248684717339467,5
482.0,0.9936183,0,0.9982833,0.5673360154783667,5
485.0,0.9979947,0,1.0067037,0.2528014463099726,5
492.0,1.0024631,0,1.0056924,0.2905800602480725,5
499.0,1.0040466,0,1.0045736,0.3323707594240587,5
503.0,0.9983706,0,1.0018758,0.4331449003992047,5
504.0,0.9972374,0,1.0061761,0.2725100914408106,5
520.0,0.9886227,0,1.0018896,0.4326283611232948,5
521.0,1.0036476,0,0.996991,0.6156101731519805,5
534.0,0.9947584,0,0.9963404,0.6399120102061036,5
535.0,1.0044383,0,1.0002288,0.4946665093299907,5
536.0,1.0014054,0,1.001982,0.4291773444092416,5
537.0,1.006147,0,0.9962774,0.6422653809588483,5
539.0,1.0019689,0,1.000979,0.4666442536118786,5
541.0,0.9973596,0,0.99864125,0.5539661087894057,5
543.0,0.998729,0,0.9956396,0.6660885285977962,5
546.0,1.0003643,0,1.0024762,0.410715518220255,5
547.0,0.9999429,0,0.99663556,0.6288865684203027,5
548.0,0.9855891,0,1.000109,0.499141698746279,5
549.0,0.9963713,0,0.9998797,0.5077046731219232,5
554.0,0.9985809,0,0.99450785,0.7083645965761461,5
556.0,0.99452037,0,1.0074253,0.2258478925420188,5
557.0,1.0006748,0,0.9957258,0.662869063972944,5
591.0,0.9874861,0,1.0027586,0.400166539387233,5
606.0,1.000724,0,1.0040292,0.3527072669506148,5
609.0,1.007982,0,0.9955326,0.6700872550613056,5
611.0,1.0003408,0,0.9958991,0.6563967377872971,5
612.0,1.003745,0,0.9995785,0.5189572140721329,5
615.0,0.99958074,0,1.0031998,0.3836862647308318,5
622.0,1.0014185,0,1.0033784,0.3770157833919264,5
627.0,1.0001111,0,1.0028075,0.398340840222379,5
639.0,1.0080105,0,0.9979336,0.580398670356657,5
644.0,1.0034553,0,1.004102,0.3499865299025032,5
649.0,1.0017402,0,0.991256,0.8298337055236306,5
651.0,0.99328846,0,0.99502516,0.6890411294398443,5
652.0,0.99640375,0,0.9999056,0.5067383884419885,5
654.0,0.9973245,0,0.99803746,0.5765201728625404,5
660.0,0.99849385,0,1.0043011,0.3425501454993176,5
665.0,1.0072542,0,1.0045094,0.3347664329623304,5
673.0,1.0026417,0,1.0054146,0.3009553750141936,5
678.0,0.99450094,0,0.9960789,0.6496795007380722,5
680.0,1.0002769,0,1.0020194,0.427779126024451,5
682.0,1.003066,0,1.0001476,0.4976989511135652,5
686.0,0.9997712,0,1.0005447,0.4828662586303248,5
694.0,1.0022868,0,0.99881625,0.5474292151942699,5
699.0,0.9976929,0,0.9935232,0.7451457553607648,5
705.0,1.0042235,0,1.0023228,0.4164464324279795,5
713.0,0.99775213,0,1.000059,0.5010074742342638,5
717.0,1.0023757,0,0.9975636,0.5942205489120391,5
734.0,0.9945872,0,1.0019195,0.4315106770004208,5
745.0,1.0027452,0,0.9913749,0.8253919130432846,5
755.0,1.0004758,0,1.006267,0.2691169627490576,5
756.0,1.0001241,0,1.0050781,0.313525981702932,5
768.0,1.004083,0,0.99755806,0.5944276099148824,5
778.0,1.0025403,0,1.0013342,0.453374537730745,5
795.0,1.0032103,0,0.9994302,0.5244966525137873,5
804.0,0.9969029,0,1.0028685,0.3960609427287077,5
807.0,0.99950415,0,0.9998764,0.5078293550161084,5
811.0,1.001025,0,0.9993516,0.5274311299519308,5
816.0,0.9993872,0,1.0044416,0.3373001471691643,5
819.0,1.0040239,0,1.0025407,0.4083064859076062,5
820.0,1.000725,0,0.996374,0.6386562854146676,5
836.0,1.0026217,0,0.9945198,0.7079170776345173,5
840.0,0.9985255,0,0.9994776,0.5227243884464413,5
848.0,1.0027809,0,0.99553406,0.6700315935014016,5
849.0,1.0065275,0,0.9964401,0.6361871386173223,5
854.0,0.9999904,0,1.0023698,0.4146919800598028,5
863.0,0.9991587,0,1.001145,0.4604413293761675,5
864.0,1.0025808,0,1.0000556,0.5011366090532414,5
874.0,1.0033033,0,1.0014976,0.447269577840465,5
875.0,0.9972501,0,0.9981374,0.5727863954241745,5
897.0,1.000089,0,0.99883276,0.5468124851105327,5
899.0,0.99887884,0,1.0052474,0.3072028284978281,5
904.0,1.0027277,0,1.0000384,0.5017778302233364,5
908.0,0.99739623,0,1.005177,0.3098300541253008,5
909.0,0.99512506,0,0.99696183,0.6166989132637044,5
924.0,1.0042642,0,1.0024635,0.411191981173034,5
937.0,0.99621695,0,1.002685,0.4029184469088909,5
940.0,1.0038693,0,1.0003486,0.4901913199137023,5
942.0,1.004396,0,0.9992743,0.5303188516797546,5
945.0,0.9944798,0,0.9944764,0.7095401687213203,5
955.0,1.0064423,0,0.9967609,0.6242043180011712,5
958.0,1.0007004,0,1.0035878,0.3691919945318084,5
962.0,0.9824397,0,0.9986058,0.5552908539151228,5
975.0,1.0029898,0,0.99786985,0.5827809851205519,5
981.0,1.0064582,0,1.0062722,0.2689210340581952,5
982.0,1.000247,0,1.0041041,0.3499063772562413,5
984.0,0.99648196,0,0.99266595,0.7771667375423863,5
986.0,1.0040295,0,0.9999276,0.5059168238178041,5
1001.0,0.9980303,0,0.9911385,0.8342220629064685,5
1002.0,0.9990064,0,1.0007138,0.4765475583500133,5
1013.0,0.99719375,0,1.0058795,0.2835889683241195,5
1021.0,1.0050911,0,0.99073726,0.8492106077574403,5
1027.0,1.004113,0,1.0044512,0.3369439131857782,5
1031.0,1.0072541,0,1.0040684,0.3512422546939393,5
1032.0,0.9975532,0,1.0039144,0.3569954335256254,5
1046.0,1.000078,0,1.0015705,0.4445488407923534,5
1049.0,1.000954,0,0.9954483,0.6732354728894807,5
1057.0,1.0030942,0,0.9969664,0.6165274756591999,5
1058.0,0.99903435,0,0.992256,0.7924803459031979,5
1067.0,1.0067732,0,0.9976645,0.5904511480753346,5
1076.0,1.0060381,0,1.0047363,0.3262925170825327,5
1090.0,1.0062057,0,1.0043423,0.3410094335211725,5
1091.0,1.0003135,0,1.0000395,0.5017377539002055,5
1105.0,1.0003043,0,1.0018158,0.435384721569745,5
1117.0,0.9982589,0,0.9954706,0.6724027759533155,5
1118.0,0.9999112,0,1.0000008,0.5031805015329194,5
1119.0,1.0022216,0,0.99898297,0.5412017998722011,5
1122.0,1.0016388,0,0.9960573,0.6504877065878796,5
1126.0,0.998268,0,0.9985279,0.5582008402669083,5
1133.0,0.99693614,0,1.0016648,0.441026577281623,5
1137.0,0.997599,0,0.99972075,0.513642648332491,5
1141.0,0.9960018,0,1.0019889,0.4289190747712866,5
1144.0,1.000586,0,0.9960675,0.6501047550557395,5
1149.0,1.0005028,0,0.99793303,0.5804209349806186,5
1153.0,1.000598,0,0.99874574,0.5500631202089312,5
1154.0,0.99369365,0,1.0052383,0.3075412507820448,5
1157.0,0.9996271,0,0.9986786,0.5525701168670112,5
1179.0,1.0072567,0,1.005772,0.2876055064867981,5
1180.0,1.0042214,0,0.99775153,0.5872005129769361,5
1183.0,0.992349,0,1.0042152,0.3457562513497928,5
1200.0,0.99663264,0,1.0015084,0.4468688146091556,5
1212.0,0.99541384,0,1.0052146,0.3084273828157179,5
1223.0,1.003165,0,1.000742,0.4754966680990241,5
1225.0,1.0040771,0,1.0038961,0.3576767310188514,5
1233.0,1.0008038,0,1.0034893,0.3728745633350625,5
1239.0,1.0007759,0,1.001258,0.4562199566730417,5
1240.0,0.9958411,0,1.0032828,0.3805870290753724,5
1245.0,1.0079653,0,0.99889374,0.5445348140792576,5
1249.0,0.9992963,0,1.000148,0.4976811394143958,5
1250.0,1.0059371,0,1.0008583,0.4711506135017133,5
1255.0,1.0007099,0,0.9990662,0.538093658367157,5
1274.0,1.0046204,0,1.0028107,0.3982206112529862,5
1275.0,1.0001179,0,0.99482715,0.696437437519899,5
1279.0,1.0024288,0,0.9936177,0.7416145860004497,5
1281.0,1.0019071,0,1.0087241,0.1773332769296193,5
1290.0,0.9985813,0,0.99685156,0.6208178686966066,5
1293.0,0.98800343,0,0.9973601,0.6018216915325408,5
1301.0,1.0052791,0,1.0049162,0.3195730535709117,5
1310.0,1.0031929,0,1.0048258,0.3229483705634953,5
1311.0,1.0006473,0,1.000866,0.470861173390212,5
1313.0,0.9918533,0,0.994595,0.7051095085529553,5
1316.0,1.0003784,0,1.006124,0.2744560195750574,5
1318.0,1.007638,0,0.99412894,0.7225182180285565,5
1321.0,1.0042685,0,1.0016814,0.4404031678106972,5
1322.0,1.0018046,0,1.0018889,0.4326550786720488,5
1330.0,1.0044584,0,1.0033655,0.3774966992694977,5
1339.0,0.9966905,0,1.0052221,0.3081468485538013,5
1344.0,0.99766093,0,1.0038483,0.3594623538605744,5
1347.0,0.9854544,0,1.0024323,0.4123541945438312,5
1349.0,1.0037587,0,0.9971735,0.6087927452949283,5
1354.0,1.0041369,0,0.9945647,0.7062405514502063,5
1356.0,1.0029334,0,1.0008154,0.4727536664269509,5
1360.0,1.0032444,0,0.99943256,0.5244075940179409,5
1370.0,0.999975,0,1.0001419,0.4979126915035968,5
1373.0,1.0035735,0,0.99938583,0.526153140536533,5
1375.0,0.99821323,0,0.9951055,0.6860398581298162,5
1377.0,1.0002425,0,0.99570614,0.663603796563678,5
1385.0,1.0011498,0,1.0034494,0.3743618402156996,5
1390.0,0.99910676,0,1.0041701,0.3474439098460846,5
1393.0,1.0018662,0,1.002059,0.4263007549933986,5
1396.0,0.9985718,0,1.001139,0.4606639756157838,5
1403.0,1.0049886,0,0.9983789,0.5637669962573166,5
1404.0,1.0073744,0,1.003139,0.3859572563749184,5
1413.0,1.0044187,0,0.999872,0.5079918867710284,5
1415.0,0.9989631,0,1.0014167,0.4502931137744549,5
1417.0,0.9994474,0,0.9996803,0.5151544162994859,5
1419.0,1.0017813,0,1.0047007,0.3276239415954384,5
1427.0,0.9963197,0,1.004308,0.3422918758613626,5
1433.0,1.0005271,0,1.0013561,0.4525551995689568,5
1435.0,0.9959868,0,0.99845517,0.5609171243902276,5
1450.0,1.0079099,0,1.004645,0.329703457473455,5
1463.0,0.9991436,0,1.0006928,0.4773312731134628,5
1468.0,0.9989859,0,1.0092325,0.1583415526903459,5
1475.0,0.99904466,0,0.999703,0.5143061341265477,5
1477.0,0.9876467,0,0.99293333,0.7671788272331974,5
1488.0,1.0039623,0,1.0106483,0.1054586178566737,5
1490.0,1.0003285,0,0.9930316,0.7635073907419241,5
1496.0,1.0035685,0,1.0025294,0.4087295137628772,5
1498.0,0.9971917,0,1.0040987,0.3501112117966883,5
1502.0,1.0066173,0,1.0020552,0.426443248586753,5
1509.0,1.0050795,0,1.0027637,0.399975063621163,5
1511.0,1.0066,0,1.0033759,0.3771092948125653,5
1523.0,0.9797463,0,0.9920603,0.7997898219498022,5
1535.0,1.0093533,0,1.0040106,0.3534019232182178,5
1549.0,1.0021864,0,0.99935395,0.5273442979184804,5
1550.0,1.003023,0,0.99677396,0.6237167227364113,5
1553.0,1.003737,0,1.0074958,0.2232162139897537,5
1570.0,1.0052177,0,1.0023197,0.4165622084725799,5
1572.0,1.0025908,0,0.9984183,0.5622953046134527,5
1573.0,1.0009568,0,0.99995166,0.5050173330097542,5
1581.0,1.0036658,0,0.998711,0.5513611477858944,5
1588.0,1.0006312,0,0.9988032,0.5479168104590297,5
1603.0,1.0014392,0,1.0048645,0.3215056229307815,5
1605.0,0.99998856,0,0.9939959,0.7274876820967933,5
1611.0,0.9993871,0,1.0011436,0.4604947644736754,5
1625.0,0.99541783,0,0.9923607,0.7885684514731388,5
1633.0,0.99839073,0,0.9954867,0.6718016311063515,5
1640.0,0.99820393,0,1.0001009,0.4994444976321572,5
1643.0,1.0039752,0,0.998818,0.5473646477847812,5
1644.0,0.9999585,0,1.0048757,0.3210870480003027,5
1645.0,0.99871033,0,0.99977964,0.5114429034850816,5
1655.0,0.9998522,0,1.0036961,0.3651487388203757,5
1656.0,1.0019195,0,0.997632,0.5916645700812436,5
1659.0,0.9979679,0,0.9951056,0.6860354052050237,5
1668.0,1.0008506,0,0.995962,0.6540455934969487,5
1680.0,0.99778754,0,0.99994606,0.5052266204749936,5
1682.0,0.9964669,0,1.0013521,0.452706599011896,5
1686.0,1.003105,0,1.0039904,0.3541544675081211,5
1689.0,1.0006129,0,0.99642444,0.6367726982275133,5
1690.0,0.9982948,0,1.0031048,0.3872352457903162,5
1696.0,1.0045996,0,1.0051087,0.312381580031304,5
1697.0,0.99987364,0,1.0022242,0.4201290012312337,5
1700.0,1.0036252,0,1.000419,0.4875596413614372,5
1704.0,0.9978191,0,1.0056045,0.2938618658200173,5
1716.0,0.9977313,0,1.0051697,0.3101016825376328,5
1719.0,1.0008279,0,0.9997425,0.5128299895578914,5
1724.0,1.0025207,0,1.0073783,0.2276023449101956,5
1725.0,1.0033052,0,0.99454135,0.7071133247095023,5
1732.0,1.0056114,0,1.0008005,0.4733102820259917,5
1734.0,1.0013579,0,0.9979217,0.5808439628358897,5
1737.0,1.0014707,0,0.99750215,0.5965160316424836,5
1740.0,0.98837686,0,0.9994272,0.5246079756335955,5
1745.0,0.9954155,0,0.99826735,0.5679327074005384,5
1746.0,0.99766827,0,1.0006403,0.4792950129468788,5
1756.0,1.0092047,0,0.99765235,0.5909053464041519,5
1765.0,1.0024107,0,0.9978894,0.5820507054546102,5
1775.0,1.0051315,0,0.99818164,0.5711343603262213,5
1779.0,1.0006857,0,0.9966442,0.6285637313728589,5
1785.0,0.9827281,0,0.9980254,0.5769699182665655,5
1786.0,0.9940921,0,1.00136,0.4524082530508101,5
1795.0,0.99955326,0,1.000904,0.4694451433062521,5
1796.0,1.0018617,0,1.0045427,0.3335240669452713,5
1799.0,1.0056732,0,1.003567,0.3699712563704656,5
1803.0,0.99931747,0,1.00073,0.4759419605782568,5
1805.0,0.9986911,0,0.99766153,0.5905624711951427,5
1809.0,0.9995224,0,0.9947799,0.6982030222000566,5
1810.0,1.0096525,0,1.0017712,0.4370501154420753,5
1811.0,1.0008416,0,1.0015669,0.4446824285361233,5
1812.0,1.0045527,0,1.0027417,0.4007988547077434,5
1813.0,0.9982787,0,1.0015038,0.447038025751264,5
1817.0,1.0026648,0,1.0030395,0.3896754485765112,5
1830.0,1.0009674,0,1.0009731,0.4668624469267026,5
1832.0,1.0046653,0,0.9963337,0.6401613739944739,5
1849.0,1.0062695,0,0.9984114,0.5625513477890115,5
1852.0,0.99787444,0,0.99882036,0.5472755892889347,5
1853.0,1.0026205,0,1.0082155,0.196329454093685,5
1856.0,1.0047275,0,0.99770004,0.5891241764872213,5
1860.0,0.99526685,0,0.9982436,0.5688210658966075,5
1867.0,1.0001637,0,1.0033855,0.3767486079043868,5
1868.0,0.98914033,0,1.000782,0.4740004853688023,5
1881.0,1.0031315,0,1.0005842,0.4813878875992724,5
1885.0,0.9987282,0,0.99892217,0.5434727915162877,5
1892.0,0.99508536,0,1.0014613,0.4486277199021247,5
1901.0,1.0022968,0,0.99820435,0.570286078153283,5
1902.0,1.0003331,0,1.0024648,0.4111429990003183,5
1907.0,0.99973387,0,1.0020155,0.4279260725425978,5
1908.0,0.99911153,0,0.9980553,0.5758544606060876,5
1914.0,1.0029123,0,0.99889064,0.5446505901238581,5
1916.0,0.9990756,0,1.000705,0.4768770747846454,5
1920.0,1.0035242,0,1.003482,0.3731461917473945,5
1927.0,0.99841654,0,0.9979936,0.5781588491861167,5
1928.0,1.0045499,0,1.0009894,0.4662523962301539,5
1934.0,0.9996601,0,1.0020486,0.426688159450331,5
1935.0,1.0040373,0,1.005688,0.2907448184653886,5
1936.0,1.0032687,0,1.0116594,0.0676889097681584,5
1938.0,1.0039713,0,0.99785936,0.5831728425022766,5
1939.0,1.0077991,0,1.0020757,0.4256773455224728,5
1943.0,1.0042675,0,0.99719477,0.607997898219498,5
1944.0,0.9994005,0,1.001758,0.4375443900940234,5
1950.0,1.0009395,0,0.99964374,0.5165192377483341,5
1956.0,1.000165,0,1.003603,0.3686264730831828,5
1957.0,0.9990902,0,0.99975365,0.5124136410898088,5
1958.0,1.0061566,0,0.99808115,0.5748881759261527,5
1967.0,1.0034811,0,1.0074538,0.2247836435166528,5
1975.0,1.0053505,0,1.0036669,0.3662397053944957,5
1976.0,0.9994226,0,1.0061325,0.2741398619148022,5
1988.0,1.0050433,0,0.9979552,0.5795926909692459,5
1999.0,1.0002468,0,0.994777,0.6983098923950724,5
2002.0,1.0022222,0,0.99251705,0.7827284406080024,5
2004.0,1.0011011,0,1.0076185,0.2186297014536573,5
2009.0,0.99899787,0,0.9975213,0.5958013372133151,5
2012.0,0.9977854,0,0.99857414,0.5564731054474856,5
2014.0,1.0033991,0,1.0006384,0.479366259743556,5
2015.0,0.99923575,0,0.99746084,0.5980589700830248,5
2016.0,1.0078766,0,1.0019919,0.4288077516514784,5
2017.0,0.99433833,0,0.99612,0.6481454681471157,5
2022.0,0.9999876,0,0.9929016,0.7683633052279564,5
2026.0,1.0009849,0,0.9928709,0.7695099333619805,5
2031.0,0.9963196,0,0.99604875,0.650806090710531,5
2055.0,1.0031701,0,1.012858,0.0229147509813133,5
2060.0,0.9969795,0,1.0022042,0.4208770925963446,5
2063.0,1.001355,0,1.004739,0.3261900998123092,5
2064.0,1.0014333,0,1.0036131,0.3682479744758351,5
2067.0,1.0050786,0,0.9907741,0.8478346539966113,5
2071.0,1.0025339,0,0.995617,0.6669345843083383,5
2073.0,1.0010284,0,0.9952388,0.6810614882119949,5
2079.0,1.0040605,0,0.99969053,0.5147714647673458,5
2081.0,0.9950565,0,0.9944105,0.7120004096690808,5
2087.0,1.0024662,0,0.9993803,0.5263602015393761,5
2091.0,1.0053303,0,0.99771965,0.5883916703588834,5
2098.0,1.0064136,0,1.0006961,0.4772110441440699,5
2099.0,1.0048821,0,1.0017114,0.4392854836878233,5
2104.0,0.99093217,0,0.99556303,0.6689495327768662,5
2108.0,1.001083,0,0.99824876,0.5686273636681414,5
2114.0,1.0060109,0,0.9997172,0.5137762360762608,5
2118.0,0.99543417,0,0.9991139,0.5363102619878302,5
2119.0,0.99855614,0,1.0029689,0.3923115800535687,5
2123.0,1.0009075,0,0.996382,0.6383579394535817,5
2124.0,0.9997384,0,1.0040213,0.3530011599869084,5
2127.0,1.0034626,0,0.9998473,0.5089158686654363,5
2138.0,1.0019133,0,1.0006893,0.4774648608572325,5
2146.0,0.99880975,0,1.0037864,0.361773421827792,5
2151.0,1.0025538,0,1.0010109,0.465450869767535,5
2155.0,1.002,0,1.0002412,0.4942034051515886,5
2164.0,1.0044607,0,1.0027703,0.399730152757585,5
2165.0,1.0006329,0,1.0082082,0.1966055354308093,5
2177.0,0.9983563,0,0.9944641,0.7099988199749301,5
2179.0,1.0006497,0,0.9991891,0.5335026929062682,5
2180.0,1.0033774,0,1.005739,0.2888389666542726,5
2183.0,1.0066125,0,0.99716955,0.6089396918130752,5
2186.0,0.9959386,0,0.9911538,0.8336520885330507,5
2189.0,1.0076605,0,0.9968799,0.619760299058429,5
2190.0,1.0050954,0,1.009793,0.1374039003168256,5
2192.0,1.0013427,0,1.0004067,0.4880182926150469,5
2195.0,1.0016719,0,1.002254,0.419015770033152,5
2206.0,1.0027385,0,1.0050778,0.3135348875525167,5
2207.0,0.99537915,0,1.0019428,0.4306423566659171,5
2220.0,1.0023017,0,1.001461,0.4486366257517094,5
2223.0,1.0048916,0,0.9997625,0.5120841246551766,5
2224.0,1.0063466,0,1.0024356,0.4122339655744385,5
2228.0,1.0048896,0,1.0037279,0.3639598079008245,5
2231.0,1.0005721,0,0.9938324,0.7335948684494693,5
2232.0,0.99429876,0,0.9974212,0.5995395675764734,5
2233.0,0.9988548,0,1.0013553,0.4525863700425031,5
2239.0,0.99871397,0,1.005821,0.2857753543971519,5
2244.0,1.0032307,0,0.99788374,0.5822622193822458,5
2247.0,1.0000591,0,0.99846643,0.5604963229973527,5
2252.0,0.995124,0,1.0018429,0.4343739076418869,5
2257.0,1.0039572,0,0.99596065,0.6540968021320603,5
2270.0,0.9940222,0,0.99815434,0.5721540801036641,5
2276.0,0.9958664,0,1.0078515,0.2099286864094508,5
2281.0,0.99948686,0,0.99479425,0.6976664447625811,5
2282.0,1.0023595,0,1.0027965,0.3987505093032731,5
2296.0,1.0015194,0,1.0005513,0.4826168948419546,5
2298.0,1.0020801,0,1.002083,0.4254057171101408,5
2304.0,0.9994853,0,0.995669,0.6649908826364876,5
2315.0,0.99911636,0,0.9953734,0.6760319096590618,5
2321.0,1.0037031,0,0.9949716,0.6910427191339952,5
2327.0,1.0002806,0,0.9989085,0.5439826514050091,5
2335.0,1.0052744,0,1.0010048,0.4656779689319437,5
2341.0,1.0038583,0,0.9927114,0.7754679467341137,5
2343.0,1.0012017,0,0.9962979,0.6414994778945682,5
2347.0,0.998553,0,1.0029662,0.3924139973237922,5
2348.0,0.9956412,0,0.99936646,0.526876740815286,5
2349.0,0.99449813,0,0.99162036,0.8162233408958839,5
2350.0,1.0050278,0,1.0005357,0.4832002279897494,5
2359.0,0.99535,0,1.0070655,0.239286819565261,5
2363.0,1.0015973,0,1.0034372,0.3748204914693093,5
2366.0,0.99839044,0,0.99853224,0.5580383085119884,5
2381.0,0.99169284,0,0.9940988,0.7236448080010153,5
2383.0,1.0009104,0,0.9975712,0.5939377881877264,5
2389.0,0.99832803,0,0.99418175,0.7205455723455558,5
2390.0,0.9986204,0,1.0028225,0.3977797716985459,5
2394.0,1.0010889,0,0.9959254,0.6554126414081929,5
2399.0,1.0022694,0,1.0009388,0.4681448892668927,5
2413.0,0.99639076,0,0.99982744,0.5096572806433586,5
2414.0,1.0048093,0,1.00286,0.3963815533137553,5
2416.0,1.0031058,0,0.9985065,0.559000140267131,5
2417.0,1.0024248,0,1.0057968,0.2866792981299942,5
2418.0,1.0000756,0,1.0028352,0.3973077616705592,5
2424.0,1.0024608,0,0.99793863,0.5802116475153793,5
2428.0,1.0047952,0,1.0029577,0.3927301549840474,5
2429.0,1.0000287,0,1.0030961,0.387560309300156,5
2431.0,0.99406517,0,1.0057983,0.286621410107694,5
2434.0,1.0009047,0,1.0013307,0.4535036725497224,5
2441.0,1.0069752,0,0.9930197,0.7639526832211567,5
2443.0,1.0091497,0,1.0005535,0.4825367421956926,5
2454.0,0.9849839,0,0.99982834,0.5096238837074161,5
2462.0,1.0025814,0,1.0010815,0.4628147382904776,5
2465.0,0.99782145,0,0.9975852,0.593414569524628,5
2475.0,1.0000644,0,1.0029038,0.394742876990179,5
2476.0,1.0073383,0,1.0031114,0.3869903349267383,5
2478.0,1.000071,0,1.0043348,0.3412899677830892,5
2489.0,1.0054587,0,0.99369794,0.7386177676152139,5
2491.0,0.99971443,0,1.0001429,0.4978726151804659,5
2492.0,1.0037769,0,0.99962974,0.5170424564114324,5
2495.0,1.0038184,0,0.9934734,0.7470048514615613,5
2501.0,1.0029533,0,1.000584,0.481396793448857,5
2505.0,1.0017993,0,0.9989843,0.5411528176994855,5
2506.0,0.9970228,0,0.9998197,0.5099467207548598,5
2513.0,1.0009238,0,1.0076513,0.2174051471357674,5
2514.0,0.9792723,0,1.0004823,0.4851951382967118,5
2521.0,1.0024707,0,1.0003442,0.4903560781310184,5
2523.0,1.00129,0,1.0050349,0.3151379404777543,5
2524.0,0.9944926,0,0.99830014,0.5667081530826485,5
2546.0,1.0047244,0,0.9924875,0.7838327659564994,5
2553.0,1.0102081,0,1.0059854,0.2796347711085334,5
2559.0,1.0022035,0,1.0019472,0.430477598448601,5
2566.0,1.0075035,0,1.0045028,0.3350157967507008,5
2569.0,1.0004565,0,1.0024654,0.4111207343763567,5
2570.0,1.002583,0,0.9982436,0.5688210658966075,5
2571.0,1.0005819,0,0.9975816,0.5935481572683978,5
2572.0,1.0040048,0,1.0028145,0.3980781176596317,5
2576.0,1.0021212,0,1.0022815,0.4179871444061245,5
2577.0,1.0002472,0,0.99465185,0.7029854634270154,5
2578.0,1.003643,0,1.0029072,0.3946181950959939,5
2590.0,1.0028381,0,1.0027062,0.4021258262958568,5
2595.0,1.0055207,0,1.0070114,0.2413084474209772,5
2602.0,1.0086701,0,0.99386775,0.7322745762485445,5
2606.0,0.9967197,0,1.0063959,0.2642988981237602,5
2615.0,0.9989535,0,0.99846166,0.5606744399890458,5
2618.0,1.000196,0,0.9975827,0.5935080809452669,5
2620.0,1.0048335,0,1.0031929,0.3839445343687867,5
2624.0,1.0046773,0,0.9958734,0.6573563430800435,5
2627.0,0.9983098,0,1.002937,0.3935049638979122,5
2630.0,1.0023736,0,1.0021535,0.4227695856330834,5
2637.0,1.0007739,0,1.0037794,0.3620361443905393,5
2640.0,1.0059,0,0.9968276,0.6217129065798643,5
2652.0,0.99163926,0,0.99756324,0.5942339076864162,5
2657.0,0.991115,0,1.0010777,0.4629572318838321,5
2662.0,0.98912126,0,0.9983582,0.5645395787087855,5
2663.0,0.9977121,0,0.99851525,0.558672850294895,5
2666.0,0.9986688,0,0.9979479,0.579866545843974,5
2668.0,1.0046067,0,0.9931913,0.7575426979826024,5
2678.0,1.0048542,0,0.9999783,0.5040221043186691,5
2680.0,0.9985978,0,1.0005895,0.48119195890841,5
2682.0,1.000949,0,1.0009242,0.4686881460915566,5
2683.0,0.9982612,0,0.998455,0.560923803777416,5
2690.0,0.99554265,0,1.0050458,0.3147327243216525,5
2702.0,0.9962565,0,0.99868345,0.552389773412922,5
2711.0,0.9972966,0,1.0016046,0.443275304301748,5
2715.0,1.002007,0,1.003767,0.3624992485689413,5
2719.0,0.99909085,0,0.999829,0.5095993926210582,5
2722.0,0.97985464,0,1.0044491,0.3370196129072478,5
2723.0,0.9940118,0,0.9991934,0.5333423876137444,5
2730.0,0.99853414,0,0.9995233,0.5210189182509801,5
2747.0,1.0054575,0,1.006171,0.2727015672068806,5
2759.0,1.0014184,0,0.99972725,0.5133999639313092,5
2764.0,0.9945199,0,1.0087268,0.1772308596593957,5
2765.0,0.9973857,0,1.0024338,0.4123007594463234,5
2766.0,0.99520534,0,0.99818695,0.5709362051729627,5
2768.0,0.99575084,0,1.0030597,0.3889184513618157,5
2769.0,1.0056405,0,1.0024859,0.4103548313120765,5
2770.0,1.0028439,0,0.99735945,0.6018461826188987,5
2783.0,1.0034616,0,1.0003254,0.4910551873234137,5
2785.0,1.0053729,0,1.0031985,0.3837352469035474,5
2786.0,1.0063272,0,1.0033008,0.3799146374317311,5
2787.0,0.9983711,0,1.0013152,0.4540825527727249,5
2791.0,0.9938349,0,0.99788696,0.5821419904128529,5
2796.0,1.0006313,0,1.0002452,0.4940520057086496,5
2799.0,0.99805933,0,1.002156,0.4226760742124446,5
2807.0,1.0047761,0,1.0051012,0.3126621142932206,5
2808.0,0.9980506,0,1.0023971,0.4136722602823599,5
2818.0,1.0031037,0,0.9974933,0.5968455480771158,5
2830.0,0.99866617,0,1.000065,0.5007848279946476,5
2831.0,1.0043507,0,0.9993319,0.5281680890050607,5
2841.0,0.9992804,0,0.99964654,0.5164145940157143,5
2845.0,1.0035092,0,0.99665284,0.6282408943254153,5
2852.0,1.0006355,0,1.0007448,0.4753897979040082,5
2858.0,0.997656,0,0.9898788,0.8812783456493811,5
2869.0,1.001505,0,1.0085771,0.1828237331985581,5
2871.0,1.0035473,0,1.0025657,0.4073713717012176,5
2882.0,0.9940637,0,0.99788004,0.5824002600508078,5
2885.0,0.9996762,0,0.9997803,0.5114184123987238,5
2886.0,0.9949397,0,0.9999165,0.5063309458234906,5
2887.0,0.99905854,0,0.9971053,0.6113398182761391,5
2889.0,0.9942415,0,0.9956066,0.6673219887652708,5
2890.0,0.99504495,0,1.0005141,0.4840062073771605,5
2891.0,1.0054338,0,0.9974407,0.598811514372928,5
2892.0,0.99461555,0,0.99893165,0.5431187839952978,5
2896.0,1.002773,0,1.0045444,0.3334617259981788,5
2911.0,0.99826473,0,0.9992793,0.5301318288384769,5
2912.0,1.0069134,0,1.0013092,0.4543096519371336,5
2917.0,1.000609,0,0.99760264,0.5927622160425521,5
2930.0,1.0037941,0,0.99978554,0.5112224837078614,5
2941.0,0.9993711,0,0.9927602,0.773646700494052,5
2942.0,0.9999775,0,1.003404,0.3760584045615761,5
2944.0,1.0022583,0,0.99937636,0.5265071480575229,5
2954.0,0.9972811,0,0.9985895,0.5558986781492754,5
2956.0,1.0021545,0,0.9969732,0.6162736589460373,5
2959.0,1.0043635,0,0.9974141,0.5998045166016168,5
2969.0,0.99727446,0,1.0008063,0.4730920887111677,5
2979.0,1.0033526,0,1.0012051,0.4581970552808349,5
2984.0,0.9941698,0,1.0012276,0.4573554524950851,5
2992.0,0.99824154,0,1.0026696,0.4034928742071011,5
2995.0,0.9994888,0,1.000085,0.5000367366295366,5
3004.0,1.0031484,0,0.9960433,0.6510086987885818,5
3006.0,1.0003774,0,1.0008465,0.4715914530561536,5
3014.0,0.99748766,0,1.0026734,0.4033503806137466,5
3018.0,0.99929744,0,0.99765444,0.5908274202202861,5
3019.0,1.0012543,0,0.9979614,0.5793611388800448,5
3029.0,0.99618065,0,1.0026938,0.4025889304742588,5
3040.0,0.9997176,0,1.002188,0.421482690368101,5
3044.0,1.0073586,0,0.9973796,0.6010936383289954,5
3047.0,1.0037247,0,0.9991898,0.5334759753575142,5
3051.0,1.0082192,0,1.0034826,0.3731239271234329,5
3062.0,1.0031801,0,0.99917126,0.534168405162721,5
3063.0,0.9979871,0,1.0048172,0.3232689811485428,5
3083.0,1.010798,0,0.9994983,0.5219518059949726,5
3090.0,1.0036246,0,1.0047361,0.3263014229321174,5
3091.0,1.0036994,0,1.0084045,0.1892715682978472,5
3095.0,0.9990373,0,0.9956322,0.6663668363973166,5
3106.0,1.0028161,0,0.9965066,0.6337046330456002,5
3112.0,1.0008451,0,0.997084,0.6121346653515696,5
3115.0,1.0026643,0,0.9974021,0.6002542620056419,5
3119.0,0.9963326,0,0.99561083,0.6671639099351432,5
3130.0,1.0069463,0,1.0065687,0.2578466100996787,5
3131.0,1.0043458,0,1.0014888,0.4475990942750972,5
3135.0,1.0005893,0,1.0021621,0.4224489750480359,5
3143.0,0.99648625,0,0.9989791,0.5413465199279517,5
3146.0,1.0055592,0,0.9985083,0.5589333463952461,5
3148.0,0.9981348,0,0.9970055,0.6150669163273167,5
3154.0,1.002406,0,0.9999837,0.5038194962406182,5
3165.0,1.0033066,0,1.0078329,0.2106233426770538,5
3181.0,1.0031701,0,1.0049908,0.3167855226509152,5
3186.0,0.9964595,0,1.0007759,0.474227584533211,5
3188.0,0.9992824,0,0.99612546,0.6479406336066686,5
3189.0,0.99134433,0,1.0062321,0.270417216788417,5
3191.0,0.99809974,0,0.99327004,0.7546015411572706,5
3194.0,1.0020995,0,0.9931666,0.7584644534146141,5
3195.0,1.0023243,0,1.0058492,0.2847200112213705,5
3196.0,1.0092264,0,0.9982587,0.568255544447982,5
3199.0,0.9945658,0,1.0048653,0.3214744524572352,5
3201.0,0.998856,0,1.0033133,0.3794470803285368,5
3204.0,0.99447507,0,1.005365,0.3028077917278016,5
3209.0,0.99930155,0,0.99909383,0.5370605798153372,5
3210.0,1.0018864,0,0.9957852,0.6606515074263652,5
3215.0,1.0057087,0,0.99858963,0.5558942252244831,5
3218.0,0.9985008,0,1.0019181,0.4315641120979288,5
3221.0,1.001224,0,1.0059509,0.2809216663735158,5
3228.0,1.0028223,0,0.9988609,0.5457615948595436,5
3230.0,1.0083537,0,0.9978497,0.583533529410455,5
3231.0,1.0040026,0,1.0014994,0.4472027839685801,5
3234.0,1.0058382,0,1.0002707,0.4930990798030916,5
3244.0,0.99853086,0,1.0037154,0.3644273650040187,5
3246.0,0.9877993,0,1.0021408,0.4232460485858624,5
3256.0,1.0026531,0,0.991859,0.8073085854616459,5
3263.0,1.0039955,0,1.0019159,0.4316442647441906,5
3265.0,1.0078286,0,0.99448925,0.7090592528437492,5
3272.0,1.0005087,0,1.0019536,0.4302371405098153,5
3273.0,0.9957943,0,0.99581844,0.6594091414093062,5
3274.0,0.997209,0,1.0025598,0.4075940179408339,5
3282.0,0.99613225,0,0.9982875,0.5671801631106351,5
3291.0,1.007054,0,1.0063213,0.2670864290437567,5
3296.0,0.9988657,0,0.99598396,0.6532262553351605,5
3307.0,1.004583,0,1.0004767,0.4854044257619511,5
3328.0,1.0004264,0,0.99996096,0.5046700048759527,5
3347.0,1.00119,0,0.999414,0.5251000238231476,5
3348.0,1.0049964,0,1.0036873,0.3654782552550079,5
3356.0,0.9913443,0,0.9998168,0.5100558174122718,5
3358.0,1.0001273,0,0.9966821,0.6271477012888991,5
3364.0,1.0024264,0,1.001991,0.4288389221250247,5
3370.0,1.0018636,0,1.0030046,0.390980155540663,5
3372.0,0.9984582,0,1.0029393,0.3934159054020657,5
3382.0,1.0024536,0,0.99812603,0.5732116497418417,5
3385.0,0.999819,0,0.99741435,0.5997956107520321,5
3387.0,0.9972961,0,0.99553555,0.6699759319414975,5
3400.0,1.0028139,0,1.0027401,0.4008567427300437,5
3402.0,1.0048779,0,0.9980993,0.5742091048953228,5
3405.0,1.0019172,0,1.0025638,0.4074426184978948,5
3409.0,1.0020795,0,0.9988027,0.5479346221581991,5
3415.0,0.9970037,0,1.002358,0.4151328196142431,5
3416.0,1.0074247,0,1.0007818,0.474009391218387,5
3429.0,1.0050117,0,0.99924886,0.5312695511229163,5
3433.0,1.0046599,0,0.9996035,0.5180220998657443,5
3438.0,1.0019537,0,0.9973993,0.6003589057382616,5
3441.0,0.99874157,0,1.0018276,0.4349438820153046,5
3443.0,0.9976546,0,1.0033543,0.3779152741999764,5
3449.0,1.0075815,0,1.0020552,0.426443248586753,5
3459.0,1.0002139,0,0.99639887,0.6377278505954673,5
3461.0,0.99252486,0,0.994042,0.7257666266645589,5
3483.0,1.0005494,0,0.99236184,0.7885261486876117,5
3490.0,1.0032464,0,1.0031582,0.3852403354833539,5
3494.0,0.9996101,0,0.9941138,0.7230837394771821,5
3495.0,1.0082436,0,0.9968731,0.6200141157715917,5
3528.0,1.0012536,0,1.0012366,0.4570214831356606,5
3532.0,0.9989483,0,0.9989616,0.5419988734100276,5
3539.0,1.0018189,0,1.0089605,0.1685031270664354,5
3542.0,1.001651,0,0.99673873,0.6250325620125439,5
3546.0,1.0024552,0,1.0010219,0.465041200686641,5
3550.0,0.99735755,0,1.0049399,0.3186869215372386,5
3551.0,1.0104834,0,0.9962627,0.6428130907083045,5
3569.0,1.0024514,0,1.0016038,0.4433020218505019,5
3584.0,1.0023974,0,1.0036983,0.3650641332493215,5
3586.0,1.0038661,0,1.000032,0.502018288162122,5
3588.0,1.0026674,0,0.99935746,0.5272129366371067,5
3590.0,1.0044243,0,0.9969668,0.6165141168848229,5
3593.0,1.0055193,0,0.99769163,0.5894381076850803,5
3594.0,1.0053822,0,0.9952581,0.6803401143956379,5
3602.0,0.9853863,0,0.99358994,0.742652117477062,5
3607.0,1.0030799,0,0.9977528,0.5871537572666167,5
3613.0,1.00075,0,1.0017071,0.439445788980347,5
3614.0,1.0031192,0,1.0007162,0.4764584998541666,5
3617.0,1.005474,0,1.004556,0.3330297922933231,5
3618.0,1.0004263,0,0.9935591,0.7438031985358784,5
3625.0,1.0022589,0,1.0041388,0.3486105761416742,5
3632.0,1.0033171,0,1.0049078,0.3198847583063746,5
3638.0,1.0046685,0,0.9980284,0.5768585951467573,5
3648.0,1.001758,0,1.0023162,0.4166913432915574,5
3656.0,1.0016886,0,1.001059,0.4636518881514351,5
3663.0,1.0007461,0,1.0000015,0.5031537839841653,5
3665.0,0.9995522,0,1.003419,0.375497336037743,5
3671.0,1.0027035,0,0.99953383,0.5206248344068594,5
3674.0,1.0006388,0,0.9969328,0.6177832004506361,5
3694.0,1.0047549,0,0.99867666,0.5526435901260845,5
3701.0,1.008076,0,1.0029719,0.3922002569337605,5
3711.0,1.0040594,0,1.0032389,0.3822257053989486,5
3715.0,1.003508,0,1.0050137,0.3159305610907884,5
3720.0,1.0009466,0,0.99769396,0.5893512756516299,5
3724.0,0.9996356,0,1.004497,0.3352295371407324,5
3726.0,1.0051221,0,1.0061313,0.2741843911627254,5
3731.0,0.9937424,0,0.9953423,0.677194123029859,5
3742.0,0.9973993,0,0.99634194,0.6398541221838034,5
3758.0,1.005059,0,0.9991822,0.533758736081827,5
3759.0,1.0061197,0,1.0033618,0.3776347399380598,5
3766.0,0.9995455,0,1.0018023,0.4358879020712779,5
3774.0,1.0030892,0,1.0003111,0.4915895382984929,5
3776.0,1.0064497,0,1.0011071,0.4618573594601274,5
3779.0,1.0037303,0,0.9966002,0.6302068606212275,5
3784.0,1.0008777,0,1.0012391,0.4569279717150217,5
3789.0,1.0000452,0,0.99302685,0.7636855077336171,5
3790.0,0.9995062,0,1.0028349,0.3973166675201439,5
3793.0,0.9986788,0,1.0017545,0.4376735249130009,5
3795.0,1.0005314,0,0.99713206,0.6103401366602619,5
3797.0,1.0020251,0,1.0030892,0.387818578938111,5
3805.0,1.0028315,0,1.0029808,0.391866287574336,5
3816.0,0.99861574,0,0.9993287,0.5282883179744535,5
3819.0,1.0001888,0,0.9972359,0.6064616391661453,5
3824.0,1.0020458,0,0.99026906,0.8666994698793035,5
3827.0,0.98453337,0,1.0011159,0.4615278430254952,5
3829.0,1.0061992,0,0.99580854,0.6597787341670693,5
3833.0,1.0033431,0,1.0002034,0.4956149823107563,5
3834.0,0.9994761,0,1.001062,0.4635405650316269,5
3835.0,0.99988383,0,0.99565,0.6657011241408638,5
3836.0,1.0037061,0,0.99615496,0.6468385347205678,5
3842.0,0.998823,0,0.99882567,0.5470774341356761,5
3844.0,0.99899566,0,0.99900204,0.5404893319054288,5
3845.0,1.0059569,0,0.9968315,0.6215681865241137,5
3846.0,0.9959727,0,0.99604,0.6511333806827669,5
3887.0,1.0022669,0,1.0048993,0.3202053688914221,5
3901.0,0.9963414,0,0.9964206,0.6369151918208678,5
3906.0,1.0059004,0,1.0020205,0.42773904970132,5
3915.0,0.9981481,0,1.0030293,0.390053947183859,5
3916.0,0.997248,0,1.0056075,0.293750542700209,5
3917.0,1.0019481,0,0.9944311,0.7112322801424045,5
3918.0,0.99990255,0,0.99808455,0.5747612675695715,5
3928.0,0.9984283,0,1.0022625,0.4186996123728969,5
3947.0,1.0089757,0,1.0032037,0.383539318212685,5
3952.0,1.00536,0,1.003292,0.3802441538663632,5
3961.0,1.000459,0,0.99764204,0.5912905243986881,5
3971.0,1.0033952,0,1.0005287,0.4834629505524966,5
3973.0,1.0026147,0,1.0021281,0.423718058613849,5
3978.0,0.98088354,0,0.997849,0.5835602469592089,5
3981.0,1.0059643,0,0.9959891,0.6530347795690905,5
3982.0,1.0073781,0,1.0039815,0.3544884368675455,5
3985.0,0.99873286,0,1.0050415,0.3148930296141763,5
3990.0,0.9975391,0,1.001221,0.4576048162834554,5
3999.0,1.0044055,0,1.0047612,0.3253618558009364,5
4000.0,1.0019323,0,1.0057724,0.2875921477124212,5
4001.0,0.9952946,0,1.004325,0.3416551076160599,5
4002.0,0.99791914,0,1.0013355,0.4533255555580294,5
4007.0,0.9932591,0,1.000716,0.4764674057037513,5
4008.0,1.0019047,0,0.9926965,0.7760245623331545,5
4014.0,0.998448,0,1.0009699,0.4669826758960954,5
4021.0,1.0025252,0,1.0010368,0.4644845850876001,5
4031.0,1.001578,0,1.0061805,0.2723453332234945,5
4033.0,1.0024227,0,1.0017247,0.4387867561110826,5
4045.0,1.0031825,0,1.00287,0.3960075076311998,5
4061.0,1.0026203,0,1.002934,0.3936162870177204,5
4063.0,1.0060811,0,1.0047344,0.3263637638792099,5
4072.0,0.9922218,0,1.0007894,0.4737244040316781,5
4073.0,1.004867,0,1.0066559,0.2545870691516956,5
4074.0,1.0013007,0,0.9989756,0.5414778812093253,5
4075.0,1.005594,0,0.9959986,0.6526785455857043,5
4081.0,1.0004238,0,0.9975997,0.5928713126999642,5
4083.0,1.001602,0,0.99355406,0.7439924478395522,5
4085.0,0.9993839,0,1.0007745,0.4742810196307189,5
4103.0,1.0048133,0,0.9963586,0.6392329391752738,5
4120.0,1.0027174,0,0.9937785,0.735607590455601,5
4121.0,1.0016909,0,0.99535805,0.6766063369572719,5
4122.0,1.0067279,0,1.0022426,0.4194432508132154,5
4124.0,0.9954499,0,1.0005088,0.4842065889928152,5
4126.0,0.9983874,0,0.9964926,0.6342256252463023,5
4132.0,1.0073031,0,1.0002253,0.4947956441489681,5
4134.0,0.9958677,0,1.0005463,0.4828039176832323,5
4138.0,1.0000411,0,1.000943,0.4679890368991612,5
4140.0,1.0095844,0,1.0040439,0.3521551042763663,5
4143.0,0.9996039,0,1.0036737,0.3659858886813331,5
4151.0,1.0072368,0,1.0022384,0.4195991031809468,5
4164.0,1.005836,0,1.0029804,0.3918840992735053,5
4167.0,1.001755,0,0.995027,0.6889721091055633,5
4168.0,0.9940402,0,0.99919766,0.5331820823212207,5
4173.0,1.0013577,0,1.0082343,0.1956303449012898,5
4181.0,0.99682033,0,1.0053385,0.3037963410316981,5
4184.0,1.00186,0,0.9999488,0.50512420320477,5
4190.0,1.0028987,0,1.001287,0.4551378959485064,5
4191.0,1.0023986,0,1.0050548,0.3143943020374358,5
4198.0,0.9939116,0,0.9966119,0.6297704739915795,5
4205.0,0.99798816,0,1.0044918,0.3354254658315948,5
4207.0,0.99467736,0,0.9940842,0.7241902912880753,5
4211.0,0.9992785,0,0.9992115,0.5326655430453107,5
4212.0,1.0056567,0,1.0002017,0.4956773232578488,5
4213.0,1.0117991,0,0.9971569,0.6094117018410617,5
4217.0,0.99628013,0,1.005049,0.3146124953522597,5
4218.0,0.99981266,0,0.9987456,0.5500675731337236,5
4219.0,0.9977033,0,0.9997094,0.514065676187762,5
4221.0,0.9981872,0,1.0038606,0.3590037026069648,5
4222.0,1.0045569,0,0.99732226,0.6032354951541046,5
4232.0,0.9991316,0,1.0106797,0.1042830457114994,5
4235.0,0.999761,0,1.0045837,0.3319922608167109,5
4243.0,1.004649,0,0.9968952,0.619188098222615,5
4248.0,1.0001816,0,1.003861,0.3589903438325879,5
4253.0,1.0006737,0,1.0059332,0.2815851521675725,5
4261.0,1.0047755,0,1.0080771,0.2014992997775764,5
4262.0,1.0035186,0,1.0062474,0.2698472424149992,5
4269.0,1.002108,0,1.0006717,0.4781194408017045,5
4273.0,0.99605066,0,1.0063889,0.2645616206865074,5
4285.0,1.0008225,0,0.99555266,0.6693369372337986,5
4286.0,1.0050513,0,1.0005834,0.4814190580728187,5
4293.0,0.99779975,0,0.9989326,0.543083160596959,5
4295.0,0.9995546,0,1.0039861,0.3543147728006448,5
4300.0,1.0004638,0,1.0029724,0.3921824452345912,5
4302.0,1.0086656,0,1.0037593,0.3627886886804425,5
4305.0,1.0033046,0,0.9927097,0.7755325141436024,5
4326.0,1.0033548,0,1.0009135,0.4690889093228659,5
4330.0,0.9981802,0,1.0020123,0.4280463015119906,5
4334.0,0.99035937,0,0.9989556,0.54222374611204,5
4342.0,1.0060713,0,1.0083776,0.190277929300913,5
4343.0,0.99830896,0,0.99469167,0.7014981865463783,5
4344.0,1.0030702,0,0.9960359,0.6512870065881022,5
4346.0,0.9992973,0,0.9979903,0.5782813046179056,5
4348.0,0.9974604,0,1.0032605,0.3814197260115375,5
4355.0,0.9999754,0,0.9968837,0.6196178054650746,5
4365.0,1.0058068,0,0.99392503,0.7301349458858315,5
4367.0,1.0021663,0,1.0056634,0.2916621209726078,5
4371.0,1.000268,0,0.9978872,0.5821330845632683,5
4373.0,0.989797,0,0.9989231,0.5434371681179491,5
4375.0,0.9957005,0,0.9982462,0.5687231015511763,5
4376.0,1.0006592,0,0.9995718,0.5192065778605033,5
4381.0,1.003961,0,0.99986327,0.5083191767432644,5
4385.0,1.0074915,0,0.99665916,0.628004889311422,5
4388.0,1.0052974,0,0.99783003,0.584268262001189,5
4394.0,0.9999402,0,0.9973919,0.6006349870753858,5
4395.0,0.99482113,0,0.99431026,0.7157453194194277,5
4400.0,0.99863553,0,0.99814856,0.572370046956092,5
4401.0,0.9993978,0,1.0024924,0.4101099204484986,5
4411.0,1.0007564,0,0.9956234,0.6666941263695527,5
4416.0,0.99687666,0,0.99743235,0.5991232191083908,5
4418.0,1.003693,0,0.9980955,0.5743515984886773,5
4420.0,0.98555183,0,1.0003632,0.4896436101642462,5
4422.0,1.0023446,0,0.99873716,0.5503837307939787,5
4424.0,1.0059922,0,0.99659395,0.6304406391728247,5
4426.0,0.9950058,0,0.99960166,0.5180911202000253,5
4429.0,0.9985632,0,0.9924273,0.7860814929766243,5
4438.0,1.0001209,0,1.0005684,0.4819801265966518,5
4444.0,1.0017585,0,1.0021181,0.4240921042964045,5
4445.0,0.9998003,0,1.0014117,0.4504801366157326,5
4453.0,1.0033865,0,0.99748224,0.5972596700828021,5
4457.0,1.0009606,0,0.9993834,0.5262444254947756,5
4458.0,1.0076959,0,1.002819,0.3979133594423156,5
4461.0,0.99755514,0,1.0049847,0.3170126218153238,5
4462.0,1.0034285,0,1.0059657,0.2803695036992673,5
4466.0,1.0021826,0,0.9934122,0.749291428342421,5
4469.0,1.0029072,0,1.0030872,0.3878942786595806,5
4477.0,1.0022601,0,1.0011023,0.4620354764518204,5
4478.0,0.99650925,0,0.99892616,0.5433236185357447,5
4481.0,1.0042316,0,1.0065361,0.2590622585679839,5
4483.0,0.9997086,0,1.0040447,0.3521283867276124,5
4491.0,1.001284,0,1.0004822,0.485199591221504,5
4502.0,1.0048167,0,1.0046962,0.3277886998127545,5
4504.0,0.99727196,0,0.99901307,0.5400774363621386,5
4510.0,1.0027565,0,0.9997542,0.5123936029282433,5
4511.0,0.99716955,0,1.0015366,0.4458134714333742,5
4516.0,1.0081028,0,0.998707,0.5515103207664374,5
4519.0,0.998274,0,1.0007868,0.4738223683771093,5
4536.0,1.0017613,0,0.9994382,0.5241960800903054,5
4550.0,0.9993475,0,1.004414,0.3383332257209842,5
4572.0,0.99789536,0,1.0027999,0.398625827409088,5
4576.0,0.997633,0,0.98921853,0.9059408696116829,5
4577.0,1.0017271,0,0.99917865,0.5338923238255968,5
4589.0,1.0015991,0,0.9998707,0.5080408689437439,5
4591.0,1.0065885,0,0.99416375,0.7212179639891971,5
4592.0,0.999423,0,0.9992386,0.5316525026550565,5
4602.0,0.9984927,0,1.0002271,0.4947288502770832,5
4603.0,0.98810726,0,0.99534714,0.6770137795757698,5
4604.0,0.9969394,0,0.998734,0.5505017333009754,5
4610.0,1.0030162,0,1.0087197,0.1774980351469354,5
4613.0,0.9934369,0,0.9920575,0.7998944656824218,5
4628.0,1.0052232,0,0.9997447,0.5127476104492333,5
4639.0,0.99065137,0,0.9987835,0.5486515430497636,5
4641.0,1.0003586,0,0.9997865,0.5111868603095229,5
4642.0,1.0053383,0,1.0046299,0.3302689789220805,5
4648.0,0.9999644,0,1.0052782,0.3060495209766154,5
4649.0,1.0001098,0,0.9937411,0.7370058088403916,5
4650.0,1.0009471,0,1.0050011,0.3164025711187751,5
4654.0,1.0019461,0,1.0013654,0.4522078714351554,5
4656.0,1.0069578,0,1.0020263,0.427520856386496,5
4662.0,1.0023347,0,0.99365234,0.7403210113482788,5
4671.0,0.9977549,0,0.9993933,0.5258748327370124,5
4676.0,0.9974377,0,0.99860877,0.5551795307953147,5
4682.0,0.9994921,0,1.0073938,0.2270234646871931,5
4683.0,0.9982181,0,1.0007144,0.4765252937260515,5
4687.0,0.9996217,0,1.0006636,0.4784222396875828,5
4692.0,0.98769337,0,1.0037175,0.3643472123577569,5
4698.0,1.0021704,0,0.99740624,0.6000984096379105,5
4702.0,1.0071076,0,0.99966747,0.515633105714661,5
4706.0,1.0009509,0,1.0024493,0.4117218792233208,5
4713.0,1.0009774,0,0.99537,0.6761610444780393,5
4731.0,1.001461,0,1.0060233,0.2782187410245734,5
4732.0,1.0036832,0,1.0039588,0.3553344925780876,5
4734.0,0.9968609,0,1.0069662,0.242996105917269,5
4736.0,1.0032781,0,1.001255,0.4563312797928499,5
4738.0,1.005947,0,0.9967715,0.623808007694654,5
4740.0,1.0017732,0,1.0039191,0.3568173165339324,5
4745.0,1.0057244,0,1.002303,0.4171856179435057,5
4752.0,0.99628675,0,0.9983476,0.5649358890153025,5
4753.0,1.002798,0,1.0011436,0.4604947644736754,5
4754.0,1.0025051,0,0.9982151,0.5698853149219736,5
4756.0,0.9973378,0,0.99477786,0.6982787219215261,5
4757.0,1.0014573,0,0.99809545,0.5743538249510736,5
4758.0,0.9946843,0,0.99805397,0.5759034427788032,5
4763.0,1.0010386,0,0.99612355,0.6480118804033459,5
4771.0,1.005059,0,0.99961215,0.5176992628183006,5
4772.0,0.9936602,0,0.9971636,0.6091623380526914,5
4777.0,0.99826914,0,0.9964198,0.636946362294414,5
4779.0,1.0041667,0,1.0067631,0.2505838897633938,5
4780.0,1.0002323,0,0.9970175,0.6146193973856878,5
4783.0,0.9960453,0,0.99542934,0.6739434879314605,5
4786.0,0.99904865,0,1.0004821,0.4852040441462963,5
4800.0,0.9863137,0,1.0002255,0.4947867382993834,5
4801.0,1.0059358,0,1.0044043,0.3386939126291626,5
4811.0,0.9978221,0,0.9929665,0.7659409141409306,5
4815.0,1.0019838,0,1.0017749,0.4369120747735131,5
4816.0,0.99804646,0,1.0049777,0.3172753443780711,5
4817.0,0.99619895,0,0.9917519,0.8113095383875514,5
4821.0,1.0050972,0,1.0013193,0.4539311533297858,5
4822.0,1.0053828,0,1.0064733,0.2614089499335401,5
4827.0,1.0047452,0,0.9947261,0.7002112912813959,5
4829.0,0.9935248,0,1.0007628,0.4747174062603669,5
4830.0,1.003398,0,1.0039905,0.3541500145833287,5
4845.0,0.9939678,0,0.9969615,0.6167122720380814,5
4849.0,1.0022775,0,1.0008361,0.471978857513086,5
4856.0,1.003425,0,0.9965584,0.631767610760938,5
4867.0,0.9992561,0,0.99866736,0.552990918259886,5
4871.0,1.0027366,0,0.99583864,0.6586543706570067,5
4879.0,1.0043898,0,0.9981497,0.5723277441705648,5
4884.0,0.9995637,0,0.9986904,0.5521292773125708,5
4887.0,0.9989873,0,1.0083144,0.1926379794408462,5
4889.0,1.0004503,0,1.0028274,0.3975972017820605,5
4893.0,0.99549496,0,1.0015467,0.4454349728260265,5
4896.0,0.99555546,0,1.0057287,0.2892219181864127,5
4907.0,1.0015855,0,1.0020087,0.4281798892557604,5
4912.0,0.9980118,0,1.0032396,0.3821989878501947,5
4917.0,1.0037632,0,0.9955265,0.6703143542257143,5
4922.0,1.0032297,0,1.0002061,0.4955125650405327,5
4925.0,1.0047044,0,1.0003744,0.4892250352337673,5
4937.0,0.9998243,0,0.99395186,0.729133037807558,5
4938.0,1.0013201,0,0.999934,0.5056763658790184,5
4941.0,0.9987012,0,1.0012809,0.455364995112915,5
4942.0,1.0006807,0,1.0010748,0.4630641020788479,5
4943.0,1.002183,0,1.0027715,0.3996856235096617,5
4946.0,1.0031546,0,0.9929963,0.764827682942849,5
4947.0,1.0047773,0,1.0038831,0.358162099821215,5
4950.0,0.9964301,0,1.0052814,0.3059292920072226,5
4955.0,0.99714047,0,0.99990934,0.5065981213110301,5
4956.0,1.0052738,0,0.9966856,0.6270163400075255,5
4960.0,1.0043497,0,0.9989585,0.5421146494546281,5
4966.0,0.9983873,0,1.0015304,0.4460450235225752,5
4975.0,0.9961083,0,0.99597085,0.6537160770623165,5
4979.0,1.0032759,0,0.9978624,0.5830592929200722,5
4985.0,0.9975757,0,0.9976846,0.5897008302478275,5
4989.0,0.9926296,0,0.99936384,0.5269747051607172,5
4992.0,1.0039661,0,1.000738,0.475643614617171,5
4993.0,1.0062215,0,1.0076256,0.21836697889091,5
4996.0,1.0024112,0,1.0041863,0.3468383120743282,5
4998.0,1.0066742,0,0.99916035,0.5345758477812189,5
5004.0,1.0059918,0,1.0092082,0.1592499493479805,5
5005.0,1.0019963,0,0.99839234,0.5632638157557838,5
5007.0,1.0031803,0,0.99735016,0.6021935107527001,5
5011.0,1.0011142,0,0.99087435,0.8440897442462645,5
5023.0,1.0004952,0,1.0075767,0.2201926780557639,5
5030.0,1.006833,0,1.0082241,0.1960088435086375,5
5049.0,1.0033808,0,1.0000564,0.5011054385796951,5
5056.0,1.0145533,0,0.9950118,0.6895398570165849,5
5061.0,1.0094421,0,1.0001159,0.498883429108324,5
5064.0,1.0076106,0,0.9985362,0.5578891355314455,5
5066.0,0.99531233,0,1.0093001,0.1558167443330965,5
5067.0,0.9911595,0,1.0000297,0.5021028937331763,5
5070.0,0.9951334,0,1.0002928,0.4922752887165113,5
5078.0,0.9962968,0,1.0001066,0.4992307572421255,5
5081.0,1.0000272,0,1.0046661,0.3289152897852132,5
5082.0,1.0022322,0,1.0007397,0.4755812736700783,5
5087.0,1.0015271,0,1.0011572,0.4599871310473502,5
5090.0,1.0030724,0,1.0018753,0.433162712098374,5
5103.0,0.9959163,0,0.9964534,0.6356906375029778,5
5107.0,1.0055685,0,0.9993889,0.5260395909543285,5
5113.0,0.987449,0,1.0007046,0.4768904335590224,5
5118.0,1.0040358,0,0.9974575,0.5981836519772099,5
5120.0,0.99420047,0,1.0015278,0.4461429878680064,5
5122.0,1.0085961,0,1.0010164,0.4652460352270881,5
5128.0,1.005233,0,1.0019932,0.4287587694787629,5
5129.0,1.0026317,0,0.9946219,0.7041053740122856,5
5130.0,1.0012228,0,1.000854,0.471310918794237,5
5131.0,1.0017463,0,1.0039151,0.3569687159768715,5
5132.0,1.0000038,0,0.999867,0.5081789096123062,5
5146.0,1.0008821,0,1.0060422,0.2775107259825935,5
5147.0,1.0088174,0,1.0014232,0.4500482029108769,5
5154.0,1.0077621,0,1.0024594,0.4113433806159731,5
5157.0,1.0009042,0,1.0089641,0.1683695393226656,5
5163.0,0.99746454,0,0.99366474,0.7398579071698769,5
5169.0,0.9978457,0,0.99951226,0.5214308137942705,5
5173.0,1.0014064,0,1.0006146,0.4802523917772291,5
5175.0,1.0017624,0,0.99677354,0.6237323079731845,5
5188.0,0.9988075,0,0.9972933,0.60431755587864,5
5191.0,0.992653,0,0.999873,0.5079562633726897,5
5193.0,0.98106945,0,1.000526,0.4835653678227202,5
5195.0,0.9990877,0,0.998457,0.5608481040559465,5
5199.0,1.0012703,0,1.0048517,0.3219820858835605,5
5202.0,1.0065829,0,1.0014614,0.4486232669773323,5
5205.0,0.9952036,0,0.9942209,0.7190827865512766,5
5206.0,1.0050287,0,1.0010073,0.4655844575113048,5
5214.0,0.9982264,0,0.9977639,0.5867396352609302,5
5232.0,0.99663574,0,1.0018619,0.4336614396751146,5
5237.0,1.0046419,0,1.0007386,0.4756213499932092,5
5244.0,1.0028777,0,0.9971479,0.6097478976628824,5
5248.0,1.0055084,0,1.0052636,0.3065972307260717,5
5253.0,1.0017594,0,1.0020541,0.4264833249098839,5
5265.0,1.0010713,0,0.9887371,0.923924006385494,5
5273.0,0.9968606,0,0.9985562,0.5571432706287307,5
5289.0,1.0025505,0,1.0001504,0.4975920809185493,5
5303.0,1.0008026,0,0.99929994,0.5293614728494043,5
5308.0,1.0023822,0,0.9977759,0.5862898898569053,5
5320.0,0.99748087,0,1.0056208,0.2932518151234684,5
5322.0,1.0076591,0,0.998555,0.557187799876654,5
5327.0,0.9988611,0,0.9964085,0.6373671636872889,5
5332.0,0.99981254,0,0.9966228,0.6293630313730816,5
5336.0,0.9958367,0,1.0013839,0.4515176680923447,5
5342.0,0.99999756,0,1.0058882,0.2832639048142796,5
5352.0,1.0040423,0,1.0080643,0.2019802156551476,5
5368.0,1.0021753,0,1.0074735,0.2240489109259189,5
5376.0,0.9976775,0,1.0040982,0.3501290234958576,5
5378.0,0.9969526,0,0.99575686,0.6617090770645428,5
5380.0,1.0014468,0,0.99686784,0.6202100444624541,5
5384.0,0.9974475,0,1.0040361,0.3524489973126599,5
5385.0,0.99678427,0,0.9984544,0.5609460684013777,5
5387.0,1.0017471,0,1.0034428,0.37461120400407,5
5388.0,0.99828357,0,0.99669856,0.626533197667558,5
5390.0,1.0031748,0,0.9995668,0.519393600701781,5
5393.0,0.9987422,0,0.998675,0.5527059310731771,5
5396.0,1.0014198,0,1.0051048,0.3125285265494508,5
5398.0,1.0044798,0,0.9921938,0.7948025461823962,5
5413.0,1.0047264,0,0.99530756,0.6784921506068223,5
5414.0,0.9966195,0,1.002087,0.4252543176672018,5
5416.0,1.0035766,0,0.9988776,0.5451381853886179,5
5451.0,1.0066472,0,1.0073066,0.2302830056351763,5
5453.0,1.0024269,0,0.99917006,0.5342129344106443,5
5460.0,1.0045136,0,1.0079855,0.2049235989428757,5
5465.0,1.001333,0,0.99330425,0.7533235517418728,5
5466.0,1.0064746,0,1.0043766,0.3397269911809825,5
5467.0,1.0068499,0,1.0011663,0.459644255838341,5
5471.0,1.0012621,0,0.9998692,0.508096530503648,5
5474.0,1.0002257,0,0.9994457,0.5239177722907848,5
5482.0,1.0025457,0,1.0002027,0.4956416998595102,5
5483.0,1.0009449,0,0.9945105,0.708266632230715,5
5493.0,0.9995441,0,0.9966547,0.6281718739911342,5
5502.0,1.0060318,0,1.0039339,0.3562651538596839,5
5514.0,1.0010014,0,1.0017401,0.4382123288128725,5
5515.0,1.0029595,0,1.0059949,0.2792785371251473,5
5518.0,0.9988066,0,1.0053171,0.3045978674943169,5
5519.0,1.0007706,0,1.0037478,0.3632161694605059,5
5544.0,0.9972966,0,0.9956555,0.6654962896004168,5
5553.0,1.0017449,0,1.0008197,0.472593361134427,5
5557.0,1.0033094,0,0.991208,0.831626007752542,5
5561.0,0.99929744,0,1.000843,0.471720587875131,5
5569.0,0.9997091,0,0.9935028,0.7459072055002527,5
5584.0,1.005572,0,0.9999755,0.5041267480512888,5
5585.0,0.9914996,0,0.997296,0.6042173650708127,5
5586.0,0.9992775,0,1.0010003,0.4658471800740521,5
5596.0,0.9963892,0,1.0030825,0.3880679427264814,5
5597.0,0.9941719,0,0.9990829,0.5374680224338351,5
5620.0,1.0030946,0,0.9973021,0.6039880394440078,5
5627.0,0.9972732,0,1.0013809,0.4516289912121529,5
5631.0,1.0022676,0,1.0052176,0.3083160596959098,5
5639.0,1.0032607,0,1.001664,0.4410532948303769,5
5645.0,1.0036684,0,0.9969008,0.6189788107573757,5
5650.0,1.0040596,0,0.9993841,0.5262177079460216,5
5660.0,1.0037264,0,1.0066363,0.2553218017424294,5
5662.0,1.002585,0,0.99521923,0.6817917678779364,5
5669.0,1.0057524,0,1.0021507,0.4228764558280993,5
5670.0,1.0006192,0,1.0037049,0.3648192223857435,5
5672.0,1.0051092,0,1.0020542,0.4264788719850916,5
5685.0,1.0074357,0,0.9986011,0.5554667444444197,5
5687.0,0.9973569,0,1.0110915,0.0889026434788029,5
5689.0,1.0042192,0,1.0011877,0.4588471823005146,5
5694.0,0.99953455,0,0.99592716,0.6553480739987042,5
5701.0,0.9980515,0,0.99844474,0.5613067553095562,5
5706.0,1.0040293,0,0.9997244,0.513506834126325,5
5723.0,1.0041445,0,0.99779403,0.5856130452884716,5
5728.0,0.99336815,0,1.0057567,0.288175480860216,5
5729.0,1.0019855,0,1.0010537,0.4638522697670898,5
5739.0,0.99874926,0,0.99760926,0.592515078716578,5
5740.0,1.0015289,0,0.99908286,0.5374702488962313,5
5746.0,1.0069909,0,0.99572706,0.6628223082626246,5
5754.0,0.99732137,0,0.999391,0.5259594383080667,5
5759.0,1.0055522,0,1.0008934,0.4698414536127692,5
5762.0,1.0005361,0,0.9950411,0.6884466639800687,5
5766.0,1.0007468,0,1.0036156,0.3681544630551963,5
5767.0,1.0076537,0,1.0014406,0.4493980758911973,5
5770.0,0.98859006,0,0.9973676,0.6015411572706243,5
5773.0,1.0085082,0,0.9971828,0.6084454171611269,5
5784.0,1.003335,0,0.9947384,0.6997526400277863,5
5785.0,1.000206,0,1.0039209,0.3567505226620475,5
5788.0,1.0015004,0,1.0010912,0.4624495984575069,5
5800.0,1.0006247,0,1.0045446,0.3334528201485941,5
5807.0,1.0077153,0,1.0028307,0.3974725198878753,5
5808.0,1.0036523,0,1.0026304,0.4049578864637766,5
5809.0,0.9954467,0,0.9999046,0.5067762383027232,5
5810.0,0.9995876,0,0.9995959,0.5183070870524532,5
5816.0,1.0027006,0,1.0044993,0.3351449315696783,5
5831.0,1.0034205,0,0.9964695,0.6350894926560138,5
5832.0,1.0040063,0,1.0025498,0.4079680636233894,5
5848.0,0.97979075,0,0.99416566,0.72114671719252,5
5849.0,1.0025979,0,1.004715,0.3270895906203592,5
5850.0,0.9993853,0,1.0012406,0.4568700836927214,5
5860.0,1.0038857,0,1.0030745,0.3883662886875672,5
5861.0,1.0012572,0,1.0022138,0.4205164056881662,5
5862.0,1.0001857,0,1.0029442,0.3932333354855803,5
5863.0,1.0014598,0,0.9983825,0.5636311820511508,5
5867.0,0.99759567,0,0.99971396,0.5138964650456537,5
5869.0,1.0058041,0,1.0005041,0.484380253059716,5
5887.0,0.9892217,0,0.99889797,0.54437673524913,5
5890.0,0.9983141,0,1.0036905,0.3653580262856151,5
5893.0,0.9934822,0,0.99861234,0.5550459430515449,5
5897.0,0.99948055,0,1.0075394,0.2215864435157623,5
5903.0,1.0006398,0,0.99962556,0.5171983087791638,5
5909.0,1.0008626,0,0.9949586,0.6915280879363588,5
5912.0,1.0016307,0,1.0001819,0.496416508773375,5
5913.0,1.0075994,0,0.9984196,0.5622463224407371,5
5917.0,1.001662,0,1.0032492,0.3818427538668085,5
5929.0,1.0016004,0,1.0052055,0.3087658050999348,5
5932.0,0.99844325,0,1.0015928,0.4437161438561883,5
5944.0,0.99746704,0,1.0004865,0.4850392859289802,5
5945.0,0.99950176,0,0.99682623,0.6217641152149761,5
5949.0,1.0003473,0,1.0002267,0.4947422090514602,5
5951.0,0.9995418,0,1.0006032,0.4806798725572925,5
5953.0,1.0012568,0,0.99742466,0.599410432757496,5
5955.0,0.99308914,0,1.0025275,0.4088007605595545,5
5961.0,0.9964705,0,1.0077238,0.2146977688620328,5
5967.0,1.0033845,0,1.0037181,0.3643249477337952,5
5978.0,0.99783885,0,1.0009283,0.4685367466486174,5
5980.0,1.0033787,0,1.0023409,0.4157695878595459,5
5989.0,1.0000352,0,1.0023372,0.4159076285281079,5
5992.0,1.0019374,0,1.0026371,0.4047040697506139,5
5993.0,0.9980753,0,0.9970261,0.6142987868006403,5
5995.0,0.9989676,0,0.9996512,0.5162409299488137,5
6002.0,1.0037818,0,1.004408,0.3385558719606005,5
6005.0,1.0033237,0,1.0012507,0.4564915850853737,5
6007.0,1.0028138,0,1.0076491,0.2174897527068217,5
6010.0,0.99959177,0,0.99831325,0.5662183313554926,5
6014.0,1.0004504,0,1.0036844,0.3655851254500237,5
6017.0,0.9969098,0,1.000315,0.4914470447051384,5
6026.0,1.0027264,0,0.9995101,0.5215109664405323,5
6030.0,0.9956727,0,1.0080129,0.2038994262406405,5
6037.0,0.9981524,0,1.0016829,0.4403497327131893,5
6038.0,1.0037814,0,1.0021086,0.4244483382797906,5
6055.0,1.00691,0,1.0050584,0.314260714293666,5
6057.0,0.999225,0,1.0039593,0.3553166808789183,5
6058.0,1.0024097,0,0.99756277,0.5942517193855854,5
6066.0,0.9968365,0,1.0044478,0.3370685950799634,5
6067.0,1.0049322,0,0.9919599,0.8035391846249413,5
6072.0,1.0055689,0,1.0000728,0.500490934958354,5
6074.0,0.99791753,0,1.0039217,0.3567193521885012,5
6087.0,1.0016654,0,0.99856764,0.5567157898486674,5
6090.0,1.00183,0,1.0040438,0.3521595572011586,5
6097.0,1.0003353,0,0.99702555,0.6143188249622058,5
6100.0,0.9996264,0,0.99670583,0.626261569255226,5
6101.0,0.9949679,0,0.99709105,0.6118719427888223,5
6103.0,0.99637073,0,1.0019248,0.4313147483095584,5
6118.0,0.9940831,0,0.9962077,0.6448681154999633,5
6130.0,1.0034885,0,1.0103654,0.1160254083888649,5
6135.0,1.0047184,0,1.0037422,0.3634254569257452,5
6144.0,1.0075433,0,1.002383,0.4141977054078545,5
6149.0,0.99715644,0,0.99996173,0.5046410608648025,5
6150.0,1.0052949,0,0.9982381,0.5690259004370546,5
6177.0,1.0022167,0,1.0020095,0.4281487187822141,5
6184.0,0.99788135,0,1.0022738,0.4182765845176258,5
6189.0,1.0014577,0,1.0061811,0.2723230685995329,5
6192.0,1.0041891,0,0.991913,0.8052914105307218,5
6207.0,0.9981754,0,0.99823046,0.5693108876237635,5
6210.0,1.0016538,0,0.99700785,0.6149800842938663,5
6214.0,1.0077667,0,1.0007256,0.4761067187955728,5
6217.0,1.0094497,0,0.99959826,0.5182180285566067,5
6222.0,1.0019447,0,0.99361926,0.7415566979781495,5
6239.0,0.9995736,0,1.0015208,0.4464057104307537,5
6245.0,1.0009099,0,1.0025953,0.4062670463527206,5
6254.0,1.0005002,0,1.0006616,0.4784979394090524,5
6270.0,1.0034404,0,1.0009782,0.4666709711606326,5
6271.0,1.0033126,0,1.0017272,0.4386932446904438,5
6275.0,0.9949308,0,0.99711066,0.6111394366604845,5
6276.0,0.995499,0,0.9989198,0.5435618500121342,5
6287.0,1.0063399,0,1.0026927,0.4026290067973896,5
6288.0,1.0043658,0,1.0053381,0.3038141527308674,5
6289.0,1.00304,0,1.0025259,0.4088586485818547,5
6297.0,1.0003132,0,0.9985714,0.556575522717709,5
6303.0,1.0071737,0,0.99534637,0.67704272358692,5
6309.0,1.0051383,0,0.9987483,0.5499673823258961,5
6311.0,0.9883214,0,0.99303126,0.763520749516301,5
6314.0,1.0040162,0,0.9985706,0.5566044667288592,5
6316.0,0.99514663,0,1.0005792,0.4815749104405501,5
6320.0,1.0026555,0,0.9977919,0.5856931979347335,5
6325.0,1.0005623,0,1.0051987,0.3090196218130974,5
6327.0,1.0033244,0,1.0040873,0.3505342396519594,5
6328.0,0.99898505,0,0.9969565,0.616897068416963,5
6334.0,1.0035415,0,1.0019898,0.428883451372948,5
6344.0,1.0008953,0,0.9928955,0.7685926308547611,5
6352.0,1.0010109,0,0.99991846,0.5062574725644171,5
6353.0,1.005942,0,1.0027376,0.4009502541506825,5
6359.0,1.0068773,0,0.9935677,0.7434825879508309,5
6361.0,0.9998808,0,1.0013112,0.4542339522156641,5
6371.0,1.0031681,0,1.0045388,0.3336710134634181,5
6374.0,0.9995019,0,0.9960445,0.6509641695406585,5
6375.0,1.002373,0,0.99826765,0.5679215750885576,5
6381.0,1.0012873,0,1.003569,0.369895556648996,5
6383.0,1.0069923,0,1.0044426,0.3372645237708257,5
6385.0,0.9976396,0,0.998559,0.557038626896111,5
6388.0,1.001555,0,1.006373,0.2651538596838868,5
6396.0,0.99795574,0,1.0067955,0.2493726942198809,5
6400.0,1.0056052,0,1.0004948,0.4847275811935174,5
6414.0,0.99994314,0,0.9979869,0.578408212974487,5
6416.0,1.0003237,0,0.9988557,0.5459552970880098,5
6419.0,0.9995692,0,0.99516094,0.6839692481013842,5
6420.0,0.99205804,0,0.9982982,0.5667793998793258,5
6431.0,1.0005473,0,0.99771196,0.5886788840079886,5
6436.0,1.0025413,0,1.0025655,0.4073802775508023,5
6438.0,0.99780643,0,0.9997351,0.5131060708950157,5
6448.0,0.99577254,0,1.0004007,0.4882453917794556,5
6451.0,1.0075097,0,1.0022286,0.4199642430139176,5
6454.0,1.0005825,0,1.0037013,0.3649528101295133,5
6455.0,1.0014827,0,1.0025395,0.4083510151555295,5
6458.0,1.0003815,0,1.0039622,0.3552098106839024,5
6463.0,0.9952079,0,0.99626374,0.6427752408475698,5
6466.0,0.9979118,0,1.0041692,0.3474750803196309,5
6479.0,1.000195,0,0.99807686,0.5750484812186765,5
6480.0,1.0039456,0,0.99345887,0.7475481082862251,5
6481.0,1.002793,0,0.99664026,0.6287106778910058,5
6482.0,1.0049872,0,0.99936754,0.526836664492155,5
6485.0,1.0063254,0,1.0036875,0.3654693494054232,5
6489.0,1.001935,0,0.99924904,0.5312628717357278,5
6495.0,1.0018761,0,1.0000151,0.5026461505578401,5
6509.0,1.000985,0,1.0063633,0.2655189995168576,5
6511.0,1.0055779,0,1.0008746,0.4705405628051645,5
6516.0,1.0000203,0,0.9982911,0.5670465753668654,5
6519.0,0.9995965,0,0.9960994,0.6489135976737921,5
6526.0,0.9850961,0,0.9954497,0.6731820377919727,5
6530.0,0.9985707,0,0.9986222,0.5546785767561779,5
6531.0,1.0019227,0,1.0041225,0.3492206268382229,5
6532.0,1.0001863,0,0.99783075,0.5842415444524349,5
6535.0,0.9952301,0,1.0088995,0.1707830245601067,5
6540.0,1.0049869,0,0.998621,0.5547231060041011,5
6541.0,1.0046651,0,0.99985915,0.5084728026485996,5
6543.0,1.0025554,0,1.0022058,0.420814751649252,5
6546.0,0.99913704,0,0.9995083,0.5215777603124172,5
6547.0,0.997943,0,0.99536645,0.6762924057594129,5
6551.0,1.002787,0,1.0055375,0.2963644095533049,5
6554.0,1.0001448,0,0.9973836,0.6009444653484525,5
6560.0,1.008607,0,1.0033437,0.3783115845064935,5
6563.0,0.9985363,0,0.9963136,0.6409139182843772,5
6567.0,1.0009819,0,1.0060854,0.2758987672077713,5
6571.0,1.0030273,0,1.0024362,0.4122117009504767,5
6575.0,0.9992834,0,1.0044159,0.338261978924307,5
6583.0,1.004387,0,0.9953147,0.6782249751192827,5
6587.0,0.99589086,0,0.9949044,0.6935519422544714,5
6597.0,1.0075384,0,1.0029,0.3948853705835335,5
6605.0,1.0011714,0,0.99798036,0.578653123838065,5
6614.0,1.0006372,0,0.9953623,0.6764482581271444,5
6615.0,0.99823034,0,1.0011466,0.4603834413538672,5
6617.0,0.9981461,0,1.0007707,0.4744235132240734,5
6619.0,1.0014083,0,0.99944216,0.5240491335721585,5
6620.0,1.0047199,0,0.9947134,0.7006855277717787,5
6625.0,1.0049562,0,0.99927044,0.5304635717355052,5
6628.0,1.0002338,0,1.0016516,0.4415163990087789,5
6631.0,1.0019006,0,0.995986,0.653150555613691,5
6634.0,1.001799,0,1.0003301,0.4908815232565129,5
6642.0,0.99270374,0,1.0053234,0.3043618624803236,5
6646.0,1.0079795,0,0.99893767,0.5428939112932852,5
6647.0,1.0059131,0,1.0038617,0.3589636262838338,5
6650.0,0.99894303,0,1.0017664,0.4372282324337683,5
6652.0,1.0004973,0,1.0009141,0.4690666446989043,5
6658.0,0.9991776,0,1.0009979,0.4659362385698986,5
6661.0,1.0012408,0,0.99948657,0.5223904190870168,5
6670.0,0.9994447,0,0.9990546,0.5385255920720127,5
6671.0,1.0012331,0,0.9989606,0.5420367232707624,5
6673.0,1.0018733,0,0.99967194,0.5154661210349487,5
6681.0,0.99989897,0,0.9930875,0.7614211954767189,5
6691.0,1.0079703,0,0.9972127,0.6073277330382528,5
6693.0,1.0010494,0,0.99864477,0.553834747508032,5
6698.0,1.0049565,0,0.99728394,0.6046671104748376,5
6702.0,1.0023577,0,1.0041268,0.3490603215456992,5
6707.0,1.0019337,0,1.0024124,0.4130978329841498,5
6712.0,1.0030035,0,0.99885947,0.5458150299570516,5
6718.0,1.002555,0,1.0066283,0.2556201477035154,5
6719.0,0.99809307,0,1.0005938,0.4810316536158863,5
6722.0,1.0051407,0,1.0027497,0.4005005087466575,5
6723.0,0.9996778,0,0.9984667,0.5604874171477681,5
6749.0,1.0070604,0,0.99941427,0.525091117973563,5
6750.0,1.007878,0,1.0043371,0.3412053622120349,5
6751.0,0.99971503,0,1.0000648,0.5007892809194399,5
6757.0,0.99812156,0,1.0021063,0.4245329438508448,5
6758.0,0.98932344,0,0.99559903,0.6676047494895835,5
6767.0,0.9998197,0,0.9987463,0.5500430820473657,5
6779.0,1.0061054,0,1.0009366,0.4682250419131546,5
6782.0,1.0029099,0,1.0053358,0.3038987583019217,5
6786.0,0.9983693,0,1.003115,0.3868522942581761,5
6794.0,0.99795353,0,0.99767196,0.5901728402758142,5
6798.0,1.000154,0,1.001816,0.4353758157201604,5
6799.0,1.0014807,0,0.99481076,0.6970497146788439,5
6805.0,0.99744964,0,0.9971931,0.6080602391665906,5
6806.0,1.0055821,0,1.0013925,0.4511970575072972,5
6816.0,1.0043279,0,1.0023642,0.4149012675250421,5
6825.0,1.0004295,0,1.0020803,0.425503681455572,5
6832.0,0.9965115,0,1.0016484,0.4416366279781717,5
6833.0,0.9994102,0,1.0003167,0.4913802508332535,5
6842.0,0.995753,0,0.99936986,0.5267498324587048,5
6846.0,0.9934581,0,0.99971884,0.5137138951291682,5
6860.0,0.982205,0,0.999814,0.5101604611448916,5
6868.0,1.0047773,0,0.995955,0.6543083160596959,5
6870.0,1.010045,0,1.0050476,0.3146659304497676,5
6888.0,1.0063475,0,1.002827,0.3976105605564375,5
6892.0,1.0010661,0,1.0027685,0.3997969466294698,5
6894.0,1.0015701,0,0.99279004,0.7725312428335742,5
6896.0,0.99789673,0,0.9969193,0.618288607414565,5
6898.0,1.0039352,0,1.0013489,0.4528268279812888,5
6900.0,1.0016094,0,0.99909997,0.5368312541885324,5
6902.0,1.0024992,0,0.9922697,0.7919682595520803,5
6910.0,1.0034928,0,0.99803007,0.5767962541996647,5
6913.0,0.9930214,0,1.0029136,0.3943777371572082,5
6915.0,1.0022839,0,1.0008055,0.473123259184714,5
6917.0,0.999663,0,0.99546945,0.6724450787388426,5
6924.0,0.9987343,0,0.99883145,0.5468614672832484,5
6935.0,0.9998991,0,0.9989341,0.5430274990370549,5
6940.0,0.9964555,0,0.9975695,0.5940001291348189,5
6941.0,1.002724,0,0.99661344,0.6297125859692793,5
6944.0,1.007289,0,1.0011344,0.4608376396826845,5
6949.0,0.9996482,0,0.99782735,0.5843684528090163,5
6953.0,0.99833727,0,0.99322814,0.7561667442217734,5
6954.0,0.99071085,0,1.0038701,0.3586474686235786,5
6959.0,1.0012095,0,0.9987391,0.5503102575349054,5
6969.0,1.0043757,0,0.9939767,0.7282046029883578,5
6971.0,1.0031512,0,0.9950566,0.6878655572946701,5
6973.0,1.0000783,0,1.0019537,0.4302326875850231,5
6978.0,1.0092925,0,0.99933904,0.5279009135175212,5
6987.0,1.0005774,0,0.99707633,0.6124218790006746,5
6996.0,0.99637854,0,1.0013388,0.4532008736638442,5
7007.0,1.0000174,0,1.0011775,0.4592256809078623,5
7008.0,1.0046039,0,1.0008833,0.4702154992953247,5
7010.0,1.0059454,0,1.0039413,0.3559890725225596,5
7016.0,1.0009824,0,1.00404,0.3523020507945131,5
7018.0,1.0001365,0,1.0016274,0.4424203427416212,5
7020.0,0.9994033,0,1.0028361,0.3972721382722206,5
7021.0,0.9982923,0,0.9976681,0.5903175603315648,5
7031.0,1.0044322,0,0.9983284,0.5656528099068671,5
7037.0,0.99615633,0,1.0049326,0.3189585499495706,5
7038.0,1.0072453,0,0.9971178,0.6108722611729449,5
7039.0,0.99543935,0,1.0055596,0.2955406184667244,5
7041.0,0.9954785,0,0.9919806,0.8027666021734726,5
7044.0,0.99501735,0,1.0028878,0.3953395689123509,5
7048.0,0.9984909,0,0.99214906,0.796474619441915,5
7052.0,0.99936694,0,0.9938957,0.7312303653847438,5
7062.0,1.0020086,0,0.9988667,0.5455456280071158,5
7067.0,0.99946404,0,0.99757695,0.5937218213352986,5
7069.0,0.99881446,0,0.9989569,0.5421747639393244,5
7070.0,1.0081177,0,0.9981558,0.5721006450061561,5
7071.0,1.004148,0,1.0017964,0.4361105483108943,5
7073.0,0.9987802,0,1.0029197,0.3941506379927996,5
7077.0,0.99750566,0,1.0029446,0.3932199767112033,5
7083.0,1.0104702,0,1.0020385,0.4270666580576787,5
7085.0,0.9992619,0,0.9998945,0.5071525104476748,5
7090.0,0.99971163,0,0.99926615,0.5306238770280289,5
7101.0,0.99809265,0,0.999821,0.5098977385821442,5
7105.0,0.9943001,0,0.996426,0.636714810205213,5
7112.0,1.0006897,0,0.9956049,0.6673865561747595,5
7118.0,1.0060911,0,0.9977676,0.5865993681299719,5
7137.0,1.0001991,0,1.0063089,0.2675495332221587,5
7139.0,1.0033941,0,1.0013641,0.4522568536078709,5
7150.0,0.9998743,0,0.9982481,0.5686518547544992,5
7161.0,1.0058736,0,0.9992459,0.5313808742427244,5
7177.0,0.99624735,0,0.9991289,0.5357514199263931,5
7184.0,1.0048084,0,1.0134715,0.0,5
7185.0,1.0007726,0,1.0012509,0.4564871321605813,5
7188.0,0.99821687,0,0.9968437,0.6211117617329003,5
7198.0,1.0038707,0,1.0011803,0.4591232636376388,5
7211.0,0.9986909,0,1.0005388,0.4830844519451488,5
7226.0,1.007262,0,1.0036439,0.3670991198794148,5
7228.0,1.0046574,0,1.0053375,0.3038364173548291,5
7229.0,1.0025465,0,1.0064858,0.2609413928303458,5
7231.0,1.0070101,0,1.000059,0.5010074742342638,5
7236.0,0.99615383,0,0.99850386,0.5590981046125622,5
7243.0,1.0059831,0,0.9972368,0.6064282422302029,5
7245.0,0.9974249,0,0.9977616,0.5868242408319845,5
7246.0,0.99990076,0,0.99667865,0.6272768361078765,5
7247.0,1.0012362,0,1.0013157,0.4540647410735556,5
7251.0,1.0020057,0,0.99314713,0.7591925066181595,5
7256.0,1.0011834,0,0.9994065,0.5253805580850642,5
7259.0,0.99414843,0,0.99168414,0.8138410261319892,5
7261.0,1.0019208,0,1.0006012,0.480755572278762,5
7262.0,0.9997215,0,0.9989766,0.5414400313485905,5
7264.0,1.0036852,0,1.0026324,0.404882186742307,5
7275.0,0.9974413,0,1.0010494,0.4640125750596136,5
7278.0,0.99797225,0,1.0032638,0.3812950441173524,5
7287.0,0.99700403,0,0.997036,0.6139291940428773,5
7288.0,0.98631626,0,0.9974733,0.5975936394422267,5
7291.0,1.0013503,0,1.0017583,0.4375310313196465,5
7298.0,0.99626535,0,1.0051278,0.3116691120645317,5
7311.0,1.0032294,0,0.99907297,0.5378398416539945,5
7312.0,1.0018821,0,0.99590796,0.6560649948902688,5
7316.0,1.003944,0,1.0014342,0.4496385338299828,5
7325.0,1.0007397,0,0.99953216,0.5206871753539519,5
7328.0,0.9979765,0,1.0049074,0.3199025700055439,5
7329.0,1.0097129,0,1.0000108,0.502806455850364,5
7335.0,1.0052816,0,1.0006236,0.4799184224178046,5
7338.0,1.0039324,0,0.9973107,0.6036674288589603,5
7339.0,1.0013354,0,0.9999779,0.5040376895554423,5
7340.0,1.0008411,0,1.0018502,0.4340978263047627,5
7353.0,1.0052152,0,1.0096797,0.1416386317943283,5
7357.0,1.0041491,0,0.99956095,0.519611794016605,5
7359.0,1.0011315,0,0.9968396,0.6212653876382355,5
7368.0,0.9985636,0,1.001657,0.4413160173931242,5
7374.0,1.0035297,0,0.9977122,0.5886699781584039,5
7381.0,1.0007298,0,0.99633557,0.6400923536601928,5
7384.0,1.0023749,0,1.0048925,0.3204591856045847,5
7387.0,0.9985499,0,1.0035468,0.3707238006603687,5
7390.0,1.0052367,0,1.0012878,0.4551067254749601,5
7395.0,1.004144,0,0.99388075,0.7317892074461808,5
7396.0,1.0023507,0,1.0028869,0.3953751923106895,5
7400.0,1.0012329,0,0.9986016,0.5554467062828543,5
7404.0,1.0028229,0,0.9993008,0.529330302375858,5
7409.0,1.001682,0,0.99827224,0.567750137484053,5
7416.0,0.9973135,0,1.0074457,0.225086442402531,5
7422.0,1.0043612,0,1.0013945,0.4511213577858276,5
7424.0,0.9997971,0,1.0035,0.3724738001037532,5
7428.0,0.99582624,0,1.0030853,0.3879655254562578,5
7437.0,1.001556,0,1.0070862,0.2385164635761884,5
7442.0,0.9993882,0,1.0027233,0.4014846051257617,5
7444.0,0.9973573,0,0.9971995,0.6078220076902011,5
7454.0,1.0043079,0,1.0007974,0.4734260580705922,5
7455.0,1.0019073,0,0.9998052,0.5104877511171275,5
7460.0,0.9993172,0,1.0022829,0.4179381622334089,5
7463.0,0.99760586,0,1.0018122,0.4355183093135149,5
7464.0,1.0007923,0,1.0008028,0.4732256764549375,5
7466.0,1.0008163,0,1.0035796,0.3694992463424789,5
7469.0,0.9923623,0,0.99786484,0.5829680079618296,5
7471.0,1.002781,0,0.999162,0.5345135068341264,5
7483.0,0.9990664,0,0.9997959,0.510835079250929,5
7492.0,1.0023668,0,0.9999593,0.5047323458230453,5
7500.0,1.000476,0,1.00242,0.4128172987222333,5
7503.0,1.0040545,0,0.9946164,0.7043102085527326,5
7518.0,1.0040573,0,0.997862,0.5830748781568453,5
7520.0,1.005617,0,1.0000716,0.5005354642062774,5
7528.0,1.0027671,0,0.9952198,0.6817695032539748,5
7540.0,0.9973411,0,0.9991178,0.5361655419320795,5
7542.0,0.9991504,0,0.9976642,0.5904622803873154,5
7545.0,1.0032717,0,1.0066665,0.2541907588451785,5
7547.0,1.0010313,0,0.9976446,0.5911947865156532,5
7548.0,0.99983704,0,0.99566704,0.6650643558955611,5
7551.0,0.99851286,0,0.9987418,0.550210066727078,5
7557.0,1.0004851,0,0.9987807,0.5487561867823834,5
7570.0,0.9976119,0,1.0019885,0.4289324335456637,5
7573.0,1.0085562,0,0.9966832,0.6271076249657681,5
7574.0,1.0124127,0,0.99513155,0.6850668940626927,5
7580.0,1.0001318,0,1.0048116,0.3234782686137822,5
7589.0,0.9974879,0,0.9950243,0.6890722999133907,5
7590.0,0.9938012,0,1.0010396,0.4643777148925843,5
7593.0,1.0019902,0,1.0018107,0.4355761973358151,5
7600.0,1.001762,0,1.005827,0.2855527081575355,5
7603.0,1.0031942,0,0.9973113,0.6036451642349987,5
7606.0,1.0007122,0,0.99963814,0.5167285252135734,5
7610.0,1.0001265,0,0.98982245,0.8833823526137555,5
7616.0,0.99730563,0,1.0033259,0.3789750703005501,5
7620.0,1.0036453,0,1.0005811,0.4815036636438728,5
7623.0,0.9982181,0,1.0039657,0.3550762229401326,5
7628.0,1.0032508,0,1.0051655,0.3102619878301565,5
7641.0,0.99428695,0,1.0011938,0.4586200831361059,5
7655.0,0.9986576,0,1.0044171,0.3382174496763837,5
7656.0,1.0029325,0,1.0000145,0.5026684151818017,5
7657.0,1.0027494,0,1.0018407,0.4344540602881488,5
7662.0,1.0033042,0,1.0012132,0.4578942563949566,5
7671.0,1.005196,0,0.9983427,0.5651184589317879,5
7673.0,1.0095708,0,0.9965693,0.6313623946048363,5
7676.0,1.001504,0,0.9981651,0.5717533168723548,5
7680.0,1.0060557,0,1.0046612,0.3290978597016986,5
7681.0,0.99633986,0,0.99932325,0.5284909260525044,5
7683.0,0.99939966,0,1.0040106,0.3534019232182178,5
7691.0,1.0050848,0,1.0023592,0.4150882903663199,5
7692.0,0.9971287,0,0.9988639,0.5456502717397355,5
7697.0,0.99736357,0,1.0025289,0.4087473254620466,5
7698.0,1.0038797,0,0.9996348,0.5168532071077585,5
7706.0,1.0084562,0,0.9997498,0.5125583611455594,5
7709.0,1.0107063,0,1.0023228,0.4164464324279795,5
7712.0,1.006708,0,1.0038973,0.3576322017709281,5
7720.0,1.0036123,0,1.0008489,0.471502394560307,5
7722.0,1.0017605,0,0.9945624,0.7063273834836566,5
7725.0,0.9992125,0,0.9932112,0.7567990595422839,5
7728.0,0.9986244,0,0.9972959,0.6042195915332088,5
7730.0,0.9998147,0,0.9927774,0.7730032528615608,5
7731.0,1.0012884,0,1.0062152,0.2710495321089274,5
7739.0,1.0050462,0,1.0018325,0.4347613120988193,5
7749.0,1.0047454,0,0.99989045,0.5073039098906139,5
7752.0,0.9933691,0,0.9963875,0.6381531049131346,5
7760.0,0.99597037,0,1.0016719,0.4407594017940833,5
7769.0,0.9995663,0,0.9963095,0.6410653177273162,5
7770.0,0.9973839,0,0.9995653,0.5194492622616851,5
7773.0,1.0040271,0,0.9985255,0.5582898987627549,5
7778.0,1.0087069,0,0.9970507,0.6133792578310249,5
7780.0,1.0005444,0,1.0009514,0.4676728792389061,5
7822.0,1.0010287,0,1.0051452,0.311018985044852,5
7823.0,0.999225,0,1.0004666,0.4857829243692988,5
7827.0,1.0030383,0,0.99953467,0.5205936639333131,5
7831.0,0.9971212,0,0.9970628,0.6129272859646038,5
7834.0,1.0012002,0,0.99560493,0.6673843297123634,5
7836.0,0.9993859,0,0.9986412,0.5539683352518018,5
7841.0,1.0041387,0,1.0043917,0.3391659226571493,5
7842.0,1.0064878,0,1.0037583,0.3628243120787812,5
7846.0,1.003349,0,0.9994103,0.5252402909541058,5
7850.0,1.0032302,0,1.0010083,0.4655488341129662,5
7857.0,0.99884105,0,0.99890804,0.5440004631041784,5
7858.0,1.0065432,0,1.0019768,0.4293688201753116,5
7869.0,1.0019867,0,0.9996488,0.5163299884446602,5
7871.0,1.0073758,0,1.0007313,0.4758929784055412,5
7881.0,0.9998917,0,1.0014998,0.4471894251942031,5
7882.0,0.99972075,0,0.9985821,0.5561747594863997,5
7883.0,1.0047954,0,1.0003852,0.488824272002458,5
7885.0,1.0002323,0,0.99970365,0.5142816430401899,5
7890.0,0.99396276,0,0.9944104,0.7120048625938733,5
7896.0,0.9973108,0,1.0068969,0.2455877081464033,5
7897.0,1.0007544,0,1.0055652,0.295331331001485,5
7898.0,1.0077832,0,1.0020722,0.4258064803414503,5
7912.0,0.9938462,0,1.0056498,0.2921697543989331,5
7913.0,0.99935186,0,1.0029465,0.3931487299145261,5
7914.0,1.0035268,0,0.99367714,0.7393948029914749,5
7920.0,1.0038432,0,0.9996339,0.516886604043701,5
7929.0,1.0001273,0,0.99645835,0.6355058411240964,5
7936.0,1.0042706,0,0.99760836,0.5925484756525204,5
7940.0,1.001749,0,0.9963204,0.6406578751088183,5
7941.0,1.0020921,0,1.0023266,0.416303938834625,5
7947.0,0.99677974,0,0.9963919,0.6379883466958185,5
7948.0,1.0041914,0,1.003229,0.3825952981567118,5
7951.0,1.0022929,0,1.005267,0.3064680959070942,5
7961.0,1.0001421,0,1.0037274,0.3639776195999937,5
7962.0,1.0013785,0,0.99811363,0.5736747539202436,5
7964.0,0.9916576,0,1.0014633,0.4485520201806552,5
7965.0,1.0023597,0,1.0023408,0.4157740407843382,5
7972.0,0.9985763,0,0.9946924,0.7014714689976244,5
7977.0,1.0008,0,1.0002024,0.4956506057090949,5
7979.0,1.0003115,0,0.99933773,0.5279498956902368,5
7986.0,1.0045344,0,1.0018665,0.4334922285330062,5
7987.0,1.0014833,0,1.0057762,0.2874496541190667,5
7990.0,1.0008124,0,1.0015101,0.4468020207372707,5
7993.0,0.996477,0,0.99996763,0.5044206410875823,5
7994.0,1.0037916,0,0.9987142,0.5512409188165017,5
7995.0,1.004808,0,1.0020658,0.4260469382802359,5
8000.0,0.99942267,0,0.99947035,0.5229960168587733,5
8002.0,0.9999029,0,1.005116,0.3121099516189721,5
8016.0,1.0081092,0,0.9954993,0.6713296210783648,5
8022.0,0.9973363,0,1.0010887,0.4625431098781457,5
8023.0,1.0038891,0,1.0040724,0.3510908552510002,5
8030.0,1.0025647,0,1.0039665,0.3550495053913787,5
8031.0,1.0008593,0,1.0002769,0.4928675277138906,5
8045.0,0.99648046,0,0.9961855,0.6456985859737322,5
8055.0,1.0049603,0,1.0055635,0.2953936719485776,5
8069.0,1.0006511,0,1.0078224,0.2110152000587786,5
8072.0,1.0025438,0,1.0023173,0.4166512669684266,5
8085.0,1.0101255,0,0.9970854,0.6120834567164578,5
8095.0,1.0002424,0,1.0086077,0.1816793315269301,5
8099.0,1.0055664,0,0.9994935,0.5221321494490618,5
8106.0,0.99428004,0,0.99838966,0.5633640065636112,5
8114.0,0.9976094,0,0.9964916,0.6342634751070372,5
8123.0,0.9979278,0,0.99617803,0.6459768937732526,5
8127.0,1.0010703,0,1.0038931,0.3577880541386596,5
8136.0,0.9932636,0,0.99359375,0.7425096238837074,5
8138.0,1.0014453,0,1.0016261,0.4424693249143369,5
8142.0,1.0021489,0,1.0038658,0.3588077739161024,5
8156.0,0.98692846,0,1.0021985,0.4210908329863763,5
8161.0,1.0027784,0,1.0056493,0.2921875660981023,5
8167.0,1.0060782,0,1.0036087,0.3684127326931512,5
8171.0,1.0017744,0,0.9993322,0.5281569566930799,5
8178.0,1.0002522,0,0.9994928,0.5221566405354197,5
8184.0,1.0006766,0,1.0039155,0.3569509042777021,5
8187.0,0.9987364,0,0.99225074,0.7926762745940602,5
8190.0,1.0048429,0,1.0009855,0.4663993427483006,5
8191.0,1.0033191,0,0.99763066,0.5917157787163554,5
8207.0,0.99173105,0,0.99430066,0.7161037798652099,5
8209.0,1.0050166,0,1.0028116,0.3981894407794399,5
8212.0,1.0014515,0,1.0015521,0.4452345912103718,5
8219.0,1.0053822,0,0.9935438,0.7443753993716924,5
8221.0,0.9951982,0,0.9955837,0.6681769503253975,5
8228.0,1.0052679,0,0.99365544,0.7402052353036783,5
8236.0,1.0109755,0,1.0019085,0.4319203460813149,5
8245.0,1.0026243,0,0.99819386,0.5706779355350078,5
8246.0,0.99776083,0,0.9931855,0.7577586648350303,5
8252.0,1.0069655,0,0.9949494,0.6918709631453679,5
8257.0,0.9999218,0,0.99566835,0.6650153737228455,5
8268.0,1.0045737,0,0.99649435,0.6341610578368136,5
8297.0,1.0035926,0,0.99585885,0.6578995999047075,5
8298.0,0.9880301,0,0.99572855,0.6627666467027205,5
8301.0,1.0043333,0,1.004065,0.3513669365881244,5
8306.0,1.0025859,0,0.9984499,0.5611130530810899,5
8316.0,1.000122,0,0.995816,0.6595004263675488,5
8327.0,1.0015723,0,1.0048326,0.3226945538503327,5
8334.0,1.0068977,0,0.998492,0.5595411706293987,5
8336.0,1.0117579,0,1.0021439,0.4231302725412619,5
8338.0,1.0078762,0,1.0009724,0.4668891644754566,5
8343.0,1.0024343,0,1.0021241,0.4238694580567881,5
8347.0,1.0023562,0,0.99760747,0.5925818725884628,5
8348.0,0.998261,0,1.0077232,0.2147200334859944,5
8354.0,1.0042725,0,1.002857,0.3964928764335634,5
8356.0,0.9945064,0,0.99734706,0.6023092867973006,5
8357.0,0.99700963,0,1.0027832,0.3992492368800137,5
8367.0,1.0004963,0,1.0019611,0.4299566062478988,5
8373.0,0.9870498,0,0.9958736,0.6573496636928551,5
8380.0,1.0105858,0,1.0012625,0.4560507455309334,5
8385.0,1.0054454,0,1.0023196,0.4165666613973723,5
8389.0,1.003475,0,1.0019203,0.4314795065268745,5
8401.0,1.0019227,0,0.9983428,0.5651140060069955,5
8405.0,1.0015987,0,1.0036253,0.3677937761470178,5
8417.0,1.0000398,0,1.0048547,0.3218707627637522,5
8429.0,0.9977106,0,1.0100843,0.1265254050491714,5
8433.0,1.0063844,0,1.0018693,0.4333853583379903,5
8441.0,0.9999508,0,0.9971283,0.6104804037912201,5
8443.0,1.0075166,0,0.99994135,0.5054025110042903,5
8448.0,0.9978346,0,0.9968386,0.6213010110365741,5
8450.0,1.0051134,0,0.99667555,0.6273926121524771,5
8460.0,1.000783,0,0.9995669,0.5193891477769886,5
8466.0,0.99890697,0,1.0047857,0.3244490062185095,5
8467.0,0.99843735,0,1.0012327,0.457163976729015,5
8468.0,0.9984613,0,0.99964345,0.5165303700603149,5
8471.0,1.0055637,0,0.9968319,0.6215526012873406,5
8480.0,0.9890813,0,1.0019981,0.4285761995622774,5
8484.0,1.002521,0,1.0058709,0.283909578909167,5
8485.0,1.0053918,0,1.0036472,0.3669744379852296,5
8493.0,1.0046381,0,1.0040656,0.3513446719641628,5
8499.0,1.0079578,0,1.0006405,0.4792861070972941,5
8503.0,1.0103446,0,1.0047772,0.3247651638787646,5
8504.0,1.0023394,0,0.99823195,0.5692552260638595,5
8505.0,1.0049248,0,1.004974,0.3174133850466333,5
8508.0,1.0021819,0,1.0033107,0.379545044673968,5
8511.0,1.0034052,0,1.0015635,0.4448071104303084,5
8512.0,0.9957181,0,1.0004174,0.4876219823085298,5
8513.0,0.9988002,0,0.9966664,0.6277354873614862,5
8514.0,1.0034281,0,1.0054578,0.2993434162393714,5
8516.0,0.9972754,0,0.9997958,0.5108395321757213,5
8523.0,1.0041496,0,0.9990484,0.5387571441612137,5
8528.0,1.0064847,0,0.995568,0.6687647363979846,5
8531.0,1.0047712,0,0.9986206,0.554736464778478,5
8536.0,1.0007445,0,0.99845093,0.5610752032203552,5
8541.0,1.000577,0,1.0024716,0.4108891822871557,5
8545.0,1.0037339,0,0.9950086,0.6896600859859777,5
8549.0,0.99952906,0,1.0052,0.3089706396403817,5
8553.0,1.0050361,0,1.00739,0.2271659582805476,5
8555.0,1.0010365,0,1.0038595,0.3590437789300957,5
8559.0,1.0011417,0,0.99302524,0.7637456222183135,5
8565.0,0.9966677,0,0.9988308,0.5468859583696062,5
8572.0,0.9924083,0,1.0008916,0.4699082474846541,5
8574.0,1.0039934,0,1.0002205,0.4949737611406611,5
8579.0,0.99966884,0,1.0040758,0.3509661733568151,5
8581.0,1.0012909,0,1.008247,0.1951538819485108,5
8582.0,1.0019186,0,0.9987405,0.5502590488997936,5
8583.0,0.99992573,0,1.0042874,0.3430622318504351,5
8586.0,1.0000774,0,1.0006527,0.4788319087684768,5
8593.0,1.0037919,0,1.0006196,0.4800653689359513,5
8597.0,1.0018762,0,1.001275,0.4555876413525314,5
8606.0,1.0030751,0,1.0018191,0.4352600396755599,5
8610.0,1.0032507,0,0.99489635,0.6938525146779533,5
8613.0,1.0035607,0,1.0013541,0.4526308992904264,5
8622.0,1.0031435,0,0.99928385,0.5299626176963684,5
8646.0,1.0045489,0,0.9946074,0.7046464043745533,5
8656.0,0.9985184,0,0.9991296,0.5357247023776393,5
8657.0,1.0006055,0,1.0022689,0.4184591544341112,5
8658.0,1.005862,0,1.0030833,0.388036772252935,5
8660.0,0.9979929,0,0.9914291,0.8233680587251722,5
8661.0,1.0034561,0,1.0017418,0.4381499878657799,5
8662.0,0.9918285,0,0.99845237,0.5610217681228473,5
8667.0,1.0068291,0,1.0068681,0.246660863021354,5
8676.0,0.9990362,0,0.9952413,0.6809679767913559,5
8681.0,1.0032369,0,0.9999766,0.5040866717281578,5
8686.0,1.0035675,0,1.0059854,0.2796347711085334,5
8692.0,1.0072695,0,1.0007871,0.4738090096027323,5
8695.0,1.0015016,0,0.9990342,0.5392870422115006,5
8718.0,0.994311,0,0.9963456,0.6397183079776374,5
8722.0,1.0014157,0,0.9980763,0.575068519380242,5
8727.0,1.0007963,0,0.9990175,0.5399126781448225,5
8729.0,1.0073092,0,0.9973244,0.6031553425078426,5
8732.0,0.9912259,0,1.0000205,0.5024457689421855,5
8733.0,0.99594444,0,0.99059856,0.8543915857533124,5
8742.0,0.9924528,0,0.99917805,0.5339145884495584,5
8744.0,0.9945424,0,0.99350286,0.7459049790378565,5
8762.0,1.0037265,0,0.99239546,0.7872704238961756,5
8774.0,1.0019144,0,0.99926734,0.5305793477801057,5
8777.0,1.000146,0,1.00212,0.4240208574997273,5
8778.0,0.99669194,0,0.9992357,0.5317615993124685,5
8782.0,1.0028504,0,1.0029196,0.3941550909175919,5
8788.0,1.0029505,0,0.99554205,0.6697332475403157,5
8793.0,0.9914476,0,0.99598664,0.6531260645273331,5
8796.0,1.0072957,0,0.99867797,0.552594607953369,5
8804.0,0.99692225,0,1.0019307,0.4310921020699421,5
8805.0,1.0001186,0,0.9991867,0.5335917514021147,5
8808.0,1.0031241,0,1.000201,0.4957040408066028,5
8810.0,1.0015532,0,0.99826074,0.5681798447265125,5
8812.0,0.99362814,0,0.9966468,0.6284657670274278,5
8817.0,0.99876124,0,0.9932518,0.7552828386504966,5
8818.0,0.99279696,0,0.99355114,0.7441015444969642,5
8829.0,1.0023696,0,0.9972422,0.6062256341521519,5
8830.0,0.99807054,0,0.9981973,0.5705488007160303,5
8836.0,1.000465,0,0.99285555,0.7700843606601906,5
8842.0,1.001683,0,1.0066047,0.2565018268123961,5
8852.0,1.0000197,0,0.9988234,0.5471620397067304,5
8856.0,1.001366,0,1.0001403,0.4979705795258971,5
8861.0,0.99899256,0,0.9984515,0.5610551650587897,5
8867.0,0.99389017,0,1.0013704,0.4520208485938777,5
8872.0,0.99915,0,1.0119362,0.0573492184003758,5
8883.0,0.9999123,0,0.9986118,0.5550659812131102,5
8891.0,0.99944156,0,0.9972353,0.6064839037901069,5
8897.0,1.0012796,0,1.0060961,0.2754980039764618,5
8902.0,1.006973,0,1.0022738,0.4182765845176258,5
8907.0,1.0035645,0,1.0010483,0.4640526513827444,5
8921.0,0.9977017,0,0.99973,0.5132975466610856,5
8931.0,0.9993582,0,1.0002962,0.4921461538975338,5
8935.0,0.99970967,0,0.9968137,0.6222316723181704,5
8936.0,0.99989563,0,1.0001421,0.4979037856540121,5
8937.0,0.9986335,0,1.0027103,0.4019699739281254,5
8945.0,1.0048083,0,0.9985131,0.5587530029411568,5
8958.0,1.0007976,0,0.9978411,0.5838541399955026,5
8962.0,1.0034084,0,0.991861,0.8072351122025725,5
8977.0,0.9978731,0,0.9994199,0.5248796040459275,5
8980.0,1.0043733,0,0.997624,0.5919651425047256,5
8982.0,1.0022837,0,1.003964,0.3551430168120175,5
8986.0,0.99653053,0,0.99495864,0.6915258614739626,5
8989.0,1.0028785,0,0.9983857,0.5635109530817579,5
8995.0,0.9964247,0,0.9986574,0.5533627374800454,5
9000.0,1.006219,0,1.00411,0.3496881839414173,5
9002.0,0.9975556,0,0.99281484,0.7716050344767702,5
9008.0,1.0032012,0,0.999874,0.507918413511955,5
9016.0,1.0003582,0,0.997122,0.6107164088052135,5
9018.0,0.99688816,0,1.0013759,0.4518160140534306,5
9027.0,1.0000947,0,0.9984692,0.5603939057271292,5
9028.0,1.004351,0,1.0049051,0.319987175576598,5
9029.0,0.9995959,0,1.0034693,0.3736182017753811,5
9031.0,1.0028551,0,0.9999973,0.503311862814293,5
9035.0,1.0063787,0,1.0014007,0.4508898056966267,5
9038.0,1.0080599,0,0.9981229,0.5733296522488384,5
9039.0,0.9974183,0,1.0052345,0.3076837443753993,5
9058.0,1.0036678,0,0.9967652,0.6240440127086473,5
9059.0,1.0027921,0,1.0075155,0.2224770284742275,5
9064.0,0.9984397,0,1.0054811,0.2984706429800754,5
9065.0,0.9873821,0,0.9976649,0.5904355628385614,5
9067.0,1.0091692,0,1.0062946,0.2680838841972378,5
9070.0,0.99157506,0,0.9997428,0.5128188572459105,5
9071.0,1.0010525,0,0.9968725,0.6200363803955533,5
9080.0,1.006015,0,0.99770886,0.5887946600525891,5
9098.0,1.0026605,0,1.0002455,0.4940430998590649,5
9099.0,1.0000492,0,1.0000196,0.502481392340524,5
9102.0,1.0040689,0,0.9988846,0.5448754628258706,5
9106.0,1.002921,0,1.0030699,0.3885399527544679,5
9107.0,0.9957179,0,0.9970465,0.6135373366611525,5
9115.0,1.0049573,0,0.99769986,0.5891308558744097,5
9116.0,0.9944713,0,0.99371535,0.7379676405955342,5
9118.0,0.9971205,0,0.9963407,0.6399008778941229,5
9132.0,0.99972725,0,0.99639547,0.6378547589520487,5
9133.0,0.9983772,0,1.0006061,0.4805730023622766,5
9134.0,1.0023837,0,0.9994969,0.5220052410924806,5
9139.0,1.002427,0,1.0016633,0.4410800123791309,5
9142.0,1.0055592,0,1.0034044,0.3760450457871992,5
9151.0,0.99944025,0,1.0034906,0.372825581162347,5
9153.0,1.0035378,0,0.9945769,0.7057863531213889,5
9155.0,0.9987564,0,0.99323577,0.7558817570350645,5
9158.0,1.0012275,0,0.9990644,0.538160452239042,5
9161.0,0.9977108,0,0.9972115,0.6073722622861761,5
9162.0,1.0031456,0,1.0033779,0.3770335950910957,5
9165.0,0.9978117,0,0.99623543,0.6438328104857474,5
9170.0,1.0015087,0,0.9955561,0.6692078024148211,5
9173.0,0.9977926,0,0.9963509,0.6395201528243788,5
9174.0,1.0013226,0,0.9994236,0.5247415633773653,5
9180.0,0.9992131,0,1.0014076,0.4506315360586718,5
9181.0,1.0035021,0,0.99615586,0.6468051377846253,5
9195.0,0.9979141,0,1.0021834,0.4216519015102095,5
9201.0,1.0006936,0,1.002104,0.424617549421899,5
9208.0,0.9943369,0,1.0017496,0.4378560948294864,5
9209.0,0.9982886,0,0.9994047,0.5254473519569491,5
9210.0,0.99361736,0,0.9979652,0.5792186452866904,5
9218.0,0.999139,0,0.9944777,0.7094911865486048,5
9227.0,0.99837726,0,1.004089,0.3504718987048668,5
9231.0,0.9967141,0,1.0030019,0.3910781198860942,5
9238.0,1.0050342,0,1.0018352,0.4346588948285957,5
9240.0,1.0001116,0,0.99618256,0.6458076826311442,5
9242.0,0.9884989,0,0.9978038,0.5852479054555009,5
9243.0,1.0022871,0,1.0003376,0.4906009889945963,5
9246.0,1.0051174,0,1.0022666,0.4185437600051653,5
9253.0,0.9985008,0,1.0027403,0.4008522898052513,5
9261.0,1.0043107,0,0.9998436,0.5090539093339983,5
9265.0,0.9927704,0,1.0021794,0.4218033009531485,5
9276.0,0.9977687,0,1.0004301,0.4871455193557508,5
9282.0,1.0044076,0,0.9911573,0.8335207272516771,5
9285.0,0.9988343,0,1.0076342,0.2180463683058625,5
9290.0,1.0006119,0,1.0013833,0.4515399327163064,5
9291.0,0.9915665,0,0.9971437,0.60990597649301,5
9292.0,1.0023525,0,1.003316,0.3793446630583132,5
9299.0,0.99956775,0,0.99457335,0.7059177144027626,5
9302.0,1.0044332,0,0.9994943,0.5221009789755156,5
9304.0,1.0010082,0,1.005692,0.2905934190224494,5
9323.0,1.0033659,0,1.0016537,0.4414406992873093,5
9324.0,1.0003979,0,1.0014396,0.4494381522143281,5
9326.0,1.0029484,0,1.0001688,0.496906330500531,5
9327.0,1.0022044,0,1.0027001,0.4023529254602654,5
9339.0,1.0017265,0,0.99830794,0.5664164865087511,5
9355.0,1.0045567,0,1.0013562,0.4525507466441645,5
9361.0,1.0018982,0,1.0011225,0.4612829321619173,5
9372.0,1.007605,0,1.0014031,0.4508007472007801,5
9377.0,0.9997992,0,1.0010197,0.4651213533329028,5
9379.0,1.000512,0,0.99822766,0.5694155313563831,5
9383.0,0.9984763,0,1.0071318,0.2368109933807273,5
9389.0,1.0001817,0,1.0033345,0.3786544597155026,5
9391.0,1.0020614,0,0.9981537,0.5721785711900219,5
9399.0,0.9973313,0,0.9944151,0.7118289720645763,5
9400.0,1.007933,0,1.0019215,0.4314349772789512,5
9401.0,1.0010343,0,0.9995501,0.5200170101727066,5
9403.0,1.0017176,0,1.0035653,0.3700335973175581,5
9405.0,0.9914083,0,0.9970682,0.6127246778865528,5
9410.0,1.0062221,0,1.0042694,0.3437346234940764,5
9414.0,1.0042912,0,1.0025612,0.407540582843326,5
9418.0,0.9956572,0,1.0010184,0.4651703355056185,5
9428.0,1.007315,0,1.0003929,0.4885348318909568,5
9429.0,1.0037781,0,0.9961529,0.6469164609044336,5
9430.0,1.0059078,0,0.9970534,0.6132790670231976,5
9432.0,0.9963729,0,0.9964913,0.634274607419018,5
9433.0,1.002604,0,1.004745,0.3259674535726928,5
9436.0,1.003921,0,1.0000278,0.5021741405298535,5
9440.0,1.0049334,0,0.99757516,0.5937886152071834,5
9441.0,1.0027744,0,0.99906325,0.5382027550245689,5
9453.0,0.99941367,0,0.99977916,0.511460715184251,5
9454.0,1.0023708,0,1.0040329,0.3525692262820527,5
9461.0,1.0055915,0,1.0054283,0.3004432886630761,5
9464.0,1.0057613,0,0.9972357,0.6064683185533337,5
9468.0,1.0006382,0,1.0011437,0.4604903115488831,5
9472.0,1.0047371,0,0.9970212,0.6144813567171257,5
9476.0,0.9979957,0,1.0020869,0.4252587705919941,5
9478.0,1.0073508,0,0.994863,0.6950993336198048,5
9483.0,0.98711896,0,1.0042602,0.3440774987030857,5
9484.0,1.0057349,0,0.99821043,0.5700589789888744,5
9486.0,1.0064844,0,1.0014013,0.450867541072665,5
9489.0,1.0068164,0,1.0051175,0.3120520635966719,5
9495.0,1.0009848,0,1.000252,0.493798188995487,5
9496.0,1.0030413,0,0.9989821,0.5412351968081435,5
9505.0,1.0063134,0,1.0033937,0.3764458090185085,5
9510.0,1.0031426,0,1.0021727,0.4220526647415188,5
9511.0,0.9862875,0,0.99656194,0.6316362494795644,5
9512.0,0.9987679,0,1.0041673,0.3475463271163082,5
9514.0,1.0013093,0,1.0015,0.4471805193446185,5
9517.0,0.9926654,0,1.0022647,0.4186150068018426,5
9518.0,0.9977903,0,0.99760526,0.592664251697121,5
9520.0,1.0065101,0,0.9988423,0.5464562511271466,5
9521.0,1.0009254,0,0.9976851,0.5896830185486582,5
9522.0,0.9906377,0,0.99837905,0.5637603168701282,5
9548.0,0.99523765,0,0.9963054,0.6412189436326515,5
9549.0,1.001265,0,0.9946617,0.7026180971316485,5
9552.0,0.9988053,0,1.0004027,0.488169692057986,5
9577.0,0.99416363,0,1.002115,0.424207880341005,5
9578.0,1.000078,0,1.0015404,0.4456709778400197,5
9588.0,0.99386656,0,1.0078915,0.2084325036792291,5
9589.0,0.99741405,0,0.9998321,0.5094836165764578,5
9595.0,0.998211,0,1.0010846,0.4626989622458771,5
9598.0,0.9957305,0,0.9946083,0.7046130074386109,5
9605.0,0.9866144,0,0.99468297,0.7018232500562182,5
9611.0,0.9990449,0,0.9971848,0.6083697174396573,5
9614.0,1.0000141,0,0.9960025,0.6525338255299538,5
9615.0,1.0038867,0,0.99897933,0.541337614078367,5
9633.0,0.99666226,0,0.9964798,0.6347043146614775,5
9636.0,0.9973447,0,0.99912465,0.5359094987565207,5
9643.0,1.0035594,0,0.99981266,0.5102094433176071,5
9648.0,0.99970883,0,0.9950227,0.689132414398087,5
9651.0,1.001055,0,1.0032316,0.3824973338112806,5
9653.0,0.9979844,0,0.9936218,0.7414609600951145,5
9656.0,1.0026511,0,1.0008677,0.4707988324431195,5
9658.0,0.9996225,0,1.0023394,0.4158274758818461,5
9659.0,0.99579597,0,1.0034876,0.3729369042821551,5
9664.0,1.0006008,0,1.00034,0.4905119304987498,5
9681.0,0.99831563,0,0.9977961,0.5855351191046059,5
9686.0,0.99638337,0,1.0041379,0.3486461995400128,5
9690.0,1.0042001,0,1.0064514,0.2622282880953281,5
9693.0,1.004778,0,0.998864,0.5456458188149431,5
9695.0,1.0037208,0,0.9912062,0.8316928016244269,5
9698.0,1.0014993,0,1.0030565,0.3890386803312086,5
9705.0,1.0022142,0,0.9953422,0.6771985759546515,5
9716.0,1.0035719,0,0.99736536,0.6016257628416786,5
9718.0,0.9933519,0,0.9996272,0.5171381942944675,5
9719.0,1.0005114,0,0.997698,0.5891998762086907,5
9726.0,0.99469817,0,0.9956138,0.667052586815335,5
9732.0,1.004386,0,0.9985013,0.5591938424955971,5
9734.0,1.0012822,0,1.0001187,0.4987765589133082,5
9736.0,1.0039027,0,0.9965132,0.6334574957196261,5
9744.0,1.0000479,0,1.001689,0.4401226335487807,5
9748.0,0.99800044,0,0.99806875,0.5753512801045546,5
9750.0,1.0022938,0,0.99846476,0.5605586639444453,5
9755.0,0.99970376,0,1.0028435,0.3969960569350964,5
9756.0,0.99971765,0,1.0011636,0.4597466731085645,5
9761.0,1.0022408,0,0.99814534,0.5724902759254847,5
9770.0,0.9954322,0,0.9943825,0.7130468469952777,5
9773.0,0.9995017,0,0.99699575,0.6154320561602875,5
9793.0,1.0035791,0,0.9998735,0.5079362252111244,5
9817.0,1.008727,0,0.9986782,0.5525857021037843,5
9827.0,1.0052805,0,0.99648875,0.634370345302053,5
9830.0,1.0012567,0,0.99906653,0.53808029959278,5
9832.0,1.0041499,0,0.99826765,0.5679215750885576,5
9853.0,0.99902546,0,0.99712193,0.6107186352676097,5
9867.0,1.0050093,0,1.0034115,0.3757778702996596,5
9871.0,1.0029502,0,0.99800587,0.577700197932507,5
9872.0,0.99837637,0,0.99663633,0.6288576244091526,5
9876.0,0.99975985,0,1.001467,0.448413979512093,5
9881.0,0.9981935,0,0.99665713,0.6280805890328915,5
9884.0,0.99917006,0,1.0020777,0.4256016458010032,5
9885.0,1.0064682,0,1.0021492,0.4229298909256072,5
9886.0,1.0029582,0,1.0021552,0.4227072446859908,5
9893.0,1.0012987,0,1.0044945,0.3353230485613713,5
9894.0,1.0013219,0,0.99967015,0.5155329149068337,5
9897.0,1.0050794,0,0.99956864,0.5193245803675,5
9905.0,0.99904823,0,0.9954105,0.6746470500486482,5
9908.0,1.002276,0,0.9948515,0.6955268143998682,5
9923.0,1.0040741,0,1.001083,0.4627568502681773,5
9937.0,0.9958953,0,1.001323,0.4537931126612237,5
9947.0,1.0052023,0,0.9996885,0.5148471644888153,5
9952.0,1.0026762,0,1.0063921,0.2644413917171145,5
9955.0,1.001012,0,0.9963153,0.6408493508748885,5
9956.0,1.0024595,0,1.003533,0.3712403399362787,5
9957.0,1.002964,0,0.99567777,0.6646635926642517,5
9974.0,1.0019581,0,1.0024221,0.4127371460759713,5
9983.0,0.9975341,0,0.9992039,0.5329483037696234,5
9990.0,1.0028167,0,1.0010197,0.4651213533329028,5
10009.0,1.0004987,0,0.9985921,0.5558029402662403,5
10012.0,1.0002806,0,1.004479,0.3359019287843737,5
10014.0,1.0058131,0,0.9926735,0.7768839768180735,5
10017.0,1.0053419,0,1.0062528,0.2696468607993445,5
10019.0,1.0080236,0,0.99856603,0.5567759043333638,5
10020.0,1.0022031,0,1.004254,0.3443090507922867,5
10029.0,0.99745476,0,1.0059648,0.2804051270976059,5
10030.0,0.9969337,0,0.9978202,0.5846356282965559,5
10033.0,0.99854875,0,0.9964843,0.6345373299817653,5
10037.0,1.0042745,0,1.0005374,0.4831378870426568,5
10061.0,1.0023094,0,1.0072286,0.2331952184493579,5
10064.0,1.0018493,0,0.99834853,0.5649002656169639,5
10075.0,1.0066013,0,0.9991167,0.5362056182552104,5
10079.0,1.0014964,0,0.9979819,0.5785952358157647,5
10081.0,1.0048511,0,0.99744785,0.5985443388853884,5
10090.0,1.0032072,0,1.0006851,0.477620713224964,5
10092.0,0.99774337,0,0.99706507,0.6128426803935495,5
10096.0,1.003309,0,1.0021594,0.4225513923182594,5
10112.0,0.9957986,0,0.99573624,0.6624794330536155,5
10124.0,1.002498,0,0.98995525,0.8784217943951036,5
10127.0,1.0043354,0,0.99167234,0.8142818656864295,5
10128.0,0.9969041,0,0.99658245,0.6308703464152843,5
10132.0,0.99331176,0,0.99398315,0.7279641450495722,5
10134.0,0.99726456,0,1.0075846,0.2198987850194704,5
10138.0,1.0007633,0,0.9925658,0.7809071943679408,5
10139.0,1.006264,0,0.9948848,0.694284448382809,5
10142.0,1.0050489,0,1.0070883,0.2384363109299265,5
10148.0,1.0005056,0,1.0013516,0.4527244107110653,5
10152.0,0.99893576,0,0.9974008,0.6003010177159613,5
10163.0,1.0039767,0,0.99925274,0.5311248310671657,5
10180.0,0.99659616,0,0.9898521,0.8822758008028624,5
10181.0,0.9961095,0,1.0022365,0.4196703499776241,5
10185.0,1.0082612,0,0.99563265,0.6663490246981474,5
10189.0,1.004187,0,1.0042217,0.3455157934110071,5
10192.0,1.002008,0,1.001678,0.4405323026296747,5
10194.0,0.9894809,0,0.99744064,0.5988137408353242,5
10196.0,1.0015532,0,1.0027214,0.4015558519224389,5
10206.0,1.0030148,0,0.9981113,0.573761585953694,5
10215.0,1.0006659,0,1.0014056,0.4507072357801412,5
10217.0,1.0106748,0,0.99935216,0.5274110917903652,5
10224.0,0.9909903,0,1.0009774,0.4667021416341789,5
10236.0,0.9972082,0,1.0003526,0.4900399204707631,5
10237.0,0.9958747,0,1.00402,0.353050142159624,5
10254.0,0.9997188,0,1.0007238,0.4761735126674578,5
10259.0,0.999602,0,1.0015289,0.4461029115448754,5
10264.0,1.0041859,0,0.9994279,0.5245812580848416,5
10266.0,1.0021625,0,1.007341,0.2289961103701938,5
10267.0,1.0032616,0,0.99934816,0.5275602647709081,5
10274.0,0.99682784,0,1.0062522,0.2696691254233061,5
10284.0,1.0026809,0,1.0003256,0.4910507343986213,5
10300.0,1.004636,0,1.0008402,0.4718274580701469,5
10303.0,0.9993845,0,0.99783385,0.5841257684078345,5
10311.0,0.9952301,0,1.0029578,0.392725702059255,5
10313.0,0.9984497,0,0.99886906,0.5454565695112692,5
10315.0,1.0012034,0,1.0066956,0.2531042451958507,5
10317.0,1.0002525,0,0.992251,0.7926673687444756,5
10328.0,1.0038702,0,0.9998924,0.5072304366315405,5
10330.0,1.0045269,0,0.9993528,0.5273866007040073,5
10332.0,0.9987534,0,0.9992911,0.5296909892840365,5
10341.0,1.0001154,0,0.9963392,0.639956539454027,5
10348.0,0.9935936,0,0.9948983,0.69377904141888,5
10350.0,1.002597,0,0.9975624,0.5942650781599624,5
10351.0,0.99976397,0,0.9992228,0.5322425151900396,5
10357.0,1.0035092,0,1.0016869,0.4401983332702502,5
10360.0,0.9854306,0,0.9937552,0.7364781372525009,5
10362.0,1.0041813,0,0.9967008,0.6264485920965037,5
10366.0,0.99460846,0,1.0002921,0.4923020062652652,5
10374.0,0.9984408,0,1.0009468,0.4678465433058069,5
10377.0,1.0023326,0,0.9990291,0.5394785179775706,5
10379.0,0.9984237,0,1.0051293,0.3116112240422315,5
10383.0,0.99967635,0,1.0006397,0.4793172775708404,5
10386.0,1.005998,0,1.0007733,0.4743255488786422,5
10395.0,0.99822176,0,0.9979207,0.5808818126966244,5
10403.0,0.9997075,0,1.0061522,0.2734051293240682,5
10404.0,1.0006242,0,1.0005617,0.4822294903850221,5
10412.0,1.0038013,0,1.005048,0.3146481187505984,5
10437.0,1.0047964,0,1.0012112,0.4579699561164262,5
10443.0,1.0012633,0,0.99607927,0.6496661419636953,5
10454.0,1.0055858,0,0.99444413,0.7107446848776448,5
10464.0,1.006935,0,1.0057728,0.2875743360132519,5
10466.0,1.0084566,0,0.99792206,0.5808306040615128,5
10468.0,1.0035392,0,0.99508315,0.6868747815283773,5
10479.0,0.99123645,0,0.99547285,0.6723181703822614,5
10485.0,1.0035722,0,1.0040061,0.3535666814355339,5
10486.0,1.001526,0,1.0006567,0.4786805093255377,5
10487.0,0.9957614,0,0.99399143,0.7276546667765055,5
10497.0,0.99481887,0,1.0032835,0.3805603115266185,5
10504.0,0.9934009,0,1.0026792,0.4031321872989226,5
10505.0,1.0000744,0,1.0001957,0.4958999694974652,5
10517.0,1.0055184,0,0.99643916,0.6362227620156609,5
10527.0,0.99503845,0,1.0006709,0.4781506112752508,5
10529.0,1.0029142,0,0.99732983,0.6029527344297918,5
10531.0,1.0048717,0,1.0049075,0.3198981170807515,5
10532.0,0.9991199,0,1.0015715,0.4445087644692225,5
10549.0,1.0039748,0,1.0011443,0.4604680469249215,5
10551.0,1.0051552,0,1.0027461,0.4006340964904273,5
10552.0,0.9997364,0,1.0026562,0.4039916017838416,5
10561.0,1.0052003,0,0.9965384,0.632515702126049,5
10563.0,0.99410695,0,0.9992339,0.5318283931843533,5
10567.0,0.9979012,0,1.0006633,0.4784355984619598,5
10574.0,1.004314,0,0.99318784,0.7576718328015799,5
10576.0,1.0040793,0,0.9989881,0.541010324106131,5
10581.0,0.9987936,0,0.99986845,0.5081254745147982,5
10589.0,1.000376,0,0.9985454,0.5575462603224363,5
10593.0,1.0000062,0,1.0005487,0.4827148591873857,5
10596.0,1.0013918,0,1.0035748,0.369677363334172,5
10602.0,1.0001498,0,1.0023429,0.4156938881380763,5
10604.0,1.0008508,0,0.99833643,0.565352237483385,5
10606.0,0.99587315,0,0.9957736,0.661083441131221,5
10613.0,0.98985416,0,0.994795,0.697637500751431,5
10617.0,0.99966574,0,0.99419624,0.7200045419832881,5
10631.0,0.9958155,0,0.9930606,0.7624253300173887,5
10636.0,1.0015365,0,1.0004007,0.4882453917794556,5
10640.0,1.0075715,0,0.9938878,0.7315264848834335,5
10645.0,1.0014548,0,1.0074251,0.2258567983916035,5
10651.0,1.0028648,0,1.0030007,0.3911226491340174,5
10652.0,1.0019709,0,0.9990234,0.5396922583676023,5
10655.0,1.0003911,0,1.0024413,0.4120202251844067,5
10656.0,1.0027204,0,0.99938136,0.5263201252162452,5
10672.0,1.0043956,0,0.9994957,0.5220497703404039,5
10674.0,0.9914273,0,1.0012684,0.4558325522161093,5
10678.0,0.99847716,0,0.9950244,0.6890700734509945,5
10683.0,1.0020725,0,0.9954186,0.67434425116277,5
10685.0,0.9985955,0,0.99816084,0.5719113957024823,5
10690.0,1.004603,0,1.0007268,0.4760621895476497,5
10693.0,1.0044804,0,1.0034639,0.3738230363158281,5
10705.0,1.0062633,0,0.9942495,0.7180140846011182,5
10709.0,0.99739826,0,1.0037779,0.3620940324128395,5
10710.0,0.999,0,0.9961729,0.6461683695393227,5
10713.0,1.0065783,0,0.9968035,0.6226123973879143,5
10717.0,0.99826324,0,1.004653,0.329405111512369,5
10732.0,1.0011703,0,1.001381,0.4516245382873606,5
10733.0,0.9979478,0,0.9973055,0.6038611310874265,5
10734.0,1.0043342,0,0.9987868,0.5485290876179747,5
10736.0,1.0085952,0,0.99797064,0.5790160372086396,5
10737.0,0.9999289,0,0.9991974,0.5331909881708052,5
10741.0,0.9934149,0,0.9949558,0.6916327316689785,5
10748.0,1.0112797,0,1.0022329,0.4198039377213939,5
10750.0,0.99467653,0,0.9993458,0.5276493232667547,5
10760.0,1.0050652,0,1.0007447,0.4753942508288006,5
10761.0,1.004702,0,0.99676925,0.6238926132657083,5
10763.0,0.99921936,0,1.0046332,0.3301442970278954,5
10768.0,1.000064,0,1.0035268,0.3714718920254796,5
10769.0,1.0036258,0,1.0041007,0.3500355120752187,5
10771.0,1.0011541,0,1.0004061,0.4880405572390085,5
10772.0,0.9962693,0,0.9924721,0.7844071932547095,5
10773.0,1.0008051,0,1.005116,0.3121099516189721,5
10785.0,0.99717665,0,1.0011958,0.4585443834146363,5
10790.0,0.99780846,0,0.9987516,0.5498449268941072,5
10792.0,1.000582,0,1.0019574,0.4300946469164609,5
10801.0,1.0012019,0,1.0038186,0.3605711321338638,5
10805.0,1.00656,0,0.99776083,0.5868531848431346,5
10809.0,1.0080054,0,1.0018913,0.4325660201762022,5
10813.0,1.003534,0,1.0036565,0.3666271098514282,5
10816.0,1.0009744,0,1.0068301,0.2480813460301062,5
10817.0,0.9853285,0,1.0052547,0.3069267471607038,5
10820.0,0.9929714,0,1.0011066,0.4618751711592966,5
10831.0,0.9928476,0,0.9931038,0.7608111447801702,5
10836.0,1.0000288,0,0.9994336,0.524369744157206,5
10847.0,1.0005388,0,0.9963457,0.6397138550528451,5
10849.0,1.005934,0,1.0057331,0.2890571599690967,5
10863.0,0.9969929,0,1.0003761,0.4891626942866748,5
10866.0,0.99786514,0,0.9982135,0.5699432029442739,5
10868.0,0.9989851,0,0.99487543,0.6946340029790067,5
10870.0,1.0060049,0,0.9985183,0.5585593007126906,5
10871.0,0.9963352,0,1.0017916,0.4362886653025873,5
10875.0,0.99712515,0,0.9948562,0.6953531503329675,5
10883.0,0.9979033,0,0.9946222,0.7040942417003049,5
10884.0,0.99527174,0,0.99657077,0.6313067330449322,5
10886.0,1.0003022,0,0.9997581,0.5122466564100965,5
10891.0,1.001419,0,1.00063,0.4796779644790189,5
10896.0,1.0054485,0,0.99856293,0.5568916803779642,5
10899.0,0.99893326,0,0.9914616,0.8221546367192631,5
10908.0,1.0014632,0,0.99876,0.5495309956962482,5
10912.0,0.9998467,0,1.0008934,0.4698414536127692,5
10923.0,1.0078752,0,0.9974931,0.5968544539267004,5
10925.0,1.0022985,0,0.9954331,0.6738032208005023,5
10928.0,0.99846256,0,0.9916734,0.8142417893632985,5
10930.0,1.0001292,0,0.9983836,0.5635911057280198,5
10931.0,0.9956367,0,1.003994,0.3540208797643512,5
10932.0,1.0043803,0,1.0035992,0.3687689666765373,5
10935.0,1.0007347,0,1.0025012,0.4097804040138664,5
10941.0,0.9870831,0,0.9974342,0.5990541987741098,5
10947.0,1.0047767,0,1.0010356,0.4645291143355234,5
10954.0,1.003252,0,1.0011591,0.459915884250673,5
10964.0,1.000119,0,0.99916506,0.534399957251922,5
10974.0,0.9808575,0,0.99769443,0.5893334639524606,5
10979.0,1.0016245,0,1.0047662,0.3251748329596587,5
10980.0,0.99967414,0,0.98784524,0.9572385632192864,5
11001.0,1.0062335,0,1.002584,0.4066900742079916,5
11004.0,0.9986943,0,0.99424964,0.7180096316763258,5
11005.0,1.0011574,0,1.0008913,0.4699171533342388,5
11007.0,1.0042336,0,1.0064431,0.2625355399059987,5
11024.0,1.0052015,0,1.0030159,0.3905571276853919,5
11025.0,0.99917674,0,0.99868524,0.552322979541037,5
11026.0,0.99573135,0,0.9957612,0.661546545309623,5
11029.0,1.0047642,0,0.9919541,0.8037573779397653,5
11036.0,0.9919336,0,0.9974295,0.5992300893034067,5
11042.0,0.996866,0,0.99539137,0.6753617444778166,5
11052.0,0.9983241,0,0.999385,0.5261843110100792,5
11053.0,0.9978474,0,0.99601394,0.6521063447498903,5
11060.0,0.9941855,0,1.0019612,0.4299521533231064,5
11062.0,1.0048704,0,0.9997547,0.5123735647666778,5
11063.0,1.0036254,0,0.99812394,0.5732895759257074,5
11066.0,1.0000955,0,0.9995548,0.5198411196434098,5
11077.0,1.0097959,0,0.99828154,0.5674028093502514,5
11079.0,1.006671,0,1.0009763,0.4667422179573098,5
11083.0,1.0044762,0,1.0055481,0.2959680992467878,5
11097.0,1.0032316,0,1.0003057,0.4917943728389399,5
11098.0,0.998596,0,0.9985754,0.5564263497371661,5
11103.0,0.9991243,0,1.003399,0.3762454274028538,5
11106.0,1.0008794,0,1.0037177,0.3643427594329645,5
11130.0,0.9987907,0,1.0000383,0.5017822831481288,5
11135.0,0.9970146,0,0.99848145,0.5599352544735196,5
11137.0,1.0018467,0,0.99758947,0.5932542642321043,5
11145.0,1.0086943,0,1.0036412,0.367197084224846,5
11146.0,1.0038214,0,1.0024004,0.4135475783881748,5
11153.0,0.9924584,0,0.99863034,0.5543735514079036,5
11156.0,0.9991064,0,0.9961428,0.6472927330493852,5
11157.0,0.98624015,0,0.9977646,0.5867129177121764,5
11161.0,1.0051037,0,1.0027012,0.4023128491371345,5
11163.0,1.003476,0,1.0042596,0.3440997633270473,5
11164.0,0.99539584,0,0.99139297,0.8247172949372472,5
11172.0,1.002965,0,0.99939746,0.525718980369281,5
11185.0,1.0027514,0,1.0023866,0.4140641176640847,5
11211.0,1.000242,0,0.9908804,0.8438626450818558,5
11219.0,0.99813485,0,1.00486,0.3216703811480976,5
11223.0,0.99913013,0,1.0009911,0.4661900552830613,5
11226.0,1.0014564,0,1.006362,0.2655679816895733,5
11229.0,1.0015016,0,1.0041372,0.3486729170887668,5
11230.0,0.9990614,0,0.9973619,0.6017548976606559,5
11232.0,1.0052247,0,0.99542814,0.6739880171793838,5
11235.0,1.0009656,0,1.0058904,0.2831837521680177,5
11236.0,0.999753,0,1.0028769,0.3957492379932449,5
11237.0,0.9984097,0,1.0013065,0.4544076162825647,5
11240.0,0.9937815,0,0.99845284,0.561003956423678,5
11255.0,0.99442124,0,1.0001556,0.4974006051524793,5
11256.0,1.0028446,0,0.99393314,0.7298321469999532,5
11259.0,0.9975423,0,1.0038832,0.3581576468964227,5
11267.0,0.9977361,0,1.001929,0.4311544430170346,5
11269.0,1.0004214,0,1.0056802,0.2910342585768898,5
11272.0,1.0048298,0,1.0043627,0.3402479833816847,5
11273.0,1.0037533,0,0.99194527,0.8040868943743975,5
11279.0,1.0016481,0,0.9988324,0.5468258438849096,5
11282.0,1.010531,0,0.998795,0.5482240622697003,5
11283.0,0.9992349,0,1.0011095,0.4617683009642809,5
11285.0,1.0038667,0,0.99778545,0.5859336558735191,5
11288.0,0.99869984,0,1.0012801,0.4553961655864613,5
11291.0,1.0001959,0,1.0039083,0.3572225326900341,5
11292.0,1.0068719,0,1.0008608,0.4710571020810744,5
11299.0,1.0007716,0,0.9973529,0.6020910934824766,5
11301.0,0.9973885,0,1.0028813,0.3955844797759288,5
11304.0,1.0049466,0,1.0023702,0.4146741683606334,5
11308.0,0.998739,0,0.99717087,0.6088907096403595,5
11311.0,0.99974716,0,1.002794,0.398844020723912,5
11312.0,1.0011615,0,1.0109493,0.0942149827560487,5
11313.0,1.0073417,0,1.0000094,0.5028598909478719,5
11315.0,1.0004396,0,1.0002747,0.4929521332849449,5
11319.0,0.9922199,0,0.9962228,0.644304820513734,5
11326.0,0.99983835,0,1.0113508,0.0792175320554923,5
11328.0,1.0013179,0,1.0000474,0.5014394079391196,5
11329.0,1.0020045,0,1.0000751,0.5004063293872998,5
11338.0,0.99506205,0,0.99708503,0.6120968154908348,5
11342.0,1.0008727,0,0.9957664,0.6613528430811568,5
11343.0,1.0036916,0,1.0027357,0.4010215009473598,5
11351.0,1.0060885,0,1.0002105,0.4953478068232166,5
11353.0,0.9975326,0,1.0087906,0.1748485448955009,5
11356.0,0.9969585,0,1.0033636,0.3775679460661749,5
11368.0,0.99867594,0,0.9992071,0.5328303012626268,5
11372.0,1.0032066,0,0.9973694,0.6014743633987394,5
11373.0,1.0007846,0,0.99770397,0.5889772299690744,5
11378.0,1.0049607,0,0.9965877,0.6306744177244219,5
11382.0,0.99165326,0,0.99747014,0.5977116419492232,5
11383.0,1.0044926,0,1.0010914,0.4624451455327145,5
11388.0,1.0026503,0,0.99631274,0.6409450887579234,5
11391.0,1.0034077,0,0.99494636,0.6919845127275723,5
11392.0,1.0045547,0,1.0041833,0.3469496351941363,5
11393.0,0.9971052,0,1.0000857,0.5000100190807828,5
11395.0,1.0008882,0,1.0031996,0.3836951705804164,5
11396.0,1.0032768,0,1.000233,0.4945062040374669,5
11400.0,0.99805397,0,1.0043794,0.3396245739107589,5
11409.0,0.98771507,0,0.9955712,0.6686445074285918,5
11410.0,1.0017425,0,0.99883735,0.5466410475060282,5
11418.0,1.0009503,0,1.0064989,0.2604515711031898,5
11422.0,1.0037377,0,1.0030028,0.3910469494125479,5
11423.0,0.9848108,0,0.99886215,0.5457148391492241,5
11432.0,1.00595,0,1.0007784,0.4741340731125721,5
11435.0,1.0064651,0,1.0035722,0.3697753276796032,5
11439.0,0.9980924,0,1.0018041,0.435821108199393,5
11448.0,1.0032071,0,1.0014068,0.450662706532218,5
11449.0,0.99797165,0,1.0025054,0.409624551646135,5
11456.0,1.0007272,0,1.0046512,0.3294719053842539,5
11457.0,1.0027801,0,0.9999588,0.5047501575222145,5
11460.0,1.0079712,0,1.0010827,0.4627702090425544,5
11470.0,1.0014033,0,0.99661845,0.6295255631280016,5
11471.0,1.001618,0,1.004156,0.3479693549715792,5
11476.0,0.99114376,0,0.99574345,0.6622100311036796,5
11483.0,1.0021857,0,1.0035499,0.3706080246157682,5
11485.0,1.0036465,0,0.9964787,0.6347466174470047,5
11489.0,1.0026757,0,0.9955593,0.6690897999078245,5
11497.0,0.9985839,0,1.0034033,0.3760851221103301,5
11503.0,0.99554706,0,1.0017389,0.4382568580607957,5
11507.0,1.001975,0,1.0027449,0.4006786257383505,5
11509.0,1.0021918,0,1.0005907,0.4811474296604867,5
11516.0,1.0071425,0,0.9978129,0.5849072567088878,5
11521.0,1.0009166,0,0.9986924,0.5520558040534974,5
11527.0,0.99940854,0,1.0053296,0.3041303103911227,5
11531.0,0.9961709,0,1.0023557,0.4152174251852973,5
11537.0,0.9917414,0,0.99897915,0.5413442934655555,5
11539.0,1.0085827,0,0.99536973,0.676169950327624,5
11543.0,0.9999604,0,0.9958623,0.6577704650857299,5
11546.0,0.99741876,0,1.0071844,0.2348472535473111,5
11547.0,0.99718,0,0.99397284,0.7283493230441085,5
11549.0,1.0065986,0,0.99968094,0.5151299252131281,5
11551.0,0.9989114,0,1.0029866,0.3916525471843043,5
11552.0,0.9993661,0,0.99940276,0.5255208252160225,5
11557.0,0.9984522,0,0.99683684,0.621367804908459,5
11560.0,1.0021713,0,0.99523073,0.6813620606354769,5
11562.0,0.9973555,0,1.0093716,0.1531449894577006,5
11563.0,1.0024562,0,1.005323,0.3043752212547006,5
11565.0,1.001419,0,0.99965054,0.5162654210351714,5
11573.0,0.99749,0,0.99898684,0.5410570798164505,5
11582.0,1.0054331,0,0.99588454,0.656939994611961,5
11586.0,1.0029341,0,0.99832827,0.5656572628316594,5
11588.0,1.0024166,0,1.0051591,0.3104979928441498,5
11596.0,0.9981856,0,1.0021132,0.4242746742128899,5
11599.0,0.99975276,0,1.0006936,0.4773045555647087,5
11603.0,0.9994156,0,0.9972727,0.6050879118677125,5
11613.0,0.99547327,0,0.9950798,0.6869994634225625,5
11629.0,1.0031631,0,0.9992369,0.5317170700645452,5
11631.0,1.0018137,0,1.0008345,0.4720411984601785,5
11640.0,0.9954432,0,0.99952084,0.521110203209223,5
11641.0,0.9890574,0,1.0021387,0.4233217483073319,5
11645.0,1.0008694,0,1.0028785,0.3956868970461523,5
11647.0,1.0058035,0,0.99861234,0.5550459430515449,5
11648.0,1.0039302,0,1.0001042,0.4993198157379721,5
11655.0,1.0010157,0,0.9959151,0.6557978194027292,5
11659.0,0.99593604,0,1.0010659,0.4633980714382725,5
11664.0,1.0029036,0,1.0030614,0.3888561104147231,5
11666.0,0.99843967,0,1.0045106,0.3347219037144072,5
11668.0,0.9992345,0,1.0072603,0.2320107404545991,5
11670.0,0.990739,0,0.9960497,0.6507704673121923,5
11673.0,1.0010449,0,1.0039259,0.3565634998207697,5
11675.0,1.0017611,0,0.9990323,0.5393582890081778,5
11677.0,1.0037769,0,0.9943674,0.7136101419815071,5
11678.0,1.0079077,0,1.0028563,0.3965195939823174,5
11679.0,1.0042816,0,1.001132,0.4609266981785311,5
11682.0,1.0050743,0,1.001724,0.4388134736598366,5
11684.0,1.0013726,0,1.0039833,0.3544216429956606,5
11687.0,1.0047581,0,1.0049162,0.3195730535709117,5
11688.0,1.0020152,0,1.0010604,0.4636029059787194,5
11694.0,0.9999301,0,1.0063545,0.2658485159514898,5
11707.0,1.0053344,0,0.9984154,0.5624021748084685,5
11708.0,0.99411213,0,0.99142873,0.8233814174995491,5
11717.0,0.9954632,0,0.9932653,0.7547796581489636,5
11727.0,0.99649,0,1.0008855,0.4701353466490627,5
11728.0,0.9984143,0,0.99377316,0.7358079720712557,5
11729.0,1.0011139,0,0.9982253,0.5695045898522297,5
11735.0,1.0031116,0,1.0002449,0.4940653644830265,5
11738.0,0.99560225,0,0.99797904,0.5787021060107805,5
11741.0,1.0037042,0,1.0004873,0.485008115455434,5
11745.0,0.9932694,0,0.99979335,0.510930817133964,5
11746.0,1.0003622,0,1.0053211,0.3044464680513778,5
11748.0,0.999246,0,1.0013124,0.4541894229677408,5
11758.0,1.0006711,0,1.0057905,0.2869153031439875,5
11760.0,0.9855056,0,0.99322075,0.7564428255588977,5
11762.0,1.0064348,0,0.9917612,0.8109622102537499,5
11764.0,1.0062287,0,1.0025977,0.4061779878568741,5
11772.0,0.99907213,0,1.000658,0.4786315271528222,5
11785.0,1.0017934,0,1.0025896,0.4064807867427523,5
11787.0,0.99957985,0,0.9944556,0.7103172040975814,5
11790.0,1.0038851,0,1.0027453,0.4006652669639736,5
11795.0,1.0041621,0,1.001584,0.4440412073660281,5
11802.0,1.0065757,0,0.9967407,0.6249590887534705,5
11808.0,0.99969196,0,0.98994106,0.8789516924453904,5
11813.0,1.0092024,0,1.0044246,0.3379369154144671,5
11814.0,1.0015154,0,1.0022736,0.4182854903672104,5
11815.0,1.0039628,0,0.9957656,0.6613817870923069,5
11817.0,1.0001365,0,1.0007504,0.4751805104387689,5
11822.0,1.0061188,0,1.0020543,0.4264744190602992,5
11824.0,1.0045065,0,1.0059218,0.2820081800228435,5
11832.0,0.9989208,0,1.0036,0.3687377962029911,5
11843.0,0.999656,0,0.9938812,0.7317713957470116,5
11846.0,0.9981002,0,0.99378395,0.7354049823775501,5
11847.0,0.9940932,0,1.0009454,0.4678955254785224,5
11859.0,0.9985539,0,1.0018886,0.4326639845216334,5
11866.0,1.0012742,0,0.9983882,0.5634196681235153,5
11867.0,0.99367046,0,1.0045775,0.3322238129059119,5
11881.0,1.0001338,0,0.9970941,0.611758393206618,5
11887.0,0.99455965,0,1.002535,0.4085202262976379,5
11889.0,0.99976385,0,0.9967342,0.6252017731546523,5
11911.0,0.99761057,0,1.0005438,0.4828974291038711,5
11917.0,1.0027415,0,1.0105984,0.1073199404198662,5
11919.0,1.002293,0,1.0003853,0.4888198190776657,5
11922.0,1.0037049,0,1.0034599,0.373969982833975,5
11924.0,1.0034703,0,0.99428487,0.7166937924001933,5
11939.0,1.0047538,0,0.999391,0.5259594383080667,5
11947.0,1.0044879,0,1.001747,0.4379540591749176,5
11951.0,1.0001596,0,0.99548346,0.6719218600757442,5
11953.0,1.0029913,0,0.99661463,0.629668056721356,5
11958.0,0.9996675,0,0.99588823,0.6568019539433989,5
11963.0,1.0049533,0,1.00262,0.405345290920709,5
11968.0,1.0019357,0,0.9982996,0.5667281912442139,5
11970.0,1.0040125,0,1.005173,0.3099814535682399,5
11976.0,0.9995291,0,0.9999018,0.5068808820353429,5
11978.0,1.00429,0,1.0060347,0.27779126024451,5
11989.0,1.0028019,0,0.99519306,0.6827691848698522,5
11991.0,1.0036967,0,0.99780554,0.5851833380460121,5
11993.0,1.0004001,0,0.9943223,0.7152955740154027,5
11996.0,0.9986954,0,1.0012267,0.4573910758934236,5
11999.0,1.0044624,0,0.9977667,0.5866349915283106,5
