fold,seq_id,binary_label,pred_probability
1,253,1,0.5003382381875998
1,338,1,0.5196614818058077
1,653,1,0.5087850741474781
1,1331,1,0.5002506783549555
1,1523,1,0.5002862811771184
1,1845,1,0.5180650354709317
1,1959,1,0.5281437262762071
1,2090,1,0.5104334874740561
1,2268,1,0.50872285799709
1,2416,1,0.500305490146753
1,2463,1,0.5016735849182237
1,2482,1,0.5003592725888042
1,2516,1,0.5005964061042655
1,2574,1,0.501605828734337
1,2984,1,0.5005680222381336
1,3089,1,0.5006748401081207
1,3507,1,0.5007582086186511
1,3591,1,0.5000577676842294
1,4322,1,0.502009824092154
1,4463,1,0.5139993380904659
1,5211,1,0.5009442115241738
1,5217,1,0.5009446548685298
1,5294,1,0.500411270298552
1,6234,1,0.5559661859949077
1,6792,1,0.5002808561747266
1,7048,1,0.5020231724036847
1,7078,1,0.5003261919518437
1,7793,1,0.5189232898972929
1,7821,1,0.5040822843141372
1,8116,1,0.5290253656537607
1,8279,1,0.5422444318885936
1,8283,1,0.5099373395828356
1,8558,1,0.5010761568837744
1,8622,1,0.502788590415616
1,8911,1,0.5003662242389612
1,8928,1,0.5010480414933322
1,9100,1,0.5540226326574252
1,9200,1,0.5006725588089713
1,9246,1,0.5003932909524368
1,9278,1,0.5008252483740084
1,9699,1,0.5000641179501555
1,10005,1,0.5018586226910244
1,10039,1,0.5006614893251569
1,10122,1,0.5075661585623689
1,10226,1,0.5005537471830847
1,10952,1,0.501380898557132
1,11090,1,0.5005930050565373
1,11885,1,0.5007102326178454
1,4,0,0.5020471025745198
1,14,0,0.5005659131389628
1,16,0,0.5001678608886544
1,30,0,0.5011402342646674
1,34,0,0.5030818882474983
1,38,0,0.5017282238435866
1,45,0,0.5005666091584208
1,48,0,0.5001497131814767
1,50,0,0.5004231341348969
1,68,0,0.5000942924964566
1,78,0,0.501350095358788
1,81,0,0.5008954979164213
1,87,0,0.5005097078355047
1,88,0,0.5062381681904405
1,99,0,0.5067144546438778
1,104,0,0.5001676253841856
1,109,0,0.5070358193970596
1,110,0,0.5017779031935027
1,111,0,0.5002669206435255
1,124,0,0.5022579983047957
1,131,0,0.5007264021284499
1,141,0,0.5013211047315997
1,149,0,0.502162012552983
1,155,0,0.5000841029267813
1,156,0,0.5015494442203613
1,157,0,0.5003268834132132
1,163,0,0.5009930178191293
1,165,0,0.5004031791539285
1,166,0,0.5000920713742046
1,167,0,0.5021715685682585
1,175,0,0.502057671956058
1,176,0,0.500404481049131
1,180,0,0.5003342971755397
1,182,0,0.500162216775951
1,192,0,0.5001701167322089
1,204,0,0.5015109964963664
1,210,0,0.5007877655371857
1,220,0,0.5001409006470756
1,221,0,0.5052761116240906
1,232,0,0.5005196240411931
1,238,0,0.5002317936163397
1,242,0,0.5028675265001187
1,249,0,0.5011474377098858
1,250,0,0.5007130750762186
1,252,0,0.5004233620333159
1,257,0,0.5003758600408861
1,269,0,0.5036546467972233
1,273,0,0.5013664355080429
1,275,0,0.5000647892291382
1,279,0,0.5006750610973438
1,282,0,0.5083817875985868
1,285,0,0.5001308249822665
1,288,0,0.5004738829072446
1,292,0,0.5001728645145093
1,298,0,0.5022138501188763
1,303,0,0.5004885997927192
1,307,0,0.500256286415784
1,309,0,0.5002377337580672
1,319,0,0.5001858489127993
1,320,0,0.500183433131087
1,322,0,0.5003048079018809
1,329,0,0.5018451546953656
1,330,0,0.5003906738046116
1,334,0,0.5037366057858266
1,340,0,0.5001064230514168
1,345,0,0.5000758210627657
1,347,0,0.5003382160207357
1,348,0,0.5018739130779447
1,356,0,0.5006588239826251
1,358,0,0.5000384835181836
1,359,0,0.50036747520147
1,364,0,0.5025418932447685
1,384,0,0.5000687306471671
1,390,0,0.5008208371398871
1,399,0,0.5003833123253724
1,406,0,0.5005102177297733
1,411,0,0.500257757535367
1,413,0,0.5009156132296814
1,414,0,0.5015281377156728
1,415,0,0.5004652860555967
1,417,0,0.5006807168463197
1,419,0,0.5005510493025078
1,423,0,0.500342784344128
1,427,0,0.501045496307774
1,440,0,0.5001578741191355
1,449,0,0.5013382148110841
1,452,0,0.5014504607487844
1,461,0,0.5001124717411375
1,474,0,0.5016533956909058
1,506,0,0.5005260066638315
1,512,0,0.5022137032002818
1,515,0,0.5005804618615091
1,524,0,0.5003461371002488
1,527,0,0.500239623560199
1,529,0,0.5002436363904876
1,530,0,0.5051800403189494
1,532,0,0.5003976714146331
1,549,0,0.5001179172791754
1,550,0,0.5031967844781735
1,554,0,0.5050653010093088
1,563,0,0.5019387861189425
1,564,0,0.5024544369471283
1,568,0,0.5015336006789839
1,569,0,0.5002816340159142
1,571,0,0.5004470281537916
1,578,0,0.5003022789176638
1,583,0,0.5018219140776111
1,589,0,0.5005462438951733
1,597,0,0.5044076393825153
1,615,0,0.5004339206039716
1,619,0,0.5006989294480977
1,620,0,0.5003608148250404
1,630,0,0.5088001684903726
1,638,0,0.5004007766778968
1,642,0,0.5072957442487405
1,647,0,0.5010258533487996
1,649,0,0.5008664513869343
1,655,0,0.5004018419354475
1,656,0,0.5010329448749602
1,660,0,0.5014451102002222
1,669,0,0.500298105927115
1,688,0,0.5008015059820871
1,689,0,0.5004704647183245
1,690,0,0.5000884640755932
1,694,0,0.5001846264939558
1,695,0,0.50031864803316
1,698,0,0.5006769945381137
1,699,0,0.5003444940464638
1,709,0,0.5000690464289632
1,714,0,0.5005022148241662
1,717,0,0.5032154166665241
1,721,0,0.5003147813251617
1,723,0,0.5002712246494978
1,727,0,0.5000652967275727
1,728,0,0.5002071146199163
1,729,0,0.5017775153779443
1,732,0,0.5008135718226473
1,735,0,0.5062400878167977
1,736,0,0.5016891950361065
1,743,0,0.503081154852537
1,744,0,0.5008212974389868
1,755,0,0.5003220243926062
1,758,0,0.5003067303436345
1,762,0,0.5006774191484124
1,763,0,0.5002984598548396
1,769,0,0.5031899159839555
1,776,0,0.5002376792750985
1,778,0,0.5007019996809123
1,781,0,0.5015113001729316
1,788,0,0.5003287275394975
1,790,0,0.5004447046809105
1,795,0,0.5003805921533468
1,799,0,0.5004557960965452
1,805,0,0.50026611744568
1,808,0,0.5021954134318861
1,809,0,0.5003730825759423
1,812,0,0.5003668290477462
1,813,0,0.501058618930849
1,815,0,0.5090527656931232
1,816,0,0.5002211279288923
1,817,0,0.5003907642773725
1,820,0,0.5002978581370684
1,823,0,0.5001837451620637
1,825,0,0.5003319209514315
1,829,0,0.5003945906260899
1,834,0,0.501108764568561
1,838,0,0.5015678693482271
1,840,0,0.5001434284010432
1,844,0,0.5002457186069224
1,856,0,0.50101655994255
1,869,0,0.5020300576824802
1,870,0,0.5011090163512969
1,871,0,0.5012981137656056
1,879,0,0.5069593561392984
1,881,0,0.5005518710141018
1,883,0,0.5003099164106823
1,891,0,0.500708973553666
1,892,0,0.5006709966323877
1,901,0,0.5009798533990717
1,906,0,0.5004357914657388
1,911,0,0.5002409287644088
1,912,0,0.500331158445247
1,916,0,0.5003207443030127
1,918,0,0.5005692600904763
1,920,0,0.5002457330976069
1,925,0,0.5011193615216734
1,931,0,0.5005520598624291
1,943,0,0.5000835278543072
1,960,0,0.5006002943540019
1,966,0,0.5000477503838278
1,968,0,0.5008467611639086
1,971,0,0.5029558663297441
1,977,0,0.50109263894086
1,979,0,0.500096839990531
1,985,0,0.500259390816814
1,987,0,0.5005477135406001
1,990,0,0.5004428534905121
1,995,0,0.5013100751949074
1,996,0,0.500173618217771
1,998,0,0.5002810728654387
1,1007,0,0.5096724766607169
1,1009,0,0.5017913426837529
1,1012,0,0.504893023003273
1,1015,0,0.5021218012372021
1,1041,0,0.5007178035373022
1,1046,0,0.5017453040384613
1,1050,0,0.5005311468633687
1,1052,0,0.5003748241658659
1,1053,0,0.5005511661895973
1,1057,0,0.5022315040400267
1,1061,0,0.501411513981831
1,1071,0,0.500161254718472
1,1073,0,0.5001146790842935
1,1074,0,0.5005332946895659
1,1075,0,0.5003220140062875
1,1079,0,0.5005530980952193
1,1086,0,0.5013660757118393
1,1087,0,0.5001469308531623
1,1093,0,0.5006610682527799
1,1096,0,0.5002511170194951
1,1098,0,0.5001997322946716
1,1114,0,0.5001902961789406
1,1116,0,0.5016494658433421
1,1121,0,0.5003705697536069
1,1132,0,0.50109383970336
1,1133,0,0.5001157661196741
1,1135,0,0.5000959528653343
1,1140,0,0.5020407880401421
1,1141,0,0.5005958556675758
1,1142,0,0.5128234495096742
1,1149,0,0.503211023788942
1,1157,0,0.5003116063963433
1,1158,0,0.500286613338428
1,1162,0,0.500447256352313
1,1168,0,0.5012370165695913
1,1170,0,0.5001369923454467
1,1173,0,0.5002026859125994
1,1181,0,0.5019816089951519
1,1186,0,0.5001749879816034
1,1189,0,0.5001908785829189
1,1193,0,0.500750803910383
1,1194,0,0.500399732982359
1,1197,0,0.5000771837603416
1,1199,0,0.5000726121380537
1,1210,0,0.501331664800287
1,1215,0,0.5003183728068906
1,1221,0,0.5000735996479292
1,1223,0,0.5001379630206388
1,1225,0,0.5002715648941569
1,1226,0,0.5009459098494784
1,1231,0,0.5002927833385193
1,1235,0,0.5001161130199605
1,1237,0,0.5031872540659025
1,1240,0,0.5006072315306958
1,1242,0,0.5000836174839908
1,1243,0,0.5004120224621696
1,1248,0,0.5063053501316468
1,1250,0,0.5000770196377776
1,1254,0,0.501600662239313
1,1255,0,0.500673118794142
1,1258,0,0.5012114431520903
1,1261,0,0.5002137133458257
1,1280,0,0.5004405805904989
1,1283,0,0.5001792882123874
1,1286,0,0.5004295337599312
1,1287,0,0.5039397739529182
1,1295,0,0.5002942210416644
1,1296,0,0.5026709479422303
1,1301,0,0.500692198458163
1,1304,0,0.5005244626886461
1,1308,0,0.5010268725005863
1,1317,0,0.5029826030204044
1,1322,0,0.5013241129689957
1,1325,0,0.5012309904307889
1,1333,0,0.5006026636697815
1,1341,0,0.5003477328479601
1,1344,0,0.5019182433165511
1,1347,0,0.5004727745172691
1,1349,0,0.5183359247924727
1,1353,0,0.500311662754914
1,1357,0,0.5006588728609518
1,1365,0,0.5070934788797864
1,1366,0,0.5005586383290496
1,1370,0,0.5000202307829569
1,1375,0,0.5003775009062188
1,1386,0,0.5005752873025998
1,1388,0,0.5008365165461874
1,1390,0,0.5003957157646793
1,1400,0,0.5004672446401708
1,1402,0,0.5002933561026707
1,1404,0,0.5004637206038273
1,1410,0,0.5017837655180882
1,1423,0,0.500583370564915
1,1425,0,0.500720207111866
1,1433,0,0.5781608732665188
1,1439,0,0.500388234890393
1,1465,0,0.5000415866848269
1,1472,0,0.5002667719552281
1,1478,0,0.5014425640774969
1,1484,0,0.5010955846481598
1,1489,0,0.5003906645777555
1,1496,0,0.5014168621592869
1,1497,0,0.5001349075430468
1,1498,0,0.5021784296461899
1,1500,0,0.500498453690787
1,1503,0,0.5001582121768545
1,1504,0,0.5036567699658309
1,1510,0,0.5002392711980708
1,1514,0,0.5000950061318056
1,1521,0,0.500222645179672
1,1526,0,0.5000598421931953
1,1531,0,0.5016533212082595
1,1534,0,0.5000854173545894
1,1542,0,0.5028205622804232
1,1547,0,0.5002665035904064
1,1554,0,0.5007378134119992
1,1556,0,0.502818754872183
1,1557,0,0.5005779296099307
1,1558,0,0.5000572366032894
1,1559,0,0.5004898970440406
1,1562,0,0.5003934663163295
1,1565,0,0.5001978473755581
1,1566,0,0.5005720065792201
1,1567,0,0.5002620146724396
1,1571,0,0.5005770188280991
1,1579,0,0.5002915482920965
1,1580,0,0.5002133849660586
1,1585,0,0.5001629070100736
1,1588,0,0.5004475931418745
1,1593,0,0.5004750376523572
1,1604,0,0.501609558241795
1,1609,0,0.5016155922002965
1,1614,0,0.5003558503147838
1,1621,0,0.5003204822538861
1,1627,0,0.5004058129503114
1,1628,0,0.5021613897549689
1,1629,0,0.5001548366973476
1,1640,0,0.5007542064922458
1,1644,0,0.5002060828428413
1,1654,0,0.5000505808696588
1,1655,0,0.5010350953982192
1,1656,0,0.5001843112663203
1,1657,0,0.5004927546504079
1,1658,0,0.5014317535485412
1,1661,0,0.5001089577820061
1,1665,0,0.500586712482899
1,1671,0,0.5004500324475546
1,1675,0,0.5003210945989571
1,1681,0,0.5001220371960524
1,1682,0,0.5007156098584988
1,1685,0,0.5002014487541419
1,1693,0,0.501444240990596
1,1694,0,0.5003412861633684
1,1698,0,0.5009903930299888
1,1700,0,0.5004092264549647
1,1702,0,0.5000336532901128
1,1705,0,0.5036948625139748
1,1709,0,0.5002516190352199
1,1711,0,0.501504603100792
1,1712,0,0.5002254569173272
1,1720,0,0.5006355635955119
1,1727,0,0.5001132634672996
1,1728,0,0.5020083138529431
1,1737,0,0.5005167319940341
1,1740,0,0.5009278536297995
1,1743,0,0.500083244574859
1,1749,0,0.5011941731917032
1,1750,0,0.5001483866832989
1,1751,0,0.5009190957511017
1,1752,0,0.5003726862206423
1,1754,0,0.5016400644951705
1,1759,0,0.5023891657693705
1,1775,0,0.5005054461591449
1,1778,0,0.5039085405875847
1,1801,0,0.5010736824124487
1,1811,0,0.5002095884293734
1,1813,0,0.5003189814366771
1,1816,0,0.5002373819525344
1,1817,0,0.5006700571531288
1,1819,0,0.5004465939907624
1,1824,0,0.5004121756902961
1,1825,0,0.5005374507790694
1,1827,0,0.5012863390572665
1,1830,0,0.5038594778897333
1,1831,0,0.5028194147845776
1,1832,0,0.5011009854223202
1,1834,0,0.5007757353147119
1,1835,0,0.500086158649282
1,1837,0,0.5002069982655502
1,1844,0,0.5017200825144588
1,1850,0,0.5005103033561448
1,1854,0,0.5000398394969437
1,1857,0,0.50106620339042
1,1876,0,0.5008690557729737
1,1881,0,0.5001654008256887
1,1885,0,0.5002789123059582
1,1895,0,0.5013650892954535
1,1900,0,0.501289855489883
1,1904,0,0.5008038210407443
1,1912,0,0.5006901196211696
1,1916,0,0.5000377438238226
1,1931,0,0.5025208421175039
1,1937,0,0.5017456298075667
1,1939,0,0.516086136585803
1,1962,0,0.5003474251021008
1,1976,0,0.5002240982708268
1,1979,0,0.5018178539379617
1,1995,0,0.5009827246231292
1,1999,0,0.5002652314849548
1,2000,0,0.5014428535700273
1,2007,0,0.5006620540496877
1,2009,0,0.5000935220381917
1,2012,0,0.5003449435244214
1,2022,0,0.5010636199048424
1,2023,0,0.5001933897693983
1,2030,0,0.5003539514277531
1,2032,0,0.5000344633036966
1,2038,0,0.500231558931306
1,2042,0,0.5004453369783776
1,2047,0,0.5001844425811364
1,2061,0,0.5003542498536904
1,2068,0,0.5029414137067383
1,2070,0,0.5001616294774335
1,2078,0,0.5001344396795113
1,2081,0,0.5011976018048457
1,2096,0,0.500612111828052
1,2097,0,0.5003252369803661
1,2098,0,0.5002324624502568
1,2099,0,0.5018622154618166
1,2100,0,0.5021785542392511
1,2103,0,0.5047422251811562
1,2104,0,0.5018276504372451
1,2112,0,0.5004068342130045
1,2115,0,0.5002496106203032
1,2119,0,0.5007846234740616
1,2121,0,0.5003057710552544
1,2122,0,0.5002925067939866
1,2124,0,0.5030275429657997
1,2137,0,0.5003327956439614
1,2139,0,0.5029488667549513
1,2142,0,0.5011622000380135
1,2156,0,0.5013403036664589
1,2165,0,0.5000211311512871
1,2174,0,0.5010196492979866
1,2177,0,0.5007031205924806
1,2183,0,0.500426492188932
1,2186,0,0.5012840579159733
1,2192,0,0.500493630490526
1,2198,0,0.5002131009422811
1,2207,0,0.5000235434471764
1,2215,0,0.5002680309850647
1,2221,0,0.500296485592132
1,2222,0,0.5009030130488018
1,2230,0,0.501925393387746
1,2231,0,0.5027608102456662
1,2241,0,0.5003607937115344
1,2246,0,0.500569133634755
1,2255,0,0.5008151449965218
1,2269,0,0.5002806527242786
1,2272,0,0.5002534062789238
1,2273,0,0.5005072435856405
1,2279,0,0.5002239324673166
1,2284,0,0.5003944323178912
1,2286,0,0.5013147215941283
1,2295,0,0.5012975106037317
1,2299,0,0.500101350868029
1,2301,0,0.5009359564086929
1,2302,0,0.5005154452907236
1,2303,0,0.5002449021816008
1,2312,0,0.5034538209914893
1,2313,0,0.5012701456364863
1,2324,0,0.5016585532552001
1,2326,0,0.5002781087368054
1,2327,0,0.5000902931951448
1,2332,0,0.508657505815276
1,2335,0,0.5003931833085219
1,2342,0,0.5003279231115558
1,2345,0,0.500674045493762
1,2346,0,0.5047675104430599
1,2348,0,0.5002356800848459
1,2350,0,0.5008136880135843
1,2353,0,0.5001258611016074
1,2358,0,0.5004088387926227
1,2359,0,0.5005652035152872
1,2367,0,0.5014100293262955
1,2379,0,0.500458870402041
1,2381,0,0.5001455793720313
1,2387,0,0.5016679529460334
1,2389,0,0.5028209986017695
1,2390,0,0.5004812248704704
1,2392,0,0.5005442195590485
1,2396,0,0.5001782778433623
1,2406,0,0.500572554076183
1,2411,0,0.5003676557043464
1,2414,0,0.5067626982345304
1,2418,0,0.5004034339686111
1,2432,0,0.5013233909927728
1,2434,0,0.5001400162427702
1,2441,0,0.500085826389866
1,2443,0,0.5008364381141002
1,2450,0,0.500812755960585
1,2467,0,0.5039979916739158
1,2470,0,0.5002074322711277
1,2480,0,0.5017641083436648
1,2483,0,0.5014230662207527
1,2490,0,0.5009021299271186
1,2491,0,0.5002175545021881
1,2493,0,0.5009007238163419
1,2500,0,0.5000197100631539
1,2503,0,0.5018248053006087
1,2505,0,0.5018387435359921
1,2511,0,0.5000415322985515
1,2512,0,0.5019153174218094
1,2513,0,0.5001335712269562
1,2514,0,0.5007752766273105
1,2519,0,0.5011435128877
1,2521,0,0.5004491754818764
1,2523,0,0.5065547095326507
1,2524,0,0.5004742237813057
1,2528,0,0.5008831344171238
1,2536,0,0.5003235742442659
1,2545,0,0.5014216892949499
1,2555,0,0.5024069188687399
1,2563,0,0.5044494675266292
1,2564,0,0.5012501706180253
1,2566,0,0.5016896778758797
1,2568,0,0.5006667942734246
1,2576,0,0.501767989075094
1,2577,0,0.5002066129794666
1,2579,0,0.500711167409579
1,2582,0,0.500950668313185
1,2583,0,0.5001313087650403
1,2591,0,0.5008610338101068
1,2597,0,0.5009351027956803
1,2599,0,0.5028866633933935
1,2604,0,0.5008022123159752
1,2620,0,0.5009817011499933
1,2624,0,0.5004371480091249
1,2629,0,0.5036619744632459
1,2630,0,0.5002917624189158
1,2631,0,0.50026590659467
1,2632,0,0.5003637152323375
1,2635,0,0.5011225449046397
1,2640,0,0.5001161999354086
1,2643,0,0.5013888732783621
1,2646,0,0.501098974661053
1,2654,0,0.500224346685373
1,2657,0,0.5001393035437222
1,2660,0,0.5031796885481751
1,2674,0,0.5002835661397023
1,2675,0,0.5036093502715651
1,2677,0,0.5002997766866237
1,2679,0,0.5073432087137165
1,2682,0,0.5007973912625813
1,2688,0,0.5001197497074333
1,2689,0,0.5002819521100342
1,2690,0,0.5003749055694361
1,2691,0,0.501200727432289
1,2692,0,0.5008863931202703
1,2695,0,0.5022199722082261
1,2698,0,0.50174426929829
1,2702,0,0.5004898894363696
1,2709,0,0.5003426103249962
1,2717,0,0.5009127639137209
1,2725,0,0.5000911938381368
1,2728,0,0.5012597762491228
1,2742,0,0.500851867832341
1,2743,0,0.5002238222473282
1,2745,0,0.5003034879103337
1,2758,0,0.5000888522869059
1,2773,0,0.5003537605428049
1,2775,0,0.5007749736146887
1,2777,0,0.5007086363026922
1,2778,0,0.5005247408351059
1,2783,0,0.503662958459367
1,2784,0,0.5035977317952713
1,2785,0,0.5039802066171455
1,2809,0,0.5011252049184992
1,2813,0,0.5028736673480412
1,2824,0,0.5007148057569512
1,2834,0,0.5008374416922207
1,2837,0,0.5001055486799982
1,2838,0,0.5013410385931646
1,2839,0,0.5007328670015055
1,2840,0,0.501343865849093
1,2842,0,0.5002305037145087
1,2849,0,0.5000604181798134
1,2859,0,0.5003765897612179
1,2861,0,0.5012558635031297
1,2867,0,0.5006846646942188
1,2872,0,0.5012105763684414
1,2877,0,0.5009852913051501
1,2882,0,0.5018879946722005
1,2891,0,0.5014236411256033
1,2893,0,0.5002995248043272
1,2906,0,0.5001204496610792
1,2912,0,0.5005364099196289
1,2920,0,0.5009344858877666
1,2921,0,0.5089315596102821
1,2925,0,0.5003710511815367
1,2935,0,0.5001620105888013
1,2944,0,0.5007261696908107
1,2945,0,0.501290872092218
1,2946,0,0.5072904600193765
1,2950,0,0.5013449166826817
1,2951,0,0.5001139526551859
1,2959,0,0.5002648623412191
1,2960,0,0.5007398335789348
1,2963,0,0.5001328416423491
1,2969,0,0.505587988943521
1,2970,0,0.5011920499537029
1,2972,0,0.5020660798161245
1,2974,0,0.5005683913165789
1,2977,0,0.5005230651821553
1,2981,0,0.500454644838555
1,2992,0,0.501203641032794
1,3006,0,0.5003536566691262
1,3007,0,0.5000768597754903
1,3009,0,0.5006381465422916
1,3010,0,0.5001205353484137
1,3019,0,0.5000666462285496
1,3027,0,0.5005252523995417
1,3036,0,0.5022759932012683
1,3039,0,0.5008248543309981
1,3040,0,0.5002041101649669
1,3041,0,0.5002796491986778
1,3042,0,0.5004931183445943
1,3044,0,0.5017277560809728
1,3047,0,0.500328771949356
1,3048,0,0.5007250610610007
1,3051,0,0.5004295020361558
1,3052,0,0.5017617488734815
1,3055,0,0.5003375167197573
1,3057,0,0.5006331397222692
1,3063,0,0.50051764342983
1,3076,0,0.5000838782154275
1,3078,0,0.5026275355620328
1,3104,0,0.5006184059092583
1,3106,0,0.5006339900885798
1,3110,0,0.5005528570149119
1,3114,0,0.5004088594231918
1,3125,0,0.500532620038
1,3126,0,0.5001195842260454
1,3131,0,0.5003248697500055
1,3132,0,0.5009469705714504
1,3134,0,0.5000658514562039
1,3139,0,0.500054788063294
1,3140,0,0.5190271264856883
1,3144,0,0.5043178064845417
1,3145,0,0.5006513737568785
1,3157,0,0.5278092556931606
1,3163,0,0.5059735916783984
1,3191,0,0.5016188447968339
1,3194,0,0.5003035477206926
1,3202,0,0.5011129834314256
1,3203,0,0.5004035159591569
1,3204,0,0.5001171895434083
1,3205,0,0.5008294209121837
1,3206,0,0.5013465713785589
1,3212,0,0.5003609671375729
1,3216,0,0.5001711822760102
1,3219,0,0.5022634671099122
1,3225,0,0.5000816259907324
1,3229,0,0.501746879059538
1,3231,0,0.5004733212844275
1,3237,0,0.5010162878104789
1,3248,0,0.5010385371467636
1,3249,0,0.5002628962184434
1,3255,0,0.5003445789498062
1,3257,0,0.5002208403021218
1,3265,0,0.504037225909587
1,3269,0,0.5006328015576766
1,3274,0,0.505872631322102
1,3276,0,0.5024406889985253
1,3279,0,0.5006907813213592
1,3287,0,0.5004716258436448
1,3296,0,0.5025582529350364
1,3298,0,0.5003824245375332
1,3301,0,0.5002616706125126
1,3307,0,0.5003651317868153
1,3316,0,0.5004584888069215
1,3329,0,0.5000674272954078
1,3330,0,0.500117885292672
1,3332,0,0.5009185041117573
1,3337,0,0.5113757694889052
1,3338,0,0.5015612758231803
1,3339,0,0.5002577836562941
1,3343,0,0.5034613507811494
1,3344,0,0.5009188608255196
1,3353,0,0.5008658545993504
1,3355,0,0.5001960472723135
1,3358,0,0.5010230074216009
1,3361,0,0.5008296874186895
1,3366,0,0.5023024570996341
1,3371,0,0.5000915710351928
1,3373,0,0.5000481698899883
1,3395,0,0.5006598900630607
1,3396,0,0.500277588625983
1,3402,0,0.5015995211073228
1,3404,0,0.50282012336117
1,3407,0,0.5003090017693784
1,3417,0,0.5032372323916686
1,3421,0,0.5004407082972885
1,3423,0,0.500523027566313
1,3425,0,0.5005867014627532
1,3427,0,0.5005570258585457
1,3433,0,0.5001729571040595
1,3443,0,0.5005493025897115
1,3450,0,0.5003514691536538
1,3457,0,0.5002074920148895
1,3479,0,0.500390710404573
1,3480,0,0.500361107087947
1,3483,0,0.5011673429645506
1,3485,0,0.5004172944458495
1,3491,0,0.5003685411741906
1,3492,0,0.5052065614506999
1,3495,0,0.5009045618371247
1,3498,0,0.5000987953003118
1,3502,0,0.5014434654361717
1,3506,0,0.5001505747941528
1,3516,0,0.5001081682398919
1,3517,0,0.5000517249543688
1,3518,0,0.500288485204367
1,3536,0,0.5003127848882712
1,3538,0,0.5006530237314917
1,3542,0,0.5006057252951545
1,3543,0,0.5003703629617077
1,3549,0,0.5009293183029617
1,3557,0,0.50045472143613
1,3563,0,0.5002698902032123
1,3568,0,0.5015514347650379
1,3572,0,0.5005137064709358
1,3580,0,0.5001778309426718
1,3582,0,0.500331911254176
1,3585,0,0.5003741394021134
1,3586,0,0.501146021841102
1,3592,0,0.501619798649328
1,3593,0,0.5012718976026683
1,3597,0,0.5009517827743866
1,3601,0,0.5008240664171759
1,3624,0,0.5007092148716111
1,3629,0,0.5001215729891448
1,3634,0,0.5002537935646639
1,3635,0,0.5096747940925701
1,3639,0,0.5003056329427392
1,3653,0,0.5000648401398242
1,3657,0,0.5013123594300889
1,3659,0,0.5004236710153265
1,3664,0,0.5008929570721112
1,3667,0,0.5021334212787384
1,3668,0,0.500772958148675
1,3669,0,0.5001743259763287
1,3671,0,0.5027440423496835
1,3674,0,0.5002993495738246
1,3680,0,0.5006296699810556
1,3681,0,0.5195181320316622
1,3683,0,0.5021229142146897
1,3684,0,0.5001974286320106
1,3686,0,0.500501237808679
1,3689,0,0.5003307834509791
1,3696,0,0.5004235674289218
1,3701,0,0.502338439155292
1,3702,0,0.5001703692854442
1,3706,0,0.501642573062659
1,3713,0,0.5018836531589222
1,3716,0,0.5003577776501771
1,3718,0,0.5007528295011139
1,3721,0,0.5002222379732923
1,3723,0,0.5000523400075207
1,3729,0,0.5001153730868355
1,3731,0,0.5003420991542711
1,3734,0,0.5004616060921994
1,3738,0,0.5004970588835029
1,3743,0,0.5003642728612337
1,3747,0,0.5002010139541777
1,3762,0,0.5019947794476809
1,3769,0,0.5011757742834275
1,3770,0,0.5008993300280752
1,3775,0,0.500371677030009
1,3779,0,0.5002564684160583
1,3783,0,0.5001948978586774
1,3817,0,0.5008301535724619
1,3837,0,0.5004627791097502
1,3838,0,0.5001224668265407
1,3841,0,0.5007180737521632
1,3843,0,0.5003648755065734
1,3844,0,0.5017527537219355
1,3846,0,0.5000957471424287
1,3848,0,0.5209251088843215
1,3862,0,0.5004309168392613
1,3873,0,0.5001103121477384
1,3876,0,0.5001521831326186
1,3878,0,0.500252552789076
1,3882,0,0.5111464565640528
1,3886,0,0.5015894371112805
1,3891,0,0.501146079272875
1,3897,0,0.5008313964019588
1,3898,0,0.5002900889415491
1,3909,0,0.5007202149926635
1,3920,0,0.5006898343668065
1,3929,0,0.5007798628489831
1,3936,0,0.5009200509284812
1,3943,0,0.5005387643383897
1,3946,0,0.5012011683088994
1,3947,0,0.5007042839724459
1,3969,0,0.5002370140568482
1,3973,0,0.5003504855441189
1,3974,0,0.5007201961203506
1,3976,0,0.5012122423765537
1,3984,0,0.5034725858728853
1,3992,0,0.500547219106689
1,3994,0,0.5004048450017846
1,4001,0,0.5017619193537983
1,4006,0,0.5016273465055886
1,4014,0,0.5002921264352937
1,4015,0,0.5037207762107232
1,4025,0,0.5002943533695067
1,4026,0,0.5003265888703554
1,4027,0,0.5001989937383431
1,4030,0,0.5044786804724604
1,4032,0,0.5009014215810599
1,4035,0,0.5002390091834635
1,4038,0,0.5006432729687725
1,4040,0,0.5008837832557185
1,4044,0,0.5001970947220973
1,4048,0,0.503748606778627
1,4054,0,0.5039645990002466
1,4055,0,0.5004669686360668
1,4059,0,0.5003208148461856
1,4065,0,0.5002739254287198
1,4066,0,0.5004281068916386
1,4070,0,0.5057718416549185
1,4074,0,0.5002683972909462
1,4080,0,0.5019276251338852
1,4081,0,0.5002776256213726
1,4083,0,0.5027424015945587
1,4084,0,0.5002095535580834
1,4085,0,0.5056438313867097
1,4091,0,0.5007807505317485
1,4094,0,0.5002422734660343
1,4096,0,0.5006535472023829
1,4097,0,0.5115370648781369
1,4098,0,0.5003776508125334
1,4104,0,0.5007741567006289
1,4105,0,0.5004883717184899
1,4107,0,0.5016701723871492
1,4111,0,0.5005223438931552
1,4118,0,0.5000996718513201
1,4119,0,0.5000324112447337
1,4124,0,0.5009488749556243
1,4137,0,0.5025637649823982
1,4150,0,0.5005395150512041
1,4163,0,0.5009691847249594
1,4164,0,0.5003861619670253
1,4169,0,0.500048468354051
1,4171,0,0.5003338961261071
1,4184,0,0.5005552097371556
1,4187,0,0.5033054242285405
1,4196,0,0.5019680000110933
1,4197,0,0.5016908640301273
1,4198,0,0.5002785562611028
1,4214,0,0.5002596127911062
1,4215,0,0.5029305448087606
1,4217,0,0.5034244971822902
1,4218,0,0.5004394534424125
1,4221,0,0.5033972397012125
1,4224,0,0.5011013094103292
1,4227,0,0.5002668074599628
1,4230,0,0.5001753278413331
1,4247,0,0.5003105953373183
1,4248,0,0.5005661110464585
1,4251,0,0.5011343803522093
1,4252,0,0.5001362294878177
1,4254,0,0.5000436750518562
1,4265,0,0.5000185375136574
1,4270,0,0.5014787999809339
1,4271,0,0.500712159242867
1,4291,0,0.5012697745988308
1,4299,0,0.5004207016179316
1,4304,0,0.5011196896604709
1,4308,0,0.5002331055732208
1,4313,0,0.5033072339387396
1,4327,0,0.50037729775622
1,4329,0,0.5004831942896216
1,4334,0,0.5018471200685348
1,4336,0,0.5001120516357783
1,4343,0,0.5003022627048478
1,4345,0,0.500956322898188
1,4346,0,0.5021117234559528
1,4351,0,0.5002127668031281
1,4363,0,0.5002949742876921
1,4372,0,0.5002617617008109
1,4373,0,0.5002145788858925
1,4381,0,0.5003764771368671
1,4397,0,0.5008692624954736
1,4402,0,0.5025858140732045
1,4414,0,0.5001712928557585
1,4420,0,0.5012493715695627
1,4426,0,0.5008711588096141
1,4439,0,0.5025064159115983
1,4440,0,0.5016045713217515
1,4455,0,0.5007920752460753
1,4459,0,0.5010549035687387
1,4468,0,0.5010049161615696
1,4477,0,0.5000938351357181
1,4489,0,0.5017964106045373
1,4493,0,0.5000747440191251
1,4494,0,0.5007109145257957
1,4496,0,0.5000187610636028
1,4499,0,0.5004853268167954
1,4504,0,0.5005475090758221
1,4505,0,0.5004105872528749
1,4519,0,0.5014949622515477
1,4525,0,0.5000424933937784
1,4530,0,0.5009459885623105
1,4538,0,0.5007906827806361
1,4542,0,0.5001862260633944
1,4545,0,0.5010232395031318
1,4552,0,0.5021160737600481
1,4553,0,0.5007645325081151
1,4557,0,0.5013656084455251
1,4565,0,0.5003524427463208
1,4568,0,0.5003001194490155
1,4573,0,0.5005989728042745
1,4575,0,0.5001811524819578
1,4580,0,0.5001236984937286
1,4583,0,0.5015793641696149
1,4585,0,0.5004045358479374
1,4592,0,0.5002031375562357
1,4593,0,0.5001260447712793
1,4595,0,0.5006813450300225
1,4603,0,0.5005039752927287
1,4607,0,0.507246388216428
1,4609,0,0.5001636455901938
1,4612,0,0.5038106541521687
1,4613,0,0.5008213740383773
1,4620,0,0.5003812700689232
1,4622,0,0.5015248477698746
1,4624,0,0.5004867427815158
1,4631,0,0.5007724560057986
1,4632,0,0.5003611920636895
1,4644,0,0.5001376850779862
1,4653,0,0.5002555201019858
1,4667,0,0.5010116008471843
1,4695,0,0.5007149955951409
1,4696,0,0.5008217672196262
1,4705,0,0.5020462914185816
1,4708,0,0.50116892894206
1,4715,0,0.5001305144894805
1,4716,0,0.500210316033246
1,4717,0,0.5002839192253222
1,4747,0,0.5005813973116208
1,4749,0,0.500691357683116
1,4755,0,0.5019442405641159
1,4767,0,0.5002976879662034
1,4774,0,0.5095061598731144
1,4798,0,0.5008160031182245
1,4801,0,0.5022061656390395
1,4821,0,0.5008486554205867
1,4823,0,0.5000482559485333
1,4824,0,0.5007522724037456
1,4828,0,0.5002910147895753
1,4839,0,0.5001791555245672
1,4852,0,0.5003369161442093
1,4855,0,0.5023061934483946
1,4858,0,0.5003678896382682
1,4863,0,0.5032617140709588
1,4864,0,0.5139127191922828
1,4881,0,0.501284008430243
1,4883,0,0.5004550115169383
1,4886,0,0.5013219976781298
1,4888,0,0.501768216503341
1,4902,0,0.5053101183098314
1,4904,0,0.5011309579125626
1,4905,0,0.5001551179553071
1,4908,0,0.5003283394717594
1,4911,0,0.5003018236004602
1,4930,0,0.5000318612956354
1,4939,0,0.5020331155622432
1,4943,0,0.5000394087738755
1,4945,0,0.500716789846006
1,4949,0,0.5010446787899091
1,4952,0,0.522918372362978
1,4960,0,0.5000905499891781
1,4966,0,0.5002994612902685
1,4970,0,0.5000969303938759
1,4973,0,0.5008480543469833
1,4978,0,0.5000882329539812
1,4985,0,0.501175092356866
1,5001,0,0.500233951377219
1,5004,0,0.5002844948553339
1,5010,0,0.5002040026773538
1,5014,0,0.5024403097852173
1,5016,0,0.5002378998969956
1,5017,0,0.5002120454265199
1,5026,0,0.5043669453490414
1,5027,0,0.5024506877428069
1,5030,0,0.5000451691124869
1,5033,0,0.5055780663432494
1,5058,0,0.5001072656930563
1,5059,0,0.5025257836642268
1,5067,0,0.5004670169318599
1,5068,0,0.5010542693568789
1,5072,0,0.5002693016257339
1,5074,0,0.50011677916793
1,5080,0,0.500129641969215
1,5083,0,0.502407968296348
1,5084,0,0.5002728387373526
1,5089,0,0.5006817840685148
1,5093,0,0.502795077236786
1,5094,0,0.5003866478540984
1,5102,0,0.5005091392086305
1,5104,0,0.5070948400660498
1,5112,0,0.5011299217160576
1,5115,0,0.5016213737953383
1,5117,0,0.5010836016352227
1,5121,0,0.5003933449084053
1,5124,0,0.5015495063209172
1,5127,0,0.5005496520234174
1,5138,0,0.5055026010027625
1,5140,0,0.5022264625889998
1,5144,0,0.5009837298105888
1,5145,0,0.5002179772563464
1,5147,0,0.5001910176687009
1,5152,0,0.5016756019908755
1,5157,0,0.5018223950869248
1,5162,0,0.5035843064759459
1,5168,0,0.5001469608532643
1,5173,0,0.5002708698557615
1,5175,0,0.5001669981151413
1,5177,0,0.5006748932127713
1,5180,0,0.5061555761773747
1,5187,0,0.5344116504036952
1,5190,0,0.5006738560542254
1,5192,0,0.5007620061093183
1,5198,0,0.5010186661678572
1,5199,0,0.5009273477781024
1,5205,0,0.5011808263603281
1,5210,0,0.5022980492339756
1,5225,0,0.5000669776936232
1,5228,0,0.5006721692364752
1,5232,0,0.5012007937842241
1,5237,0,0.5003031951409581
1,5245,0,0.500240604812179
1,5246,0,0.5007506522143795
1,5248,0,0.500471689964445
1,5253,0,0.5000384584738807
1,5262,0,0.5003008656708264
1,5264,0,0.5008568664249948
1,5273,0,0.5050900077126946
1,5281,0,0.500722534617883
1,5282,0,0.5021402648639455
1,5283,0,0.5014018881587647
1,5298,0,0.5002029926516549
1,5300,0,0.5003390919062095
1,5302,0,0.5003295905782735
1,5303,0,0.5010865655692645
1,5312,0,0.5008354247479215
1,5322,0,0.5021698828772304
1,5323,0,0.5012970788443675
1,5333,0,0.5003662808672585
1,5336,0,0.5001929446506973
1,5339,0,0.5001839693203403
1,5343,0,0.500629760289711
1,5346,0,0.500150406806749
1,5347,0,0.5003425164430223
1,5353,0,0.5001516414001749
1,5357,0,0.5023666044638871
1,5359,0,0.5014292290546334
1,5361,0,0.5046112336595443
1,5364,0,0.5012598264557829
1,5374,0,0.5003913015142534
1,5379,0,0.5010470433675013
1,5386,0,0.5001450946445737
1,5388,0,0.5034554697168143
1,5391,0,0.5012015401284382
1,5393,0,0.500037778985806
1,5394,0,0.5002644480022876
1,5408,0,0.5003054666588376
1,5409,0,0.5018399025673971
1,5411,0,0.5000912553294954
1,5414,0,0.5029973495356861
1,5431,0,0.5002663437278771
1,5435,0,0.5004984637979838
1,5436,0,0.500479207679327
1,5437,0,0.5007008520957705
1,5470,0,0.5040709231851563
1,5473,0,0.5003510504361285
1,5486,0,0.5012740945047048
1,5487,0,0.5006076912206604
1,5491,0,0.5002948682707143
1,5492,0,0.5002115026251945
1,5504,0,0.5002728786383114
1,5505,0,0.501427397953949
1,5507,0,0.5035560748081247
1,5510,0,0.5002305160448325
1,5512,0,0.5002748827690324
1,5513,0,0.500676120693747
1,5515,0,0.5002050922976176
1,5521,0,0.5000994045684668
1,5524,0,0.5004246213221953
1,5528,0,0.5035144036542559
1,5548,0,0.5003352705168711
1,5549,0,0.5002960212111426
1,5551,0,0.5008689126530468
1,5552,0,0.5001108922482358
1,5554,0,0.5117845125776442
1,5558,0,0.5004397555013339
1,5560,0,0.5004390763254081
1,5561,0,0.5004363266288501
1,5574,0,0.5006891167253424
1,5579,0,0.5005701189493845
1,5586,0,0.5004039652646082
1,5591,0,0.5003070391797614
1,5603,0,0.5001482748144397
1,5605,0,0.5019488619073477
1,5610,0,0.5036615581108014
1,5615,0,0.5003154060665382
1,5616,0,0.5006444813533927
1,5621,0,0.500238566928729
1,5630,0,0.500161399507546
1,5634,0,0.5001310057072619
1,5637,0,0.5006508704943057
1,5642,0,0.5010885193816118
1,5645,0,0.5035269733299574
1,5648,0,0.5003544252505245
1,5663,0,0.5024062992638769
1,5677,0,0.5016521015490641
1,5679,0,0.509056830200076
1,5680,0,0.5010509592526681
1,5682,0,0.5001220500994041
1,5685,0,0.5001422596160758
1,5698,0,0.5016822725202332
1,5699,0,0.501485655663907
1,5700,0,0.5037930972878181
1,5708,0,0.5001110679194921
1,5713,0,0.500414685853974
1,5714,0,0.5041742668872852
1,5716,0,0.5123769300786079
1,5718,0,0.5088557229434382
1,5720,0,0.501908829323936
1,5734,0,0.5003183603069146
1,5740,0,0.5000302773872555
1,5751,0,0.502115828916097
1,5752,0,0.5000978718912443
1,5754,0,0.5001534991134163
1,5755,0,0.5005546629289745
1,5759,0,0.500241988949565
1,5763,0,0.5039763049763891
1,5766,0,0.5063105565068582
1,5774,0,0.5018026745769989
1,5776,0,0.5006274781666494
1,5777,0,0.5003999871868643
1,5781,0,0.5003910523764936
1,5786,0,0.5008731676139656
1,5787,0,0.5000399161499526
1,5798,0,0.5009187472522922
1,5799,0,0.5002991170329061
1,5800,0,0.5000919179391528
1,5803,0,0.5004361346510748
1,5814,0,0.5022849725906395
1,5821,0,0.5010674489998185
1,5822,0,0.5007374957682379
1,5824,0,0.5001907807100614
1,5828,0,0.500202095924409
1,5836,0,0.5004492605072541
1,5839,0,0.5011861813055829
1,5846,0,0.5004207047477225
1,5847,0,0.5008959437665722
1,5871,0,0.5001000521124519
1,5872,0,0.5008556159806765
1,5874,0,0.5001227277854643
1,5877,0,0.5019503741994801
1,5881,0,0.5003937522807574
1,5886,0,0.5022717048425898
1,5899,0,0.5005817504083818
1,5919,0,0.5004067721432846
1,5920,0,0.5005813964627424
1,5924,0,0.5001668769011907
1,5930,0,0.5002657346925578
1,5938,0,0.5017045691037958
1,5939,0,0.5026334986039015
1,5948,0,0.5022085593447129
1,5949,0,0.5003122898971164
1,5951,0,0.5003716206350713
1,5964,0,0.5005236650149989
1,5972,0,0.5001279189935114
1,5975,0,0.5010849023679066
1,5977,0,0.500818166510203
1,5980,0,0.5036165712975567
1,5989,0,0.5005827417428472
1,5990,0,0.500759129124753
1,5999,0,0.5002998752748015
1,6006,0,0.5001628870255166
1,6013,0,0.5010679742849603
1,6014,0,0.5010316735712671
1,6025,0,0.5001602589104772
1,6027,0,0.500240486301862
1,6029,0,0.5009640046831269
1,6034,0,0.500676700438603
1,6038,0,0.5023052825025666
1,6042,0,0.5008232383300455
1,6044,0,0.5003271320735047
1,6047,0,0.5004559695908004
1,6053,0,0.5003439280366545
1,6055,0,0.5008420031718981
1,6062,0,0.5001923631697405
1,6063,0,0.5106288741955494
1,6068,0,0.5047281001292232
1,6074,0,0.5023693053063785
1,6076,0,0.5004315149323101
1,6077,0,0.5001230646214087
1,6080,0,0.500654546132955
1,6084,0,0.5014617882309738
1,6090,0,0.5007247774609975
1,6093,0,0.5005203189415175
1,6094,0,0.5002789884844376
1,6099,0,0.5008890862361114
1,6103,0,0.501105648273035
1,6104,0,0.5008858625023271
1,6110,0,0.5001063084600834
1,6112,0,0.5009931926750747
1,6121,0,0.5008999378206919
1,6122,0,0.5004403575355781
1,6123,0,0.5001821348482597
1,6128,0,0.5013926655559879
1,6133,0,0.5111719627705524
1,6135,0,0.5000754089595312
1,6138,0,0.5010686076805799
1,6141,0,0.500326839448896
1,6143,0,0.5000790287434959
1,6144,0,0.5078818787914671
1,6146,0,0.501925300342803
1,6147,0,0.5003915482778796
1,6155,0,0.5005465665647091
1,6160,0,0.5001332956057988
1,6161,0,0.5001954714000245
1,6162,0,0.5012817817675044
1,6169,0,0.5001544081150484
1,6171,0,0.5023864884467036
1,6175,0,0.5013606717172681
1,6193,0,0.5010774170907838
1,6196,0,0.5001293757108997
1,6203,0,0.500073256603727
1,6210,0,0.5007624071467521
1,6227,0,0.500221243253882
1,6236,0,0.5001519229563686
1,6241,0,0.5002490099384199
1,6243,0,0.5000884703178629
1,6247,0,0.5004978890336147
1,6250,0,0.5043494184536739
1,6252,0,0.500135111710213
1,6254,0,0.5044359021519977
1,6265,0,0.5001682278377759
1,6277,0,0.5015047733180175
1,6283,0,0.5001892115735588
1,6290,0,0.5011899087933638
1,6295,0,0.5005206030847701
1,6297,0,0.5006858627738602
1,6298,0,0.5002877427393913
1,6307,0,0.5012858255855959
1,6321,0,0.5012283092234713
1,6322,0,0.5001420162302674
1,6324,0,0.5005213252119469
1,6328,0,0.5004518516692338
1,6330,0,0.5001751189647906
1,6334,0,0.5009854181521273
1,6342,0,0.5002151200569869
1,6344,0,0.5101950312859234
1,6353,0,0.5004063571973961
1,6360,0,0.5008166578718921
1,6362,0,0.5003147072885743
1,6364,0,0.5000636517262137
1,6373,0,0.5008079368912971
1,6378,0,0.5002707363977584
1,6383,0,0.5005335300245791
1,6386,0,0.5009724489530296
1,6389,0,0.5011645747255229
1,6391,0,0.5036531748694268
1,6399,0,0.5001755396277303
1,6407,0,0.5032902303986839
1,6409,0,0.5004138823223808
1,6410,0,0.5001742879572227
1,6424,0,0.5004294792702061
1,6426,0,0.5007708194773324
1,6430,0,0.5011081217969089
1,6431,0,0.5008158105546587
1,6434,0,0.5013799613585954
1,6437,0,0.5004449014475297
1,6443,0,0.5000764989169741
1,6444,0,0.5000626400221683
1,6446,0,0.5003622079548867
1,6448,0,0.5006522352272779
1,6451,0,0.504654032500435
1,6452,0,0.5001240983216967
1,6456,0,0.500073973119905
1,6458,0,0.5002161391019458
1,6459,0,0.5019456278780169
1,6460,0,0.5000467319616481
1,6461,0,0.5046470297211103
1,6468,0,0.5022277414012083
1,6474,0,0.500267017247103
1,6475,0,0.5018263551385105
1,6476,0,0.5025733355356525
1,6478,0,0.5002946624661514
1,6485,0,0.5001053162648613
1,6486,0,0.5004696992295403
1,6502,0,0.5008573105581825
1,6504,0,0.5004925756829018
1,6505,0,0.5023749998562286
1,6506,0,0.5006609297286971
1,6511,0,0.5013751944076115
1,6513,0,0.5008924879604841
1,6525,0,0.5015350901124003
1,6528,0,0.5004052423554974
1,6538,0,0.5005310050226386
1,6540,0,0.5021464863912801
1,6541,0,0.5006243287997847
1,6542,0,0.5019724571184138
1,6555,0,0.5011503543977363
1,6558,0,0.5011433961371595
1,6559,0,0.5009244705458974
1,6561,0,0.500681333668375
1,6562,0,0.5002714504398812
1,6563,0,0.5007566630929428
1,6566,0,0.5003036712159897
1,6574,0,0.5000971794271935
1,6576,0,0.5003263409845388
1,6579,0,0.5004736953355572
1,6580,0,0.5007398659351359
1,6582,0,0.500296502885391
1,6592,0,0.5010252721482376
1,6594,0,0.500996480376932
1,6602,0,0.5009227796822844
1,6603,0,0.5001511767647627
1,6609,0,0.5007221992813086
1,6612,0,0.5002142368784439
1,6616,0,0.5090277798995524
1,6617,0,0.5008867981288417
1,6618,0,0.5006633709006065
1,6619,0,0.5002294342743137
1,6627,0,0.5009140487358682
1,6630,0,0.5004104137588803
1,6633,0,0.5205555591685831
1,6634,0,0.5002553531007071
1,6656,0,0.5000417657184402
1,6657,0,0.5002318338341576
1,6659,0,0.500111587714169
1,6663,0,0.5003800067881402
1,6668,0,0.5005735533819115
1,6671,0,0.500071347252482
1,6674,0,0.5002599215556488
1,6681,0,0.5001686785379086
1,6683,0,0.5005220483620687
1,6696,0,0.5000872912449934
1,6707,0,0.5005239673054417
1,6714,0,0.501442716464203
1,6719,0,0.502677358077713
1,6724,0,0.5013470734566327
1,6726,0,0.5002711822397656
1,6751,0,0.5002741315473586
1,6756,0,0.5001408150173686
1,6774,0,0.5000602929408636
1,6784,0,0.5004000594088482
1,6785,0,0.5009172140632593
1,6796,0,0.5011493400398592
1,6799,0,0.5003232256173207
1,6800,0,0.5076140199721506
1,6807,0,0.5000750290515575
1,6812,0,0.5061227619122833
1,6817,0,0.5025472207581034
1,6819,0,0.5037058001294353
1,6821,0,0.5004426250975877
1,6822,0,0.5011017872054949
1,6828,0,0.5029796759670887
1,6840,0,0.5005812847979365
1,6841,0,0.5002755395345079
1,6847,0,0.5003282015259327
1,6849,0,0.5113502729118423
1,6856,0,0.500190674114081
1,6859,0,0.5002935463252939
1,6867,0,0.500598414638899
1,6872,0,0.5015273978688993
1,6880,0,0.5003992323041647
1,6888,0,0.5002342483041599
1,6895,0,0.5009294879937908
1,6897,0,0.5004500294950157
1,6903,0,0.5009923645312845
1,6910,0,0.5005834836002462
1,6916,0,0.5013175823787835
1,6922,0,0.50013685768103
1,6927,0,0.5006744925221568
1,6933,0,0.5012944067232463
1,6937,0,0.5014386734147718
1,6941,0,0.500187335665883
1,6942,0,0.5004135042696761
1,6943,0,0.5011324647726558
1,6954,0,0.5001623774873007
1,6956,0,0.5004082561631681
1,6958,0,0.5026942760600658
1,6965,0,0.5001882505225295
1,6967,0,0.5001207358429517
1,6970,0,0.5005778646487565
1,6971,0,0.5016991863779058
1,6976,0,0.5007725368758514
1,6989,0,0.5005038492132414
1,6991,0,0.5006613777791908
1,6995,0,0.5002047277705602
1,7007,0,0.500394955893762
1,7014,0,0.5005020514513442
1,7025,0,0.5002851642734147
1,7033,0,0.5000916063876197
1,7034,0,0.5001136493775106
1,7058,0,0.5001573904663962
1,7060,0,0.5015576601362314
1,7069,0,0.5005920832962752
1,7071,0,0.5005292718759456
1,7075,0,0.5002810246406894
1,7076,0,0.5006605369663593
1,7079,0,0.5017425854879531
1,7080,0,0.5006198227579777
1,7084,0,0.5020101584810689
1,7089,0,0.5002192861168149
1,7091,0,0.5003342500007356
1,7098,0,0.5019113233773999
1,7105,0,0.5005180636906916
1,7106,0,0.5003166109083885
1,7112,0,0.5000963348573332
1,7115,0,0.500405097963486
1,7117,0,0.5036046409605354
1,7127,0,0.5000781054972979
1,7133,0,0.500424496811457
1,7135,0,0.5002599829055744
1,7136,0,0.5001076169159425
1,7140,0,0.5057712151048965
1,7157,0,0.5001668007814765
1,7169,0,0.500145966990388
1,7172,0,0.5012205652528221
1,7190,0,0.5006316976901388
1,7191,0,0.5021903140531978
1,7196,0,0.5008245498490956
1,7198,0,0.5005215851316924
1,7200,0,0.5092714093787034
1,7206,0,0.5001499000232811
1,7209,0,0.5090294859941232
1,7221,0,0.5003593938783725
1,7222,0,0.5001450315203724
1,7227,0,0.5012391920903627
1,7236,0,0.5381882443548904
1,7240,0,0.5001366499676532
1,7247,0,0.5002766481916288
1,7249,0,0.500221719980987
1,7254,0,0.5000921116963103
1,7256,0,0.5003621667805026
1,7257,0,0.5016270870148729
1,7261,0,0.5048744594520904
1,7264,0,0.500722465262484
1,7267,0,0.5001861520044321
1,7273,0,0.5011043174960512
1,7274,0,0.5003341595963879
1,7277,0,0.5000947957588873
1,7280,0,0.5009760149387501
1,7282,0,0.500544314830913
1,7290,0,0.5015618720090775
1,7292,0,0.5002422366548065
1,7293,0,0.5031948975571129
1,7295,0,0.502320196285528
1,7300,0,0.5001442489608652
1,7305,0,0.500264708012257
1,7307,0,0.5000668197142093
1,7308,0,0.5004982966831755
1,7317,0,0.5002198623303249
1,7319,0,0.5005594567549203
1,7329,0,0.5003531971509633
1,7331,0,0.5312137950066566
1,7332,0,0.5002253664017711
1,7333,0,0.500625123835755
1,7337,0,0.5015171392865471
1,7343,0,0.5023189573709443
1,7351,0,0.5002475346477312
1,7352,0,0.5011429258944464
1,7358,0,0.5007917127324273
1,7373,0,0.5001391137037172
1,7385,0,0.5001141640551192
1,7408,0,0.50035141537396
1,7409,0,0.5001352537395582
1,7411,0,0.5003143879286341
1,7414,0,0.5005879256514323
1,7419,0,0.5002764854049212
1,7431,0,0.5000613926661484
1,7434,0,0.500265365107102
1,7436,0,0.5006386566374366
1,7438,0,0.5024655007263928
1,7440,0,0.5002410282292634
1,7458,0,0.5002101507771838
1,7461,0,0.5004111079207649
1,7462,0,0.5010657934268584
1,7472,0,0.5026715729272053
1,7478,0,0.5015218760820128
1,7485,0,0.5002961080374297
1,7492,0,0.5027638303157043
1,7497,0,0.5030583194349076
1,7510,0,0.5007791976735966
1,7517,0,0.5011381591022341
1,7523,0,0.5003280994466544
1,7524,0,0.5002124448115457
1,7525,0,0.5006017082546834
1,7526,0,0.5005641467506393
1,7530,0,0.5011344595949051
1,7533,0,0.5010601834593644
1,7548,0,0.5002047146086456
1,7554,0,0.5008054777888398
1,7555,0,0.5009555803252859
1,7556,0,0.5026397974577326
1,7558,0,0.5014674972771752
1,7564,0,0.5006468126493782
1,7566,0,0.5005364275817834
1,7573,0,0.5000353972877493
1,7576,0,0.5021116865165711
1,7581,0,0.5010022321750583
1,7586,0,0.500182496022242
1,7587,0,0.5003279240775453
1,7593,0,0.5003922905118924
1,7604,0,0.5058911220108251
1,7607,0,0.5003322232989393
1,7623,0,0.5003326402582603
1,7626,0,0.5001554643432377
1,7633,0,0.5011669485130977
1,7644,0,0.5004029965931409
1,7651,0,0.5001836096679911
1,7654,0,0.5021923898222863
1,7656,0,0.500516056131352
1,7660,0,0.5037405198320176
1,7670,0,0.5014467524904962
1,7672,0,0.5021521025115312
1,7678,0,0.5006805493721154
1,7680,0,0.5005252078909204
1,7685,0,0.5013830549170528
1,7686,0,0.5005752683669786
1,7693,0,0.500409570489688
1,7699,0,0.5007081322064781
1,7709,0,0.5000384270711773
1,7719,0,0.5013120309877198
1,7726,0,0.5006600895515398
1,7731,0,0.5003030765172692
1,7733,0,0.5023016657378883
1,7735,0,0.5000617327338924
1,7751,0,0.5013085225534956
1,7760,0,0.5025560086118575
1,7767,0,0.5080339620619871
1,7772,0,0.5000411021478662
1,7777,0,0.5001308154125897
1,7778,0,0.5041841510846224
1,7780,0,0.5006882414611679
1,7782,0,0.5018634375349349
1,7788,0,0.500148276195939
1,7796,0,0.5014644016535506
1,7798,0,0.5052791001356222
1,7801,0,0.500475790580755
1,7802,0,0.5014990075750659
1,7806,0,0.500756758835982
1,7810,0,0.500533936590373
1,7826,0,0.5005233650503658
1,7830,0,0.500307958634349
1,7835,0,0.5010112402901775
1,7839,0,0.5007075765691874
1,7847,0,0.5355418126905662
1,7848,0,0.5003157705137218
1,7849,0,0.5000586349796836
1,7851,0,0.5007237146320254
1,7857,0,0.5017177759742336
1,7858,0,0.5006966131740834
1,7859,0,0.5013255177626064
1,7872,0,0.5004682411546463
1,7875,0,0.5004425517138376
1,7880,0,0.5009349405542846
1,7885,0,0.5037692645164217
1,7886,0,0.500292890488836
1,7887,0,0.5004807553141736
1,7891,0,0.5001323671994625
1,7895,0,0.5030786644666306
1,7900,0,0.5009777355252621
1,7901,0,0.5001430862804931
1,7906,0,0.5006037603139303
1,7914,0,0.5002647216236918
1,7919,0,0.5001930646258549
1,7920,0,0.5002015941523971
1,7932,0,0.5018573452074969
1,7939,0,0.5006048775764762
1,7942,0,0.5000156639331234
1,7944,0,0.5005871569187162
1,7956,0,0.5018351461183475
1,7960,0,0.5011537706149406
1,7961,0,0.5007406007747576
1,7968,0,0.5018797402816799
1,7989,0,0.5002084236958623
1,7990,0,0.5053890722970317
1,7994,0,0.5017700576730023
1,8000,0,0.5002823930129436
1,8003,0,0.5002326870106846
1,8009,0,0.5012807371607454
1,8011,0,0.5003599710167919
1,8019,0,0.5004446515046092
1,8021,0,0.500106187787764
1,8025,0,0.5026627689565109
1,8027,0,0.5002588478459494
1,8033,0,0.5000907197645296
1,8037,0,0.5007012246232756
1,8038,0,0.5003554475026577
1,8059,0,0.5007876825467484
1,8062,0,0.5000319430650175
1,8066,0,0.5005164608623913
1,8072,0,0.5004931888447156
1,8080,0,0.500795801246988
1,8086,0,0.5001623627939753
1,8096,0,0.5005200576674727
1,8100,0,0.5002128918077106
1,8102,0,0.5000864731636195
1,8106,0,0.5007526920377586
1,8112,0,0.5012042322310738
1,8115,0,0.5011528333614484
1,8117,0,0.5003841216927459
1,8118,0,0.5005754659476931
1,8119,0,0.5005019574949593
1,8127,0,0.5045256979069377
1,8130,0,0.5005344087540391
1,8135,0,0.5002750720426562
1,8139,0,0.5011824412199287
1,8145,0,0.5001827987583723
1,8148,0,0.5011860057196994
1,8167,0,0.5001634952174191
1,8169,0,0.5003249965594975
1,8173,0,0.5009218574246163
1,8180,0,0.5032573732245214
1,8181,0,0.500044045752847
1,8182,0,0.5028715161899685
1,8183,0,0.5022230889953593
1,8190,0,0.5003602524501152
1,8202,0,0.5042523238539062
1,8215,0,0.5001779440587708
1,8222,0,0.5003221434031555
1,8223,0,0.5002667904770735
1,8227,0,0.5001561185850573
1,8240,0,0.5002355492174786
1,8241,0,0.5017125826519181
1,8244,0,0.5001208474236304
1,8254,0,0.5002446024587475
1,8255,0,0.5001116701733387
1,8262,0,0.5014288890816366
1,8267,0,0.5001479476408471
1,8275,0,0.5005725272900412
1,8277,0,0.5013493729056636
1,8282,0,0.5005820519940748
1,8294,0,0.5006714779822266
1,8295,0,0.5007725250841328
1,8296,0,0.5000425188901336
1,8303,0,0.5001215182059874
1,8304,0,0.5035946870837217
1,8312,0,0.501176615969628
1,8313,0,0.5004869741733379
1,8316,0,0.5006003458282915
1,8344,0,0.5004905272394682
1,8353,0,0.5002697860172628
1,8365,0,0.5004698928242964
1,8376,0,0.5008305684497674
1,8380,0,0.5033300565045501
1,8388,0,0.5002784336968694
1,8403,0,0.5044538243584179
1,8406,0,0.5001645474343016
1,8410,0,0.5019095504341662
1,8413,0,0.5011773203539804
1,8419,0,0.5000545914875253
1,8429,0,0.5016645960413976
1,8432,0,0.500519237609132
1,8439,0,0.5005249662035667
1,8441,0,0.5008510815313323
1,8448,0,0.5001024183649183
1,8452,0,0.5000954449347089
1,8456,0,0.5065613222236276
1,8457,0,0.5003119033783223
1,8459,0,0.500293025074534
1,8467,0,0.5000525137890824
1,8480,0,0.5009515262759703
1,8489,0,0.5036534019690398
1,8499,0,0.5004842487724122
1,8511,0,0.5005099098639664
1,8512,0,0.500846967705555
1,8513,0,0.5008926602050169
1,8521,0,0.5001516092284964
1,8526,0,0.5005959351188579
1,8527,0,0.5008995740454175
1,8529,0,0.5001000922955856
1,8534,0,0.5008942541217282
1,8538,0,0.501232876634857
1,8545,0,0.5045755126088235
1,8555,0,0.5005989208509389
1,8557,0,0.5015578533353376
1,8561,0,0.5001314516690338
1,8567,0,0.5008167417423285
1,8582,0,0.5011000009386362
1,8591,0,0.502312734761709
1,8592,0,0.5001167633031517
1,8594,0,0.5001423343295078
1,8598,0,0.5008907788874561
1,8604,0,0.5001842590693457
1,8608,0,0.5003431637793433
1,8610,0,0.5015112493533205
1,8616,0,0.5007932746900622
1,8619,0,0.5004961002334417
1,8625,0,0.5026163981761818
1,8626,0,0.5016776298583036
1,8627,0,0.5001942732774135
1,8630,0,0.5021020238060968
1,8636,0,0.5012239432163155
1,8647,0,0.5001350661785604
1,8673,0,0.5000815658130237
1,8680,0,0.5007498824302816
1,8681,0,0.5002478732686875
1,8694,0,0.5001237312222456
1,8697,0,0.5014354725214017
1,8700,0,0.5008020669244864
1,8703,0,0.50504465953992
1,8704,0,0.50015931013476
1,8707,0,0.5013431604250494
1,8708,0,0.5025047037925776
1,8714,0,0.5089546453914849
1,8716,0,0.5007538399258312
1,8725,0,0.5002675034416211
1,8726,0,0.5002210958830893
1,8732,0,0.5001516886188132
1,8734,0,0.5000426910019258
1,8736,0,0.5001130489983577
1,8747,0,0.502184898007322
1,8754,0,0.5017741663872102
1,8756,0,0.5014132938079703
1,8759,0,0.5022190692466243
1,8761,0,0.5040879921993855
1,8763,0,0.5016026568639832
1,8765,0,0.5002198089523298
1,8766,0,0.5001637233270917
1,8770,0,0.5003613507759411
1,8771,0,0.5002360780489804
1,8775,0,0.5007179953432472
1,8783,0,0.5003427899055701
1,8785,0,0.5009225272073062
1,8799,0,0.5014836822455703
1,8804,0,0.5004219989759017
1,8813,0,0.5015642777531889
1,8816,0,0.5000656317431997
1,8824,0,0.501124445353311
1,8827,0,0.5001127422197506
1,8828,0,0.5008313739476773
1,8833,0,0.5000255048472277
1,8841,0,0.5035762057826674
1,8845,0,0.5024813201650092
1,8846,0,0.5002758807161759
1,8847,0,0.5001349897000282
1,8849,0,0.5003962992539102
1,8865,0,0.500059422947197
1,8872,0,0.5005574068901777
1,8875,0,0.5003143430798134
1,8876,0,0.5001225032825536
1,8879,0,0.5002812663304608
1,8886,0,0.5011642909847525
1,8902,0,0.5036153607623309
1,8908,0,0.5029169348300755
1,8910,0,0.50072181069004
1,8914,0,0.5006112264802698
1,8917,0,0.5010877201314251
1,8926,0,0.5005434540001085
1,8927,0,0.5001263206549555
1,8930,0,0.5012094641115445
1,8939,0,0.5003222176740293
1,8941,0,0.5075271169883805
1,8942,0,0.5001685278384723
1,8950,0,0.5008998909242389
1,8951,0,0.5001565705464137
1,8964,0,0.5008415815336306
1,8966,0,0.5001785504816207
1,8968,0,0.5004343924142769
1,8969,0,0.5005683020585646
1,8976,0,0.5009210684880376
1,8979,0,0.5005058000853086
1,8990,0,0.5001448568420723
1,8991,0,0.5093491876683872
1,8992,0,0.5009161599351092
1,8993,0,0.5012704592766195
1,8994,0,0.5003277698934744
1,8997,0,0.5003478483916827
1,9006,0,0.5004944089582318
1,9011,0,0.5003951688871245
1,9023,0,0.5001230681622842
1,9025,0,0.5005202911709017
1,9029,0,0.5000950610348542
1,9041,0,0.5010273785324936
1,9042,0,0.5001541319729548
1,9046,0,0.5006839806527265
1,9050,0,0.5012621212725455
1,9055,0,0.5035008050068303
1,9056,0,0.5016135475431512
1,9058,0,0.5026655297529933
1,9068,0,0.5003969714976861
1,9075,0,0.5000906262460046
1,9080,0,0.500341929339767
1,9087,0,0.5018221909575608
1,9092,0,0.5008125580325042
1,9108,0,0.5007648147514716
1,9110,0,0.500752457050953
1,9128,0,0.500341218145953
1,9132,0,0.5000466068062762
1,9134,0,0.5001256489669023
1,9142,0,0.5022869431733968
1,9144,0,0.5000620233383171
1,9147,0,0.5003319338608219
1,9149,0,0.5000919490924416
1,9151,0,0.50025018881049
1,9153,0,0.5022582837841653
1,9158,0,0.5002884864015014
1,9164,0,0.500500944873689
1,9169,0,0.5002889854711141
1,9171,0,0.5001544916488407
1,9179,0,0.5017657326300665
1,9181,0,0.5006322314324156
1,9193,0,0.5004271855332979
1,9199,0,0.5047418522041318
1,9201,0,0.5001404031262612
1,9203,0,0.5001140592945156
1,9214,0,0.5007450316734081
1,9216,0,0.5006447702061549
1,9217,0,0.50020187382868
1,9220,0,0.5043889469284467
1,9223,0,0.5014054019829501
1,9225,0,0.5007944129116438
1,9226,0,0.5002979548580148
1,9227,0,0.5005076197124526
1,9232,0,0.5003062926544302
1,9233,0,0.5000614508761725
1,9244,0,0.5006043761347503
1,9251,0,0.5002833413280274
1,9258,0,0.5003105661130297
1,9268,0,0.5006012534114703
1,9282,0,0.5004714098668304
1,9292,0,0.5019367772567543
1,9324,0,0.5060688796264696
1,9333,0,0.5001033099522344
1,9334,0,0.5007249582050637
1,9336,0,0.5002639001927267
1,9339,0,0.5016781217839639
1,9341,0,0.5002028569000768
1,9360,0,0.5011818210493715
1,9368,0,0.5003980040310639
1,9375,0,0.5011068446352883
1,9376,0,0.5003548759359099
1,9381,0,0.5009801845426781
1,9382,0,0.5005469887841284
1,9395,0,0.5017353073875386
1,9404,0,0.5000832190576148
1,9407,0,0.5004197259457026
1,9409,0,0.5002035982652884
1,9419,0,0.5025053850470647
1,9423,0,0.5000642542479941
1,9424,0,0.5004361284433338
1,9427,0,0.5045749958532099
1,9438,0,0.5021972258222704
1,9448,0,0.5022026965916602
1,9460,0,0.5001822482604944
1,9463,0,0.5005117292210784
1,9473,0,0.5007650563527479
1,9481,0,0.502010071847081
1,9485,0,0.5006930235548627
1,9488,0,0.5001285630368176
1,9495,0,0.5004955675830677
1,9505,0,0.500649153383265
1,9507,0,0.5000611906746081
1,9516,0,0.50018314358063
1,9532,0,0.5003094854141137
1,9537,0,0.5004726149537537
1,9540,0,0.5035262431720819
1,9544,0,0.5013618211684364
1,9545,0,0.5012261195683522
1,9558,0,0.5006475064471757
1,9568,0,0.5005748147273325
1,9570,0,0.5002411343177039
1,9576,0,0.5000769105372235
1,9578,0,0.5008216863360021
1,9582,0,0.5008142955423124
1,9589,0,0.5001915805315382
1,9599,0,0.5019370437561166
1,9612,0,0.5003091914703371
1,9615,0,0.5007989522390791
1,9618,0,0.5000249124202978
1,9622,0,0.5002914332133733
1,9623,0,0.5007773262801714
1,9625,0,0.503863254273205
1,9628,0,0.5019712173267245
1,9629,0,0.5006499351954886
1,9630,0,0.5009172957492449
1,9639,0,0.5001877185444299
1,9641,0,0.5002133920878192
1,9647,0,0.5001305742141786
1,9653,0,0.5016588827529048
1,9658,0,0.5030875067582642
1,9662,0,0.5001610354465099
1,9664,0,0.5006877722027866
1,9667,0,0.5027460886179981
1,9668,0,0.5001630868308398
1,9669,0,0.5011501658426313
1,9675,0,0.5004032861469266
1,9686,0,0.5004547542844295
1,9688,0,0.500591919246604
1,9692,0,0.5000456930179004
1,9694,0,0.5005126840233249
1,9708,0,0.5004629513353522
1,9709,0,0.5011859322752813
1,9711,0,0.5000367665641127
1,9715,0,0.5012104938618251
1,9717,0,0.5049359929872691
1,9723,0,0.500930490192126
1,9748,0,0.5001285116187882
1,9751,0,0.5027069866100827
1,9756,0,0.5003078505822252
1,9762,0,0.5007910938426952
1,9763,0,0.5007874855329024
1,9769,0,0.5002475716340928
1,9780,0,0.5001420193447742
1,9783,0,0.5008154182220662
1,9784,0,0.5007300067399454
1,9789,0,0.5004206692976932
1,9797,0,0.5002422784092225
1,9803,0,0.5001514509260434
1,9804,0,0.5009654027620405
1,9805,0,0.500382614604756
1,9811,0,0.5010871193145829
1,9817,0,0.5003233750525582
1,9818,0,0.5001958209867936
1,9831,0,0.5011176296733435
1,9839,0,0.5002250772545368
1,9841,0,0.500311471774649
1,9850,0,0.5021489088402223
1,9859,0,0.5001462172148826
1,9860,0,0.5005422402205704
1,9871,0,0.5002910471699715
1,9879,0,0.5004925803878248
1,9880,0,0.5002390973757358
1,9885,0,0.5003613534112772
1,9889,0,0.5003151544472847
1,9900,0,0.5033111623084998
1,9902,0,0.5001795065919395
1,9904,0,0.5012922146489662
1,9905,0,0.5024041907826118
1,9908,0,0.5002309529018366
1,9915,0,0.5019758547019895
1,9916,0,0.5010005116926021
1,9921,0,0.5006819814004755
1,9930,0,0.5019888125498702
1,9932,0,0.5020386188042849
1,9933,0,0.5002960741386955
1,9935,0,0.5021426500619267
1,9936,0,0.5003273332698326
1,9940,0,0.5029048097894987
1,9943,0,0.5024166636174716
1,9944,0,0.5002797086913057
1,9963,0,0.5000921406000514
1,9964,0,0.500824056686359
1,9974,0,0.5011806966820543
1,9975,0,0.5009499440896343
1,9976,0,0.5012523800708225
1,9977,0,0.5006962586567565
1,9978,0,0.5017799017441773
1,9982,0,0.5008171206265905
1,9983,0,0.5006048514575
1,9984,0,0.5001228507983978
1,9987,0,0.5000312164252196
1,9988,0,0.5017836454616637
1,9992,0,0.5002427126476013
1,9994,0,0.5003512273645483
1,10011,0,0.5017958158138586
1,10014,0,0.5030830814114892
1,10022,0,0.5042817320532125
1,10024,0,0.5002716785116283
1,10031,0,0.5006985859617724
1,10043,0,0.5002582791180168
1,10048,0,0.5007969656370357
1,10052,0,0.5001799092469873
1,10057,0,0.5009551928692649
1,10060,0,0.5004926101216124
1,10061,0,0.5005703794722568
1,10064,0,0.5001726226285513
1,10065,0,0.5007539951845555
1,10068,0,0.5001924028013524
1,10074,0,0.5001115299202963
1,10096,0,0.5033379003760561
1,10097,0,0.5003115314413769
1,10100,0,0.5001449766325632
1,10101,0,0.5001158095090883
1,10102,0,0.5012798133769802
1,10107,0,0.5238207683740224
1,10109,0,0.5018416941718558
1,10110,0,0.5026115870355475
1,10113,0,0.503127923410629
1,10114,0,0.5001797747674074
1,10129,0,0.5001707160706514
1,10130,0,0.5024942073581999
1,10131,0,0.5000709346581751
1,10140,0,0.5013649993749809
1,10144,0,0.5002199229664269
1,10145,0,0.5001582305943486
1,10155,0,0.5002126940493802
1,10156,0,0.5001466405281149
1,10157,0,0.5021970164880784
1,10162,0,0.5002014925547944
1,10164,0,0.5004044707580941
1,10165,0,0.5003875870508596
1,10166,0,0.5002739083085748
1,10167,0,0.5012582011318858
1,10168,0,0.5023080386193892
1,10169,0,0.5003029963862013
1,10170,0,0.5001496424544962
1,10172,0,0.5052346055903949
1,10174,0,0.500544265219444
1,10177,0,0.5059121686627116
1,10178,0,0.5108153357948345
1,10199,0,0.5009385851451909
1,10202,0,0.5033874559809484
1,10203,0,0.5007415582514116
1,10210,0,0.5005738700218946
1,10211,0,0.5001591582443112
1,10213,0,0.501729250854934
1,10214,0,0.5009588572387516
1,10217,0,0.5001740423775304
1,10228,0,0.5005968487088358
1,10229,0,0.5017236993920432
1,10232,0,0.500024309884142
1,10234,0,0.5001185923125291
1,10235,0,0.5006333818807162
1,10238,0,0.5022911662047234
1,10251,0,0.5006085604164677
1,10255,0,0.5001387345701525
1,10256,0,0.5007502411589574
1,10257,0,0.5029307161050118
1,10260,0,0.5000738283830266
1,10268,0,0.5006736132728129
1,10269,0,0.5000848993049025
1,10270,0,0.500089465572234
1,10271,0,0.5002541817447514
1,10276,0,0.5027347871502288
1,10286,0,0.5001457164102614
1,10287,0,0.5004382656866657
1,10290,0,0.5002527497811198
1,10298,0,0.5004585899349172
1,10306,0,0.5006050430051788
1,10309,0,0.5050269829964854
1,10321,0,0.5003304987913875
1,10323,0,0.5015625752054593
1,10331,0,0.5007166282455608
1,10333,0,0.5053336768863345
1,10335,0,0.500369796392184
1,10338,0,0.500434489673073
1,10374,0,0.5000933923725239
1,10376,0,0.5000557111802021
1,10378,0,0.5006026642385756
1,10379,0,0.5002327348415712
1,10386,0,0.5001353439159409
1,10390,0,0.5001028237755734
1,10395,0,0.5005472294021615
1,10397,0,0.5003120125314422
1,10405,0,0.5019020114698355
1,10406,0,0.50048562198265
1,10416,0,0.5004449367697559
1,10423,0,0.5009288031785376
1,10426,0,0.5005127713601731
1,10427,0,0.5001207548305885
1,10431,0,0.5000990962993807
1,10443,0,0.5008888859919747
1,10450,0,0.5027811027115313
1,10458,0,0.5001246217936692
1,10474,0,0.5003556748829334
1,10475,0,0.5004274280719823
1,10487,0,0.5009812771730754
1,10488,0,0.5006458253796161
1,10493,0,0.5001033720893199
1,10506,0,0.5012633281675952
1,10511,0,0.5000764222866771
1,10513,0,0.5001609837296498
1,10526,0,0.5036132963187262
1,10527,0,0.5007548777890233
1,10529,0,0.5004710010859275
1,10530,0,0.501675556745943
1,10533,0,0.5022789111528797
1,10535,0,0.5001009661245164
1,10536,0,0.5021427129144469
1,10546,0,0.5000458902280572
1,10548,0,0.5014247232348059
1,10561,0,0.5015818730578848
1,10563,0,0.5094474099823462
1,10564,0,0.535221201797583
1,10565,0,0.502419605468291
1,10582,0,0.5012200933003871
1,10590,0,0.5002733052405675
1,10595,0,0.5003982119829014
1,10601,0,0.5003295220384311
1,10602,0,0.5001686816607562
1,10604,0,0.5008718666595682
1,10610,0,0.5007003275963313
1,10623,0,0.5001507435406249
1,10627,0,0.5015417929927433
1,10628,0,0.5019082401901761
1,10631,0,0.5010232172343971
1,10644,0,0.5006264343659774
1,10655,0,0.5001297865593647
1,10658,0,0.5008844719974941
1,10664,0,0.5001341480559921
1,10668,0,0.5001527708630372
1,10671,0,0.5063597525922374
1,10679,0,0.5006019318530038
1,10682,0,0.5008382913385916
1,10684,0,0.5058626044095135
1,10686,0,0.501865644103427
1,10695,0,0.5019083017726276
1,10699,0,0.5030979661375896
1,10708,0,0.5002591976354287
1,10709,0,0.5002677439660772
1,10712,0,0.5012124653736199
1,10722,0,0.5004822351043084
1,10730,0,0.5000975781024178
1,10734,0,0.5006199936016457
1,10741,0,0.5019120538270976
1,10744,0,0.5000520902690806
1,10748,0,0.5002226955545301
1,10752,0,0.5012409710361113
1,10757,0,0.5008473490044766
1,10761,0,0.5007828409301448
1,10774,0,0.5000950355593738
1,10778,0,0.5066835230120764
1,10780,0,0.5002664538561404
1,10788,0,0.5004219651060516
1,10794,0,0.5002405908971904
1,10806,0,0.5014924565995794
1,10807,0,0.5001909892144787
1,10808,0,0.5026002340548797
1,10818,0,0.5002524029339039
1,10819,0,0.5006177267034867
1,10830,0,0.5002607245620587
1,10833,0,0.5004559397146924
1,10835,0,0.5056831495300154
1,10839,0,0.500073556580124
1,10845,0,0.5005099037026067
1,10851,0,0.5001292583564679
1,10855,0,0.5012313280639299
1,10857,0,0.5002104428184763
1,10858,0,0.5001229753696503
1,10859,0,0.5000884886183317
1,10860,0,0.5002541784572626
1,10861,0,0.5012366361824852
1,10862,0,0.500142058803158
1,10879,0,0.5010961077038264
1,10888,0,0.5005462067407536
1,10893,0,0.5026979838986451
1,10894,0,0.5024646950676932
1,10899,0,0.500086010768518
1,10904,0,0.5003050510337498
1,10905,0,0.5007564137810347
1,10908,0,0.500502461576412
1,10911,0,0.5004422064469056
1,10918,0,0.5025154251761715
1,10927,0,0.5012136035815133
1,10934,0,0.5035010725235319
1,10940,0,0.5001844127745424
1,10947,0,0.5003676072534896
1,10948,0,0.500450430611512
1,10950,0,0.5002069672040752
1,10966,0,0.5021979561088323
1,10971,0,0.5240199524282662
1,10981,0,0.5005327326394926
1,10984,0,0.5001346518606862
1,10999,0,0.5006152287352146
1,11013,0,0.5032630860324742
1,11015,0,0.5006015614407365
1,11017,0,0.501437707886368
1,11032,0,0.5004160364295358
1,11034,0,0.5002152920344154
1,11035,0,0.5031472257609656
1,11041,0,0.500748923286241
1,11043,0,0.5131945268493662
1,11044,0,0.5003332982057195
1,11056,0,0.5004021285434539
1,11061,0,0.5006048879752973
1,11074,0,0.5001984119275386
1,11081,0,0.5024219660484786
1,11085,0,0.5001583513315908
1,11086,0,0.5002257626958122
1,11092,0,0.500038835622922
1,11096,0,0.5004924769119113
1,11103,0,0.5004991413564035
1,11116,0,0.5000364386283203
1,11117,0,0.5002443878103209
1,11118,0,0.5001750475772122
1,11119,0,0.5002243437908275
1,11123,0,0.5002130521554923
1,11126,0,0.5051312615750566
1,11127,0,0.5013445715191224
1,11141,0,0.500031067013282
1,11155,0,0.5016584560236524
1,11156,0,0.5000549386347456
1,11169,0,0.5001883255899476
1,11170,0,0.5010253567382832
1,11171,0,0.5041950427912243
1,11176,0,0.5013864204953301
1,11178,0,0.5000397366791819
1,11181,0,0.5001522509035479
1,11192,0,0.5006765028297304
1,11193,0,0.5008619192425849
1,11196,0,0.5016951306762304
1,11197,0,0.5003172119426693
1,11200,0,0.5002558596025044
1,11201,0,0.5049703678851944
1,11205,0,0.5009782972734773
1,11206,0,0.5003553840188543
1,11209,0,0.5002150349112603
1,11214,0,0.5001675992057667
1,11216,0,0.5014312742346435
1,11218,0,0.5001760323463882
1,11222,0,0.5013668063335094
1,11234,0,0.5008512329843344
1,11242,0,0.5003119681927137
1,11252,0,0.5000966034426358
1,11253,0,0.5001440834696815
1,11254,0,0.5003133786075181
1,11262,0,0.5007514098572119
1,11269,0,0.5008114439407803
1,11285,0,0.501828565784113
1,11296,0,0.5002061996241519
1,11298,0,0.5002726249232287
1,11320,0,0.5095524340952888
1,11331,0,0.5015068889364044
1,11343,0,0.5005056930554969
1,11344,0,0.5002698086931993
1,11360,0,0.5003798504986168
1,11366,0,0.5019029557428102
1,11370,0,0.5003841951366373
1,11376,0,0.5015840407734372
1,11383,0,0.5007289843336757
1,11386,0,0.5026617715142225
1,11403,0,0.5002830576563876
1,11406,0,0.5003015598383285
1,11408,0,0.5002775158774023
1,11415,0,0.5000894508218794
1,11419,0,0.5008065322677969
1,11420,0,0.5024676333258997
1,11421,0,0.5007227218235438
1,11425,0,0.5001946598147113
1,11426,0,0.5142138011240325
1,11437,0,0.5003085166459634
1,11443,0,0.5027737708325035
1,11445,0,0.5055001133415177
1,11447,0,0.5044716997071665
1,11452,0,0.5099791920624834
1,11454,0,0.5002933916587439
1,11459,0,0.5002491989483071
1,11462,0,0.5151502454590786
1,11467,0,0.5055575357436195
1,11474,0,0.5007475336902635
1,11479,0,0.500634721909542
1,11482,0,0.5002196050046359
1,11488,0,0.5029284087024353
1,11491,0,0.5008207136572024
1,11495,0,0.501297383541452
1,11497,0,0.5001090995426608
1,11498,0,0.5002673025038621
1,11504,0,0.500450516401152
1,11510,0,0.5001796505758154
1,11517,0,0.5012417094830345
1,11523,0,0.5000463930015677
1,11524,0,0.500394580514226
1,11527,0,0.5012497494022489
1,11532,0,0.5018371635550675
1,11541,0,0.5004459422425483
1,11552,0,0.5011291150377299
1,11558,0,0.5017481005406794
1,11566,0,0.5010358835927053
1,11567,0,0.503071802489476
1,11582,0,0.500309091143981
1,11583,0,0.5001647013770979
1,11587,0,0.5004366212574357
1,11591,0,0.5018300123673121
1,11603,0,0.5003850518276853
1,11608,0,0.5000798216482721
1,11615,0,0.5008497065312182
1,11619,0,0.5001750452053918
1,11623,0,0.5066856825951009
1,11624,0,0.5003491133106099
1,11630,0,0.5146857410628889
1,11633,0,0.500093807882124
1,11635,0,0.5006341803977125
1,11649,0,0.5005689515895264
1,11652,0,0.5010987063843821
1,11657,0,0.5001199327864928
1,11666,0,0.500292067116809
1,11671,0,0.5011948845955989
1,11675,0,0.5028162787596575
1,11681,0,0.5062372071536944
1,11683,0,0.5054314861336929
1,11689,0,0.5002866653210984
1,11699,0,0.507353395461836
1,11703,0,0.5025020823717102
1,11708,0,0.5001065012209884
1,11712,0,0.5000671657134086
1,11713,0,0.5012725654550667
1,11721,0,0.5027409210554169
1,11738,0,0.5013742926623762
1,11750,0,0.5003041851279989
1,11753,0,0.5096705987236363
1,11758,0,0.5000699566277713
1,11762,0,0.5001399071667768
1,11777,0,0.5034097060862749
1,11778,0,0.5012751642918657
1,11782,0,0.5025387633637103
1,11786,0,0.5007110994328944
1,11798,0,0.5022612599232115
1,11800,0,0.5002917189071311
1,11807,0,0.5006802771995065
1,11809,0,0.5001695767857802
1,11810,0,0.5045848958029516
1,11812,0,0.5006477995379719
1,11828,0,0.5002092378198087
1,11829,0,0.500085071576846
1,11831,0,0.5055801564166822
1,11836,0,0.5001775972245612
1,11841,0,0.5000871644241438
1,11853,0,0.5005502190959539
1,11863,0,0.5008739953810695
1,11878,0,0.5003515618310563
1,11896,0,0.5000938609636929
1,11897,0,0.5002603393501219
1,11899,0,0.5002434737029484
1,11905,0,0.5002129454276666
1,11906,0,0.500050167440676
1,11914,0,0.5009986733131512
1,11916,0,0.5042386400759225
1,11920,0,0.5003110051472843
1,11925,0,0.5004176365233194
1,11935,0,0.5041624057637462
1,11942,0,0.5018434073093597
1,11950,0,0.5013692158550415
1,11961,0,0.5015246348103385
1,11967,0,0.5014614176383299
1,11973,0,0.5016107992296919
1,11974,0,0.5009483473058606
1,11983,0,0.5044193006343635
1,11984,0,0.5002509505252056
1,11990,0,0.5045583074187525
2,120,1,0.6533166512094405
2,172,1,0.5003496603346161
2,265,1,0.5005292578304793
2,1025,1,0.5015236216678828
2,1466,1,0.5002394506649998
2,1569,1,0.5008393505941353
2,1713,1,0.5029039317795996
2,2314,1,0.5001382211888749
2,2364,1,0.5012444361332032
2,2438,1,0.5015102007364042
2,2722,1,0.5002531829906697
2,2865,1,0.5012122663825517
2,2913,1,0.5002238814192908
2,3447,1,0.5428577050906385
2,3977,1,0.5009220223478732
2,4567,1,0.502598609720874
2,4694,1,0.5174924727966366
2,4758,1,0.5053111360127667
2,4846,1,0.5003296917148895
2,5482,1,0.5002918976700185
2,5496,1,0.5004774497089534
2,5514,1,0.5000646807732606
2,5623,1,0.5081561644548327
2,6032,1,0.5047617714327962
2,6200,1,0.5041695979028676
2,6662,1,0.5010615466489001
2,7344,1,0.5000880259074515
2,7915,1,0.5006205728163219
2,8068,1,0.5009105501276664
2,8161,1,0.5486021430006576
2,8172,1,0.5016504594675831
2,8228,1,0.5006775199122175
2,8322,1,0.5110261129620053
2,8899,1,0.5014601892136614
2,9039,1,0.5004361345177011
2,9067,1,0.500193477890242
2,9101,1,0.5036660932615755
2,9445,1,0.5039020087632323
2,10019,1,0.504084044522631
2,10076,1,0.5000963222512967
2,10181,1,0.5285357647011113
2,10190,1,0.506206556019387
2,10515,1,0.5006313295518067
2,10620,1,0.5012530612191496
2,10636,1,0.5052361008130435
2,11339,1,0.5004792992351806
2,11700,1,0.5002556740204595
2,11811,1,0.5026223601233528
2,15,0,0.5008765642935431
2,17,0,0.5000839662497231
2,22,0,0.500744081149696
2,24,0,0.5003723236646995
2,28,0,0.5001980007096567
2,31,0,0.5002926372081136
2,35,0,0.5001443965717319
2,56,0,0.5020683250653929
2,58,0,0.5000846820656798
2,59,0,0.5008998975909322
2,63,0,0.5041067526989108
2,69,0,0.5010520241923836
2,70,0,0.5066658627283256
2,71,0,0.5002062249667969
2,74,0,0.5019607221393048
2,82,0,0.5029461427792924
2,86,0,0.5012193809474476
2,97,0,0.5007086632531946
2,100,0,0.5001733854434984
2,102,0,0.5005489385628812
2,107,0,0.501224488266488
2,115,0,0.5001334764697837
2,118,0,0.5004167574557936
2,123,0,0.500359555326157
2,125,0,0.500878476719139
2,127,0,0.5030630085458244
2,136,0,0.502521200192083
2,138,0,0.5011330545178702
2,145,0,0.5001879793235527
2,148,0,0.5015900833560929
2,152,0,0.5004729474947271
2,153,0,0.5013500837616135
2,154,0,0.50097934814381
2,158,0,0.500385391010578
2,159,0,0.5003957142031754
2,162,0,0.5006336699399054
2,169,0,0.5007670547511668
2,177,0,0.5013249552519332
2,203,0,0.5009659883191062
2,216,0,0.5002238146490828
2,219,0,0.5012209320949048
2,222,0,0.500107655728433
2,224,0,0.5003800612164069
2,225,0,0.500072302582626
2,234,0,0.501514531703898
2,235,0,0.5008693419771911
2,240,0,0.5003506184378026
2,243,0,0.5007693613875163
2,244,0,0.5012375175236202
2,251,0,0.500187021053581
2,255,0,0.5002482222583667
2,256,0,0.501350984429645
2,262,0,0.5014715143069214
2,270,0,0.5012952596844563
2,291,0,0.500628857063224
2,293,0,0.5039032275616049
2,296,0,0.502075403025687
2,314,0,0.5002394946529285
2,315,0,0.5000556572059991
2,318,0,0.5013877213769689
2,326,0,0.5017401266627309
2,332,0,0.5001060887597696
2,344,0,0.5005962400945286
2,346,0,0.501593334408996
2,350,0,0.5016507976020399
2,362,0,0.5000807588530379
2,377,0,0.500291905546912
2,383,0,0.5033692817844421
2,385,0,0.500406495546786
2,388,0,0.5001470996261025
2,391,0,0.5005509601231561
2,401,0,0.5009590751530698
2,405,0,0.5001753097268201
2,409,0,0.5011466598873662
2,416,0,0.5018085331453416
2,421,0,0.5020291608897872
2,425,0,0.5017971876200142
2,426,0,0.5034572636479511
2,433,0,0.5000200338507074
2,441,0,0.5002697825317258
2,443,0,0.5003959211753152
2,444,0,0.501581870401198
2,448,0,0.5019230552807188
2,453,0,0.5057730581240953
2,465,0,0.5001105015727887
2,466,0,0.5097949674224757
2,469,0,0.5008916686037072
2,470,0,0.5000939553180371
2,488,0,0.5001432064266809
2,489,0,0.5002177265714968
2,490,0,0.5000801272363694
2,491,0,0.5003334371995598
2,495,0,0.5000965106563868
2,499,0,0.5004470965810988
2,509,0,0.5008731737674411
2,516,0,0.503494582411095
2,520,0,0.5001394267967881
2,523,0,0.501594563875365
2,535,0,0.5004928315558261
2,543,0,0.5030077021654815
2,559,0,0.501123449373854
2,566,0,0.5002385609332256
2,576,0,0.5001204910966877
2,577,0,0.5009458675162618
2,590,0,0.5003407046764015
2,593,0,0.5006909208191941
2,598,0,0.5003830991187685
2,604,0,0.5017314708120183
2,606,0,0.5011821532121326
2,613,0,0.5003849597807248
2,617,0,0.50106806803216
2,621,0,0.5000241134118505
2,622,0,0.5010114795757602
2,625,0,0.5006869723353683
2,628,0,0.5038739711624928
2,637,0,0.5003122946509503
2,643,0,0.5001057681431341
2,662,0,0.5028246065532219
2,668,0,0.5002419316315705
2,672,0,0.5001013957576865
2,677,0,0.5004880687862191
2,681,0,0.500587171224056
2,683,0,0.5001575556333118
2,692,0,0.5023551531431305
2,701,0,0.5002592819573718
2,706,0,0.5010984886140426
2,707,0,0.5002820146086141
2,710,0,0.5010810044500591
2,716,0,0.5007140045903443
2,722,0,0.5016454245430336
2,731,0,0.5016376333189446
2,741,0,0.5000604035782082
2,745,0,0.5000846421924268
2,749,0,0.5003782048848376
2,756,0,0.5030947443063101
2,773,0,0.5001752720468956
2,774,0,0.5012183334421703
2,779,0,0.5030437658796694
2,784,0,0.5010283771216498
2,791,0,0.5001874225036106
2,801,0,0.5017550886392019
2,807,0,0.5008667572414874
2,810,0,0.502710817379994
2,818,0,0.500088783439429
2,826,0,0.5000457286291391
2,828,0,0.500985907298548
2,837,0,0.502386336120262
2,841,0,0.5027900627044584
2,843,0,0.5003402591914213
2,846,0,0.5003999345990796
2,848,0,0.5112338306167941
2,853,0,0.5006118439116479
2,857,0,0.5021021983108567
2,864,0,0.5000724966648847
2,865,0,0.5023161375006157
2,868,0,0.5004266575907227
2,876,0,0.5006603951723548
2,877,0,0.5057731119681083
2,882,0,0.5037223348226788
2,895,0,0.50014988343972
2,896,0,0.5004572153856519
2,903,0,0.5001391900209572
2,904,0,0.5003275602924385
2,905,0,0.5002271822722629
2,907,0,0.500123502199775
2,915,0,0.500652690399535
2,926,0,0.5004180786919308
2,936,0,0.5003491878002798
2,946,0,0.5005843536237933
2,949,0,0.5010858836009501
2,951,0,0.5006376965415759
2,967,0,0.5013508273827564
2,973,0,0.5013038744616067
2,980,0,0.5005160179282832
2,984,0,0.5000764601580202
2,997,0,0.5003598205363992
2,1006,0,0.5004227866124522
2,1011,0,0.5011683531525807
2,1014,0,0.5003258622762153
2,1018,0,0.5000935767806896
2,1020,0,0.5001804707394598
2,1021,0,0.5007976194486949
2,1023,0,0.5024189632244582
2,1026,0,0.500686825162245
2,1029,0,0.500117226872532
2,1030,0,0.5017995495196698
2,1040,0,0.5002018232743549
2,1051,0,0.5002668646742974
2,1058,0,0.5038108778518054
2,1060,0,0.502657421407347
2,1063,0,0.5110824517912541
2,1064,0,0.5008434507223302
2,1081,0,0.5003802294161185
2,1082,0,0.5003317152708748
2,1084,0,0.5004257535940903
2,1088,0,0.5003841818512813
2,1089,0,0.5148004784263239
2,1090,0,0.500418158489059
2,1092,0,0.5037819124594287
2,1099,0,0.5001700698132712
2,1102,0,0.5043581319583038
2,1103,0,0.5009418205582397
2,1108,0,0.5038646141189659
2,1110,0,0.500169403616513
2,1111,0,0.5003157447969594
2,1113,0,0.5004537808190658
2,1122,0,0.5004761720352805
2,1126,0,0.5003527669691482
2,1128,0,0.501199169264128
2,1131,0,0.5000237961519612
2,1137,0,0.5000911538804973
2,1145,0,0.5028868129057997
2,1146,0,0.5002807472077072
2,1148,0,0.5001939926456959
2,1155,0,0.5005667112700988
2,1160,0,0.5002465584661127
2,1166,0,0.5000684415176079
2,1174,0,0.5000256636651045
2,1177,0,0.5022863992909861
2,1179,0,0.5000489576448193
2,1180,0,0.500215775648365
2,1183,0,0.5001368772021041
2,1187,0,0.5011050721809415
2,1203,0,0.5014862570581059
2,1209,0,0.5072767315046036
2,1214,0,0.5030309645934068
2,1217,0,0.5002633078403568
2,1218,0,0.5003342653997069
2,1224,0,0.5003461835823606
2,1232,0,0.5016693731686916
2,1234,0,0.5001873297731678
2,1236,0,0.5003329112361269
2,1238,0,0.5003150318363283
2,1245,0,0.5000188126496131
2,1249,0,0.5005565114917184
2,1251,0,0.5003147948700617
2,1256,0,0.5008039481732351
2,1257,0,0.5004817464172537
2,1259,0,0.5003297318531417
2,1264,0,0.5000660926419421
2,1270,0,0.5005518055103007
2,1275,0,0.5000731813924937
2,1284,0,0.5009153569386663
2,1292,0,0.5012034727577168
2,1293,0,0.5001960209884161
2,1312,0,0.5003556136071261
2,1319,0,0.5015800500727123
2,1320,0,0.5031800247648399
2,1326,0,0.5003951064529749
2,1329,0,0.5028379982980136
2,1330,0,0.5002172626090797
2,1332,0,0.5014112834727371
2,1337,0,0.5017916792774407
2,1339,0,0.5005708412584717
2,1340,0,0.5003062700816086
2,1358,0,0.5003027248039303
2,1360,0,0.5000666878023813
2,1369,0,0.5001607734597624
2,1372,0,0.5006275299745367
2,1379,0,0.5001776764871264
2,1381,0,0.5005141219434209
2,1389,0,0.5004112999677405
2,1396,0,0.5057387457721858
2,1408,0,0.5002048716242158
2,1409,0,0.5001007868636176
2,1418,0,0.5001837710307477
2,1419,0,0.5020122368715503
2,1431,0,0.5073488936835564
2,1438,0,0.500501204085844
2,1443,0,0.5011160986861093
2,1445,0,0.500779675956727
2,1449,0,0.5027371783122362
2,1453,0,0.5002666966238012
2,1460,0,0.5028250159227542
2,1468,0,0.503046636885668
2,1469,0,0.5010257939857559
2,1474,0,0.5007451194484305
2,1480,0,0.5003041170247887
2,1482,0,0.5001874604864772
2,1501,0,0.5070032608832336
2,1502,0,0.5003267093009472
2,1505,0,0.5003125513189891
2,1506,0,0.5014749215905402
2,1508,0,0.5004171987636079
2,1513,0,0.5012367965662665
2,1515,0,0.5004001798761957
2,1518,0,0.5000482293641657
2,1524,0,0.50026279539447
2,1527,0,0.5007280215322063
2,1538,0,0.5008736155916369
2,1545,0,0.5011839949396533
2,1549,0,0.5002302041070489
2,1550,0,0.500189606321018
2,1551,0,0.5023339831368998
2,1552,0,0.5005276576031654
2,1572,0,0.5000460345333678
2,1577,0,0.5031067987424297
2,1586,0,0.5004249089554531
2,1589,0,0.5001788652680444
2,1596,0,0.5000212809402405
2,1598,0,0.5068310942573326
2,1603,0,0.5005100434721187
2,1607,0,0.5019388909738676
2,1610,0,0.5003725175536041
2,1612,0,0.5002892814421996
2,1616,0,0.5003278656039245
2,1617,0,0.5002052009118924
2,1619,0,0.5004459977938962
2,1623,0,0.500493340692205
2,1626,0,0.5004400717235288
2,1634,0,0.5003494942810292
2,1643,0,0.5001195495852142
2,1646,0,0.5000638676977152
2,1651,0,0.5004490448660485
2,1668,0,0.5138822806506941
2,1670,0,0.5005589188825121
2,1672,0,0.5002841646571526
2,1673,0,0.5006065790625316
2,1676,0,0.5012394644901076
2,1678,0,0.5002412639392837
2,1680,0,0.5018421812246514
2,1683,0,0.502670395057025
2,1687,0,0.5008334034604098
2,1703,0,0.5009124193440458
2,1706,0,0.5009912034080735
2,1714,0,0.5012773114328956
2,1716,0,0.5057011292076825
2,1722,0,0.500034820606814
2,1726,0,0.5007068873462073
2,1729,0,0.5000893239482207
2,1730,0,0.5039950674037138
2,1734,0,0.5038696099966741
2,1735,0,0.5002932269737372
2,1738,0,0.5006362554116565
2,1745,0,0.5003730746310032
2,1763,0,0.5002389932890442
2,1764,0,0.5002003270787387
2,1767,0,0.5047832585191999
2,1768,0,0.5004242301857212
2,1772,0,0.5005562269368885
2,1773,0,0.5019716085644041
2,1780,0,0.501307215203552
2,1782,0,0.5007760504357839
2,1784,0,0.5012013358319366
2,1785,0,0.5002158443212446
2,1787,0,0.5001015869769814
2,1788,0,0.500436591027909
2,1789,0,0.5007230392524491
2,1790,0,0.500145273911339
2,1796,0,0.500180991984047
2,1803,0,0.5021185799903414
2,1804,0,0.5001672317234883
2,1807,0,0.5058565503179095
2,1809,0,0.5083174368232951
2,1814,0,0.500397498684457
2,1821,0,0.5021257997180967
2,1829,0,0.5002219338386501
2,1838,0,0.5007952012053951
2,1843,0,0.5019217571278595
2,1848,0,0.5017982151675433
2,1853,0,0.5011809698442845
2,1855,0,0.5002622247940439
2,1856,0,0.5003072179938828
2,1866,0,0.5034286771063988
2,1867,0,0.5002514851264643
2,1869,0,0.5002137448716676
2,1871,0,0.5009214874293751
2,1891,0,0.5000847077689418
2,1901,0,0.5056006547657431
2,1905,0,0.5009042982283233
2,1906,0,0.5002583953228551
2,1907,0,0.5152386217755986
2,1909,0,0.5004854203034935
2,1914,0,0.5010226507535945
2,1918,0,0.5001144988820496
2,1920,0,0.5010349171648837
2,1928,0,0.5001727674084894
2,1945,0,0.5030347559215274
2,1946,0,0.5000236648640215
2,1950,0,0.5000971894979463
2,1953,0,0.5014321503379421
2,1965,0,0.5001532748428863
2,1968,0,0.5000547810144327
2,1969,0,0.500412025842233
2,1970,0,0.5004157497233582
2,1974,0,0.5013094174777241
2,1982,0,0.5003032196069684
2,1983,0,0.5008331565755494
2,1988,0,0.5037674808793184
2,1994,0,0.500665450117072
2,2005,0,0.5003716889028264
2,2011,0,0.5034452337275642
2,2036,0,0.5015433841678448
2,2037,0,0.502769973195039
2,2040,0,0.5006673908693513
2,2045,0,0.5001839715750774
2,2049,0,0.5009465690961938
2,2052,0,0.5005636718705417
2,2053,0,0.5007618003521693
2,2060,0,0.5007138530504366
2,2063,0,0.5002135036135981
2,2064,0,0.5007122899567011
2,2067,0,0.5004911024351529
2,2071,0,0.500056230543137
2,2072,0,0.50007293366784
2,2076,0,0.5049525871969095
2,2080,0,0.5015656908508961
2,2084,0,0.5025796082376294
2,2089,0,0.5020854577923627
2,2092,0,0.5029573163327093
2,2102,0,0.5003576241343343
2,2105,0,0.5035708611266367
2,2107,0,0.507851008482912
2,2109,0,0.5017804312807284
2,2131,0,0.5001222092852847
2,2144,0,0.5002956791040931
2,2146,0,0.5001843446937265
2,2147,0,0.5006615497033602
2,2148,0,0.5003960201544172
2,2153,0,0.5001147149575709
2,2154,0,0.5001376448313806
2,2168,0,0.5172361084170427
2,2169,0,0.5004705785068354
2,2171,0,0.5008977834536144
2,2178,0,0.503802701340466
2,2181,0,0.5012105155604845
2,2191,0,0.5002573722912786
2,2197,0,0.5003026222322456
2,2201,0,0.5011918761788522
2,2204,0,0.5009222739775205
2,2208,0,0.5001692086488411
2,2211,0,0.5000794196847435
2,2214,0,0.5008759505561701
2,2217,0,0.5013324299129427
2,2219,0,0.5002548106981451
2,2224,0,0.5005745805464604
2,2226,0,0.5001808654133771
2,2236,0,0.5003555331130062
2,2237,0,0.511415199709927
2,2243,0,0.5001941051693731
2,2244,0,0.5012736020836491
2,2245,0,0.5004654974372753
2,2252,0,0.5023109848407135
2,2253,0,0.5000476113776287
2,2256,0,0.5003619706569941
2,2257,0,0.509070588925827
2,2259,0,0.5002921174424072
2,2260,0,0.5001898671924131
2,2264,0,0.502107164507727
2,2265,0,0.5009389197482499
2,2267,0,0.5005346915585945
2,2277,0,0.5005402299532792
2,2280,0,0.5009094695895544
2,2285,0,0.5015333677992447
2,2290,0,0.5000158700386309
2,2293,0,0.5001228419020938
2,2296,0,0.5001975662028205
2,2297,0,0.5003926685639024
2,2298,0,0.5004620872720454
2,2305,0,0.5007519574919116
2,2306,0,0.5001326813138752
2,2307,0,0.5002114690373051
2,2315,0,0.5001839386176341
2,2321,0,0.5006116880245615
2,2322,0,0.5012214657033238
2,2333,0,0.5004829270788531
2,2336,0,0.5006584871239104
2,2337,0,0.5005014255825243
2,2352,0,0.5000963877201384
2,2357,0,0.5034654268071564
2,2368,0,0.5008798011059413
2,2370,0,0.5000584510942234
2,2374,0,0.500016527170559
2,2388,0,0.50078752048548
2,2393,0,0.5009096737650248
2,2395,0,0.500371484000191
2,2419,0,0.5006421471395716
2,2422,0,0.5002004657198417
2,2431,0,0.5005474885099948
2,2435,0,0.500328269588684
2,2436,0,0.500510792919844
2,2437,0,0.508878019826218
2,2440,0,0.5004204183025869
2,2445,0,0.5006492261597015
2,2446,0,0.5009521270886321
2,2451,0,0.5002031325987968
2,2455,0,0.5002094683837088
2,2460,0,0.5024586398806377
2,2462,0,0.5038870917489295
2,2465,0,0.5003324801153949
2,2471,0,0.5000752450053074
2,2474,0,0.50105114230463
2,2475,0,0.5017073331438365
2,2481,0,0.5063483761232199
2,2485,0,0.5006656834750011
2,2489,0,0.5002423703597283
2,2492,0,0.5040000954062199
2,2496,0,0.5002689506774625
2,2497,0,0.5001094558436712
2,2498,0,0.5004389224214429
2,2501,0,0.5004802225545042
2,2502,0,0.5019339708792856
2,2522,0,0.5020667442872893
2,2529,0,0.500854139933572
2,2531,0,0.5023545005310809
2,2532,0,0.532468780182434
2,2534,0,0.5001161406725197
2,2539,0,0.5002559586575243
2,2540,0,0.5023342232363993
2,2541,0,0.5003455378841004
2,2546,0,0.5003053897288344
2,2547,0,0.50052087055071
2,2548,0,0.5014500452440771
2,2550,0,0.5002713060039498
2,2558,0,0.5002909821514244
2,2562,0,0.5001741492708295
2,2570,0,0.5001210539739458
2,2571,0,0.5005214155579724
2,2572,0,0.5034983361662597
2,2578,0,0.5009084136052088
2,2580,0,0.5009005969902599
2,2581,0,0.5007230655718834
2,2588,0,0.5001545788098266
2,2598,0,0.5007575250110752
2,2602,0,0.5022926888669328
2,2606,0,0.5014651741842419
2,2611,0,0.5022548178819506
2,2615,0,0.5004610842121183
2,2617,0,0.5002819537342734
2,2628,0,0.5001217493558198
2,2644,0,0.5006634526231125
2,2656,0,0.5128296631121915
2,2664,0,0.501047804265165
2,2669,0,0.5012071354082969
2,2670,0,0.5002186368540443
2,2671,0,0.5002017596305716
2,2672,0,0.500350231103036
2,2676,0,0.5053874678329077
2,2678,0,0.5004310212064126
2,2681,0,0.5103626848054159
2,2683,0,0.5000351583166125
2,2685,0,0.5012477911754155
2,2699,0,0.5003525654589727
2,2712,0,0.500253830917104
2,2713,0,0.5003291819075384
2,2715,0,0.5004872156481325
2,2730,0,0.5000810554966941
2,2735,0,0.5025736146161499
2,2739,0,0.5001891734566266
2,2741,0,0.5003418542056647
2,2744,0,0.500773319594283
2,2749,0,0.5007586716018494
2,2750,0,0.5027951973309304
2,2752,0,0.5007433415770273
2,2754,0,0.5006142363442194
2,2760,0,0.5020415708561937
2,2767,0,0.5011601826664037
2,2770,0,0.5004307160629845
2,2771,0,0.5004995483799249
2,2772,0,0.5003231490451562
2,2798,0,0.5002182573277595
2,2799,0,0.502230294385299
2,2803,0,0.5007653271010192
2,2811,0,0.5003915614107272
2,2818,0,0.5006728698660933
2,2820,0,0.5008023408941356
2,2822,0,0.500208107032187
2,2825,0,0.5008966690193747
2,2826,0,0.5000871923504907
2,2832,0,0.5001341020923032
2,2833,0,0.5004244796103482
2,2836,0,0.5001050790323146
2,2843,0,0.5027987610549817
2,2844,0,0.5001661528580831
2,2845,0,0.5001477003372351
2,2847,0,0.5004994887924419
2,2852,0,0.5000469623920379
2,2855,0,0.5006861352676991
2,2857,0,0.503340558276492
2,2858,0,0.5027750945878123
2,2863,0,0.5005338821526267
2,2868,0,0.5005862533598406
2,2881,0,0.5014202803797863
2,2885,0,0.5076732576846303
2,2892,0,0.5000975716640361
2,2898,0,0.5003759000637226
2,2902,0,0.5055031785531612
2,2908,0,0.5000479589072004
2,2909,0,0.500291723991862
2,2914,0,0.5002908821917904
2,2916,0,0.501640547189611
2,2917,0,0.5008782640016199
2,2927,0,0.5004278627563012
2,2928,0,0.5003680491977882
2,2931,0,0.5000981744634366
2,2932,0,0.5029990065646032
2,2934,0,0.5012907438659248
2,2936,0,0.5004548481714688
2,2937,0,0.5001430355910196
2,2947,0,0.5004482072296947
2,2955,0,0.5047672419177547
2,2957,0,0.501310129530456
2,2958,0,0.5016626606810674
2,2961,0,0.5010973217260299
2,2966,0,0.5013091891201814
2,2980,0,0.50014315512686
2,2991,0,0.5003959090413383
2,2994,0,0.5004597374123504
2,2995,0,0.5006720621943254
2,2996,0,0.5008341243264041
2,2999,0,0.5003512418156905
2,3011,0,0.5004193059529521
2,3015,0,0.5001701482877996
2,3016,0,0.5001005561914429
2,3024,0,0.5002237609056964
2,3028,0,0.5010142431716353
2,3029,0,0.5017923961359941
2,3031,0,0.5002093762971632
2,3033,0,0.5002033271202143
2,3034,0,0.5009233627197455
2,3050,0,0.5019772873389212
2,3054,0,0.5002274997591324
2,3065,0,0.5023681883823505
2,3068,0,0.5018219598772238
2,3069,0,0.5010122828422972
2,3072,0,0.5003134054304171
2,3073,0,0.5002193227482056
2,3080,0,0.5018509628582751
2,3090,0,0.5005005838551787
2,3096,0,0.5002258796707115
2,3097,0,0.5004384699944354
2,3099,0,0.5019275107844902
2,3108,0,0.5002605250831463
2,3117,0,0.5025049054583438
2,3118,0,0.5015579127561269
2,3121,0,0.5008612160307465
2,3123,0,0.5002276815620844
2,3148,0,0.5378736281056997
2,3150,0,0.5002169372996139
2,3153,0,0.5003128720314821
2,3159,0,0.5035863902600517
2,3164,0,0.5021732057833459
2,3179,0,0.5000573657710649
2,3181,0,0.5013349645654532
2,3183,0,0.5224543472849303
2,3186,0,0.5000917553308643
2,3187,0,0.5018993845501375
2,3192,0,0.505234512795638
2,3207,0,0.5010510836443377
2,3208,0,0.5000949495807118
2,3214,0,0.5008332496138042
2,3217,0,0.5001843684110938
2,3228,0,0.5001157753799272
2,3230,0,0.500700714716834
2,3233,0,0.5012187741110117
2,3235,0,0.5001958116519818
2,3238,0,0.5004850874063573
2,3239,0,0.5001698875775424
2,3240,0,0.5009002933427227
2,3244,0,0.5005314347117665
2,3260,0,0.5026921009162014
2,3268,0,0.5009647808226318
2,3272,0,0.5004104946715224
2,3273,0,0.5003310076604667
2,3277,0,0.5019182379707205
2,3280,0,0.5019821725603659
2,3293,0,0.5005043607421577
2,3294,0,0.5001189018660174
2,3297,0,0.5014665584897308
2,3299,0,0.5013436649240999
2,3304,0,0.500318819840288
2,3308,0,0.5027902951235949
2,3309,0,0.5002319331479357
2,3314,0,0.5013279430165603
2,3317,0,0.5045200148554552
2,3318,0,0.5001015111876889
2,3320,0,0.501164141701552
2,3322,0,0.5004881771516138
2,3324,0,0.5006696191557252
2,3325,0,0.5003574412541736
2,3327,0,0.5022148655626377
2,3333,0,0.5004418568856946
2,3335,0,0.5001799311532196
2,3346,0,0.5006110814891337
2,3349,0,0.5002726511623901
2,3352,0,0.5004135027417695
2,3354,0,0.5001338990100481
2,3356,0,0.5007519484908501
2,3360,0,0.5012930112145795
2,3364,0,0.5000452870145121
2,3365,0,0.5000910605578203
2,3369,0,0.50771582952852
2,3374,0,0.5001371628500622
2,3381,0,0.5005096356772324
2,3386,0,0.5010284942456654
2,3390,0,0.5004095972683859
2,3392,0,0.5001304031328524
2,3393,0,0.5013678705914771
2,3401,0,0.5019237509705551
2,3403,0,0.5000928287536011
2,3411,0,0.5015156929769466
2,3414,0,0.5001749572615732
2,3418,0,0.5009666472985914
2,3429,0,0.501516157861246
2,3432,0,0.5008377512233314
2,3435,0,0.5007120614284694
2,3439,0,0.5001955114364958
2,3442,0,0.5014022228180336
2,3446,0,0.5008352976423048
2,3452,0,0.5039806496839205
2,3453,0,0.5003485358458779
2,3454,0,0.5001548039078111
2,3456,0,0.5014740941372711
2,3458,0,0.5004802403618968
2,3459,0,0.5006992009507746
2,3461,0,0.5008223715823179
2,3469,0,0.5002269259019332
2,3471,0,0.5006183921196823
2,3473,0,0.5052826027324036
2,3477,0,0.5008993388079688
2,3481,0,0.5056861616601793
2,3482,0,0.5067814751168661
2,3488,0,0.5003580736050319
2,3508,0,0.5026374868972948
2,3510,0,0.500046905953907
2,3519,0,0.5001741277567068
2,3521,0,0.5004384860993574
2,3530,0,0.5006089350634761
2,3541,0,0.5076700475093602
2,3544,0,0.500993806356913
2,3546,0,0.5000226955851595
2,3547,0,0.5000576355347636
2,3550,0,0.5026837057817581
2,3554,0,0.5014708327612164
2,3555,0,0.5004488897268368
2,3560,0,0.5046805634340106
2,3561,0,0.5000533241394349
2,3564,0,0.5077825997277089
2,3576,0,0.5007593700055872
2,3577,0,0.501940115070498
2,3579,0,0.5007395070304977
2,3583,0,0.5002126560191411
2,3589,0,0.50023762778351
2,3590,0,0.500147347156383
2,3607,0,0.5006667803410169
2,3611,0,0.5014087237259743
2,3619,0,0.5002446199459475
2,3620,0,0.5002321411959916
2,3625,0,0.5005405580448025
2,3626,0,0.5002317272912599
2,3633,0,0.5001245378347012
2,3644,0,0.5004720085883162
2,3660,0,0.5003131293544171
2,3666,0,0.5007606303760138
2,3673,0,0.5006400301694456
2,3676,0,0.5001597210084455
2,3687,0,0.5013022712589139
2,3693,0,0.5002004452446716
2,3711,0,0.5005783213060288
2,3712,0,0.5028858549348505
2,3720,0,0.5006292380411641
2,3722,0,0.5178174903193002
2,3725,0,0.5001383923697499
2,3733,0,0.5014644307094352
2,3735,0,0.5003373332093554
2,3737,0,0.5001715992702531
2,3755,0,0.5008034881673521
2,3757,0,0.5012531288567542
2,3760,0,0.5020273415650606
2,3773,0,0.5006262771169101
2,3778,0,0.5054879135972338
2,3781,0,0.5003090785747254
2,3785,0,0.5042581264218764
2,3786,0,0.5001702540050111
2,3787,0,0.5001727547455747
2,3788,0,0.5005700993674056
2,3790,0,0.5009232726394822
2,3791,0,0.5001586554976241
2,3793,0,0.5007725162031132
2,3794,0,0.5000598571160662
2,3795,0,0.5024800161962364
2,3797,0,0.500106395879552
2,3798,0,0.5005481397695676
2,3799,0,0.5003048165950191
2,3805,0,0.5002776863300407
2,3808,0,0.5018410175795716
2,3810,0,0.5001586955336609
2,3812,0,0.5004935437118233
2,3819,0,0.5006683690554078
2,3831,0,0.5003693845852811
2,3835,0,0.502736771149139
2,3839,0,0.5021762791367704
2,3851,0,0.5001932059244072
2,3852,0,0.5005416460215509
2,3856,0,0.5034436578299588
2,3864,0,0.5003577956727149
2,3868,0,0.5005978797354768
2,3895,0,0.5007550333877051
2,3899,0,0.5005027495629444
2,3906,0,0.5002923661721503
2,3911,0,0.5004579458379514
2,3916,0,0.5000740098272481
2,3918,0,0.5011567996289166
2,3925,0,0.5047207692437834
2,3928,0,0.5010355202863525
2,3930,0,0.5003465970979276
2,3932,0,0.5000993125030079
2,3933,0,0.5002210483981678
2,3953,0,0.5020736879932981
2,3954,0,0.5008587682054322
2,3958,0,0.5005957832822132
2,3959,0,0.5003195456003146
2,3980,0,0.5001325888571198
2,3982,0,0.5001764655380432
2,3985,0,0.5005720709521349
2,3997,0,0.5017633162558466
2,4010,0,0.5003676255075744
2,4016,0,0.500067995951584
2,4023,0,0.5002094945803116
2,4037,0,0.5006405675612767
2,4042,0,0.500378662081405
2,4043,0,0.5001415724481683
2,4053,0,0.5006724296507366
2,4057,0,0.5000866565904905
2,4058,0,0.5001559864628116
2,4072,0,0.5009795376839544
2,4073,0,0.5010746666071044
2,4077,0,0.5002701798388862
2,4078,0,0.5001390684112873
2,4082,0,0.5002740783025114
2,4086,0,0.5003699838879923
2,4103,0,0.5370437182842133
2,4113,0,0.5003658416339024
2,4115,0,0.5005035834788762
2,4123,0,0.5002447803457207
2,4130,0,0.5006481090766466
2,4147,0,0.5009355831861227
2,4149,0,0.5003863528625995
2,4151,0,0.5003995644090956
2,4160,0,0.5054125265222721
2,4167,0,0.5011424040679909
2,4194,0,0.5024696392639542
2,4202,0,0.5007004236176691
2,4203,0,0.5010829621795393
2,4204,0,0.5016121570278917
2,4211,0,0.5075428626315618
2,4212,0,0.5005246531389259
2,4225,0,0.5002263801864749
2,4232,0,0.5024015021238839
2,4233,0,0.5097500466060417
2,4239,0,0.5010848436348003
2,4259,0,0.5008209010665483
2,4260,0,0.5092752609911286
2,4264,0,0.5001654083798881
2,4268,0,0.500635291849735
2,4272,0,0.5010802417234488
2,4276,0,0.5001125816145342
2,4278,0,0.5004768597321906
2,4283,0,0.5000649655221449
2,4284,0,0.5021854016481235
2,4285,0,0.503000614595621
2,4287,0,0.500540386332542
2,4294,0,0.5002370801623945
2,4300,0,0.5091078829933451
2,4303,0,0.5004866269373274
2,4317,0,0.5012203453016396
2,4320,0,0.501644261038451
2,4321,0,0.5006582658349132
2,4326,0,0.5000362974053345
2,4330,0,0.5008947474102246
2,4352,0,0.5012051148459667
2,4353,0,0.5001223040829693
2,4358,0,0.5003650702027951
2,4359,0,0.5010237440471578
2,4367,0,0.5001835442974383
2,4369,0,0.500133219284783
2,4387,0,0.5000836701012168
2,4392,0,0.5000519939156703
2,4398,0,0.5003388372710326
2,4399,0,0.500144275735523
2,4401,0,0.5004217244344686
2,4408,0,0.5001291792338405
2,4417,0,0.5001161964946322
2,4422,0,0.5036944559883341
2,4424,0,0.5025631965696105
2,4430,0,0.5007707751536079
2,4432,0,0.5010926236681352
2,4436,0,0.5011320765448538
2,4438,0,0.5000739969247482
2,4444,0,0.5010134392097714
2,4448,0,0.5000974773608226
2,4456,0,0.501128192195918
2,4460,0,0.5003231803773905
2,4462,0,0.5002443667826932
2,4474,0,0.5036380459649114
2,4484,0,0.5027149428085136
2,4485,0,0.5059314261234614
2,4487,0,0.5002552979152622
2,4501,0,0.5002423064816027
2,4507,0,0.5023652543154365
2,4508,0,0.5006805225227483
2,4511,0,0.5003471979520181
2,4512,0,0.5018571940764259
2,4515,0,0.5003702475710743
2,4522,0,0.5021864193335365
2,4524,0,0.5004944981498636
2,4529,0,0.5008627846407548
2,4532,0,0.5001508990850441
2,4533,0,0.5000989083221549
2,4536,0,0.5004394587780208
2,4546,0,0.5021668109111448
2,4548,0,0.5001497077426159
2,4549,0,0.5005420688450478
2,4555,0,0.5034304707112353
2,4559,0,0.5010137167838835
2,4560,0,0.5007251355177103
2,4562,0,0.5052930014925748
2,4577,0,0.5003077960083443
2,4581,0,0.5006820725189073
2,4582,0,0.5002478156652234
2,4584,0,0.5015268887675594
2,4586,0,0.5000638635011453
2,4587,0,0.500370981672189
2,4598,0,0.5003590550601497
2,4604,0,0.5012227016866314
2,4606,0,0.5006796300157386
2,4610,0,0.5005972757330793
2,4623,0,0.5016931748768135
2,4630,0,0.5007270825622105
2,4633,0,0.5002501812575307
2,4638,0,0.5001071256019108
2,4639,0,0.5007751554749287
2,4641,0,0.5018942738071573
2,4646,0,0.5053692006751406
2,4647,0,0.5031235455196056
2,4649,0,0.5003118772359502
2,4655,0,0.5016024137143356
2,4659,0,0.5003791621200346
2,4663,0,0.5001541637951441
2,4666,0,0.5001009067434425
2,4671,0,0.5000325416877393
2,4679,0,0.500180204720095
2,4683,0,0.5001375989229648
2,4687,0,0.5004922198851861
2,4690,0,0.5006686342197305
2,4692,0,0.5004636247220483
2,4697,0,0.5000453271667544
2,4704,0,0.5001525213707327
2,4706,0,0.5000953579518027
2,4709,0,0.5005307991394964
2,4712,0,0.5004097389043296
2,4719,0,0.5003015787591194
2,4726,0,0.5007915824772073
2,4743,0,0.5002243638900624
2,4759,0,0.5002820423647583
2,4765,0,0.5015579694469251
2,4771,0,0.5002554541376824
2,4780,0,0.5016252659636177
2,4782,0,0.5000132823344225
2,4787,0,0.505611339080859
2,4792,0,0.5004456507540017
2,4806,0,0.5004148631559855
2,4807,0,0.500882810166808
2,4811,0,0.5003672080189696
2,4812,0,0.5013683964173289
2,4814,0,0.5001373920569326
2,4817,0,0.5001116215172762
2,4819,0,0.5002685890552038
2,4826,0,0.5000884538311142
2,4830,0,0.5007946295054126
2,4832,0,0.5001247785387244
2,4834,0,0.5001557798544994
2,4836,0,0.5001934776390523
2,4837,0,0.5002398750479937
2,4849,0,0.5001920121383869
2,4851,0,0.5000825268224939
2,4870,0,0.5008652301486065
2,4871,0,0.500442136131941
2,4876,0,0.5042179823515043
2,4887,0,0.5390029145384378
2,4893,0,0.500823799545711
2,4894,0,0.5066022712599171
2,4900,0,0.5001675881744991
2,4907,0,0.5057130914670717
2,4916,0,0.5010179715437428
2,4917,0,0.5004132915772949
2,4926,0,0.5007391514217788
2,4940,0,0.5011560090319245
2,4944,0,0.5001162577158981
2,4947,0,0.5000213600396751
2,4951,0,0.5005186947882966
2,4955,0,0.5009272267463358
2,4956,0,0.5032815016271082
2,4958,0,0.5002751856513284
2,4959,0,0.5009672953098397
2,4963,0,0.5008201265370997
2,4965,0,0.5006841071558245
2,4972,0,0.5001548226781363
2,4976,0,0.5001399942963763
2,4980,0,0.5013811909455954
2,4983,0,0.5020066606199719
2,4992,0,0.5002952027296201
2,4995,0,0.5026393957620753
2,4996,0,0.5007921525842671
2,4997,0,0.5019162724803171
2,4998,0,0.5000695902725297
2,5005,0,0.5003967667272566
2,5008,0,0.5017743017362699
2,5018,0,0.5013167929939616
2,5020,0,0.500040465200134
2,5021,0,0.5082285982498246
2,5035,0,0.5000557507402262
2,5036,0,0.5003624929128443
2,5037,0,0.5006679361347496
2,5039,0,0.5002672549725039
2,5043,0,0.500855640336225
2,5054,0,0.5107733136140438
2,5060,0,0.5012806177086176
2,5063,0,0.5003045280893823
2,5066,0,0.5001562061678798
2,5069,0,0.5004835420750308
2,5071,0,0.5017756566235014
2,5088,0,0.5000989650875332
2,5090,0,0.5003961191832625
2,5091,0,0.5002278685785112
2,5103,0,0.5014704602570091
2,5119,0,0.500351839795589
2,5123,0,0.5042993762024134
2,5128,0,0.500332770574738
2,5130,0,0.5015506025574491
2,5132,0,0.5002074072818209
2,5134,0,0.5008682863805736
2,5135,0,0.500834622694492
2,5137,0,0.5000852450372445
2,5141,0,0.5026818637396689
2,5146,0,0.5014934066588734
2,5149,0,0.5006925900976791
2,5150,0,0.5325510983299159
2,5158,0,0.5027060546189291
2,5197,0,0.5006924262440984
2,5209,0,0.500411645974594
2,5214,0,0.500208699694008
2,5221,0,0.5004979921780962
2,5222,0,0.5014909719959644
2,5224,0,0.5002524816140244
2,5233,0,0.5015004818026638
2,5236,0,0.5031897014654536
2,5241,0,0.5019425969748293
2,5243,0,0.5002921888202065
2,5249,0,0.500275635619501
2,5254,0,0.5007214611538255
2,5261,0,0.5000948248285909
2,5263,0,0.5002201764025258
2,5265,0,0.5005741939983704
2,5270,0,0.5003810565526038
2,5275,0,0.5009996867566895
2,5284,0,0.5004984084515313
2,5287,0,0.5028308124543257
2,5289,0,0.5018282607462186
2,5299,0,0.500363159367406
2,5301,0,0.5018863264929639
2,5309,0,0.5007656193869157
2,5315,0,0.5007610723589521
2,5327,0,0.500725788294844
2,5337,0,0.5005625191518549
2,5342,0,0.5002079656203182
2,5344,0,0.5008720442356042
2,5365,0,0.5006260428130876
2,5371,0,0.5010173903461567
2,5377,0,0.50016138088605
2,5385,0,0.500095704356372
2,5390,0,0.5000437595972729
2,5397,0,0.5006706439824261
2,5399,0,0.502338100479843
2,5402,0,0.5010059011269611
2,5412,0,0.5005540459126785
2,5416,0,0.5003615772338016
2,5419,0,0.5004533029898389
2,5420,0,0.5028821379916134
2,5423,0,0.5002277799106432
2,5424,0,0.5013541247832275
2,5425,0,0.5000458827379273
2,5428,0,0.5001786646721377
2,5434,0,0.5000314302461671
2,5438,0,0.5000836065281223
2,5440,0,0.5009352450029313
2,5441,0,0.500595418383947
2,5442,0,0.500730050388001
2,5443,0,0.5009126838306538
2,5447,0,0.5003792114853896
2,5451,0,0.5008296061537445
2,5455,0,0.5000909524208478
2,5457,0,0.5000744038697318
2,5458,0,0.5002293240673867
2,5459,0,0.5002907993967116
2,5460,0,0.501485983547619
2,5466,0,0.5001300989493767
2,5474,0,0.5041450729163854
2,5475,0,0.5003417694637123
2,5477,0,0.5004658231980942
2,5484,0,0.5010536458712483
2,5493,0,0.5013753429165748
2,5502,0,0.5001877207621995
2,5503,0,0.500779707872685
2,5506,0,0.500860073207293
2,5509,0,0.5018738268669661
2,5511,0,0.5004290013742102
2,5516,0,0.5002108549546884
2,5518,0,0.5009544405748911
2,5520,0,0.5003627334941139
2,5523,0,0.5008293739734359
2,5529,0,0.5006133535299392
2,5540,0,0.5007114008940218
2,5543,0,0.5001189155122469
2,5544,0,0.5004098278741513
2,5557,0,0.5002828440161887
2,5562,0,0.5003713315607685
2,5563,0,0.5006304563737147
2,5570,0,0.5003874035389696
2,5580,0,0.5001588457106692
2,5581,0,0.5011919265811312
2,5583,0,0.5006162007714957
2,5589,0,0.500491234264967
2,5596,0,0.5003105486364418
2,5597,0,0.5010564623749079
2,5602,0,0.5020981900701674
2,5606,0,0.5009521663370825
2,5613,0,0.5003486034094873
2,5614,0,0.5018372910252591
2,5628,0,0.5002144829006977
2,5635,0,0.503840577190466
2,5636,0,0.505861422386226
2,5640,0,0.5033985427006876
2,5657,0,0.5001933588378373
2,5659,0,0.5000392123898583
2,5665,0,0.5005528026669079
2,5672,0,0.5013048488295698
2,5673,0,0.5000833404741305
2,5674,0,0.500258215814349
2,5690,0,0.5009651880144126
2,5692,0,0.5002707177585979
2,5694,0,0.5011144044444236
2,5695,0,0.5002672900357545
2,5696,0,0.5002068516857084
2,5697,0,0.5005701152574464
2,5701,0,0.5028204797525677
2,5702,0,0.5008058882834294
2,5703,0,0.5014071049077359
2,5709,0,0.5000586692017626
2,5710,0,0.5002338632786347
2,5727,0,0.5035573569393834
2,5732,0,0.5003445395864028
2,5736,0,0.504574178242371
2,5739,0,0.500373452103583
2,5741,0,0.5005400536736682
2,5744,0,0.5006331676097178
2,5748,0,0.5002233881507183
2,5760,0,0.5001610597089259
2,5764,0,0.5002978245381808
2,5765,0,0.5005559955576482
2,5770,0,0.5002631290958619
2,5775,0,0.5002768192269078
2,5794,0,0.5002215144313938
2,5796,0,0.5001862707901036
2,5801,0,0.5017973681282566
2,5808,0,0.5041888796077804
2,5817,0,0.5039752622664695
2,5826,0,0.5001842696878992
2,5832,0,0.5001500161128979
2,5835,0,0.5004351545899063
2,5837,0,0.5003759565253076
2,5838,0,0.5055600285892032
2,5840,0,0.5032207223559323
2,5851,0,0.5012679706893711
2,5855,0,0.5009399323183301
2,5858,0,0.5021760353125112
2,5863,0,0.500470015359732
2,5864,0,0.5011539520423705
2,5868,0,0.5006452251015161
2,5869,0,0.5007926945032021
2,5875,0,0.5003980013612346
2,5883,0,0.506459745477964
2,5887,0,0.5002620973903632
2,5888,0,0.5007870413867688
2,5889,0,0.500211835504396
2,5892,0,0.5002672604222111
2,5907,0,0.5003471232989942
2,5909,0,0.500119285472907
2,5911,0,0.500945601894351
2,5916,0,0.500698982612655
2,5917,0,0.5010157127225183
2,5918,0,0.5002395147382156
2,5923,0,0.5010400686503438
2,5928,0,0.5010340407171362
2,5934,0,0.5029434698967369
2,5936,0,0.5004917858315663
2,5942,0,0.5006130947844093
2,5943,0,0.5036772864299424
2,5950,0,0.5020568235297137
2,5953,0,0.501364558714268
2,5954,0,0.5001593907246346
2,5957,0,0.5011665867257584
2,5965,0,0.5003489867830705
2,5966,0,0.5000755863048193
2,5969,0,0.5082626164627597
2,5971,0,0.5014359206684499
2,5978,0,0.5030597462619832
2,5984,0,0.5012202400132939
2,5996,0,0.500963176152209
2,5997,0,0.500913770141033
2,6005,0,0.5002962102229573
2,6009,0,0.50052123890976
2,6016,0,0.500062530516163
2,6017,0,0.623368554690987
2,6021,0,0.5008546912477443
2,6024,0,0.5004421984173966
2,6033,0,0.5007091758402458
2,6057,0,0.5001025135856364
2,6061,0,0.5017221180924912
2,6064,0,0.5019126718936557
2,6065,0,0.5006356667876921
2,6070,0,0.5001906818551916
2,6078,0,0.5005503738895426
2,6086,0,0.500117213744405
2,6092,0,0.50243903208022
2,6098,0,0.5004531285855323
2,6101,0,0.5001521645099096
2,6107,0,0.5025293809332467
2,6108,0,0.5005398232067286
2,6113,0,0.50011560881779
2,6116,0,0.5001406093164742
2,6119,0,0.5017975791940867
2,6120,0,0.501425007146127
2,6127,0,0.5002215386612848
2,6136,0,0.500175324414728
2,6140,0,0.5011548140939144
2,6145,0,0.50008701417511
2,6151,0,0.5007358055929982
2,6152,0,0.5001638205887993
2,6163,0,0.5002852693378788
2,6174,0,0.5000815712636124
2,6181,0,0.5002007022509156
2,6183,0,0.5003038315780621
2,6184,0,0.501700855804428
2,6191,0,0.5034579596563368
2,6192,0,0.500143891343065
2,6211,0,0.5004435383566492
2,6213,0,0.5012431885253157
2,6224,0,0.5000938914523814
2,6230,0,0.5001575857615361
2,6232,0,0.5003910602660161
2,6237,0,0.5000618862222102
2,6239,0,0.5026677137284445
2,6240,0,0.5004633994512153
2,6249,0,0.5008918866154468
2,6251,0,0.5007501277016404
2,6257,0,0.5010458193742945
2,6258,0,0.5000644326615458
2,6262,0,0.5007897710226066
2,6264,0,0.5004018655427385
2,6269,0,0.5001707711344855
2,6270,0,0.500408129658533
2,6279,0,0.5016235642592399
2,6286,0,0.5012806469436669
2,6287,0,0.5001242989843321
2,6292,0,0.5000736273711729
2,6300,0,0.5003068058174932
2,6303,0,0.5004211294261997
2,6304,0,0.5006888948920973
2,6311,0,0.5001157598033847
2,6315,0,0.5014366118147862
2,6316,0,0.5003143854361398
2,6323,0,0.5028242647429444
2,6327,0,0.500561834654378
2,6332,0,0.5014932572181865
2,6336,0,0.5005971267390257
2,6339,0,0.5004910590907651
2,6348,0,0.5002711434143683
2,6350,0,0.5005014919597994
2,6357,0,0.5001941153402317
2,6376,0,0.5005341608644432
2,6379,0,0.5013084457053282
2,6382,0,0.5024675961276007
2,6388,0,0.5003083755538839
2,6393,0,0.5000571400967386
2,6408,0,0.5013198234259069
2,6411,0,0.5032931266024735
2,6412,0,0.5005312319976023
2,6419,0,0.5001437511440859
2,6423,0,0.5000799006505591
2,6428,0,0.5006831478932116
2,6453,0,0.5001552527530762
2,6470,0,0.5001837764896048
2,6483,0,0.5002613505990672
2,6487,0,0.5012030982566938
2,6489,0,0.5002164522664395
2,6491,0,0.5001471628620539
2,6496,0,0.5003905341794016
2,6497,0,0.5000825340173236
2,6499,0,0.5021002161213161
2,6512,0,0.5005221223914558
2,6531,0,0.500065434479985
2,6536,0,0.5004097306407466
2,6546,0,0.5001723164919608
2,6547,0,0.5000817492048019
2,6548,0,0.5000309177890042
2,6565,0,0.5012914156333544
2,6571,0,0.5015207938659819
2,6575,0,0.5002469676111727
2,6581,0,0.50082251828197
2,6584,0,0.5012574693892659
2,6587,0,0.5029545705160277
2,6593,0,0.500078805228115
2,6597,0,0.5001017844816751
2,6641,0,0.5004155692071581
2,6646,0,0.5004516571020123
2,6648,0,0.5000733447252731
2,6649,0,0.5004454220752944
2,6654,0,0.5031042947509216
2,6661,0,0.5001947780657915
2,6676,0,0.5002903161342437
2,6679,0,0.5004781528423022
2,6680,0,0.5003221227693259
2,6692,0,0.5001975874917498
2,6697,0,0.5000973112668508
2,6700,0,0.5002781429070835
2,6701,0,0.5002668667392072
2,6704,0,0.5007870154764376
2,6708,0,0.5004637524014864
2,6709,0,0.5002117775184551
2,6711,0,0.5000306900485881
2,6712,0,0.505849535372963
2,6717,0,0.5049516544627872
2,6718,0,0.5038223821326369
2,6720,0,0.5007695235464985
2,6728,0,0.5014669827604722
2,6733,0,0.5002592976863056
2,6736,0,0.5002451188536285
2,6745,0,0.5002117903609578
2,6752,0,0.5009864054321383
2,6753,0,0.5001748101425904
2,6757,0,0.5002484744589104
2,6767,0,0.5006948201504481
2,6771,0,0.5004624131552041
2,6777,0,0.5005328728743216
2,6778,0,0.500553894778627
2,6780,0,0.5001299476900634
2,6786,0,0.5001519147771751
2,6791,0,0.5005574905794242
2,6804,0,0.5041786612283824
2,6808,0,0.5053983944326049
2,6814,0,0.5012830248334447
2,6823,0,0.5001606196729853
2,6826,0,0.5004846111566859
2,6829,0,0.5007637483576859
2,6837,0,0.5018079764465284
2,6844,0,0.5002591501132386
2,6852,0,0.5015293464044364
2,6854,0,0.5004077895974774
2,6855,0,0.5004690615079178
2,6858,0,0.5001513080036669
2,6868,0,0.5002311483008558
2,6870,0,0.505619329140347
2,6878,0,0.5010179038725486
2,6883,0,0.5003137747935424
2,6884,0,0.500868727687067
2,6889,0,0.5003819689922202
2,6896,0,0.5015434769459367
2,6898,0,0.5002875033009831
2,6911,0,0.5001169811348785
2,6914,0,0.5008900303147402
2,6915,0,0.5009706423608798
2,6920,0,0.5053304747801098
2,6923,0,0.5014655767109646
2,6925,0,0.5011008569736262
2,6932,0,0.5412757929422153
2,6934,0,0.5000784532284557
2,6935,0,0.5009781049763619
2,6939,0,0.5003050389983426
2,6945,0,0.5004597033926358
2,6951,0,0.5004335975699352
2,6952,0,0.501051645015892
2,6953,0,0.5004062706414939
2,6960,0,0.5030331201034873
2,6962,0,0.5012853691527027
2,6966,0,0.5002408551473968
2,6968,0,0.5008432015118782
2,6972,0,0.501682349001635
2,6975,0,0.5000539086577293
2,6979,0,0.5016218508599027
2,6982,0,0.5014867998390118
2,7000,0,0.5020989304741886
2,7001,0,0.5000505604444746
2,7010,0,0.5004142284258511
2,7021,0,0.5006162893992898
2,7023,0,0.5012942480481112
2,7027,0,0.5000770471927606
2,7028,0,0.5003915787950003
2,7031,0,0.500050282016356
2,7043,0,0.5015301984791839
2,7046,0,0.5000894523446563
2,7055,0,0.5008297542749053
2,7066,0,0.500174250167841
2,7074,0,0.504150244144776
2,7081,0,0.5011908988437024
2,7090,0,0.5000781185283762
2,7092,0,0.500186128918205
2,7096,0,0.5015318025751262
2,7097,0,0.5000738409034404
2,7102,0,0.5002297577154967
2,7108,0,0.504423930465227
2,7111,0,0.5001005099008287
2,7113,0,0.5001979071406369
2,7125,0,0.5000884846033603
2,7128,0,0.500472196432035
2,7131,0,0.5009913516719642
2,7137,0,0.5007129195994119
2,7139,0,0.5007882669457647
2,7145,0,0.5008616839059596
2,7146,0,0.500139344699613
2,7147,0,0.5008148364892121
2,7152,0,0.5007326532509956
2,7154,0,0.5000440604341048
2,7155,0,0.5005925314610902
2,7156,0,0.5003238827817721
2,7158,0,0.5002098321296962
2,7163,0,0.5001015764290321
2,7168,0,0.5010570866629949
2,7171,0,0.5006221397148817
2,7182,0,0.5006264158867251
2,7183,0,0.500507983444207
2,7187,0,0.5014383535644835
2,7189,0,0.5000759111210143
2,7197,0,0.5001339087130989
2,7199,0,0.5010741552940298
2,7203,0,0.5001439001386784
2,7205,0,0.5006575878282592
2,7220,0,0.5013438685133365
2,7225,0,0.5013622618214124
2,7232,0,0.504097691087549
2,7260,0,0.5007345563913933
2,7263,0,0.5009410523208189
2,7265,0,0.5016631997340211
2,7269,0,0.5002965538021149
2,7270,0,0.5000868041806702
2,7299,0,0.5002286210654433
2,7321,0,0.5008759725800416
2,7322,0,0.5017455110052589
2,7336,0,0.5012085821000641
2,7341,0,0.5008807806300983
2,7350,0,0.5007835654705207
2,7355,0,0.5003712254592534
2,7357,0,0.500504536441285
2,7359,0,0.5010746343773228
2,7363,0,0.5004095776486231
2,7364,0,0.5014696838960905
2,7365,0,0.5004186552340855
2,7376,0,0.501272421816847
2,7378,0,0.5008600214522007
2,7379,0,0.5017005538824719
2,7380,0,0.5003737750888795
2,7387,0,0.5003483654748963
2,7389,0,0.5004613311382213
2,7394,0,0.5007152437847201
2,7395,0,0.5198645360860589
2,7398,0,0.5010220295256426
2,7400,0,0.5020795064588479
2,7402,0,0.5001270353051539
2,7403,0,0.5005894241309058
2,7421,0,0.5064675418053564
2,7422,0,0.5003165380387558
2,7423,0,0.5033644827180584
2,7424,0,0.5005312222166449
2,7429,0,0.5005853107875365
2,7441,0,0.5001075192952176
2,7445,0,0.5001290769762703
2,7446,0,0.5012742809604156
2,7447,0,0.5020571442139574
2,7450,0,0.5002169454928352
2,7465,0,0.50029000221373
2,7468,0,0.5005231439545621
2,7469,0,0.502614664894117
2,7477,0,0.5009331372762271
2,7481,0,0.5001238760667616
2,7482,0,0.5013465481110808
2,7489,0,0.5054043556411899
2,7495,0,0.5010557800035654
2,7496,0,0.5007725277261689
2,7499,0,0.5000528117711999
2,7500,0,0.5006131284174276
2,7502,0,0.5002922703954236
2,7503,0,0.5002507101329469
2,7509,0,0.5003788324613545
2,7512,0,0.5001420640991981
2,7518,0,0.5011246483297839
2,7520,0,0.5004167877625727
2,7532,0,0.5006066476563875
2,7543,0,0.5033902923908304
2,7544,0,0.5024969011768049
2,7553,0,0.5030924114995992
2,7557,0,0.502248469745232
2,7565,0,0.5016731523083681
2,7568,0,0.5003301746146587
2,7574,0,0.5012743522786439
2,7577,0,0.5002468676477082
2,7588,0,0.5006549233202886
2,7590,0,0.5002001320078856
2,7598,0,0.5008579665913305
2,7600,0,0.5000978241388625
2,7602,0,0.5000818008104687
2,7606,0,0.5003505814587225
2,7616,0,0.5001198606882883
2,7618,0,0.5006938498821906
2,7619,0,0.5003279686273909
2,7629,0,0.5002914115463085
2,7637,0,0.5009783605279207
2,7653,0,0.5000624819654029
2,7655,0,0.500137980386428
2,7658,0,0.500226428158025
2,7662,0,0.5001975867328754
2,7664,0,0.5026792762015685
2,7669,0,0.5001317420639436
2,7673,0,0.5011571279712104
2,7675,0,0.5041962341085328
2,7684,0,0.500070181937762
2,7687,0,0.5003457695253339
2,7698,0,0.5012699612076323
2,7706,0,0.504649932834717
2,7711,0,0.5003751367158548
2,7712,0,0.5005916406539105
2,7717,0,0.5000625585225842
2,7721,0,0.5009729605630038
2,7727,0,0.5045334794954924
2,7729,0,0.501247617751478
2,7741,0,0.5004285724787132
2,7743,0,0.5001000772656417
2,7746,0,0.5004763621709131
2,7748,0,0.5005749740730049
2,7759,0,0.5019856096374374
2,7771,0,0.5035058090456547
2,7785,0,0.5001876782227411
2,7789,0,0.5002389960000124
2,7790,0,0.5002963527548373
2,7791,0,0.5040604848368455
2,7792,0,0.5008395990490355
2,7797,0,0.5015251125516631
2,7803,0,0.5003118936640957
2,7814,0,0.5005191535559582
2,7817,0,0.5000762482002765
2,7819,0,0.5001306238955062
2,7822,0,0.500160660367578
2,7831,0,0.5002764049376234
2,7838,0,0.5007704746207378
2,7840,0,0.5084555152413958
2,7846,0,0.5003395438980178
2,7852,0,0.5000575390351543
2,7855,0,0.5028228655525603
2,7860,0,0.5017942824130703
2,7862,0,0.5003200766375864
2,7863,0,0.5006382762389124
2,7864,0,0.5008566294503662
2,7874,0,0.5001220063799625
2,7881,0,0.5005636670943199
2,7888,0,0.5021015313451139
2,7899,0,0.5015029023957653
2,7903,0,0.5002908214964991
2,7916,0,0.5013104659614016
2,7923,0,0.5003105358250123
2,7935,0,0.5002518446930555
2,7955,0,0.5002554615531011
2,7963,0,0.5031347355840898
2,7965,0,0.5007295363542991
2,7966,0,0.5042344002580632
2,7969,0,0.5002537942143885
2,7970,0,0.5002461429400257
2,7973,0,0.5025718395788722
2,7984,0,0.5002319970913792
2,7988,0,0.5002722727647694
2,7991,0,0.500362462896804
2,7996,0,0.5001586768302307
2,7998,0,0.5007445865627793
2,8002,0,0.5008279287006132
2,8022,0,0.5001112168436779
2,8026,0,0.5008061731434855
2,8031,0,0.5019817224716994
2,8034,0,0.5007423802025689
2,8035,0,0.5003355681797524
2,8039,0,0.5000940385206406
2,8041,0,0.5011079145841442
2,8052,0,0.5009174743193991
2,8055,0,0.5014743914833596
2,8060,0,0.5007375133481513
2,8063,0,0.5002898169593677
2,8064,0,0.5001424503713068
2,8067,0,0.5014344190743824
2,8069,0,0.5022187674301413
2,8070,0,0.500246310062507
2,8075,0,0.5004476729387066
2,8076,0,0.5001596807261712
2,8084,0,0.5010198540579168
2,8088,0,0.5001443111846707
2,8089,0,0.5017520105567492
2,8090,0,0.5005229147890929
2,8091,0,0.5005018270155558
2,8093,0,0.5001350298028691
2,8099,0,0.5017791550926393
2,8108,0,0.5005097278108842
2,8109,0,0.5094850151069885
2,8111,0,0.5002045405622189
2,8113,0,0.5000664652896957
2,8120,0,0.5004572771886816
2,8121,0,0.5162016200889682
2,8128,0,0.5000685474661667
2,8132,0,0.5026024790122787
2,8134,0,0.5020309359557853
2,8150,0,0.50368759953494
2,8151,0,0.5000839111530403
2,8155,0,0.5002740855712696
2,8156,0,0.500988318332236
2,8158,0,0.501477082665427
2,8177,0,0.5002348599144931
2,8185,0,0.5007427539326391
2,8192,0,0.5001890677023537
2,8193,0,0.5002652946022239
2,8194,0,0.500085447573216
2,8198,0,0.5001940163290082
2,8199,0,0.5014075823862738
2,8201,0,0.5004401895025474
2,8203,0,0.5004403830391769
2,8204,0,0.5019708762054005
2,8205,0,0.5023965344105489
2,8213,0,0.5007306666846417
2,8216,0,0.5001841609380634
2,8220,0,0.5005106205859109
2,8224,0,0.5007226853726745
2,8230,0,0.5004406397988208
2,8231,0,0.50313494025887
2,8238,0,0.5000553080070596
2,8250,0,0.5001864042736194
2,8253,0,0.5007453473937618
2,8257,0,0.5012586289005936
2,8260,0,0.5003401464844197
2,8261,0,0.5000169341346602
2,8263,0,0.5147824171992952
2,8265,0,0.500573442127836
2,8266,0,0.5011416143950889
2,8270,0,0.5002356150113362
2,8280,0,0.5008230155642247
2,8284,0,0.5003971914480925
2,8286,0,0.5002784167550879
2,8291,0,0.5007890135109311
2,8310,0,0.5001690877506603
2,8314,0,0.5033004724309554
2,8315,0,0.500452719515027
2,8317,0,0.5001276340714423
2,8318,0,0.5008652289646855
2,8324,0,0.5005395886596997
2,8326,0,0.5004784806112003
2,8330,0,0.5005071090462622
2,8332,0,0.5011653843708483
2,8337,0,0.5009909873288276
2,8338,0,0.5002359888799366
2,8345,0,0.5002064233263184
2,8358,0,0.5002312773628628
2,8359,0,0.5024975365887405
2,8368,0,0.5002285934633901
2,8369,0,0.5000939096152299
2,8375,0,0.5003164333407305
2,8386,0,0.5006662141991174
2,8389,0,0.504396973683736
2,8391,0,0.5000644279798282
2,8396,0,0.500180349454362
2,8400,0,0.5005185956407604
2,8402,0,0.500463681707976
2,8407,0,0.5004401169925524
2,8408,0,0.5004107667604202
2,8409,0,0.5006385189534092
2,8412,0,0.5006248192350051
2,8414,0,0.5018657068671595
2,8415,0,0.5023447199766953
2,8424,0,0.5009003786904173
2,8433,0,0.5033592781894557
2,8434,0,0.5003344662581602
2,8436,0,0.5058007598285765
2,8449,0,0.5005246815066756
2,8463,0,0.5004940390229143
2,8469,0,0.5002306198501065
2,8477,0,0.500548574386226
2,8483,0,0.5005149428137843
2,8490,0,0.5000369033980487
2,8493,0,0.5001874075051876
2,8498,0,0.5006013549280875
2,8502,0,0.500021940742087
2,8510,0,0.5001209777857665
2,8514,0,0.5004695247200761
2,8519,0,0.5005547419322509
2,8524,0,0.5007838943283687
2,8536,0,0.5013955063991148
2,8540,0,0.5016947795815938
2,8542,0,0.5002849748025402
2,8543,0,0.500045136388136
2,8556,0,0.5004045612318848
2,8563,0,0.5065942764726451
2,8570,0,0.5011366580109566
2,8572,0,0.5100753386589097
2,8584,0,0.5000870303056052
2,8589,0,0.5001608613411431
2,8597,0,0.500597426604464
2,8601,0,0.5000390435070049
2,8607,0,0.5044128023518597
2,8609,0,0.5009468212018875
2,8613,0,0.5001501301759708
2,8615,0,0.5000420227471567
2,8620,0,0.5004773469667406
2,8621,0,0.5001825859690952
2,8623,0,0.5016426809675034
2,8628,0,0.500543035173756
2,8634,0,0.5000479273487676
2,8644,0,0.5007327848795268
2,8645,0,0.5022454930806596
2,8648,0,0.5016059089195108
2,8659,0,0.5060254321717389
2,8660,0,0.5110732512165335
2,8662,0,0.5008941873987969
2,8664,0,0.5248520782876429
2,8666,0,0.5048140829323571
2,8672,0,0.5018558688808126
2,8674,0,0.50008113500711
2,8698,0,0.5001052600939776
2,8701,0,0.500382478772777
2,8715,0,0.5006245840991418
2,8719,0,0.5017831112359092
2,8723,0,0.5048852868068527
2,8735,0,0.5002239976196065
2,8738,0,0.5005062355811203
2,8750,0,0.5000894060900035
2,8755,0,0.5331144983258072
2,8764,0,0.5003721360938832
2,8774,0,0.5021188245208945
2,8780,0,0.5002863637341458
2,8795,0,0.5004203703059665
2,8800,0,0.5035594379562737
2,8803,0,0.50022641542918
2,8806,0,0.5000650793938761
2,8810,0,0.5009853352752469
2,8818,0,0.5001675893974816
2,8820,0,0.5001869795619839
2,8821,0,0.500038632998905
2,8829,0,0.5000418614851829
2,8837,0,0.5006127572631025
2,8840,0,0.5004738146595793
2,8842,0,0.5001975103452154
2,8850,0,0.5008294207545091
2,8851,0,0.5000518087241524
2,8853,0,0.5002154958580403
2,8861,0,0.5009162577383971
2,8862,0,0.5008131217393335
2,8866,0,0.5006663641205753
2,8867,0,0.5008122923341458
2,8871,0,0.5002972472214329
2,8874,0,0.500715190224875
2,8882,0,0.5000996854568417
2,8887,0,0.5003496841877232
2,8889,0,0.5052142666202589
2,8890,0,0.5006787147042662
2,8891,0,0.5011222192083398
2,8901,0,0.5174217609027385
2,8903,0,0.500242897763016
2,8904,0,0.5005713652254627
2,8909,0,0.5001089330892594
2,8915,0,0.5019428531996604
2,8923,0,0.500668633373346
2,8932,0,0.5005994388598537
2,8934,0,0.5007910650598342
2,8947,0,0.5006737759210356
2,8960,0,0.50050201020596
2,8970,0,0.5002537485752938
2,8972,0,0.5021619886668434
2,8973,0,0.5012349974301972
2,8974,0,0.5002155547050058
2,8987,0,0.5008554217973304
2,8988,0,0.5000560741446938
2,8996,0,0.5012222485667537
2,9001,0,0.5003151643871265
2,9008,0,0.5042203772545522
2,9010,0,0.5004030614311304
2,9014,0,0.500248142389138
2,9018,0,0.5000814475034654
2,9019,0,0.5005959283384018
2,9020,0,0.5004203571314384
2,9022,0,0.5001702095928743
2,9044,0,0.5001263224432783
2,9047,0,0.500739681750435
2,9048,0,0.5001845625273653
2,9052,0,0.5000373097635187
2,9062,0,0.5004112240420425
2,9063,0,0.5007872661407122
2,9064,0,0.5009592189998694
2,9074,0,0.5054287261697733
2,9076,0,0.5012430063184874
2,9089,0,0.5003824433513113
2,9090,0,0.5003568313948067
2,9091,0,0.5001841241769426
2,9094,0,0.5009531077791511
2,9095,0,0.5111899839137414
2,9097,0,0.5001109787289392
2,9098,0,0.5020365935584151
2,9102,0,0.5027011119613287
2,9105,0,0.5007399225594142
2,9106,0,0.5004496257827256
2,9113,0,0.501646755012544
2,9116,0,0.5002962365356683
2,9118,0,0.5016253549393923
2,9127,0,0.5041453293972478
2,9130,0,0.5006502009985397
2,9131,0,0.5016426853845837
2,9139,0,0.5000890172712341
2,9152,0,0.500601103647769
2,9156,0,0.5011291387227143
2,9172,0,0.5003514729778796
2,9174,0,0.5001401353995218
2,9178,0,0.5002688480228419
2,9180,0,0.5010083401358901
2,9190,0,0.500111540110374
2,9206,0,0.5002236773215666
2,9209,0,0.5001309299022383
2,9218,0,0.5005029091988322
2,9224,0,0.501595704131163
2,9235,0,0.5000825062020817
2,9249,0,0.5002002403647676
2,9253,0,0.5001043730631467
2,9256,0,0.5076184312792305
2,9259,0,0.5003044954325916
2,9264,0,0.5014649586708143
2,9267,0,0.5008489577076556
2,9270,0,0.5003327893456715
2,9277,0,0.5001616833972803
2,9293,0,0.501804712981456
2,9298,0,0.5009125060301391
2,9302,0,0.5002911164572724
2,9311,0,0.5003624660938687
2,9312,0,0.5005057490851447
2,9314,0,0.5000889095596492
2,9318,0,0.5176261603037797
2,9330,0,0.5000649508670657
2,9331,0,0.5019156400895557
2,9332,0,0.5016801658506601
2,9335,0,0.5005271666549461
2,9343,0,0.500203854488216
2,9344,0,0.5007635554354315
2,9352,0,0.5003086247104757
2,9353,0,0.5002805528716069
2,9355,0,0.5002860583689814
2,9358,0,0.5003978390104417
2,9363,0,0.5000540427676178
2,9367,0,0.5019925327109999
2,9370,0,0.5003424323461075
2,9391,0,0.5012931215294416
2,9402,0,0.5001278443342576
2,9408,0,0.5004393959739413
2,9412,0,0.5001519796818716
2,9413,0,0.5003907077133054
2,9417,0,0.5004793419505958
2,9421,0,0.5002634140226498
2,9422,0,0.5007144872460741
2,9426,0,0.5004052190329675
2,9431,0,0.5009856312245043
2,9437,0,0.5017467917996459
2,9446,0,0.503844668061802
2,9452,0,0.5017877212650643
2,9453,0,0.5005855722815195
2,9457,0,0.5022270822665961
2,9458,0,0.5026083743331902
2,9459,0,0.5009567409113121
2,9464,0,0.5003768700860233
2,9467,0,0.5000569201516565
2,9475,0,0.5006679302848958
2,9477,0,0.5011294287444092
2,9482,0,0.5002917114345987
2,9498,0,0.500325569766436
2,9500,0,0.5054275033283938
2,9501,0,0.5024634226592162
2,9504,0,0.5005215625966836
2,9509,0,0.5110934194490506
2,9510,0,0.5005084526279121
2,9529,0,0.5000993710070462
2,9536,0,0.5003841332159071
2,9541,0,0.500163813902638
2,9543,0,0.501537458413282
2,9547,0,0.5009771618015952
2,9549,0,0.5006288095585995
2,9550,0,0.5061674615649362
2,9560,0,0.5010525056174989
2,9561,0,0.5003423728313637
2,9566,0,0.501846175058401
2,9572,0,0.5073040489184195
2,9577,0,0.5020004988752151
2,9583,0,0.5012559299217866
2,9584,0,0.5043215193767219
2,9590,0,0.5009231555822085
2,9594,0,0.500728093611752
2,9606,0,0.5005195133800707
2,9608,0,0.502251787756226
2,9609,0,0.502111557598466
2,9621,0,0.5002612849205698
2,9627,0,0.5008880439136689
2,9632,0,0.5023513656940347
2,9646,0,0.5010727635613784
2,9648,0,0.5006296457569193
2,9650,0,0.5001129935903201
2,9656,0,0.5002109098737167
2,9666,0,0.5002732366271649
2,9670,0,0.500026572679141
2,9672,0,0.5007288662852354
2,9689,0,0.5000790734135363
2,9696,0,0.5003093795798494
2,9702,0,0.5002598857972899
2,9706,0,0.5013495375027366
2,9707,0,0.5002046166485601
2,9710,0,0.5023720720458921
2,9720,0,0.5018205160813856
2,9727,0,0.5005202709430427
2,9731,0,0.5013909628220703
2,9732,0,0.5003317763488169
2,9740,0,0.5002302126078614
2,9741,0,0.5007379363105557
2,9754,0,0.5030568342460696
2,9765,0,0.5002010460646159
2,9770,0,0.5001769470845429
2,9772,0,0.5019295128436246
2,9774,0,0.5002743382670353
2,9778,0,0.5005653254931608
2,9793,0,0.5020706563811554
2,9799,0,0.5006537718665838
2,9802,0,0.5019847974209126
2,9807,0,0.5004358291552053
2,9815,0,0.5010354302734145
2,9824,0,0.5001683201354782
2,9825,0,0.5003093887142568
2,9826,0,0.5000697966476204
2,9837,0,0.5028457753459648
2,9842,0,0.5003060952898122
2,9852,0,0.5013603992840812
2,9853,0,0.5006435118538685
2,9861,0,0.5009471128065358
2,9863,0,0.50244355286875
2,9866,0,0.5002678193558502
2,9868,0,0.5004321416492493
2,9877,0,0.5004337795570362
2,9881,0,0.5031180346449895
2,9897,0,0.5003139516709114
2,9906,0,0.5011145602508897
2,9913,0,0.5003934135287831
2,9917,0,0.5000833289280763
2,9924,0,0.5035086899459438
2,9927,0,0.5002285405423621
2,9931,0,0.5002891291191459
2,9945,0,0.5008725929431187
2,9965,0,0.5006480647043645
2,9969,0,0.5003133819534642
2,9971,0,0.5016167842941062
2,9990,0,0.5014185016765932
2,9993,0,0.5006889336269247
2,9995,0,0.5003423060411536
2,10006,0,0.5023004029301932
2,10018,0,0.500129888141501
2,10020,0,0.5000908006059659
2,10029,0,0.5006135237964641
2,10033,0,0.5004723730370315
2,10038,0,0.500407096916752
2,10044,0,0.5001307188948781
2,10046,0,0.5002349307533454
2,10050,0,0.5064910319515072
2,10051,0,0.5022195312885406
2,10053,0,0.5000988681901812
2,10058,0,0.5003603433660715
2,10067,0,0.5017795968930345
2,10075,0,0.5006654130059871
2,10084,0,0.5004415383890416
2,10092,0,0.5005166298092641
2,10093,0,0.5001454879555043
2,10103,0,0.5003763344346002
2,10105,0,0.5006690880210386
2,10106,0,0.5004592943404618
2,10116,0,0.5020348436588121
2,10121,0,0.5005592008122776
2,10143,0,0.5004380734026157
2,10146,0,0.500063259161985
2,10147,0,0.5013410659783072
2,10151,0,0.5014179307562342
2,10153,0,0.5001712424790232
2,10158,0,0.5001841533547601
2,10159,0,0.50030962889826
2,10160,0,0.5003770698635486
2,10175,0,0.5025931724881454
2,10192,0,0.5006189627390772
2,10193,0,0.5001906714359521
2,10195,0,0.501121497943357
2,10197,0,0.5136685799824321
2,10204,0,0.5025360514602483
2,10205,0,0.5009537432768151
2,10206,0,0.5002496590161841
2,10215,0,0.500739446148386
2,10219,0,0.5011235959352731
2,10222,0,0.501000439713041
2,10230,0,0.500409531792575
2,10240,0,0.5002362697322256
2,10246,0,0.5015791623237923
2,10249,0,0.5002062852234791
2,10253,0,0.5022543894463993
2,10263,0,0.5003195460125848
2,10272,0,0.5071439017085483
2,10280,0,0.5030097159672043
2,10292,0,0.5013088870018749
2,10294,0,0.5001851697338476
2,10302,0,0.5002739613459047
2,10303,0,0.5017056037153629
2,10305,0,0.5001907813728328
2,10307,0,0.5017205495007458
2,10318,0,0.5003717003282848
2,10327,0,0.5004146329677782
2,10343,0,0.5009407765791885
2,10346,0,0.5003541973864037
2,10352,0,0.500035112191064
2,10354,0,0.5004061734341668
2,10355,0,0.50176673795608
2,10356,0,0.5002471903617336
2,10359,0,0.5011913977193347
2,10367,0,0.5022489502493969
2,10371,0,0.5001482978946161
2,10380,0,0.5006472267538995
2,10387,0,0.500591710105468
2,10388,0,0.5002875612333719
2,10396,0,0.5002261989695996
2,10399,0,0.5004659523356343
2,10403,0,0.5003361166451319
2,10410,0,0.5002505456204847
2,10412,0,0.5002542893392434
2,10413,0,0.5007565131284178
2,10414,0,0.5002590400437257
2,10421,0,0.5041811900564646
2,10425,0,0.5002181715354375
2,10430,0,0.5004966165921886
2,10441,0,0.5006505234869741
2,10446,0,0.5020372780688765
2,10447,0,0.500560539549298
2,10451,0,0.5078652306697122
2,10455,0,0.5015353894941257
2,10457,0,0.5001160914504337
2,10460,0,0.5004624143521564
2,10463,0,0.5002356124413562
2,10468,0,0.5031771327314881
2,10470,0,0.5011742892402942
2,10476,0,0.5005131755027358
2,10485,0,0.5007482673072524
2,10489,0,0.5055233411113618
2,10501,0,0.5016806304316779
2,10503,0,0.5005475206724064
2,10504,0,0.5006143964285151
2,10508,0,0.5003276289536199
2,10509,0,0.5003700692883465
2,10512,0,0.5042325498077568
2,10514,0,0.5006862828031764
2,10516,0,0.5000229585650622
2,10531,0,0.5007067473589493
2,10537,0,0.5000548249489387
2,10540,0,0.5003827264548485
2,10549,0,0.5003023576258454
2,10551,0,0.5012518529041823
2,10552,0,0.500135952756385
2,10556,0,0.5004331986028749
2,10557,0,0.5003963338370687
2,10562,0,0.5005158194064137
2,10571,0,0.5001335979618545
2,10574,0,0.5005110373070754
2,10575,0,0.5003137158698547
2,10578,0,0.5001304776869805
2,10580,0,0.5005868408879717
2,10591,0,0.5003847742170273
2,10600,0,0.5011854733788027
2,10603,0,0.501585564906373
2,10606,0,0.5021638177846145
2,10607,0,0.5004719327600166
2,10608,0,0.5003769189845414
2,10611,0,0.5003367858016123
2,10614,0,0.5005210736374412
2,10616,0,0.5008066635813813
2,10617,0,0.5046760085194989
2,10618,0,0.5004433072492755
2,10635,0,0.5006827964873029
2,10638,0,0.5001330211709805
2,10642,0,0.501264533803619
2,10648,0,0.5004323007758935
2,10649,0,0.5005325109014644
2,10652,0,0.5049064434982825
2,10657,0,0.5009630335564509
2,10663,0,0.5003665586449788
2,10670,0,0.5015036820554027
2,10672,0,0.5009925384043056
2,10676,0,0.5014688962265166
2,10681,0,0.5016414376687843
2,10691,0,0.5008600140400621
2,10693,0,0.5002975346426302
2,10698,0,0.5050082506211212
2,10701,0,0.5002099925343441
2,10715,0,0.5018020376737364
2,10717,0,0.5015423533752872
2,10720,0,0.5004681045661037
2,10727,0,0.5003893052538175
2,10737,0,0.5017304874598001
2,10739,0,0.5001656251129569
2,10742,0,0.5005368365736848
2,10743,0,0.5001458255041356
2,10745,0,0.5005538872922044
2,10750,0,0.5001406297448454
2,10754,0,0.501210490417296
2,10755,0,0.5012618235003027
2,10758,0,0.5005269186945506
2,10763,0,0.5004878538397768
2,10775,0,0.5012659418604914
2,10783,0,0.5014096310190067
2,10784,0,0.5003502505458082
2,10787,0,0.5093608584462693
2,10791,0,0.5007114440680294
2,10793,0,0.5006670452839549
2,10800,0,0.5028570876200169
2,10804,0,0.5004445759623408
2,10823,0,0.5009053097269092
2,10826,0,0.5007660781039672
2,10828,0,0.5002180518453266
2,10834,0,0.5010932611941186
2,10838,0,0.5009624232671911
2,10854,0,0.5007205266601039
2,10856,0,0.5076292092794391
2,10868,0,0.5005230396853577
2,10886,0,0.5002307286370516
2,10890,0,0.5007660833723427
2,10898,0,0.5000168588454114
2,10902,0,0.5004339524492762
2,10903,0,0.5008582278425325
2,10906,0,0.5004430030157239
2,10913,0,0.5018599399518775
2,10915,0,0.5002580331964995
2,10917,0,0.5006508907360997
2,10922,0,0.5041335617645686
2,10938,0,0.5012575668322
2,10942,0,0.5002484465175491
2,10944,0,0.500992335079173
2,10949,0,0.500726907438849
2,10953,0,0.5004163525053252
2,10957,0,0.5005487157148489
2,10959,0,0.5014000685332762
2,10960,0,0.5016552490854089
2,10961,0,0.5036199833567503
2,10963,0,0.5011435220196172
2,10965,0,0.5018580040296665
2,10973,0,0.5000786555866724
2,10975,0,0.5001362949652686
2,10978,0,0.5015712352243821
2,10982,0,0.5010408226004615
2,10986,0,0.5000555708409604
2,10993,0,0.5066343862788937
2,10997,0,0.5001475895950065
2,11018,0,0.5004147985291301
2,11021,0,0.5001823305969355
2,11022,0,0.500111648977635
2,11031,0,0.5019502772757868
2,11055,0,0.5003514115431809
2,11069,0,0.5004260866146834
2,11070,0,0.5005528904774168
2,11071,0,0.500018091612249
2,11072,0,0.500323070716647
2,11073,0,0.5016783570012825
2,11076,0,0.5031464638881744
2,11082,0,0.5004320496882649
2,11093,0,0.5004091234884092
2,11095,0,0.5028951445904902
2,11100,0,0.501282845607773
2,11106,0,0.5007416252931896
2,11109,0,0.5017659298767455
2,11111,0,0.5007666739384293
2,11112,0,0.50306396727882
2,11113,0,0.500095924940478
2,11114,0,0.5009285121710287
2,11121,0,0.5021219827513085
2,11129,0,0.5038490057988249
2,11130,0,0.5002281469860531
2,11134,0,0.5033002610039872
2,11135,0,0.5028188040465319
2,11138,0,0.5018537997497029
2,11140,0,0.5001385632828229
2,11144,0,0.5006699786790583
2,11149,0,0.5100955750970138
2,11150,0,0.5008700585023078
2,11161,0,0.5020572414041315
2,11167,0,0.5016629325577077
2,11168,0,0.5068039012895739
2,11174,0,0.5001136214100244
2,11180,0,0.5024632286964349
2,11184,0,0.5002945161958592
2,11195,0,0.5002407587218719
2,11199,0,0.500241034650908
2,11207,0,0.5066334655540039
2,11208,0,0.5007054762761483
2,11212,0,0.5006227620096628
2,11224,0,0.5009206441668926
2,11225,0,0.5003658259058954
2,11228,0,0.5002519800918699
2,11231,0,0.5001030087088115
2,11233,0,0.5001992766990475
2,11241,0,0.5001287923802337
2,11245,0,0.5001594197819372
2,11246,0,0.500894992719289
2,11248,0,0.5005286079333839
2,11251,0,0.5005627781246513
2,11264,0,0.503159225924151
2,11265,0,0.5000662831832215
2,11273,0,0.5000321210664919
2,11274,0,0.5004272271856588
2,11277,0,0.500693027796393
2,11280,0,0.5029377429561697
2,11283,0,0.5001937791513112
2,11294,0,0.5004718763577656
2,11300,0,0.5006873310944987
2,11303,0,0.5025621566525839
2,11304,0,0.5012550319539572
2,11308,0,0.5001148416299995
2,11316,0,0.5014998371817825
2,11318,0,0.5007498424442202
2,11321,0,0.500403551455017
2,11325,0,0.5001274176078339
2,11330,0,0.5002772400112943
2,11334,0,0.5006132494158303
2,11335,0,0.500783171487162
2,11345,0,0.5003164012228908
2,11348,0,0.5027614254497408
2,11351,0,0.5002892514260135
2,11363,0,0.5006215224779584
2,11369,0,0.5017702117852874
2,11378,0,0.5032212746047581
2,11379,0,0.5005131713178451
2,11394,0,0.500893667065632
2,11397,0,0.5008143405828621
2,11398,0,0.5001608243924093
2,11401,0,0.5002590255647817
2,11402,0,0.5002074980777474
2,11405,0,0.5002016182893428
2,11407,0,0.5002149940050878
2,11413,0,0.5001639225540567
2,11429,0,0.5042432033853154
2,11433,0,0.5000895169502076
2,11440,0,0.504405075476823
2,11442,0,0.5004471954077023
2,11444,0,0.5003619308293163
2,11446,0,0.5001145182295375
2,11453,0,0.5026461298758665
2,11455,0,0.5004545420900892
2,11461,0,0.5018881895813596
2,11463,0,0.5001875547368997
2,11481,0,0.5001683721651345
2,11492,0,0.5018151986209414
2,11499,0,0.5003003093702404
2,11500,0,0.5000684650447854
2,11501,0,0.5022092970319376
2,11503,0,0.5015070281869418
2,11505,0,0.5003948549921174
2,11513,0,0.5039594325883872
2,11522,0,0.5002685918022187
2,11528,0,0.5003338371329931
2,11534,0,0.5008346838835108
2,11535,0,0.5008663373763826
2,11537,0,0.5003156713338667
2,11539,0,0.5001864924627437
2,11549,0,0.5011690210795401
2,11554,0,0.5001255025619954
2,11555,0,0.5000428958645279
2,11560,0,0.5006125205745783
2,11574,0,0.5012466746947511
2,11577,0,0.5003668743094201
2,11578,0,0.5005720917132586
2,11595,0,0.5027939997197023
2,11601,0,0.5009887523091245
2,11606,0,0.500252360621706
2,11616,0,0.5082201270009602
2,11617,0,0.5014109776818656
2,11618,0,0.5002969514702996
2,11620,0,0.5010802357130989
2,11621,0,0.5002751046369517
2,11625,0,0.5001621503363284
2,11634,0,0.5003607233570104
2,11636,0,0.5001763735267388
2,11645,0,0.5000802395879425
2,11651,0,0.5003147178713744
2,11656,0,0.5007508457443736
2,11660,0,0.5000634206092736
2,11661,0,0.5007685407373261
2,11664,0,0.5003202192954581
2,11695,0,0.5002756237650717
2,11705,0,0.5001683599760761
2,11711,0,0.5009095431745734
2,11715,0,0.5008037704690786
2,11720,0,0.5004493510027866
2,11723,0,0.5002629103044584
2,11730,0,0.5008027674858438
2,11733,0,0.5001901055926721
2,11735,0,0.5008189622394832
2,11736,0,0.5001202236320297
2,11739,0,0.5000962289325711
2,11748,0,0.5005203335038798
2,11752,0,0.5010992593801659
2,11754,0,0.5000488786368835
2,11756,0,0.5002263493057798
2,11764,0,0.509230416124711
2,11765,0,0.5012333925612089
2,11768,0,0.5007773197439301
2,11796,0,0.5100692581269832
2,11820,0,0.5001720865856271
2,11827,0,0.5003709341989053
2,11830,0,0.50005756288766
2,11832,0,0.5002346516016186
2,11834,0,0.5002522271362358
2,11839,0,0.5001744044755284
2,11849,0,0.5001553842163324
2,11850,0,0.5001689121190128
2,11854,0,0.5000317182726868
2,11858,0,0.5000466876806399
2,11866,0,0.501505682212414
2,11871,0,0.5000738637772143
2,11877,0,0.500656512810063
2,11880,0,0.5000622248585619
2,11886,0,0.5002558768986126
2,11889,0,0.5001291956738101
2,11893,0,0.5036325931911514
2,11894,0,0.5009412980068569
2,11895,0,0.5034683340682856
2,11904,0,0.5031395644356829
2,11910,0,0.5003282783878844
2,11915,0,0.501508572581883
2,11930,0,0.5002935688279602
2,11937,0,0.5007703027749419
2,11939,0,0.5002634010324242
2,11947,0,0.5037940102024397
2,11948,0,0.500306447032599
2,11956,0,0.5009875699808826
2,11957,0,0.5001514887753402
2,11960,0,0.500343421057542
2,11966,0,0.5007682039908951
2,11975,0,0.5003843939143453
2,11982,0,0.5000946770721999
2,11987,0,0.5040032147514367
2,11997,0,0.5025915616473594
3,623,1,0.5000641882395247
3,1024,1,0.5016293791316895
3,1216,1,0.533137237128536
3,1324,1,0.5022786149641896
3,1327,1,0.5004528521565478
3,1377,1,0.5023099447280935
3,2262,1,0.5004106778333656
3,3180,1,0.5003259025499347
3,3441,1,0.5389966413519376
3,3449,1,0.6094206791111186
3,3857,1,0.5009902651603514
3,4141,1,0.5003958254524775
3,5172,1,0.5007131422628143
3,5186,1,0.5014455578761325
3,5356,1,0.5008720405762302
3,5618,1,0.500445753414881
3,5689,1,0.5011817895945369
3,5790,1,0.5019479743575057
3,5845,1,0.5002630337449518
3,5958,1,0.5016034850548543
3,6114,1,0.5032854787126623
3,6126,1,0.5437824222489032
3,6675,1,0.5005373965898311
3,7077,1,0.5518239545965519
3,7922,1,0.5001007824965017
3,8239,1,0.5004288001615339
3,8301,1,0.5004155981979703
3,8425,1,0.501285599379141
3,8544,1,0.5013268154786604
3,8612,1,0.5006077933329227
3,8688,1,0.5020901156112948
3,8792,1,0.500160381041298
3,8836,1,0.5004652295517693
3,9030,1,0.5008991612820665
3,9512,1,0.5008977668638847
3,9728,1,0.5023310584264242
3,9755,1,0.5002572019061562
3,10037,1,0.500162830054889
3,10325,1,0.5004760278066807
3,10619,1,0.5016516592594742
3,10705,1,0.5010630583144641
3,10726,1,0.5631604999237841
3,10907,1,0.5017117421383975
3,11128,1,0.501025150610746
3,11599,1,0.5003716677299272
3,11761,1,0.5002264413739086
3,11795,1,0.5002102897839403
3,11857,1,0.5223214801246336
3,2,0,0.5002158917974482
3,3,0,0.5016028458640703
3,6,0,0.5003517185930695
3,9,0,0.5003993844365
3,18,0,0.5114923474295955
3,21,0,0.5036553502287164
3,25,0,0.5000660076772371
3,36,0,0.504347120388304
3,37,0,0.5004674522040271
3,42,0,0.5018187644855793
3,43,0,0.5002714201967765
3,44,0,0.5005110574180069
3,46,0,0.500392897978087
3,60,0,0.5001582282154228
3,61,0,0.5021054812723346
3,65,0,0.5000790085084735
3,66,0,0.5001329444954223
3,76,0,0.5001456522166846
3,80,0,0.5020500763790332
3,83,0,0.5024897159656393
3,89,0,0.5003459864332603
3,91,0,0.5001088104684625
3,93,0,0.5007334179393922
3,95,0,0.5018304981680639
3,96,0,0.5001794971708845
3,106,0,0.5001265283266252
3,113,0,0.5138517635852923
3,114,0,0.5001163580610525
3,116,0,0.5052440205217024
3,119,0,0.5002067987924002
3,122,0,0.5000975749868753
3,129,0,0.50075831807095
3,134,0,0.5008140037594195
3,137,0,0.5010706634101657
3,139,0,0.5004815513256335
3,142,0,0.5000612446488311
3,147,0,0.500105050956881
3,160,0,0.500276151235521
3,161,0,0.5006187159320618
3,164,0,0.500024192286709
3,171,0,0.5008787477547464
3,178,0,0.5000762536260844
3,187,0,0.5024241544020572
3,188,0,0.5011191915635925
3,189,0,0.5001456998299854
3,190,0,0.5011358116146373
3,191,0,0.5004131490163589
3,199,0,0.5005027369692977
3,200,0,0.5024638168394757
3,202,0,0.500555315316726
3,207,0,0.5002167067630848
3,208,0,0.5010933403766751
3,211,0,0.5002522561655449
3,214,0,0.5006521012776989
3,223,0,0.5023042970153399
3,228,0,0.5005882924370335
3,231,0,0.5013921601699874
3,236,0,0.5007786793627834
3,239,0,0.5001726790252407
3,241,0,0.5001773409920613
3,245,0,0.5012045874917793
3,246,0,0.5001751261719619
3,259,0,0.5000905279913244
3,277,0,0.5001142774981566
3,281,0,0.5001506702371085
3,300,0,0.5002440245977956
3,321,0,0.5002267510698426
3,325,0,0.5003606938327597
3,328,0,0.5002364155433545
3,331,0,0.5001471642014749
3,335,0,0.5003288149149754
3,336,0,0.500711045606271
3,337,0,0.5002258503519096
3,342,0,0.5136639769730842
3,343,0,0.5117074638392868
3,352,0,0.5010710400391626
3,354,0,0.5006391098455716
3,357,0,0.5001893315153974
3,360,0,0.5003613917260689
3,361,0,0.5001863779614454
3,366,0,0.5005453319109593
3,367,0,0.5005114494731374
3,370,0,0.5005917968903716
3,376,0,0.5022387790699602
3,379,0,0.5029907220948026
3,380,0,0.5002600668954328
3,387,0,0.5000927624314737
3,389,0,0.5035219732740871
3,394,0,0.5004383751702387
3,395,0,0.5022300016876393
3,397,0,0.5032349530194297
3,400,0,0.5016914884859249
3,408,0,0.5011908994390561
3,424,0,0.5028480969622767
3,430,0,0.5010754631708269
3,431,0,0.5001333652618009
3,432,0,0.5005590675898227
3,434,0,0.5003558124786498
3,435,0,0.5017880628465139
3,436,0,0.501665899379712
3,446,0,0.5002679722068236
3,460,0,0.5006435025489926
3,467,0,0.5001368693510878
3,471,0,0.5007131903498289
3,473,0,0.5005621701035065
3,476,0,0.5047525082655114
3,478,0,0.5001914907159982
3,481,0,0.5009813319334255
3,483,0,0.500115170771258
3,486,0,0.5081143639314648
3,494,0,0.5021904258120719
3,503,0,0.5056681049125991
3,504,0,0.5010635064011171
3,505,0,0.5016777665252333
3,507,0,0.500379327474456
3,508,0,0.5003630382606687
3,510,0,0.5004791218214663
3,517,0,0.5018915119946827
3,519,0,0.5002694164899728
3,521,0,0.5032077119727179
3,525,0,0.5002033855938708
3,531,0,0.5008473577150733
3,534,0,0.5002474298750387
3,537,0,0.5030850339340981
3,538,0,0.5003346400765334
3,539,0,0.5039379842159357
3,542,0,0.5002136483307966
3,544,0,0.5005184970926938
3,548,0,0.5004915094006482
3,551,0,0.5000959407137651
3,553,0,0.5002666784454634
3,556,0,0.5003307264361988
3,557,0,0.5036223141113396
3,561,0,0.500498741447479
3,565,0,0.514515553303651
3,570,0,0.5008390687465297
3,573,0,0.5019446041820897
3,574,0,0.5008090549335953
3,575,0,0.500147375690421
3,579,0,0.5006806014868099
3,585,0,0.5002773928841947
3,586,0,0.5016982704835599
3,588,0,0.5003691607023956
3,592,0,0.5011244952728404
3,596,0,0.5022377087312652
3,601,0,0.5000734474173939
3,602,0,0.5001718190130972
3,607,0,0.5015992187117397
3,608,0,0.5002176456224109
3,609,0,0.500699112037313
3,612,0,0.5011694602105841
3,632,0,0.5005944248527523
3,634,0,0.5001017491152735
3,644,0,0.502494544823066
3,670,0,0.5006793030975019
3,673,0,0.5019780811916774
3,674,0,0.5006463093137826
3,675,0,0.5009103646968704
3,679,0,0.5005253858579084
3,684,0,0.5011951356779616
3,691,0,0.5017103067526898
3,693,0,0.5008926822691343
3,704,0,0.5006227114076844
3,708,0,0.5004297325131223
3,715,0,0.5020198088515632
3,719,0,0.5002350509724484
3,724,0,0.5012154410313613
3,726,0,0.5001392566728224
3,737,0,0.5058002747456748
3,739,0,0.5013375339671493
3,746,0,0.5003043851234967
3,747,0,0.5002401920195746
3,748,0,0.5002574096361229
3,750,0,0.5011467824298635
3,751,0,0.5026567044059689
3,757,0,0.5003833387412195
3,759,0,0.5001452459256115
3,761,0,0.5005878728035066
3,767,0,0.5004190056037692
3,770,0,0.5003247822669538
3,775,0,0.500435909880885
3,786,0,0.500052208638697
3,789,0,0.5002060815571463
3,794,0,0.5000972643543633
3,797,0,0.5008125563456952
3,802,0,0.5004558755825876
3,803,0,0.5001541757166377
3,806,0,0.500746513446231
3,811,0,0.5000712263505525
3,819,0,0.5003545024525915
3,824,0,0.5033709776301477
3,827,0,0.5003899645040989
3,831,0,0.5016791816770947
3,832,0,0.5013010745609715
3,833,0,0.5008416118816997
3,835,0,0.5015817679287777
3,849,0,0.5003855119492164
3,850,0,0.5004943279479344
3,852,0,0.5009298508300554
3,858,0,0.5001249257010711
3,860,0,0.5009592504159188
3,866,0,0.5003466490941579
3,874,0,0.5725671786301898
3,887,0,0.5001038784158657
3,890,0,0.5001989522453512
3,900,0,0.500300121668989
3,902,0,0.5002204827333799
3,908,0,0.5007690036643603
3,909,0,0.5013930768848217
3,913,0,0.500335220686092
3,919,0,0.5001911729281637
3,924,0,0.5023812863711379
3,928,0,0.5004765965352372
3,930,0,0.5008597651113087
3,933,0,0.5002329916730898
3,935,0,0.500278109802655
3,937,0,0.5062859399238796
3,939,0,0.5001490602015219
3,948,0,0.503906471685918
3,956,0,0.5026479323332982
3,958,0,0.5018064591709719
3,959,0,0.501752066558548
3,962,0,0.500450300737426
3,964,0,0.500993402047206
3,969,0,0.5013888910951422
3,974,0,0.5006036378347649
3,976,0,0.500149437241716
3,978,0,0.5017552697816063
3,981,0,0.5029227307808269
3,983,0,0.5003704106333645
3,986,0,0.5004421199520632
3,989,0,0.5000918799183182
3,1000,0,0.5001939461770567
3,1001,0,0.500128872348775
3,1004,0,0.5006780462370012
3,1005,0,0.5005155675346954
3,1010,0,0.5005985649355642
3,1016,0,0.5010172478266558
3,1019,0,0.5096772525845276
3,1027,0,0.5002442910880153
3,1033,0,0.5165258045326097
3,1038,0,0.5014404803305947
3,1042,0,0.5013553867266363
3,1054,0,0.5002538872920156
3,1055,0,0.5000484553237216
3,1062,0,0.5012983618369681
3,1065,0,0.5007322157583841
3,1066,0,0.5009184369604289
3,1072,0,0.5015729945821287
3,1077,0,0.5017564067198577
3,1080,0,0.501160747232298
3,1094,0,0.5001349337110038
3,1097,0,0.5000916493193582
3,1101,0,0.5012605554268569
3,1104,0,0.5008460384962654
3,1107,0,0.5002651819275421
3,1117,0,0.500158075114279
3,1123,0,0.5001093608170412
3,1127,0,0.5135100018232222
3,1144,0,0.5016288613458859
3,1151,0,0.5000650841656
3,1156,0,0.5009353605084519
3,1164,0,0.5004526989219535
3,1167,0,0.5003968868576795
3,1171,0,0.5001334996830819
3,1172,0,0.5003456343909426
3,1175,0,0.5053237654037214
3,1182,0,0.5026261426662763
3,1184,0,0.5007482093570151
3,1185,0,0.5028906868471779
3,1191,0,0.5132035790741454
3,1192,0,0.5047718071148689
3,1195,0,0.5049769087651941
3,1198,0,0.5000629819339539
3,1201,0,0.5007985420543867
3,1204,0,0.501834837927768
3,1206,0,0.5006698982457384
3,1208,0,0.5056771709173884
3,1213,0,0.5006237801477051
3,1227,0,0.5008403817600726
3,1230,0,0.5006135284435502
3,1241,0,0.5016333316181735
3,1246,0,0.5006373627692209
3,1247,0,0.5006109634987822
3,1252,0,0.5004364201761191
3,1260,0,0.502044357574591
3,1263,0,0.5002391631976931
3,1268,0,0.5022163756959631
3,1271,0,0.501129646075651
3,1276,0,0.5002326243551222
3,1278,0,0.5007920968427356
3,1279,0,0.5002001756416117
3,1288,0,0.5002021911613359
3,1297,0,0.5008093479837183
3,1313,0,0.5003351270514007
3,1321,0,0.501008188257374
3,1352,0,0.500838838341847
3,1356,0,0.500199885345914
3,1361,0,0.500408403661072
3,1362,0,0.5015377579063884
3,1363,0,0.5007810895518663
3,1364,0,0.5000227878896033
3,1376,0,0.5020563369942521
3,1382,0,0.5005837401042853
3,1383,0,0.5002294621065816
3,1387,0,0.5024142612039619
3,1398,0,0.500183623782522
3,1406,0,0.5014937905514352
3,1411,0,0.5000689529509301
3,1413,0,0.5013383777799324
3,1417,0,0.5001713754553606
3,1420,0,0.5004491357186018
3,1421,0,0.5001028084577717
3,1435,0,0.5001054785663883
3,1436,0,0.5010763185473904
3,1437,0,0.5004244836676159
3,1452,0,0.501966466408584
3,1458,0,0.500066712859685
3,1476,0,0.5000993816987959
3,1485,0,0.5001732823150656
3,1487,0,0.5009893674773348
3,1490,0,0.5012912319615455
3,1491,0,0.5006712930929145
3,1499,0,0.5012180275701842
3,1517,0,0.5001526524061026
3,1519,0,0.5009324534083832
3,1522,0,0.5000990594985316
3,1525,0,0.5001645409311742
3,1530,0,0.5030111507155046
3,1532,0,0.5005804586750194
3,1535,0,0.5001571045062065
3,1539,0,0.5005778270248428
3,1541,0,0.5001918812849774
3,1543,0,0.5015193784044425
3,1544,0,0.5005997810298386
3,1546,0,0.5019228973549176
3,1553,0,0.5008654705069273
3,1560,0,0.5002269130103603
3,1561,0,0.5005332377990899
3,1563,0,0.5010451262219547
3,1568,0,0.5018023573588913
3,1573,0,0.5001996979673639
3,1578,0,0.5013897244853952
3,1595,0,0.5001208165103517
3,1597,0,0.5009227507029252
3,1599,0,0.5001621989252172
3,1600,0,0.5003132394998294
3,1601,0,0.5004130401069701
3,1606,0,0.5036194677229919
3,1608,0,0.5007721838309493
3,1611,0,0.5036195880888151
3,1625,0,0.5005986438838259
3,1632,0,0.501149962779268
3,1635,0,0.5004069900557642
3,1642,0,0.5000700218783789
3,1647,0,0.500681657370206
3,1649,0,0.5008885226881341
3,1652,0,0.5003708042805655
3,1653,0,0.5002187248474933
3,1659,0,0.5013073067343932
3,1662,0,0.5038544711851067
3,1664,0,0.5011162995410827
3,1691,0,0.5006431070653046
3,1704,0,0.5010075532083782
3,1707,0,0.5000519426705003
3,1710,0,0.5001289161593667
3,1717,0,0.5001181867022381
3,1718,0,0.500727430473964
3,1739,0,0.5026701799093904
3,1742,0,0.502508833997886
3,1748,0,0.500461637715823
3,1756,0,0.5003908761449247
3,1760,0,0.5003276108124131
3,1761,0,0.5012940708889494
3,1762,0,0.504088743034752
3,1770,0,0.5000348597152133
3,1774,0,0.5001889226338069
3,1776,0,0.5004932910944447
3,1786,0,0.501554136904684
3,1791,0,0.501300145930237
3,1792,0,0.5005355612971608
3,1797,0,0.5009002853467315
3,1799,0,0.5037659768358514
3,1802,0,0.5002332315991095
3,1808,0,0.5021533607003383
3,1810,0,0.5001679984186005
3,1818,0,0.500487104925851
3,1822,0,0.5003388936341203
3,1826,0,0.5010307677524235
3,1828,0,0.5007170048957921
3,1840,0,0.5003455989058914
3,1849,0,0.5002474583125505
3,1858,0,0.5007602103473047
3,1863,0,0.500148637287331
3,1865,0,0.5006535925445218
3,1873,0,0.5023012796344402
3,1874,0,0.5008851290568846
3,1875,0,0.5011391747254673
3,1880,0,0.5004295397636305
3,1882,0,0.500286372772277
3,1886,0,0.5000501194065142
3,1887,0,0.5041121542864867
3,1896,0,0.5002967761607449
3,1898,0,0.5001166521771064
3,1915,0,0.5001227642599775
3,1923,0,0.5001726997465475
3,1926,0,0.5007741356822435
3,1927,0,0.5041403321246392
3,1930,0,0.500208886603093
3,1936,0,0.5002228275673163
3,1940,0,0.5006633289438494
3,1942,0,0.5019053345001333
3,1943,0,0.5081090900415306
3,1949,0,0.5001300214116415
3,1951,0,0.500822693269634
3,1956,0,0.5029089963232487
3,1958,0,0.501819948659111
3,1960,0,0.5009510852553595
3,1961,0,0.5001666843821339
3,1972,0,0.5001650177081396
3,1978,0,0.5000874775892464
3,1980,0,0.5000618533596628
3,1984,0,0.5013342408481001
3,1987,0,0.5131685492859898
3,1990,0,0.502538979249898
3,1996,0,0.5002448435756314
3,1998,0,0.5014335650335677
3,2001,0,0.5006417947423258
3,2013,0,0.500099920820631
3,2014,0,0.5040308548721883
3,2020,0,0.5020178455265971
3,2025,0,0.505156498137284
3,2026,0,0.5014074879216326
3,2028,0,0.5035660971084416
3,2033,0,0.5004555762205147
3,2034,0,0.5005023073856492
3,2044,0,0.5003896523823393
3,2050,0,0.5009172241879877
3,2051,0,0.5002392447279408
3,2062,0,0.5015929422481129
3,2065,0,0.501706752486345
3,2069,0,0.5004807837898128
3,2074,0,0.5006823838974823
3,2075,0,0.5010440529787915
3,2079,0,0.5039503194290229
3,2082,0,0.5002694963366184
3,2083,0,0.500964235326544
3,2106,0,0.5014990786628885
3,2118,0,0.5005570819520199
3,2123,0,0.5017369130140817
3,2126,0,0.500156908204147
3,2127,0,0.5004550819345954
3,2128,0,0.5005730487393446
3,2129,0,0.5008345590989164
3,2135,0,0.5003085654313255
3,2136,0,0.500103169881216
3,2140,0,0.5005817151097096
3,2158,0,0.5002492008350244
3,2162,0,0.5008785995968643
3,2175,0,0.5028724226162794
3,2180,0,0.5004114400830256
3,2187,0,0.5005214322904875
3,2190,0,0.5012361005375482
3,2193,0,0.5010396752034739
3,2195,0,0.5002060452394321
3,2210,0,0.5002841466687007
3,2223,0,0.5002315442835473
3,2225,0,0.5074963354849226
3,2229,0,0.5000434887733548
3,2234,0,0.5000957228664574
3,2235,0,0.5002990037703153
3,2238,0,0.5010561611315258
3,2247,0,0.5004993561200227
3,2261,0,0.5005889337088976
3,2271,0,0.500172800744023
3,2274,0,0.5009113609269227
3,2282,0,0.5009913204250418
3,2287,0,0.5007478858640637
3,2289,0,0.5007819741449683
3,2291,0,0.5131612488292154
3,2300,0,0.5004254132142348
3,2308,0,0.5002740416932213
3,2320,0,0.5001815701706152
3,2325,0,0.500348996105366
3,2340,0,0.500362924844373
3,2347,0,0.5004499712076794
3,2349,0,0.5008164888074533
3,2351,0,0.5002586102512431
3,2354,0,0.5190062312372694
3,2356,0,0.5012602766544664
3,2361,0,0.5002758784955775
3,2362,0,0.5003586662180836
3,2363,0,0.5000834968562232
3,2378,0,0.5019718669962103
3,2385,0,0.5008149741303891
3,2400,0,0.5004870562321017
3,2408,0,0.5013538562073743
3,2421,0,0.5003728882161154
3,2428,0,0.5003211600526397
3,2429,0,0.5001725451677698
3,2433,0,0.501254640901189
3,2447,0,0.5024208032781421
3,2449,0,0.5002891913817484
3,2458,0,0.500753595166507
3,2459,0,0.50020228632491
3,2461,0,0.5024194841012706
3,2472,0,0.5005636156077989
3,2477,0,0.5014891221905212
3,2479,0,0.5002181238848566
3,2484,0,0.5031294192186558
3,2487,0,0.500185863085233
3,2495,0,0.5000829836878675
3,2515,0,0.5002643114033408
3,2518,0,0.5001318421695744
3,2520,0,0.5007990161666964
3,2533,0,0.50099581188152
3,2535,0,0.500523566572671
3,2542,0,0.5004152354112689
3,2551,0,0.500785994188274
3,2569,0,0.5003311015600826
3,2573,0,0.5002566197031951
3,2590,0,0.5001907952687434
3,2592,0,0.5002502756942673
3,2603,0,0.5002296096347444
3,2608,0,0.5004383407235334
3,2609,0,0.5005588147825217
3,2612,0,0.5013416545975782
3,2622,0,0.5002186856626979
3,2627,0,0.5007865025959533
3,2633,0,0.5003012382041991
3,2638,0,0.5011524070327756
3,2639,0,0.5002104446136466
3,2642,0,0.5000780050887639
3,2645,0,0.5007067619501361
3,2648,0,0.5046843208769017
3,2649,0,0.5002635609909452
3,2658,0,0.5006975557242904
3,2662,0,0.5003071731839757
3,2666,0,0.501271188241769
3,2668,0,0.5001300125825873
3,2673,0,0.5002582977255763
3,2680,0,0.5000347163693035
3,2687,0,0.5006359591649593
3,2696,0,0.5001490015107959
3,2700,0,0.5026634428980246
3,2705,0,0.5011472256542755
3,2711,0,0.5011673820850722
3,2714,0,0.5004731778825164
3,2719,0,0.5016091358519492
3,2721,0,0.5007643943492981
3,2723,0,0.5006859620878565
3,2727,0,0.5002173992315421
3,2729,0,0.5001287076382548
3,2731,0,0.50231323158639
3,2733,0,0.5003028383696242
3,2734,0,0.5003690953811577
3,2736,0,0.5059235688869184
3,2737,0,0.500257007890817
3,2740,0,0.5021818542252738
3,2748,0,0.5003659516502059
3,2751,0,0.5002087921031116
3,2756,0,0.5006200394488984
3,2759,0,0.5005938807344975
3,2779,0,0.5028229084988401
3,2782,0,0.5022869956478458
3,2786,0,0.5021714182586944
3,2789,0,0.5006796961520492
3,2801,0,0.5007177585897707
3,2812,0,0.5002202196316337
3,2814,0,0.5033894232095594
3,2815,0,0.5000497858963634
3,2823,0,0.5006404904760736
3,2828,0,0.5016250040098349
3,2835,0,0.5014246368579867
3,2848,0,0.5001644362024936
3,2860,0,0.5010416973221762
3,2862,0,0.5032938838937817
3,2869,0,0.5006128008105761
3,2870,0,0.5000728293959117
3,2888,0,0.50025094988304
3,2896,0,0.5007841594850523
3,2897,0,0.5027371163076283
3,2899,0,0.5008605415733026
3,2900,0,0.5018204295707532
3,2903,0,0.5030771597780981
3,2904,0,0.5023781981353433
3,2907,0,0.5009102905122842
3,2919,0,0.5009137530630814
3,2922,0,0.5000635996740589
3,2926,0,0.5002338370971547
3,2933,0,0.5011002335179008
3,2938,0,0.5001412280748766
3,2939,0,0.5001684510860867
3,2942,0,0.5002905870471918
3,2943,0,0.5018920698650515
3,2953,0,0.500457702478169
3,2954,0,0.5000889399466739
3,2965,0,0.5003448824181993
3,2968,0,0.5066897973642112
3,2973,0,0.5005714775953539
3,2978,0,0.5001658853393127
3,2982,0,0.5004021939631942
3,2983,0,0.5016847162009807
3,2988,0,0.5002407236441202
3,3000,0,0.5009734860401418
3,3008,0,0.5011685486977073
3,3013,0,0.5003058062737145
3,3014,0,0.500985094820229
3,3023,0,0.500296117525978
3,3025,0,0.5002016524071867
3,3035,0,0.5000916819005765
3,3037,0,0.5015329459409725
3,3038,0,0.5028924777530445
3,3045,0,0.5000352992034043
3,3053,0,0.5008685966759411
3,3058,0,0.5067048213208498
3,3059,0,0.501408130444112
3,3064,0,0.5009924371400798
3,3070,0,0.5015410773797192
3,3081,0,0.5022871789183406
3,3085,0,0.5000608559285149
3,3092,0,0.5015152404466611
3,3093,0,0.5004678303975121
3,3094,0,0.5018144363845126
3,3095,0,0.5012474930490469
3,3103,0,0.5012768436160369
3,3105,0,0.5007848605071251
3,3107,0,0.50040617506646
3,3115,0,0.5017685334004586
3,3116,0,0.5001409694963187
3,3120,0,0.5014080661983747
3,3122,0,0.5003003947523811
3,3127,0,0.5000597503564799
3,3128,0,0.5011101432716184
3,3130,0,0.50052768413536
3,3133,0,0.5009732329085738
3,3138,0,0.5005259955239444
3,3141,0,0.5010860100835189
3,3142,0,0.500211379292325
3,3146,0,0.5005503468230976
3,3147,0,0.5002888784045182
3,3149,0,0.5002775560506421
3,3161,0,0.5005264999962289
3,3162,0,0.5000482929478585
3,3165,0,0.5000428917590628
3,3168,0,0.50259479165508
3,3174,0,0.5002365521268469
3,3176,0,0.5001197826135327
3,3182,0,0.5003985565193526
3,3188,0,0.5034877140592101
3,3190,0,0.5017649085703076
3,3199,0,0.5021725113148132
3,3209,0,0.5003069531889641
3,3211,0,0.5001422139971711
3,3213,0,0.5001363633038363
3,3215,0,0.5002048285214492
3,3220,0,0.5077702957683696
3,3223,0,0.5021017217855472
3,3234,0,0.5001439459252247
3,3242,0,0.500352888539292
3,3243,0,0.5001788248156169
3,3247,0,0.5002057356547184
3,3251,0,0.5000905506977473
3,3252,0,0.500297056696821
3,3258,0,0.5013563066024935
3,3259,0,0.5009091721089826
3,3282,0,0.5002291504756124
3,3286,0,0.5002278555991992
3,3290,0,0.5028700182379604
3,3295,0,0.50058297390009
3,3300,0,0.501518894981198
3,3303,0,0.5006253215538086
3,3305,0,0.5001318623475147
3,3319,0,0.5005008008672797
3,3328,0,0.5000727950896964
3,3340,0,0.5009790602367262
3,3341,0,0.5008881454315268
3,3342,0,0.5007240313300193
3,3347,0,0.5004310796318928
3,3348,0,0.501688572602884
3,3350,0,0.5002235646911812
3,3367,0,0.5005562630029337
3,3372,0,0.5013071457866877
3,3375,0,0.5005720531876082
3,3379,0,0.5013554596692132
3,3389,0,0.5074837349180285
3,3397,0,0.5009846528661052
3,3399,0,0.5001822590785927
3,3400,0,0.5002325901747039
3,3408,0,0.5002474581449663
3,3416,0,0.5003573867251663
3,3419,0,0.5021075024728147
3,3424,0,0.5009958785166061
3,3426,0,0.5008994991318357
3,3438,0,0.5001887033930473
3,3444,0,0.5008699003575331
3,3455,0,0.501854728599631
3,3464,0,0.5004965903522687
3,3470,0,0.5054867840084057
3,3472,0,0.5002025821108035
3,3474,0,0.5018159292031767
3,3476,0,0.5003664686591504
3,3487,0,0.5016698000475885
3,3497,0,0.5004193659473567
3,3501,0,0.5004615616535887
3,3513,0,0.5012168018171537
3,3520,0,0.5000469882062912
3,3522,0,0.5006334383262269
3,3533,0,0.5084551859140096
3,3539,0,0.5116999650233045
3,3540,0,0.5002162851750033
3,3548,0,0.5003375750508753
3,3556,0,0.5001460387109554
3,3558,0,0.5001564245748236
3,3559,0,0.50205857952423
3,3562,0,0.5012323472849993
3,3565,0,0.5029719056072566
3,3575,0,0.5001927395734893
3,3594,0,0.5069324312828652
3,3596,0,0.5008894750905852
3,3605,0,0.5000233440014243
3,3610,0,0.5000863150995318
3,3613,0,0.500154590890768
3,3614,0,0.5006608482066455
3,3623,0,0.5010466385739412
3,3630,0,0.5001373146817576
3,3631,0,0.5003148993805938
3,3638,0,0.501167233917851
3,3641,0,0.5008036198826671
3,3643,0,0.5001250151548826
3,3651,0,0.5002630860446718
3,3655,0,0.5104272362770298
3,3656,0,0.5001614262278647
3,3663,0,0.5002787535290455
3,3665,0,0.5017175075162978
3,3670,0,0.5001316303004927
3,3679,0,0.5010257716726104
3,3691,0,0.5012646036518448
3,3692,0,0.5003791622227135
3,3694,0,0.5007684505107115
3,3699,0,0.50012796842013
3,3703,0,0.5001534486785785
3,3709,0,0.5001732129282113
3,3727,0,0.5004543115066792
3,3741,0,0.5003772480392241
3,3754,0,0.5001599138137665
3,3756,0,0.501108763699546
3,3765,0,0.5056885874780783
3,3768,0,0.5020558790357293
3,3771,0,0.5005441488961281
3,3772,0,0.5010363225597981
3,3774,0,0.5001963783358174
3,3780,0,0.5004170636101345
3,3792,0,0.5017161410160187
3,3796,0,0.5003985771748376
3,3807,0,0.5014102264115884
3,3815,0,0.5013132561933396
3,3816,0,0.5068821774959207
3,3818,0,0.502024652207515
3,3830,0,0.5043529432856758
3,3836,0,0.5017348412465564
3,3847,0,0.5008924572861204
3,3853,0,0.500070617322183
3,3859,0,0.5008312287720927
3,3860,0,0.5105829441289059
3,3866,0,0.5015334831389425
3,3870,0,0.5034203167318851
3,3871,0,0.5004073041997134
3,3875,0,0.5009023148959209
3,3877,0,0.5010151482384858
3,3881,0,0.5009476316093813
3,3883,0,0.5016877336849725
3,3884,0,0.5003239567414146
3,3888,0,0.500415210409275
3,3890,0,0.5007878379150774
3,3900,0,0.5002527954086281
3,3907,0,0.5001606646487955
3,3912,0,0.5018027404069137
3,3917,0,0.5002834410290808
3,3919,0,0.502138614210582
3,3938,0,0.5005525688934674
3,3940,0,0.5002711209303764
3,3945,0,0.5054995988566111
3,3949,0,0.5001987626819263
3,3955,0,0.5005327719804055
3,3960,0,0.5089540266938544
3,3961,0,0.5002776291276578
3,3963,0,0.5010074297772518
3,3964,0,0.5032520106731969
3,3965,0,0.5012598359889652
3,3966,0,0.5001160800458802
3,3972,0,0.5001295252843454
3,3986,0,0.5006898647076728
3,3991,0,0.5001357875636376
3,3999,0,0.5009229269118053
3,4003,0,0.5005446821025579
3,4012,0,0.500251191509126
3,4024,0,0.5016056607803393
3,4028,0,0.5001349384088479
3,4045,0,0.5017423962048023
3,4049,0,0.5008214703851581
3,4051,0,0.5012101407804922
3,4052,0,0.5003436123025976
3,4056,0,0.5011170053475954
3,4061,0,0.5002992989290512
3,4067,0,0.5002513584073045
3,4088,0,0.5004254387616907
3,4089,0,0.5004462877963085
3,4090,0,0.5001196111418014
3,4099,0,0.5007196454726242
3,4106,0,0.5005920278472843
3,4117,0,0.5002952249293748
3,4120,0,0.5002984987703721
3,4121,0,0.5003765938803935
3,4128,0,0.5013706598401592
3,4140,0,0.5061775849300777
3,4143,0,0.500514795154243
3,4145,0,0.5001848583308203
3,4157,0,0.5002446386580643
3,4158,0,0.5001158376168331
3,4159,0,0.500189773751097
3,4172,0,0.501232505652756
3,4180,0,0.5002429144256341
3,4181,0,0.5008219263359692
3,4189,0,0.5005388206713726
3,4195,0,0.5002592034271474
3,4199,0,0.5002776126056185
3,4205,0,0.5004701635737654
3,4208,0,0.5010359169592801
3,4210,0,0.5004979678505656
3,4213,0,0.5390106107499688
3,4222,0,0.5001561407282011
3,4231,0,0.5007629114183269
3,4234,0,0.500690261896281
3,4238,0,0.5001999688723157
3,4241,0,0.5002748397465786
3,4245,0,0.5009969968986425
3,4249,0,0.5009416114880441
3,4253,0,0.5018081976113276
3,4257,0,0.5001805228330581
3,4261,0,0.5004359495542274
3,4262,0,0.5010849022793457
3,4269,0,0.5020824755994994
3,4274,0,0.5001002797913009
3,4282,0,0.5008276441754188
3,4292,0,0.5009093383101695
3,4296,0,0.5005770827474132
3,4297,0,0.5005333333419026
3,4298,0,0.5006768958089133
3,4301,0,0.5046189726430327
3,4302,0,0.5000854364932347
3,4306,0,0.5006205830187677
3,4307,0,0.5000980519870961
3,4309,0,0.5006977662414094
3,4315,0,0.5014576277016725
3,4323,0,0.5008560536935419
3,4324,0,0.5002514013989559
3,4328,0,0.5039482583625609
3,4339,0,0.5043719740611511
3,4342,0,0.5001704997201452
3,4347,0,0.5002997657385576
3,4349,0,0.5034009177072172
3,4350,0,0.501620059516634
3,4354,0,0.5006955763854047
3,4360,0,0.5018705377784897
3,4365,0,0.5009845286770002
3,4368,0,0.5001536008606141
3,4376,0,0.5006082429922053
3,4391,0,0.5011387269696578
3,4393,0,0.5002718078924351
3,4404,0,0.5007121917850306
3,4406,0,0.5010790942528076
3,4409,0,0.5002199847890346
3,4413,0,0.5003828105651599
3,4423,0,0.5022748608235557
3,4429,0,0.5020822958427722
3,4431,0,0.5005077876727531
3,4435,0,0.5002380218474094
3,4451,0,0.5024734555539461
3,4453,0,0.5000311541375912
3,4461,0,0.500927348873013
3,4469,0,0.5011813835796091
3,4473,0,0.5002214943738754
3,4482,0,0.5001731685106209
3,4488,0,0.5005122231494951
3,4514,0,0.5016514064498862
3,4517,0,0.5000376121021016
3,4531,0,0.5018025961257652
3,4558,0,0.5001177394357436
3,4569,0,0.5011051709360652
3,4572,0,0.5001886605028886
3,4574,0,0.5009751968154823
3,4594,0,0.5004538067263695
3,4596,0,0.5006609195478231
3,4601,0,0.5004739120574099
3,4615,0,0.5003715983405018
3,4616,0,0.500112556211062
3,4636,0,0.5001991541356835
3,4637,0,0.5012196426873984
3,4640,0,0.5002138923591221
3,4648,0,0.5003501405280806
3,4656,0,0.5036477489355593
3,4657,0,0.500216491547002
3,4658,0,0.5001409464360757
3,4668,0,0.5000474684980549
3,4669,0,0.5003662444217358
3,4670,0,0.5000685253598199
3,4673,0,0.502013793349532
3,4675,0,0.5005614837414594
3,4688,0,0.5002594655228062
3,4702,0,0.5004756417619968
3,4707,0,0.5007304704601457
3,4714,0,0.5032161050964337
3,4739,0,0.5028619730230687
3,4741,0,0.5008455915574818
3,4745,0,0.5005483984028314
3,4748,0,0.5001160587026431
3,4761,0,0.5021689160260477
3,4768,0,0.5064973214202763
3,4769,0,0.5003566770340736
3,4777,0,0.5026457198039989
3,4778,0,0.5003143153514117
3,4785,0,0.5012334124892915
3,4786,0,0.5003290568518813
3,4793,0,0.5013899947757977
3,4799,0,0.5000444685317511
3,4800,0,0.5007236614314007
3,4802,0,0.5002056048995112
3,4805,0,0.5006113955143943
3,4810,0,0.5006340313748365
3,4816,0,0.5001156060937202
3,4818,0,0.5046767319670481
3,4822,0,0.5005437555927172
3,4827,0,0.5006596188042434
3,4845,0,0.5002495138749216
3,4848,0,0.5002684389417743
3,4850,0,0.5002516823052052
3,4860,0,0.5089687404179739
3,4873,0,0.5002742226810051
3,4878,0,0.500261882878539
3,4884,0,0.5016141753744451
3,4885,0,0.508654611031766
3,4890,0,0.50058456337955
3,4896,0,0.5008761733587753
3,4898,0,0.5009453661185149
3,4910,0,0.5004268144316351
3,4912,0,0.5005576620780017
3,4918,0,0.5001828428717219
3,4921,0,0.5002239529855965
3,4922,0,0.5004034889740201
3,4928,0,0.5099326118000839
3,4929,0,0.5004378902600302
3,4934,0,0.50190840915286
3,4935,0,0.5003039385334627
3,4941,0,0.5023392152657555
3,4946,0,0.508451175531794
3,4950,0,0.5000550917176549
3,4953,0,0.5006225077397628
3,4961,0,0.5008280987013567
3,4964,0,0.5011060468470243
3,4968,0,0.5004115591744245
3,4975,0,0.5007658310142087
3,4982,0,0.5052475943982453
3,4989,0,0.5001295266129556
3,4991,0,0.5020318644562449
3,4993,0,0.5057387269029207
3,4999,0,0.5000691058056683
3,5002,0,0.5000872774444625
3,5007,0,0.5005496818764072
3,5012,0,0.5007253519392612
3,5019,0,0.5007930914518846
3,5025,0,0.5005806973655088
3,5032,0,0.5018657468749059
3,5053,0,0.5022780423096317
3,5057,0,0.5002956730221971
3,5070,0,0.5017453350871139
3,5075,0,0.5002358192325717
3,5076,0,0.5001117816202619
3,5079,0,0.5005250928973375
3,5098,0,0.5001017065892442
3,5100,0,0.5009826214618286
3,5113,0,0.5001443887085782
3,5114,0,0.5004770398794206
3,5120,0,0.5017980015969364
3,5122,0,0.5004357609491362
3,5126,0,0.5004461230448912
3,5139,0,0.5001397119867501
3,5151,0,0.5005513299560094
3,5155,0,0.5004007026454043
3,5160,0,0.5005404943393358
3,5163,0,0.5005520960024092
3,5169,0,0.5005177081252979
3,5176,0,0.5002351083873433
3,5182,0,0.5008070571617936
3,5189,0,0.5001090719770078
3,5194,0,0.5001095830594705
3,5195,0,0.5003260924333881
3,5202,0,0.5000836825055861
3,5204,0,0.5013396054410004
3,5215,0,0.5002165648454149
3,5220,0,0.5098929348955761
3,5231,0,0.5009339176972374
3,5234,0,0.5000659755593097
3,5238,0,0.5007996436754316
3,5256,0,0.5002239445136167
3,5258,0,0.5013768412349043
3,5259,0,0.5000376843219874
3,5260,0,0.5004940365175465
3,5268,0,0.5004184773555688
3,5269,0,0.5004788070965202
3,5288,0,0.5016014783812623
3,5291,0,0.5000569833158173
3,5292,0,0.5002195173269972
3,5307,0,0.5001659649660165
3,5310,0,0.5005062492344269
3,5316,0,0.5007798937363089
3,5317,0,0.5006667742483372
3,5320,0,0.5002704288846427
3,5331,0,0.5008130146796357
3,5332,0,0.5002543380868889
3,5334,0,0.5003161533811542
3,5335,0,0.5007041183492602
3,5340,0,0.502651884840288
3,5348,0,0.5001621748222067
3,5349,0,0.5006088045299979
3,5352,0,0.5030106740901565
3,5354,0,0.5005988063206509
3,5355,0,0.5007729073806434
3,5363,0,0.500204548774272
3,5367,0,0.500213886213757
3,5372,0,0.5010376101647042
3,5373,0,0.50020670047231
3,5376,0,0.5001479984742738
3,5380,0,0.5002355360897777
3,5381,0,0.5016369698779174
3,5383,0,0.5005493518399808
3,5392,0,0.5000585917814981
3,5405,0,0.5003462969107088
3,5418,0,0.5003208540744131
3,5421,0,0.5010489658196076
3,5427,0,0.5002395377945594
3,5433,0,0.5004511052392361
3,5439,0,0.5008174673113639
3,5448,0,0.5001399358507415
3,5449,0,0.5004585313973579
3,5453,0,0.5016420010162584
3,5456,0,0.5898251545981366
3,5464,0,0.5007562761451378
3,5472,0,0.5012324310684559
3,5476,0,0.5014234641698858
3,5479,0,0.5007327079377315
3,5481,0,0.5020760345654857
3,5483,0,0.5001370768880555
3,5489,0,0.5006194382587495
3,5508,0,0.5015962633693358
3,5519,0,0.5011980088281055
3,5526,0,0.5011886215144175
3,5530,0,0.50173472006264
3,5533,0,0.5013307918927338
3,5534,0,0.5003049241405786
3,5535,0,0.5002079719097428
3,5536,0,0.5002367497684125
3,5537,0,0.5002989558658532
3,5539,0,0.5002580593510113
3,5545,0,0.5018561125586605
3,5546,0,0.5001594672047278
3,5547,0,0.5016037944390728
3,5556,0,0.5050879243707559
3,5559,0,0.5004889176609559
3,5564,0,0.5004866970272416
3,5566,0,0.5012079030416471
3,5567,0,0.5001731536587574
3,5571,0,0.5010881189625621
3,5572,0,0.5005821410993752
3,5582,0,0.5004913405912027
3,5593,0,0.5001505986997381
3,5594,0,0.5001103714685244
3,5604,0,0.5002488790156098
3,5607,0,0.5017123815496541
3,5608,0,0.5001931688980867
3,5619,0,0.501351304632636
3,5625,0,0.501385747546199
3,5626,0,0.5024193498464354
3,5633,0,0.5003006664042428
3,5638,0,0.5007362621155818
3,5644,0,0.5002276684403456
3,5646,0,0.5012691590704987
3,5647,0,0.5039359146403781
3,5655,0,0.5005585262039671
3,5660,0,0.5000347529663405
3,5664,0,0.5003361887129892
3,5668,0,0.5001496227670684
3,5671,0,0.5005588387044816
3,5675,0,0.5008962777115676
3,5676,0,0.5004000343679875
3,5678,0,0.5002210629326382
3,5681,0,0.5004969689757109
3,5687,0,0.5011282562168036
3,5688,0,0.5003688071774433
3,5704,0,0.5003451593429864
3,5705,0,0.500313697185786
3,5707,0,0.5009650234429813
3,5712,0,0.5030675987132012
3,5717,0,0.5003291910509442
3,5719,0,0.5001674125494987
3,5721,0,0.5012255429915825
3,5724,0,0.5001978074094411
3,5731,0,0.5001419411605793
3,5733,0,0.5017396014257087
3,5746,0,0.5005980258516941
3,5757,0,0.5020165979611116
3,5758,0,0.5007888015779981
3,5761,0,0.5001506719020545
3,5768,0,0.5012861863541637
3,5769,0,0.5018511129862798
3,5784,0,0.5017402627708752
3,5795,0,0.5008086904798823
3,5802,0,0.5007849615694365
3,5805,0,0.5002474522670567
3,5807,0,0.5002905161798917
3,5813,0,0.5004639937224176
3,5818,0,0.5007810728565594
3,5848,0,0.5020430894847164
3,5850,0,0.500634898392187
3,5854,0,0.5008815082154421
3,5860,0,0.5005743777749772
3,5865,0,0.502207453561571
3,5867,0,0.5012793073321581
3,5878,0,0.5009726040759617
3,5882,0,0.5000764704308313
3,5891,0,0.5000278759889442
3,5902,0,0.5001438592391912
3,5905,0,0.5005864548593228
3,5908,0,0.5001126845213
3,5912,0,0.5004754628553019
3,5914,0,0.5020511033659697
3,5915,0,0.5017097701074642
3,5921,0,0.5000503528780318
3,5922,0,0.5012929131683808
3,5927,0,0.5013023667308805
3,5944,0,0.5042817432455617
3,5945,0,0.500982447487431
3,5955,0,0.502105150359307
3,5956,0,0.5008240826510573
3,5962,0,0.5007970953345352
3,5967,0,0.5002406837106763
3,5968,0,0.50071043488553
3,5982,0,0.5001393973823428
3,5987,0,0.5011944415567358
3,5994,0,0.5001271157868549
3,6002,0,0.5012618309128162
3,6003,0,0.5002845494318575
3,6008,0,0.5002384505606666
3,6023,0,0.5000410729047258
3,6026,0,0.5024065008065147
3,6031,0,0.5005333616232149
3,6035,0,0.5003118080201137
3,6041,0,0.5028177309431311
3,6045,0,0.5001093608744763
3,6046,0,0.5000829972954954
3,6050,0,0.5002307395262237
3,6058,0,0.5002615186754245
3,6060,0,0.5002202044217164
3,6066,0,0.5001421879483635
3,6071,0,0.501633643463747
3,6081,0,0.5007036340804547
3,6087,0,0.5010546775910873
3,6088,0,0.5004712691500026
3,6096,0,0.5003001581171913
3,6097,0,0.5119683351811644
3,6105,0,0.5021010990309144
3,6109,0,0.5008524308679659
3,6118,0,0.5007052743736129
3,6129,0,0.5000314457823256
3,6130,0,0.5079844737074873
3,6137,0,0.5004956749904222
3,6142,0,0.5002816000299329
3,6156,0,0.5021220578899737
3,6164,0,0.5004352751281792
3,6166,0,0.5020689988786688
3,6176,0,0.5003357061923301
3,6177,0,0.5003724177818896
3,6182,0,0.5004552375878167
3,6189,0,0.5008854611548792
3,6199,0,0.5005271170234198
3,6201,0,0.5001568435286349
3,6206,0,0.5000588661307516
3,6207,0,0.5000882989193052
3,6208,0,0.5018465040811205
3,6212,0,0.5001367520892124
3,6216,0,0.5002284375551556
3,6218,0,0.5001001165268806
3,6226,0,0.5004593211018463
3,6229,0,0.5002055920010072
3,6231,0,0.5034630777059383
3,6235,0,0.5037430231835869
3,6238,0,0.5002272560764108
3,6242,0,0.5001883824415765
3,6244,0,0.5006822956116443
3,6246,0,0.5004615922181384
3,6248,0,0.5012349469751253
3,6253,0,0.5001204049897708
3,6263,0,0.5027787467981056
3,6266,0,0.5009560845909989
3,6267,0,0.5006485543028413
3,6268,0,0.5014307817874313
3,6271,0,0.5002848345861319
3,6276,0,0.5009202426824159
3,6282,0,0.5002125824971819
3,6285,0,0.5002846469716269
3,6289,0,0.500536479660213
3,6309,0,0.5001250103492098
3,6314,0,0.502017426823215
3,6326,0,0.5035970447221644
3,6341,0,0.5003849788504028
3,6343,0,0.5002611278532216
3,6352,0,0.500192406092594
3,6354,0,0.5000863122806795
3,6363,0,0.5006503870234579
3,6367,0,0.5005193998294778
3,6368,0,0.5007406013368626
3,6370,0,0.5002524515061437
3,6374,0,0.5017375548170216
3,6375,0,0.5012236217507198
3,6381,0,0.5002405359216446
3,6394,0,0.5001642168220296
3,6397,0,0.5003679696821843
3,6402,0,0.5018825527666868
3,6405,0,0.5004197895949839
3,6417,0,0.5007972648587882
3,6418,0,0.500422675917734
3,6425,0,0.5000555567449091
3,6427,0,0.501517106854606
3,6436,0,0.5004114796750907
3,6449,0,0.5011907848621968
3,6455,0,0.5024166380798623
3,6465,0,0.5018059219030827
3,6477,0,0.5007291096750603
3,6480,0,0.5002274161961647
3,6482,0,0.500113356567711
3,6484,0,0.5006999503777239
3,6490,0,0.5005705512268395
3,6493,0,0.5003543497115484
3,6494,0,0.5006274424775684
3,6498,0,0.5009061340459242
3,6501,0,0.5002770483646732
3,6508,0,0.50058670506727
3,6515,0,0.5007017879349491
3,6518,0,0.5006388322113606
3,6521,0,0.5001453681552858
3,6527,0,0.5014999411714154
3,6532,0,0.5006567076392544
3,6544,0,0.5014921895372516
3,6550,0,0.5000593442127729
3,6553,0,0.5002958144479178
3,6567,0,0.5001548016299711
3,6591,0,0.5039806241940199
3,6599,0,0.5035350285966456
3,6608,0,0.500355059534788
3,6611,0,0.5002126821496654
3,6622,0,0.5012680692579875
3,6623,0,0.5007046855670197
3,6624,0,0.5007102519370369
3,6635,0,0.5000679872404471
3,6643,0,0.5001436594093276
3,6645,0,0.5014144687535591
3,6647,0,0.500458799706564
3,6652,0,0.5002454555112519
3,6655,0,0.5008625197518746
3,6664,0,0.5003202957308654
3,6666,0,0.5011254920708672
3,6673,0,0.5018866977310409
3,6677,0,0.5001375091442571
3,6685,0,0.5002697402846178
3,6686,0,0.5002039963715427
3,6690,0,0.5017410021760366
3,6695,0,0.5007956886456054
3,6706,0,0.5003045717313626
3,6716,0,0.5017392028766126
3,6721,0,0.5107334705259656
3,6722,0,0.5003821139915765
3,6729,0,0.5001843685649668
3,6734,0,0.5008019290670874
3,6740,0,0.50004410247558
3,6742,0,0.500429807765968
3,6746,0,0.500559798744525
3,6749,0,0.5037861158516814
3,6750,0,0.5000246895108292
3,6754,0,0.500530623215501
3,6755,0,0.5009394584172637
3,6759,0,0.5003239013144963
3,6760,0,0.5001129593219743
3,6762,0,0.5018523382383704
3,6768,0,0.5006210876233051
3,6769,0,0.5011917271350109
3,6779,0,0.5004442963004683
3,6781,0,0.5005327507539618
3,6789,0,0.5002130690198376
3,6790,0,0.5011283525715297
3,6798,0,0.5002127854215096
3,6802,0,0.5027055894844024
3,6813,0,0.5002810646064301
3,6815,0,0.5002980894330392
3,6816,0,0.5000866063662446
3,6818,0,0.5005074496112627
3,6830,0,0.5009924327184051
3,6831,0,0.5013401026402496
3,6832,0,0.5013630772315675
3,6834,0,0.5020415128130955
3,6835,0,0.5002133866187176
3,6839,0,0.5006513147403386
3,6842,0,0.5014569835819727
3,6843,0,0.5004584336163003
3,6850,0,0.5014820772348281
3,6853,0,0.5019886384617868
3,6860,0,0.5008609913955829
3,6861,0,0.5022232303954045
3,6862,0,0.5004797095778981
3,6874,0,0.5003782901519661
3,6876,0,0.5004477199639511
3,6881,0,0.50039625939099
3,6882,0,0.5013773285696645
3,6885,0,0.5010696233730567
3,6893,0,0.5000530564616349
3,6899,0,0.5001928243863192
3,6904,0,0.5000828213876752
3,6905,0,0.5002401507816836
3,6919,0,0.5009645242149192
3,6928,0,0.5004632548737664
3,6940,0,0.5025005808336996
3,6949,0,0.5002172745245324
3,6957,0,0.5002763045395549
3,6961,0,0.5007729657290048
3,6963,0,0.5004560534150598
3,6969,0,0.5037308589654271
3,6974,0,0.5002289850445067
3,6981,0,0.500428177609534
3,6986,0,0.5006978166326436
3,6990,0,0.5006712119324432
3,7002,0,0.5002075748321422
3,7003,0,0.5002368039254074
3,7004,0,0.5039304938283393
3,7008,0,0.5022472236855176
3,7013,0,0.5002193857301372
3,7024,0,0.5021235172732293
3,7029,0,0.5000961628725519
3,7032,0,0.5002035970936956
3,7044,0,0.5002975229081132
3,7052,0,0.5002224778221496
3,7056,0,0.5012138355756824
3,7061,0,0.5007849008085042
3,7064,0,0.5003835915214548
3,7067,0,0.5002791077568528
3,7083,0,0.5001186390634882
3,7085,0,0.5012140906329252
3,7101,0,0.5003301367468292
3,7103,0,0.5002973347360502
3,7104,0,0.5016996980363254
3,7109,0,0.5048489627553405
3,7110,0,0.5001564654097628
3,7116,0,0.5002371912665438
3,7118,0,0.5031044433307552
3,7123,0,0.5019624514757544
3,7129,0,0.5021774969698022
3,7130,0,0.5005577321779087
3,7134,0,0.5002644035373639
3,7138,0,0.5000887163304883
3,7141,0,0.5003281457940385
3,7144,0,0.5001675069931627
3,7150,0,0.5002289342397649
3,7151,0,0.5002992535317075
3,7153,0,0.5006402790265749
3,7160,0,0.5009234341016255
3,7161,0,0.5017365215685465
3,7162,0,0.5000711119946404
3,7164,0,0.5001216085718637
3,7175,0,0.5009554677365582
3,7178,0,0.5001637207498191
3,7186,0,0.5000922623420555
3,7188,0,0.500397090990575
3,7192,0,0.501139577827758
3,7195,0,0.5008329178539805
3,7201,0,0.5020060182322414
3,7202,0,0.5006136594943159
3,7204,0,0.500240193835125
3,7207,0,0.5000499278737305
3,7213,0,0.5007665081584776
3,7216,0,0.5010858194889966
3,7217,0,0.5014196758967294
3,7218,0,0.500694860589354
3,7223,0,0.5013441920740073
3,7224,0,0.5040981140739776
3,7231,0,0.5004887203956424
3,7237,0,0.5019593110134198
3,7238,0,0.504764151539809
3,7242,0,0.501866074514957
3,7244,0,0.5001780968464697
3,7250,0,0.5029492395236297
3,7251,0,0.5007146806952993
3,7252,0,0.5046664593997328
3,7253,0,0.5025105256126156
3,7255,0,0.5005393509566465
3,7258,0,0.50223240227776
3,7266,0,0.5003672515900042
3,7268,0,0.5005782271586958
3,7278,0,0.5004090658289223
3,7285,0,0.5010302291838665
3,7288,0,0.502798026301298
3,7291,0,0.5001141116087992
3,7294,0,0.5015162749736803
3,7298,0,0.5001124939823698
3,7306,0,0.5004214409791025
3,7311,0,0.5002169689800053
3,7312,0,0.5000940192856868
3,7315,0,0.5004940523699718
3,7318,0,0.5028144517636436
3,7330,0,0.5006203133024876
3,7334,0,0.5032971860345602
3,7339,0,0.5001745324008035
3,7340,0,0.5002250003512198
3,7346,0,0.5005075178083546
3,7347,0,0.5000167890817071
3,7348,0,0.5002357129634432
3,7349,0,0.5044931932564167
3,7356,0,0.5001286825225637
3,7361,0,0.5007499630559153
3,7362,0,0.5001803917762315
3,7367,0,0.5000281404027407
3,7390,0,0.500174394174366
3,7393,0,0.508828223312707
3,7396,0,0.50152366025347
3,7399,0,0.5001689600996438
3,7401,0,0.5002461117502194
3,7417,0,0.5043483581365339
3,7426,0,0.5004895231913123
3,7449,0,0.5011376014712889
3,7453,0,0.5019250750182273
3,7463,0,0.5001442450329909
3,7470,0,0.5005728329920591
3,7475,0,0.5017732154882466
3,7494,0,0.5008967900193196
3,7498,0,0.5020189293150322
3,7501,0,0.501585527262669
3,7504,0,0.5005867276469627
3,7505,0,0.5004570141906618
3,7507,0,0.5032842359408151
3,7514,0,0.5003944498532227
3,7515,0,0.501480672315269
3,7522,0,0.50024530521367
3,7528,0,0.500100254360852
3,7538,0,0.5008737225713678
3,7545,0,0.5000804935149634
3,7547,0,0.5027151868273699
3,7550,0,0.5004776610631588
3,7551,0,0.500483086447111
3,7552,0,0.5001612522338692
3,7560,0,0.5000788861278385
3,7570,0,0.5001471972684829
3,7572,0,0.5001574840623563
3,7583,0,0.5021319023256933
3,7584,0,0.500664278977642
3,7585,0,0.5001516797053759
3,7597,0,0.5011992835814316
3,7601,0,0.5000180697919725
3,7610,0,0.5116291390878656
3,7621,0,0.5003639830668855
3,7622,0,0.5009074134687385
3,7624,0,0.503403618237819
3,7625,0,0.500658629012297
3,7630,0,0.5008373322427159
3,7631,0,0.5000826102839275
3,7634,0,0.5003193303463443
3,7639,0,0.500105564603206
3,7663,0,0.5119196583706551
3,7667,0,0.5103923752154991
3,7674,0,0.5004758104439835
3,7679,0,0.5004383792498425
3,7681,0,0.5000317510496255
3,7688,0,0.5010189397572812
3,7689,0,0.5018196905689216
3,7690,0,0.5001536027639547
3,7696,0,0.5004985168189565
3,7700,0,0.50012569696297
3,7703,0,0.5001924162490665
3,7704,0,0.5017783507253302
3,7714,0,0.5003795512790253
3,7718,0,0.5005620635081973
3,7720,0,0.5033330352711908
3,7728,0,0.5016325295622606
3,7730,0,0.5005143853724308
3,7732,0,0.5001590568851655
3,7736,0,0.5005572975251039
3,7738,0,0.5008409816981337
3,7742,0,0.5006508447052114
3,7744,0,0.5011326144460235
3,7747,0,0.5003860763021358
3,7750,0,0.5000961050462631
3,7753,0,0.5014899918467952
3,7766,0,0.5004361212840797
3,7768,0,0.5011523702728116
3,7769,0,0.5000310007865304
3,7779,0,0.500406468200711
3,7787,0,0.5008951275421344
3,7794,0,0.5003542085358293
3,7795,0,0.5005045155052469
3,7804,0,0.5010936259012999
3,7805,0,0.5001924829534363
3,7811,0,0.503686825884061
3,7813,0,0.5000443241059963
3,7824,0,0.5021289928009212
3,7827,0,0.5029586344134945
3,7834,0,0.5030395800354389
3,7842,0,0.5006657489586294
3,7845,0,0.5004344559664976
3,7850,0,0.5011369061613636
3,7865,0,0.5001742948924062
3,7870,0,0.5001511586196566
3,7879,0,0.5046468361820108
3,7889,0,0.5001921386009839
3,7892,0,0.5002762243746948
3,7893,0,0.5000921399805565
3,7908,0,0.500184044915363
3,7909,0,0.5009840799462527
3,7910,0,0.5000573185338153
3,7911,0,0.5001928805308097
3,7917,0,0.5001578011558387
3,7918,0,0.5056512199274387
3,7924,0,0.5010285626342983
3,7925,0,0.5002775844771218
3,7928,0,0.5006661023554742
3,7930,0,0.5054531600365484
3,7931,0,0.5008190335585138
3,7936,0,0.5003236552757657
3,7938,0,0.5006670834539163
3,7941,0,0.5001601284030841
3,7943,0,0.5456404662902445
3,7945,0,0.5028609028777176
3,7946,0,0.501453495208267
3,7952,0,0.5003881210461983
3,7954,0,0.5010543261305419
3,7967,0,0.5000575052111876
3,7981,0,0.5002771809129123
3,7982,0,0.5005930441607545
3,7992,0,0.5008506742569184
3,8006,0,0.500527335595209
3,8013,0,0.5004098229415895
3,8014,0,0.5003997570738885
3,8017,0,0.5004340674318851
3,8020,0,0.5007145300656298
3,8024,0,0.5005252050596659
3,8028,0,0.5015195675678619
3,8029,0,0.5062084144175948
3,8032,0,0.506856515109881
3,8044,0,0.5005333431870805
3,8045,0,0.5006211547819877
3,8051,0,0.5003109014130565
3,8061,0,0.5019742821021608
3,8065,0,0.5006195442727982
3,8074,0,0.5006059089188084
3,8077,0,0.5001047624645584
3,8087,0,0.5022974184073211
3,8097,0,0.5011651739668315
3,8098,0,0.5014374192147398
3,8123,0,0.5136111782515584
3,8125,0,0.5005087760418618
3,8137,0,0.5018401889983273
3,8138,0,0.5006086154971012
3,8143,0,0.5002722628108434
3,8144,0,0.5004403616606011
3,8146,0,0.5009578860130692
3,8154,0,0.5004993320944553
3,8159,0,0.500639434075537
3,8160,0,0.5029129432265784
3,8162,0,0.500101198988987
3,8163,0,0.5012403856540156
3,8164,0,0.5001637798301908
3,8166,0,0.5019767954691288
3,8168,0,0.5004490228169333
3,8170,0,0.5001420216596956
3,8186,0,0.500664624160615
3,8188,0,0.5020582185574198
3,8189,0,0.5002948909354558
3,8191,0,0.5002244521978783
3,8196,0,0.5006804689138812
3,8206,0,0.5000375054939141
3,8212,0,0.5004649652959409
3,8214,0,0.500375056859868
3,8229,0,0.5001432289211301
3,8232,0,0.5001415062900928
3,8246,0,0.5006745475868
3,8252,0,0.5001166274984228
3,8256,0,0.5005438211433882
3,8258,0,0.5008711961672332
3,8268,0,0.5002028427844045
3,8271,0,0.5007442894345133
3,8272,0,0.5014508887905308
3,8273,0,0.501289472510692
3,8276,0,0.5014425133549842
3,8281,0,0.5001310927221844
3,8288,0,0.5000811079001635
3,8292,0,0.5003269496453446
3,8299,0,0.5014124379736351
3,8300,0,0.500223241516383
3,8305,0,0.5006750893667843
3,8308,0,0.5002541059373014
3,8321,0,0.5004080798505177
3,8327,0,0.5026355055747276
3,8333,0,0.5007582067505207
3,8334,0,0.5017563602226057
3,8343,0,0.5002883889630718
3,8346,0,0.5002931974986178
3,8348,0,0.500817724043725
3,8351,0,0.5004362500441213
3,8352,0,0.5001792934819145
3,8355,0,0.5004275711173062
3,8357,0,0.5018537273359597
3,8362,0,0.5003410129669329
3,8367,0,0.5001808892249978
3,8370,0,0.5015618862692841
3,8374,0,0.5007466628431211
3,8377,0,0.5020551224442362
3,8384,0,0.5008181569062716
3,8385,0,0.5001765610605081
3,8390,0,0.5005936114381911
3,8393,0,0.5005154188274621
3,8401,0,0.5007447039436239
3,8416,0,0.5003687064495518
3,8417,0,0.5004699189667969
3,8418,0,0.5008982673553404
3,8420,0,0.5007500322153514
3,8421,0,0.50062998421601
3,8423,0,0.5001025375038304
3,8431,0,0.5001547757385574
3,8438,0,0.5003347361762313
3,8443,0,0.5012492679838071
3,8446,0,0.500279352082413
3,8451,0,0.5151295788589166
3,8453,0,0.5001802481832874
3,8466,0,0.5001757666632181
3,8470,0,0.5028130661513859
3,8473,0,0.5030274744425346
3,8475,0,0.5011922053496208
3,8476,0,0.500455615129704
3,8486,0,0.5007449621489416
3,8494,0,0.5005058599388453
3,8509,0,0.5002017469586733
3,8516,0,0.5007511190510883
3,8518,0,0.5001791965218805
3,8522,0,0.5003275708636168
3,8530,0,0.5004669008779541
3,8531,0,0.5005888493465016
3,8532,0,0.505622397136825
3,8535,0,0.5012097151619491
3,8547,0,0.5009175644022488
3,8550,0,0.5013615029244634
3,8551,0,0.5007688652775516
3,8564,0,0.5045074545332863
3,8577,0,0.5002285273196478
3,8578,0,0.500954235473022
3,8581,0,0.5011249985663648
3,8583,0,0.5001577765850633
3,8587,0,0.5007740287333848
3,8588,0,0.5115541463849852
3,8595,0,0.5002364318541838
3,8600,0,0.5029292459921766
3,8611,0,0.500456695074278
3,8617,0,0.5010588799532445
3,8624,0,0.5001506373609665
3,8629,0,0.500814806300082
3,8642,0,0.5000754139935837
3,8643,0,0.5011199325666091
3,8653,0,0.5000949502848545
3,8657,0,0.5011116529222222
3,8658,0,0.5006324961091624
3,8668,0,0.5002013035257588
3,8671,0,0.5002248253489158
3,8676,0,0.5070965882743633
3,8677,0,0.5003523799435692
3,8682,0,0.5000947917442531
3,8683,0,0.5008195016816165
3,8684,0,0.5002843892903441
3,8687,0,0.5008232882775057
3,8690,0,0.500273539037315
3,8691,0,0.500794700185728
3,8692,0,0.5004131841962436
3,8693,0,0.501595202498377
3,8696,0,0.5001842526846977
3,8699,0,0.5036054344093703
3,8705,0,0.5001030589540321
3,8706,0,0.50075771548488
3,8709,0,0.5006133800787113
3,8730,0,0.500097680335013
3,8740,0,0.5010959680746799
3,8741,0,0.5010949935247132
3,8742,0,0.5028627981971033
3,8743,0,0.5012501513968456
3,8744,0,0.5022031863268648
3,8746,0,0.5003264589124654
3,8749,0,0.5005385028424817
3,8751,0,0.5017387992198482
3,8753,0,0.5005022990219439
3,8758,0,0.5001651431403706
3,8760,0,0.500642793417146
3,8767,0,0.5004401562540942
3,8782,0,0.5030901144013701
3,8786,0,0.500415709999635
3,8788,0,0.5006532091731285
3,8790,0,0.5001850629808512
3,8791,0,0.5004956280573766
3,8794,0,0.5006933574675946
3,8796,0,0.500096331795474
3,8811,0,0.500115883015029
3,8812,0,0.5080482235178284
3,8817,0,0.5006426612644167
3,8822,0,0.5001366165456167
3,8823,0,0.5020851830262693
3,8830,0,0.5011294174832158
3,8834,0,0.5001685840310571
3,8838,0,0.5006045515898638
3,8856,0,0.5001097221549887
3,8859,0,0.5006497698731871
3,8868,0,0.5007363400935312
3,8877,0,0.5003414167366107
3,8881,0,0.500386305901141
3,8884,0,0.5024047421434726
3,8895,0,0.5002374558909674
3,8896,0,0.5002003905884335
3,8898,0,0.5021681802624898
3,8906,0,0.5001015529555701
3,8913,0,0.5001221703152795
3,8916,0,0.5010535689845868
3,8918,0,0.5001478204602847
3,8921,0,0.5002867125979941
3,8925,0,0.5030841917102912
3,8929,0,0.5004113733793891
3,8938,0,0.5001644562986053
3,8940,0,0.5045128337282339
3,8943,0,0.5019627936218021
3,8944,0,0.5011689595106725
3,8946,0,0.5008279699000139
3,8948,0,0.5004507600546532
3,8954,0,0.500779347707923
3,8955,0,0.5003616619242097
3,8956,0,0.500262039226159
3,8957,0,0.5011518341159904
3,8959,0,0.5000698487506972
3,8963,0,0.5020298334970724
3,8975,0,0.5004748480452869
3,8978,0,0.5016906677712992
3,8984,0,0.50047969670902
3,8998,0,0.5010007462699144
3,8999,0,0.5003747701019905
3,9004,0,0.5007704930004836
3,9005,0,0.501080326946348
3,9021,0,0.5020260756554997
3,9024,0,0.5010929419587731
3,9032,0,0.5022435377738355
3,9034,0,0.5006334463921546
3,9037,0,0.5003197233404821
3,9043,0,0.5000313480841033
3,9049,0,0.5001819053017715
3,9051,0,0.5005805199444153
3,9057,0,0.500149079109101
3,9061,0,0.5017352846260985
3,9070,0,0.5005555170680772
3,9078,0,0.5002659364131894
3,9082,0,0.5007144279607458
3,9085,0,0.5014397362955026
3,9096,0,0.5008072048691424
3,9099,0,0.5003053459847865
3,9117,0,0.5000635131089568
3,9124,0,0.5045855417635916
3,9125,0,0.5003979045480084
3,9126,0,0.501718907306827
3,9133,0,0.5003668379999651
3,9135,0,0.5021281597747859
3,9141,0,0.5000971722945243
3,9145,0,0.5017287796243661
3,9148,0,0.5014233067377678
3,9150,0,0.5011484230268651
3,9160,0,0.5004393974592046
3,9161,0,0.500286378173469
3,9185,0,0.5003460362233432
3,9188,0,0.5003181008213986
3,9189,0,0.512517981844753
3,9192,0,0.500220208425719
3,9194,0,0.5005669994688747
3,9207,0,0.5000300206213948
3,9208,0,0.5005929830940454
3,9210,0,0.5003454004326565
3,9215,0,0.5005448169747769
3,9236,0,0.5001190986641966
3,9239,0,0.502466420705624
3,9240,0,0.5003396813175137
3,9242,0,0.5004719641708196
3,9260,0,0.5004148283006069
3,9261,0,0.5017064484209026
3,9263,0,0.5000227127505839
3,9272,0,0.5078632707611452
3,9274,0,0.5002264535549285
3,9275,0,0.5000251457352458
3,9280,0,0.5006465557768661
3,9286,0,0.500173658919274
3,9289,0,0.5049869847739634
3,9291,0,0.5008450934789891
3,9294,0,0.5008373701183183
3,9299,0,0.5011238233098935
3,9300,0,0.5012582342933243
3,9304,0,0.5001031235469895
3,9306,0,0.5000922569124427
3,9308,0,0.500881788656653
3,9310,0,0.5002856613177004
3,9315,0,0.5004435094115187
3,9317,0,0.5000866588780848
3,9319,0,0.5002211676787695
3,9323,0,0.5004956546177811
3,9327,0,0.500066726259555
3,9338,0,0.501251288975468
3,9346,0,0.500057540423859
3,9348,0,0.5000905081440431
3,9354,0,0.5009007195502736
3,9357,0,0.5006783763014191
3,9361,0,0.5002518744235821
3,9366,0,0.5030800572113249
3,9374,0,0.5028866090270004
3,9378,0,0.5005060192069263
3,9385,0,0.5017271750828406
3,9393,0,0.5011264478551887
3,9394,0,0.5008705524120325
3,9396,0,0.5006565724193397
3,9397,0,0.5014325244992778
3,9398,0,0.5015728284017082
3,9416,0,0.5007849043827503
3,9420,0,0.5001364228612114
3,9425,0,0.5013684515886498
3,9434,0,0.5002114796885212
3,9439,0,0.5001198756463198
3,9443,0,0.5004037602227204
3,9444,0,0.5013981452304448
3,9449,0,0.5003678431931327
3,9450,0,0.5014540193086404
3,9451,0,0.5003141747850747
3,9466,0,0.5003621955883659
3,9479,0,0.5011439990055342
3,9480,0,0.5003261756123283
3,9487,0,0.500385512059172
3,9499,0,0.5004955838448447
3,9508,0,0.5001454204163177
3,9519,0,0.5002987110023309
3,9522,0,0.5015542918658202
3,9526,0,0.5000981051734993
3,9528,0,0.5003547293362971
3,9531,0,0.5004304899262951
3,9533,0,0.5005279546812199
3,9535,0,0.5018677490092557
3,9538,0,0.5000895044713427
3,9539,0,0.5008626011637888
3,9546,0,0.500168937914153
3,9548,0,0.5002173420707587
3,9554,0,0.5000638644737188
3,9556,0,0.5001521084887584
3,9557,0,0.5010878284633494
3,9559,0,0.5000687855185579
3,9563,0,0.5002540481995355
3,9565,0,0.500097120863641
3,9567,0,0.5004207686725415
3,9569,0,0.5007263463738862
3,9574,0,0.5001173990018063
3,9575,0,0.5109745757828208
3,9587,0,0.500097922027495
3,9593,0,0.5018388761366974
3,9596,0,0.5013167970982949
3,9598,0,0.5005232921902021
3,9603,0,0.5005543813133974
3,9604,0,0.5031197722993159
3,9614,0,0.5047459037995559
3,9620,0,0.5008526691329803
3,9626,0,0.5038513737202303
3,9631,0,0.5036089064574979
3,9634,0,0.500200705056204
3,9636,0,0.5007671296395931
3,9637,0,0.5004622014028333
3,9640,0,0.5002047046491245
3,9645,0,0.5011597169223309
3,9651,0,0.5006357048157918
3,9655,0,0.5009614403291811
3,9671,0,0.5001029962685276
3,9673,0,0.5066950878863749
3,9674,0,0.5000605869932065
3,9679,0,0.5001879316697643
3,9681,0,0.5012844809448657
3,9685,0,0.5002208547513032
3,9700,0,0.5005621248124118
3,9701,0,0.5004778489325944
3,9713,0,0.5001592735913185
3,9714,0,0.5006954850528639
3,9724,0,0.5001750969682424
3,9729,0,0.5013914491018518
3,9730,0,0.5001405761235784
3,9734,0,0.500889824028246
3,9739,0,0.5001875610463559
3,9743,0,0.5001492335556769
3,9744,0,0.5001207520571034
3,9749,0,0.5004558785981724
3,9757,0,0.5016106204258739
3,9760,0,0.5002962874454358
3,9767,0,0.5000708524900731
3,9768,0,0.5007280197029252
3,9771,0,0.5013217882222538
3,9775,0,0.5010588693225263
3,9779,0,0.5002218326479245
3,9786,0,0.5010167129545556
3,9787,0,0.5010314568557587
3,9798,0,0.5003280265900849
3,9800,0,0.5002633237636585
3,9801,0,0.5014966087536309
3,9809,0,0.5017081684804194
3,9813,0,0.5005386569110915
3,9814,0,0.5006226571832983
3,9822,0,0.5038840860190761
3,9823,0,0.5003492272683514
3,9827,0,0.5015734707870604
3,9833,0,0.5036818606584175
3,9835,0,0.5000978950685646
3,9836,0,0.5026722819502988
3,9838,0,0.5063342194544845
3,9840,0,0.5002170240746134
3,9843,0,0.5007126693885007
3,9844,0,0.5003073139590911
3,9845,0,0.5014343274585411
3,9846,0,0.502173916301484
3,9848,0,0.5003002907919324
3,9849,0,0.5009684587836832
3,9851,0,0.5001225286371361
3,9854,0,0.5034535618061339
3,9856,0,0.500085155447833
3,9857,0,0.5023636176544364
3,9858,0,0.5004499718302349
3,9865,0,0.5003095172486969
3,9867,0,0.5019163562560325
3,9870,0,0.5011686586206308
3,9872,0,0.5004620676245505
3,9875,0,0.5001967665849572
3,9884,0,0.5049862119416758
3,9892,0,0.5010042401663607
3,9893,0,0.5003650491170324
3,9894,0,0.5001393439842067
3,9898,0,0.5001397966362656
3,9901,0,0.5016871990284817
3,9910,0,0.5003301910898231
3,9914,0,0.5010825813704572
3,9918,0,0.5087186081030559
3,9919,0,0.5001621451672036
3,9926,0,0.5011704626684459
3,9929,0,0.5007749786513851
3,9934,0,0.5003795255779062
3,9941,0,0.5011091879005737
3,9946,0,0.5015691666664059
3,9947,0,0.5014860985607196
3,9952,0,0.5004895119089056
3,9961,0,0.5001906891982302
3,9970,0,0.500565646503306
3,9981,0,0.5000452850159666
3,9989,0,0.5025315427505143
3,9991,0,0.5012839815763169
3,9996,0,0.5008500385640827
3,9997,0,0.5007487799862467
3,9999,0,0.5002606568336052
3,10000,0,0.5001644726062168
3,10001,0,0.5014399675283506
3,10003,0,0.5000606544820005
3,10007,0,0.5001333007587164
3,10009,0,0.5002239855494837
3,10023,0,0.5043706886485698
3,10035,0,0.5000513242218045
3,10036,0,0.5010966675744037
3,10041,0,0.5001032846971515
3,10049,0,0.5004846189774893
3,10063,0,0.5006999760133664
3,10066,0,0.5010197810543559
3,10071,0,0.5011525303069817
3,10082,0,0.5000922065737198
3,10083,0,0.5006383384121231
3,10085,0,0.5036625693148895
3,10087,0,0.5004908508296757
3,10088,0,0.5001634696306478
3,10090,0,0.5001091964944296
3,10094,0,0.5000866164789245
3,10098,0,0.5013027148230464
3,10104,0,0.5003283476817735
3,10118,0,0.5002729061724155
3,10120,0,0.5041062579370247
3,10125,0,0.5007893644756797
3,10133,0,0.5001317182056962
3,10135,0,0.5311988348518617
3,10137,0,0.5004520753224668
3,10149,0,0.5018695939056108
3,10150,0,0.5001489351775974
3,10154,0,0.5066238853279789
3,10161,0,0.5004411812932741
3,10173,0,0.5009680822335063
3,10185,0,0.5021576954862427
3,10189,0,0.5024737222928226
3,10207,0,0.5014340922519032
3,10220,0,0.5005788190339426
3,10221,0,0.5002894419101253
3,10223,0,0.5005761856891942
3,10233,0,0.5027664998697708
3,10239,0,0.500210732641934
3,10242,0,0.500165503669899
3,10243,0,0.5001340634249279
3,10244,0,0.5000514162945633
3,10245,0,0.5003192331269011
3,10250,0,0.502180282056682
3,10275,0,0.501707152808975
3,10277,0,0.5004618961266362
3,10278,0,0.5002803393867711
3,10279,0,0.5003299423843629
3,10283,0,0.5000703020307031
3,10285,0,0.5014664564354565
3,10291,0,0.5003948549240627
3,10296,0,0.5008791304681371
3,10297,0,0.5030777301996239
3,10299,0,0.5002041220752751
3,10311,0,0.5001455673134285
3,10315,0,0.5006022668397133
3,10319,0,0.5005954304094071
3,10329,0,0.5026718818684279
3,10334,0,0.5003290515842551
3,10337,0,0.500192950097117
3,10342,0,0.5003084664621982
3,10344,0,0.5003014382817615
3,10349,0,0.5011155775478257
3,10353,0,0.5005455939724973
3,10358,0,0.5003924158684558
3,10362,0,0.501456895980646
3,10366,0,0.5007368487831653
3,10369,0,0.5060588890758627
3,10373,0,0.5001922298316515
3,10383,0,0.5000638104798675
3,10389,0,0.5007181734716454
3,10394,0,0.5020744746420821
3,10401,0,0.5002020694087992
3,10402,0,0.5009340126487947
3,10404,0,0.5002010202714906
3,10407,0,0.5016545643659545
3,10409,0,0.5002885300608725
3,10415,0,0.500060049542018
3,10417,0,0.5004963969478756
3,10422,0,0.5005452343478334
3,10424,0,0.5002905242960817
3,10428,0,0.5012281768603133
3,10433,0,0.5372043640275085
3,10435,0,0.5002247054976893
3,10439,0,0.5002098703541356
3,10440,0,0.5003488770058225
3,10442,0,0.500342360658698
3,10444,0,0.5005790607589757
3,10448,0,0.5001745918967436
3,10456,0,0.5005010306705656
3,10464,0,0.5002988428634523
3,10472,0,0.5007016532602707
3,10477,0,0.5019362188994441
3,10482,0,0.5001103650239243
3,10486,0,0.5001165655924552
3,10494,0,0.545003138827276
3,10496,0,0.5026816423411324
3,10499,0,0.5011258938878899
3,10502,0,0.5002406096569164
3,10505,0,0.5000705574232999
3,10519,0,0.5000160147959252
3,10521,0,0.5010075178390789
3,10523,0,0.5000681518389529
3,10532,0,0.5007975077584995
3,10538,0,0.5137242894699616
3,10539,0,0.5004466558155689
3,10545,0,0.5003315323954184
3,10547,0,0.5000961636339877
3,10550,0,0.5000156430723859
3,10560,0,0.5001086281009632
3,10583,0,0.500300948473369
3,10589,0,0.5005541803069578
3,10593,0,0.5016312028297986
3,10629,0,0.5011055215834572
3,10632,0,0.500427185134196
3,10633,0,0.5008243291865377
3,10637,0,0.5006748393920534
3,10639,0,0.5069051033894737
3,10641,0,0.5021549437426521
3,10654,0,0.5001688336465336
3,10659,0,0.5003642816627591
3,10661,0,0.5001527456606893
3,10666,0,0.5039687174943184
3,10674,0,0.500526126286494
3,10683,0,0.5030168501856674
3,10687,0,0.500053615829411
3,10690,0,0.5284960700547502
3,10692,0,0.5001575137253075
3,10696,0,0.500304359048754
3,10702,0,0.5137701682912192
3,10703,0,0.5019335533469136
3,10716,0,0.5000909146723321
3,10718,0,0.5015698221483919
3,10719,0,0.5014486257638173
3,10723,0,0.5008283172330817
3,10728,0,0.5004726752267331
3,10729,0,0.500279630372362
3,10753,0,0.500257076883209
3,10776,0,0.5004441250291278
3,10777,0,0.5001647044357097
3,10779,0,0.5005161069033787
3,10786,0,0.5000225403429438
3,10799,0,0.5009814237588301
3,10803,0,0.500161371755575
3,10811,0,0.506452631641179
3,10812,0,0.5032103254649306
3,10814,0,0.5001004149384237
3,10815,0,0.5024542030562863
3,10821,0,0.5001829184213273
3,10822,0,0.501468879193734
3,10824,0,0.5008384504594778
3,10827,0,0.5006234510629374
3,10829,0,0.5012543727813744
3,10832,0,0.5003500684046123
3,10840,0,0.501618939852863
3,10846,0,0.5063449247924882
3,10848,0,0.5037829933004485
3,10853,0,0.5008832547609162
3,10866,0,0.500225111074703
3,10870,0,0.5030929883938531
3,10877,0,0.5010754469941017
3,10881,0,0.50153364487921
3,10883,0,0.5015746321594411
3,10912,0,0.501032111978756
3,10916,0,0.5001723088904325
3,10919,0,0.5001011312355375
3,10921,0,0.5031038674321069
3,10923,0,0.5000860690799461
3,10925,0,0.50042339531032
3,10928,0,0.5001594914869554
3,10933,0,0.5009508293237807
3,10936,0,0.5012774778977196
3,10937,0,0.5026801559918618
3,10939,0,0.5004574695451425
3,10958,0,0.5012668905804547
3,10967,0,0.5002384373642632
3,10972,0,0.5012461879879261
3,10976,0,0.5002436106609023
3,10983,0,0.5005328384264326
3,10985,0,0.5076738938659046
3,10990,0,0.5039842960194608
3,10991,0,0.5004906178610227
3,10998,0,0.5025457186580545
3,11000,0,0.50150439425413
3,11001,0,0.5004726789557244
3,11003,0,0.5000551685057725
3,11004,0,0.5002863640273431
3,11007,0,0.5028998107326315
3,11009,0,0.5014054082574116
3,11014,0,0.5009509987551468
3,11030,0,0.5002590322729888
3,11033,0,0.5010000442804472
3,11038,0,0.5002869499624257
3,11045,0,0.5005073616773934
3,11049,0,0.5001546934159483
3,11050,0,0.5248040775982815
3,11051,0,0.500907421094954
3,11054,0,0.5003670137986184
3,11059,0,0.5004031215878785
3,11064,0,0.5005021775107226
3,11068,0,0.5003455745502838
3,11080,0,0.5012079419649886
3,11084,0,0.5002140125914338
3,11087,0,0.5004867147860224
3,11088,0,0.5014532116516333
3,11089,0,0.5009508777753747
3,11091,0,0.5022059122714868
3,11094,0,0.5000690376789034
3,11101,0,0.5009341707658392
3,11102,0,0.5008890952211251
3,11105,0,0.5006180513503042
3,11110,0,0.5009860809259448
3,11120,0,0.500207024358874
3,11122,0,0.500122905004517
3,11124,0,0.5004531842700374
3,11125,0,0.5003473449901856
3,11133,0,0.5012146037596694
3,11143,0,0.5000761506432485
3,11145,0,0.5016795254964911
3,11152,0,0.5000814001897842
3,11153,0,0.5008589106912981
3,11163,0,0.5002753921617936
3,11172,0,0.5001535351069615
3,11175,0,0.5000269471195011
3,11177,0,0.5006286746981178
3,11182,0,0.502512327902045
3,11187,0,0.5002516326280368
3,11188,0,0.5008179293776345
3,11198,0,0.5000809911758409
3,11210,0,0.5004344171427378
3,11213,0,0.5000789464550885
3,11217,0,0.5003746539214229
3,11220,0,0.5005340854358247
3,11239,0,0.5003518097872415
3,11244,0,0.5078290462363665
3,11247,0,0.5014384598704306
3,11259,0,0.5002161419762492
3,11263,0,0.5002271781894432
3,11270,0,0.5009481536824065
3,11276,0,0.5000905293792814
3,11279,0,0.5004686999781015
3,11287,0,0.500149717855673
3,11291,0,0.5009383510637637
3,11292,0,0.5008060271346159
3,11312,0,0.5001038178957963
3,11315,0,0.5017365856328223
3,11322,0,0.5001999376970939
3,11328,0,0.5004021348200782
3,11329,0,0.5000216053203369
3,11337,0,0.5010001216572707
3,11338,0,0.5002937548049555
3,11340,0,0.5014349008890849
3,11354,0,0.5002259104698932
3,11359,0,0.5015237910258693
3,11362,0,0.5008461738585066
3,11364,0,0.5003835052917471
3,11365,0,0.5070340089029659
3,11373,0,0.5034638095747515
3,11374,0,0.5001204461490216
3,11375,0,0.5037060413051998
3,11384,0,0.5002224759411675
3,11385,0,0.5000510190553578
3,11389,0,0.5002363685728216
3,11390,0,0.5007618256673753
3,11404,0,0.5004217788294236
3,11412,0,0.5008800162187841
3,11414,0,0.5002610560307079
3,11416,0,0.500373800813377
3,11424,0,0.5002765344966789
3,11428,0,0.5002330166846796
3,11431,0,0.5014498249987178
3,11434,0,0.500963583094677
3,11441,0,0.500460793681418
3,11458,0,0.5015277477798531
3,11464,0,0.5062923900993855
3,11466,0,0.5012964533742947
3,11468,0,0.5032004738783641
3,11469,0,0.500232926096333
3,11477,0,0.5001037680851682
3,11478,0,0.5000948220663444
3,11486,0,0.5032851555135763
3,11490,0,0.5014931471826152
3,11511,0,0.5008743724965004
3,11516,0,0.5001200189610626
3,11518,0,0.5010105739342748
3,11519,0,0.5000989567974571
3,11525,0,0.5003850675141448
3,11529,0,0.5049375220358466
3,11531,0,0.5001922037521574
3,11533,0,0.5000587186781288
3,11543,0,0.5045900244408036
3,11547,0,0.5015982972442573
3,11553,0,0.5015646939773197
3,11557,0,0.5006059350791885
3,11563,0,0.5009407622062139
3,11576,0,0.5067947956210669
3,11590,0,0.5019191445439317
3,11592,0,0.5003773378170154
3,11604,0,0.5006758630881544
3,11605,0,0.5005557566903984
3,11622,0,0.5004521375884577
3,11626,0,0.5005910860724805
3,11632,0,0.5007992054171923
3,11638,0,0.5012480675837979
3,11641,0,0.5000410487867728
3,11653,0,0.5003571638351502
3,11655,0,0.5002909944900172
3,11662,0,0.5000429628286405
3,11668,0,0.500175895215021
3,11679,0,0.5003025562794712
3,11685,0,0.5001739555163603
3,11686,0,0.50098137279782
3,11693,0,0.5003621810882803
3,11694,0,0.500552378218236
3,11697,0,0.5004869322284795
3,11698,0,0.5005736386113072
3,11701,0,0.5020319833427564
3,11702,0,0.5010129980294186
3,11709,0,0.5008512729266016
3,11710,0,0.5002060794946649
3,11722,0,0.5005258900404592
3,11729,0,0.5000877872543336
3,11731,0,0.5000554010780824
3,11743,0,0.5009133113802064
3,11746,0,0.5005863134579962
3,11755,0,0.5032529975225742
3,11766,0,0.5021726624710019
3,11769,0,0.5004899019527066
3,11773,0,0.5001471734422963
3,11774,0,0.5002722330007198
3,11775,0,0.5004142925729901
3,11781,0,0.5001638458048696
3,11787,0,0.5000681930559804
3,11789,0,0.5005969598135992
3,11793,0,0.5002654572595281
3,11799,0,0.5083668589087071
3,11801,0,0.5005312886225742
3,11805,0,0.5019706639096755
3,11813,0,0.503983530090876
3,11819,0,0.5001055433759686
3,11821,0,0.5006184328172124
3,11822,0,0.5006084050917683
3,11824,0,0.5001951438046845
3,11835,0,0.5002816965576425
3,11837,0,0.5294121900347714
3,11840,0,0.5003845881476832
3,11843,0,0.5015135915134068
3,11851,0,0.5006267908931318
3,11859,0,0.5001839494629947
3,11860,0,0.5007211919560144
3,11862,0,0.5007498939490383
3,11864,0,0.5012945200696666
3,11865,0,0.5090888375201743
3,11867,0,0.50013771517329
3,11874,0,0.5000783518484387
3,11875,0,0.5043882356354326
3,11879,0,0.5183110628845061
3,11882,0,0.5004305973848512
3,11884,0,0.5014952737876233
3,11917,0,0.500143177872807
3,11922,0,0.5000150242108689
3,11928,0,0.5005742410917645
3,11929,0,0.5007637291053094
3,11933,0,0.5002740142681514
3,11943,0,0.50240544564662
3,11944,0,0.5011667907218135
3,11951,0,0.5017905698915506
3,11953,0,0.5012414228490173
3,11955,0,0.5001450035897249
3,11962,0,0.5002116138235896
3,11963,0,0.5002355911644487
3,11965,0,0.5006490256885805
3,11972,0,0.5001789487355854
3,11976,0,0.502312944052418
3,11978,0,0.5002525447376877
3,11980,0,0.5002036795059569
3,11981,0,0.5058525865883449
3,11986,0,0.5005866276051765
3,11988,0,0.5001687390800277
3,11995,0,0.5004216363463685
3,11998,0,0.50014584194626
4,386,1,0.5024014490737859
4,1516,1,0.5005816430226615
4,1583,1,0.5006820463047638
4,1733,1,0.5027064427096503
4,2254,1,0.5031530324388349
4,2651,1,0.5020147123332858
4,2761,1,0.5013567451936718
4,2787,1,0.5002976489928512
4,3525,1,0.563491952645212
4,3606,1,0.5014219622372545
4,3615,1,0.5001485333022827
4,3697,1,0.5008006286203264
4,3707,1,0.501905442853555
4,3752,1,0.5030097329316014
4,3975,1,0.5140073521862634
4,3988,1,0.515047620394047
4,4718,1,0.5002095666896214
4,5042,1,0.531551732401369
4,5295,1,0.500945535290532
4,5590,1,0.5009835714352121
4,5658,1,0.5012501230902684
4,6223,1,0.5010322128004567
4,6245,1,0.5370069430030575
4,6390,1,0.5026072302727926
4,6416,1,0.5009795994510344
4,6557,1,0.5103943634053476
4,6691,1,0.5051302818834279
4,6710,1,0.5006245081882539
4,6994,1,0.5030448611253784
4,7241,1,0.5004908022080324
4,7281,1,0.5003432009567322
4,7521,1,0.5002545119282947
4,7818,1,0.5015869361652179
4,7877,1,0.5014727516908146
4,8095,1,0.5072446957660521
4,8249,1,0.5040911199386113
4,8339,1,0.5009045128832911
4,8383,1,0.5083565627331957
4,8395,1,0.5011967138433866
4,8713,1,0.5471511016078296
4,8781,1,0.5007243660972247
4,9489,1,0.5010952719687356
4,9742,1,0.5020807223416045
4,10707,1,0.5005217832135593
4,10724,1,0.5003804726301662
4,10849,1,0.5021787014450566
4,10995,1,0.5003042859817904
4,11629,1,0.5004662230413016
4,1,0,0.5009656858107989
4,11,0,0.5002681530672529
4,19,0,0.5002753049766127
4,20,0,0.5017266768469886
4,33,0,0.5003210224499028
4,40,0,0.5026247201716231
4,47,0,0.500092256491734
4,49,0,0.5013799172471629
4,51,0,0.5009867407252088
4,53,0,0.5011689011947703
4,55,0,0.5005268423683868
4,57,0,0.5001781215588265
4,62,0,0.5009583036700185
4,67,0,0.5003079228764269
4,72,0,0.5042690335939748
4,73,0,0.5007479022565504
4,77,0,0.5002104921638678
4,79,0,0.5001295958868787
4,94,0,0.5009080980388332
4,101,0,0.5003361820498948
4,105,0,0.5003244634292143
4,108,0,0.5027037838497601
4,112,0,0.5004864905472096
4,126,0,0.5002712707719171
4,128,0,0.5010899545460008
4,151,0,0.5012527487095374
4,170,0,0.5004873651236685
4,173,0,0.5019444332748894
4,174,0,0.5003955136446314
4,181,0,0.5003283317099514
4,184,0,0.500816947766527
4,185,0,0.5013272417025152
4,194,0,0.5000813891939044
4,195,0,0.5008093188510627
4,196,0,0.5241680204327643
4,198,0,0.500023007187832
4,212,0,0.5000483445673886
4,213,0,0.5002146318020657
4,218,0,0.5002112666686825
4,226,0,0.5160391886567328
4,227,0,0.5000536935206589
4,230,0,0.5001438352037912
4,237,0,0.500598814431941
4,258,0,0.5058276897022188
4,260,0,0.5003016270429568
4,266,0,0.5008486501660364
4,267,0,0.502132378225162
4,268,0,0.5005473999620692
4,272,0,0.5016126982293555
4,278,0,0.5026532362812994
4,283,0,0.500765972329653
4,284,0,0.5003179465583321
4,286,0,0.5002190411739565
4,287,0,0.5017884759388506
4,289,0,0.5008490650171231
4,297,0,0.5001577899509337
4,304,0,0.5014947785635924
4,305,0,0.5000891658161
4,306,0,0.5012284399977592
4,310,0,0.5002695528237806
4,316,0,0.5006721205153212
4,324,0,0.5020786815773984
4,333,0,0.5004954245579724
4,341,0,0.5031843818604287
4,349,0,0.5000416024922297
4,353,0,0.5000374484406308
4,355,0,0.5001475979709433
4,365,0,0.5004334993309573
4,369,0,0.5144466528007062
4,371,0,0.5002451587534872
4,374,0,0.5068758748547344
4,375,0,0.5001807759274858
4,396,0,0.5004275953214337
4,398,0,0.501082392276311
4,402,0,0.5057891894451625
4,403,0,0.5001837229182073
4,412,0,0.5016399770392557
4,420,0,0.5004610079672546
4,428,0,0.5002912781570031
4,429,0,0.5008190844790529
4,437,0,0.5026711942501182
4,438,0,0.5006052109920255
4,442,0,0.5003193044900405
4,445,0,0.500208195595842
4,454,0,0.5003418039141435
4,455,0,0.5006897667740507
4,456,0,0.5007685992162281
4,457,0,0.5002156712788638
4,458,0,0.5008518633455974
4,463,0,0.5009391010125255
4,479,0,0.5012000299864492
4,482,0,0.5002114878034012
4,484,0,0.5016812050758995
4,492,0,0.5025793119454324
4,497,0,0.5005316840534386
4,502,0,0.5000405030546123
4,526,0,0.5007665478436069
4,528,0,0.5010262189110469
4,533,0,0.50121866097444
4,536,0,0.5000757607961581
4,540,0,0.5000708999591406
4,547,0,0.5000471966990926
4,552,0,0.5008241487384576
4,555,0,0.5019929544012304
4,558,0,0.5000582357958706
4,562,0,0.5007680827508588
4,567,0,0.5001203294691907
4,581,0,0.5003490138139991
4,582,0,0.5002963065482701
4,584,0,0.5015391790228844
4,594,0,0.5002289077489854
4,599,0,0.5012090058289607
4,605,0,0.500331722345842
4,618,0,0.5001582801099119
4,626,0,0.5018619550319648
4,629,0,0.5004723597463175
4,633,0,0.5013115130279501
4,636,0,0.5003551069486499
4,646,0,0.5011308248661229
4,650,0,0.5008368569675892
4,651,0,0.5004068949351419
4,654,0,0.5013866716850736
4,657,0,0.5002214761063826
4,661,0,0.5002334208611753
4,664,0,0.5007626978731715
4,665,0,0.5007441623760428
4,667,0,0.5022000316259383
4,671,0,0.5012924396423319
4,676,0,0.5001960024179771
4,678,0,0.5014725451237969
4,680,0,0.5015382585032294
4,687,0,0.5030981293453469
4,696,0,0.5029593292158351
4,697,0,0.5014740397169781
4,700,0,0.5031232382107962
4,702,0,0.5001131269305279
4,703,0,0.5091293424734854
4,705,0,0.500406441067545
4,711,0,0.5003379532653043
4,713,0,0.5028736923045803
4,718,0,0.5009879973633662
4,730,0,0.5007882115670241
4,738,0,0.5000885349571409
4,742,0,0.5007498020172322
4,753,0,0.5037085786958301
4,754,0,0.5003361364620078
4,765,0,0.5035307335155815
4,766,0,0.5003816877197275
4,768,0,0.5002465976020496
4,771,0,0.5020073682371347
4,777,0,0.5001197039404107
4,780,0,0.5001706142068394
4,783,0,0.5085668768154566
4,787,0,0.5009536036767499
4,793,0,0.500315196289604
4,798,0,0.5005859215712741
4,804,0,0.5001068842492098
4,821,0,0.5001800180041747
4,822,0,0.5029878302351136
4,839,0,0.5001553240144501
4,842,0,0.5026849048764992
4,847,0,0.5000216778189737
4,851,0,0.5001304420906583
4,855,0,0.5006229112550973
4,863,0,0.5010093195557831
4,878,0,0.5003920336250451
4,880,0,0.5006055048725605
4,884,0,0.5014916301586962
4,885,0,0.5071038502175056
4,888,0,0.5001947355810312
4,893,0,0.5027866421695087
4,894,0,0.5005974692401611
4,914,0,0.5042776976267082
4,917,0,0.5000642606643795
4,921,0,0.5011758189974821
4,922,0,0.5004963205637046
4,938,0,0.50033891559522
4,940,0,0.5008352220246545
4,941,0,0.5005630151617149
4,942,0,0.5011817713315717
4,944,0,0.5002141155620904
4,945,0,0.5010783196972174
4,952,0,0.5002962261106927
4,953,0,0.5001563727760923
4,954,0,0.5012989469999147
4,955,0,0.5009215816369352
4,957,0,0.5005119388061307
4,963,0,0.500937850684211
4,970,0,0.5007182579673146
4,982,0,0.5024630106889435
4,999,0,0.5019427699367782
4,1008,0,0.5015713358662822
4,1017,0,0.5011212772695516
4,1022,0,0.5010724863840622
4,1032,0,0.5001081200101201
4,1039,0,0.5000721250491754
4,1047,0,0.5002338624827615
4,1048,0,0.50150552734076
4,1067,0,0.5005461599033457
4,1070,0,0.5007586950126058
4,1078,0,0.5002991344953908
4,1083,0,0.5013230471073634
4,1105,0,0.500129884572917
4,1106,0,0.5005674718925297
4,1109,0,0.5004270852454632
4,1112,0,0.5005119476133733
4,1115,0,0.5012886198987017
4,1124,0,0.5011287158876285
4,1125,0,0.5005699729127464
4,1129,0,0.5020949359857272
4,1143,0,0.500657088520008
4,1150,0,0.501859482401058
4,1152,0,0.5069506911220709
4,1153,0,0.5002955723047806
4,1154,0,0.5048672238815408
4,1169,0,0.5006868103893586
4,1176,0,0.5003554137910078
4,1196,0,0.5011324842772941
4,1205,0,0.5005496942671462
4,1212,0,0.5002308828778916
4,1219,0,0.5004836364337225
4,1220,0,0.5014399766425026
4,1222,0,0.5008203460612665
4,1228,0,0.5008217811456238
4,1233,0,0.5003336070041438
4,1253,0,0.5009935752139977
4,1262,0,0.5012126743755176
4,1265,0,0.5021139837878233
4,1266,0,0.5002090065887584
4,1267,0,0.5021600490108211
4,1273,0,0.5008027442417912
4,1274,0,0.5005595746249861
4,1281,0,0.5000546331715411
4,1285,0,0.5000680595761517
4,1290,0,0.5005655037517787
4,1298,0,0.5012472338787474
4,1299,0,0.500084475936372
4,1302,0,0.5049133587292184
4,1306,0,0.5003083053161608
4,1307,0,0.5001422813562053
4,1310,0,0.502155608597237
4,1311,0,0.5007770142185822
4,1314,0,0.5000897150094116
4,1315,0,0.5017023338383846
4,1318,0,0.5012753168494394
4,1323,0,0.5111241334167269
4,1334,0,0.5001197819346442
4,1343,0,0.5001816653372524
4,1345,0,0.5011358994468591
4,1346,0,0.5009222806275895
4,1348,0,0.5012943009803856
4,1350,0,0.5002270670908064
4,1368,0,0.508010485997432
4,1374,0,0.5004416544218171
4,1378,0,0.5038993243251164
4,1392,0,0.5008053178763483
4,1393,0,0.5000246517112282
4,1394,0,0.5001180214907305
4,1395,0,0.500496918051186
4,1403,0,0.5025988639592845
4,1422,0,0.5006163996495235
4,1424,0,0.5051689261609713
4,1426,0,0.5008466317733791
4,1427,0,0.500102299088453
4,1429,0,0.5002944783470175
4,1430,0,0.5001978259303714
4,1432,0,0.5002463209327523
4,1434,0,0.5001313144168521
4,1441,0,0.5001773470594776
4,1446,0,0.502041504844896
4,1447,0,0.5007120879230935
4,1448,0,0.500167009228605
4,1450,0,0.5004059824057551
4,1451,0,0.501101883455536
4,1454,0,0.5012773486623655
4,1457,0,0.5001183569299231
4,1461,0,0.5004230890798163
4,1462,0,0.500342080488015
4,1463,0,0.500735150441799
4,1464,0,0.502045329416113
4,1467,0,0.5001539764505883
4,1470,0,0.5006185960356808
4,1473,0,0.5008320266439876
4,1479,0,0.501508846898287
4,1492,0,0.5003662938352321
4,1493,0,0.5006973199703232
4,1494,0,0.5009387442361962
4,1511,0,0.500318608667872
4,1512,0,0.5023350599840596
4,1528,0,0.5000874238004703
4,1536,0,0.5000930068835495
4,1548,0,0.5000856692808832
4,1555,0,0.5003167836000342
4,1570,0,0.5006030951603759
4,1581,0,0.5002771462193665
4,1582,0,0.5000991914879596
4,1584,0,0.5010369086069915
4,1587,0,0.5003235732023857
4,1591,0,0.5008378387270523
4,1594,0,0.5066997109295769
4,1618,0,0.5015557621316232
4,1624,0,0.50105827682807
4,1638,0,0.5008463255806413
4,1639,0,0.5007110353961775
4,1660,0,0.500483909499758
4,1663,0,0.5003973951998113
4,1666,0,0.5002679548152122
4,1669,0,0.5025962729590704
4,1674,0,0.5008006956478621
4,1677,0,0.5039779298415676
4,1679,0,0.5001831393747364
4,1686,0,0.5010390771318796
4,1689,0,0.500536302749406
4,1690,0,0.5012244843131891
4,1692,0,0.5001748619619407
4,1695,0,0.503546267974457
4,1696,0,0.5029240264230996
4,1699,0,0.5001653530525124
4,1701,0,0.5000799213819223
4,1708,0,0.5014970341383893
4,1721,0,0.5005947772103321
4,1723,0,0.5018885496393735
4,1724,0,0.5000466761750176
4,1732,0,0.5028428175275792
4,1741,0,0.501848760536792
4,1746,0,0.5002845860058316
4,1747,0,0.5007469963472432
4,1753,0,0.5000526924133634
4,1755,0,0.5014618788607399
4,1758,0,0.500170629758307
4,1766,0,0.504060541708982
4,1769,0,0.5002748630245616
4,1777,0,0.5010633472707925
4,1779,0,0.5005979385381079
4,1795,0,0.5002560489156508
4,1798,0,0.5001090986176404
4,1805,0,0.5022137081894242
4,1806,0,0.5000746558660556
4,1812,0,0.5037522899677573
4,1815,0,0.5038930521715498
4,1823,0,0.5001890664634168
4,1836,0,0.5003915617622714
4,1839,0,0.5004164700397028
4,1842,0,0.5006171447167961
4,1847,0,0.500488590982215
4,1851,0,0.5013521702128323
4,1862,0,0.5000475707614356
4,1864,0,0.5025927631083168
4,1870,0,0.5008512998181273
4,1878,0,0.5030013306298979
4,1879,0,0.5000680046005205
4,1883,0,0.500126240411191
4,1884,0,0.5026317343250826
4,1892,0,0.5017198651594379
4,1893,0,0.5006222305663104
4,1894,0,0.5007332864104613
4,1897,0,0.5004789522740959
4,1908,0,0.5006247161022307
4,1913,0,0.500082088065679
4,1917,0,0.5008884319308057
4,1921,0,0.5012965403321631
4,1922,0,0.5007076648001461
4,1932,0,0.500916319114403
4,1933,0,0.5001450261546263
4,1938,0,0.5003078158197604
4,1952,0,0.5005956182897764
4,1957,0,0.5006285019017979
4,1963,0,0.5008915989605021
4,1967,0,0.5000988556465435
4,1973,0,0.5007660512695701
4,1975,0,0.5220291428584284
4,1977,0,0.5024979014918577
4,1981,0,0.5000570844087828
4,1985,0,0.5011120071033492
4,1986,0,0.5002174823471887
4,1991,0,0.5014029867577888
4,1992,0,0.5014782999035605
4,1993,0,0.5001792698384527
4,1997,0,0.5002638037982486
4,2003,0,0.5009919977217582
4,2006,0,0.5001331035744454
4,2010,0,0.5001254531036531
4,2015,0,0.5003380175329986
4,2017,0,0.5001705124717343
4,2018,0,0.5002367213586092
4,2021,0,0.5006878555347002
4,2027,0,0.5000956274328933
4,2031,0,0.5003135118122909
4,2035,0,0.5018932296714653
4,2039,0,0.5004547877864652
4,2041,0,0.501534059492853
4,2043,0,0.5002936273195757
4,2046,0,0.5003793394412435
4,2055,0,0.5001557316596951
4,2066,0,0.5009886649189744
4,2085,0,0.5010817479730273
4,2086,0,0.5016281380745364
4,2088,0,0.5041374564786051
4,2091,0,0.5088604087706252
4,2093,0,0.5049965145717132
4,2101,0,0.5004974334294666
4,2108,0,0.5022621947052336
4,2110,0,0.5004475460976738
4,2117,0,0.500946859161739
4,2125,0,0.5034985036988049
4,2130,0,0.5007265654282742
4,2134,0,0.5004493078491163
4,2143,0,0.5053544607014059
4,2145,0,0.5018145058136502
4,2150,0,0.504569562734675
4,2152,0,0.5013896914738378
4,2155,0,0.5001855656876155
4,2157,0,0.5000828680985628
4,2159,0,0.5009986388073099
4,2160,0,0.5003260011456997
4,2163,0,0.5055472631021237
4,2167,0,0.503452609152768
4,2176,0,0.5011255745095192
4,2179,0,0.5000677074923048
4,2182,0,0.5004945661753459
4,2184,0,0.5002636067978973
4,2185,0,0.5081832152503502
4,2194,0,0.5001306465980768
4,2199,0,0.5009748901739619
4,2203,0,0.5006143220542144
4,2209,0,0.5003253945979045
4,2213,0,0.5004454552102132
4,2216,0,0.5003825891919164
4,2218,0,0.5142831057497811
4,2227,0,0.5008428341290471
4,2228,0,0.5013415705797777
4,2242,0,0.5002432051109258
4,2249,0,0.5000590910878635
4,2258,0,0.5020240251243908
4,2263,0,0.5243436184177697
4,2275,0,0.5019194718351637
4,2283,0,0.5003542969534129
4,2288,0,0.5005323705977007
4,2317,0,0.5013141483937157
4,2318,0,0.5003046506053925
4,2319,0,0.5004967801160408
4,2328,0,0.5004703708348319
4,2329,0,0.5018149689150385
4,2331,0,0.5032456953650649
4,2334,0,0.5012952165033585
4,2338,0,0.5004158134991961
4,2339,0,0.5028815363097626
4,2341,0,0.5011504242524012
4,2360,0,0.5004870999828277
4,2375,0,0.5002265404586467
4,2377,0,0.500352503595983
4,2382,0,0.5033729393315881
4,2384,0,0.5002309792160522
4,2386,0,0.5000327877294274
4,2394,0,0.5004953621006802
4,2397,0,0.5001099205485768
4,2403,0,0.500231188856541
4,2407,0,0.5022963730821942
4,2410,0,0.5002940856465835
4,2413,0,0.500715836707883
4,2439,0,0.5020342624275519
4,2442,0,0.500103434178574
4,2444,0,0.5008415645893108
4,2448,0,0.5006059922218815
4,2453,0,0.5021809707159562
4,2454,0,0.5008345548226496
4,2456,0,0.5003051163910616
4,2473,0,0.5002239839579682
4,2476,0,0.5050466947601903
4,2486,0,0.5008352742703461
4,2488,0,0.500084942561766
4,2494,0,0.5003153614116121
4,2499,0,0.5002426900279485
4,2508,0,0.5007342067946059
4,2509,0,0.5004070071357627
4,2510,0,0.5002305661362456
4,2525,0,0.5000377540758929
4,2526,0,0.500277006794196
4,2549,0,0.500922005079476
4,2552,0,0.5002465046971283
4,2557,0,0.5000461589982215
4,2560,0,0.5004288206814036
4,2565,0,0.501166938536553
4,2567,0,0.5002796597276897
4,2575,0,0.5004232125411425
4,2584,0,0.501402309772787
4,2586,0,0.5001616295023013
4,2587,0,0.5010805508969617
4,2605,0,0.5009170325032095
4,2614,0,0.5000531582410953
4,2618,0,0.5005529283899938
4,2623,0,0.5029337459434787
4,2626,0,0.5012990224211817
4,2634,0,0.5001355990651744
4,2636,0,0.5019889429523401
4,2641,0,0.5004310177656298
4,2652,0,0.5001299484676298
4,2655,0,0.5007727209085764
4,2659,0,0.5000674554255815
4,2663,0,0.5012755515693195
4,2667,0,0.5009227883973595
4,2693,0,0.5022626037738502
4,2694,0,0.5099996499105433
4,2701,0,0.5015798238728878
4,2704,0,0.502670197577884
4,2706,0,0.5025578041841648
4,2710,0,0.5012789566898985
4,2716,0,0.5011256824245273
4,2718,0,0.5087472454954836
4,2724,0,0.5004035188589413
4,2726,0,0.5019691203427573
4,2732,0,0.500180431795854
4,2746,0,0.5002439482965921
4,2747,0,0.5006887474913374
4,2755,0,0.50098337813231
4,2757,0,0.5002836386109752
4,2762,0,0.5000866426739646
4,2763,0,0.5013325135527185
4,2765,0,0.5039696328287461
4,2766,0,0.5000448753979262
4,2768,0,0.5000317643556941
4,2769,0,0.5003208181506473
4,2788,0,0.500963021606849
4,2790,0,0.5011846886798852
4,2791,0,0.5026789256331745
4,2793,0,0.5001922770973165
4,2795,0,0.5020196782322807
4,2797,0,0.5001966123818175
4,2800,0,0.5002363482065963
4,2802,0,0.5001988456493944
4,2804,0,0.5000283776494566
4,2806,0,0.5002278184731063
4,2808,0,0.5004609841726062
4,2816,0,0.5001987929808529
4,2817,0,0.5000893841765421
4,2819,0,0.5001728604146793
4,2821,0,0.5001417206543998
4,2831,0,0.5001225412106866
4,2846,0,0.5032208601230163
4,2851,0,0.5036121292893517
4,2853,0,0.5005269649885349
4,2856,0,0.5021953136633605
4,2864,0,0.5003270491478008
4,2866,0,0.5001582265105781
4,2873,0,0.5010787697542541
4,2874,0,0.5105818280257245
4,2876,0,0.5004307258094204
4,2878,0,0.5000402250124631
4,2879,0,0.5000819387767388
4,2884,0,0.5006252841673932
4,2894,0,0.5003620785559678
4,2905,0,0.5004494864560347
4,2910,0,0.5000967564862141
4,2911,0,0.5003698554335132
4,2918,0,0.5000694472169545
4,2923,0,0.5001642302906929
4,2924,0,0.5001646745100439
4,2940,0,0.5019342204545848
4,2941,0,0.5002635285110347
4,2948,0,0.5006027930615751
4,2949,0,0.5005499504633844
4,2952,0,0.500384230055964
4,2956,0,0.5006201265390399
4,2967,0,0.5060713003646545
4,2971,0,0.50060615631698
4,2976,0,0.5020786840403632
4,2985,0,0.5027755891624704
4,2986,0,0.500378250677881
4,2989,0,0.5003887811438141
4,2993,0,0.513887135400475
4,2997,0,0.5002031268259162
4,3001,0,0.500697577301323
4,3002,0,0.5002991851477818
4,3004,0,0.5015433177835459
4,3005,0,0.5023526030537939
4,3018,0,0.5003793471742239
4,3020,0,0.5002034185296499
4,3021,0,0.5011662979840847
4,3022,0,0.5002256318841757
4,3030,0,0.5005523015566081
4,3032,0,0.5017013731555047
4,3043,0,0.500310585845843
4,3056,0,0.5011725684419273
4,3060,0,0.500486379508859
4,3062,0,0.5033358623499492
4,3066,0,0.5016414042751626
4,3067,0,0.5010225046335938
4,3074,0,0.5000581745021981
4,3079,0,0.500474989903433
4,3082,0,0.5008009085804193
4,3091,0,0.5000654680856328
4,3098,0,0.5003751304768873
4,3101,0,0.5007954711019086
4,3109,0,0.5000992378679221
4,3112,0,0.5048144482384597
4,3119,0,0.5003360983111226
4,3124,0,0.5014998011175741
4,3135,0,0.5006104007504203
4,3137,0,0.5045681415886355
4,3143,0,0.5012273340467006
4,3151,0,0.5018605410437912
4,3152,0,0.5013388408852235
4,3155,0,0.5005790127932683
4,3156,0,0.5002563484270058
4,3158,0,0.5006252599697754
4,3166,0,0.5002955887031126
4,3169,0,0.5001379822423232
4,3172,0,0.5010562321774499
4,3178,0,0.5004164923107417
4,3185,0,0.5002142525767947
4,3197,0,0.5003661840897595
4,3200,0,0.5004129248911211
4,3218,0,0.5012076660773495
4,3221,0,0.5005119166333281
4,3222,0,0.500250194698327
4,3227,0,0.5002175934706525
4,3241,0,0.5001631494575104
4,3250,0,0.5018052445903705
4,3256,0,0.500095545383861
4,3262,0,0.5006379938699965
4,3264,0,0.5001543996103434
4,3266,0,0.5001402602341981
4,3267,0,0.5006641236078196
4,3270,0,0.5000532362876222
4,3271,0,0.5008283781397004
4,3278,0,0.5011586278095813
4,3281,0,0.5001049326866466
4,3284,0,0.501306424875168
4,3285,0,0.5002005388273301
4,3289,0,0.5016101743088145
4,3291,0,0.5001129462867264
4,3306,0,0.5017337638174649
4,3312,0,0.500733190158575
4,3321,0,0.504330944663329
4,3323,0,0.5001485767034873
4,3331,0,0.5000313544404396
4,3334,0,0.5001642806483055
4,3336,0,0.5003966515027631
4,3345,0,0.5001673426161765
4,3359,0,0.5009226945894473
4,3362,0,0.5006212302584897
4,3363,0,0.5013781095932068
4,3368,0,0.5002352933935306
4,3370,0,0.5003310109978893
4,3377,0,0.5021392606932279
4,3380,0,0.5000590701657625
4,3382,0,0.5001792551289944
4,3384,0,0.5027879288757955
4,3385,0,0.500418021871617
4,3387,0,0.5008605446375965
4,3388,0,0.5440587056073358
4,3391,0,0.500145511956183
4,3398,0,0.5006392417776176
4,3405,0,0.5000258339116985
4,3410,0,0.5004578343105984
4,3412,0,0.5005857312246937
4,3413,0,0.500061648141667
4,3422,0,0.500071224894934
4,3428,0,0.5001555133854272
4,3431,0,0.5005047278011269
4,3437,0,0.5003426472837842
4,3440,0,0.5026024628113253
4,3445,0,0.5003047271586389
4,3448,0,0.5008587548533258
4,3460,0,0.5002372241705235
4,3467,0,0.5002432868152556
4,3475,0,0.5002155224012078
4,3484,0,0.500492771648548
4,3486,0,0.5006906478603336
4,3490,0,0.5001395351303642
4,3494,0,0.5007865915146478
4,3503,0,0.5006512830045312
4,3504,0,0.5002242352927898
4,3505,0,0.500197235752267
4,3509,0,0.500127819199307
4,3511,0,0.5001663005128969
4,3512,0,0.5003991081335684
4,3515,0,0.5003361798357052
4,3523,0,0.500784657232209
4,3524,0,0.5006312228171843
4,3526,0,0.500519821070036
4,3528,0,0.5019802996738869
4,3532,0,0.5001872262128209
4,3537,0,0.501174035244943
4,3545,0,0.500231755255251
4,3552,0,0.5002672256083194
4,3553,0,0.5001417632978316
4,3566,0,0.5057708536270797
4,3570,0,0.5019530709189879
4,3573,0,0.500175047242866
4,3578,0,0.5007401649273433
4,3584,0,0.5004921417633953
4,3595,0,0.500147331913541
4,3602,0,0.5022690837337445
4,3604,0,0.5015926987280901
4,3609,0,0.5003245139411739
4,3612,0,0.5006577223018247
4,3617,0,0.5008270253453494
4,3621,0,0.5000570874418862
4,3622,0,0.5002975166006016
4,3636,0,0.5011151825024801
4,3642,0,0.5002015501521287
4,3645,0,0.5002145202427626
4,3646,0,0.5011971264781699
4,3648,0,0.5056479339055935
4,3654,0,0.5011458415860902
4,3658,0,0.5001455019501775
4,3661,0,0.5003370727920208
4,3672,0,0.5001796490323853
4,3675,0,0.5040439651500266
4,3677,0,0.5010358556356187
4,3685,0,0.5001632688282776
4,3690,0,0.502394863816564
4,3698,0,0.5005515177752303
4,3710,0,0.5002201673707394
4,3714,0,0.5006271397204366
4,3715,0,0.5019581941446247
4,3724,0,0.5016504359879541
4,3736,0,0.500074776751939
4,3739,0,0.5001156136037672
4,3740,0,0.5007901186407575
4,3746,0,0.5006629805477265
4,3753,0,0.5010175522435012
4,3758,0,0.5008211059605182
4,3759,0,0.5002738442059077
4,3761,0,0.5008402450513142
4,3763,0,0.5017610188883739
4,3776,0,0.5004572206388062
4,3804,0,0.5001051517343332
4,3813,0,0.5001875497137172
4,3825,0,0.5020182838772436
4,3826,0,0.5011206409579235
4,3840,0,0.5002803496068721
4,3842,0,0.5005012577611588
4,3845,0,0.5001197265033557
4,3849,0,0.5005451649594295
4,3850,0,0.5002347213361991
4,3858,0,0.5008444693839147
4,3861,0,0.5002124070078358
4,3863,0,0.5003350750986063
4,3865,0,0.5006243188593352
4,3867,0,0.5002470952990975
4,3869,0,0.5002806236019154
4,3872,0,0.5011061489121191
4,3879,0,0.5000816157863096
4,3880,0,0.5037878897818667
4,3885,0,0.5002181635431715
4,3902,0,0.500087350968551
4,3903,0,0.5035347536074969
4,3910,0,0.500306186152917
4,3913,0,0.5038321265128222
4,3915,0,0.5007450965883323
4,3921,0,0.5014461281431369
4,3922,0,0.5003851781435565
4,3923,0,0.5026282892035133
4,3924,0,0.5031717271023795
4,3927,0,0.5006638427592318
4,3934,0,0.5008136850959506
4,3939,0,0.5001094892692595
4,3941,0,0.5003143887887436
4,3942,0,0.5017765765311801
4,3944,0,0.5022659553007964
4,3950,0,0.5002570936759482
4,3952,0,0.5005013884155206
4,3956,0,0.500221166955322
4,3957,0,0.5001209365678387
4,3979,0,0.5000760871654004
4,3983,0,0.5013823941127038
4,3993,0,0.5000729328335588
4,3995,0,0.5012315958578889
4,4005,0,0.5044818132410935
4,4007,0,0.5014209079581281
4,4011,0,0.5000747283318716
4,4013,0,0.5002595319288609
4,4017,0,0.5004771249815344
4,4021,0,0.5000584029079446
4,4022,0,0.5002562485143984
4,4031,0,0.5003708156856456
4,4034,0,0.5003866058687801
4,4036,0,0.5013472047431952
4,4041,0,0.5003576717952769
4,4047,0,0.5001846888607273
4,4060,0,0.5004881034248843
4,4062,0,0.5005511778182803
4,4063,0,0.5005137061256921
4,4068,0,0.501900432844256
4,4069,0,0.5006138052860769
4,4076,0,0.5003180442057582
4,4079,0,0.5018927556568761
4,4093,0,0.5007581094312386
4,4095,0,0.5068958829893732
4,4100,0,0.5001735644941209
4,4101,0,0.5004150444614427
4,4102,0,0.5002870943794783
4,4109,0,0.5002557219460545
4,4116,0,0.5015099147304464
4,4125,0,0.5002726117793672
4,4126,0,0.5004479435585194
4,4127,0,0.5004424945636027
4,4131,0,0.5004287908092215
4,4133,0,0.5019007877995367
4,4135,0,0.5004943338259591
4,4136,0,0.5001912872599863
4,4138,0,0.5002994823759934
4,4146,0,0.5003739354288118
4,4148,0,0.5009099520528901
4,4154,0,0.5001182440300644
4,4165,0,0.5009010174398202
4,4166,0,0.5003042453331193
4,4168,0,0.5002018985008526
4,4175,0,0.5005139359752449
4,4176,0,0.5013143148447491
4,4177,0,0.5018440210717529
4,4182,0,0.5002494912141898
4,4185,0,0.5006025394888268
4,4191,0,0.5000268570754554
4,4193,0,0.5050422615861139
4,4207,0,0.5013272266233972
4,4228,0,0.5013262600276647
4,4229,0,0.5004351288801392
4,4235,0,0.5016597998776784
4,4237,0,0.5002405951728631
4,4240,0,0.5001436586755426
4,4243,0,0.503320012626901
4,4244,0,0.5017408402268974
4,4255,0,0.5004168334681351
4,4258,0,0.5021952769263024
4,4266,0,0.5002088029929023
4,4277,0,0.5005070379399271
4,4279,0,0.5001625219309386
4,4286,0,0.5014581639171777
4,4293,0,0.500144050359397
4,4295,0,0.5013399232627811
4,4310,0,0.5003514949669023
4,4332,0,0.5022222990177613
4,4341,0,0.5004381306478879
4,4348,0,0.500631411229495
4,4355,0,0.5005837113369696
4,4356,0,0.5009524121092076
4,4357,0,0.5003762514404689
4,4366,0,0.5074487691967894
4,4374,0,0.5023861811552017
4,4375,0,0.5004763693393951
4,4378,0,0.5027762451420227
4,4379,0,0.5000908840712786
4,4380,0,0.5000774744048151
4,4384,0,0.5010219235542921
4,4385,0,0.5012431271651797
4,4388,0,0.5021370184052261
4,4394,0,0.501061165231374
4,4400,0,0.5009118979207987
4,4410,0,0.5002174201741515
4,4419,0,0.5035619782717029
4,4421,0,0.5007271032517455
4,4425,0,0.5001337561964084
4,4441,0,0.5007067545549195
4,4443,0,0.5024896417341427
4,4447,0,0.5004855043314883
4,4450,0,0.5000511936687471
4,4452,0,0.5029191357772623
4,4454,0,0.5007291556758867
4,4458,0,0.5001849981895105
4,4464,0,0.5004083648619778
4,4465,0,0.5007656093267686
4,4466,0,0.5002277655658434
4,4471,0,0.5080731372518651
4,4472,0,0.500378955876516
4,4475,0,0.5033859430188535
4,4478,0,0.5002656844015606
4,4479,0,0.5003572323098386
4,4481,0,0.5003035886525539
4,4486,0,0.5003337495527834
4,4491,0,0.5002424835454139
4,4495,0,0.5005518963348106
4,4497,0,0.5003436720720423
4,4500,0,0.5013862778397399
4,4509,0,0.5052257972307416
4,4510,0,0.5009558084534956
4,4513,0,0.5007968027021935
4,4516,0,0.5019455733770953
4,4518,0,0.5009133892931971
4,4520,0,0.5001452077806355
4,4526,0,0.5001198568391754
4,4527,0,0.5016281920674059
4,4528,0,0.5003094230554035
4,4539,0,0.5001011885600086
4,4541,0,0.501645249174567
4,4543,0,0.5000699435054581
4,4550,0,0.5001289252492033
4,4551,0,0.5022567047953799
4,4554,0,0.5003343751455477
4,4556,0,0.5003744213105608
4,4561,0,0.5019555878900752
4,4570,0,0.5007874137149273
4,4599,0,0.5034488339637471
4,4600,0,0.5002081744432754
4,4602,0,0.5002703781903884
4,4608,0,0.5002026766846146
4,4611,0,0.5011290725344885
4,4619,0,0.5002902539719525
4,4625,0,0.5002776815331972
4,4626,0,0.5003703698039723
4,4628,0,0.5002049525094918
4,4629,0,0.5016651609666428
4,4634,0,0.5002021920606734
4,4645,0,0.5001026081300024
4,4650,0,0.5046018583044766
4,4651,0,0.5006812198372318
4,4652,0,0.5004105991682163
4,4654,0,0.5004161538877375
4,4660,0,0.5004544847421696
4,4661,0,0.5015409521333788
4,4664,0,0.5013072820364144
4,4665,0,0.5018745889532699
4,4678,0,0.5023550155155385
4,4680,0,0.5002459787131662
4,4682,0,0.5015502743620001
4,4698,0,0.5009633933282515
4,4700,0,0.5006498760827652
4,4703,0,0.5012995675476964
4,4711,0,0.500673918976834
4,4713,0,0.5008021574091919
4,4722,0,0.5022094110048816
4,4724,0,0.5001376651378427
4,4728,0,0.500092864999631
4,4734,0,0.5000391725611156
4,4736,0,0.5001130701681326
4,4737,0,0.5018318072629326
4,4750,0,0.5003499833709527
4,4752,0,0.5008064568154285
4,4753,0,0.5028242404700561
4,4754,0,0.5016910373469695
4,4756,0,0.5002001104944473
4,4760,0,0.5001002211983493
4,4763,0,0.5008003964678734
4,4764,0,0.5037331884388351
4,4775,0,0.5024822070368332
4,4776,0,0.5010642339342237
4,4779,0,0.5006487686658956
4,4783,0,0.5004584813271552
4,4788,0,0.5005829483884398
4,4791,0,0.5001754391969165
4,4796,0,0.5002743004277606
4,4797,0,0.5004644552315874
4,4808,0,0.500531581446202
4,4815,0,0.5009428479158486
4,4820,0,0.5000650989944976
4,4825,0,0.5025911319319167
4,4833,0,0.5008716128659798
4,4838,0,0.5044739627771212
4,4840,0,0.5003317856342361
4,4842,0,0.5001432492752582
4,4843,0,0.524189580205565
4,4844,0,0.5002256518289716
4,4847,0,0.5027478089548035
4,4859,0,0.5000924657100783
4,4862,0,0.5006352716174483
4,4868,0,0.5004399518857777
4,4875,0,0.5004249432470688
4,4877,0,0.5001467594130903
4,4879,0,0.5024809594996466
4,4880,0,0.5004762400051159
4,4882,0,0.5028482653826924
4,4889,0,0.5016494055110172
4,4892,0,0.5007469609993145
4,4895,0,0.5111333493766554
4,4897,0,0.5017910400216989
4,4899,0,0.5000657865265167
4,4903,0,0.5003322319975118
4,4906,0,0.5002068059984104
4,4913,0,0.5001091367139933
4,4915,0,0.501149219054224
4,4925,0,0.5004226035508148
4,4927,0,0.5011697645981473
4,4933,0,0.5004158274867765
4,4936,0,0.5005524987819088
4,4937,0,0.500481743086307
4,4938,0,0.500524305553934
4,4954,0,0.5028510888511913
4,4957,0,0.5004617127539583
4,4962,0,0.5009675908042897
4,4967,0,0.5026591825873389
4,4969,0,0.5008629264775613
4,4984,0,0.5009607568139312
4,4986,0,0.501160224270601
4,5003,0,0.5003789970728023
4,5011,0,0.5025439060395165
4,5013,0,0.5013850636892405
4,5015,0,0.500453501942762
4,5023,0,0.500518682042406
4,5024,0,0.5014975534481216
4,5028,0,0.5002251687373083
4,5029,0,0.5001016185684762
4,5034,0,0.5011638929061907
4,5040,0,0.5001007261262354
4,5041,0,0.5002088870182277
4,5045,0,0.5015135724410066
4,5046,0,0.5038186725380187
4,5051,0,0.5005668240863128
4,5052,0,0.5003994030955826
4,5055,0,0.5000700917282423
4,5061,0,0.5001247583343377
4,5062,0,0.5005219796895647
4,5064,0,0.5003196090520391
4,5077,0,0.5011618807631303
4,5078,0,0.5054486253849506
4,5082,0,0.5007034420837735
4,5085,0,0.5031905911893417
4,5095,0,0.5001289851563558
4,5096,0,0.500096056666549
4,5101,0,0.5015973635008625
4,5105,0,0.500361984104728
4,5106,0,0.5023099234869581
4,5107,0,0.5084886418528171
4,5109,0,0.5012458084921817
4,5111,0,0.5016837189874056
4,5118,0,0.5002505069845493
4,5125,0,0.5003590465627423
4,5131,0,0.5001630932831094
4,5136,0,0.5009270386992052
4,5143,0,0.5005990907992931
4,5154,0,0.5020378600780742
4,5161,0,0.5005331475315583
4,5164,0,0.500458602082297
4,5165,0,0.5005966863777321
4,5170,0,0.5001496294947892
4,5178,0,0.5020706335501961
4,5179,0,0.5002463866805292
4,5181,0,0.5231482658485245
4,5188,0,0.5010642063393148
4,5191,0,0.5037600578617454
4,5193,0,0.500106458349349
4,5200,0,0.500493512083441
4,5203,0,0.500595893010561
4,5212,0,0.5033235294061842
4,5226,0,0.5000789244574573
4,5227,0,0.500602603250597
4,5229,0,0.5003234491481081
4,5235,0,0.5003615408752531
4,5240,0,0.5016974348780618
4,5244,0,0.500223509704312
4,5250,0,0.5014101932439486
4,5252,0,0.5008626644272199
4,5266,0,0.5003935854541732
4,5267,0,0.5066998501579429
4,5272,0,0.5004405357052784
4,5274,0,0.5003752674492256
4,5276,0,0.5027669292455238
4,5277,0,0.50018193677494
4,5278,0,0.5004952387113144
4,5279,0,0.5007165739532529
4,5280,0,0.5009250844447084
4,5285,0,0.5007035379499711
4,5286,0,0.5004930843538313
4,5293,0,0.5017544116479749
4,5296,0,0.5002842060955363
4,5297,0,0.5002658209783485
4,5304,0,0.5004012905372011
4,5305,0,0.5003409997048129
4,5313,0,0.5031439840500752
4,5318,0,0.5004708173336874
4,5319,0,0.500115800342902
4,5321,0,0.5003314656372984
4,5324,0,0.5020751442553867
4,5326,0,0.5011080772781084
4,5328,0,0.5004885333404113
4,5341,0,0.5017611360911218
4,5345,0,0.5003400794656377
4,5368,0,0.5005660467125217
4,5384,0,0.5002621759384968
4,5387,0,0.5004788357988694
4,5389,0,0.5067493885663293
4,5403,0,0.5008547377763708
4,5406,0,0.5004666938378458
4,5407,0,0.5002995326899358
4,5410,0,0.5043157003877865
4,5413,0,0.5031083033343626
4,5417,0,0.5000523033740106
4,5422,0,0.5004669001077042
4,5426,0,0.5009737848593776
4,5430,0,0.5012522769867845
4,5445,0,0.5000856110585662
4,5446,0,0.5005343560946139
4,5450,0,0.5020350119903364
4,5452,0,0.5000447174543046
4,5454,0,0.5003973522913261
4,5463,0,0.5001351753618967
4,5465,0,0.50056532186604
4,5467,0,0.5011097389143842
4,5468,0,0.501794575572283
4,5469,0,0.5010190566874883
4,5478,0,0.5001947670113254
4,5485,0,0.5003244376424646
4,5490,0,0.5001236191271837
4,5494,0,0.5001213216849193
4,5497,0,0.5002181242941012
4,5498,0,0.5002064236907329
4,5517,0,0.500893352025595
4,5527,0,0.5002017630835423
4,5531,0,0.5005554073142764
4,5541,0,0.5007005929743417
4,5550,0,0.5013479623680114
4,5553,0,0.5017034815529948
4,5555,0,0.5000924636383386
4,5568,0,0.5025535209265922
4,5573,0,0.500425132607904
4,5576,0,0.5013231677318174
4,5584,0,0.503228864287696
4,5592,0,0.5011751656474182
4,5595,0,0.5004463119736754
4,5598,0,0.5008147064510787
4,5609,0,0.5012086463593481
4,5617,0,0.5008063168110961
4,5624,0,0.500183173739144
4,5627,0,0.5014201554230217
4,5639,0,0.5011666201448903
4,5654,0,0.5002032904232216
4,5661,0,0.5020863539467468
4,5662,0,0.5001350625890587
4,5670,0,0.5013703321643572
4,5686,0,0.5003082047137591
4,5706,0,0.5004371543685739
4,5725,0,0.5014355943042046
4,5726,0,0.5028022454573677
4,5728,0,0.5002392006829925
4,5730,0,0.5000457873319867
4,5735,0,0.5043198359958494
4,5745,0,0.5001699211210581
4,5747,0,0.5159005373689177
4,5772,0,0.502190129269345
4,5773,0,0.5008509202972499
4,5778,0,0.5003138486653836
4,5779,0,0.5004915046731296
4,5780,0,0.5004119343556945
4,5783,0,0.5017793520254886
4,5785,0,0.5082881820821251
4,5793,0,0.5011849382986941
4,5797,0,0.5004132157587309
4,5804,0,0.5022588267262895
4,5806,0,0.5011507564628377
4,5809,0,0.5012694444100162
4,5810,0,0.5001732048155091
4,5811,0,0.501046558153302
4,5815,0,0.500590152221823
4,5816,0,0.5004300166231721
4,5820,0,0.5013335099656694
4,5825,0,0.5001804497474323
4,5827,0,0.5006695625237183
4,5833,0,0.5007051750507715
4,5834,0,0.5023877269317174
4,5853,0,0.5002595080998609
4,5856,0,0.5010513936790273
4,5857,0,0.500670340145582
4,5859,0,0.5006611584179043
4,5861,0,0.5000572254907384
4,5862,0,0.5001270119811501
4,5873,0,0.5002841401017404
4,5880,0,0.5059055204171217
4,5890,0,0.5047237677048799
4,5895,0,0.5008806046194761
4,5896,0,0.5008180934470088
4,5897,0,0.5004724114805837
4,5898,0,0.5006845853534951
4,5900,0,0.5010432465325202
4,5901,0,0.5008421698724566
4,5910,0,0.5016668653111438
4,5940,0,0.507256054027937
4,5941,0,0.5008332811418477
4,5946,0,0.5003116139843211
4,5952,0,0.503533255427955
4,5960,0,0.5007937110470817
4,5981,0,0.5007845425888235
4,5985,0,0.500165990895833
4,5986,0,0.5006404814823954
4,5992,0,0.500907803475151
4,5993,0,0.500180313993514
4,5998,0,0.5003809905448647
4,6000,0,0.5004068947150522
4,6001,0,0.5042420863885461
4,6004,0,0.5002410783382326
4,6010,0,0.5001284531289205
4,6015,0,0.5007429306662334
4,6022,0,0.5000994944146819
4,6030,0,0.5012027964594054
4,6039,0,0.5001693903659575
4,6043,0,0.500916891224756
4,6048,0,0.5005748938845125
4,6051,0,0.5001743481090187
4,6056,0,0.5031907914254672
4,6059,0,0.5016856520500631
4,6067,0,0.5000927643460036
4,6073,0,0.5003364597039652
4,6091,0,0.5002990329142524
4,6102,0,0.5004272217705333
4,6106,0,0.5003016097453632
4,6115,0,0.5001044292162657
4,6124,0,0.5007630622256702
4,6139,0,0.5002863913655982
4,6148,0,0.5006228150170435
4,6149,0,0.5012749168640792
4,6150,0,0.501638128202508
4,6153,0,0.5000760509197846
4,6157,0,0.5004976283021494
4,6159,0,0.5004562870181594
4,6167,0,0.5004584974185174
4,6168,0,0.5010969305926406
4,6173,0,0.500133073584965
4,6178,0,0.5010098240662809
4,6179,0,0.5082654782296104
4,6180,0,0.5001640221623166
4,6185,0,0.5009244774143476
4,6186,0,0.5005674193609003
4,6187,0,0.5006785934024438
4,6188,0,0.501175097796765
4,6197,0,0.5004855037552256
4,6198,0,0.5009276988412666
4,6209,0,0.500433686181392
4,6215,0,0.5020543099695126
4,6217,0,0.501154170147327
4,6219,0,0.5028570880373943
4,6222,0,0.5002904550699796
4,6225,0,0.5006717142971558
4,6256,0,0.5001989950617943
4,6259,0,0.5002150778409781
4,6272,0,0.5016313433864631
4,6275,0,0.5001801365837943
4,6278,0,0.5015119733545624
4,6293,0,0.5011623008254557
4,6301,0,0.5003327566035642
4,6306,0,0.5019029147301615
4,6308,0,0.5002698206757922
4,6312,0,0.5018950402154367
4,6317,0,0.5147948897732805
4,6318,0,0.5011921727640718
4,6320,0,0.5023696571380223
4,6329,0,0.5002549170240649
4,6331,0,0.5012167797974908
4,6333,0,0.5028892566708884
4,6335,0,0.5002467207018365
4,6337,0,0.500298369868436
4,6340,0,0.5002687892190587
4,6346,0,0.5081139451667266
4,6347,0,0.5037309719404061
4,6349,0,0.5009372205668919
4,6351,0,0.5011525094294859
4,6359,0,0.5004652813273504
4,6361,0,0.5001502221098033
4,6366,0,0.5020973459574116
4,6371,0,0.5001483994652753
4,6377,0,0.500659516592689
4,6384,0,0.5003940368173045
4,6385,0,0.500089807932384
4,6387,0,0.5007336670251906
4,6395,0,0.5011321827726951
4,6396,0,0.5061136473057722
4,6404,0,0.5016398740813893
4,6406,0,0.5006155884685954
4,6415,0,0.5003091818905929
4,6421,0,0.5005810450493068
4,6432,0,0.5000950455625626
4,6435,0,0.5040907094327919
4,6439,0,0.5002206460721391
4,6441,0,0.5013791299261574
4,6445,0,0.5002077871633973
4,6447,0,0.5003427352243365
4,6454,0,0.5004215821569471
4,6462,0,0.5024092514428667
4,6481,0,0.5035431082442362
4,6488,0,0.5005211486928243
4,6507,0,0.500540559705956
4,6509,0,0.5029746817793199
4,6514,0,0.5000887737919925
4,6517,0,0.5004715601345034
4,6522,0,0.5003979873184321
4,6526,0,0.500226270770345
4,6530,0,0.5000225207149868
4,6533,0,0.5004326983809119
4,6537,0,0.5009943642454647
4,6539,0,0.5003883123839351
4,6543,0,0.5000589045130326
4,6551,0,0.502253483172119
4,6556,0,0.5001886022560591
4,6560,0,0.5004008099823712
4,6570,0,0.5005403008605546
4,6572,0,0.5001448717402925
4,6577,0,0.5000799832437036
4,6583,0,0.5050407231119275
4,6585,0,0.5024952731668314
4,6588,0,0.5002869700285659
4,6589,0,0.500903980012578
4,6590,0,0.501456177217564
4,6595,0,0.5009111345437279
4,6600,0,0.5006985247038429
4,6605,0,0.5002199582262704
4,6606,0,0.5004512920572757
4,6614,0,0.5007698491929216
4,6615,0,0.5002363360971409
4,6620,0,0.5005528164936455
4,6621,0,0.5012166322007615
4,6625,0,0.5004290596717
4,6626,0,0.5004669183765481
4,6628,0,0.5003841228824388
4,6632,0,0.5044861974556585
4,6639,0,0.5014823013955053
4,6658,0,0.5005699159464906
4,6665,0,0.50023880766493
4,6667,0,0.5013427159914821
4,6684,0,0.500643767629716
4,6688,0,0.5021091645022058
4,6689,0,0.5155530328718125
4,6694,0,0.5019105464353033
4,6705,0,0.5034549181808614
4,6713,0,0.5002521940640364
4,6715,0,0.5005370606429406
4,6725,0,0.5003592095086961
4,6735,0,0.5002127290090013
4,6737,0,0.5004129227559476
4,6738,0,0.5081095683815308
4,6741,0,0.5001234158194502
4,6744,0,0.5193289162687864
4,6747,0,0.5010104200895958
4,6763,0,0.5001665563413046
4,6766,0,0.5002870679113373
4,6770,0,0.5006297866133357
4,6773,0,0.5002773231083737
4,6787,0,0.5009594573904999
4,6788,0,0.500443331841896
4,6795,0,0.5006298383751336
4,6797,0,0.5003670920165394
4,6801,0,0.5021272533581803
4,6803,0,0.5005895846962402
4,6805,0,0.5014525916741616
4,6806,0,0.5001231485873396
4,6811,0,0.5000414354118555
4,6825,0,0.5001073026499648
4,6833,0,0.5002462593356745
4,6845,0,0.5006798679255524
4,6846,0,0.5008129265575167
4,6851,0,0.5036139558870225
4,6857,0,0.5021071767431201
4,6863,0,0.501892330226723
4,6864,0,0.5001201799048166
4,6866,0,0.5020736366535962
4,6869,0,0.5013180376622584
4,6877,0,0.5002809296740869
4,6886,0,0.5006291061685619
4,6891,0,0.5091423045327914
4,6902,0,0.500812343610556
4,6906,0,0.5012151646232511
4,6909,0,0.5001252717605967
4,6929,0,0.501646184035826
4,6938,0,0.5000822388314973
4,6944,0,0.5057689624454746
4,6947,0,0.5005389899918172
4,6950,0,0.5014068865100508
4,6959,0,0.5001203701631333
4,6977,0,0.5008653461568208
4,6978,0,0.5007919840203626
4,6983,0,0.5008448126285514
4,6992,0,0.5003140676479582
4,6996,0,0.5003487899034027
4,7006,0,0.5008197589937516
4,7009,0,0.5009214577533514
4,7011,0,0.5006047977322123
4,7012,0,0.5015609678114828
4,7018,0,0.5001351240002313
4,7020,0,0.5031847970875325
4,7030,0,0.5050102339153135
4,7037,0,0.5030045466080922
4,7039,0,0.5012250971588652
4,7042,0,0.500949318124971
4,7054,0,0.5017280416927598
4,7062,0,0.5002767545171202
4,7068,0,0.5011448740110876
4,7070,0,0.5006835126794758
4,7072,0,0.5008747424071659
4,7073,0,0.500328942070512
4,7082,0,0.5005680217538612
4,7087,0,0.5006716468632756
4,7088,0,0.5001976067942212
4,7094,0,0.5000800378431492
4,7095,0,0.5008815669946857
4,7107,0,0.5010060218032834
4,7114,0,0.5005000736734672
4,7120,0,0.5002719109856999
4,7122,0,0.5002703507293504
4,7124,0,0.5001216768464365
4,7126,0,0.5013991823588805
4,7148,0,0.5001631854302517
4,7149,0,0.5008826055029133
4,7165,0,0.5007357281574205
4,7173,0,0.500604825116861
4,7176,0,0.500747340432354
4,7177,0,0.5016666484979598
4,7179,0,0.5009140940925849
4,7184,0,0.5007066776841832
4,7185,0,0.5029181037273505
4,7193,0,0.5008654819624457
4,7194,0,0.5002483249458526
4,7215,0,0.5000780339351731
4,7226,0,0.5023771702798137
4,7229,0,0.5002931714977283
4,7233,0,0.5002180856930362
4,7235,0,0.5000821537139335
4,7246,0,0.5009370738573642
4,7259,0,0.5037544506858426
4,7272,0,0.5005902765514332
4,7279,0,0.5002120031373797
4,7284,0,0.5014295544143814
4,7286,0,0.5001604895105596
4,7287,0,0.5037242827337431
4,7289,0,0.5003410274671832
4,7301,0,0.5011665545968153
4,7302,0,0.50180832646275
4,7303,0,0.500085852851582
4,7309,0,0.5007284404444473
4,7316,0,0.503076723002915
4,7326,0,0.5003319198639838
4,7327,0,0.5014357294900151
4,7328,0,0.5010067515747921
4,7338,0,0.500634104286098
4,7342,0,0.5012689446152763
4,7353,0,0.5022422504486055
4,7368,0,0.501057534896189
4,7369,0,0.5009242394234019
4,7370,0,0.5003204803603651
4,7372,0,0.5014128803489869
4,7374,0,0.5002756038663076
4,7375,0,0.500719885660861
4,7382,0,0.5014542557341906
4,7386,0,0.5008439375441697
4,7391,0,0.5001127128540135
4,7405,0,0.5004471004980531
4,7406,0,0.5001565491524328
4,7407,0,0.5003020882896734
4,7413,0,0.5002987536969477
4,7415,0,0.5010836957194378
4,7418,0,0.500716235693555
4,7427,0,0.5011080049578231
4,7435,0,0.5005200464142155
4,7437,0,0.5004364654923084
4,7439,0,0.5027234620440763
4,7444,0,0.5011291184151522
4,7448,0,0.5015194168252481
4,7454,0,0.5013831728304562
4,7455,0,0.510008337205442
4,7456,0,0.5006424811918131
4,7460,0,0.5001533358473542
4,7464,0,0.5005835136951223
4,7466,0,0.5001388491847379
4,7474,0,0.5001123705745
4,7476,0,0.5003547148899049
4,7479,0,0.5011355304729084
4,7483,0,0.5009885183046846
4,7484,0,0.5015180366050572
4,7486,0,0.502842192166644
4,7490,0,0.5000256392286944
4,7491,0,0.5007891849744662
4,7493,0,0.5000205759936287
4,7511,0,0.5004626271619395
4,7513,0,0.5001383044086073
4,7519,0,0.5015395716388134
4,7527,0,0.5004624835970095
4,7531,0,0.5004609345011519
4,7535,0,0.500578574798503
4,7537,0,0.5496670831485226
4,7539,0,0.5000522740394218
4,7541,0,0.5009478023311046
4,7542,0,0.5006241672805848
4,7549,0,0.5005182951506807
4,7567,0,0.5000504941664619
4,7571,0,0.5059997209704753
4,7575,0,0.5009455570775994
4,7580,0,0.5008624360985486
4,7594,0,0.5004131594930002
4,7603,0,0.500037070363155
4,7608,0,0.5019427496348904
4,7612,0,0.5001977713340384
4,7615,0,0.5021869429930372
4,7620,0,0.5004562422722814
4,7627,0,0.5001231433601872
4,7632,0,0.5004212347767865
4,7635,0,0.5019183563829512
4,7638,0,0.5002555534058072
4,7640,0,0.5002454545041017
4,7645,0,0.5006272791393861
4,7647,0,0.5000917908166533
4,7648,0,0.5032908880210458
4,7649,0,0.5001224829226647
4,7650,0,0.500444657762029
4,7668,0,0.5002557696892544
4,7671,0,0.5009347127250207
4,7682,0,0.5004296940422552
4,7692,0,0.500382111165607
4,7694,0,0.5004209487303615
4,7695,0,0.500162985126235
4,7701,0,0.5002562704760816
4,7702,0,0.5033107092577632
4,7708,0,0.5002312565928551
4,7722,0,0.5010546684498062
4,7723,0,0.5005477880612291
4,7725,0,0.5001455429161136
4,7739,0,0.500583004361926
4,7749,0,0.5001799360501384
4,7752,0,0.5016307221195468
4,7756,0,0.5014912985143349
4,7757,0,0.5000325787817422
4,7764,0,0.500137982663052
4,7770,0,0.5002617801019418
4,7773,0,0.5005790578184662
4,7774,0,0.5006031318855584
4,7775,0,0.5050057920512977
4,7776,0,0.5002231190775723
4,7783,0,0.5003161588529187
4,7784,0,0.5017708845972305
4,7786,0,0.5000896831304343
4,7800,0,0.5017914888850403
4,7809,0,0.5007015734367934
4,7815,0,0.5004401085121462
4,7820,0,0.5006701886124644
4,7825,0,0.5028811060593364
4,7829,0,0.5009280390774926
4,7832,0,0.500177099954218
4,7836,0,0.5099888201628955
4,7837,0,0.5008602907249684
4,7841,0,0.5020583726338118
4,7853,0,0.5006235975910795
4,7866,0,0.5035111241879464
4,7873,0,0.5004961316438907
4,7878,0,0.5002277694164683
4,7890,0,0.500171772627992
4,7894,0,0.5000244811132313
4,7902,0,0.500199650952814
4,7905,0,0.5010636781530496
4,7907,0,0.5005169756109831
4,7912,0,0.5007348605688707
4,7929,0,0.5006880502887893
4,7933,0,0.5008902873153005
4,7940,0,0.5001208189958282
4,7951,0,0.5004982713701583
4,7953,0,0.501156912850593
4,7957,0,0.5001267169680013
4,7958,0,0.5093885076786877
4,7959,0,0.5017110085375297
4,7974,0,0.5002013526442007
4,7976,0,0.5000967290833312
4,7983,0,0.5002763095529857
4,7986,0,0.5061176889145063
4,7993,0,0.5000865842577694
4,7997,0,0.5001486045236262
4,7999,0,0.5025359857840257
4,8004,0,0.5002614429816739
4,8005,0,0.5004258056946445
4,8010,0,0.5005706551547664
4,8012,0,0.5006634169691011
4,8016,0,0.5018879467515968
4,8018,0,0.5004034003024672
4,8023,0,0.5005783439752141
4,8036,0,0.5004858795530398
4,8040,0,0.5000537035824454
4,8042,0,0.509082642678022
4,8043,0,0.5002006203571304
4,8046,0,0.5016033376523266
4,8047,0,0.501963758595309
4,8048,0,0.5002033976151492
4,8049,0,0.5002309690566645
4,8050,0,0.5004431098166848
4,8053,0,0.5068741040174
4,8056,0,0.500513881971969
4,8073,0,0.5030595557027905
4,8078,0,0.500806868299633
4,8079,0,0.5000851373876274
4,8082,0,0.5016953897580678
4,8083,0,0.502102738779998
4,8094,0,0.5000369130380086
4,8103,0,0.5003150354141985
4,8104,0,0.5000481710015662
4,8122,0,0.500283894810859
4,8131,0,0.5009995445662148
4,8133,0,0.5005834683371193
4,8136,0,0.5002247692815963
4,8140,0,0.5002047616430704
4,8141,0,0.5002888043099244
4,8149,0,0.5000742120315762
4,8152,0,0.5054261664451958
4,8174,0,0.5004203800217267
4,8176,0,0.500659012750578
4,8187,0,0.5006085796380124
4,8195,0,0.5002773325277954
4,8207,0,0.5002344222816277
4,8208,0,0.5000289800170451
4,8209,0,0.500509443336959
4,8211,0,0.5083291118541909
4,8217,0,0.5004765113457911
4,8218,0,0.5006064103539668
4,8219,0,0.5208346311824196
4,8221,0,0.500486947810434
4,8226,0,0.5003641181399464
4,8233,0,0.5009158161068827
4,8234,0,0.5016664920365307
4,8237,0,0.5011939045638489
4,8242,0,0.5000782808546624
4,8245,0,0.5004334264718788
4,8247,0,0.5003351928436105
4,8248,0,0.5001278613438216
4,8251,0,0.500265515519125
4,8259,0,0.5002320601363118
4,8264,0,0.5004617885544965
4,8269,0,0.5003812407814379
4,8285,0,0.5003246650172982
4,8287,0,0.5009505448129553
4,8293,0,0.5007147953291793
4,8297,0,0.5017189573028573
4,8302,0,0.5000969194718915
4,8306,0,0.5013028629840404
4,8307,0,0.5025018394270572
4,8311,0,0.5002242167090756
4,8319,0,0.5010279920618714
4,8323,0,0.5001947101967749
4,8325,0,0.5013019998330851
4,8335,0,0.5023250447379182
4,8342,0,0.5005102994610339
4,8354,0,0.5001858851367216
4,8356,0,0.5003984260157596
4,8361,0,0.5015294124834365
4,8363,0,0.5005929149529041
4,8364,0,0.5003776499574528
4,8371,0,0.5017161100237665
4,8372,0,0.5001535770538977
4,8379,0,0.501558436205316
4,8381,0,0.5003059438208157
4,8382,0,0.5002494753615649
4,8392,0,0.5017827726594882
4,8397,0,0.5001486859703878
4,8398,0,0.5000830447109599
4,8404,0,0.5013888571153293
4,8405,0,0.5052213004504854
4,8426,0,0.5081961172265523
4,8428,0,0.5008767184946541
4,8430,0,0.5032684138287503
4,8440,0,0.5001648877086178
4,8445,0,0.5008613165760525
4,8447,0,0.5003184625664208
4,8450,0,0.5015251103811571
4,8455,0,0.5000495585271615
4,8458,0,0.5003594408744232
4,8464,0,0.5003049498374625
4,8468,0,0.5006642778745616
4,8471,0,0.5007034435465856
4,8472,0,0.5015716742769214
4,8481,0,0.5001296352803412
4,8482,0,0.5004884274977823
4,8484,0,0.5005620634086856
4,8485,0,0.5006009568934368
4,8488,0,0.5001896510195548
4,8492,0,0.5006490874717098
4,8501,0,0.5003331023069285
4,8507,0,0.5017320333062748
4,8523,0,0.5003711888588498
4,8525,0,0.5004190403328473
4,8539,0,0.5007076450751557
4,8541,0,0.5005485353947703
4,8549,0,0.5062985786121916
4,8553,0,0.5006047879522805
4,8554,0,0.501426844364574
4,8560,0,0.5000263445126494
4,8562,0,0.5007686394214411
4,8565,0,0.5000860718759514
4,8569,0,0.5005584119290478
4,8571,0,0.5015343067344128
4,8576,0,0.5004811197364213
4,8580,0,0.5010077561728438
4,8585,0,0.5015836422576312
4,8593,0,0.5004739989799726
4,8596,0,0.5002176131004523
4,8602,0,0.5003745824069477
4,8603,0,0.5001341406824039
4,8605,0,0.500068213982685
4,8606,0,0.5002205522946175
4,8618,0,0.5004659824380898
4,8631,0,0.5041443804758544
4,8632,0,0.5008848436700001
4,8633,0,0.5003182335889798
4,8637,0,0.5002711849873639
4,8638,0,0.5001531578765392
4,8640,0,0.5049894049688689
4,8641,0,0.501053824084133
4,8646,0,0.5009191016567005
4,8649,0,0.5000716299051653
4,8663,0,0.5030146827669335
4,8665,0,0.5006352184064987
4,8667,0,0.5003243892820132
4,8670,0,0.5077383300239553
4,8678,0,0.5001994515000503
4,8686,0,0.5020063249595585
4,8695,0,0.5004707352544862
4,8702,0,0.5010220663621647
4,8710,0,0.5012051678102591
4,8718,0,0.5016420076472072
4,8720,0,0.5031915736326139
4,8721,0,0.500247679304344
4,8728,0,0.5013817200997854
4,8729,0,0.5003849112746054
4,8731,0,0.5000944620228522
4,8733,0,0.5001270463513688
4,8745,0,0.500374389331202
4,8748,0,0.500244886038603
4,8752,0,0.5027041534038009
4,8762,0,0.500128922579632
4,8768,0,0.5002487339206895
4,8776,0,0.5003076195698444
4,8778,0,0.5004983032097226
4,8779,0,0.5001488592050365
4,8787,0,0.5000231652540857
4,8797,0,0.5004573210223933
4,8798,0,0.5000878265541748
4,8808,0,0.5006594164076092
4,8815,0,0.5001135613944652
4,8819,0,0.5065927813705066
4,8831,0,0.5009020306002985
4,8835,0,0.5023721487781088
4,8843,0,0.5000369482531609
4,8844,0,0.5023105090171962
4,8855,0,0.5004150379903354
4,8857,0,0.5002960722953532
4,8860,0,0.5008595869132452
4,8863,0,0.5003255386346088
4,8870,0,0.5004332210526655
4,8873,0,0.5057359533280471
4,8878,0,0.5002156244365686
4,8883,0,0.5002194393747784
4,8885,0,0.5004723196112519
4,8892,0,0.5001359355929791
4,8897,0,0.5045639089103949
4,8900,0,0.500790193314867
4,8912,0,0.5031099946680843
4,8919,0,0.500401640106839
4,8922,0,0.5070102797878739
4,8933,0,0.5055661192078154
4,8949,0,0.5002996413693134
4,8953,0,0.5044126988726287
4,8961,0,0.5002069782088935
4,8967,0,0.5033951529984989
4,8971,0,0.5008832407595931
4,8981,0,0.5053474008739929
4,8983,0,0.500356738290133
4,8985,0,0.501073400383113
4,8986,0,0.5001374083290507
4,9003,0,0.5014743372577336
4,9009,0,0.500481185740486
4,9012,0,0.5012307641286774
4,9016,0,0.5004730571865855
4,9033,0,0.5025812916398459
4,9036,0,0.5005275797693519
4,9045,0,0.500219491252191
4,9053,0,0.5003947253009277
4,9054,0,0.5006701738618844
4,9071,0,0.5003140434345981
4,9079,0,0.500287997108727
4,9081,0,0.5004610220288478
4,9084,0,0.5018852030681674
4,9086,0,0.5006235866683634
4,9093,0,0.5006070561243426
4,9109,0,0.5010215080190378
4,9114,0,0.5011293859016176
4,9115,0,0.5001604354791852
4,9119,0,0.5174912379134597
4,9122,0,0.5082995681456323
4,9129,0,0.5006091129925502
4,9140,0,0.5003560236671362
4,9154,0,0.5002707936795109
4,9163,0,0.501015153990221
4,9167,0,0.5003714687584983
4,9170,0,0.5000848218589076
4,9175,0,0.5032792471566866
4,9182,0,0.5006989306968439
4,9186,0,0.5047713888079771
4,9187,0,0.5026994553566794
4,9191,0,0.5002703710839481
4,9195,0,0.5005111699410185
4,9196,0,0.5004949555495888
4,9197,0,0.5032371950360505
4,9205,0,0.5002079974083176
4,9219,0,0.5031881189233895
4,9222,0,0.5004693670395433
4,9228,0,0.5001095185871814
4,9229,0,0.5005578012313445
4,9231,0,0.5013660621663363
4,9237,0,0.5001784468766702
4,9238,0,0.500720498591094
4,9248,0,0.5006157487489723
4,9252,0,0.5016250551196645
4,9254,0,0.5010317528924032
4,9255,0,0.5002412364525842
4,9262,0,0.5032497464009454
4,9266,0,0.50076650378612
4,9271,0,0.5016190167723699
4,9273,0,0.5021802525279706
4,9276,0,0.500444108019598
4,9279,0,0.5002555318045574
4,9283,0,0.5005619354731571
4,9284,0,0.501694072947668
4,9285,0,0.5003018137485953
4,9288,0,0.5001986625968472
4,9301,0,0.5002605125873643
4,9309,0,0.5006285174070598
4,9313,0,0.5004373233847728
4,9316,0,0.500430764764419
4,9320,0,0.5021123372883283
4,9321,0,0.5011584703812645
4,9322,0,0.5003695147427683
4,9325,0,0.5003293319032525
4,9337,0,0.5001747098791486
4,9342,0,0.5024971481831917
4,9345,0,0.5010499492408281
4,9347,0,0.500550582819603
4,9349,0,0.5004034652085614
4,9350,0,0.5001237299205263
4,9351,0,0.5007253986364741
4,9359,0,0.5001426009403621
4,9364,0,0.5075939892924293
4,9365,0,0.5003842383939315
4,9369,0,0.500159072325538
4,9371,0,0.5012574857382118
4,9373,0,0.5001399883986266
4,9383,0,0.5004739153821443
4,9386,0,0.5003826051352497
4,9387,0,0.5009133035989493
4,9388,0,0.5006772449855081
4,9389,0,0.5011361231707517
4,9406,0,0.5001016934962544
4,9411,0,0.5000775638539185
4,9415,0,0.5002597991404667
4,9435,0,0.500999926407122
4,9442,0,0.5013934042184025
4,9447,0,0.5005472171092507
4,9456,0,0.5004903538355728
4,9461,0,0.5024738581446521
4,9469,0,0.500079828005178
4,9470,0,0.500645737678483
4,9471,0,0.5004337838805081
4,9474,0,0.500261676009443
4,9491,0,0.5002268265745116
4,9492,0,0.5003680755684307
4,9493,0,0.5017139262744565
4,9494,0,0.5008214215289846
4,9502,0,0.503851150897785
4,9503,0,0.5003093561085583
4,9518,0,0.5000670354039985
4,9527,0,0.5003070328554431
4,9530,0,0.5000850439733842
4,9534,0,0.5013999161883138
4,9542,0,0.5199196189473737
4,9553,0,0.5001407038048399
4,9562,0,0.5006714943053047
4,9564,0,0.500145220363862
4,9571,0,0.5003934096798067
4,9573,0,0.5002175703276853
4,9579,0,0.500457887144611
4,9585,0,0.501375405113757
4,9586,0,0.5015581033051321
4,9588,0,0.5017042568721901
4,9595,0,0.5014341649454386
4,9601,0,0.5038135443862521
4,9602,0,0.5024915552350421
4,9605,0,0.5006111003098815
4,9610,0,0.501047322877935
4,9611,0,0.500087749343364
4,9619,0,0.5004261956044119
4,9624,0,0.500210752833982
4,9633,0,0.5002508214098178
4,9642,0,0.5097816747953184
4,9643,0,0.5001099987048476
4,9661,0,0.5001432997342073
4,9663,0,0.5001035502959518
4,9676,0,0.5008582743704012
4,9677,0,0.500113560289948
4,9678,0,0.517692597254263
4,9680,0,0.5013440166046711
4,9683,0,0.5004288873461384
4,9684,0,0.502533148004267
4,9690,0,0.5002125937593783
4,9698,0,0.5001248456179757
4,9703,0,0.5005240498855921
4,9704,0,0.5003616200354309
4,9712,0,0.5001610791505855
4,9721,0,0.5004662493852956
4,9722,0,0.5002040419466157
4,9725,0,0.5025639092222661
4,9736,0,0.5002179659093754
4,9738,0,0.5002281894831617
4,9745,0,0.5005304867999125
4,9747,0,0.5013334602324405
4,9753,0,0.501463279150498
4,9761,0,0.5040214332416246
4,9766,0,0.5023631941373813
4,9777,0,0.5006354007957934
4,9781,0,0.5000724367227259
4,9782,0,0.5004475631251161
4,9785,0,0.500125677351915
4,9788,0,0.5052305481397594
4,9790,0,0.5004190159924924
4,9791,0,0.5018254299496009
4,9792,0,0.5034984997427933
4,9794,0,0.5008131685437857
4,9795,0,0.501721114989161
4,9806,0,0.5002363518691446
4,9808,0,0.5016036268015076
4,9810,0,0.5002216286516817
4,9812,0,0.5043362337607159
4,9816,0,0.5003476260232586
4,9820,0,0.5005460087506342
4,9821,0,0.5014137325278759
4,9828,0,0.500106144935146
4,9830,0,0.5000958140869174
4,9847,0,0.50136295147314
4,9862,0,0.5008296246468366
4,9864,0,0.5007025595043068
4,9876,0,0.5005527578461811
4,9882,0,0.5035747882133447
4,9890,0,0.5002957569830531
4,9891,0,0.5025470419160272
4,9903,0,0.5006457063054399
4,9911,0,0.5002274025368451
4,9912,0,0.5009962370313693
4,9920,0,0.5011843095658077
4,9923,0,0.500068201846206
4,9928,0,0.500593377974098
4,9937,0,0.501629286388511
4,9938,0,0.5001391259095543
4,9942,0,0.5000633206476616
4,9948,0,0.5000825361034102
4,9950,0,0.5000687779199414
4,9951,0,0.5003280037699559
4,9953,0,0.5001419257943579
4,9958,0,0.5005516905126144
4,9959,0,0.5001683289234996
4,9960,0,0.5013440059174324
4,9962,0,0.5000404693032836
4,9966,0,0.5000502256457636
4,9967,0,0.5026269927967199
4,9968,0,0.500274828698797
4,9973,0,0.5005278029980943
4,9980,0,0.5001663010381182
4,9985,0,0.5002553373790589
4,9998,0,0.5002211728044536
4,10002,0,0.5003530974275365
4,10012,0,0.5002102386245907
4,10017,0,0.500695421377826
4,10021,0,0.5002283869557088
4,10025,0,0.5004491405516842
4,10028,0,0.5008046869405797
4,10032,0,0.5029732948735043
4,10040,0,0.5011295761234281
4,10042,0,0.5011099984715985
4,10045,0,0.5119998255250007
4,10047,0,0.5012401478360444
4,10054,0,0.5003994294274704
4,10055,0,0.5003328379146688
4,10056,0,0.5019511565299748
4,10069,0,0.5003261496710376
4,10070,0,0.5005958740954182
4,10072,0,0.500633575915606
4,10077,0,0.5001331077118116
4,10079,0,0.5015420361652146
4,10081,0,0.5003168986984985
4,10086,0,0.5034269500987946
4,10099,0,0.5000798179423093
4,10108,0,0.5006741510670712
4,10112,0,0.5007336216252052
4,10115,0,0.5003802794945545
4,10117,0,0.5025426469731977
4,10119,0,0.5020151380779257
4,10123,0,0.5018515937458103
4,10126,0,0.5002804268336233
4,10136,0,0.5007231826932986
4,10141,0,0.5003376556108758
4,10171,0,0.5012314177240118
4,10176,0,0.5006079454684723
4,10179,0,0.5003547956216254
4,10183,0,0.500590299733148
4,10184,0,0.5001284435512788
4,10187,0,0.5002129217623799
4,10188,0,0.5000791993335578
4,10200,0,0.5006599853701557
4,10201,0,0.5011048885566498
4,10209,0,0.5033262142957501
4,10212,0,0.5005794257780186
4,10225,0,0.5004194072720656
4,10227,0,0.5007954367291408
4,10231,0,0.5002774019740733
4,10241,0,0.5001290181009088
4,10247,0,0.5023267480650893
4,10248,0,0.5000946769519008
4,10252,0,0.5011821491136762
4,10258,0,0.5015168875674215
4,10261,0,0.5025989345803895
4,10262,0,0.5000820899493637
4,10265,0,0.5019939537597342
4,10273,0,0.5003569367191967
4,10281,0,0.5002539406515027
4,10282,0,0.5001678095358106
4,10288,0,0.5002722056970539
4,10289,0,0.5052849358390226
4,10293,0,0.5000910499223816
4,10295,0,0.5068331075883236
4,10308,0,0.5003658419548666
4,10313,0,0.5005018455175335
4,10317,0,0.5006971464400032
4,10320,0,0.5004125743348485
4,10322,0,0.5004304454445384
4,10324,0,0.5000650582847961
4,10326,0,0.5008082001731802
4,10336,0,0.5014226436092595
4,10339,0,0.5043477144179994
4,10340,0,0.5004968529128485
4,10345,0,0.5000570322701468
4,10347,0,0.5007812716065285
4,10363,0,0.5023233263284609
4,10364,0,0.5004894149568991
4,10368,0,0.5023108152760855
4,10370,0,0.5002105297389478
4,10382,0,0.5001635022909223
4,10385,0,0.5004060018775547
4,10391,0,0.5002846304499983
4,10392,0,0.5002957852666738
4,10398,0,0.5007421442731655
4,10411,0,0.500166415853967
4,10418,0,0.5011872445503854
4,10419,0,0.5001714941438149
4,10420,0,0.5031662503915022
4,10429,0,0.5010021637055623
4,10434,0,0.5005238583857059
4,10436,0,0.5001020078197838
4,10437,0,0.5000686960226962
4,10445,0,0.5001516445576878
4,10452,0,0.5005605081102625
4,10453,0,0.5002600281252378
4,10454,0,0.5002356850331253
4,10465,0,0.500346912375027
4,10466,0,0.5002933782408449
4,10467,0,0.5001367222995324
4,10469,0,0.5026960830656091
4,10471,0,0.5001160941380444
4,10478,0,0.5003000394072786
4,10483,0,0.505588054622362
4,10484,0,0.5020526922689935
4,10491,0,0.5117124183733303
4,10492,0,0.5005622740630854
4,10495,0,0.5009471027055918
4,10500,0,0.5000135810487063
4,10507,0,0.5003248825278556
4,10517,0,0.5004902770838798
4,10518,0,0.5009641309533864
4,10528,0,0.5003771633640902
4,10534,0,0.5011178929439252
4,10542,0,0.5004815045902583
4,10554,0,0.5005838967106991
4,10558,0,0.5006229376590157
4,10567,0,0.5007336872697457
4,10569,0,0.5002330714166064
4,10570,0,0.501118637724864
4,10572,0,0.5020811730229194
4,10576,0,0.5001594412906052
4,10577,0,0.501028398208963
4,10579,0,0.5003411811301359
4,10584,0,0.5006667804053704
4,10586,0,0.5054912533125194
4,10587,0,0.5005267860063544
4,10592,0,0.5012473352981598
4,10597,0,0.5100837021705836
4,10599,0,0.5007860383050664
4,10612,0,0.500050196817657
4,10613,0,0.5046406199284261
4,10615,0,0.5018517544718339
4,10621,0,0.5001774786782534
4,10622,0,0.5035302620402317
4,10624,0,0.5012578831580851
4,10626,0,0.5046153292167487
4,10643,0,0.5016252227034458
4,10645,0,0.5004620297072466
4,10653,0,0.5002281180788669
4,10656,0,0.5006195966612311
4,10660,0,0.5012763691448554
4,10662,0,0.5008124188113697
4,10665,0,0.5009667460234655
4,10675,0,0.5008558273620266
4,10677,0,0.5007689062313335
4,10689,0,0.5023815577837019
4,10694,0,0.5003797306617735
4,10697,0,0.5001607005821126
4,10711,0,0.5000652153131931
4,10713,0,0.5022986758942061
4,10721,0,0.5003680273142894
4,10725,0,0.5085631104210057
4,10738,0,0.5002585793786849
4,10746,0,0.500772080074162
4,10751,0,0.5001342084220833
4,10756,0,0.5006965147917084
4,10764,0,0.501170924627881
4,10765,0,0.5032526086626306
4,10766,0,0.500174416785982
4,10769,0,0.5037834917093618
4,10781,0,0.5011159606344282
4,10782,0,0.5001804277211161
4,10789,0,0.5011826033225378
4,10795,0,0.5004751146497091
4,10796,0,0.5003914177045728
4,10797,0,0.5063028955028116
4,10798,0,0.5046344821757476
4,10802,0,0.5005253148727229
4,10810,0,0.5013405378191926
4,10825,0,0.5002851232990244
4,10837,0,0.5001476474267876
4,10841,0,0.5000756359610034
4,10842,0,0.5010493236157006
4,10843,0,0.5003971463190942
4,10844,0,0.5004978387119233
4,10852,0,0.5009110914975319
4,10863,0,0.500326167621176
4,10865,0,0.5018199729813906
4,10873,0,0.5006640791603981
4,10874,0,0.5005530562144056
4,10875,0,0.5024487681835497
4,10878,0,0.5006727847813025
4,10880,0,0.5001099847374736
4,10882,0,0.5019207089364344
4,10889,0,0.501078945757421
4,10891,0,0.5010132629830463
4,10895,0,0.5001888803565757
4,10896,0,0.5013482699496137
4,10901,0,0.5002632260522192
4,10909,0,0.500308339348658
4,10920,0,0.5018178809065015
4,10943,0,0.5008069012641703
4,10945,0,0.5014469632577435
4,10951,0,0.5021130600414964
4,10955,0,0.5000409203909552
4,10956,0,0.5005366939844215
4,10962,0,0.5005681806019784
4,10968,0,0.5003454069160316
4,10969,0,0.5008937002002825
4,10970,0,0.5158334972910905
4,10977,0,0.5002541280284379
4,10987,0,0.5006002147759177
4,10988,0,0.5007530423415519
4,10989,0,0.5010898395512468
4,10992,0,0.5005565528486755
4,10994,0,0.5024586634532365
4,10996,0,0.5005295211370188
4,11010,0,0.5045933785147463
4,11011,0,0.5009539646016982
4,11012,0,0.5001100891689062
4,11016,0,0.5004975275056812
4,11019,0,0.5005276792345914
4,11020,0,0.5004736434201179
4,11023,0,0.5001829056836896
4,11027,0,0.500154227088556
4,11028,0,0.5010122492534956
4,11037,0,0.5007167473922834
4,11039,0,0.5033468261011679
4,11040,0,0.5002327914650488
4,11046,0,0.502557798126633
4,11047,0,0.5002875123075374
4,11048,0,0.5017364666487912
4,11057,0,0.5001393756623348
4,11058,0,0.5008059398700009
4,11065,0,0.5001718438625519
4,11067,0,0.5010941307568111
4,11075,0,0.5012171198445333
4,11078,0,0.5002465991375905
4,11097,0,0.5002695655779743
4,11108,0,0.5000626211337548
4,11115,0,0.5024114275091401
4,11132,0,0.5001083777688565
4,11142,0,0.50015896095356
4,11148,0,0.5003133075791464
4,11151,0,0.5006342940590347
4,11159,0,0.5013099671124818
4,11160,0,0.5010857248559898
4,11166,0,0.5000788519584023
4,11179,0,0.5008680296987317
4,11183,0,0.5004863699205656
4,11185,0,0.5041443160392071
4,11189,0,0.5006286752561379
4,11190,0,0.5023755824716929
4,11191,0,0.5056263422328348
4,11194,0,0.5005139334831996
4,11202,0,0.50339154285909
4,11203,0,0.5015935428717355
4,11204,0,0.5006381681009605
4,11215,0,0.5002898026992422
4,11221,0,0.5007961729011796
4,11227,0,0.5025398186662672
4,11238,0,0.5026727760127522
4,11243,0,0.5001749040820317
4,11249,0,0.5000660930492296
4,11250,0,0.5013643266188927
4,11257,0,0.5005816936476469
4,11260,0,0.5001060832641828
4,11261,0,0.5001366477973336
4,11267,0,0.5008720098357079
4,11275,0,0.5006481907074308
4,11288,0,0.5008591080256838
4,11293,0,0.5034707877139573
4,11295,0,0.5001841492506107
4,11301,0,0.5000771792431908
4,11305,0,0.5006241387073772
4,11307,0,0.5001144139558504
4,11314,0,0.5000470801581997
4,11319,0,0.5030975054081341
4,11323,0,0.5002820319933918
4,11332,0,0.5003526890312017
4,11333,0,0.5056837869787194
4,11346,0,0.5004409476947682
4,11347,0,0.5003432124105952
4,11349,0,0.5006500775187434
4,11353,0,0.501223035037789
4,11356,0,0.5019681377215026
4,11357,0,0.5018379755728775
4,11358,0,0.5002694078737442
4,11361,0,0.5010347166419624
4,11368,0,0.5012290820103686
4,11380,0,0.500153040880477
4,11399,0,0.500105601725903
4,11411,0,0.5008106022621204
4,11417,0,0.5016714847848225
4,11427,0,0.5011795478173723
4,11430,0,0.5003901046900672
4,11436,0,0.5001613880854426
4,11438,0,0.5003378951747918
4,11450,0,0.5002692355513005
4,11451,0,0.5002350754496176
4,11465,0,0.5006020128941086
4,11472,0,0.5007665429911426
4,11473,0,0.5010606253031293
4,11475,0,0.5004876619886532
4,11480,0,0.5038205261203602
4,11484,0,0.5012264596616995
4,11487,0,0.5004020746709191
4,11493,0,0.5002207136214216
4,11494,0,0.5015299298472007
4,11507,0,0.506464244003888
4,11509,0,0.50060081567279
4,11512,0,0.5013829489369648
4,11514,0,0.5001456596033851
4,11521,0,0.5001159162349081
4,11540,0,0.5008392321005979
4,11544,0,0.5003734935019017
4,11565,0,0.5052981103766372
4,11568,0,0.5006029520551297
4,11569,0,0.5002036439730019
4,11570,0,0.5012322744411069
4,11571,0,0.5001478720596803
4,11573,0,0.5001428321467953
4,11575,0,0.5000876358487694
4,11579,0,0.5008160160606676
4,11581,0,0.500157007244044
4,11585,0,0.5002136143171594
4,11588,0,0.5008130560776758
4,11589,0,0.5097430375022419
4,11593,0,0.5000344788589665
4,11596,0,0.5006224765243511
4,11598,0,0.5019273543603887
4,11600,0,0.5012321436120858
4,11607,0,0.5020666248975397
4,11609,0,0.500901925107404
4,11610,0,0.5000334988116735
4,11611,0,0.5004316173790253
4,11613,0,0.5003984144995148
4,11614,0,0.5003933082535906
4,11627,0,0.5000801285897385
4,11637,0,0.5016010337025797
4,11642,0,0.5003810923636317
4,11643,0,0.5014607268854578
4,11648,0,0.5022967374518336
4,11650,0,0.5010530671214851
4,11659,0,0.5003723601471757
4,11670,0,0.5000743955881926
4,11673,0,0.5000816670200193
4,11690,0,0.5006568804457304
4,11691,0,0.5002413156684592
4,11696,0,0.5005284140305789
4,11704,0,0.5006868197760322
4,11714,0,0.50016463360169
4,11717,0,0.5004888619934202
4,11718,0,0.500195884135003
4,11719,0,0.5039669267664731
4,11724,0,0.5007325195147276
4,11725,0,0.5029530188227579
4,11732,0,0.5005008782219704
4,11741,0,0.501305818928659
4,11742,0,0.5003552095006845
4,11749,0,0.5001524621150533
4,11751,0,0.5009120600589583
4,11767,0,0.5013434866967902
4,11771,0,0.5002247763259791
4,11772,0,0.500207933556606
4,11776,0,0.5012688155211212
4,11779,0,0.5002026486724133
4,11780,0,0.5001678147067771
4,11784,0,0.5001913436262272
4,11790,0,0.5260074749549983
4,11791,0,0.5006231457481952
4,11797,0,0.500045457660123
4,11803,0,0.5007389005799262
4,11804,0,0.5007098213673057
4,11806,0,0.500117809626729
4,11817,0,0.5014819169940272
4,11826,0,0.5020630324817582
4,11838,0,0.5031559250734569
4,11842,0,0.5019579584688513
4,11845,0,0.5002426324297408
4,11846,0,0.5005501523669972
4,11852,0,0.5017122021290796
4,11855,0,0.5001726350218626
4,11856,0,0.5001157289597457
4,11870,0,0.5001575383521368
4,11872,0,0.5016196298231683
4,11873,0,0.5006312433603649
4,11876,0,0.5004784386714984
4,11887,0,0.5023111195765428
4,11888,0,0.5014220337496251
4,11891,0,0.5023139885708374
4,11898,0,0.5000915542915506
4,11900,0,0.5002518633263039
4,11901,0,0.5004536478568323
4,11902,0,0.5004479689894171
4,11903,0,0.5022868396731466
4,11907,0,0.5007921305137019
4,11908,0,0.500184623976502
4,11909,0,0.5001447890428887
4,11911,0,0.5002706537152718
4,11912,0,0.5057418152273033
4,11918,0,0.5003130271915721
4,11923,0,0.5128007484202967
4,11927,0,0.5047400458501029
4,11931,0,0.5002173925212067
4,11932,0,0.5006735735458981
4,11934,0,0.5005582919299373
4,11936,0,0.5037597003726243
4,11938,0,0.501821870587836
4,11940,0,0.5002674097547039
4,11945,0,0.5009530550850494
4,11946,0,0.5063679185502936
4,11958,0,0.5006218801236246
4,11968,0,0.500030239254997
4,11970,0,0.5002999717045877
4,11985,0,0.5012250615630897
4,11992,0,0.501311112745421
4,11994,0,0.5007741675982877
5,5,1,0.5003527641221074
5,26,1,0.500710593708409
5,183,1,0.5023599087568942
5,468,1,0.5016661354335519
5,501,1,0.5004781865335023
5,635,1,0.5005246385985244
5,658,1,0.5006544096715009
5,666,1,0.714045217891477
5,1044,1,0.5010615641993588
5,1397,1,0.5004471455250666
5,1405,1,0.5006877165432033
5,1590,1,0.5014516657860848
5,1592,1,0.5003945796603251
5,3478,1,0.5078257518190976
5,3535,1,0.5011301553545154
5,4092,1,0.51022992115179
5,4290,1,0.5010477677257053
5,4325,1,0.5002366679601854
5,4684,1,0.5005488748803149
5,4977,1,0.5392664716694634
5,5488,1,0.5014639829656308
5,5532,1,0.5042479287867369
5,5691,1,0.5006578234650261
5,5849,1,0.5011173320735804
5,6195,1,0.5170198608120594
5,6284,1,0.5005024682970908
5,6637,1,0.5003292448049669
5,6640,1,0.5004339281257167
5,6924,1,0.5038023507513536
5,7051,1,0.5722107989256623
5,7100,1,0.5003211784123589
5,7180,1,0.5173885150558271
5,7366,1,0.5000823714306384
5,7384,1,0.5003712574137101
5,7861,1,0.5001197260652335
5,8210,1,0.5005772220518386
5,8651,1,0.5008075176896511
5,8854,1,0.5013283089748072
5,8952,1,0.5019389435936205
5,9379,1,0.5002786206393316
5,9515,1,0.5010247488385078
5,9922,1,0.5084652800374148
5,10300,1,0.5010403508932165
5,10770,1,0.6071646829667781
5,11387,1,0.5082332688184867
5,11680,1,0.5057127964789222
5,11792,1,0.5005100855571604
5,11881,1,0.52358272191752
5,0,0,0.5007680573363053
5,7,0,0.5000847816730549
5,8,0,0.500292531889391
5,10,0,0.5032090556936221
5,12,0,0.5011759336588452
5,13,0,0.5001399773150764
5,23,0,0.5011520395572093
5,27,0,0.5005567443296328
5,29,0,0.5039626689532679
5,32,0,0.5004676726821313
5,39,0,0.5001589433888103
5,41,0,0.5008722955129976
5,52,0,0.5003679221842203
5,54,0,0.5001231430990051
5,64,0,0.5055878989868843
5,75,0,0.5040492648026738
5,84,0,0.5004029401627845
5,85,0,0.5009671720680403
5,90,0,0.5045485176745681
5,92,0,0.50053526513317
5,98,0,0.5002972764310482
5,103,0,0.5003649228700504
5,117,0,0.5008557072638444
5,121,0,0.500932886968788
5,130,0,0.5003136858077951
5,132,0,0.5007112674532963
5,133,0,0.5040880587852812
5,135,0,0.5032780677631534
5,140,0,0.5005332666033719
5,143,0,0.5058342630016252
5,144,0,0.5009813673377302
5,146,0,0.5007759961513772
5,150,0,0.5004441242010292
5,168,0,0.5005414737417918
5,179,0,0.5011829112721374
5,186,0,0.5018715123341203
5,193,0,0.5044504614381619
5,197,0,0.5000838159510268
5,201,0,0.5002251366407494
5,205,0,0.5003888111507953
5,206,0,0.5002372246746611
5,209,0,0.5001593028821993
5,215,0,0.5022972593458066
5,217,0,0.5066162184095256
5,229,0,0.5000185919967413
5,233,0,0.5011562412236563
5,247,0,0.5002215631906504
5,248,0,0.5057769533027074
5,254,0,0.502518632822683
5,261,0,0.5000482956941272
5,263,0,0.5018490459619472
5,264,0,0.5002524963673716
5,271,0,0.501320972904402
5,274,0,0.5006065038506826
5,280,0,0.5004933477769414
5,290,0,0.5072051029971408
5,294,0,0.5003691720361809
5,295,0,0.5006540214985777
5,299,0,0.5003741046381044
5,301,0,0.5007139455268362
5,302,0,0.5012984156586611
5,308,0,0.5003256599734764
5,311,0,0.5006888162682366
5,312,0,0.5018568849854945
5,313,0,0.5015161856325907
5,317,0,0.5000675830097767
5,323,0,0.5001570502510969
5,327,0,0.5003906152090921
5,339,0,0.5009264593182982
5,351,0,0.5001268639557787
5,363,0,0.5006923545102441
5,368,0,0.5003861870643419
5,372,0,0.5019862285935298
5,373,0,0.5008023600889728
5,378,0,0.5009309466269902
5,381,0,0.5006717801717214
5,382,0,0.5038276771819578
5,392,0,0.5006691568845146
5,393,0,0.5002918839947302
5,404,0,0.5001770772141295
5,407,0,0.500621229098703
5,410,0,0.5004548947762161
5,418,0,0.5018783591005137
5,422,0,0.5023519327139689
5,439,0,0.5000200113151632
5,447,0,0.5000582843825322
5,450,0,0.5002396559520396
5,451,0,0.5000398118108526
5,459,0,0.5003868253752741
5,462,0,0.5003261826337546
5,464,0,0.5007422987876377
5,472,0,0.5020203423812534
5,475,0,0.5006332569554147
5,477,0,0.500182437309309
5,480,0,0.5007505064518178
5,485,0,0.500222347093376
5,487,0,0.5012420746722042
5,493,0,0.5002040004768544
5,496,0,0.5000510417977919
5,498,0,0.5003420163809414
5,500,0,0.5007279138620689
5,511,0,0.5000409346866811
5,513,0,0.5000668627373119
5,514,0,0.5000596779059392
5,518,0,0.5004851938442062
5,522,0,0.5003526893349964
5,541,0,0.5038252642348662
5,545,0,0.5004849773899934
5,546,0,0.5002400095489198
5,560,0,0.5003818049437442
5,572,0,0.5002132765509664
5,580,0,0.5010481442738293
5,587,0,0.5031584650390343
5,591,0,0.5002885271052222
5,595,0,0.5004500690431651
5,600,0,0.5013539277496428
5,603,0,0.5014646725212109
5,610,0,0.5003768350477645
5,611,0,0.5005323652702056
5,614,0,0.5002606684420656
5,616,0,0.5001228512993775
5,624,0,0.5008859881303912
5,627,0,0.5002871355155968
5,631,0,0.5077455970542224
5,639,0,0.5010096925668838
5,640,0,0.5003237993483133
5,641,0,0.5001513086138726
5,645,0,0.5015549342611293
5,648,0,0.5000918663098336
5,652,0,0.5006082125371234
5,659,0,0.5003425762787268
5,663,0,0.5005470681250827
5,682,0,0.5010797118371625
5,685,0,0.5004996498016501
5,686,0,0.5014530044291682
5,712,0,0.5006269563669346
5,720,0,0.500198696613521
5,725,0,0.5080257861634517
5,733,0,0.5002542594862402
5,734,0,0.5004498623762069
5,740,0,0.5011247620281474
5,752,0,0.5007358025434997
5,760,0,0.5003556438108215
5,764,0,0.5011293119090515
5,772,0,0.5002109001562242
5,782,0,0.5014135057909315
5,785,0,0.5001844181895105
5,792,0,0.5005194395525229
5,796,0,0.5001765636095723
5,800,0,0.5007281574046866
5,814,0,0.5002795741369885
5,830,0,0.5048395831175494
5,836,0,0.5007439281906756
5,845,0,0.5186988263485397
5,854,0,0.5002049066415846
5,859,0,0.5019475359794991
5,861,0,0.5002399402302165
5,862,0,0.5008015749069696
5,867,0,0.5002942449793705
5,872,0,0.5021081302782151
5,873,0,0.5029075111668446
5,875,0,0.5000437096208163
5,886,0,0.5006498746865378
5,889,0,0.5007918547277462
5,897,0,0.5018741799976421
5,898,0,0.5001520100359104
5,899,0,0.5003052496430621
5,910,0,0.5007699610082604
5,923,0,0.5023232273293426
5,927,0,0.5000983421609041
5,929,0,0.500308809174066
5,932,0,0.5016844558945891
5,934,0,0.5017344346222984
5,947,0,0.5019261047609741
5,950,0,0.501238799402303
5,961,0,0.5002801974794475
5,965,0,0.5004615349533543
5,972,0,0.5000411858985707
5,975,0,0.5007796264211063
5,988,0,0.5046247383089496
5,991,0,0.5003337483688114
5,992,0,0.5029059734392212
5,993,0,0.5001540850246957
5,994,0,0.5000907477245381
5,1002,0,0.5026337437296645
5,1003,0,0.500291823647247
5,1013,0,0.5021672444277725
5,1028,0,0.5012610539793314
5,1031,0,0.5000956128413467
5,1034,0,0.5001178988559261
5,1035,0,0.5011734124571591
5,1036,0,0.5009242323061354
5,1037,0,0.5008866360360186
5,1043,0,0.5011107822434309
5,1045,0,0.5017547373769322
5,1049,0,0.5002941508925165
5,1056,0,0.5000952980739183
5,1059,0,0.5002868782293223
5,1068,0,0.5005785299344359
5,1069,0,0.5013832433613417
5,1076,0,0.5002740287016144
5,1085,0,0.5002193273585971
5,1091,0,0.5001342833824033
5,1095,0,0.500965213258811
5,1100,0,0.5001292155241055
5,1118,0,0.5009336247448615
5,1119,0,0.5016033458988208
5,1120,0,0.5084883842405523
5,1130,0,0.5006693984612042
5,1134,0,0.5001637964698721
5,1136,0,0.5002319921205054
5,1138,0,0.5000842724913472
5,1139,0,0.5001879594644325
5,1147,0,0.5008850716299633
5,1159,0,0.5006325035051595
5,1161,0,0.5044320720132034
5,1163,0,0.5001184235640838
5,1165,0,0.5004239655006186
5,1178,0,0.5004349259487935
5,1188,0,0.5000530197078711
5,1190,0,0.5001993981269867
5,1200,0,0.5013922328544457
5,1202,0,0.5001442316439441
5,1207,0,0.500428807041705
5,1211,0,0.5000581172488235
5,1229,0,0.5007513727713275
5,1239,0,0.5002357693205227
5,1244,0,0.5001396889020868
5,1269,0,0.5000949838997608
5,1272,0,0.501165251748464
5,1277,0,0.500104971563004
5,1282,0,0.5055031803379706
5,1289,0,0.5031639842966606
5,1291,0,0.5155839557168117
5,1294,0,0.5001200635854641
5,1300,0,0.5002312385382537
5,1303,0,0.5006499124759117
5,1305,0,0.5012271957778409
5,1309,0,0.5009967920734565
5,1316,0,0.5006517148722939
5,1328,0,0.5038684444690715
5,1335,0,0.5013031745077494
5,1336,0,0.501305229969674
5,1338,0,0.5004807470081437
5,1342,0,0.5042693939414682
5,1351,0,0.5017675361918305
5,1354,0,0.5015269493901232
5,1355,0,0.500354137956987
5,1359,0,0.5029658171299086
5,1367,0,0.5010824542514332
5,1371,0,0.502489768828871
5,1373,0,0.5001611206680106
5,1380,0,0.5078210205047016
5,1384,0,0.5005073877478079
5,1385,0,0.5004725903368672
5,1391,0,0.5010095255721501
5,1399,0,0.5002443637232721
5,1401,0,0.5005819748520749
5,1407,0,0.5000577169113292
5,1412,0,0.5002695131148256
5,1414,0,0.5013377925727195
5,1415,0,0.5003997219795582
5,1416,0,0.5002661176618084
5,1428,0,0.5005535298280354
5,1440,0,0.5005664920638305
5,1442,0,0.5003754816258136
5,1444,0,0.5007356956839546
5,1455,0,0.5002402723034666
5,1456,0,0.5007567878951796
5,1459,0,0.5008724545760265
5,1471,0,0.5004856775764291
5,1475,0,0.5021912646291278
5,1477,0,0.5017926868029868
5,1481,0,0.5002197875091813
5,1483,0,0.5002916166358227
5,1486,0,0.5020400050461109
5,1488,0,0.5010504667085386
5,1495,0,0.5024515878341025
5,1507,0,0.5010342128588966
5,1509,0,0.5021047822056195
5,1520,0,0.5001669488195692
5,1529,0,0.5004133908311822
5,1533,0,0.5002018295235476
5,1537,0,0.5005909146176762
5,1540,0,0.5001869848487123
5,1564,0,0.5000954921866544
5,1574,0,0.5012460668714204
5,1575,0,0.5001035875801261
5,1576,0,0.5003838212571036
5,1602,0,0.503337206977453
5,1605,0,0.5009731997301505
5,1613,0,0.5004432750130811
5,1615,0,0.5004991395139748
5,1620,0,0.5029077039905303
5,1622,0,0.5003034784440685
5,1630,0,0.5009848740260983
5,1631,0,0.5005870900849652
5,1633,0,0.5004604463041332
5,1636,0,0.5002299523032149
5,1637,0,0.5000843551239921
5,1641,0,0.5018924372503694
5,1645,0,0.5012842023649882
5,1648,0,0.5015939278537545
5,1650,0,0.5003447054884879
5,1667,0,0.5288809087111075
5,1684,0,0.5006956596296286
5,1688,0,0.500508965058873
5,1697,0,0.5002511525208561
5,1715,0,0.5067783306245073
5,1719,0,0.5003331535018162
5,1725,0,0.5003408578815728
5,1731,0,0.5716902946161536
5,1736,0,0.5018898173395585
5,1744,0,0.5013348083234911
5,1757,0,0.5007400718977217
5,1765,0,0.5002527860134575
5,1771,0,0.5009392914255634
5,1781,0,0.5001849079515366
5,1783,0,0.504046651768497
5,1793,0,0.500143131465977
5,1794,0,0.5007461075056034
5,1800,0,0.5001796694920742
5,1820,0,0.5001326007798083
5,1833,0,0.500638473669138
5,1841,0,0.5001324222175518
5,1846,0,0.501043532903478
5,1852,0,0.501025260478124
5,1859,0,0.5004161153448998
5,1860,0,0.5003743928102115
5,1861,0,0.5003537944397174
5,1868,0,0.5026671822399086
5,1872,0,0.5008643273240025
5,1877,0,0.5006480106654135
5,1888,0,0.5000784212023113
5,1889,0,0.5017644270605051
5,1890,0,0.5007550637848249
5,1899,0,0.5017224639824984
5,1902,0,0.5033069135456436
5,1903,0,0.5000684198517378
5,1910,0,0.500202521030068
5,1911,0,0.5007688328823949
5,1919,0,0.503717812076195
5,1924,0,0.5006942096802511
5,1925,0,0.5001236674654032
5,1929,0,0.5011133530206141
5,1934,0,0.5010223532653072
5,1935,0,0.501265566821308
5,1941,0,0.5001599474925849
5,1944,0,0.5020295665515412
5,1947,0,0.5005569821000726
5,1948,0,0.5036870383725314
5,1954,0,0.5013051113545957
5,1955,0,0.5003509744049955
5,1964,0,0.5001891664782921
5,1966,0,0.5014153795764348
5,1971,0,0.5003631196135399
5,1989,0,0.5006097131694827
5,2002,0,0.5019098113257013
5,2004,0,0.5002972751703205
5,2008,0,0.5000802805129302
5,2016,0,0.5084386419395384
5,2019,0,0.5004395540399436
5,2024,0,0.5007693941497982
5,2029,0,0.5015130496033456
5,2048,0,0.5001915365437511
5,2054,0,0.5003749273993988
5,2056,0,0.5001049730687479
5,2057,0,0.5009217417813571
5,2058,0,0.5088271035040893
5,2059,0,0.5003913756256653
5,2073,0,0.5001636546163734
5,2077,0,0.5004405495126985
5,2087,0,0.5006953071908423
5,2094,0,0.5026572278588405
5,2095,0,0.5003935973863781
5,2111,0,0.5001123583638836
5,2113,0,0.5003235247350821
5,2114,0,0.5044889059834219
5,2116,0,0.5005552274873396
5,2120,0,0.5004003618518502
5,2132,0,0.500124440665037
5,2133,0,0.5008543837421389
5,2138,0,0.5000962693862396
5,2141,0,0.5001868309042165
5,2149,0,0.5000483275910615
5,2151,0,0.5646719055332549
5,2161,0,0.5015912390267889
5,2164,0,0.5005944845562715
5,2166,0,0.5178228131560619
5,2170,0,0.5007399769633014
5,2172,0,0.5017638872198011
5,2173,0,0.5000913966589831
5,2188,0,0.5003881328333992
5,2189,0,0.5001448591374855
5,2196,0,0.5006898026701972
5,2200,0,0.5006384661105252
5,2202,0,0.5009969635670539
5,2205,0,0.5164212747946064
5,2206,0,0.5010721763184224
5,2212,0,0.5104470891178859
5,2220,0,0.500643955616656
5,2232,0,0.5002277657798929
5,2233,0,0.5007112739204601
5,2239,0,0.5013147791976
5,2240,0,0.5008390860290339
5,2248,0,0.5002126478317221
5,2250,0,0.5034973804939968
5,2251,0,0.5002262627477503
5,2266,0,0.5121820984053147
5,2270,0,0.5005830650009147
5,2276,0,0.5025372378424079
5,2278,0,0.5010884307708643
5,2281,0,0.5005976817158108
5,2292,0,0.5005117733580551
5,2294,0,0.5005140762600151
5,2304,0,0.5002456750105843
5,2309,0,0.5015996410892166
5,2310,0,0.5003223539166948
5,2311,0,0.5002566201181686
5,2316,0,0.5000413154396876
5,2323,0,0.5001424225042299
5,2330,0,0.5012296628574897
5,2343,0,0.5002539144137982
5,2344,0,0.5006778091459717
5,2355,0,0.5015224859146783
5,2365,0,0.5005003541470772
5,2366,0,0.5006929889779782
5,2369,0,0.5006542374968665
5,2371,0,0.5057050624516691
5,2372,0,0.5003599050525055
5,2373,0,0.501105493718787
5,2376,0,0.5015068631092193
5,2380,0,0.5010713709800114
5,2383,0,0.5037754645676489
5,2391,0,0.5014218393367634
5,2398,0,0.5038587141853167
5,2399,0,0.5005864638039165
5,2401,0,0.5006101105351536
5,2402,0,0.5009075968211318
5,2404,0,0.5000801216020365
5,2405,0,0.5620371952797925
5,2409,0,0.5008204033297189
5,2412,0,0.500435875818415
5,2415,0,0.5000364991912072
5,2417,0,0.5011612735718896
5,2420,0,0.5000978688157728
5,2423,0,0.500075059664403
5,2424,0,0.5005982291611312
5,2425,0,0.5004824494331861
5,2426,0,0.5002389672391877
5,2427,0,0.5001051637415134
5,2430,0,0.5012370658006577
5,2452,0,0.5050208086843941
5,2457,0,0.5010937343273901
5,2464,0,0.5019464795695545
5,2466,0,0.5010547744667893
5,2468,0,0.500073235393337
5,2469,0,0.5004786010433585
5,2478,0,0.5018848165812047
5,2504,0,0.5047619393758009
5,2506,0,0.50248968383038
5,2507,0,0.5007281802216419
5,2517,0,0.5004466174253992
5,2527,0,0.5010664090949464
5,2530,0,0.5004932484420829
5,2537,0,0.5003384166258471
5,2538,0,0.5000541552253499
5,2543,0,0.5010390986035802
5,2544,0,0.5008520336104593
5,2553,0,0.5006142962434879
5,2554,0,0.5027075574112351
5,2556,0,0.5001721263423783
5,2559,0,0.5003224380300395
5,2561,0,0.5041889980583486
5,2585,0,0.5005234827991917
5,2589,0,0.5019876125516222
5,2593,0,0.5003296904494671
5,2594,0,0.5003948143007532
5,2595,0,0.5009558561302004
5,2596,0,0.505514360528329
5,2600,0,0.5003560604378889
5,2601,0,0.5015747631583988
5,2607,0,0.5018655662226766
5,2610,0,0.5243444709650147
5,2613,0,0.5009868964488996
5,2616,0,0.5025155289368018
5,2619,0,0.5008967266332581
5,2621,0,0.5010024585029489
5,2625,0,0.5075469528908938
5,2637,0,0.5010341363126587
5,2647,0,0.5006235062493775
5,2650,0,0.507580172774493
5,2653,0,0.500266074542081
5,2661,0,0.5007815278340246
5,2665,0,0.523031094135305
5,2684,0,0.5006865643362048
5,2686,0,0.500355714692608
5,2697,0,0.5070584740885046
5,2703,0,0.5017100288108876
5,2707,0,0.5030704035732501
5,2708,0,0.5016639613059504
5,2720,0,0.5001057693486805
5,2738,0,0.5045572570269058
5,2753,0,0.5005261702970859
5,2764,0,0.500095945016963
5,2774,0,0.500300820212106
5,2776,0,0.500122273803354
5,2780,0,0.5020171228009928
5,2781,0,0.5022648773121373
5,2792,0,0.5039346754810692
5,2794,0,0.501161346066402
5,2796,0,0.5005491987820487
5,2805,0,0.5005201118687231
5,2807,0,0.5082753134348316
5,2810,0,0.5003507299773429
5,2827,0,0.5008162816468141
5,2829,0,0.5003472568667152
5,2830,0,0.5001051075546625
5,2841,0,0.5035165875668013
5,2850,0,0.5015817921119871
5,2854,0,0.5000806919101506
5,2871,0,0.500520087693056
5,2875,0,0.5000655790284582
5,2880,0,0.5019185373076992
5,2883,0,0.5001301863272389
5,2886,0,0.5006778312573035
5,2887,0,0.5007343002910105
5,2889,0,0.5048452747839736
5,2890,0,0.5004546120374364
5,2895,0,0.5027401025527821
5,2901,0,0.5000466382927233
5,2915,0,0.5007202431032953
5,2929,0,0.5002254335903887
5,2930,0,0.5002734721188983
5,2962,0,0.5001362568206261
5,2964,0,0.5001413990931692
5,2975,0,0.5004875928634488
5,2979,0,0.5007789349208314
5,2987,0,0.5077980776991271
5,2990,0,0.5001776248220529
5,2998,0,0.500647489758855
5,3003,0,0.5002074680634665
5,3012,0,0.5000684760214216
5,3017,0,0.5002695969323099
5,3026,0,0.5003448457559736
5,3046,0,0.5004364484124654
5,3049,0,0.5016022355023624
5,3061,0,0.5020388085042271
5,3071,0,0.5056063880946133
5,3075,0,0.5004185151045004
5,3077,0,0.5023324336177305
5,3083,0,0.5003123893106678
5,3084,0,0.5016042773054566
5,3086,0,0.500396334535259
5,3087,0,0.500252484343674
5,3088,0,0.5000576817371649
5,3100,0,0.500765061934692
5,3102,0,0.5026798103587412
5,3111,0,0.5001771076686478
5,3113,0,0.5005487390161945
5,3129,0,0.5010980409367654
5,3136,0,0.5001114236610174
5,3154,0,0.5001052817931647
5,3160,0,0.5002587017216465
5,3167,0,0.500552842946321
5,3170,0,0.5004147993529017
5,3171,0,0.5015137779537522
5,3173,0,0.5005332897570788
5,3175,0,0.5005633546275619
5,3177,0,0.5011082994541086
5,3184,0,0.5002272113214721
5,3189,0,0.5020704877157569
5,3193,0,0.5069278338723021
5,3195,0,0.5002058334823745
5,3196,0,0.5002483517153927
5,3198,0,0.5013305192219524
5,3201,0,0.5005116363339835
5,3210,0,0.5002092358612419
5,3224,0,0.5006019084113253
5,3226,0,0.501029236633059
5,3232,0,0.5004747117218976
5,3236,0,0.5009372816927843
5,3245,0,0.5003129896457844
5,3246,0,0.5012720958330065
5,3253,0,0.5002235882792664
5,3254,0,0.500200804765297
5,3261,0,0.5005503704352808
5,3263,0,0.5002188795702744
5,3275,0,0.5021269019357992
5,3283,0,0.5003523308124245
5,3288,0,0.500823342623531
5,3292,0,0.5002463529589792
5,3302,0,0.5009992343192324
5,3310,0,0.5076503301999299
5,3311,0,0.5008800698284497
5,3313,0,0.5050957891920412
5,3315,0,0.5003630539957559
5,3326,0,0.5021403571008254
5,3351,0,0.5021557679904732
5,3357,0,0.5001976327348958
5,3376,0,0.5010686509376588
5,3378,0,0.5001148115188139
5,3383,0,0.5008119768508822
5,3394,0,0.5005165038201865
5,3406,0,0.5063819687885843
5,3409,0,0.500689057612957
5,3415,0,0.5004350291351312
5,3420,0,0.5003219666265376
5,3430,0,0.5018966150332541
5,3434,0,0.5001333511658551
5,3436,0,0.5004158687491412
5,3451,0,0.5003268277222719
5,3462,0,0.5002062901589873
5,3463,0,0.5001311671681641
5,3465,0,0.5011183306301443
5,3466,0,0.5005519485387917
5,3468,0,0.5014210193845492
5,3489,0,0.5009436086472114
5,3493,0,0.5003357184693737
5,3496,0,0.502218997125541
5,3499,0,0.5013101375446029
5,3500,0,0.5043308582877217
5,3514,0,0.5020292300545275
5,3527,0,0.5008647870689718
5,3529,0,0.5001187302648454
5,3531,0,0.5007199913951924
5,3534,0,0.5014137835562312
5,3551,0,0.5001111428637851
5,3567,0,0.5075523380888968
5,3569,0,0.5002902765481737
5,3571,0,0.5018003695980099
5,3574,0,0.5002753800970605
5,3581,0,0.5001078926815359
5,3587,0,0.5009511860922258
5,3588,0,0.5028433641306027
5,3598,0,0.5003015897812778
5,3599,0,0.500162136986874
5,3600,0,0.5023279352922588
5,3603,0,0.5014615774981698
5,3608,0,0.5001837485226643
5,3616,0,0.5004059826188628
5,3618,0,0.5005493652633688
5,3627,0,0.5010887340939929
5,3628,0,0.5015252448953015
5,3632,0,0.5010090578507942
5,3637,0,0.500849088668484
5,3640,0,0.5000582177764334
5,3647,0,0.500444307614044
5,3649,0,0.5078492928413343
5,3650,0,0.500426128433371
5,3652,0,0.500124660940523
5,3662,0,0.5003398557887099
5,3678,0,0.5013730076235101
5,3682,0,0.5000961058586469
5,3688,0,0.5038602244328317
5,3695,0,0.500087083718402
5,3700,0,0.5016738362525888
5,3704,0,0.5010437512420622
5,3705,0,0.5004507004996078
5,3708,0,0.5005471868324082
5,3717,0,0.5004001276763153
5,3719,0,0.5016670425168316
5,3726,0,0.5000535492410944
5,3728,0,0.5002479028775942
5,3730,0,0.5006114501246213
5,3732,0,0.5010313718366554
5,3742,0,0.5001593850249405
5,3744,0,0.5004033260643578
5,3745,0,0.503112493721551
5,3748,0,0.5005626495695314
5,3749,0,0.5031957879588284
5,3750,0,0.5030384570527575
5,3751,0,0.5137518266164772
5,3764,0,0.5013345706324082
5,3766,0,0.5002772222108729
5,3767,0,0.5044002819138781
5,3777,0,0.5001979967102431
5,3782,0,0.5052473857071076
5,3784,0,0.500682291158597
5,3789,0,0.5005224681728928
5,3800,0,0.5001061733882577
5,3801,0,0.5021626640981409
5,3802,0,0.5006245180198353
5,3803,0,0.5004402565443975
5,3806,0,0.5008519699991426
5,3809,0,0.500542904412973
5,3811,0,0.5018343772818687
5,3814,0,0.5018975882293368
5,3820,0,0.5005099975878541
5,3821,0,0.5005800578503281
5,3822,0,0.5000454594086154
5,3823,0,0.5002869479623712
5,3824,0,0.50006530113372
5,3827,0,0.5004062128020061
5,3828,0,0.5004393236319256
5,3829,0,0.501540671399406
5,3832,0,0.5001752532642875
5,3833,0,0.5026627582715488
5,3834,0,0.5011575475511472
5,3854,0,0.5002334609104688
5,3855,0,0.500892851966146
5,3874,0,0.5001530975302256
5,3887,0,0.500437004073898
5,3889,0,0.5013174698172247
5,3892,0,0.5000673993326635
5,3893,0,0.5002912473409873
5,3894,0,0.5002927883359842
5,3896,0,0.500139429697428
5,3901,0,0.5004063257577215
5,3904,0,0.504853935788941
5,3905,0,0.5001430568853837
5,3908,0,0.5003776699948451
5,3926,0,0.5000988849231309
5,3931,0,0.5006846344470758
5,3935,0,0.5002824335621155
5,3937,0,0.5004627561237895
5,3948,0,0.50203293078612
5,3951,0,0.5031683998497887
5,3962,0,0.5001182812758793
5,3967,0,0.50088940195456
5,3968,0,0.500897215930898
5,3970,0,0.5000912339888516
5,3971,0,0.500151958109657
5,3978,0,0.5002019654307045
5,3981,0,0.500130163001002
5,3987,0,0.5001553604444785
5,3989,0,0.5032768420442206
5,3990,0,0.5002201932872264
5,3996,0,0.5028249471595406
5,3998,0,0.500630003902885
5,4000,0,0.5002071841329911
5,4002,0,0.501869721577776
5,4004,0,0.5000445992703704
5,4008,0,0.5015879486448758
5,4009,0,0.5002462551204043
5,4018,0,0.5007835822293435
5,4019,0,0.5004329425489681
5,4020,0,0.5028219741928317
5,4029,0,0.5001681155899094
5,4033,0,0.5005728824048126
5,4039,0,0.5008367360207906
5,4046,0,0.501847216816764
5,4050,0,0.5001242690271319
5,4064,0,0.5007718401173384
5,4071,0,0.5001834939018192
5,4075,0,0.5011831182166712
5,4087,0,0.5001553028065929
5,4108,0,0.500350419157604
5,4110,0,0.5010952080908601
5,4112,0,0.5002687130892031
5,4114,0,0.5000954102409831
5,4122,0,0.5016103500061256
5,4129,0,0.5000685227716275
5,4132,0,0.5001038751261814
5,4134,0,0.501638093304732
5,4139,0,0.500372447159274
5,4142,0,0.5031377832972256
5,4144,0,0.5017190900136446
5,4152,0,0.5054982985117272
5,4153,0,0.5006708651098997
5,4155,0,0.5017689677615538
5,4156,0,0.5020892658167306
5,4161,0,0.5007839563769332
5,4162,0,0.5038137649519682
5,4170,0,0.503216808059167
5,4173,0,0.5002150466192777
5,4174,0,0.5055045576853333
5,4178,0,0.5001713152918639
5,4179,0,0.5005229906882604
5,4183,0,0.5007146099722353
5,4186,0,0.5006034129262542
5,4188,0,0.5007406122899873
5,4190,0,0.5014614492225652
5,4192,0,0.5008668611878008
5,4200,0,0.5009019103726564
5,4201,0,0.5002434177435939
5,4206,0,0.500365774857387
5,4209,0,0.500349268457479
5,4216,0,0.5003662061659676
5,4219,0,0.5008732072812887
5,4220,0,0.5051198988096148
5,4223,0,0.5009644288743681
5,4226,0,0.5002597123457391
5,4236,0,0.5021556989173949
5,4242,0,0.5012578383937025
5,4246,0,0.5011207112287057
5,4250,0,0.5005580180820732
5,4256,0,0.5005836049245087
5,4263,0,0.5003234786674725
5,4267,0,0.5015346902900432
5,4273,0,0.5003098566684984
5,4275,0,0.5036062923603867
5,4280,0,0.5000651638302821
5,4281,0,0.500920480153523
5,4288,0,0.5005739763583703
5,4289,0,0.5001434036969983
5,4305,0,0.5005511167590725
5,4311,0,0.5070726151023669
5,4312,0,0.5018752457810686
5,4314,0,0.5011608913185445
5,4316,0,0.5004836946148208
5,4318,0,0.5011645171956947
5,4319,0,0.5002131219276329
5,4331,0,0.5005637378710074
5,4333,0,0.5003099867769595
5,4335,0,0.501212346359145
5,4337,0,0.501274532715607
5,4338,0,0.5002626019896367
5,4340,0,0.5009087442436627
5,4344,0,0.5006452309721586
5,4361,0,0.5003863043499436
5,4362,0,0.5001238141629324
5,4364,0,0.500370955735256
5,4370,0,0.5002639987132653
5,4371,0,0.5006957961463809
5,4377,0,0.5003313524610199
5,4382,0,0.5001959168552141
5,4383,0,0.5001472434466124
5,4386,0,0.5084036543683319
5,4389,0,0.5012719836394083
5,4390,0,0.5005085762228411
5,4395,0,0.5009493922409926
5,4396,0,0.500349731486837
5,4403,0,0.5004233599605409
5,4405,0,0.5003063688083368
5,4407,0,0.5004907896390268
5,4411,0,0.5002346288901388
5,4412,0,0.5005635476874788
5,4415,0,0.5032599222815365
5,4416,0,0.5001266792899958
5,4418,0,0.5018854429369113
5,4427,0,0.5010882234700057
5,4428,0,0.5000349483715442
5,4433,0,0.5010422012291694
5,4434,0,0.5007049062562512
5,4437,0,0.5002569530882898
5,4442,0,0.5007333827918202
5,4445,0,0.5001204425660767
5,4446,0,0.5003551152109209
5,4449,0,0.5001320810568461
5,4457,0,0.5012830996319542
5,4467,0,0.5031188056499761
5,4470,0,0.500219572732954
5,4476,0,0.5007467729461088
5,4480,0,0.500156618642716
5,4483,0,0.5013615821833902
5,4490,0,0.5001435543398098
5,4492,0,0.5014160240394436
5,4498,0,0.5000489300429407
5,4502,0,0.5014410741066779
5,4503,0,0.503442181810504
5,4506,0,0.5002735810456007
5,4521,0,0.5007112310724943
5,4523,0,0.5017780614832092
5,4534,0,0.5063285278670656
5,4535,0,0.5001948755459372
5,4537,0,0.5006876798479432
5,4540,0,0.500896957250539
5,4544,0,0.5005291861215284
5,4547,0,0.5008467930244215
5,4563,0,0.5003476196538778
5,4564,0,0.5019809327303766
5,4566,0,0.5004178432553852
5,4571,0,0.5005864109185816
5,4576,0,0.5135170598679082
5,4578,0,0.5002955552338282
5,4579,0,0.5003498172265315
5,4588,0,0.5000317044055533
5,4589,0,0.5005672147352485
5,4590,0,0.5000473207971439
5,4591,0,0.5014013981870553
5,4597,0,0.5005369824671503
5,4605,0,0.50030286030554
5,4614,0,0.5001995721148919
5,4617,0,0.5012492756618252
5,4618,0,0.5019478379212218
5,4621,0,0.5002880168190734
5,4627,0,0.5001279020667179
5,4635,0,0.500562693224333
5,4642,0,0.5036398996620132
5,4643,0,0.506758688242128
5,4662,0,0.5053216944130211
5,4672,0,0.5018683145403768
5,4674,0,0.5052471786861646
5,4676,0,0.5008077573322189
5,4677,0,0.5021456932953694
5,4681,0,0.5002820103444262
5,4685,0,0.5002183675992117
5,4686,0,0.5009344490860511
5,4689,0,0.5000782884173388
5,4691,0,0.5001376773200849
5,4693,0,0.5002408791970574
5,4699,0,0.5003854411641041
5,4701,0,0.5000626373364919
5,4710,0,0.5007706625600827
5,4720,0,0.5003557341363486
5,4721,0,0.5001494679272596
5,4723,0,0.5005225628287338
5,4725,0,0.5011244943553786
5,4727,0,0.5002499783273543
5,4729,0,0.500853428120922
5,4730,0,0.5021398865880562
5,4731,0,0.5099804708601823
5,4732,0,0.5006264916451656
5,4733,0,0.5004897991353506
5,4735,0,0.500551992650073
5,4738,0,0.5002924104623732
5,4740,0,0.502971594983568
5,4742,0,0.5002426753071751
5,4744,0,0.5034079712269756
5,4746,0,0.5002063745010554
5,4751,0,0.5013787350863134
5,4757,0,0.5001725218504472
5,4762,0,0.5012518397512914
5,4766,0,0.5000905051572763
5,4770,0,0.5011361781955829
5,4772,0,0.5002524631577709
5,4773,0,0.5002465387892858
5,4781,0,0.5000593833781019
5,4784,0,0.5013779600828638
5,4789,0,0.5007799574570967
5,4790,0,0.5003883166974527
5,4794,0,0.5007032253144212
5,4795,0,0.5010245900272431
5,4803,0,0.5024578314847029
5,4804,0,0.501536530902117
5,4809,0,0.5005965634638367
5,4813,0,0.5004059300625652
5,4829,0,0.5018248810329154
5,4831,0,0.5001404587043212
5,4835,0,0.5039826822087239
5,4841,0,0.5006607769690853
5,4853,0,0.5000805051393574
5,4854,0,0.5000495958577658
5,4856,0,0.5000839163836851
5,4857,0,0.5008387523399466
5,4861,0,0.5025172162762311
5,4865,0,0.501233744904842
5,4866,0,0.5000555128844822
5,4867,0,0.5001650505414797
5,4869,0,0.5019198445346216
5,4872,0,0.500928286968147
5,4874,0,0.500134177291814
5,4891,0,0.5013978863330316
5,4901,0,0.5004940665162971
5,4909,0,0.5012369800780535
5,4914,0,0.5004615029580165
5,4919,0,0.5012300934468553
5,4920,0,0.502118299898319
5,4923,0,0.5007069794362965
5,4924,0,0.5004413000183677
5,4931,0,0.5003356364364657
5,4932,0,0.5052459550864442
5,4942,0,0.5001435226391314
5,4948,0,0.500173639160264
5,4971,0,0.5009133327030628
5,4974,0,0.50142545277994
5,4979,0,0.5164145391227846
5,4981,0,0.5007348136127026
5,4987,0,0.5001522860291101
5,4988,0,0.5002182615182225
5,4990,0,0.501275624372589
5,4994,0,0.506416776634096
5,5000,0,0.5064659839115768
5,5006,0,0.5013615537730169
5,5009,0,0.5001876829905946
5,5022,0,0.5003394250411275
5,5031,0,0.5003905183582483
5,5038,0,0.5009181281436936
5,5044,0,0.501488442245048
5,5047,0,0.503245514446323
5,5048,0,0.5006002610493434
5,5049,0,0.5006144119042346
5,5050,0,0.5010234105693536
5,5056,0,0.5002886849751467
5,5065,0,0.5002189418535867
5,5073,0,0.5002026697718341
5,5081,0,0.502455943706355
5,5086,0,0.50040047866574
5,5087,0,0.5033316698842838
5,5092,0,0.5019377116393564
5,5097,0,0.5004730650755567
5,5099,0,0.5011818090509866
5,5108,0,0.5011221174636992
5,5110,0,0.5004003841048167
5,5116,0,0.5000364913185743
5,5129,0,0.5003057811212623
5,5133,0,0.5011472628206638
5,5142,0,0.5011121096635122
5,5148,0,0.5004862954162619
5,5153,0,0.500872603095452
5,5156,0,0.5002742787919102
5,5159,0,0.5105992929928069
5,5166,0,0.5007894962004833
5,5167,0,0.5016570740234403
5,5171,0,0.5010910735391862
5,5174,0,0.5163022295172391
5,5183,0,0.5016891329252474
5,5184,0,0.5049902015063896
5,5185,0,0.5001972930571846
5,5196,0,0.5002663104306881
5,5201,0,0.5010450662039008
5,5206,0,0.5021320846975992
5,5207,0,0.5003739002902924
5,5208,0,0.5007369355874617
5,5213,0,0.5003055538605515
5,5216,0,0.5017404369085808
5,5218,0,0.5004065093126949
5,5219,0,0.5005197956038785
5,5223,0,0.5001067508848114
5,5230,0,0.500178574532801
5,5239,0,0.5008726107785307
5,5242,0,0.5002627068918444
5,5247,0,0.5002271465760777
5,5251,0,0.5002800112154212
5,5255,0,0.5004962682226027
5,5257,0,0.5004534622983307
5,5271,0,0.5026227431059981
5,5290,0,0.5003320070929328
5,5306,0,0.5023884649861591
5,5308,0,0.5001555482407224
5,5311,0,0.5002175093152468
5,5314,0,0.5002445249622648
5,5325,0,0.5010790988397547
5,5329,0,0.5009608336517731
5,5330,0,0.5007944059758005
5,5338,0,0.5004756768062972
5,5350,0,0.5004149750195279
5,5351,0,0.5016970103235963
5,5358,0,0.5005816623626307
5,5360,0,0.5002344677956874
5,5362,0,0.5040678535926758
5,5366,0,0.5001448792589015
5,5369,0,0.5005248787303315
5,5370,0,0.5023457641863093
5,5375,0,0.5002098456233952
5,5378,0,0.5003527006005137
5,5382,0,0.5002499031005027
5,5395,0,0.5014780855961686
5,5396,0,0.5012109991497337
5,5398,0,0.500262888960186
5,5400,0,0.5012894177639835
5,5401,0,0.5014288252104634
5,5404,0,0.5003262128184185
5,5415,0,0.5003535532828002
5,5429,0,0.5006240400318935
5,5432,0,0.5000759285752888
5,5444,0,0.5008707839780185
5,5461,0,0.5128953012477654
5,5462,0,0.5077426624872514
5,5471,0,0.5001124547334198
5,5480,0,0.5002334032881004
5,5495,0,0.5000949399814609
5,5499,0,0.5000963158319397
5,5500,0,0.5031436112729186
5,5501,0,0.5002112797466725
5,5522,0,0.5004061111276757
5,5525,0,0.5001311699704293
5,5538,0,0.501822444926309
5,5542,0,0.5000648224704572
5,5565,0,0.5011693305347128
5,5569,0,0.5049044490569957
5,5575,0,0.5130674548116434
5,5577,0,0.5000251394544938
5,5578,0,0.500813547135978
5,5585,0,0.5096917742038791
5,5587,0,0.5002737774376147
5,5588,0,0.5009148333648652
5,5599,0,0.5001973169079799
5,5600,0,0.5009453998105523
5,5601,0,0.5005913651379286
5,5611,0,0.5001539512432184
5,5612,0,0.5003231557183762
5,5620,0,0.500693231403264
5,5622,0,0.5008938917720814
5,5629,0,0.5003309234948916
5,5631,0,0.5003539918288529
5,5632,0,0.5011492904456719
5,5641,0,0.5004504848082082
5,5643,0,0.5002956631473414
5,5649,0,0.5085113861033814
5,5650,0,0.5001724682730516
5,5651,0,0.5001831480650051
5,5652,0,0.5009316994554502
5,5653,0,0.5003259152026989
5,5656,0,0.501697026275196
5,5666,0,0.5021219133068628
5,5667,0,0.5029629931582454
5,5669,0,0.5001558196410886
5,5683,0,0.5002980161509425
5,5684,0,0.5003979501085508
5,5693,0,0.5001268737751758
5,5711,0,0.5001331172998711
5,5715,0,0.5040941932306506
5,5722,0,0.5012965452569321
5,5723,0,0.5003957104097821
5,5729,0,0.5010529731422624
5,5737,0,0.5003332975356194
5,5738,0,0.5022128640866488
5,5742,0,0.500156829364528
5,5743,0,0.5003874072647345
5,5749,0,0.5013725504802546
5,5750,0,0.5112627410413254
5,5753,0,0.500177016535264
5,5756,0,0.5031257667430763
5,5762,0,0.5007473986265814
5,5767,0,0.5023085903955875
5,5771,0,0.5009171593803435
5,5782,0,0.5002595871136517
5,5788,0,0.5010418263795833
5,5789,0,0.5015797532439983
5,5791,0,0.5004722845284135
5,5792,0,0.5249046070719658
5,5812,0,0.5008353607405593
5,5819,0,0.5008324645273841
5,5823,0,0.5002021614251067
5,5829,0,0.5003968901490716
5,5830,0,0.503694499517699
5,5831,0,0.5131739419314141
5,5841,0,0.5002628091265469
5,5842,0,0.5005049638993769
5,5843,0,0.500498216685526
5,5844,0,0.5003356222687424
5,5852,0,0.5002603331893533
5,5866,0,0.5010184143813566
5,5870,0,0.5027990358801165
5,5876,0,0.5001536176752214
5,5879,0,0.5001122732201491
5,5884,0,0.5001547864148262
5,5885,0,0.5018511545398802
5,5893,0,0.5017467639979356
5,5894,0,0.5006684620074545
5,5903,0,0.5009875361523037
5,5904,0,0.5002110234490913
5,5906,0,0.5004646388916226
5,5913,0,0.5016395970163092
5,5925,0,0.5019715335350361
5,5926,0,0.5018050743021268
5,5929,0,0.5001523481325604
5,5931,0,0.5006534651483875
5,5932,0,0.5003739375504157
5,5933,0,0.5038412153382857
5,5935,0,0.500168689379742
5,5937,0,0.5005277204651277
5,5947,0,0.5019658331149871
5,5959,0,0.5001665175303541
5,5961,0,0.5009823106097933
5,5963,0,0.5000457537620561
5,5970,0,0.5002104287159241
5,5973,0,0.5000901569337559
5,5974,0,0.5008698682356049
5,5976,0,0.5007184913314175
5,5979,0,0.5003992801168266
5,5983,0,0.5003266648382771
5,5988,0,0.5000729870939626
5,5991,0,0.5009870894406256
5,5995,0,0.5003778901973179
5,6007,0,0.5015534177622846
5,6011,0,0.5053815957704508
5,6012,0,0.5000900194578075
5,6018,0,0.5015789211534556
5,6019,0,0.5003685222796519
5,6020,0,0.5002375206971323
5,6028,0,0.5008780806952037
5,6036,0,0.5017888442860499
5,6037,0,0.500499491728532
5,6040,0,0.5004424419755326
5,6049,0,0.5003273478760907
5,6052,0,0.5002407095200946
5,6054,0,0.5002438414118755
5,6069,0,0.5005387618982888
5,6072,0,0.5002131320472125
5,6075,0,0.5020630829736283
5,6079,0,0.5000927494733526
5,6082,0,0.5104494127581586
5,6083,0,0.5013174164892987
5,6085,0,0.5021612881599504
5,6089,0,0.5002767047338009
5,6095,0,0.50072001778671
5,6100,0,0.5001474675697513
5,6111,0,0.5002877388125425
5,6117,0,0.50268592387551
5,6125,0,0.5005798156183758
5,6131,0,0.5004161459632
5,6132,0,0.5012326221035308
5,6134,0,0.5012627756100718
5,6154,0,0.5002125896027727
5,6158,0,0.5004254114128508
5,6165,0,0.5015554882712207
5,6170,0,0.5000492945497834
5,6172,0,0.5010920507741373
5,6190,0,0.5007767290480236
5,6194,0,0.5006712591420972
5,6202,0,0.5002360766141913
5,6204,0,0.5028328998481976
5,6205,0,0.5064365224241516
5,6214,0,0.5009336188098799
5,6220,0,0.5012696588858371
5,6221,0,0.5028309061360657
5,6228,0,0.5001805975273608
5,6233,0,0.5009235681791517
5,6255,0,0.50005062375163
5,6260,0,0.5005439878536679
5,6261,0,0.5003007718401923
5,6273,0,0.5010782996037386
5,6274,0,0.5002704188619861
5,6280,0,0.5001826338287976
5,6281,0,0.5010538506466026
5,6288,0,0.5001680943182311
5,6291,0,0.5001195421744773
5,6294,0,0.5008757809348104
5,6296,0,0.5024406735017949
5,6299,0,0.5003117197022413
5,6302,0,0.5015036131012031
5,6305,0,0.5005848142601036
5,6310,0,0.5019793076733313
5,6313,0,0.5002283303207835
5,6319,0,0.5012103821203586
5,6325,0,0.5003035783752274
5,6338,0,0.5001315140295483
5,6345,0,0.5001799091620047
5,6355,0,0.5001420300208925
5,6356,0,0.5006696394950756
5,6358,0,0.5003919086489278
5,6365,0,0.500935206659412
5,6369,0,0.500655573287764
5,6372,0,0.5012955589755661
5,6380,0,0.5006014043555905
5,6392,0,0.5001240136797112
5,6398,0,0.5006719191743753
5,6400,0,0.5003389981603532
5,6401,0,0.5002753759856949
5,6403,0,0.5002186253695959
5,6413,0,0.505994223396345
5,6414,0,0.5007748939999167
5,6420,0,0.5045711419854494
5,6422,0,0.5001745163173626
5,6429,0,0.5009246013023868
5,6433,0,0.5000423380016598
5,6438,0,0.5067954603549649
5,6440,0,0.5041227255354157
5,6442,0,0.5001892897307938
5,6450,0,0.5014856046009276
5,6457,0,0.5002627808680404
5,6463,0,0.5005577096975452
5,6464,0,0.5016239995838995
5,6466,0,0.503239730450522
5,6467,0,0.500583216924459
5,6469,0,0.501317792443313
5,6471,0,0.5003542881314601
5,6472,0,0.5003821518740255
5,6473,0,0.5003062725282335
5,6479,0,0.5001844192034572
5,6492,0,0.5004408535072017
5,6495,0,0.5027781897250484
5,6500,0,0.5000396544890329
5,6503,0,0.5004395691241401
5,6510,0,0.5000975290258537
5,6516,0,0.5065600290198748
5,6519,0,0.5025243066132082
5,6520,0,0.5013654872188362
5,6523,0,0.5001404045517533
5,6524,0,0.5004032550733151
5,6529,0,0.5017327482257496
5,6534,0,0.5004782838763583
5,6535,0,0.5001203835050724
5,6545,0,0.5003748903830221
5,6549,0,0.5008549502053966
5,6552,0,0.5022865664417746
5,6554,0,0.5003763768775451
5,6564,0,0.5008980520839355
5,6568,0,0.500527872011295
5,6569,0,0.5001248501812134
5,6573,0,0.5002967691168578
5,6578,0,0.504667172434487
5,6586,0,0.5006417456004458
5,6596,0,0.5003152270313922
5,6598,0,0.5004107682757708
5,6601,0,0.5005512915274939
5,6604,0,0.5032097844577988
5,6607,0,0.5008697901656667
5,6610,0,0.5001338643524995
5,6613,0,0.5012750483917837
5,6629,0,0.5001062021886038
5,6631,0,0.5008645859146035
5,6636,0,0.5012994744836928
5,6638,0,0.501045000730203
5,6642,0,0.5019615210548373
5,6644,0,0.5023150875929473
5,6650,0,0.5002507624495154
5,6651,0,0.5000887787718763
5,6653,0,0.5001381012257367
5,6660,0,0.5008068853001103
5,6669,0,0.5008665080470259
5,6670,0,0.5001994696041199
5,6672,0,0.5002602360195836
5,6678,0,0.5021311497621352
5,6682,0,0.5007792475493494
5,6687,0,0.5001104433882062
5,6693,0,0.5003632814554262
5,6698,0,0.5023619224389515
5,6699,0,0.5007007138217607
5,6702,0,0.5012419487791487
5,6703,0,0.5011336178364321
5,6723,0,0.5049185753073083
5,6727,0,0.5014054254978643
5,6730,0,0.5002210049565994
5,6731,0,0.5037608620526969
5,6732,0,0.5002364456940184
5,6739,0,0.501600789182508
5,6743,0,0.5001708407836127
5,6748,0,0.5011912849809709
5,6758,0,0.500420840188626
5,6761,0,0.5000462539301281
5,6764,0,0.5005646215760253
5,6765,0,0.5035786289361477
5,6772,0,0.5010374608436289
5,6775,0,0.5002154173138385
5,6776,0,0.5007369097563905
5,6782,0,0.5007955083989042
5,6783,0,0.5009376240058061
5,6793,0,0.5053130256307681
5,6794,0,0.500541223166139
5,6809,0,0.5004186987210808
5,6810,0,0.5007211397939108
5,6820,0,0.5012673147935216
5,6824,0,0.5012848486053575
5,6827,0,0.5000840682494567
5,6836,0,0.5000404607862616
5,6838,0,0.500246546844365
5,6848,0,0.5007118669908005
5,6865,0,0.5138780292515439
5,6871,0,0.5002200042487915
5,6873,0,0.5006568317411912
5,6875,0,0.5008530456937414
5,6879,0,0.5043458535026105
5,6887,0,0.5028316788949426
5,6890,0,0.500741530936542
5,6892,0,0.5003742883573543
5,6894,0,0.500506263207528
5,6900,0,0.5007889758955649
5,6901,0,0.5000485855268081
5,6907,0,0.5052695743876193
5,6908,0,0.5002189426743866
5,6912,0,0.5037282122233274
5,6913,0,0.5001402438141168
5,6917,0,0.5004152156609346
5,6918,0,0.5002957842593583
5,6921,0,0.5002583007394297
5,6926,0,0.5000515296472362
5,6930,0,0.5012729163465861
5,6931,0,0.5001632903263589
5,6936,0,0.5005552981750381
5,6946,0,0.5002700054295063
5,6948,0,0.5008447376000021
5,6955,0,0.5020196520178554
5,6964,0,0.5002540604654695
5,6973,0,0.5002308322783805
5,6980,0,0.5007055643366242
5,6984,0,0.500981506209091
5,6985,0,0.5019997374903812
5,6987,0,0.5009512774428669
5,6988,0,0.5005514364924478
5,6993,0,0.5002966100821837
5,6997,0,0.5003515063612386
5,6998,0,0.5002287956767537
5,6999,0,0.5008289086982475
5,7005,0,0.5060950784017779
5,7015,0,0.5003874967608468
5,7016,0,0.5019726139528691
5,7017,0,0.5006765723539389
5,7019,0,0.5012429876331249
5,7022,0,0.5001696216457974
5,7026,0,0.5002564848462452
5,7035,0,0.5003292077472344
5,7036,0,0.500888058047205
5,7038,0,0.5003581489828719
5,7040,0,0.5017783118288891
5,7041,0,0.5022632402911388
5,7045,0,0.5002021754463967
5,7047,0,0.5003778036740013
5,7049,0,0.5001812164450042
5,7050,0,0.500120679290554
5,7053,0,0.5000953080655762
5,7057,0,0.5000512636610349
5,7059,0,0.5012748624683198
5,7063,0,0.5002620139485514
5,7065,0,0.5012145789851192
5,7086,0,0.5005032978660582
5,7093,0,0.5002391675354051
5,7099,0,0.5001613280580798
5,7119,0,0.5006229328840719
5,7121,0,0.501695742042915
5,7132,0,0.5000688808594934
5,7142,0,0.5000858920869338
5,7143,0,0.5026661292474353
5,7159,0,0.5014024734216621
5,7166,0,0.500674746069145
5,7167,0,0.5017854933793531
5,7170,0,0.500596038306239
5,7174,0,0.5002671211405774
5,7181,0,0.5002700288470985
5,7208,0,0.5054139163075405
5,7211,0,0.5001859746641121
5,7212,0,0.5002930323523805
5,7214,0,0.5008094593434425
5,7219,0,0.503266485415917
5,7228,0,0.5000930470053898
5,7230,0,0.5007248512836577
5,7234,0,0.5013237293550957
5,7239,0,0.5007638549259823
5,7243,0,0.5002044913845046
5,7245,0,0.5003050656830572
5,7248,0,0.5001228350541141
5,7262,0,0.5014191204294433
5,7271,0,0.5001683320303623
5,7275,0,0.5020401943293574
5,7276,0,0.5009746035333765
5,7283,0,0.5070925087386934
5,7296,0,0.5005028863451029
5,7297,0,0.5007347699313517
5,7304,0,0.500674487651032
5,7310,0,0.5007967253497085
5,7313,0,0.5009534870183229
5,7314,0,0.5011373190661296
5,7320,0,0.5016118231211053
5,7323,0,0.5006940067559196
5,7324,0,0.5006896279920539
5,7325,0,0.5000848612613435
5,7335,0,0.5007740702525684
5,7345,0,0.500774094941458
5,7354,0,0.500253079753893
5,7360,0,0.5016488847712598
5,7371,0,0.5006010969571894
5,7377,0,0.5012513277700076
5,7381,0,0.5032161724070955
5,7383,0,0.5013505021727724
5,7388,0,0.5008470970982356
5,7392,0,0.5003166781259294
5,7397,0,0.5011393954964299
5,7404,0,0.5010035065090823
5,7410,0,0.5003221461845201
5,7412,0,0.5004488376762594
5,7416,0,0.5044228800521229
5,7420,0,0.5009844135056485
5,7425,0,0.5006475451326828
5,7428,0,0.5000638718733114
5,7430,0,0.5005247697823434
5,7432,0,0.533896833908537
5,7433,0,0.5001838232883471
5,7442,0,0.5000996682014335
5,7443,0,0.5001473665051467
5,7451,0,0.5005057362202732
5,7452,0,0.5027017966504476
5,7457,0,0.500389043527916
5,7459,0,0.5002713751113305
5,7467,0,0.5007360314791706
5,7471,0,0.5008140550447938
5,7473,0,0.5000199809330488
5,7480,0,0.5015065021680369
5,7487,0,0.5002785878579553
5,7488,0,0.5002779666153822
5,7506,0,0.500137439608341
5,7508,0,0.5000905105091525
5,7516,0,0.5001632044507768
5,7529,0,0.5005593031631406
5,7534,0,0.5003182099327035
5,7536,0,0.5009199116242417
5,7540,0,0.5027773276010904
5,7546,0,0.5014433344044336
5,7559,0,0.5001305673758674
5,7561,0,0.5002496019272243
5,7562,0,0.5014030449643354
5,7563,0,0.5007892605608874
5,7569,0,0.5009241736423301
5,7578,0,0.501244582472456
5,7579,0,0.5001533894712897
5,7582,0,0.5001689612842601
5,7589,0,0.5002700122228768
5,7591,0,0.5000349271924835
5,7592,0,0.5016711992706573
5,7595,0,0.5000721882802572
5,7596,0,0.5000586570989973
5,7599,0,0.5014523827396401
5,7605,0,0.5035420511407447
5,7609,0,0.5001288379917155
5,7611,0,0.5015750795940028
5,7613,0,0.5005008820948891
5,7614,0,0.5009966845310885
5,7617,0,0.5018069494302725
5,7628,0,0.5004085422484862
5,7636,0,0.5016519160828887
5,7641,0,0.500854469092336
5,7642,0,0.5008331433691092
5,7643,0,0.5012485709000162
5,7646,0,0.504282109997179
5,7652,0,0.5114662445105884
5,7657,0,0.5008527088384067
5,7659,0,0.5005303515768995
5,7661,0,0.502845112180067
5,7665,0,0.5002270430907011
5,7666,0,0.5006367859973123
5,7676,0,0.5047725842476722
5,7677,0,0.5006034846101743
5,7683,0,0.5035199760692134
5,7691,0,0.5004506144389929
5,7697,0,0.5001306904297503
5,7705,0,0.5003074500502689
5,7707,0,0.5002060333862393
5,7710,0,0.5034337491806227
5,7713,0,0.5005284537250138
5,7715,0,0.501584443812001
5,7716,0,0.5001664934201461
5,7724,0,0.5004905983936032
5,7734,0,0.501332322158395
5,7737,0,0.5001876425124137
5,7740,0,0.500109447780738
5,7745,0,0.500261445727673
5,7754,0,0.5005385054979298
5,7755,0,0.5002863414532384
5,7758,0,0.5007640593478645
5,7761,0,0.5018005038361216
5,7762,0,0.5028164626928867
5,7763,0,0.5011904780093249
5,7765,0,0.5000919270216942
5,7781,0,0.5015699596992488
5,7799,0,0.5010889209890638
5,7807,0,0.5003557856205442
5,7808,0,0.5023000005712891
5,7812,0,0.5001303205007048
5,7816,0,0.5009645620063511
5,7823,0,0.5011821211490424
5,7828,0,0.5016678999362255
5,7833,0,0.5003009607955966
5,7843,0,0.5007641187395717
5,7844,0,0.5004627948634782
5,7854,0,0.5013635302524657
5,7856,0,0.5005942829035196
5,7867,0,0.5002128451239782
5,7868,0,0.5003458717427213
5,7869,0,0.5000509207704853
5,7871,0,0.5009304678123004
5,7876,0,0.5044097339601105
5,7882,0,0.5019306570166535
5,7883,0,0.5002200398112008
5,7884,0,0.5004540678761995
5,7896,0,0.5003442493418548
5,7897,0,0.5009747800293406
5,7898,0,0.5007566482841068
5,7904,0,0.5004229002138944
5,7913,0,0.5006429287001248
5,7921,0,0.5014159696143403
5,7926,0,0.5007134657703346
5,7927,0,0.500100518735946
5,7934,0,0.5005800231723917
5,7937,0,0.5005260582094676
5,7947,0,0.5011786083580083
5,7948,0,0.5028996192316297
5,7949,0,0.500516529771714
5,7950,0,0.500124974175112
5,7962,0,0.5006356329914168
5,7964,0,0.5003305024490162
5,7971,0,0.5002406089490373
5,7972,0,0.50034362672124
5,7975,0,0.500122285892952
5,7977,0,0.5013838126377541
5,7978,0,0.5000702129093848
5,7979,0,0.50061957462265
5,7980,0,0.5002913073229436
5,7985,0,0.5000396161965768
5,7987,0,0.5002916858830386
5,7995,0,0.500527411640172
5,8001,0,0.5005692352630865
5,8007,0,0.5072055024657826
5,8008,0,0.5000668095075157
5,8015,0,0.5004284381356034
5,8030,0,0.5001798760544358
5,8054,0,0.5005158769757433
5,8057,0,0.5002050440626696
5,8058,0,0.503269852943742
5,8071,0,0.5006137237848645
5,8081,0,0.5005011137309138
5,8085,0,0.5006598653833971
5,8092,0,0.5002192019085367
5,8101,0,0.5011665416274178
5,8105,0,0.5005069188122213
5,8107,0,0.5004657047746698
5,8110,0,0.5035904238105015
5,8114,0,0.5000531813790295
5,8124,0,0.5033407304237956
5,8126,0,0.5029939108734848
5,8129,0,0.5004981034446332
5,8142,0,0.5004363913978657
5,8147,0,0.5003633994429374
5,8153,0,0.5004039543460278
5,8157,0,0.5005701174804538
5,8165,0,0.5015076701089795
5,8171,0,0.5001498345826
5,8175,0,0.501247159836407
5,8178,0,0.500428328983451
5,8179,0,0.5003465398015295
5,8184,0,0.50067329692529
5,8197,0,0.5001752469101689
5,8200,0,0.5027361517045225
5,8225,0,0.5004083100193496
5,8235,0,0.5016683036603283
5,8236,0,0.5008764824357324
5,8243,0,0.5018910044558856
5,8274,0,0.5017659694179284
5,8278,0,0.5021197988972443
5,8289,0,0.5033283365703022
5,8290,0,0.5008906602248676
5,8298,0,0.5001357094718722
5,8309,0,0.5048130648692595
5,8320,0,0.5009781206917634
5,8328,0,0.5002439425474557
5,8329,0,0.5001899849040062
5,8331,0,0.501361303576638
5,8336,0,0.5001653358312799
5,8340,0,0.5015307972891621
5,8341,0,0.500442521296041
5,8347,0,0.5002336163547836
5,8349,0,0.5005515109338147
5,8350,0,0.500929885770024
5,8360,0,0.5003552868842984
5,8366,0,0.5002936603511365
5,8373,0,0.5010275151582607
5,8378,0,0.5001602393319075
5,8387,0,0.5005453864495363
5,8394,0,0.505053237018789
5,8399,0,0.5000578458248587
5,8411,0,0.5007553631844791
5,8422,0,0.5007965177753956
5,8427,0,0.5002108760879839
5,8435,0,0.5021987826219316
5,8437,0,0.5016286680054585
5,8442,0,0.5004318937916283
5,8444,0,0.5009385380509702
5,8454,0,0.5018293725061388
5,8460,0,0.5010128888554973
5,8461,0,0.5089727019328293
5,8462,0,0.5002401233475242
5,8465,0,0.5009392700376999
5,8474,0,0.5005419590929124
5,8478,0,0.5001002842294776
5,8479,0,0.5001606388865584
5,8487,0,0.503438945257211
5,8491,0,0.500564125532762
5,8495,0,0.5016169370166228
5,8496,0,0.5017680642501666
5,8497,0,0.5005095083534777
5,8500,0,0.5005117659071189
5,8503,0,0.5001680334478014
5,8504,0,0.5009785971999121
5,8505,0,0.5001419424241291
5,8506,0,0.5003893738776484
5,8508,0,0.5009181211564211
5,8515,0,0.5000722046706785
5,8517,0,0.5002168325331724
5,8520,0,0.5009771435244155
5,8528,0,0.5003206521112471
5,8533,0,0.5001793252730591
5,8537,0,0.5016926364326304
5,8546,0,0.5028190658254154
5,8548,0,0.5001482727438069
5,8552,0,0.501309814217445
5,8559,0,0.5007954113307701
5,8566,0,0.5017530241976048
5,8568,0,0.5003312889202653
5,8573,0,0.5011708063842035
5,8574,0,0.500926038092732
5,8575,0,0.5014858091998652
5,8579,0,0.5003270281650948
5,8586,0,0.5061421978234656
5,8590,0,0.5004394164253995
5,8599,0,0.5007624250947196
5,8614,0,0.5003139689994512
5,8635,0,0.5002773339894603
5,8639,0,0.5001631958928593
5,8650,0,0.5003804148271526
5,8652,0,0.5006004433298054
5,8654,0,0.5007428569174734
5,8655,0,0.5031444441324734
5,8656,0,0.500199172783439
5,8661,0,0.501063989027921
5,8669,0,0.5029465675695587
5,8675,0,0.5013676163584045
5,8679,0,0.5003358615368496
5,8685,0,0.5006010296188483
5,8689,0,0.5008055617205315
5,8712,0,0.5006471807009947
5,8717,0,0.5001673513510774
5,8722,0,0.5012950640845518
5,8724,0,0.5003979933985628
5,8727,0,0.5005155694117331
5,8737,0,0.5003438597656766
5,8739,0,0.5006749372000825
5,8757,0,0.500782195257295
5,8769,0,0.5000242030066937
5,8772,0,0.5003108718984954
5,8773,0,0.5012801446718848
5,8777,0,0.5005736300095363
5,8784,0,0.5001682342225775
5,8789,0,0.5009592284131241
5,8793,0,0.5002012659002297
5,8801,0,0.5002224707347356
5,8802,0,0.5001062681729729
5,8805,0,0.5004044505955556
5,8807,0,0.5046681340407424
5,8809,0,0.500086138563156
5,8814,0,0.5021274752277685
5,8825,0,0.5005882295861588
5,8826,0,0.5037048854555223
5,8832,0,0.500419604309974
5,8839,0,0.5068931370234707
5,8848,0,0.502129409629379
5,8852,0,0.5000906145211023
5,8858,0,0.501771011451142
5,8864,0,0.5051993795625974
5,8869,0,0.5028639636811659
5,8880,0,0.5009499029534673
5,8888,0,0.5015448233687021
5,8893,0,0.506131924258881
5,8894,0,0.5011463624535476
5,8905,0,0.5006760067779075
5,8907,0,0.5005021708836522
5,8920,0,0.5004806045988724
5,8924,0,0.5002005784057292
5,8931,0,0.5002402964523495
5,8935,0,0.5021296644813854
5,8936,0,0.5036574741958
5,8937,0,0.5100319757255636
5,8945,0,0.5030572104597262
5,8958,0,0.5006361124220751
5,8962,0,0.5061932677732823
5,8965,0,0.501295880228084
5,8977,0,0.5028958592468948
5,8980,0,0.5011194390156114
5,8982,0,0.5000826954748866
5,8989,0,0.5003411727693668
5,8995,0,0.5007686195284088
5,9000,0,0.5002384759828608
5,9002,0,0.5005991098902098
5,9007,0,0.5010887720566255
5,9013,0,0.5006357840495712
5,9015,0,0.5008394781818181
5,9017,0,0.5000923854458597
5,9026,0,0.5010176757074863
5,9027,0,0.500601850251745
5,9028,0,0.5014348805876299
5,9031,0,0.500169966657441
5,9035,0,0.5001945091226107
5,9038,0,0.5007190899294343
5,9040,0,0.5005714976119092
5,9059,0,0.5004555114213648
5,9060,0,0.500952615092457
5,9065,0,0.5002940219371467
5,9066,0,0.5036729960361176
5,9069,0,0.5012882709685562
5,9072,0,0.5000784107768508
5,9073,0,0.5005123288692364
5,9083,0,0.5002063672929495
5,9088,0,0.5001944505090637
5,9103,0,0.500214959189816
5,9104,0,0.5002281700886642
5,9107,0,0.5008229566879997
5,9111,0,0.5001194518614767
5,9112,0,0.5011973966048793
5,9120,0,0.5010068511640657
5,9121,0,0.5015881943723143
5,9123,0,0.50053652460933
5,9136,0,0.5002098609160183
5,9137,0,0.5003200520855786
5,9138,0,0.501033051712058
5,9143,0,0.5017908105284572
5,9146,0,0.6636048557660529
5,9155,0,0.5002179010287252
5,9157,0,0.5017538161243235
5,9159,0,0.5000584440367999
5,9162,0,0.501487898106551
5,9165,0,0.5005477848591005
5,9166,0,0.500250771253584
5,9168,0,0.501208586445339
5,9173,0,0.501541087363945
5,9176,0,0.5005234278083743
5,9177,0,0.5073434017903692
5,9183,0,0.5067699309194489
5,9184,0,0.5002083995060288
5,9198,0,0.5081709558350745
5,9202,0,0.5005476938446668
5,9204,0,0.5009427020462988
5,9211,0,0.5002075507711293
5,9212,0,0.5003909877182002
5,9213,0,0.5007270418701578
5,9221,0,0.5058877819068368
5,9230,0,0.5025994828454586
5,9234,0,0.5010879441544215
5,9241,0,0.5010462431935784
5,9243,0,0.5067311429378359
5,9245,0,0.5005343163122496
5,9247,0,0.5001987433359709
5,9250,0,0.5015568100075806
5,9257,0,0.5002627831164117
5,9265,0,0.5001283398656994
5,9269,0,0.5002173608126907
5,9281,0,0.5008213526219834
5,9287,0,0.5008330169163818
5,9290,0,0.500707787874525
5,9295,0,0.5001735449516075
5,9296,0,0.5002225471668398
5,9297,0,0.5012765497441857
5,9303,0,0.5005370159614084
5,9305,0,0.5004170850736767
5,9307,0,0.500349625082313
5,9326,0,0.5016541436002075
5,9328,0,0.5001546614602193
5,9329,0,0.50278421570056
5,9340,0,0.5003867194530883
5,9356,0,0.500261579391749
5,9362,0,0.5000199332479793
5,9372,0,0.5074644824912145
5,9377,0,0.5001865071567747
5,9380,0,0.5010908593960689
5,9384,0,0.5000324957458234
5,9390,0,0.5011757403048889
5,9392,0,0.5005363700680958
5,9399,0,0.5034030901797615
5,9400,0,0.50010904949361
5,9401,0,0.5003156596888966
5,9403,0,0.500263678439478
5,9405,0,0.5014436093949823
5,9410,0,0.5017178160720818
5,9414,0,0.5019088271440367
5,9418,0,0.5003614515883199
5,9428,0,0.5021171272401381
5,9429,0,0.5006593901328333
5,9430,0,0.5027752400474953
5,9432,0,0.501076196661972
5,9433,0,0.5001638529084219
5,9436,0,0.5002164495758528
5,9440,0,0.5008618868988224
5,9441,0,0.5008601585661353
5,9454,0,0.50002839242481
5,9455,0,0.5021121355601275
5,9462,0,0.5006336048238118
5,9465,0,0.5002213498496881
5,9468,0,0.5003267128083683
5,9472,0,0.5026745885442233
5,9476,0,0.5018125945729711
5,9478,0,0.5006307192162979
5,9483,0,0.5000637283808645
5,9484,0,0.5010676926883256
5,9486,0,0.5001921628231278
5,9490,0,0.5004106491826907
5,9496,0,0.5005418533483342
5,9497,0,0.5099890363594489
5,9506,0,0.5005737907811394
5,9511,0,0.5002013096379861
5,9513,0,0.5000569402837267
5,9514,0,0.5002172893732438
5,9517,0,0.5003752528891023
5,9520,0,0.5001026386446047
5,9521,0,0.5071938937480488
5,9523,0,0.5004091279950712
5,9524,0,0.5001211726689465
5,9525,0,0.5004737015629624
5,9551,0,0.5048663488715271
5,9552,0,0.5001041031649316
5,9555,0,0.500458187022609
5,9580,0,0.5010820616276677
5,9581,0,0.5012310795314909
5,9591,0,0.5001985672587121
5,9592,0,0.5003613996515108
5,9597,0,0.5030768885238308
5,9600,0,0.5005513993283099
5,9607,0,0.5004207079512807
5,9613,0,0.5001534307291752
5,9616,0,0.5002613092337569
5,9617,0,0.5001793379955045
5,9635,0,0.5000488786552738
5,9638,0,0.5006564393382107
5,9644,0,0.5009631299903518
5,9649,0,0.5013857852769026
5,9652,0,0.5006422904461036
5,9654,0,0.5001636601969143
5,9657,0,0.512305572066963
5,9659,0,0.5011179618629898
5,9660,0,0.5004242041041526
5,9665,0,0.5000973025405865
5,9682,0,0.5000739528147712
5,9687,0,0.5002333124860521
5,9691,0,0.5010740655361369
5,9693,0,0.5006451399992875
5,9695,0,0.5001700478974347
5,9697,0,0.5093049314056969
5,9705,0,0.5003762826002515
5,9716,0,0.5009876014766538
5,9718,0,0.5003764642899882
5,9719,0,0.5005005249519184
5,9726,0,0.5230426939305297
5,9733,0,0.5062022083323092
5,9735,0,0.5004526047837594
5,9737,0,0.5007586100869772
5,9746,0,0.5003178553765119
5,9750,0,0.5012431111411464
5,9752,0,0.5004799509348933
5,9758,0,0.5009193784982197
5,9759,0,0.5004893187630135
5,9764,0,0.5005152872146018
5,9773,0,0.5086407915475063
5,9776,0,0.500105399305127
5,9796,0,0.5035781888274713
5,9819,0,0.5002262037098965
5,9829,0,0.5005848667821867
5,9832,0,0.5004673408511429
5,9834,0,0.5008707546885786
5,9855,0,0.5002457697603145
5,9869,0,0.5002382048904322
5,9873,0,0.5009268639232125
5,9874,0,0.5005379704064131
5,9878,0,0.5002454782677122
5,9883,0,0.5019893874317225
5,9886,0,0.5010701137078963
5,9887,0,0.5002323237281049
5,9888,0,0.5004071875396743
5,9895,0,0.5019025987875889
5,9896,0,0.500419917477019
5,9899,0,0.5020421238323515
5,9907,0,0.5009614598124236
5,9909,0,0.5006534238288587
5,9925,0,0.5010639664037547
5,9939,0,0.5020587217523147
5,9949,0,0.5001388711425541
5,9954,0,0.503289570169751
5,9955,0,0.5013381078159976
5,9956,0,0.5001980435475103
5,9957,0,0.5038426870078435
5,9972,0,0.5009101711029527
5,9979,0,0.5004575331497226
5,9986,0,0.500216562673507
5,10004,0,0.5002648035434024
5,10008,0,0.501878477350761
5,10010,0,0.5008373966686945
5,10013,0,0.500281524939285
5,10015,0,0.5006020882350246
5,10016,0,0.5001474404226061
5,10026,0,0.5002596068716336
5,10027,0,0.5000678275897426
5,10030,0,0.500244258379865
5,10034,0,0.5012751353138206
5,10059,0,0.5062479296411633
5,10062,0,0.5000570748114797
5,10073,0,0.500316017754934
5,10078,0,0.5015607425612761
5,10080,0,0.5076205815406916
5,10089,0,0.5039805397699679
5,10091,0,0.5011761936628486
5,10095,0,0.50042889866362
5,10111,0,0.5007894675273036
5,10124,0,0.5008425734350626
5,10127,0,0.5062739284492125
5,10128,0,0.5002622252695884
5,10132,0,0.5049175846865187
5,10134,0,0.5033528352752105
5,10138,0,0.5004136383020328
5,10139,0,0.5007039948437567
5,10142,0,0.5008942785282311
5,10148,0,0.5025539411633161
5,10152,0,0.5003366836146002
5,10163,0,0.5011902167029088
5,10180,0,0.5004039924937354
5,10182,0,0.5027733716418533
5,10186,0,0.5015141940088205
5,10191,0,0.5017698882613799
5,10194,0,0.5002862242792857
5,10196,0,0.5196189483059402
5,10198,0,0.5012106563286027
5,10208,0,0.5002028852784879
5,10216,0,0.5003685034975974
5,10218,0,0.5023515283018667
5,10224,0,0.5009645593930078
5,10236,0,0.500578641961991
5,10237,0,0.5000673267907871
5,10254,0,0.5020374639193028
5,10259,0,0.5001220563612767
5,10264,0,0.5001565743607098
5,10266,0,0.5034382051372633
5,10267,0,0.5005650505353623
5,10274,0,0.5022133394844173
5,10284,0,0.5007734124990135
5,10301,0,0.5032194792166468
5,10304,0,0.5001708895306826
5,10310,0,0.5001802245457895
5,10312,0,0.5090437712030568
5,10314,0,0.5003119255888623
5,10316,0,0.5001057046382734
5,10328,0,0.5097287443771366
5,10330,0,0.5003285206574704
5,10332,0,0.5001682545626217
5,10341,0,0.5056956834960448
5,10348,0,0.500725631189631
5,10350,0,0.5001070351682129
5,10351,0,0.5002062266737533
5,10357,0,0.500089547117734
5,10360,0,0.5002916137235427
5,10361,0,0.5031342457577815
5,10365,0,0.5001182501973985
5,10372,0,0.5004163858564912
5,10375,0,0.5002484106822016
5,10377,0,0.5010628016206491
5,10381,0,0.5006387506807045
5,10384,0,0.5007410181997928
5,10393,0,0.5002971786661411
5,10400,0,0.500943894515478
5,10408,0,0.5002194798737235
5,10432,0,0.5002023035797416
5,10438,0,0.5006094487846525
5,10449,0,0.5001500583158093
5,10459,0,0.5006214290433221
5,10461,0,0.5002254859827288
5,10462,0,0.5023199921564185
5,10473,0,0.5005881123251991
5,10479,0,0.5026489240298263
5,10480,0,0.5024830709310883
5,10481,0,0.5000197286200372
5,10490,0,0.5000928759174407
5,10497,0,0.5003169149239598
5,10498,0,0.5002141958127054
5,10510,0,0.5004568264380587
5,10520,0,0.5007793238455861
5,10522,0,0.5024872245496373
5,10524,0,0.5000612687372271
5,10525,0,0.5003722313547779
5,10541,0,0.5004554489467435
5,10543,0,0.5003806156726975
5,10544,0,0.5040486591438734
5,10553,0,0.5046786984346018
5,10555,0,0.500839563766774
5,10559,0,0.5006005255972837
5,10566,0,0.5008488710331052
5,10568,0,0.5012485799076168
5,10573,0,0.5017916303421125
5,10581,0,0.5013886723384827
5,10585,0,0.5005780148376119
5,10588,0,0.5001073092663442
5,10594,0,0.5009763142961098
5,10596,0,0.5007406498802064
5,10598,0,0.5031278004762073
5,10605,0,0.5002340397802975
5,10609,0,0.500376423203603
5,10625,0,0.5005985467153454
5,10630,0,0.5006158819308454
5,10634,0,0.5010534803106378
5,10640,0,0.5005520746382253
5,10646,0,0.5004256054652049
5,10647,0,0.5015445129711554
5,10650,0,0.5043485006324891
5,10651,0,0.5001440167108779
5,10667,0,0.5016541540478912
5,10669,0,0.500694852677834
5,10673,0,0.5011151249172868
5,10678,0,0.506691207798405
5,10680,0,0.500436838235987
5,10685,0,0.5015320005680135
5,10688,0,0.5003345237527678
5,10700,0,0.5002487323699696
5,10704,0,0.5002280408340148
5,10706,0,0.5006558022062532
5,10710,0,0.5005524793775612
5,10714,0,0.5007391201284639
5,10731,0,0.5005763721187968
5,10732,0,0.5029918434576007
5,10733,0,0.5006197089242964
5,10735,0,0.5002074635685865
5,10736,0,0.5000746733712855
5,10740,0,0.5003897645471339
5,10747,0,0.500108663588157
5,10749,0,0.5007599539165731
5,10759,0,0.5102184171636612
5,10760,0,0.5000571477653737
5,10762,0,0.5001357274446647
5,10767,0,0.5002497604111164
5,10768,0,0.5011228566167664
5,10771,0,0.5003692329396192
5,10772,0,0.5054976036551913
5,10773,0,0.5022178149426877
5,10785,0,0.5003708531754163
5,10790,0,0.5006153892610704
5,10792,0,0.5281251485650881
5,10801,0,0.5002791370804266
5,10805,0,0.5007008031616278
5,10809,0,0.5004688488712563
5,10813,0,0.5008631240374296
5,10816,0,0.5002093414257557
5,10817,0,0.5008045849841051
5,10820,0,0.5009872246882429
5,10831,0,0.5018231760406751
5,10836,0,0.5001722859940078
5,10847,0,0.5001196216456789
5,10850,0,0.5000483384371784
5,10864,0,0.5013835733663774
5,10867,0,0.5004426270442962
5,10869,0,0.5004937449828563
5,10871,0,0.5003672576577682
5,10872,0,0.5021658943722049
5,10876,0,0.50020923102455
5,10884,0,0.5002285956055145
5,10885,0,0.500538292513099
5,10887,0,0.5017897634624311
5,10892,0,0.5004793371573238
5,10897,0,0.5004251412229734
5,10900,0,0.5017728975720793
5,10910,0,0.5020016503339049
5,10914,0,0.5002705111076866
5,10924,0,0.5010302500157635
5,10926,0,0.5005261106586049
5,10929,0,0.5003900917435571
5,10930,0,0.500397676784391
5,10931,0,0.5004940099719731
5,10932,0,0.5014560399080004
5,10935,0,0.5000530628841825
5,10941,0,0.5000786619482879
5,10946,0,0.5001582655713631
5,10954,0,0.5016449099084683
5,10964,0,0.5001134949102536
5,10974,0,0.5007830527763277
5,10979,0,0.5031851162154173
5,10980,0,0.500717222152039
5,11002,0,0.5001558609039706
5,11005,0,0.5000365674378473
5,11006,0,0.5031794437166641
5,11008,0,0.5000565486267414
5,11024,0,0.5010433218372966
5,11025,0,0.500201712506994
5,11026,0,0.5037728460379785
5,11029,0,0.5009513927412171
5,11036,0,0.5003489272715682
5,11042,0,0.5059307371540753
5,11052,0,0.500616457127532
5,11053,0,0.5002972489921181
5,11060,0,0.5006438273922207
5,11062,0,0.5005714569102245
5,11063,0,0.5005825525339078
5,11066,0,0.5000247625690661
5,11077,0,0.5006921130962129
5,11079,0,0.5000515357828288
5,11083,0,0.5005020549526084
5,11098,0,0.5002617729190466
5,11099,0,0.5006638381464085
5,11104,0,0.5002869393941467
5,11107,0,0.5002433888352068
5,11131,0,0.501954270627902
5,11136,0,0.5004789868067215
5,11139,0,0.5004605144884445
5,11146,0,0.5029539624925707
5,11147,0,0.5001151145639671
5,11154,0,0.5001169047844524
5,11157,0,0.5012300034404925
5,11158,0,0.5005732128719518
5,11162,0,0.5002322053765816
5,11164,0,0.5000870369008161
5,11165,0,0.5005801335760651
5,11173,0,0.5005909932000911
5,11186,0,0.5004294882365068
5,11211,0,0.5000804682621174
5,11219,0,0.5003751324049645
5,11223,0,0.5005792474794198
5,11226,0,0.5010980331139875
5,11229,0,0.5007598916908118
5,11230,0,0.5026389446709366
5,11232,0,0.500189808109287
5,11235,0,0.5005191281078362
5,11236,0,0.5004257339814955
5,11237,0,0.5002660535504784
5,11240,0,0.5000665876655586
5,11255,0,0.5060142912293106
5,11256,0,0.5000904048335704
5,11258,0,0.500033139640592
5,11266,0,0.5008610104790026
5,11268,0,0.5000324052282147
5,11271,0,0.5019140866102052
5,11272,0,0.5031203227413054
5,11278,0,0.5003685649538867
5,11281,0,0.5003872322359871
5,11282,0,0.5003163229975339
5,11284,0,0.5010242769736727
5,11286,0,0.5005393194193601
5,11289,0,0.5008677543175494
5,11290,0,0.5011041160799036
5,11297,0,0.5008852878699225
5,11299,0,0.5014910108309539
5,11302,0,0.5024443458398743
5,11306,0,0.5019369586163243
5,11309,0,0.502993371231115
5,11310,0,0.500591276525613
5,11311,0,0.5002832523806121
5,11313,0,0.5001727988323029
5,11317,0,0.5003839187355943
5,11324,0,0.5007906056840443
5,11326,0,0.500255521443595
5,11327,0,0.5006485944751408
5,11336,0,0.5001605585009263
5,11341,0,0.5001478837905602
5,11342,0,0.5003474186719511
5,11350,0,0.5007688617151134
5,11352,0,0.524033145666814
5,11355,0,0.504320973175534
5,11367,0,0.5010608984104208
5,11371,0,0.5001454038206503
5,11372,0,0.500074111828623
5,11377,0,0.5103473405447809
5,11381,0,0.5009450064329986
5,11382,0,0.5009819889922956
5,11388,0,0.5011505514889776
5,11391,0,0.5002053884370744
5,11392,0,0.5006816801745037
5,11393,0,0.5002619380460991
5,11395,0,0.5001515621046381
5,11396,0,0.5020057863634804
5,11400,0,0.5016086659885701
5,11409,0,0.5004038497503667
5,11410,0,0.5003615129179595
5,11418,0,0.5015698474507947
5,11422,0,0.500041306171144
5,11423,0,0.5006014163283462
5,11432,0,0.5012134220327551
5,11435,0,0.5002587106277514
5,11439,0,0.5002627318563543
5,11448,0,0.5003934818263254
5,11449,0,0.5001265843165258
5,11456,0,0.5000582711716064
5,11457,0,0.5005505121363621
5,11460,0,0.5015466125241735
5,11470,0,0.5010100135179462
5,11471,0,0.500124683209498
5,11476,0,0.500778466450673
5,11483,0,0.5011033163435276
5,11485,0,0.5004610518529535
5,11489,0,0.5009956206705121
5,11496,0,0.5001562037962164
5,11502,0,0.5004054902264061
5,11506,0,0.5003048103014195
5,11508,0,0.5139497062096472
5,11515,0,0.500842133183547
5,11520,0,0.5035433016310781
5,11526,0,0.5000599929569461
5,11530,0,0.5034026224330747
5,11536,0,0.5006269583464891
5,11538,0,0.5004205102104133
5,11542,0,0.503488043823177
5,11545,0,0.5005053399269143
5,11546,0,0.502480435322208
5,11548,0,0.5002660512272926
5,11550,0,0.5001895061722096
5,11551,0,0.5010179529940155
5,11556,0,0.5001434478188019
5,11559,0,0.5002175892272525
5,11561,0,0.5052251522885906
5,11562,0,0.5004897773419097
5,11564,0,0.5010173499714058
5,11572,0,0.5003123193883912
5,11580,0,0.5001840117219252
5,11584,0,0.5009907692836456
5,11586,0,0.5006838393287919
5,11594,0,0.5010127915539907
5,11597,0,0.500482672604604
5,11602,0,0.5006334969718584
5,11612,0,0.5001449600512541
5,11628,0,0.5000529780967331
5,11631,0,0.5004762019850884
5,11639,0,0.5006275877023029
5,11640,0,0.5003991605953815
5,11644,0,0.5006226349311838
5,11646,0,0.5000345102704574
5,11647,0,0.5000637741287883
5,11654,0,0.5140183835143243
5,11658,0,0.5007839526486184
5,11663,0,0.5000575275002497
5,11665,0,0.5062185943987141
5,11667,0,0.5004832129767031
5,11669,0,0.5005644885239892
5,11672,0,0.5002894145830272
5,11674,0,0.5007615691524048
5,11676,0,0.5006780271572057
5,11677,0,0.5008691600354526
5,11678,0,0.500530326425928
5,11682,0,0.5001569991471161
5,11684,0,0.5008759467397971
5,11687,0,0.5006115407858134
5,11688,0,0.5004406532286748
5,11692,0,0.5002257140402375
5,11706,0,0.5002406259687104
5,11707,0,0.5001654713357412
5,11716,0,0.5008834004147992
5,11726,0,0.5002768011300233
5,11727,0,0.5011747009402165
5,11728,0,0.5024884513630622
5,11734,0,0.5004291712267909
5,11737,0,0.5017882072919556
5,11740,0,0.5013096694659438
5,11744,0,0.5054246749011314
5,11745,0,0.5002535661537594
5,11747,0,0.5030263681185251
5,11757,0,0.5011677751331891
5,11759,0,0.5002017550001796
5,11760,0,0.5003668595682812
5,11763,0,0.5002937280000839
5,11770,0,0.5024657637210493
5,11783,0,0.5008164927596698
5,11785,0,0.5003058197042248
5,11788,0,0.501299486525303
5,11794,0,0.500689552733136
5,11802,0,0.5002620962785704
5,11808,0,0.5003852861956815
5,11814,0,0.5007498275402991
5,11815,0,0.5016116067213308
5,11816,0,0.500151428096267
5,11818,0,0.5005268011271414
5,11823,0,0.5002676893762223
5,11825,0,0.5006944998531463
5,11833,0,0.5004673599462587
5,11844,0,0.5007833640626198
5,11847,0,0.5001842496133924
5,11848,0,0.5009381318043394
5,11861,0,0.5004372370706108
5,11868,0,0.5003773607324656
5,11869,0,0.501205306873376
5,11883,0,0.5009113699867538
5,11890,0,0.5032310655004845
5,11892,0,0.5016253187890507
5,11913,0,0.5000593266647716
5,11919,0,0.5002111504033623
5,11921,0,0.5010499973767338
5,11924,0,0.5003367557264391
5,11926,0,0.5012311104625836
5,11941,0,0.5034598353621732
5,11949,0,0.5027551919801327
5,11952,0,0.5002128517417929
5,11954,0,0.5007197757090507
5,11959,0,0.500257583157554
5,11964,0,0.5002254433654432
5,11969,0,0.500465352990982
5,11971,0,0.5111164660442785
5,11977,0,0.5004539858533816
5,11979,0,0.501593989993521
5,11989,0,0.5043990276570155
5,11991,0,0.5014021267807662
5,11993,0,0.5001925135179063
5,11996,0,0.5001215250819947
5,11999,0,0.50046961658647
