seq_id,binary_label,pred_probability
5,1,0.5001315713207157
26,1,0.5042213055490838
120,1,0.5666052723744529
172,1,0.5000997935913101
183,1,0.5000756256018787
253,1,0.5001547855960479
265,1,0.5006205126945122
338,1,0.5040168968807951
386,1,0.5009327593344406
468,1,0.5017155701323183
501,1,0.5008206293844876
623,1,0.5015309763132305
635,1,0.5005953798911176
653,1,0.5319324005522726
658,1,0.5004891400913872
666,1,0.5123511740128371
1024,1,0.5005735252587423
1025,1,0.5001688178339625
1044,1,0.5013358105095087
1216,1,0.506948315046668
1324,1,0.5006965787262474
1327,1,0.5002589644944448
1331,1,0.5001907052083273
1377,1,0.5040168968807951
1397,1,0.500108148298341
1405,1,0.5038507155858286
1466,1,0.5033217188163649
1516,1,0.5001923074941295
1523,1,0.5002948872134512
1569,1,0.5075751738351686
1583,1,0.5002022276192993
1590,1,0.5014824351563053
1592,1,0.5003901429021796
1713,1,0.5001367754366824
1733,1,0.5014099290729865
1845,1,0.5106577903413501
1959,1,0.5073375231217272
2090,1,0.5005152179985223
2254,1,0.5053616711020892
2262,1,0.5069217748787473
2268,1,0.5002018118711098
2314,1,0.5064980774212164
2364,1,0.5002188768774
2416,1,0.5006569993979998
2438,1,0.5033772973042763
2463,1,0.5010978416865566
2482,1,0.5006272163809247
2516,1,0.5006235591738232
2574,1,0.5101485002341276
2651,1,0.5047423295840054
2722,1,0.5002961762363137
2761,1,0.5642014492906254
2787,1,0.5160230036720296
2865,1,0.500588628820924
2913,1,0.6541128617552793
2984,1,0.5003937398052138
3089,1,0.5011805374628497
3180,1,0.5138076506321638
3441,1,0.5035683542692315
3447,1,0.5277966091203159
3449,1,0.5005091412996148
3478,1,0.5013214077345973
3507,1,0.5001289594269628
3525,1,0.519643072174499
3535,1,0.5005689573261105
3591,1,0.500379692731196
3606,1,0.5009712201483533
3615,1,0.5016177369861986
3697,1,0.500384545697567
3707,1,0.5004624955156136
3752,1,0.5037943339107771
3857,1,0.500195783055143
3975,1,0.5009983646856552
3977,1,0.5048144349763467
3988,1,0.5085007146710931
4092,1,0.5093480962602667
4141,1,0.5001676035495185
4290,1,0.5003701094676682
4322,1,0.5048834246880077
4325,1,0.5012609315883914
4463,1,0.522250323276981
4567,1,0.5023067643747015
4684,1,0.5048454531145435
4694,1,0.5013961432669084
4718,1,0.500178335227053
4758,1,0.5025138122860368
4846,1,0.5002425053329229
4977,1,0.5486565561261548
5042,1,0.5448501427950481
5172,1,0.5015923419405205
5186,1,0.5001012409128884
5211,1,0.5332220703345356
5217,1,0.5639831950652506
5294,1,0.5491282287351963
5295,1,0.5002621369022883
5356,1,0.5004016784285243
5482,1,0.5009599871164988
5488,1,0.5015267028897133
5496,1,0.5024265864175523
5514,1,0.5006592801907306
5532,1,0.5011649780797325
5590,1,0.5002234033738477
5618,1,0.5023134050565992
5623,1,0.5008110271627045
5658,1,0.507477683561545
5689,1,0.5005042357136438
5691,1,0.500189094289242
5790,1,0.5002446541085649
5845,1,0.501106477842414
5849,1,0.5001259652511243
5958,1,0.5025738252013506
6032,1,0.500334355061857
6114,1,0.5001677326548569
6126,1,0.53572412773762
6195,1,0.5349687764187562
6200,1,0.5032747843683847
6223,1,0.5005375346744805
6234,1,0.5308278945034779
6245,1,0.5304372948640221
6284,1,0.506491180653801
6390,1,0.5586935330120566
6416,1,0.5021441781494951
6557,1,0.5103237605429444
6637,1,0.5003358454702616
6640,1,0.5111850180396961
6662,1,0.5007873907418087
6675,1,0.5183619952175115
6691,1,0.5037987107123915
6710,1,0.5002643139004183
6792,1,0.5004925861580388
6924,1,0.5049466496285776
6994,1,0.5001723077257493
7048,1,0.5001737503088075
7051,1,0.6058816291133673
7077,1,0.5543885900613502
7078,1,0.5002998042041813
7100,1,0.5004342040127395
7180,1,0.5016282657155995
7241,1,0.5001644642583501
7281,1,0.5001977401052616
7344,1,0.5004921708418046
7366,1,0.50019964952797
7384,1,0.5003383517531497
7521,1,0.5225466501534954
7793,1,0.5180421827073761
7818,1,0.5148313780388555
7821,1,0.505113471653501
7861,1,0.5001285502648776
7877,1,0.5003018385038647
7915,1,0.5012872783181862
7922,1,0.5061028455528787
8068,1,0.5018876169025771
8095,1,0.5001071338125931
8116,1,0.5431912319542432
8161,1,0.5368046626261698
8172,1,0.5004220409743778
8210,1,0.5003073148301158
8228,1,0.5012326404139449
8239,1,0.5126362033660501
8249,1,0.5179780276061857
8279,1,0.5029414959594116
8283,1,0.5059382479118312
8301,1,0.5002719854041419
8322,1,0.5006715389749191
8339,1,0.5069092639992866
8383,1,0.5080279872987918
8395,1,0.5004950999548421
8425,1,0.5001229396373132
8544,1,0.5018508805532697
8558,1,0.5002294484117283
8612,1,0.5001211488069118
8622,1,0.5008805178448378
8651,1,0.507818931031115
8688,1,0.5005558509242142
8713,1,0.5188247029159522
8781,1,0.5002163763025775
8792,1,0.5002570315930615
8836,1,0.5105475390769768
8854,1,0.5025758453128556
8899,1,0.5002737382676098
8911,1,0.5019682606536159
8928,1,0.5011164810740377
8952,1,0.5070186046406443
9030,1,0.5002629817965963
9039,1,0.5004922012093019
9067,1,0.5002932761769957
9100,1,0.5086638668510775
9101,1,0.5001582905670643
9200,1,0.5040039160939892
9246,1,0.5002679542979404
9278,1,0.5009113144344057
9379,1,0.5022874302465706
9445,1,0.5001198337625874
9489,1,0.5030423912275521
9512,1,0.5021413820327219
9515,1,0.5031158755750182
9699,1,0.508372496163613
9728,1,0.500372053203192
9742,1,0.5011597144881065
9755,1,0.5002266518401475
9922,1,0.5027070586392032
10005,1,0.5101485002341276
10019,1,0.5005535571079832
10037,1,0.5022882227412294
10039,1,0.5010842200344439
10076,1,0.507383498137632
10122,1,0.5044600363964515
10181,1,0.5369191637831027
10190,1,0.5291565724334291
10226,1,0.5005548829657475
10300,1,0.5000756256018787
10325,1,0.5020942884888149
10515,1,0.5076655319987787
10619,1,0.5166493106846078
10620,1,0.5004914172507724
10636,1,0.5016711589455958
10705,1,0.5001668328072169
10707,1,0.5000756256018787
10724,1,0.5025997936154153
10726,1,0.5507203226718008
10770,1,0.658294791805506
10849,1,0.5032829628609573
10907,1,0.5001323488200793
10952,1,0.5003938494657371
10995,1,0.5039329344787097
11090,1,0.5004554816000756
11128,1,0.5002749884814726
11339,1,0.5042569375054567
11387,1,0.5008004308240085
11599,1,0.5006623285111935
11629,1,0.5001625637202248
11680,1,0.5005432801952715
11700,1,0.5003999220149201
11761,1,0.502389344024454
11792,1,0.5004008707855402
11795,1,0.5028078993388503
11811,1,0.506412747634737
11857,1,0.511934688983788
11881,1,0.5418732405827863
11885,1,0.5031467636723759
0,0,0.5049862606277095
1,0,0.5002897333997094
2,0,0.5001246211813438
3,0,0.5013376757964912
4,0,0.500270225469161
6,0,0.5001790319921524
7,0,0.5001160908229724
8,0,0.5007623661624393
9,0,0.5000756256018787
10,0,0.5002440160951844
11,0,0.5001863729206588
12,0,0.5164492563731763
13,0,0.5004411629950103
14,0,0.5003149703630886
15,0,0.5000756256018787
16,0,0.5052811882149618
17,0,0.5002270025498293
18,0,0.5009139047129479
19,0,0.5003609649024805
20,0,0.5004833762745667
21,0,0.5012529654455007
22,0,0.5020483450430148
23,0,0.5001264205877608
24,0,0.5004281338786303
25,0,0.5000756256018787
27,0,0.500137358852268
28,0,0.5001116711798562
29,0,0.5016516541365582
30,0,0.5010881844658209
31,0,0.5001024670637878
32,0,0.5004336689009874
33,0,0.5004728216668819
34,0,0.5004433546713586
35,0,0.5029219624839455
36,0,0.5045276166238343
37,0,0.5003444538003445
38,0,0.5003384650694638
39,0,0.5001504665664422
40,0,0.5004310788405021
41,0,0.5049371750129468
42,0,0.504375049459515
43,0,0.5007230441709611
44,0,0.5074778696963508
45,0,0.5001591010855035
46,0,0.5005571848193773
47,0,0.500178464867323
48,0,0.5017933793880947
49,0,0.5008632135249922
50,0,0.5002988978505049
51,0,0.5003409927070063
52,0,0.5001737503088075
53,0,0.500130135194408
54,0,0.5001471105319648
55,0,0.5002017929871856
56,0,0.501638187205363
57,0,0.5009884973456721
58,0,0.5001004350763032
59,0,0.5000756256018787
60,0,0.5000756256018787
61,0,0.5025852967703703
62,0,0.5000973663093236
63,0,0.5073518906786159
64,0,0.5183952903542438
65,0,0.5022219992815574
66,0,0.501198514612782
67,0,0.500401973389976
68,0,0.5012319906913093
69,0,0.5029217571240843
70,0,0.5001731323711902
71,0,0.500146354677522
72,0,0.5001536483831482
73,0,0.5003172004587509
74,0,0.5025793136314959
75,0,0.5002280520431129
76,0,0.5001159669409264
77,0,0.5001694034138124
78,0,0.5000756256018787
79,0,0.5006708955439537
80,0,0.5110015712063369
81,0,0.5001189626781837
82,0,0.5000756256018787
83,0,0.5008129269162046
84,0,0.5010463533826576
85,0,0.5001961975482491
86,0,0.5002005610631979
87,0,0.5002195935668795
88,0,0.5001307046729677
89,0,0.5001910569364897
90,0,0.500264293044665
91,0,0.5011501116445826
92,0,0.5011386229271902
93,0,0.5002995672020822
94,0,0.5001211229236191
95,0,0.5001100242710982
96,0,0.5005428213857703
97,0,0.5006428323137238
98,0,0.500151259078207
99,0,0.5003794573701715
100,0,0.500255051582965
101,0,0.5001827085293437
102,0,0.5002172750902688
103,0,0.5170013320528769
104,0,0.5002166259240407
105,0,0.5044067425420408
106,0,0.5001506291063172
107,0,0.500600842618889
108,0,0.501139105640505
109,0,0.5000864042756239
110,0,0.5086413612475839
111,0,0.500496311880492
112,0,0.5002936209962725
113,0,0.500796561355559
114,0,0.5001527181200235
115,0,0.5007064927814299
116,0,0.5002667924333246
117,0,0.5000756256018787
118,0,0.502907939183539
119,0,0.5029332287606627
121,0,0.5003462182887665
122,0,0.5003244893805181
123,0,0.500429589717507
124,0,0.5001153604787989
125,0,0.5008366092298129
126,0,0.5001790319921524
127,0,0.5002715065038793
128,0,0.500969521749893
129,0,0.5000756256018787
130,0,0.5007124084781354
131,0,0.5007349561104685
132,0,0.5001326124250359
133,0,0.5036073362931486
134,0,0.5005489881927387
135,0,0.5003168837250149
136,0,0.5000756256018787
137,0,0.5005117212040384
138,0,0.5013340223898174
139,0,0.5013473817029548
140,0,0.5015380129420298
141,0,0.5021262223002438
142,0,0.5007935563667246
143,0,0.5001555071437892
144,0,0.500097322416846
145,0,0.5001305591770235
146,0,0.5010095029823506
147,0,0.5001113573652411
148,0,0.500341371526435
149,0,0.5001633973753424
150,0,0.5003883963667088
151,0,0.5001954813452504
152,0,0.5027316000260644
153,0,0.5001587955549366
154,0,0.5021441089294937
155,0,0.5002124369168339
156,0,0.5006018431554644
157,0,0.5004667382560327
158,0,0.5015177647223733
159,0,0.5000756256018787
160,0,0.5046357838939843
161,0,0.5015150176180578
162,0,0.5027530780828998
163,0,0.5002116432289333
164,0,0.5785248866496177
165,0,0.5017001422032273
166,0,0.5018554861878215
167,0,0.5001513627274247
168,0,0.508581693498861
169,0,0.5004315383874578
170,0,0.5000964064261809
171,0,0.5044039333531759
173,0,0.5002894661002671
174,0,0.5001125228048832
175,0,0.5003589199040138
176,0,0.5001991207529033
177,0,0.5040928569496956
178,0,0.5006063469029703
179,0,0.5007596502810934
180,0,0.500470281203216
181,0,0.5002036403774507
182,0,0.5003743804199127
184,0,0.5001417365020662
185,0,0.5004144065831581
186,0,0.5015935047302441
187,0,0.5024679524861222
188,0,0.5034149128316615
189,0,0.5008987364483158
190,0,0.5006258781262283
191,0,0.500263855330036
192,0,0.5007978576123343
193,0,0.5002483631824575
194,0,0.5003115779489196
195,0,0.5057994679340366
196,0,0.5003530766766793
197,0,0.5004276891973547
198,0,0.5001332784368865
199,0,0.5001172355529484
200,0,0.5007408574978663
201,0,0.5007108420369851
202,0,0.5001561898279885
203,0,0.5003852950209206
204,0,0.501422760211826
205,0,0.5005192940709405
206,0,0.5002299704157757
207,0,0.5007827757865779
208,0,0.5004811061443996
209,0,0.50033912520828
210,0,0.5013618650371399
211,0,0.5002614587028967
212,0,0.500279452988006
213,0,0.5003587256792648
214,0,0.5010721878294004
215,0,0.5017094797118677
216,0,0.5000979715497795
217,0,0.5001231134521115
218,0,0.5001105977468652
219,0,0.5002633544874381
220,0,0.5001571076343594
221,0,0.5000756256018787
222,0,0.503096550175399
223,0,0.5000756256018787
224,0,0.5001163715784449
225,0,0.5006206043790129
226,0,0.50015982360543
227,0,0.5001329800145965
228,0,0.5004398599733848
229,0,0.5001143021482698
230,0,0.5012059698893429
231,0,0.5007730793374265
232,0,0.5000756256018787
233,0,0.5014380192860208
234,0,0.500156224195169
235,0,0.5015128835102588
236,0,0.5008852916413521
237,0,0.5002061164949915
238,0,0.5004304178109883
239,0,0.5000756256018787
240,0,0.5016951866216103
241,0,0.5050148559408214
242,0,0.5000756256018787
243,0,0.5032983120047825
244,0,0.5014792093525478
245,0,0.5003013219204445
246,0,0.5004933317400623
247,0,0.5001121112131394
248,0,0.5005964055514358
249,0,0.5003820115083257
250,0,0.5001190881556337
251,0,0.5020862753412458
252,0,0.5001110934143279
254,0,0.5043930668336172
255,0,0.5001256236400996
256,0,0.5017598559654417
257,0,0.5001336569452133
258,0,0.5013446940539815
259,0,0.5001045872724202
260,0,0.5009187708683785
261,0,0.5001278267331221
262,0,0.502874537856567
263,0,0.500296165676252
264,0,0.5003398804425853
266,0,0.5013180060524026
267,0,0.5014517398932898
268,0,0.5000861006288141
269,0,0.5005711580669517
270,0,0.5011631063996204
271,0,0.5004232139516792
272,0,0.5002616830588177
273,0,0.5007039220316692
274,0,0.5001255453241433
275,0,0.5006021885699375
277,0,0.5003103374325134
278,0,0.5023159952172531
279,0,0.50012462781195
280,0,0.5001532381774364
281,0,0.5012981118890283
282,0,0.5004603311049955
283,0,0.5004182324479602
284,0,0.504581745767079
285,0,0.5005902073052168
286,0,0.5004057982927729
287,0,0.5018328441108915
288,0,0.5004859494803705
289,0,0.5007677247508079
290,0,0.5641353397188394
291,0,0.5036007692652951
292,0,0.5002621528768225
293,0,0.5001760978303691
294,0,0.5004059379079416
295,0,0.501496771316163
296,0,0.501761831896147
297,0,0.5047596684484698
298,0,0.5006059081164035
299,0,0.503845270908895
300,0,0.5016446946594217
301,0,0.5063810155631061
302,0,0.5015193699231841
303,0,0.5001823165135603
304,0,0.5004294774290335
305,0,0.5001871907496422
306,0,0.5041731590949255
307,0,0.5010164903071317
308,0,0.5001879157124501
309,0,0.5002598839638766
310,0,0.5004205761990069
311,0,0.5009960167842624
312,0,0.5004449671639076
313,0,0.500185124692999
314,0,0.5016276346522067
315,0,0.5000981877291163
316,0,0.5012431707649427
317,0,0.5014636853112131
318,0,0.5002278383439759
319,0,0.5001535578441391
320,0,0.5000756256018787
321,0,0.5014063401857898
322,0,0.5000756256018787
323,0,0.5002539975143864
324,0,0.5001411122361891
325,0,0.5014990043185249
326,0,0.5170596266008612
327,0,0.5163730529209944
328,0,0.500185742124692
329,0,0.5001152924111945
330,0,0.506377492164643
331,0,0.5005925732198168
332,0,0.500142434549535
333,0,0.5045121702385065
334,0,0.5004877886441139
335,0,0.502048951348744
336,0,0.5010980937550332
337,0,0.5001994472122561
339,0,0.5000846754222408
340,0,0.5001423035652719
341,0,0.5139311870579075
342,0,0.5000845842623698
343,0,0.5012056870983155
344,0,0.5002489669258889
345,0,0.5010693614344629
346,0,0.5011169613649378
347,0,0.5020590891929645
348,0,0.5001124186633591
349,0,0.5004469302779323
350,0,0.5001261560186842
351,0,0.5075890180817269
352,0,0.5008570014674967
353,0,0.5011134680547473
354,0,0.5007783941874172
355,0,0.5001357948990114
356,0,0.501746078237784
357,0,0.5001176181197753
358,0,0.5042133812071189
359,0,0.5007972713059894
360,0,0.5009843186586515
361,0,0.5024060819395955
362,0,0.5013995865046883
363,0,0.5011517008738274
364,0,0.5102938481254649
365,0,0.501079819884618
366,0,0.5003823719537178
367,0,0.5031424308183342
368,0,0.5000901259319661
369,0,0.5006122476142477
370,0,0.5000756256018787
371,0,0.5002907332576536
372,0,0.504423461925048
373,0,0.5003726579527019
374,0,0.5007775354466585
375,0,0.5007405565979631
376,0,0.500338268201911
377,0,0.5063242542310367
378,0,0.5000756256018787
379,0,0.5021246430787746
380,0,0.503264031957963
381,0,0.5041081228669889
382,0,0.5036647178168252
383,0,0.5002066256712976
384,0,0.5006659575686389
385,0,0.5002736409415421
387,0,0.5002050752934948
388,0,0.5011881533012311
389,0,0.5001677966891521
390,0,0.5002221407625294
391,0,0.5002283750328594
392,0,0.5001831543876373
393,0,0.5006736461249823
394,0,0.5003035905820549
395,0,0.5002513385554102
396,0,0.5001850926710297
397,0,0.5002615763867545
398,0,0.5009557244140709
399,0,0.5007568261021188
400,0,0.5002728414309374
401,0,0.5001359733898574
402,0,0.5004213739835324
403,0,0.5008167890792087
404,0,0.5000851113914876
405,0,0.500105785008937
406,0,0.5007856151627936
407,0,0.5012808381225089
408,0,0.5001402307581041
409,0,0.5003589199040138
410,0,0.5003956364480975
411,0,0.5005181782848949
412,0,0.5102536531783973
413,0,0.5002986086522514
414,0,0.5002138349808153
415,0,0.5002172922202839
416,0,0.5004637872976464
417,0,0.5004080414966589
418,0,0.5045095897951339
419,0,0.5044204788549347
420,0,0.5021809637423303
421,0,0.5006689019559178
422,0,0.500167188399905
423,0,0.5002196069875084
424,0,0.5055702133482353
425,0,0.5003803484844305
426,0,0.5006111563647471
427,0,0.5001424096795988
428,0,0.5008367646877626
429,0,0.5014153220805683
430,0,0.5010974279445823
431,0,0.50251058283271
432,0,0.5034854763989831
433,0,0.5006580084800246
434,0,0.5005719839196554
435,0,0.5001074086020502
436,0,0.5001827289762034
437,0,0.5022155732384266
438,0,0.5088154580544023
439,0,0.5007820791774527
440,0,0.5000984138348332
441,0,0.5003721210484645
442,0,0.5001280922555946
443,0,0.500690402512538
444,0,0.500874697471366
445,0,0.5002309768636322
446,0,0.504758036427514
447,0,0.5000756256018787
448,0,0.500166429657646
449,0,0.500736150398977
450,0,0.5002876286213137
451,0,0.500669010598675
452,0,0.501789813300552
453,0,0.5003754323400056
454,0,0.5001590627560534
455,0,0.5009621391871912
456,0,0.5005596170652631
457,0,0.5003630651036169
458,0,0.5039271124142031
459,0,0.5000756256018787
460,0,0.5021652732649247
461,0,0.5000756256018787
462,0,0.504056938791177
463,0,0.5001386226307168
464,0,0.5002844749309854
465,0,0.5003171790050723
466,0,0.5006173338638269
467,0,0.5002435602528912
469,0,0.5008313195964732
470,0,0.5006048257432851
471,0,0.5001964179570976
472,0,0.5001690338906897
473,0,0.5007158077143395
474,0,0.5001523041044739
475,0,0.5001905717365845
476,0,0.5165191615172037
477,0,0.500344630206608
478,0,0.5004068454548526
479,0,0.5012124285252352
480,0,0.5005409626444586
481,0,0.5007919652426467
482,0,0.5004985837676026
483,0,0.502009990347474
484,0,0.507724936536363
485,0,0.5006181544750166
486,0,0.5030861878475104
487,0,0.5002554434654088
488,0,0.5504418850552698
489,0,0.5004768499193176
490,0,0.5043061807942835
491,0,0.5002703797457206
492,0,0.5011891727262485
493,0,0.5001581585094397
494,0,0.5001515553546723
495,0,0.5000756256018787
496,0,0.500101121773485
497,0,0.5450622590535252
498,0,0.5001531662546749
499,0,0.5002043331891299
500,0,0.5000756256018787
502,0,0.5001467527482845
503,0,0.5257372494666951
504,0,0.500239981988664
505,0,0.5005349062368682
506,0,0.5001925492926967
507,0,0.5008335865887084
508,0,0.500360888544627
509,0,0.5013977878064189
510,0,0.5000756256018787
511,0,0.5003607434868227
512,0,0.5002034902456313
513,0,0.5015126910844554
514,0,0.5007215033155552
515,0,0.5000756256018787
516,0,0.5025837278035834
517,0,0.5043962983346538
518,0,0.5011438222905482
519,0,0.5006517017102357
520,0,0.5001718355067332
521,0,0.5023826854643163
522,0,0.5026902711075181
523,0,0.5002507325431389
524,0,0.5002247754046105
525,0,0.5001259959397707
526,0,0.5091696240063425
527,0,0.5003781080775072
528,0,0.5033639146656858
529,0,0.50041534178399
530,0,0.5000853434572226
531,0,0.500163055331401
532,0,0.5002059094410788
533,0,0.5036434998453814
534,0,0.5000756256018787
535,0,0.5001936994829494
536,0,0.5004699255645597
537,0,0.5001163112350437
538,0,0.5005133301666048
539,0,0.5028479474233353
540,0,0.500686043394495
541,0,0.5007329316196704
542,0,0.5002789154473584
543,0,0.5015876929709168
544,0,0.5024064532387054
545,0,0.5002910270525632
546,0,0.5000756256018787
547,0,0.5029898760908722
548,0,0.5003162074910054
549,0,0.5000855665506565
550,0,0.5005088299060343
551,0,0.5001989774713748
552,0,0.5006462434131417
553,0,0.5002821876749731
554,0,0.5001997001189987
555,0,0.5001695948397529
556,0,0.5000864048887715
557,0,0.5077846762988192
558,0,0.5007264102234581
559,0,0.5008751394272876
560,0,0.5022211278927325
561,0,0.5003304784890654
562,0,0.5004282414730461
563,0,0.5018001183171481
564,0,0.5009090974158569
565,0,0.5082881670549046
566,0,0.5031695439925544
567,0,0.5023441979983537
568,0,0.5001367434055861
569,0,0.5005160703242528
570,0,0.5057991933169727
571,0,0.5037405659707779
572,0,0.5003632801136066
573,0,0.5003415296968373
574,0,0.502343879560675
575,0,0.500084968651125
576,0,0.5022581325978328
577,0,0.5022122427428866
578,0,0.5006206537852012
579,0,0.5012940986601752
580,0,0.5015459856963415
581,0,0.5000864620218939
582,0,0.500250662983761
583,0,0.5005528722942114
584,0,0.5009236085194125
585,0,0.5000756256018787
586,0,0.501367133752138
587,0,0.5003854636634655
588,0,0.500747229969858
589,0,0.5000849802915988
590,0,0.500136600605653
591,0,0.500146354677522
592,0,0.501222953129319
593,0,0.5020045490733668
594,0,0.5002586012925998
595,0,0.50043212259369
596,0,0.5000860176728468
597,0,0.5009156523145729
598,0,0.5324946129266561
599,0,0.5000756256018787
600,0,0.5002681936765452
601,0,0.5005564596341331
602,0,0.5001642486412966
603,0,0.5002599090253813
604,0,0.5002568880515733
605,0,0.5001092113287727
606,0,0.5001478714398849
607,0,0.5014504201052427
608,0,0.5011312620868137
609,0,0.5000756256018787
610,0,0.5000756256018787
611,0,0.5000921062891819
612,0,0.5002794522152159
613,0,0.5005025469719249
614,0,0.5003950264777921
615,0,0.5000756256018787
616,0,0.5003852077114812
617,0,0.5004759963235219
618,0,0.500665134456829
619,0,0.5002466094571516
620,0,0.5022070823914743
621,0,0.5010831548432734
622,0,0.5004875493600337
624,0,0.5001245838528695
625,0,0.5006842789753284
626,0,0.5010107887922443
627,0,0.5007029650788146
628,0,0.501773998156984
629,0,0.5001467771926765
630,0,0.5005777788697647
631,0,0.5013946330481261
632,0,0.5001492124040409
633,0,0.5002383069447849
634,0,0.5002148917411456
636,0,0.5003681619127709
637,0,0.5002473837774877
638,0,0.5002838167343788
639,0,0.5001872073617754
640,0,0.5019468217501654
641,0,0.5001190881556337
642,0,0.5003497885564719
643,0,0.5023335667617076
644,0,0.5001424701406909
645,0,0.5002037164767721
646,0,0.5107738364850533
647,0,0.5001282776614575
648,0,0.5003720824813196
649,0,0.5298138201720479
650,0,0.5002802325117381
651,0,0.5009487945036347
652,0,0.5005481386671559
654,0,0.5008896120015498
655,0,0.5002670129347846
656,0,0.5007256430378371
657,0,0.5001394275601049
659,0,0.5001853979795361
660,0,0.5039103162448795
661,0,0.5018137831812732
662,0,0.5058465705445121
663,0,0.5002583452983265
664,0,0.5003402229772659
665,0,0.500135492160774
667,0,0.5010549611414978
668,0,0.5015619595283902
669,0,0.5002979285093764
670,0,0.5005321583595631
671,0,0.5003612007017322
672,0,0.5086404670247626
673,0,0.5000756256018787
674,0,0.505644104313563
675,0,0.5004601711558718
676,0,0.5001451788003054
677,0,0.500091257227004
678,0,0.5005687150409823
679,0,0.5099880817699662
680,0,0.5000756256018787
681,0,0.5034367754678344
682,0,0.5531787808320248
683,0,0.5005552479694341
684,0,0.5001099544196906
685,0,0.5001571466091781
686,0,0.5001845539647591
687,0,0.5001758844141504
688,0,0.500107141391981
689,0,0.500259523699987
690,0,0.5002147140454054
691,0,0.5001145833059825
692,0,0.5027918887153973
693,0,0.5007959542230576
694,0,0.5029667467445268
695,0,0.5029650780283819
696,0,0.5009554921708598
697,0,0.5002295245005547
698,0,0.5120570152404822
699,0,0.5013913692011531
700,0,0.5007715587822714
701,0,0.5001641459638171
702,0,0.5000846031879601
703,0,0.5002915566020224
704,0,0.5006434037570141
705,0,0.5005449911699098
706,0,0.5000951576714185
707,0,0.5001509461543437
708,0,0.5002476036717227
709,0,0.5002182785716408
710,0,0.5011344908180607
711,0,0.5004256563665357
712,0,0.5005006517093004
713,0,0.5003518002654077
714,0,0.500560967988121
715,0,0.5007545844841257
716,0,0.5001278267331221
717,0,0.5002263750338185
718,0,0.5000756256018787
719,0,0.5002618244015987
720,0,0.5000941248634164
721,0,0.5021389060878808
722,0,0.5004131812642538
723,0,0.5005090352158985
724,0,0.5024164566306419
725,0,0.500376124403273
726,0,0.5004216299575455
727,0,0.5001172117679611
728,0,0.500122808840549
729,0,0.5002920461573088
730,0,0.5023667828015739
731,0,0.500375524079088
732,0,0.501030607709148
733,0,0.5250471459476617
734,0,0.5002936322629257
735,0,0.5001353901947836
736,0,0.5002344324089907
737,0,0.5001116571277071
738,0,0.5009508747219568
739,0,0.5001168996141117
740,0,0.5050425520022069
741,0,0.5003008849191474
742,0,0.5006435364520211
743,0,0.5006739062256831
744,0,0.5018094504062103
745,0,0.5001269641895577
746,0,0.5001080148099274
747,0,0.5004401882659486
748,0,0.5014484629974825
749,0,0.5002660227811108
750,0,0.5009423185088803
751,0,0.5001317887445172
752,0,0.5001779035542172
753,0,0.5003340703933362
754,0,0.5008214725124037
755,0,0.5026798258266632
756,0,0.5010620575711402
757,0,0.5001649994997328
758,0,0.5023597602542857
759,0,0.5001152090403571
760,0,0.5005565958256378
761,0,0.5001471105319648
762,0,0.5001768371625924
763,0,0.5000900279850228
764,0,0.5001285823196733
765,0,0.5003494509888398
766,0,0.5006519546397077
767,0,0.5000855665506565
768,0,0.5002056014460485
769,0,0.5006587738460125
770,0,0.5024836654846696
771,0,0.501778095916175
772,0,0.5000874689398238
773,0,0.5007237661118411
774,0,0.5001513228704336
775,0,0.5001744337682178
776,0,0.5001418294498274
777,0,0.501325282476434
778,0,0.5002841416640973
779,0,0.5001491165067347
780,0,0.5092325388715864
781,0,0.5010015100086407
782,0,0.5003278434419056
783,0,0.502560977703753
784,0,0.5002160437277753
785,0,0.5004950611033376
786,0,0.5000968945014381
787,0,0.5023110910454777
788,0,0.5020945450173666
789,0,0.5005915952821607
790,0,0.500112535573593
791,0,0.5011926291100723
792,0,0.5014645282266781
793,0,0.500101121773485
794,0,0.500869501302336
795,0,0.500554079614254
796,0,0.5005186487924765
797,0,0.5005416172054827
798,0,0.5001116092755377
799,0,0.500220275924689
800,0,0.5009198499060535
801,0,0.5002375512371476
802,0,0.5002142850440974
803,0,0.5004561987749115
804,0,0.5002146861371698
805,0,0.5000979435546692
806,0,0.5001307625140808
807,0,0.5002540504195574
808,0,0.5011477343641566
809,0,0.5017231811839108
810,0,0.5147245445245856
811,0,0.5001782419562872
812,0,0.5001652668958005
813,0,0.500428269146916
814,0,0.5002070544512871
815,0,0.5002159611172954
816,0,0.5008053395153157
817,0,0.5001666075425861
818,0,0.500244710939847
819,0,0.501016169350912
820,0,0.5003458365572134
821,0,0.5001392045841363
822,0,0.5001132425149508
823,0,0.5009952811151865
824,0,0.5003955948394817
825,0,0.5000864667903858
826,0,0.5003124110473856
827,0,0.5002877200094596
828,0,0.5010860844177445
829,0,0.50008538014946
830,0,0.5000983572068688
831,0,0.5001458495503361
832,0,0.5001479667519904
833,0,0.5011524375230365
834,0,0.5001863673025482
835,0,0.5002334408970684
836,0,0.500377548238727
837,0,0.5007635468266459
838,0,0.5000890748800265
839,0,0.5001420019241092
840,0,0.5001033708422811
841,0,0.5000756256018787
842,0,0.5001677326548569
843,0,0.5000756256018787
844,0,0.5000756256018787
845,0,0.500354215888776
846,0,0.5001614401411127
847,0,0.5001423035652719
848,0,0.5000756256018787
849,0,0.5003093736291098
850,0,0.500209094281503
851,0,0.5004193451510152
852,0,0.5001230348159764
853,0,0.5007786179837114
854,0,0.5019851110298176
855,0,0.5006771372940285
856,0,0.5011119914661673
857,0,0.500170777926931
858,0,0.5002439131363169
859,0,0.5001563462185619
860,0,0.5115852270848151
861,0,0.5027225714673033
862,0,0.5026629918026272
863,0,0.5002893035679805
864,0,0.500135492160774
865,0,0.5001372233890113
866,0,0.5001081882885584
867,0,0.501186274842491
868,0,0.5003567487502363
869,0,0.5001128702019964
870,0,0.5001844944275229
871,0,0.5001154504242181
872,0,0.5001409650503252
873,0,0.5012543549740939
874,0,0.5004720505824816
875,0,0.5004396910854246
876,0,0.5008483597055027
877,0,0.501659056124876
878,0,0.5001358014321454
879,0,0.5106270761080934
880,0,0.5001848675889908
881,0,0.5002257844047758
882,0,0.5095270126329787
883,0,0.5003855851590363
884,0,0.5007559050487124
885,0,0.5004603121796567
886,0,0.5000756256018787
887,0,0.5008811588881551
888,0,0.5003717298123147
889,0,0.5003324116139523
890,0,0.5000756256018787
891,0,0.5002611330945117
892,0,0.5025869732330508
893,0,0.5021887207897349
894,0,0.5003218610194426
895,0,0.5039679342910095
896,0,0.5006144503114784
897,0,0.5002418433721211
898,0,0.5003653096559358
899,0,0.5002764045147846
900,0,0.5004496986741798
901,0,0.5013136248753793
902,0,0.5019352125020287
903,0,0.5101549699284067
904,0,0.5033702151709276
905,0,0.5003458100958531
906,0,0.5011855412814835
907,0,0.5003995512605872
908,0,0.5050823683913301
909,0,0.5012554739115246
910,0,0.5003544187858259
911,0,0.5000756256018787
912,0,0.5002212665149532
913,0,0.5000960240708121
914,0,0.5001260110526312
915,0,0.5009355669061754
916,0,0.5039073278366121
917,0,0.5002456437540201
918,0,0.5003728137766642
919,0,0.5003865076117783
920,0,0.5001262958904038
921,0,0.5011601615023008
922,0,0.5004322775033334
923,0,0.5186934351974564
924,0,0.5025807039987461
925,0,0.500719670451116
926,0,0.5003305692503603
927,0,0.500154749511637
928,0,0.5016066851784381
929,0,0.5001995650940496
930,0,0.5010447369260655
931,0,0.5037544657308374
932,0,0.5005421473585474
933,0,0.5001002475998036
934,0,0.5007295295301499
935,0,0.5020096377890215
936,0,0.5004601711558718
937,0,0.5001478132420858
938,0,0.5002411176180472
939,0,0.5010027009141702
940,0,0.500480854959399
941,0,0.5001224434752178
942,0,0.5003648110785157
943,0,0.5011983657655323
944,0,0.5003474987249691
945,0,0.5011690405041621
946,0,0.5004942687496233
947,0,0.5003191123955865
948,0,0.500168051136736
949,0,0.5005942835383956
950,0,0.5007183528652598
951,0,0.5015909066136262
952,0,0.5004712013931515
953,0,0.5013713060694538
954,0,0.5001300240706495
955,0,0.5001798179361949
956,0,0.5028917584454411
957,0,0.5002518854916831
958,0,0.5154366345852696
959,0,0.5001380153500863
960,0,0.503742503292298
961,0,0.5000963620630273
962,0,0.5001503133421474
963,0,0.5001041961990609
964,0,0.5117225918328879
965,0,0.5002178362665868
966,0,0.5002922598229359
967,0,0.5087064936162639
968,0,0.5001533123134806
969,0,0.5002358684765986
970,0,0.5090815902407826
971,0,0.5098204311822028
972,0,0.5003717353881685
973,0,0.5035514601815613
974,0,0.5005859570132365
975,0,0.5004406851273772
976,0,0.5002259797506117
977,0,0.5003183547066739
978,0,0.5001134992973485
979,0,0.5010948177627174
980,0,0.5006064416302276
981,0,0.5005376802762808
982,0,0.5009858951408298
983,0,0.5018871536028291
984,0,0.5025886397465158
985,0,0.5007656790142851
986,0,0.5028090772009653
987,0,0.5000945065755629
988,0,0.5002819332905197
989,0,0.500243825194817
990,0,0.5052879628154621
991,0,0.5027586932746916
992,0,0.5013253186719185
993,0,0.5003801822241947
994,0,0.5000756256018787
995,0,0.5001588163023984
996,0,0.5002506975402352
997,0,0.5013151533620078
998,0,0.5050956075832362
999,0,0.5006825425246799
1000,0,0.504507129105372
1001,0,0.5024020511136201
1002,0,0.5007804359794766
1003,0,0.5005077563892357
1004,0,0.5004993758883931
1005,0,0.5009984863938027
1006,0,0.5001068411599853
1007,0,0.5001053905418161
1008,0,0.5009145034538676
1009,0,0.500737039130695
1010,0,0.5005380758889082
1011,0,0.5005117794474542
1012,0,0.5000756256018787
1013,0,0.5030241049232479
1014,0,0.5000756256018787
1015,0,0.5004007350244022
1016,0,0.5001744337682178
1017,0,0.5002473531988414
1018,0,0.5014044155471948
1019,0,0.5016596104758854
1020,0,0.5011164013834255
1021,0,0.5000756256018787
1022,0,0.5004224579456468
1023,0,0.5001688159022023
1026,0,0.500203412067029
1027,0,0.5000981632925103
1028,0,0.5024646938726681
1029,0,0.5001115761308206
1030,0,0.500085619772015
1031,0,0.5000756256018787
1032,0,0.5016573800479249
1033,0,0.5032019170946813
1034,0,0.5002316170356458
1035,0,0.5009982218309004
1036,0,0.5006881659487739
1037,0,0.5001660865480021
1038,0,0.5002363236071702
1039,0,0.5001058136581856
1040,0,0.5030673133420704
1041,0,0.5000756256018787
1042,0,0.5033458621238428
1043,0,0.5000891975944192
1045,0,0.5001415865543846
1046,0,0.5007923807410803
1047,0,0.5007450994198261
1048,0,0.5036170544673265
1049,0,0.5002597306003337
1050,0,0.5010012245841269
1051,0,0.500085400825147
1052,0,0.500486797662337
1053,0,0.501426267341967
1054,0,0.5016541268683343
1055,0,0.5022715684443828
1056,0,0.5003982850409112
1057,0,0.5022537827997953
1058,0,0.501752054469595
1059,0,0.500405886063436
1060,0,0.5001004350763032
1061,0,0.5018338440843455
1062,0,0.5002993899154241
1063,0,0.5007686682808165
1064,0,0.5135956489333761
1065,0,0.5048346381798928
1066,0,0.5071444875723933
1067,0,0.502798713132735
1068,0,0.5001098281898202
1069,0,0.5002652239460941
1070,0,0.5009748783398152
1071,0,0.5003948800503721
1072,0,0.5007994082523828
1073,0,0.5001863599119711
1074,0,0.5013740681734393
1075,0,0.5000756256018787
1076,0,0.500303916432944
1077,0,0.5005680032048611
1078,0,0.500365940520858
1079,0,0.5014279588396924
1080,0,0.5020527783547859
1081,0,0.5001506137131754
1082,0,0.5001485510778866
1083,0,0.5003377719858857
1084,0,0.5001482474041372
1085,0,0.5001002475998036
1086,0,0.5005648732967232
1087,0,0.500387490410851
1088,0,0.5001322934695216
1089,0,0.5389871949557619
1090,0,0.5003297854331042
1091,0,0.5002416682836116
1092,0,0.5003429950944412
1093,0,0.5009811435328186
1094,0,0.5000756256018787
1095,0,0.5000863060350151
1096,0,0.5000756256018787
1097,0,0.500336236932525
1098,0,0.5004014441673911
1099,0,0.5004574393659768
1100,0,0.500288128437148
1101,0,0.5004211872856305
1102,0,0.5001753215064235
1103,0,0.5001799911968692
1104,0,0.5001494913402516
1105,0,0.5002749790370271
1106,0,0.5005969933950001
1107,0,0.5004885993778972
1108,0,0.5003110988497161
1109,0,0.5005303359951796
1110,0,0.5011102973073684
1111,0,0.5001767343765107
1112,0,0.5012563279017193
1113,0,0.5229686841209286
1114,0,0.5007767584939496
1115,0,0.5001256919847952
1116,0,0.5003571207834772
1117,0,0.5013102821522962
1118,0,0.5003072599621287
1119,0,0.5001945848373609
1120,0,0.5033611690479766
1121,0,0.5002368554616856
1122,0,0.5005081960797739
1123,0,0.5001710912073972
1124,0,0.5001172881843992
1125,0,0.5014748074523944
1126,0,0.5002189021251912
1127,0,0.5001712381813075
1128,0,0.5002872228683658
1129,0,0.5009552437251137
1130,0,0.5002272261307233
1131,0,0.5120045303388862
1132,0,0.5004553962296278
1133,0,0.5014380092124168
1134,0,0.5001415865543846
1135,0,0.500446610784112
1136,0,0.5013624604238139
1137,0,0.5000756256018787
1138,0,0.5001128188507047
1139,0,0.5005443676512608
1140,0,0.5001670095885448
1141,0,0.5023852006120884
1142,0,0.5069722327646802
1143,0,0.5001006050800941
1144,0,0.5001076928959987
1145,0,0.5007607309778324
1146,0,0.5010819900445559
1147,0,0.5001000852103732
1148,0,0.502825968099511
1149,0,0.5007398692918866
1150,0,0.5011647761977392
1151,0,0.5000756256018787
1152,0,0.5006387330846076
1153,0,0.5001435783608558
1154,0,0.5037855115650571
1155,0,0.500177204223553
1156,0,0.5008978943960826
1157,0,0.5008826059275894
1158,0,0.5004405720695454
1159,0,0.5012303701993256
1160,0,0.5032448823771681
1161,0,0.5001987151751196
1162,0,0.5011373827666347
1163,0,0.5002029593523634
1164,0,0.5001943504970973
1165,0,0.5003944922973134
1166,0,0.5000756256018787
1167,0,0.5002196069875084
1168,0,0.5009686379388928
1169,0,0.5005723807040204
1170,0,0.5001543120791202
1171,0,0.5005959690244366
1172,0,0.5013922827814584
1173,0,0.5004539777453808
1174,0,0.5045091090932076
1175,0,0.5001078868538928
1176,0,0.5000756256018787
1177,0,0.5007327751026222
1178,0,0.5001729709458134
1179,0,0.5002382591294968
1180,0,0.5065013445114165
1181,0,0.5003969367526114
1182,0,0.5002258666892548
1183,0,0.5011740264986312
1184,0,0.5014308561390952
1185,0,0.5016059317667892
1186,0,0.5001257167727436
1187,0,0.5020273497831953
1188,0,0.500334554474216
1189,0,0.5007850432204707
1190,0,0.51102632318351
1191,0,0.5001228270383039
1192,0,0.5001906008414859
1193,0,0.5001037851840296
1194,0,0.5002169477564846
1195,0,0.5008588961071433
1196,0,0.5000860684093813
1197,0,0.5001427076100226
1198,0,0.5001526013299219
1199,0,0.500206876635858
1200,0,0.5001504234579884
1201,0,0.5000756256018787
1202,0,0.5002473340584834
1203,0,0.5000756256018787
1204,0,0.5002676502737547
1205,0,0.500314624251873
1206,0,0.5001119265405836
1207,0,0.5001665477963905
1208,0,0.500266802271942
1209,0,0.5004933070254931
1210,0,0.5011160836009307
1211,0,0.5011576138606821
1212,0,0.5001128702019964
1213,0,0.5000865675705624
1214,0,0.5002429193540957
1215,0,0.5033811937289019
1217,0,0.5002485699558952
1218,0,0.5009739414817357
1219,0,0.5019394038860688
1220,0,0.5002115548002518
1221,0,0.5005950901811813
1222,0,0.5152181129764531
1223,0,0.5007315932515505
1224,0,0.5000859453789459
1225,0,0.5001377117728036
1226,0,0.500264293044665
1227,0,0.500269671077268
1228,0,0.5006133586938103
1229,0,0.5004208740932491
1230,0,0.5001892426241934
1231,0,0.5035821478898818
1232,0,0.5030437419131227
1233,0,0.5002185790848136
1234,0,0.5001169755239022
1235,0,0.5014405904681687
1236,0,0.5001025698172742
1237,0,0.5062840765677602
1238,0,0.5002735965944765
1239,0,0.5005235403655921
1240,0,0.5001533038428182
1241,0,0.5009524419083283
1242,0,0.5008267094652671
1243,0,0.5024427716022232
1244,0,0.5003472083655222
1245,0,0.5012610007296996
1246,0,0.5004152987868653
1247,0,0.5005250453531706
1248,0,0.5107906583412501
1249,0,0.5000848575430423
1250,0,0.5004593539923315
1251,0,0.5012809843539964
1252,0,0.5015454645944573
1253,0,0.509583942528857
1254,0,0.5002077226442572
1255,0,0.5004286097609777
1256,0,0.5019186059372988
1257,0,0.5001128721358603
1258,0,0.5000860176728468
1259,0,0.5035686956707947
1260,0,0.5000850555017762
1261,0,0.5011238321550618
1262,0,0.5024693591996995
1263,0,0.5003758485442598
1264,0,0.5002060177275732
1265,0,0.500732216520974
1266,0,0.5001913802528631
1267,0,0.5003570140379452
1268,0,0.5002849174316749
1269,0,0.5013849254536651
1270,0,0.5001068411599853
1271,0,0.5023818105762411
1272,0,0.5002000489977766
1273,0,0.500209056178666
1274,0,0.5005400117099034
1275,0,0.5006528230325581
1276,0,0.5036680402702798
1277,0,0.5001399065417412
1278,0,0.5000756256018787
1279,0,0.5006987733348344
1280,0,0.5042620754838696
1281,0,0.502659054059899
1282,0,0.500547748520422
1283,0,0.5008373800295202
1284,0,0.5005032261778978
1285,0,0.5002314876549121
1286,0,0.5004097055183998
1287,0,0.5003440615957501
1288,0,0.5011933649944489
1289,0,0.5001501611308047
1290,0,0.5006627067333991
1291,0,0.5016015694072246
1292,0,0.5000756256018787
1293,0,0.500399012870257
1294,0,0.5003681741540544
1295,0,0.5000756256018787
1296,0,0.5006316421211398
1297,0,0.5001463643968946
1298,0,0.5002536107949332
1299,0,0.5027984477182242
1300,0,0.5001411686923674
1301,0,0.5124759905556058
1302,0,0.5001839313499191
1303,0,0.501040792771761
1304,0,0.5004188738415505
1305,0,0.5003136822956503
1306,0,0.5001239237192219
1307,0,0.500085400825147
1308,0,0.5002106143889428
1309,0,0.5001619018258802
1310,0,0.5002513221524146
1311,0,0.5010379434174007
1312,0,0.5014421873575899
1313,0,0.5009815303367333
1314,0,0.5001226098814826
1315,0,0.5004907416448298
1316,0,0.5005508545562001
1317,0,0.5007691109702903
1318,0,0.5002249806376782
1319,0,0.502147357576664
1320,0,0.500308840736607
1321,0,0.5005371843982792
1322,0,0.5000963787906877
1323,0,0.5049296661439202
1325,0,0.5006375667513262
1326,0,0.5003597662756637
1328,0,0.5135559854592977
1329,0,0.5005624554231359
1330,0,0.500209056178666
1332,0,0.5001732829767552
1333,0,0.5000756256018787
1334,0,0.5030406469087926
1335,0,0.5003880589086628
1336,0,0.5018405646560593
1337,0,0.5003072929795983
1338,0,0.5015681979714222
1339,0,0.5002002440521216
1340,0,0.5002596569238411
1341,0,0.5001392311616184
1342,0,0.5002451525885941
1343,0,0.5016148955129335
1344,0,0.5006751623449924
1345,0,0.5008727532556311
1346,0,0.5012093681307523
1347,0,0.5001988564597717
1348,0,0.5002033978164194
1349,0,0.5002005535907909
1350,0,0.503221284906852
1351,0,0.5002526457063933
1352,0,0.5016599035065219
1353,0,0.500505964385209
1354,0,0.5002506467833081
1355,0,0.5003952778218714
1356,0,0.500671957750717
1357,0,0.5003620158658596
1358,0,0.5002774875314377
1359,0,0.5019538543757731
1360,0,0.5002418543342046
1361,0,0.5015926308576988
1362,0,0.500381515224182
1363,0,0.5016480100555488
1364,0,0.5001124630899618
1365,0,0.5017572635466774
1366,0,0.5001275310795933
1367,0,0.5006405292821043
1368,0,0.500206876635858
1369,0,0.5013302731012989
1370,0,0.5005204707215906
1371,0,0.500843111426347
1372,0,0.5011031822335958
1373,0,0.5006918642888886
1374,0,0.5005729099759482
1375,0,0.5004338184665049
1376,0,0.5017308116758178
1378,0,0.5012837779080456
1379,0,0.5041472964739749
1380,0,0.5004772196538517
1381,0,0.5007514802698595
1382,0,0.5000849911805844
1383,0,0.500231211424184
1384,0,0.5000961715624839
1385,0,0.5002976066021738
1386,0,0.5003659534406304
1387,0,0.5177449368804072
1388,0,0.5003628638841975
1389,0,0.5001794709028323
1390,0,0.5023339123640845
1391,0,0.5014614996514851
1392,0,0.5199545556971434
1393,0,0.5001088869068729
1394,0,0.5004344082489571
1395,0,0.5001153145731725
1396,0,0.5003148135757971
1398,0,0.5009451361808945
1399,0,0.5005344283427475
1400,0,0.5009011932663251
1401,0,0.5002017929871856
1402,0,0.5001190457384784
1403,0,0.5006677308814714
1404,0,0.5003494556807471
1406,0,0.5013574556472368
1407,0,0.5001969176004251
1408,0,0.50008538014946
1409,0,0.5003035783499363
1410,0,0.5004941002069407
1411,0,0.5004892178736594
1412,0,0.5008358383218008
1413,0,0.5032876195772676
1414,0,0.5009835775859179
1415,0,0.5001342586060229
1416,0,0.5002872525184623
1417,0,0.5042254383258139
1418,0,0.5031833126392219
1419,0,0.5006719630238141
1420,0,0.5006765623944859
1421,0,0.500274492707388
1422,0,0.5001661327066531
1423,0,0.500301995735539
1424,0,0.5042646335654104
1425,0,0.5001233339513927
1426,0,0.5008831771685895
1427,0,0.500388851701301
1428,0,0.5002004353858973
1429,0,0.500209056178666
1430,0,0.5001847399206989
1431,0,0.5004355876688388
1432,0,0.500153344834491
1433,0,0.508559343888257
1434,0,0.5023454975773807
1435,0,0.5022227624283503
1436,0,0.5070350307344569
1437,0,0.500365134604782
1438,0,0.5001942422872337
1439,0,0.5002566207926871
1440,0,0.5002476894414537
1441,0,0.500280055834493
1442,0,0.5000953370157037
1443,0,0.5001497330726796
1444,0,0.5001584119818009
1445,0,0.5032296521830336
1446,0,0.5002041849092547
1447,0,0.500141913624424
1448,0,0.5008769264474244
1449,0,0.5013373434075498
1450,0,0.500118758832789
1451,0,0.5000990071702567
1452,0,0.5007930689429877
1453,0,0.5004808844333518
1454,0,0.500165565445983
1455,0,0.501033799657927
1456,0,0.5000756256018787
1457,0,0.5001051374129573
1458,0,0.5017478361697775
1459,0,0.5003795298062711
1460,0,0.5008928329541009
1461,0,0.5015989259042611
1462,0,0.5002899709778322
1463,0,0.500177831896891
1464,0,0.5000850538926721
1465,0,0.5000857768832276
1467,0,0.500221531316574
1468,0,0.5001988360767902
1469,0,0.5000756256018787
1470,0,0.5004794427118913
1471,0,0.5003872885641046
1472,0,0.5001675449878046
1473,0,0.5001379307047021
1474,0,0.500334743760247
1475,0,0.5072193752118512
1476,0,0.5027051532495538
1477,0,0.5028433465383256
1478,0,0.507011497757319
1479,0,0.5000941848175879
1480,0,0.5012234872650354
1481,0,0.5004029443601671
1482,0,0.5001788838830545
1483,0,0.5000756256018787
1484,0,0.5004128245811218
1485,0,0.5000853159924394
1486,0,0.5000756256018787
1487,0,0.5001710244773394
1488,0,0.5017204970024173
1489,0,0.5001221099578865
1490,0,0.5003171665838658
1491,0,0.5007989561388734
1492,0,0.500807966691205
1493,0,0.5010415218397521
1494,0,0.5005224476715289
1495,0,0.500494402485613
1496,0,0.5001724629832223
1497,0,0.5001757433142943
1498,0,0.5014767498145443
1499,0,0.5057125197060722
1500,0,0.5021878145872898
1501,0,0.501486292912848
1502,0,0.5004819958996753
1503,0,0.5002521484055826
1504,0,0.5001439255730786
1505,0,0.5026523322565836
1506,0,0.500413763473922
1507,0,0.50406530570842
1508,0,0.5002917153845136
1509,0,0.5009854143521362
1510,0,0.5005611980926895
1511,0,0.5018024265698368
1512,0,0.5185813385949238
1513,0,0.5005108078061835
1514,0,0.5000756256018787
1515,0,0.5022895574056541
1517,0,0.5005475036038974
1518,0,0.5002249806376782
1519,0,0.5066799732898838
1520,0,0.5007259881937755
1521,0,0.5002429951135677
1522,0,0.5011768176729443
1524,0,0.5002845770786096
1525,0,0.5262977323748173
1526,0,0.5003235152631762
1527,0,0.5004774620426049
1528,0,0.5006951116162671
1529,0,0.501216847653878
1530,0,0.5002913748291984
1531,0,0.5003772301230777
1532,0,0.5001849732377083
1533,0,0.500532555178701
1534,0,0.5018024331554463
1535,0,0.5000854115158245
1536,0,0.500133335367263
1537,0,0.5002744596114382
1538,0,0.5005507658967969
1539,0,0.5004916698886867
1540,0,0.5028214992007204
1541,0,0.5003970533551871
1542,0,0.5005160343378049
1543,0,0.5005482663819704
1544,0,0.500588428366871
1545,0,0.5001360545294936
1546,0,0.5007909683133283
1547,0,0.5002304364201061
1548,0,0.5001130697073036
1549,0,0.5000756256018787
1550,0,0.5011624640082669
1551,0,0.5003462371621332
1552,0,0.5005893897823244
1553,0,0.5002419655880193
1554,0,0.5003466032384378
1555,0,0.5002951788241585
1556,0,0.5039127276652398
1557,0,0.5002673520510359
1558,0,0.5001918775098592
1559,0,0.5002851003566624
1560,0,0.5000865360885028
1561,0,0.5012739232522723
1562,0,0.500157288249101
1563,0,0.5001257918429984
1564,0,0.5001656692601693
1565,0,0.5001509709473022
1566,0,0.502041323013494
1567,0,0.5029278683417007
1568,0,0.5002366996389307
1570,0,0.5007002341016539
1571,0,0.5077051342041852
1572,0,0.500183838339656
1573,0,0.5018437369962743
1574,0,0.5001539157202364
1575,0,0.5001313681336433
1576,0,0.5001904030671444
1577,0,0.5057329238370575
1578,0,0.5003922273480028
1579,0,0.5001921778247874
1580,0,0.5001381740793931
1581,0,0.5006239628921454
1582,0,0.5009698924233352
1584,0,0.5000756256018787
1585,0,0.5010506679255353
1586,0,0.5007236251786031
1587,0,0.5007431374307252
1588,0,0.5000857996943185
1589,0,0.5000756256018787
1591,0,0.5003338424000255
1593,0,0.500333554619587
1594,0,0.5082288771457724
1595,0,0.5003755057927931
1596,0,0.5000756256018787
1597,0,0.5002756807837311
1598,0,0.5004536665331859
1599,0,0.5020881995756638
1600,0,0.5008453454478324
1601,0,0.5001933125241929
1602,0,0.5001813065249875
1603,0,0.5001335807524621
1604,0,0.5004516398483342
1605,0,0.5001953183809613
1606,0,0.5006783560892509
1607,0,0.5071467082581261
1608,0,0.5004583504562755
1609,0,0.5000999454972276
1610,0,0.5005782689896073
1611,0,0.5060162130073022
1612,0,0.5004173379372348
1613,0,0.5004860111963848
1614,0,0.5000987273169335
1615,0,0.5000991332045954
1616,0,0.5002885582402501
1617,0,0.5006760694938864
1618,0,0.5006694842244988
1619,0,0.5045191144662634
1620,0,0.5001881352384406
1621,0,0.5002135713120407
1622,0,0.5002684734846395
1623,0,0.500321042574206
1624,0,0.5001795362129227
1625,0,0.5037239032534514
1626,0,0.5002394444068711
1627,0,0.5003273667960694
1628,0,0.5002481015198652
1629,0,0.5001171213777498
1630,0,0.5002135155248276
1631,0,0.5010737411360616
1632,0,0.500117876134208
1633,0,0.5000756256018787
1634,0,0.5002657422202245
1635,0,0.5004490011642654
1636,0,0.5000874729434982
1637,0,0.5001172117679611
1638,0,0.5003564782937551
1639,0,0.5073081829740137
1640,0,0.5003394469093462
1641,0,0.5001447097436169
1642,0,0.5006087533646207
1643,0,0.5290524064448202
1644,0,0.5001599025897344
1645,0,0.5009208979668062
1646,0,0.5000756256018787
1647,0,0.5016087200206882
1648,0,0.500227438727156
1649,0,0.5000756256018787
1650,0,0.5000756256018787
1651,0,0.5000861032550922
1652,0,0.5001100242710982
1653,0,0.500084968651125
1654,0,0.5004197809189342
1655,0,0.5008006366698515
1656,0,0.5011156351530296
1657,0,0.5000858755289797
1658,0,0.5004084632003595
1659,0,0.5189318623482548
1660,0,0.5002689565413798
1661,0,0.5001989774713748
1662,0,0.5002282348755551
1663,0,0.5000853037492976
1664,0,0.5002570372350134
1665,0,0.5001882576649718
1666,0,0.5000851113914876
1667,0,0.5007763824199881
1668,0,0.500734414847697
1669,0,0.5005631261399949
1670,0,0.5002258472106571
1671,0,0.5033171845779458
1672,0,0.5001700214674105
1673,0,0.5001402863678306
1674,0,0.5003020901874159
1675,0,0.5001343590914876
1676,0,0.5016634754388937
1677,0,0.5009648385988542
1678,0,0.5075173030746044
1679,0,0.5006825784064811
1680,0,0.5027121578725364
1681,0,0.5003482394783993
1682,0,0.5018363532555598
1683,0,0.5016386101166466
1684,0,0.5046965432737458
1685,0,0.5017748088484317
1686,0,0.5004148951727699
1687,0,0.5003726048937542
1688,0,0.5000990071702567
1689,0,0.5001898309461361
1690,0,0.5007474972434526
1691,0,0.5003959029541409
1692,0,0.5001305103991937
1693,0,0.5005859822917309
1694,0,0.5007190984972334
1695,0,0.5019953963854168
1696,0,0.5018928446801697
1697,0,0.5008619028771423
1698,0,0.5002564831095654
1699,0,0.5006511591021947
1700,0,0.5007248128450601
1701,0,0.5005708912722558
1702,0,0.5005127963407542
1703,0,0.5016482604044235
1704,0,0.5016852850316623
1705,0,0.5024943974544398
1706,0,0.5003971219982342
1707,0,0.5019629338844445
1708,0,0.500401973389976
1709,0,0.5001750362953656
1710,0,0.5011923360244435
1711,0,0.5000845269072537
1712,0,0.500132398915478
1714,0,0.5002282888208426
1715,0,0.5000756256018787
1716,0,0.5007622712950529
1717,0,0.5007096876874548
1718,0,0.5000756256018787
1719,0,0.5020729700103562
1720,0,0.5014905823109801
1721,0,0.5004261224937693
1722,0,0.5003944341267463
1723,0,0.5007041717740656
1724,0,0.5002844052798128
1725,0,0.5012090737585679
1726,0,0.502587673828305
1727,0,0.5002410394041183
1728,0,0.500280277227401
1729,0,0.5026902787953649
1730,0,0.5001525771308065
1731,0,0.5015435607335821
1732,0,0.5015410200681396
1734,0,0.5003231089226068
1735,0,0.5017674677932532
1736,0,0.5000756256018787
1737,0,0.5002197921669294
1738,0,0.5001163267387186
1739,0,0.5002103349786229
1740,0,0.5011988011163647
1741,0,0.5002548359858889
1742,0,0.5008443471223576
1743,0,0.500264293044665
1744,0,0.5002063017030262
1745,0,0.5000974015293691
1746,0,0.500141913624424
1747,0,0.5016391191270899
1748,0,0.5002239147056193
1749,0,0.5023578429330509
1750,0,0.5000970579746087
1751,0,0.5013905113203919
1752,0,0.5004393207002253
1753,0,0.5002813394945094
1754,0,0.5010217943985631
1755,0,0.5004545348713496
1756,0,0.501058377102341
1757,0,0.500569267416466
1758,0,0.5000756256018787
1759,0,0.5002564831095654
1760,0,0.5001852695036738
1761,0,0.5002630818443278
1762,0,0.503749116968924
1763,0,0.5001637840888825
1764,0,0.5013767543790084
1765,0,0.5002114781386628
1766,0,0.5082248811940437
1767,0,0.5002004353858973
1768,0,0.5001790319921524
1769,0,0.5007188374346577
1770,0,0.5002467583501085
1771,0,0.5022887944821209
1772,0,0.5002598731839119
1773,0,0.5002989484578931
1774,0,0.5003262144115479
1775,0,0.5011425459335301
1776,0,0.5006377220088748
1777,0,0.5018400656014838
1778,0,0.5008208213462954
1779,0,0.5002434672657629
1780,0,0.5002582008366583
1781,0,0.5000989660300281
1782,0,0.5002274192338335
1783,0,0.5078020311375692
1784,0,0.5007620659613492
1785,0,0.5000756256018787
1786,0,0.5001015915653731
1787,0,0.5007359582592555
1788,0,0.5001451740080854
1789,0,0.5003123673648758
1790,0,0.5013468110775858
1791,0,0.5005693682187643
1792,0,0.5003646596367383
1793,0,0.5004048274772496
1794,0,0.5002022685465541
1795,0,0.5001779585073711
1796,0,0.5004348215760429
1797,0,0.5001147364728994
1798,0,0.5007148574257502
1799,0,0.5001257918429984
1800,0,0.5001390349207211
1801,0,0.501276879018526
1802,0,0.5000845111800847
1803,0,0.5002394963866225
1804,0,0.5076501964499764
1805,0,0.5006963530403986
1806,0,0.5006024533143564
1807,0,0.5019471418173409
1808,0,0.500476002332744
1809,0,0.5006141864531962
1810,0,0.5002984654916912
1811,0,0.5002946090361804
1812,0,0.5115092969262026
1813,0,0.500319714214394
1814,0,0.5008478711918787
1815,0,0.50020818218453
1816,0,0.500340205967351
1817,0,0.500235758558984
1818,0,0.5001944839888145
1819,0,0.50034494108405
1820,0,0.505316868860215
1821,0,0.5102144252082612
1822,0,0.500493417635998
1823,0,0.5002782364663348
1824,0,0.5001239424824437
1825,0,0.5008930374632161
1826,0,0.50036540960145
1827,0,0.5003241140950468
1828,0,0.5011626542749744
1829,0,0.5003416573344569
1830,0,0.5000975657491079
1831,0,0.5001704985116597
1832,0,0.5002415735088331
1833,0,0.5012625977853206
1834,0,0.5008586889006065
1835,0,0.500657075127358
1836,0,0.5001535246764293
1837,0,0.5004060210558315
1838,0,0.5003572420560174
1839,0,0.5001030758362482
1840,0,0.5024912971248082
1841,0,0.5004988640511987
1842,0,0.5012662239473819
1843,0,0.5003083966344275
1844,0,0.5003860406636287
1846,0,0.5003606670360875
1847,0,0.5002443275791313
1848,0,0.5005149867444755
1849,0,0.5004216299575455
1850,0,0.5000957920491796
1851,0,0.5004735651187346
1852,0,0.5001534564371964
1853,0,0.5000756256018787
1854,0,0.5044159403090688
1855,0,0.5000974522713734
1856,0,0.5004823490958231
1857,0,0.5001372703551437
1858,0,0.5071055839051717
1859,0,0.5000756256018787
1860,0,0.5001358014321454
1861,0,0.5003337163915066
1862,0,0.5002870487273239
1863,0,0.5004798446417761
1864,0,0.5000756256018787
1865,0,0.5016611015281807
1866,0,0.5055248450754154
1867,0,0.5000976177141613
1868,0,0.5009746170504649
1869,0,0.5002632774042791
1870,0,0.5008506228644508
1871,0,0.5000756256018787
1872,0,0.5012275662862865
1873,0,0.5003315280874604
1874,0,0.5053905752851061
1875,0,0.5020262852655824
1876,0,0.5016347147862009
1877,0,0.5003750044101866
1878,0,0.5000756256018787
1879,0,0.5001004350763032
1880,0,0.5003817354322121
1881,0,0.5003468376463958
1882,0,0.5007873477428277
1883,0,0.5003492430908485
1884,0,0.5001574505663433
1885,0,0.5002973625669391
1886,0,0.5005656869551521
1887,0,0.5009088173452781
1888,0,0.5009523348239442
1889,0,0.5000756256018787
1890,0,0.5007431286773784
1891,0,0.5002194016824565
1892,0,0.5066167163040184
1893,0,0.500128856874196
1894,0,0.5010337940785237
1895,0,0.5008934160731787
1896,0,0.5023766674313597
1897,0,0.5003257413120131
1898,0,0.5006607261630073
1899,0,0.5001093147762937
1900,0,0.5002906135779804
1901,0,0.5004380630234787
1902,0,0.5001499836311877
1903,0,0.500595979636149
1904,0,0.5003566708580615
1905,0,0.5006447119281189
1906,0,0.5028311434987183
1907,0,0.512871997656631
1908,0,0.5022720528787983
1909,0,0.5031773414751383
1910,0,0.50013244120335
1911,0,0.5008474896202741
1912,0,0.5002296215740335
1913,0,0.5003724038388192
1914,0,0.5026665356793105
1915,0,0.5002707441216028
1916,0,0.5002856359022584
1917,0,0.5007745050409808
1918,0,0.5000756256018787
1919,0,0.5015627188440398
1920,0,0.502312759560013
1921,0,0.5003349585254748
1922,0,0.5002261663205582
1923,0,0.501564937316556
1924,0,0.500211879139506
1925,0,0.5001290127768432
1926,0,0.5001163112350437
1927,0,0.5006858671531033
1928,0,0.5074083004431038
1929,0,0.5000856433146048
1930,0,0.50010207314139
1931,0,0.5006700708155865
1932,0,0.5002647231569499
1933,0,0.5001790796008012
1934,0,0.5013447878212626
1935,0,0.5001610266333951
1936,0,0.5122430724762101
1937,0,0.5009793151780111
1938,0,0.5004707313498783
1939,0,0.5008422806036921
1940,0,0.5001257918429984
1941,0,0.5000891933676604
1942,0,0.500575680241791
1943,0,0.5091759795497769
1944,0,0.5033281136091875
1945,0,0.5023081575865651
1946,0,0.5001655021356093
1947,0,0.5003436669704105
1948,0,0.5011397538480558
1949,0,0.5002875370523115
1950,0,0.5006866296987358
1951,0,0.5006589468482661
1952,0,0.5000756256018787
1953,0,0.500097714879461
1954,0,0.500987549167583
1955,0,0.5003061788991048
1956,0,0.5010971868072449
1957,0,0.5000996221964643
1958,0,0.5000859750370901
1960,0,0.5004049277043515
1961,0,0.500194386672359
1962,0,0.5000756256018787
1963,0,0.5001939122529382
1964,0,0.500200337326663
1965,0,0.5001158772916152
1966,0,0.5021464721490195
1967,0,0.5004670934063682
1968,0,0.5005891433666045
1969,0,0.5003005061162362
1970,0,0.5002668251703594
1971,0,0.5012791250656032
1972,0,0.5000756256018787
1973,0,0.5002582924281213
1974,0,0.5000756256018787
1975,0,0.503735670130267
1976,0,0.5017237931427188
1977,0,0.5000877451185252
1978,0,0.500142434549535
1979,0,0.5007610658373913
1980,0,0.5000851479689806
1981,0,0.5018748070710762
1982,0,0.5001633973753424
1983,0,0.5000756256018787
1984,0,0.5000860521049757
1985,0,0.5002636322110537
1986,0,0.5003209773322368
1987,0,0.5012526089114987
1988,0,0.5002020288653678
1989,0,0.5020877126899786
1990,0,0.5049001751756238
1991,0,0.5000756256018787
1992,0,0.5000756256018787
1993,0,0.5023461764353664
1994,0,0.5007998894953678
1995,0,0.5006435220560007
1996,0,0.500324861214032
1997,0,0.5000855665506565
1998,0,0.5002920998165891
1999,0,0.5001128721358603
2000,0,0.5000756256018787
2001,0,0.5003541197870879
2002,0,0.5011227909802981
2003,0,0.5004370741670161
2004,0,0.500150032264476
2005,0,0.5000756256018787
2006,0,0.53381516157752
2007,0,0.5020759652375727
2008,0,0.5006909124604506
2009,0,0.5002445083088214
2010,0,0.5001076557679301
2011,0,0.503092609047611
2012,0,0.5003881322906251
2013,0,0.5012092603777525
2014,0,0.5021764918921674
2015,0,0.5001679198896969
2016,0,0.500336081060724
2017,0,0.5186444833099534
2018,0,0.5000974522713734
2019,0,0.5000966514995447
2020,0,0.5000756256018787
2021,0,0.5008299528118639
2022,0,0.5002267847122455
2023,0,0.5020764614806555
2024,0,0.5006184956351147
2025,0,0.5001577746031559
2026,0,0.5002108405780891
2027,0,0.5001865461972543
2028,0,0.5005005844943106
2029,0,0.5001471105319648
2030,0,0.5001783563578852
2031,0,0.5008763867235423
2032,0,0.5037529513860998
2033,0,0.5012978739135736
2034,0,0.500326096599462
2035,0,0.5003045790623487
2036,0,0.5004260223300386
2037,0,0.5007222166119937
2038,0,0.5001700599835535
2039,0,0.5017553259070825
2040,0,0.5032645961243049
2041,0,0.5000857323716192
2042,0,0.500117908852637
2043,0,0.5009276028156566
2044,0,0.500116894140783
2045,0,0.500264293044665
2046,0,0.5002299286176302
2047,0,0.5001581585094397
2048,0,0.5002525362734327
2049,0,0.5005483917036123
2050,0,0.5006734334490118
2051,0,0.5051142517103017
2052,0,0.5002578079615483
2053,0,0.5001832196763373
2054,0,0.5005892699498669
2055,0,0.5000882584125327
2056,0,0.5032551747431777
2057,0,0.5005216334290875
2058,0,0.5006615802107964
2059,0,0.5003989501484974
2060,0,0.5014535457660573
2061,0,0.5000756256018787
2062,0,0.5003300124813567
2063,0,0.5002877016965377
2064,0,0.5003270670295127
2065,0,0.5000756256018787
2066,0,0.5002209466938872
2067,0,0.5010571407063102
2068,0,0.5000885742382842
2069,0,0.5002352836214679
2070,0,0.500124857933857
2071,0,0.5010322344646935
2072,0,0.5001198536730531
2073,0,0.5006230466337319
2074,0,0.516291184040248
2075,0,0.5000964700940898
2076,0,0.5005983379852027
2077,0,0.5002738975552657
2078,0,0.5143046359579471
2079,0,0.5026427925262383
2080,0,0.5048103890381244
2081,0,0.5005941040103952
2082,0,0.5001887404537115
2083,0,0.5001061171744612
2084,0,0.5137920885252262
2085,0,0.5003062445177674
2086,0,0.5003834429420767
2087,0,0.5022204228336064
2088,0,0.5003250198001152
2089,0,0.5024788008820114
2091,0,0.5001718874725347
2092,0,0.6643850952412454
2093,0,0.5023718857331457
2094,0,0.5002626037313558
2095,0,0.500221030750748
2096,0,0.5007135906805756
2097,0,0.5012966277562889
2098,0,0.5008607053346855
2099,0,0.50248350876395
2100,0,0.5001475138220763
2101,0,0.5003318863038101
2102,0,0.5006205822407453
2103,0,0.5005750735974237
2104,0,0.5049533822631046
2105,0,0.5020358601247737
2106,0,0.500187178341457
2107,0,0.5005312076021662
2108,0,0.5204657684840491
2109,0,0.5010086831931536
2110,0,0.5065779139727338
2111,0,0.5032040101114562
2112,0,0.5005473703031847
2113,0,0.5001119849467417
2114,0,0.5003781465130261
2115,0,0.5003272093189091
2116,0,0.5004200379176048
2117,0,0.5001551607492758
2118,0,0.5001375336482625
2119,0,0.5003653747077704
2120,0,0.5038211601489097
2121,0,0.5002611239985794
2122,0,0.5003429950944412
2123,0,0.5063195881527559
2124,0,0.5004984604824222
2125,0,0.5016992382192493
2126,0,0.5002708499463809
2127,0,0.5001497215375835
2128,0,0.5001379071270043
2129,0,0.5005694571567483
2130,0,0.5000756256018787
2131,0,0.5001112565071352
2132,0,0.5071296950401193
2133,0,0.5003890058157778
2134,0,0.5001646433470017
2135,0,0.5018801735726296
2136,0,0.5031431981518735
2137,0,0.5001226194563716
2138,0,0.5007567245135999
2139,0,0.5001058136581856
2140,0,0.5000756256018787
2141,0,0.5008749537543713
2142,0,0.5001032168675789
2143,0,0.5011035438549664
2144,0,0.5001632365080807
2145,0,0.5023190828922601
2146,0,0.5007406284124735
2147,0,0.5003000681205096
2148,0,0.5055544309578923
2149,0,0.5005545022927651
2150,0,0.5005613569173563
2151,0,0.5042076368680343
2152,0,0.5021082040781875
2153,0,0.5005280197384375
2154,0,0.5003726481620796
2155,0,0.5003688583157184
2156,0,0.5007402846428376
2157,0,0.5037549697350434
2158,0,0.5003778108598023
2159,0,0.5019286508562704
2160,0,0.5004798158361038
2161,0,0.5006238178992621
2162,0,0.5000970880262733
2163,0,0.5001256236400996
2164,0,0.500797129258084
2165,0,0.5002970850911671
2166,0,0.5017280477186741
2167,0,0.5001128454665194
2168,0,0.5034059502059505
2169,0,0.5026937460920776
2170,0,0.500278129181358
2171,0,0.5002293149870622
2172,0,0.5008499249349215
2173,0,0.5002527365599955
2174,0,0.5003738822815851
2175,0,0.5021052790530941
2176,0,0.5012720871490627
2177,0,0.5029411902573476
2178,0,0.5002646760498981
2179,0,0.5002074031851381
2180,0,0.5003062093754839
2181,0,0.5001537406871721
2182,0,0.5002503238531278
2183,0,0.5000756256018787
2184,0,0.5005634405511251
2185,0,0.5076884457814373
2186,0,0.5001652668958005
2187,0,0.5006413462555251
2188,0,0.5006072499484836
2189,0,0.5000756256018787
2190,0,0.5005197931867806
2191,0,0.5000756256018787
2192,0,0.5020092690461936
2193,0,0.5001721285712944
2194,0,0.5004400825953423
2195,0,0.5005223780446343
2196,0,0.5002463510088478
2197,0,0.5057921493570345
2198,0,0.5005370561463826
2199,0,0.5003083616240124
2200,0,0.5001113613351656
2201,0,0.5006789683362456
2202,0,0.5007744933517863
2203,0,0.5004408648565748
2204,0,0.5001772521090939
2205,0,0.5005330989621913
2206,0,0.5002398308170547
2207,0,0.5009857075402215
2208,0,0.5002338416017186
2209,0,0.5306571216300792
2210,0,0.5008146375501888
2211,0,0.5001100026409327
2212,0,0.5015460744895934
2213,0,0.5002446278150199
2214,0,0.5193135143655019
2215,0,0.5001277599983521
2216,0,0.5004988621761948
2217,0,0.5008958269794461
2218,0,0.5007928157180364
2219,0,0.5134594440071772
2220,0,0.5024059232896677
2221,0,0.5001986454583048
2222,0,0.5003960135912446
2223,0,0.5009874791439959
2224,0,0.5005782304215171
2225,0,0.5028629851565971
2226,0,0.5005014133873451
2227,0,0.5000756256018787
2228,0,0.5023810830579506
2229,0,0.500140336813797
2230,0,0.5019155121665214
2231,0,0.5002274572395998
2232,0,0.5001009241911322
2233,0,0.5003859623480128
2234,0,0.501289004220544
2235,0,0.5002444844206039
2236,0,0.5003577469085732
2237,0,0.5001686132405897
2238,0,0.5003477598895538
2239,0,0.5155365281422255
2240,0,0.5067504275416531
2241,0,0.5013655008689353
2242,0,0.5033042387202286
2243,0,0.5002030525946756
2244,0,0.5025582496411448
2245,0,0.5002092627663698
2246,0,0.5021399208925204
2247,0,0.5003638308166605
2248,0,0.5022390143063016
2249,0,0.5001764095037317
2250,0,0.5012169182250638
2251,0,0.5059586228567636
2252,0,0.503854001867106
2253,0,0.5001801631772994
2255,0,0.5002142272705259
2256,0,0.5001597338861897
2257,0,0.5023455249081805
2258,0,0.5002872227631883
2259,0,0.5007213246400053
2260,0,0.5007347038908159
2261,0,0.5001925220744563
2263,0,0.5003064204725142
2264,0,0.5001803841836213
2265,0,0.5042150857722905
2266,0,0.501041520672287
2267,0,0.5004168883606818
2269,0,0.5000756256018787
2270,0,0.5001753855793513
2271,0,0.5005153737388881
2272,0,0.5037338063349992
2273,0,0.500864878689233
2274,0,0.5002142405948239
2275,0,0.5000756256018787
2276,0,0.5002657984746972
2277,0,0.5005122353909581
2278,0,0.5001424425653047
2279,0,0.500140693271623
2280,0,0.5001100751996181
2281,0,0.5002676482025509
2282,0,0.5004350145077706
2283,0,0.5008133412832646
2284,0,0.5010091082632301
2285,0,0.5001407374819453
2286,0,0.5325673584179345
2287,0,0.5004215626523536
2288,0,0.5003877954238505
2289,0,0.5002408119080161
2290,0,0.500362503952523
2291,0,0.50107385779
2292,0,0.5007096876874548
2293,0,0.5001943434719651
2294,0,0.5001259455802
2295,0,0.5006368065906132
2296,0,0.5002104848846117
2297,0,0.5055380302243613
2298,0,0.5002977699821846
2299,0,0.500304355577978
2300,0,0.5001626878912476
2301,0,0.500086267180293
2302,0,0.5001170270900677
2303,0,0.5070070779532151
2304,0,0.5001771560177307
2305,0,0.5003822564693882
2306,0,0.5005812853377631
2307,0,0.5001329970959955
2308,0,0.5002771749386384
2309,0,0.5002600394529939
2310,0,0.502837645509736
2311,0,0.5001822049162461
2312,0,0.5000756256018787
2313,0,0.5007890789216628
2315,0,0.500514930591033
2316,0,0.5004743067535437
2317,0,0.5001230248778809
2318,0,0.5062228512200649
2319,0,0.5014522542920707
2320,0,0.5001571683786654
2321,0,0.5018821838575418
2322,0,0.5002040007766059
2323,0,0.5001611179984702
2324,0,0.5003793432392649
2325,0,0.500140752478164
2326,0,0.500207807660462
2327,0,0.5001307705011309
2328,0,0.5013341724621465
2329,0,0.5010004704335028
2330,0,0.5166004050056241
2331,0,0.5012797567883588
2332,0,0.5001943158999365
2333,0,0.5000974265918193
2334,0,0.500149602061496
2335,0,0.5003566708580615
2336,0,0.5008513736285721
2337,0,0.5001798015430942
2338,0,0.5010197220314073
2339,0,0.5082310400067155
2340,0,0.5001019569470072
2341,0,0.5000859184746834
2342,0,0.5010252710737892
2343,0,0.5039006245313619
2344,0,0.5004244955087137
2345,0,0.5003975428885803
2346,0,0.5341351909848178
2347,0,0.500103065030953
2348,0,0.5001150903022783
2349,0,0.5001445852556071
2350,0,0.5000756256018787
2351,0,0.500912288875064
2352,0,0.5001608724085673
2353,0,0.5001379115335838
2354,0,0.5051313776853912
2355,0,0.5000756256018787
2356,0,0.5001734197851483
2357,0,0.500286809607033
2358,0,0.5010037336979082
2359,0,0.5013709763552202
2360,0,0.5008338772283231
2361,0,0.5022862156581434
2362,0,0.5036516369510674
2363,0,0.502199334689344
2365,0,0.5029261113474892
2366,0,0.5002625454960582
2367,0,0.5025470328407058
2368,0,0.5016057971851604
2369,0,0.5001790855352422
2370,0,0.5000907143982533
2371,0,0.5017849766598991
2372,0,0.502097613676557
2373,0,0.500300779859961
2374,0,0.5009915829001959
2375,0,0.5003655290145357
2376,0,0.5024126878953703
2377,0,0.5003454063201852
2378,0,0.5001159669409264
2379,0,0.5000756256018787
2380,0,0.504682943064425
2381,0,0.5007817381382818
2382,0,0.507388849386081
2383,0,0.5003548015638729
2384,0,0.5025599595404004
2385,0,0.5001548373173034
2386,0,0.5008548543837462
2387,0,0.5002907549401554
2388,0,0.5002055938285138
2389,0,0.5025549938424693
2390,0,0.5005426580257282
2391,0,0.5014840795201276
2392,0,0.5001198110074782
2393,0,0.5004442367228719
2394,0,0.5012279010945737
2395,0,0.5006864458194197
2396,0,0.5002494255245166
2397,0,0.5002038633594195
2398,0,0.5001055391656974
2399,0,0.5001001201510786
2400,0,0.5003766666404408
2401,0,0.5008164373062977
2402,0,0.5005702474725118
2403,0,0.5024232066417593
2404,0,0.5000890748800265
2405,0,0.5505144337840062
2406,0,0.5003696534622984
2407,0,0.5007376967691499
2408,0,0.5005762456324486
2409,0,0.5011676056986873
2410,0,0.5004796598006191
2411,0,0.5009855716576244
2412,0,0.5002114781386628
2413,0,0.5000756256018787
2414,0,0.5017799927768272
2415,0,0.5010900655274411
2417,0,0.5001454998502598
2418,0,0.5017143620892768
2419,0,0.5010645808681553
2420,0,0.5004911742560815
2421,0,0.5020812818840669
2422,0,0.5000968956101701
2423,0,0.5038905120812031
2424,0,0.5002849750062477
2425,0,0.5001071725932535
2426,0,0.502484778693775
2427,0,0.5014447230077215
2428,0,0.5000896328405688
2429,0,0.5004514851600627
2430,0,0.5005690786401588
2431,0,0.5007096876874548
2432,0,0.501393639315719
2433,0,0.5001110239756894
2434,0,0.5000756256018787
2435,0,0.5001680368891218
2436,0,0.5003012459654899
2437,0,0.5018133262312462
2439,0,0.5008921939052711
2440,0,0.5018890199031801
2441,0,0.5163926667711679
2442,0,0.5024058519304793
2443,0,0.5001356637972008
2444,0,0.5004618343790963
2445,0,0.5041951535514769
2446,0,0.5002814467107105
2447,0,0.5009585496910588
2448,0,0.5001276443819755
2449,0,0.5004999859625965
2450,0,0.5060005398337014
2451,0,0.500140207292261
2452,0,0.500719273458258
2453,0,0.5000756256018787
2454,0,0.5008984859461777
2455,0,0.5002951562258612
2456,0,0.5007415598188629
2457,0,0.5000756256018787
2458,0,0.5006964813970506
2459,0,0.5004975588676034
2460,0,0.5004472324148362
2461,0,0.5000756256018787
2462,0,0.5001595636024805
2464,0,0.500897222303353
2465,0,0.5075863622878845
2466,0,0.5004251594586443
2467,0,0.5011688308732943
2468,0,0.5001574885550945
2469,0,0.5009905625426297
2470,0,0.5002594870908327
2471,0,0.5036292773923469
2472,0,0.5001409402963803
2473,0,0.5020642039634091
2474,0,0.5007870551894272
2475,0,0.5000756256018787
2476,0,0.5017930280953776
2477,0,0.5001568302186004
2478,0,0.5012838865810625
2479,0,0.5002645332763909
2480,0,0.5001154503746238
2481,0,0.5007837895855335
2483,0,0.5003855721286434
2484,0,0.5045540560073136
2485,0,0.5001489923507484
2486,0,0.5001534564371964
2487,0,0.5003173948211697
2488,0,0.5006396607081847
2489,0,0.5007729834968953
2490,0,0.5012350217758689
2491,0,0.5000756256018787
2492,0,0.5039360664647149
2493,0,0.5005976493984872
2494,0,0.500273962423834
2495,0,0.500515210561101
2496,0,0.5176956143166652
2497,0,0.5011301365063909
2498,0,0.5001859821545263
2499,0,0.5002435930423075
2500,0,0.5005530545281511
2501,0,0.5005288389934004
2502,0,0.5003638715320435
2503,0,0.5000756256018787
2504,0,0.5002271494183345
2505,0,0.5003291254913779
2506,0,0.5090390531570556
2507,0,0.5002531713009529
2508,0,0.5006355395990292
2509,0,0.5003800662702014
2510,0,0.5009966686338437
2511,0,0.5037027201248429
2512,0,0.5004167768880265
2513,0,0.500697411722977
2514,0,0.5004439978943396
2515,0,0.5010018302754772
2517,0,0.5045887501673921
2518,0,0.500928094384223
2519,0,0.5246615668375071
2520,0,0.5006127979098377
2521,0,0.5049919353681063
2522,0,0.5001307134193906
2523,0,0.5003950308656602
2524,0,0.5002335356012806
2525,0,0.5016968985075015
2526,0,0.5015070960082436
2527,0,0.5002418232896672
2528,0,0.5025484597085749
2529,0,0.50099131980443
2530,0,0.5004486268266584
2531,0,0.5051335148886447
2532,0,0.500722344301573
2533,0,0.5001271346935339
2534,0,0.5005304509038392
2535,0,0.5001952427027899
2536,0,0.5005127542120417
2537,0,0.5005659218078695
2538,0,0.5023136950886743
2539,0,0.5002941983010308
2540,0,0.5001105957337433
2541,0,0.5006645815590918
2542,0,0.5007393073889862
2543,0,0.5001573216296217
2544,0,0.5002452072579248
2545,0,0.5002979032096175
2546,0,0.5014733110737774
2547,0,0.502839940804248
2548,0,0.5003960715099832
2549,0,0.5001232311036315
2550,0,0.5003168041664351
2551,0,0.5001046391898435
2552,0,0.5013362216638035
2553,0,0.5043365595216662
2554,0,0.5005009006830362
2555,0,0.5033706864860754
2556,0,0.5006923910350657
2557,0,0.5008233364343223
2558,0,0.5005903544430097
2559,0,0.5003062876597516
2560,0,0.5006681479352615
2561,0,0.5008682553505152
2562,0,0.502427287260876
2563,0,0.5035907592778804
2564,0,0.5001983989635143
2565,0,0.5038802923379204
2566,0,0.5003501966818119
2567,0,0.5001467206966226
2568,0,0.5013405136470759
2569,0,0.5001169614202029
2570,0,0.5004522150595768
2571,0,0.5003993611143358
2572,0,0.5002917353908327
2573,0,0.5002699591448396
2575,0,0.5009353468679859
2576,0,0.5060831450551676
2577,0,0.5010676289566575
2578,0,0.5250012978793144
2579,0,0.5006429225707253
2580,0,0.5002347294481756
2581,0,0.5000756256018787
2582,0,0.5003571426566782
2583,0,0.5001734622967605
2584,0,0.5001386624132067
2585,0,0.5007541468933212
2586,0,0.5004286591588588
2587,0,0.5006210537015591
2588,0,0.5002403525383262
2589,0,0.5002536667151267
2590,0,0.5002124369168339
2591,0,0.500350600031571
2592,0,0.5036970971551931
2593,0,0.5005684649746226
2594,0,0.5005993854157171
2595,0,0.5004371746100652
2596,0,0.5004809353802729
2597,0,0.5001750691618947
2598,0,0.5070168989186099
2599,0,0.5002314980157695
2600,0,0.5001353901947836
2601,0,0.5007640820794771
2602,0,0.50030428293284
2603,0,0.5005003504695189
2604,0,0.5001932195469394
2605,0,0.500361595808441
2606,0,0.5004762897614334
2607,0,0.5003665137228911
2608,0,0.5008790416198203
2609,0,0.5001856114022588
2610,0,0.5005154047022214
2611,0,0.5032287803428984
2612,0,0.5004793008234157
2613,0,0.5058824618935603
2614,0,0.500091349957748
2615,0,0.5020676353536359
2616,0,0.5001619319651146
2617,0,0.5004309614794996
2618,0,0.5004366859957536
2619,0,0.5001890380879909
2620,0,0.5011247838313566
2621,0,0.5001093147762937
2622,0,0.5001122259565016
2623,0,0.5010331617416786
2624,0,0.5054544799418105
2625,0,0.5003998626800716
2626,0,0.5001423035652719
2627,0,0.5007969504047722
2628,0,0.5002814346106781
2629,0,0.5015555266709002
2630,0,0.5009091970884201
2631,0,0.5004141588731759
2632,0,0.5002366457022279
2633,0,0.5001094463410084
2634,0,0.5001903784623019
2635,0,0.5001364480155617
2636,0,0.5001684314780591
2637,0,0.501556602474979
2638,0,0.5049578857885936
2639,0,0.5002043331891299
2640,0,0.5001219981857097
2641,0,0.5002918558173517
2642,0,0.5005556617174384
2643,0,0.5019497537969121
2644,0,0.5002229168246398
2645,0,0.501413211798074
2646,0,0.500140724088929
2647,0,0.5002292161866387
2648,0,0.5001255302075268
2649,0,0.5003900786816312
2650,0,0.5001674750641653
2652,0,0.5002437483486134
2653,0,0.5000990071702567
2654,0,0.5002081707762942
2655,0,0.5002245217856814
2656,0,0.5360218641579807
2657,0,0.5000756256018787
2658,0,0.5008693894081148
2659,0,0.5001168996141117
2660,0,0.5002492944928414
2661,0,0.5020970740208316
2662,0,0.5006618529350596
2663,0,0.5000847815112127
2664,0,0.5006011565249131
2665,0,0.5084976755442073
2666,0,0.500209094281503
2667,0,0.5001128461816252
2668,0,0.5104996729765529
2669,0,0.5001150903022783
2670,0,0.5004077121908616
2671,0,0.5002500751176949
2672,0,0.500309329148323
2673,0,0.500322223206371
2674,0,0.5003993966841853
2675,0,0.504625760264667
2676,0,0.5007426029873673
2677,0,0.5006301264699129
2678,0,0.5005854181259893
2679,0,0.5017708589412002
2680,0,0.5003923321767875
2681,0,0.5001514386343904
2682,0,0.5006537350520961
2683,0,0.5035972211935498
2684,0,0.50018334168172
2685,0,0.5067825366509844
2686,0,0.5010561076010559
2687,0,0.500137123933005
2688,0,0.5000756256018787
2689,0,0.5016546181684034
2690,0,0.5001591010855035
2691,0,0.5007378545296042
2692,0,0.5001286608810537
2693,0,0.5003744555111977
2694,0,0.5006608736019266
2695,0,0.500602183846877
2696,0,0.5004293045485517
2697,0,0.5077458605873683
2698,0,0.5055683565665153
2699,0,0.5011228336936029
2700,0,0.5039388930080506
2701,0,0.5339300211603057
2702,0,0.5004479275993678
2703,0,0.5004510865286627
2704,0,0.5002474598977965
2705,0,0.5002271494183345
2706,0,0.5001647830316908
2707,0,0.5001461547757466
2708,0,0.50057479170995
2709,0,0.501363040552389
2710,0,0.5004882325808089
2711,0,0.5001778103186398
2712,0,0.5010131809638351
2713,0,0.5000756256018787
2714,0,0.5002230716922775
2715,0,0.502232496866295
2716,0,0.5008120393545273
2717,0,0.50051845527409
2718,0,0.5029875479375151
2719,0,0.500181221495495
2720,0,0.5046905015513099
2721,0,0.5024640270667287
2723,0,0.5059959049593735
2724,0,0.5007020173532866
2725,0,0.5017904336955936
2726,0,0.500667403921121
2727,0,0.5000987895209869
2728,0,0.506287759752113
2729,0,0.5011792905094331
2730,0,0.5009934943525425
2731,0,0.5002998042041813
2732,0,0.5002286075269957
2733,0,0.5006297096036388
2734,0,0.5000756256018787
2735,0,0.5006697366594561
2736,0,0.508715649883488
2737,0,0.5019540240777847
2738,0,0.5001727852169154
2739,0,0.5003287731020649
2740,0,0.5002832274094099
2741,0,0.5001110239756894
2742,0,0.5011487205866033
2743,0,0.50016877753843
2744,0,0.5001714729587909
2745,0,0.5004985419877723
2746,0,0.5001100409319513
2747,0,0.5040772234385068
2748,0,0.5003118246524462
2749,0,0.500291633431812
2750,0,0.5000958413855344
2751,0,0.500201718668071
2752,0,0.5000991137960914
2753,0,0.500101121773485
2754,0,0.5000756256018787
2755,0,0.5056609495009546
2756,0,0.5007464131330823
2757,0,0.5002036403774507
2758,0,0.5004382085117333
2759,0,0.5002545958202194
2760,0,0.5000857996943185
2762,0,0.5001809804589179
2763,0,0.5008851109185404
2764,0,0.5003584312476269
2765,0,0.5000756256018787
2766,0,0.5006076327004388
2767,0,0.5033338545837074
2768,0,0.5000964961132129
2769,0,0.5004822251505858
2770,0,0.5008226336392102
2771,0,0.5000756256018787
2772,0,0.5015308597880225
2773,0,0.5004598562502856
2774,0,0.5002353222116012
2775,0,0.508182148788648
2776,0,0.5032772831308819
2777,0,0.5003631501519917
2778,0,0.50008625109117
2779,0,0.5001845379385007
2780,0,0.5002204096324995
2781,0,0.500309124262376
2782,0,0.5005405343514133
2783,0,0.5010586766414727
2784,0,0.5006045444180186
2785,0,0.5008318167362071
2786,0,0.5002170400274929
2788,0,0.5003620784867134
2789,0,0.5001241567079487
2790,0,0.5002781990355416
2791,0,0.5038779314265489
2792,0,0.5044163684577473
2793,0,0.5003584457505923
2794,0,0.5005467822650294
2795,0,0.5028160691651969
2796,0,0.500235175775446
2797,0,0.503697120280975
2798,0,0.5006884907789375
2799,0,0.5006297142850233
2800,0,0.5001070503644097
2801,0,0.5008750908449571
2802,0,0.5007095282504475
2803,0,0.500177204223553
2804,0,0.5022317431620177
2805,0,0.5001415027723092
2806,0,0.5005629033850253
2807,0,0.5002710058476072
2808,0,0.5003041363730046
2809,0,0.5013936368321438
2810,0,0.5002613480911384
2811,0,0.5008943398841166
2812,0,0.5320604304596036
2813,0,0.500316742552081
2814,0,0.5002888311316882
2815,0,0.5003871392545024
2816,0,0.5003743630092143
2817,0,0.512665262783509
2818,0,0.50069925890438
2819,0,0.5004213937142918
2820,0,0.5184246933109797
2821,0,0.500718637280108
2822,0,0.5003155071961585
2823,0,0.5017398689607893
2824,0,0.5003755701472261
2825,0,0.5001596879225222
2826,0,0.500184316423408
2827,0,0.501252305670599
2828,0,0.5006575380670536
2829,0,0.5006117289773038
2830,0,0.500447330105579
2831,0,0.5001154503746238
2832,0,0.5001436169638744
2833,0,0.5000756256018787
2834,0,0.5003052438769064
2835,0,0.5003796094898588
2836,0,0.5002584602924828
2837,0,0.501235723084075
2838,0,0.5011726615122543
2839,0,0.500379487811233
2840,0,0.500835238167017
2841,0,0.5002564831095654
2842,0,0.5011212376412393
2843,0,0.5007201783075365
2844,0,0.5063589422568655
2845,0,0.5018386422603384
2846,0,0.5007395463744447
2847,0,0.5000959950738234
2848,0,0.5000756256018787
2849,0,0.5000845269072537
2850,0,0.5001615306325242
2851,0,0.5002142850440974
2852,0,0.500107706154901
2853,0,0.5002022530912912
2854,0,0.5002419655880193
2855,0,0.5011672510136332
2856,0,0.5068462432000375
2857,0,0.5001028796069517
2858,0,0.5001240418992623
2859,0,0.5068124256525689
2860,0,0.5001705714571055
2861,0,0.50036071453925
2862,0,0.5020791978425124
2863,0,0.500290173301024
2864,0,0.5001196869269204
2866,0,0.5000756256018787
2867,0,0.5002210826990597
2868,0,0.5003783279433999
2869,0,0.5016827873713119
2870,0,0.5029572382269017
2871,0,0.5111845472413532
2872,0,0.5004352687038326
2873,0,0.5004552851160654
2874,0,0.5047388357079039
2875,0,0.5001637840888825
2876,0,0.5001313820859843
2877,0,0.5145445521447499
2878,0,0.5002101202026903
2879,0,0.5005203344442462
2880,0,0.5030843291651699
2881,0,0.5030638938477306
2882,0,0.5004134146437482
2883,0,0.5003355321300531
2884,0,0.5000756256018787
2885,0,0.5002208875706484
2886,0,0.5013758866271448
2887,0,0.5003651913169505
2888,0,0.5004893730782737
2889,0,0.5001243567730614
2890,0,0.500582748967686
2891,0,0.5000756256018787
2892,0,0.5003790641991861
2893,0,0.500911093304471
2894,0,0.5001933125241929
2895,0,0.5024539141175411
2896,0,0.5002204825667835
2897,0,0.5005783030784288
2898,0,0.5003249950992699
2899,0,0.5002870762083276
2900,0,0.5001593793362213
2901,0,0.5018397005532064
2902,0,0.5005215152663092
2903,0,0.5000951337426215
2904,0,0.5015475866110938
2905,0,0.5008248950372195
2906,0,0.5009121020763126
2907,0,0.5007951540662056
2908,0,0.5018032554029601
2909,0,0.5007177957659934
2910,0,0.5002389957542401
2911,0,0.5007868942625247
2912,0,0.5002668132070781
2914,0,0.5019279099281011
2915,0,0.501083919419658
2916,0,0.5013407224527641
2917,0,0.5001184999596434
2918,0,0.5000941248634164
2919,0,0.5039110800603356
2920,0,0.5003918874325027
2921,0,0.501409582250116
2922,0,0.5001768317954539
2923,0,0.5003085339130675
2924,0,0.5001004878846731
2925,0,0.501241244737525
2926,0,0.501266456697233
2927,0,0.5003294679988329
2928,0,0.5007503140915954
2929,0,0.5004760661893197
2930,0,0.5005791297756734
2931,0,0.5008931612245953
2932,0,0.5003414424911077
2933,0,0.5005287777523262
2934,0,0.5009984440095543
2935,0,0.5001335400642147
2936,0,0.5184187106248491
2937,0,0.5001517198745052
2938,0,0.500234988124528
2939,0,0.5000957612744572
2940,0,0.5007258228462674
2941,0,0.5003652901374394
2942,0,0.5009052107720161
2943,0,0.5015629255637242
2944,0,0.502836619906977
2945,0,0.5009101725684135
2946,0,0.5073928098717518
2947,0,0.501531231334748
2948,0,0.5001384013370228
2949,0,0.501601606750512
2950,0,0.5011477549299582
2951,0,0.5000963793000252
2952,0,0.5009955830557873
2953,0,0.5003139288141153
2954,0,0.5006532692336547
2955,0,0.5004291426376358
2956,0,0.5044844385509907
2957,0,0.500100697244611
2958,0,0.5006754893232059
2959,0,0.5002083518415613
2960,0,0.5002252957594782
2961,0,0.5001693668045074
2962,0,0.5023037981692607
2963,0,0.5010640459661051
2964,0,0.5003157093060215
2965,0,0.5034299973462529
2966,0,0.5001422207673922
2967,0,0.5009643159157093
2968,0,0.500198060140678
2969,0,0.5002569256428873
2970,0,0.501622792984284
2971,0,0.5004858355420941
2972,0,0.5013227391788775
2973,0,0.5007738728001443
2974,0,0.500161762564536
2975,0,0.5091788522331028
2976,0,0.5004622203552537
2977,0,0.5000756256018787
2978,0,0.5002158301770987
2979,0,0.5000756256018787
2980,0,0.5002959363561404
2981,0,0.500151589198176
2982,0,0.5003341326573406
2983,0,0.5007526722018183
2985,0,0.5001342586060229
2986,0,0.5008565426040724
2987,0,0.5009645037442557
2988,0,0.5001132425149508
2989,0,0.5012482497949763
2990,0,0.5002659040813418
2991,0,0.5006958270444449
2992,0,0.5004954669729057
2993,0,0.5016381547467965
2994,0,0.5003384241552729
2995,0,0.50053919955917
2996,0,0.5001532726218522
2997,0,0.5006119599269044
2998,0,0.500461153290198
2999,0,0.5002442154787634
3000,0,0.5016207507564597
3001,0,0.5001847035333045
3002,0,0.5002903300855861
3003,0,0.5005428403126821
3004,0,0.5009484502527677
3005,0,0.5008184743087603
3006,0,0.5012625875071912
3007,0,0.5014323540828808
3008,0,0.5001409012243965
3009,0,0.5081332157869034
3010,0,0.5145351005821783
3011,0,0.500532555654615
3012,0,0.5001241567079487
3013,0,0.5023864069539657
3014,0,0.5007848247067588
3015,0,0.5005668621613226
3016,0,0.5010543911466542
3017,0,0.5021169493796787
3018,0,0.5001456643703209
3019,0,0.5000756256018787
3020,0,0.5003204560501706
3021,0,0.5002261891742305
3022,0,0.5009173772566994
3023,0,0.5001615311963951
3024,0,0.5000867671865741
3025,0,0.5002958224174457
3026,0,0.5001219981857097
3027,0,0.5010739404457888
3028,0,0.5006125602020328
3029,0,0.5008111041155042
3030,0,0.5005426127945668
3031,0,0.5001137053710796
3032,0,0.5049540307628418
3033,0,0.5002293616260207
3034,0,0.501984060898263
3035,0,0.5008140445881551
3036,0,0.5038302222443031
3037,0,0.5004699845064304
3038,0,0.5005803428898906
3039,0,0.5004857288728464
3040,0,0.5079264381513696
3041,0,0.5007922898429334
3042,0,0.5021944193795315
3043,0,0.5000756256018787
3044,0,0.5010931176458067
3045,0,0.5000756256018787
3046,0,0.50018861378888
3047,0,0.5011441227733978
3048,0,0.517651673429064
3049,0,0.5002551657468369
3050,0,0.5022480749127131
3051,0,0.5001869823320396
3052,0,0.5002565862698577
3053,0,0.5001496843835157
3054,0,0.5005310886539727
3055,0,0.5007887414469907
3056,0,0.5009332849134002
3057,0,0.5001246307258332
3058,0,0.5008152989872628
3059,0,0.5003577615042387
3060,0,0.5013009936822579
3061,0,0.5001579284385691
3062,0,0.5012190334373985
3063,0,0.5004977342290163
3064,0,0.5006210670846446
3065,0,0.5002746173361577
3066,0,0.5023538035467213
3067,0,0.5015831375918317
3068,0,0.5009245646300285
3069,0,0.5007387548749679
3070,0,0.5090320800123118
3071,0,0.5002501186437494
3072,0,0.5012996758798365
3073,0,0.5046482538945386
3074,0,0.5001035047236272
3075,0,0.5001351575993358
3076,0,0.5004397049945014
3077,0,0.50146183645149
3078,0,0.5042800531739019
3079,0,0.5003585715144651
3080,0,0.5036747743564911
3081,0,0.5007584380421597
3082,0,0.5002009942090224
3083,0,0.5011352242176359
3084,0,0.5009842057968494
3085,0,0.5002293836403909
3086,0,0.5002036403774507
3087,0,0.5006456269157966
3088,0,0.501733853128348
3090,0,0.5002872973110787
3091,0,0.5000756256018787
3092,0,0.5016202575767997
3093,0,0.500278129181358
3094,0,0.5007727931324082
3095,0,0.500473900535615
3096,0,0.5003527072777467
3097,0,0.5000899432024682
3098,0,0.5028165991276975
3099,0,0.5008280484145649
3100,0,0.5002025965084326
3101,0,0.5002846371787204
3102,0,0.5021851766905903
3103,0,0.5002743282717534
3104,0,0.5000756256018787
3105,0,0.500166866953677
3106,0,0.5001359359646609
3107,0,0.5000756256018787
3108,0,0.5006437963693195
3109,0,0.5011395924495088
3110,0,0.5007788792743789
3111,0,0.5033560997401731
3112,0,0.5001152966367154
3113,0,0.5002365582450065
3114,0,0.500269712184157
3115,0,0.5008120557339203
3116,0,0.5075143077002305
3117,0,0.5000756256018787
3118,0,0.5000872350430813
3119,0,0.5002583220921792
3120,0,0.5001422796707818
3121,0,0.5000877451185252
3122,0,0.5003235751166223
3123,0,0.5003344356097129
3124,0,0.5023100028725861
3125,0,0.5169965188208996
3126,0,0.5002256012607218
3127,0,0.500283277143643
3128,0,0.5089965207647019
3129,0,0.5002610150081187
3130,0,0.5004908003427302
3131,0,0.5009745041426398
3132,0,0.507215218049716
3133,0,0.5020340514631522
3134,0,0.5004231888601622
3135,0,0.5006398381585438
3136,0,0.5003607651425908
3137,0,0.5004191063860993
3138,0,0.5003311210111848
3139,0,0.5004420514590154
3140,0,0.5006322826466559
3141,0,0.5047592807036296
3142,0,0.5001326829594585
3143,0,0.5036390828971652
3144,0,0.5012846555780696
3145,0,0.501774822979986
3146,0,0.5004522350886725
3147,0,0.5006759028204218
3148,0,0.5143872018455248
3149,0,0.5000850538926721
3150,0,0.5001282776614575
3151,0,0.5008843862636639
3152,0,0.5004469706928065
3153,0,0.501254328146722
3154,0,0.5000851434962997
3155,0,0.5018874724466124
3156,0,0.5047296294196659
3157,0,0.5000756256018787
3158,0,0.5002848817836516
3159,0,0.5015955592105308
3160,0,0.500472677823196
3161,0,0.5029307469114864
3162,0,0.500728264472249
3163,0,0.50024373737904
3164,0,0.5001504561547027
3165,0,0.5000756256018787
3166,0,0.5001658098826113
3167,0,0.500499808999438
3168,0,0.5012945540768351
3169,0,0.5005934491849431
3170,0,0.5003467143783548
3171,0,0.5014081600687107
3172,0,0.5002694757633921
3173,0,0.5001207958785719
3174,0,0.5001402747266318
3175,0,0.5001973840409021
3176,0,0.5013768306918935
3177,0,0.5018853561231438
3178,0,0.509330947428721
3179,0,0.500518070117117
3181,0,0.500179174341228
3182,0,0.5003698737379549
3183,0,0.5247805486906849
3184,0,0.5001766772944397
3185,0,0.5001181584444923
3186,0,0.5030599391899074
3187,0,0.5047639599386755
3188,0,0.5203597974428986
3189,0,0.5004033693747717
3190,0,0.5001986979732788
3191,0,0.5008077592520334
3192,0,0.500237199334323
3193,0,0.5033253688194098
3194,0,0.507435178849082
3195,0,0.5001128702019964
3196,0,0.5004070425480955
3197,0,0.5002997774399582
3198,0,0.5003037265217671
3199,0,0.5004976643435994
3200,0,0.5002507853271854
3201,0,0.5001239992338515
3202,0,0.5001772467371695
3203,0,0.5002105005061884
3204,0,0.5011463962963374
3205,0,0.5020717357770427
3206,0,0.5003590735994746
3207,0,0.5024798109761763
3208,0,0.5004000799371832
3209,0,0.501099560993109
3210,0,0.5002071615793603
3211,0,0.5001061748004395
3212,0,0.500368301049895
3213,0,0.5003612388833252
3214,0,0.5001490419624849
3215,0,0.5002219290216686
3216,0,0.5001089777286017
3217,0,0.5013020698396764
3218,0,0.5006570560968546
3219,0,0.5023953881842962
3220,0,0.5000867685277042
3221,0,0.5011370321389083
3222,0,0.5003931090525731
3223,0,0.5010723434842911
3224,0,0.5004902892513627
3225,0,0.5004726299267542
3226,0,0.5003136754450151
3227,0,0.5001860667503782
3228,0,0.5001507862614727
3229,0,0.5006774942426693
3230,0,0.5001308116481126
3231,0,0.5022535097867517
3232,0,0.50688896849963
3233,0,0.5001392045841363
3234,0,0.5334217370425957
3235,0,0.5024112361233031
3236,0,0.5102833757881368
3237,0,0.5003474968494085
3238,0,0.5001376925035188
3239,0,0.5004200953305722
3240,0,0.5001550242089604
3241,0,0.5000756256018787
3242,0,0.5003135927476743
3243,0,0.502233742771563
3244,0,0.5001351575993358
3245,0,0.5018888610242629
3246,0,0.5001533212073469
3247,0,0.5003670235385255
3248,0,0.502272637313111
3249,0,0.5001994697274517
3250,0,0.5000756256018787
3251,0,0.5007329214982961
3252,0,0.500226487930154
3253,0,0.5065601832073366
3254,0,0.5005932053414661
3255,0,0.5001952172905689
3256,0,0.5004803384463845
3257,0,0.5002352747565896
3258,0,0.5004180562456214
3259,0,0.5001420086428212
3260,0,0.5043594268844113
3261,0,0.5003386443262037
3262,0,0.5010482589426213
3263,0,0.5001577746031559
3264,0,0.5001449285693059
3265,0,0.5003573527411128
3266,0,0.503983407701981
3267,0,0.5001736458701076
3268,0,0.5004810828542712
3269,0,0.5002060177275732
3270,0,0.5003207302947082
3271,0,0.5001994539124476
3272,0,0.5007770847916506
3273,0,0.5001504887751872
3274,0,0.5096991261011676
3275,0,0.5007705435792608
3276,0,0.501098261347002
3277,0,0.5001202541455005
3278,0,0.500376628423149
3279,0,0.5001233765295912
3280,0,0.5000756256018787
3281,0,0.500299562815768
3282,0,0.5003826824938129
3283,0,0.500097233879505
3284,0,0.5000756256018787
3285,0,0.5003083984079972
3286,0,0.5012317235231148
3287,0,0.500252169951844
3288,0,0.5002212800812721
3289,0,0.5001550110023657
3290,0,0.500423413752179
3291,0,0.500235193634125
3292,0,0.5001685646036307
3293,0,0.5000844059421868
3294,0,0.5012521567284808
3295,0,0.5006175140884069
3296,0,0.5007359695316146
3297,0,0.5000862994196796
3298,0,0.5002687847912499
3299,0,0.5002086261707792
3300,0,0.5014417186931219
3301,0,0.5003515350039958
3302,0,0.5003645978699632
3303,0,0.5001823842115253
3304,0,0.5007827723777515
3305,0,0.5026510667237345
3306,0,0.5001456717817963
3307,0,0.5001159163269766
3308,0,0.5003805385841034
3309,0,0.5003482838046126
3310,0,0.5001798685188439
3311,0,0.5028381223530647
3312,0,0.5003701255205839
3313,0,0.5000756256018787
3314,0,0.5041640700731208
3315,0,0.5002380906616003
3316,0,0.509463571674313
3317,0,0.5011005532286869
3318,0,0.5004959384492191
3319,0,0.5001278267331221
3320,0,0.5001749152369684
3321,0,0.5037090564806321
3322,0,0.5044542692343809
3323,0,0.5004018473635594
3324,0,0.5003867231392303
3325,0,0.5002582008366583
3326,0,0.5026418705609247
3327,0,0.5002654028110348
3328,0,0.5010386731791916
3329,0,0.5006588323584791
3330,0,0.5001316867213521
3331,0,0.5025360943949291
3332,0,0.500654786995687
3333,0,0.5002160437277753
3334,0,0.5017728917788047
3335,0,0.5000857996943185
3336,0,0.5002454943342467
3337,0,0.5004458059548583
3338,0,0.5044746562380231
3339,0,0.5006501975026458
3340,0,0.5013706376501259
3341,0,0.5003067517807148
3342,0,0.5001071154297649
3343,0,0.5011945935273662
3344,0,0.5062448698393167
3345,0,0.5001172355529484
3346,0,0.5006377860706407
3347,0,0.5003857417098535
3348,0,0.5027229662839106
3349,0,0.5002580054707967
3350,0,0.5001095755317106
3351,0,0.5008135791593697
3352,0,0.500390632685594
3353,0,0.5003750044101866
3354,0,0.5000860176728468
3355,0,0.5001091468442034
3356,0,0.5014933143227738
3357,0,0.5000858705412077
3358,0,0.5006421751006904
3359,0,0.5002934190743523
3360,0,0.5005521471105253
3361,0,0.5000756256018787
3362,0,0.5001877390548485
3363,0,0.5005621521387256
3364,0,0.5001172355529484
3365,0,0.5002241370479925
3366,0,0.5005308953036814
3367,0,0.5004900651531882
3368,0,0.5006498931237486
3369,0,0.5037265864956195
3370,0,0.5010369985001817
3371,0,0.5005659210059676
3372,0,0.5003873778037733
3373,0,0.5007923456932544
3374,0,0.5000756256018787
3375,0,0.5006483329802965
3376,0,0.5001326082530045
3377,0,0.5008327293251333
3378,0,0.501435957731969
3379,0,0.5000979996669888
3380,0,0.5001159669409264
3381,0,0.5041606257041642
3382,0,0.5006769040069318
3383,0,0.5000756256018787
3384,0,0.5024646937402025
3385,0,0.5005645032972583
3386,0,0.5001346644999384
3387,0,0.5000973935974219
3388,0,0.5041620982240158
3389,0,0.502576050133896
3390,0,0.5002601730437056
3391,0,0.5019951527948363
3392,0,0.5002870654681637
3393,0,0.5001627573353902
3394,0,0.500116985966151
3395,0,0.5002317044148472
3396,0,0.5006883742804566
3397,0,0.5022340462137874
3398,0,0.5003414973942891
3399,0,0.500101121773485
3400,0,0.5009869484596614
3401,0,0.5003088583285197
3402,0,0.5001485510778866
3403,0,0.5001793092171225
3404,0,0.5001624294224807
3405,0,0.5006188234063669
3406,0,0.5031202494155297
3407,0,0.5004499120997778
3408,0,0.5001521453021013
3409,0,0.5033606008919096
3410,0,0.5003399676426584
3411,0,0.5001463951491487
3412,0,0.5002335503380151
3413,0,0.5004086250481715
3414,0,0.500237699555243
3415,0,0.5014043307354997
3416,0,0.5022105713836358
3417,0,0.5004914651978112
3418,0,0.5009477291750534
3419,0,0.5004569312705643
3420,0,0.5001216876686512
3421,0,0.5002144419468576
3422,0,0.5005802027344661
3423,0,0.50078907815497
3424,0,0.5001733643140133
3425,0,0.5004246082995748
3426,0,0.500231550347877
3427,0,0.5001973520708126
3428,0,0.5001454998502598
3429,0,0.5006271685984918
3430,0,0.5001453434814451
3431,0,0.5018371805653519
3432,0,0.5004470036237347
3433,0,0.5011092856512875
3434,0,0.5003460433851391
3435,0,0.5001782419562872
3436,0,0.5001272996323223
3437,0,0.501436354066414
3438,0,0.5012897808962522
3439,0,0.5003539091892307
3440,0,0.5006109993034172
3442,0,0.5000756256018787
3443,0,0.5001567262137626
3444,0,0.5017650889604428
3445,0,0.5001011436637243
3446,0,0.5001950350720696
3448,0,0.5007094618301062
3450,0,0.5000756256018787
3451,0,0.5007947988060708
3452,0,0.5001773890599119
3453,0,0.5000756256018787
3454,0,0.5006215874206127
3455,0,0.5001560835033102
3456,0,0.500372053203192
3457,0,0.5010468751818027
3458,0,0.5004398710544604
3459,0,0.5003831091134243
3460,0,0.5025526832297755
3461,0,0.5027877649836363
3462,0,0.5077895957818538
3463,0,0.5005793683978713
3464,0,0.5001855219483919
3465,0,0.5019790807457426
3466,0,0.5007901990176215
3467,0,0.5012137117242469
3468,0,0.5000885379000373
3469,0,0.5016924666250128
3470,0,0.50012462781195
3471,0,0.500344168844296
3472,0,0.502526094450334
3473,0,0.5072455018780164
3474,0,0.5010957248453561
3475,0,0.500114448235198
3476,0,0.5001399565872932
3477,0,0.5009722178069486
3479,0,0.5001002006546267
3480,0,0.5112379247336781
3481,0,0.5012990310237445
3482,0,0.5000854685427469
3483,0,0.5018787837015659
3484,0,0.5009354915315941
3485,0,0.5006715072366792
3486,0,0.5001963321044703
3487,0,0.5007291869282093
3488,0,0.5003806462155749
3489,0,0.5005658829595463
3490,0,0.5004814280111308
3491,0,0.5029206681697688
3492,0,0.5021276801608946
3493,0,0.5004039060593359
3494,0,0.500116818738522
3495,0,0.5001749247087371
3496,0,0.5016723584730438
3497,0,0.5001505187430103
3498,0,0.5001860012708593
3499,0,0.5001141780373324
3500,0,0.5013464398056386
3501,0,0.5001296300331501
3502,0,0.5061087276901738
3503,0,0.5009460676603923
3504,0,0.5001119880002768
3505,0,0.5010340291082256
3506,0,0.5002145490250469
3508,0,0.5029405410283863
3509,0,0.5001010654435464
3510,0,0.5004593017632656
3511,0,0.5007721714919493
3512,0,0.5001713484929542
3513,0,0.5006753563714659
3514,0,0.5001367434055861
3515,0,0.5001512606053453
3516,0,0.500663463042553
3517,0,0.5001656005013382
3518,0,0.5000756256018787
3519,0,0.5007327072697496
3520,0,0.5010973589901507
3521,0,0.5001299509229952
3522,0,0.5026400978062658
3523,0,0.5012115533913682
3524,0,0.5003819231343892
3526,0,0.5022753459153387
3527,0,0.5009460835902972
3528,0,0.5003631439569073
3529,0,0.5003757491738229
3530,0,0.5013080267589527
3531,0,0.5006972422382396
3532,0,0.5001816236580389
3533,0,0.5025223471614843
3534,0,0.5000756256018787
3536,0,0.5000967836690051
3537,0,0.5005581255041284
3538,0,0.5081883664880564
3539,0,0.5122890605931245
3540,0,0.500127473696142
3541,0,0.5010170398277788
3542,0,0.5315733257307435
3543,0,0.500152038803402
3544,0,0.5015292476400413
3545,0,0.5011219908770177
3546,0,0.5013563594269885
3547,0,0.5008059246884913
3548,0,0.5001135199163875
3549,0,0.5017711808859184
3550,0,0.5005048224251406
3551,0,0.5016909711382832
3552,0,0.5007002478464516
3553,0,0.5025002902627195
3554,0,0.5003311913518662
3555,0,0.5004512911803083
3556,0,0.5002635608761941
3557,0,0.5016470057041552
3558,0,0.5006957725491507
3559,0,0.5380987445780908
3560,0,0.5019462523161338
3561,0,0.5010769420600873
3562,0,0.5022344543193134
3563,0,0.5003355275600582
3564,0,0.500209094281503
3565,0,0.5001329698456835
3566,0,0.5021975135431431
3567,0,0.5002279670073768
3568,0,0.502300731375305
3569,0,0.5006967670541446
3570,0,0.5211166923140313
3571,0,0.5001630216733929
3572,0,0.5010859576591188
3573,0,0.5011847039133355
3574,0,0.5000756256018787
3575,0,0.5001041707382428
3576,0,0.5021110641338565
3577,0,0.5004667828885739
3578,0,0.5002108405780891
3579,0,0.502541765496444
3580,0,0.5001359359646609
3581,0,0.5077436459995696
3582,0,0.5003285686516976
3583,0,0.5042133201351813
3584,0,0.5038692285579758
3585,0,0.5033285930293383
3586,0,0.5073069089224258
3587,0,0.5006692515181099
3588,0,0.5004708711627844
3589,0,0.5059000909706806
3590,0,0.5001904030671444
3592,0,0.5006832987552758
3593,0,0.5005243112341542
3594,0,0.5004827557710678
3595,0,0.5000756256018787
3596,0,0.5002567849232881
3597,0,0.5001431000247116
3598,0,0.5000987008982153
3599,0,0.5008185724398093
3600,0,0.5006125896290939
3601,0,0.5000756256018787
3602,0,0.5000885495724867
3603,0,0.5003237139967568
3604,0,0.5001624022242742
3605,0,0.5003374795272053
3607,0,0.50008625109117
3608,0,0.5002852428721625
3609,0,0.5005906511807103
3610,0,0.5002209211730809
3611,0,0.5001023528716051
3612,0,0.5010543678527184
3613,0,0.5001467855837323
3614,0,0.5065369737828702
3616,0,0.5003207242753905
3617,0,0.5008991456261725
3618,0,0.5005387492342008
3619,0,0.5054972692503865
3620,0,0.500769508482402
3621,0,0.5001013767846322
3622,0,0.5002378386925118
3623,0,0.5003151226837688
3624,0,0.5000860208285539
3625,0,0.500283277143643
3626,0,0.5005166316770328
3627,0,0.5001074086020502
3628,0,0.5002548490340573
3629,0,0.5000756256018787
3630,0,0.5000994443075767
3631,0,0.500086044092107
3632,0,0.5006912190528542
3633,0,0.5003667753930225
3634,0,0.5009426688516361
3635,0,0.5029081989364654
3636,0,0.5026306837325079
3637,0,0.5017815127117043
3638,0,0.5014090919682187
3639,0,0.50517793490279
3640,0,0.5000907143982533
3641,0,0.5014315537517224
3642,0,0.5023820147560784
3643,0,0.5051070924108984
3644,0,0.5002017115651054
3645,0,0.500319347335654
3646,0,0.5006989141952505
3647,0,0.5010835052656205
3648,0,0.5159203862207445
3649,0,0.5065563292757487
3650,0,0.5010332937439892
3651,0,0.5006733799441987
3652,0,0.5001013767846322
3653,0,0.5003427216129881
3654,0,0.5014770893713052
3655,0,0.5124954314716782
3656,0,0.5001983012536881
3657,0,0.5000756256018787
3658,0,0.5009545274686056
3659,0,0.5001847733342542
3660,0,0.5005394270482113
3661,0,0.5000848608885737
3662,0,0.5001005754488596
3663,0,0.5003974406069311
3664,0,0.5037661343161514
3665,0,0.5063463862991002
3666,0,0.5024777287318682
3667,0,0.5000756256018787
3668,0,0.5004824953274313
3669,0,0.5000850555017762
3670,0,0.5002225492479089
3671,0,0.500096754008049
3672,0,0.5001098028128534
3673,0,0.5021157288660365
3674,0,0.5013093264416104
3675,0,0.5167342880638519
3676,0,0.5001273115513479
3677,0,0.5000965893112906
3678,0,0.5018083153734886
3679,0,0.5063036483813441
3680,0,0.5020779324821534
3681,0,0.5001682626353303
3682,0,0.5005938474330406
3683,0,0.5008861403014577
3684,0,0.500436519139414
3685,0,0.5003973418348017
3686,0,0.5009189123829016
3687,0,0.506521400656787
3688,0,0.5015011525400124
3689,0,0.5001358134738847
3690,0,0.500334891905035
3691,0,0.5001178391993495
3692,0,0.5019343544125301
3693,0,0.5000951576714185
3694,0,0.5020037134227306
3695,0,0.5000970590164432
3696,0,0.5000756256018787
3698,0,0.5007184097150464
3699,0,0.5008384539565557
3700,0,0.502639906905276
3701,0,0.5001777272145462
3702,0,0.5009144898157832
3703,0,0.5003205101771534
3704,0,0.500302214535445
3705,0,0.5091807662407712
3706,0,0.5002243363612271
3708,0,0.5001163267387186
3709,0,0.5009344951055495
3710,0,0.5009757751488292
3711,0,0.5001230314675353
3712,0,0.5000851479689806
3713,0,0.5020288222937794
3714,0,0.5003526767787739
3715,0,0.500785286958663
3716,0,0.5005985693806615
3717,0,0.5000756256018787
3718,0,0.5000756256018787
3719,0,0.5002160437277753
3720,0,0.5004586282581056
3721,0,0.5007369169437662
3722,0,0.5049212053445802
3723,0,0.5004427388341581
3724,0,0.5002065233740292
3725,0,0.5002009580501109
3726,0,0.5002912688406929
3727,0,0.500100203223052
3728,0,0.5006968752704805
3729,0,0.501133918831707
3730,0,0.5001164482680592
3731,0,0.5007905437503067
3732,0,0.5010797808643801
3733,0,0.5000756256018787
3734,0,0.5005147460618293
3735,0,0.5002047734137266
3736,0,0.5025027117048685
3737,0,0.501148384498436
3738,0,0.5002440281570509
3739,0,0.5001945869372018
3740,0,0.5002207352769904
3741,0,0.5009418132746221
3742,0,0.5003965130239177
3743,0,0.5002171319225103
3744,0,0.5002489746768148
3745,0,0.5002940917651063
3746,0,0.5005542855497123
3747,0,0.501238630312556
3748,0,0.500116818738522
3749,0,0.5005289775622486
3750,0,0.5001002475998036
3751,0,0.5005936875954842
3753,0,0.500491492231002
3754,0,0.5002080540083435
3755,0,0.5013685331760995
3756,0,0.5007907119066694
3757,0,0.5007294047667201
3758,0,0.5008443724774823
3759,0,0.5011101608716758
3760,0,0.5009673111133878
3761,0,0.5004179904594952
3762,0,0.5001272220801715
3763,0,0.5004182185943754
3764,0,0.5005570104167701
3765,0,0.5000756256018787
3766,0,0.5006176296941637
3767,0,0.5204360872893841
3768,0,0.5002355480973789
3769,0,0.5007466546689199
3770,0,0.5009641625578519
3771,0,0.5039021042564247
3772,0,0.5002531758748724
3773,0,0.500275273561746
3774,0,0.5019550081095749
3775,0,0.5004238981910439
3776,0,0.500343300198527
3777,0,0.5005495778076499
3778,0,0.5001772467371695
3779,0,0.5002875397735714
3780,0,0.5000970576626046
3781,0,0.5005288976950695
3782,0,0.5003063630154876
3783,0,0.5084790715883983
3784,0,0.5011491333861855
3785,0,0.5012628176678351
3786,0,0.5001987935081077
3787,0,0.5012491438556892
3788,0,0.5003417227373785
3789,0,0.500116818738522
3790,0,0.5001529299945706
3791,0,0.5008447766563937
3792,0,0.5000974522713734
3793,0,0.500126604635949
3794,0,0.5004504760686952
3795,0,0.5037935055053638
3796,0,0.5003741866419477
3797,0,0.5000920091514179
3798,0,0.5005929989475596
3799,0,0.5001240418992623
3800,0,0.5003359531894412
3801,0,0.5000756256018787
3802,0,0.5004116584095062
3803,0,0.5003655206885221
3804,0,0.5001076557679301
3805,0,0.5000756256018787
3806,0,0.5021771010901406
3807,0,0.5001421296541622
3808,0,0.5000756256018787
3809,0,0.5002157466940169
3810,0,0.5007965546991107
3811,0,0.5113455073724882
3812,0,0.5005773896671781
3813,0,0.5000756256018787
3814,0,0.5000756256018787
3815,0,0.500296958374684
3816,0,0.5076197005699461
3817,0,0.5001847445705098
3818,0,0.5002170648135664
3819,0,0.5008603032918073
3820,0,0.5001258649810969
3821,0,0.5000756256018787
3822,0,0.5001710244773394
3823,0,0.5027805945216735
3824,0,0.5001808035902074
3825,0,0.5032757652349635
3826,0,0.5013567887971906
3827,0,0.5003029502202171
3828,0,0.5000756256018787
3829,0,0.5005439958967846
3830,0,0.5004609683544176
3831,0,0.5004383562543692
3832,0,0.5022045751897996
3833,0,0.5002537894033522
3834,0,0.500657934965288
3835,0,0.5001455859532814
3836,0,0.5069038969767568
3837,0,0.5002037107515919
3838,0,0.5061133029249965
3839,0,0.5007596124619864
3840,0,0.5000907143982533
3841,0,0.5006516078606548
3842,0,0.5000756256018787
3843,0,0.5005797470940939
3844,0,0.5001918439370467
3845,0,0.5001685401021484
3846,0,0.5008148822685726
3847,0,0.5003277601442918
3848,0,0.5001641459638171
3849,0,0.5014743124493379
3850,0,0.5030953999905043
3851,0,0.5007108982381011
3852,0,0.5004233236964324
3853,0,0.5005639417851215
3854,0,0.5006766993144969
3855,0,0.5003321285263692
3856,0,0.5003543747797544
3858,0,0.5011842123091921
3859,0,0.5015363548245445
3860,0,0.5072024522036372
3861,0,0.5000756256018787
3862,0,0.5011137115191209
3863,0,0.5003240749889871
3864,0,0.5004252611192355
3865,0,0.5035544582735406
3866,0,0.5002934864132017
3867,0,0.5011933054780404
3868,0,0.5002735714052364
3869,0,0.5001089586081869
3870,0,0.5014967794301435
3871,0,0.5000756256018787
3872,0,0.5002894789839087
3873,0,0.5005874096009412
3874,0,0.5002042027532946
3875,0,0.502353987646609
3876,0,0.5001695939066978
3877,0,0.5003819967034635
3878,0,0.5001125830324638
3879,0,0.5001439317715365
3880,0,0.5002805233896271
3881,0,0.5001485752016318
3882,0,0.5016392869731154
3883,0,0.5005033104139808
3884,0,0.5001329698456835
3885,0,0.5002105835265711
3886,0,0.5001150792931058
3887,0,0.5007030059905476
3888,0,0.5002342878391212
3889,0,0.5000756256018787
3890,0,0.5113101645110704
3891,0,0.5017279900099775
3892,0,0.5013940918736435
3893,0,0.5022316509078051
3894,0,0.5034929265776954
3895,0,0.5041270265563513
3896,0,0.5012580431120994
3897,0,0.5025053622161421
3898,0,0.5001338894089812
3899,0,0.5009931534046018
3900,0,0.5002075252461415
3901,0,0.5062351617977867
3902,0,0.5034407925485316
3903,0,0.5001515024203483
3904,0,0.5001076895961567
3905,0,0.5001174842533095
3906,0,0.5018378651413957
3907,0,0.5003850046393528
3908,0,0.5002412697394631
3909,0,0.500091349957748
3910,0,0.5000756256018787
3911,0,0.5005729803995302
3912,0,0.5001907219640692
3913,0,0.5022086966245561
3915,0,0.5002630744695148
3916,0,0.5009680921627265
3917,0,0.5002488203566705
3918,0,0.5001904065629859
3919,0,0.5001930765060271
3920,0,0.5002295910270594
3921,0,0.5027503452317027
3922,0,0.5004130171760528
3923,0,0.5008261210561782
3924,0,0.5016976352182578
3925,0,0.5012055759383417
3926,0,0.5005955121877748
3927,0,0.5011356114086971
3928,0,0.5040176587424682
3929,0,0.5000996221964643
3930,0,0.5002253930529221
3931,0,0.5009553211617843
3932,0,0.500408805845056
3933,0,0.5026037638693274
3934,0,0.5000756256018787
3935,0,0.5006905574772276
3936,0,0.5006979952651619
3937,0,0.5001068411599853
3938,0,0.5005422006326431
3939,0,0.5001706049437684
3940,0,0.5014435308656205
3941,0,0.5003294679988329
3942,0,0.5004913575299558
3943,0,0.5001580632789606
3944,0,0.5002732160080426
3945,0,0.5004193267889264
3946,0,0.5001577746031559
3947,0,0.500368186173499
3948,0,0.5001564266747792
3949,0,0.5012638206895107
3950,0,0.5019443831763994
3951,0,0.5002768552283405
3952,0,0.5002614896880591
3953,0,0.5009792166460547
3954,0,0.5001440241762907
3955,0,0.5008200632011892
3956,0,0.5001765877058906
3957,0,0.5001735076252257
3958,0,0.5003646132663124
3959,0,0.500129464785306
3960,0,0.500386354650915
3961,0,0.5047391509282277
3962,0,0.5003757436821197
3963,0,0.500748153375434
3964,0,0.5002140852846145
3965,0,0.5005094532696588
3966,0,0.5005586353502735
3967,0,0.502481191488092
3968,0,0.5045414332078221
3969,0,0.5001049988113504
3970,0,0.5007816107318378
3971,0,0.5011158226022051
3972,0,0.5010414435497057
3973,0,0.5004340992907118
3974,0,0.5078936284152374
3976,0,0.5001828392842131
3978,0,0.5002774346512582
3979,0,0.5011970127263514
3980,0,0.5005092296293668
3981,0,0.5003205227091351
3982,0,0.5005636597760815
3983,0,0.5003151003234788
3984,0,0.5013323732747129
3985,0,0.5001113065216527
3986,0,0.5009722154046096
3987,0,0.5004843705773652
3989,0,0.5112698974479837
3990,0,0.5000756256018787
3991,0,0.5128214966285936
3992,0,0.5001104621523814
3993,0,0.5002201030632953
3994,0,0.5012643946111256
3995,0,0.5010536133867133
3996,0,0.5003566969036221
3997,0,0.5000756256018787
3998,0,0.5000950359160465
3999,0,0.5039652502315224
4000,0,0.5007166226450864
4001,0,0.5012151201521486
4002,0,0.5003998416148108
4003,0,0.5030319963376229
4004,0,0.5003355364772333
4005,0,0.502651258426344
4006,0,0.5001322934695216
4007,0,0.500165538123968
4008,0,0.5020065858578908
4009,0,0.5004743551516934
4010,0,0.5001768658465522
4011,0,0.5001898695770635
4012,0,0.5011682404620709
4013,0,0.504280254115355
4014,0,0.5016551743729737
4015,0,0.5012197465886808
4016,0,0.500467577860708
4017,0,0.5004709676090513
4018,0,0.5002106637319292
4019,0,0.5000987690107794
4020,0,0.5002108189057334
4021,0,0.5001640410012882
4022,0,0.5013756047708945
4023,0,0.5003650493920262
4024,0,0.5003308989203562
4025,0,0.5001642019427026
4026,0,0.5001083693476255
4027,0,0.5002450529778686
4028,0,0.5007672551406745
4029,0,0.5003043526454917
4030,0,0.502039645257248
4031,0,0.5004247030440793
4032,0,0.5012469295528509
4033,0,0.505513451045101
4034,0,0.5025011504859372
4035,0,0.500145225679673
4036,0,0.5022201953522011
4037,0,0.5076310872107138
4038,0,0.5022715356734644
4039,0,0.5015317052876361
4040,0,0.5023562393252374
4041,0,0.6161662865233981
4042,0,0.5006986946253896
4043,0,0.5047191709873934
4044,0,0.5018168418703874
4045,0,0.500137397059198
4046,0,0.5059525648060401
4047,0,0.5000857923684225
4048,0,0.5001872651412883
4049,0,0.5001159669409264
4050,0,0.5000845111800847
4051,0,0.5001943843238498
4052,0,0.5002077987679902
4053,0,0.5009947528682818
4054,0,0.5004394113368268
4055,0,0.5001433250367909
4056,0,0.5258772745506157
4057,0,0.5001614410388565
4058,0,0.5001607089408535
4059,0,0.5002365985585687
4060,0,0.5008216435522994
4061,0,0.5006373340896048
4062,0,0.5008280354318414
4063,0,0.5127574669346202
4064,0,0.5002797459134817
4065,0,0.5001574770247276
4066,0,0.5002088828421642
4067,0,0.5012214677063324
4068,0,0.5001410989588987
4069,0,0.5000867053021725
4070,0,0.5007923424057793
4071,0,0.5005539629345205
4072,0,0.5038992233198623
4073,0,0.5009605219879737
4074,0,0.500303284150203
4075,0,0.5001588048127403
4076,0,0.5005097873326706
4077,0,0.5011758860557196
4078,0,0.5000903481773453
4079,0,0.5005057070559378
4080,0,0.5032598824561912
4081,0,0.5002220281917691
4082,0,0.5000966398742062
4083,0,0.500850185172261
4084,0,0.5000756256018787
4085,0,0.5001332267115911
4086,0,0.5001947044214962
4087,0,0.5002365685639153
4088,0,0.5033477336522424
4089,0,0.5029166493366747
4090,0,0.5000756256018787
4091,0,0.5000972583968165
4093,0,0.5001092113287727
4094,0,0.5017804259779841
4095,0,0.5001729709458134
4096,0,0.5016632342680403
4097,0,0.5015480556275194
4098,0,0.5001424096795988
4099,0,0.5001675795783358
4100,0,0.5006468698645413
4101,0,0.5001686371208018
4102,0,0.5005486127787201
4103,0,0.5001190229893122
4104,0,0.500211466091247
4105,0,0.5001184928569598
4106,0,0.5013996426188917
4107,0,0.5155652203998196
4108,0,0.5016696764206612
4109,0,0.5005636673581297
4110,0,0.5010863550695757
4111,0,0.501025634811993
4112,0,0.5000756256018787
4113,0,0.5006971549532516
4114,0,0.5000756256018787
4115,0,0.5009526338549578
4116,0,0.5001135960011625
4117,0,0.5002050846351663
4118,0,0.5000851327522723
4119,0,0.5010760704637
4120,0,0.500681220750423
4121,0,0.5034492487034053
4122,0,0.5003009222956498
4123,0,0.5000756256018787
4124,0,0.5018617167029645
4125,0,0.5003605613172476
4126,0,0.5005199433813063
4127,0,0.5005173961555316
4128,0,0.5012992835072735
4129,0,0.5001469159925349
4130,0,0.5000756256018787
4131,0,0.5001123953033981
4132,0,0.5000851434962997
4133,0,0.5013703856714167
4134,0,0.5003835365717846
4135,0,0.5024411312875521
4136,0,0.500372053203192
4137,0,0.5001943824920053
4138,0,0.5005161043938241
4139,0,0.500144379118958
4140,0,0.5002091016633107
4142,0,0.5005083507405983
4143,0,0.5015878974953594
4144,0,0.5002751413789016
4145,0,0.500563320419413
4146,0,0.5001778934081647
4147,0,0.5001114155407994
4148,0,0.5001957380202792
4149,0,0.5002849701654936
4150,0,0.5002414192704674
4151,0,0.5004396910854246
4152,0,0.501721165581412
4153,0,0.50080495608153
4154,0,0.500299264492164
4155,0,0.5007072856262889
4156,0,0.5001100242710982
4157,0,0.5021020593327062
4158,0,0.5000756256018787
4159,0,0.5001615446107375
4160,0,0.5001945869372018
4161,0,0.5025027940562363
4162,0,0.5002020288653678
4163,0,0.5004163135626452
4164,0,0.50043893806352
4165,0,0.5005983379852027
4166,0,0.5002940211886802
4167,0,0.5015073948166119
4168,0,0.5022826251790021
4169,0,0.5001865610425787
4170,0,0.5009314114688707
4171,0,0.5007118217196747
4172,0,0.5001358014321454
4173,0,0.5004595865715638
4174,0,0.5001350566316279
4175,0,0.5018702781699345
4176,0,0.5002538885062765
4177,0,0.502030489143162
4178,0,0.5007401064993461
4179,0,0.5002681872669931
4180,0,0.5073262202546274
4181,0,0.500376541017708
4182,0,0.5007255109180022
4183,0,0.5007797031192804
4184,0,0.5043095252786685
4185,0,0.5027546430896765
4186,0,0.5004286591588588
4187,0,0.5018723609132054
4188,0,0.5001463265943553
4189,0,0.5001352626710618
4190,0,0.5000756256018787
4191,0,0.5002468273042244
4192,0,0.5014848385446744
4193,0,0.5003059216926437
4194,0,0.5035927428332135
4195,0,0.5003159595322794
4196,0,0.5011276697515469
4197,0,0.5006905714794663
4198,0,0.5003029340692996
4199,0,0.5001432042270185
4200,0,0.5001669667680102
4201,0,0.5006564254722677
4202,0,0.5006026008888949
4203,0,0.5006734830639107
4204,0,0.5001377117728036
4205,0,0.533482427721698
4206,0,0.5002955469387937
4207,0,0.5016959380586528
4208,0,0.5005887627079433
4209,0,0.50095137567302
4210,0,0.5006572268316856
4211,0,0.5020321997102283
4212,0,0.5004987776648525
4213,0,0.5005000158643933
4214,0,0.5004673176874979
4215,0,0.5000756256018787
4216,0,0.5037413442447769
4217,0,0.5034858146404522
4218,0,0.5001363730765804
4219,0,0.5000756256018787
4220,0,0.5007589029272311
4221,0,0.5003389258393649
4222,0,0.5001709698184921
4223,0,0.5001608724085673
4224,0,0.5009544404470495
4225,0,0.5008135728786615
4226,0,0.5001108889143856
4227,0,0.500264293044665
4228,0,0.5009653246682112
4229,0,0.5004629518865434
4230,0,0.5002936163666131
4231,0,0.5002740466010334
4232,0,0.5005898565428164
4233,0,0.5039676684480809
4234,0,0.50137261632179
4235,0,0.5001597481770316
4236,0,0.5001728285278223
4237,0,0.5001996182147412
4238,0,0.500342645895833
4239,0,0.5007845707275013
4240,0,0.5005684689357479
4241,0,0.5008914155396648
4242,0,0.5000860143710325
4243,0,0.5005708912722558
4244,0,0.5007531455718529
4245,0,0.500944914485977
4246,0,0.5017404834488396
4247,0,0.5001314436187209
4248,0,0.5012132886385334
4249,0,0.5002017506464187
4250,0,0.5005918115969608
4251,0,0.5001806324921717
4252,0,0.5017302712904004
4253,0,0.5001013767846322
4254,0,0.5000849019945097
4255,0,0.5004344423621764
4256,0,0.5002011216441942
4257,0,0.5006703900514164
4258,0,0.5003190107548932
4259,0,0.5005056671857928
4260,0,0.5028006420625297
4261,0,0.5029422106087905
4262,0,0.5003069970653363
4263,0,0.5004966324385337
4264,0,0.5126841026539619
4265,0,0.5007580666093905
4266,0,0.5001008935781529
4267,0,0.5028327770846454
4268,0,0.5002412310629609
4269,0,0.5004701256623395
4270,0,0.5016620240483187
4271,0,0.5003014807966365
4272,0,0.5003329459059846
4273,0,0.5005649295802013
4274,0,0.5002450566445926
4275,0,0.5007000149903449
4276,0,0.5003765473341584
4277,0,0.5002781376673628
4278,0,0.5001361365971251
4279,0,0.5018591017482551
4280,0,0.500368222247908
4281,0,0.501544173464011
4282,0,0.5002114110526802
4283,0,0.5002212693179431
4284,0,0.5000756256018787
4285,0,0.5014032868592617
4286,0,0.5032433276212291
4287,0,0.5003333537843269
4288,0,0.5012697923452393
4289,0,0.5006412530191164
4291,0,0.5002554060195852
4292,0,0.5010281227047452
4293,0,0.5048974218342218
4294,0,0.5004081831406616
4295,0,0.5000756256018787
4296,0,0.5009552492978561
4297,0,0.5003217937559621
4298,0,0.5005309100425424
4299,0,0.500123376790952
4300,0,0.5001088574378111
4301,0,0.5002197955532841
4302,0,0.5006104841185193
4303,0,0.5013393629402322
4304,0,0.503946632365673
4305,0,0.5022488233832823
4306,0,0.5007963185160129
4307,0,0.500423127035222
4308,0,0.5026615093015281
4309,0,0.5001351359700291
4310,0,0.5007535350626338
4311,0,0.5111407682798663
4312,0,0.5009884602622816
4313,0,0.5005218770089019
4314,0,0.5001015892411084
4315,0,0.5005170654496762
4316,0,0.5004245443172822
4317,0,0.5064805296669829
4318,0,0.5000865675705624
4319,0,0.5006993872216257
4320,0,0.5003248142682781
4321,0,0.504283383044246
4323,0,0.5000756256018787
4324,0,0.5036497352214523
4326,0,0.5001736885499992
4327,0,0.5002252322605982
4328,0,0.5000756256018787
4329,0,0.5013293266835518
4330,0,0.5004634738694016
4331,0,0.5008429195473246
4332,0,0.5014942895658395
4333,0,0.5002916938472073
4334,0,0.5002151563673439
4335,0,0.5016018338714957
4336,0,0.5010295866622618
4337,0,0.5001189274002786
4338,0,0.5001089830350187
4339,0,0.500482961415696
4340,0,0.5001441772441221
4341,0,0.5001100425276053
4342,0,0.5027677557013459
4343,0,0.5205079424776307
4344,0,0.5003832978171154
4345,0,0.500433208510625
4346,0,0.5115066348752104
4347,0,0.5002071479081032
4348,0,0.5003265588009518
4349,0,0.5001509035179538
4350,0,0.5005544165132528
4351,0,0.5000756256018787
4352,0,0.5000990987094713
4353,0,0.5000756256018787
4354,0,0.5008286109652601
4355,0,0.500505475629925
4356,0,0.5005695515817861
4357,0,0.5003662045693285
4358,0,0.5011106845333618
4359,0,0.5012033869958689
4360,0,0.5012705967595285
4361,0,0.5003086750909449
4362,0,0.5009111712903404
4363,0,0.5156718731622912
4364,0,0.5001591010855035
4365,0,0.5000859453789459
4366,0,0.5051819265453749
4367,0,0.5009831382701255
4368,0,0.5001774721346319
4369,0,0.5065850982599835
4370,0,0.5003377478693192
4371,0,0.5016095072132383
4372,0,0.5004421469466696
4373,0,0.5002178594111141
4374,0,0.5197619775578106
4375,0,0.5002940019571233
4376,0,0.5016909110778873
4377,0,0.5002077137212796
4378,0,0.5007340041668377
4379,0,0.5036709374979813
4380,0,0.5005274259796445
4381,0,0.5000969357040874
4382,0,0.5004485862604473
4383,0,0.5001499182233891
4384,0,0.5001817086064076
4385,0,0.5005441885009356
4386,0,0.5046282544877119
4387,0,0.5000756256018787
4388,0,0.5066888209874387
4389,0,0.5030053864263321
4390,0,0.5019618137645274
4391,0,0.5034896671857411
4392,0,0.5010332690638786
4393,0,0.5002102443130824
4394,0,0.5005109684509009
4395,0,0.5001490419624849
4396,0,0.5007366790892449
4397,0,0.5088505553315732
4398,0,0.5013639599887627
4399,0,0.5005745683155278
4400,0,0.5000867472393683
4401,0,0.5007086016610135
4402,0,0.5000913393675874
4403,0,0.5000857806501947
4404,0,0.5002261146549662
4405,0,0.5001734156309157
4406,0,0.5003056604593649
4407,0,0.500588851720652
4408,0,0.500166672376942
4409,0,0.5001451028829875
4410,0,0.5009033610859863
4411,0,0.5001719390297985
4412,0,0.5003730020149713
4413,0,0.5030722108270446
4414,0,0.5005780828239971
4415,0,0.501334915073739
4416,0,0.5006945733619445
4417,0,0.500200348434064
4418,0,0.5001390129421751
4419,0,0.501100138972337
4420,0,0.5004276477816204
4421,0,0.5000857768832276
4422,0,0.5234009157198682
4423,0,0.5155928938442225
4424,0,0.5002180384529107
4425,0,0.5018136507377529
4426,0,0.5003763328465921
4427,0,0.5020639042663816
4428,0,0.5001588163023984
4429,0,0.5023570024371767
4430,0,0.5002188537854769
4431,0,0.5003155246219398
4432,0,0.50034290315438
4433,0,0.5004027455714377
4434,0,0.5012536920769136
4435,0,0.5007252727905679
4436,0,0.5051318354516149
4437,0,0.5001116571277071
4438,0,0.5003014235896045
4439,0,0.5005359536384186
4440,0,0.5006951060518823
4441,0,0.5003539069672078
4442,0,0.5039580277035338
4443,0,0.5000756256018787
4444,0,0.5001451671644512
4445,0,0.5004013024403653
4446,0,0.5002226271073257
4447,0,0.5005188352601475
4448,0,0.5017551911803239
4449,0,0.5122491920565712
4450,0,0.500410709499423
4451,0,0.5002296919260674
4452,0,0.5003603051052897
4453,0,0.5000756256018787
4454,0,0.5000756256018787
4455,0,0.5018022413283028
4456,0,0.5021524139574071
4457,0,0.5001453759015114
4458,0,0.5018879861856862
4459,0,0.5018196477280544
4460,0,0.5003353155000485
4461,0,0.5002654801421079
4462,0,0.5012767133685404
4464,0,0.5001551136231126
4465,0,0.5006234067420949
4466,0,0.5004923834226508
4467,0,0.5067660453137532
4468,0,0.5006182326815737
4469,0,0.5001638751476316
4470,0,0.500109625204361
4471,0,0.5024627131657258
4472,0,0.5004471126263526
4473,0,0.5001594973307323
4474,0,0.500333881141416
4475,0,0.5006059081164035
4476,0,0.5001310664232832
4477,0,0.5004358279533272
4478,0,0.5002210826990597
4479,0,0.5001217243951585
4480,0,0.5001240418992623
4481,0,0.5002481000584507
4482,0,0.5257336009947099
4483,0,0.5002511090108572
4484,0,0.5002005610631979
4485,0,0.5001321518506292
4486,0,0.5018430178929534
4487,0,0.5011539140297508
4488,0,0.5409793396361158
4489,0,0.500432326637176
4490,0,0.5001272220801715
4491,0,0.5017437196877058
4492,0,0.5001031585468652
4493,0,0.5001827689785777
4494,0,0.50008774669174
4495,0,0.5000885742382842
4496,0,0.5001763556559874
4497,0,0.5000854282837206
4498,0,0.5001402307581041
4499,0,0.508838944581966
4500,0,0.5001170501286252
4501,0,0.5002564831095654
4502,0,0.5002773095264249
4503,0,0.5048950217408107
4504,0,0.5002335080938298
4505,0,0.5017588377295118
4506,0,0.5001537400061313
4507,0,0.5002137794194265
4508,0,0.5002181395723803
4509,0,0.5008506589445018
4510,0,0.5001142174441938
4511,0,0.5002930573662134
4512,0,0.5007458876303802
4513,0,0.5002706873372703
4514,0,0.5002066607028469
4515,0,0.5001812244126703
4516,0,0.5003015536903229
4517,0,0.5001985476179552
4518,0,0.5018791491364715
4519,0,0.5005624402016055
4520,0,0.500139206976399
4521,0,0.501363376962914
4522,0,0.5004688159173352
4523,0,0.5005482022802396
4524,0,0.5000974850114277
4525,0,0.5005357378084122
4526,0,0.5003136822956503
4527,0,0.5004403166709998
4528,0,0.507060323545784
4529,0,0.5003502948707391
4530,0,0.5002011216441942
4531,0,0.5002626420440318
4532,0,0.5007186234269381
4533,0,0.5012050007544816
4534,0,0.5000756256018787
4535,0,0.5001444653034127
4536,0,0.5001933125241929
4537,0,0.5004398896399436
4538,0,0.5001964058470951
4539,0,0.5026943306935565
4540,0,0.5003282653152478
4541,0,0.5022816921282006
4542,0,0.5006604667544191
4543,0,0.5000970127514828
4544,0,0.5003716247797042
4545,0,0.513349038666094
4546,0,0.5013123990450349
4547,0,0.5015925880774555
4548,0,0.5003127651810154
4549,0,0.5000979435546692
4550,0,0.5085731074118898
4551,0,0.5201511281822035
4552,0,0.5001211488069118
4553,0,0.5043078994546775
4554,0,0.5001307231234874
4555,0,0.5001076557679301
4556,0,0.501084632978196
4557,0,0.5000970539991533
4558,0,0.5006725074307388
4559,0,0.5012703849524093
4560,0,0.5003822070614444
4561,0,0.5000997935913101
4562,0,0.5003010064094666
4563,0,0.5031799730714399
4564,0,0.5000868052916172
4565,0,0.5012772062981669
4566,0,0.5058899989069141
4568,0,0.5001911827531647
4569,0,0.500130130571436
4570,0,0.5004029995659529
4571,0,0.50069726450234
4572,0,0.5012564686435429
4573,0,0.5007684376575172
4574,0,0.5001503841446127
4575,0,0.5012940645336982
4576,0,0.5022293161440522
4577,0,0.5005291819740841
4578,0,0.5010906354568236
4579,0,0.5001631734823636
4580,0,0.502194071608028
4581,0,0.5000756256018787
4582,0,0.5003979153898804
4583,0,0.5003341573588512
4584,0,0.500270467062382
4585,0,0.5001631648942232
4586,0,0.5001782419562872
4587,0,0.5003663370285892
4588,0,0.50033634212564
4589,0,0.5011239644053336
4590,0,0.5003252244386094
4591,0,0.5008547459358137
4592,0,0.5003506759221943
4593,0,0.5032429862284475
4594,0,0.5002394910773681
4595,0,0.5002540451325366
4596,0,0.5018823978234572
4597,0,0.5002267510306033
4598,0,0.5003834928174048
4599,0,0.5009857075402215
4600,0,0.500142405486413
4601,0,0.5004227660719855
4602,0,0.5012836584778383
4603,0,0.5006526101551602
4604,0,0.5003624975531563
4605,0,0.500357729026769
4606,0,0.5011831588702167
4607,0,0.5005104591762891
4608,0,0.5004609699715458
4609,0,0.5002504385044328
4610,0,0.5002052004783804
4611,0,0.500301411026606
4612,0,0.5082334787813638
4613,0,0.5006978671216462
4614,0,0.5001356800852562
4615,0,0.5002961665489175
4616,0,0.501005506812315
4617,0,0.5007729863046702
4618,0,0.5005198765384633
4619,0,0.500632561786022
4620,0,0.5003479350633253
4621,0,0.5026599185544137
4622,0,0.5002017929871856
4623,0,0.5018113513890833
4624,0,0.5030798956946038
4625,0,0.5001819193139873
4626,0,0.5000857992195734
4627,0,0.5108151869575454
4628,0,0.5001354316088994
4629,0,0.5003240798622732
4630,0,0.500678047353666
4631,0,0.5020421777624127
4632,0,0.5000756256018787
4633,0,0.5004561157309239
4634,0,0.5001695285394459
4635,0,0.50023462248045
4636,0,0.5020802626409583
4637,0,0.5001363252473432
4638,0,0.5001157529870902
4639,0,0.5004766275603597
4640,0,0.5000756256018787
4641,0,0.500534613312591
4642,0,0.504820543656545
4643,0,0.5376576542506851
4644,0,0.5041723371215995
4645,0,0.5008784460593197
4646,0,0.5012418071772258
4647,0,0.5000756256018787
4648,0,0.5012277999611606
4649,0,0.5001300240706495
4650,0,0.501332320142615
4651,0,0.506549131614946
4652,0,0.5010614488352741
4653,0,0.5000756256018787
4654,0,0.5004272995216716
4655,0,0.500112730975322
4656,0,0.5001772467371695
4657,0,0.5012266781616443
4658,0,0.5005347379236101
4659,0,0.5001395498020059
4660,0,0.5000863060350151
4661,0,0.5004525987761131
4662,0,0.5017402643403579
4663,0,0.5005789764605921
4664,0,0.5040890776279537
4665,0,0.5002751324563002
4666,0,0.5017341888523513
4667,0,0.50034248718267
4668,0,0.5003589671824359
4669,0,0.5071131110377481
4670,0,0.5004020449914325
4671,0,0.5002632463764659
4672,0,0.5001026661236435
4673,0,0.5088526555749844
4674,0,0.5017095589549898
4675,0,0.5001192176565815
4676,0,0.5039032781761804
4677,0,0.5016648564590319
4678,0,0.5011180257971007
4679,0,0.505773354906246
4680,0,0.5007327685927584
4681,0,0.5021574450207135
4682,0,0.5112695092719971
4683,0,0.5002170751578979
4685,0,0.5001913190652687
4686,0,0.5010082111853217
4687,0,0.500115397515237
4688,0,0.5093422916196445
4689,0,0.5000948780101054
4690,0,0.500230542196725
4691,0,0.5006860584776214
4692,0,0.5011572784493882
4693,0,0.5007682387540846
4695,0,0.5010819575094048
4696,0,0.5006550323318121
4697,0,0.5017552892192957
4698,0,0.503786790406162
4699,0,0.5001662606906758
4700,0,0.5015789363529858
4701,0,0.5002314876549121
4702,0,0.5028583148680922
4703,0,0.5034977600405984
4704,0,0.5005654880159858
4705,0,0.5017775215471735
4706,0,0.5038790025723657
4707,0,0.501091607018886
4708,0,0.5103553536984836
4709,0,0.5006223693854958
4710,0,0.5001586075085589
4711,0,0.5016990823361718
4712,0,0.5000990071702567
4713,0,0.5011491943816636
4714,0,0.5000756256018787
4715,0,0.5000756256018787
4716,0,0.5003347043500969
4717,0,0.5005464079396903
4719,0,0.5002819332905197
4720,0,0.5009240945095101
4721,0,0.5001968182027868
4722,0,0.5000866128237218
4723,0,0.5001089508161244
4724,0,0.5002747750538938
4725,0,0.5004192354796129
4726,0,0.5002298203622082
4727,0,0.500302554807476
4728,0,0.500884226798433
4729,0,0.5006820731529049
4730,0,0.5001979213910451
4731,0,0.5007950603243146
4732,0,0.5006508829762997
4733,0,0.5000756256018787
4734,0,0.5015094464968857
4735,0,0.5000900995829067
4736,0,0.5001409999857376
4737,0,0.5021999881970254
4738,0,0.5002910999055356
4739,0,0.5001094463410084
4740,0,0.5001085721956163
4741,0,0.5002304671817533
4742,0,0.5002328101996382
4743,0,0.5017804272258326
4744,0,0.5006209713758214
4745,0,0.5000872350430813
4746,0,0.5008126811001491
4747,0,0.5001037952718387
4748,0,0.5004288885058188
4749,0,0.5002295660818373
4750,0,0.5002164697530768
4751,0,0.5000756256018787
4752,0,0.5008645684806154
4753,0,0.5001257167727436
4754,0,0.5002736871559695
4755,0,0.5031694896432918
4756,0,0.5005841594577602
4757,0,0.5019732462823426
4759,0,0.5007106286822838
4760,0,0.5003181768818917
4761,0,0.5006948967560643
4762,0,0.500158194178573
4763,0,0.5001005371932891
4764,0,0.5002996147856584
4765,0,0.5026176317982844
4766,0,0.5001586980337522
4767,0,0.5003750372806879
4768,0,0.5003908075672934
4769,0,0.5002693067333953
4770,0,0.5000844059421868
4771,0,0.5011741246597673
4772,0,0.5003344134100468
4773,0,0.5004484905683976
4774,0,0.5002179219955144
4775,0,0.501338021790418
4776,0,0.5026027756221213
4777,0,0.5003754896660603
4778,0,0.5013749407216767
4779,0,0.5009621555254852
4780,0,0.5028274604174789
4781,0,0.5002467410810535
4782,0,0.5000756256018787
4783,0,0.5007956890010739
4784,0,0.5021559937469543
4785,0,0.5013920841007354
4786,0,0.5002784913545767
4787,0,0.5018259819134733
4788,0,0.5003439885051042
4789,0,0.5062193572679793
4790,0,0.5020355558265572
4791,0,0.500086341300032
4792,0,0.5002959974485219
4793,0,0.5012834358941805
4794,0,0.5007619491096981
4795,0,0.5000854500634339
4796,0,0.5004849014244858
4797,0,0.5016313979691609
4798,0,0.5000756256018787
4799,0,0.500141913624424
4800,0,0.5001829483535413
4801,0,0.5030314762992676
4802,0,0.5001966361400166
4803,0,0.5001596769161831
4804,0,0.5001127526139258
4805,0,0.5001519679419657
4806,0,0.5010644221533662
4807,0,0.5000756256018787
4808,0,0.5015002726919424
4809,0,0.5011819836625703
4810,0,0.5003394978010021
4811,0,0.5002110822782161
4812,0,0.5004955036395791
4813,0,0.5007585598864635
4814,0,0.5000756256018787
4815,0,0.5001157122178966
4816,0,0.5000756256018787
4817,0,0.5042444038497932
4818,0,0.5004239531682717
4819,0,0.5027326620479339
4820,0,0.5001357313354874
4821,0,0.5005709587484084
4822,0,0.5001749894026541
4823,0,0.5003082026182323
4824,0,0.5006344498568103
4825,0,0.5006720118439699
4826,0,0.50054919421414
4827,0,0.5002275389911525
4828,0,0.5001147225916553
4829,0,0.5002859654519619
4830,0,0.500130896396979
4831,0,0.5001974969534062
4832,0,0.5004338461368202
4833,0,0.5001266708781026
4834,0,0.5229348222145479
4835,0,0.5309661120306858
4836,0,0.5005375086162324
4837,0,0.500283277143643
4838,0,0.5001954512548432
4839,0,0.5002092912292617
4840,0,0.50072215338631
4841,0,0.5016058666610692
4842,0,0.5010818399759162
4843,0,0.502209965946127
4844,0,0.5000756256018787
4845,0,0.5001710244773394
4847,0,0.5001169002953895
4848,0,0.5009016145920353
4849,0,0.5008423243566632
4850,0,0.5011497407175551
4851,0,0.5001589116286552
4852,0,0.5054626146619915
4853,0,0.5009509878379175
4854,0,0.5009585772553352
4855,0,0.5005839320361314
4856,0,0.5001996594820872
4857,0,0.5004057795296889
4858,0,0.500143882982774
4859,0,0.5000872013839356
4860,0,0.500812593728307
4861,0,0.5006143316343322
4862,0,0.5001300700946952
4863,0,0.5000756256018787
4864,0,0.5016859057400797
4865,0,0.5003734912920424
4866,0,0.5003124922837074
4867,0,0.5045950376915868
4868,0,0.5026828998047521
4869,0,0.5006275389528467
4870,0,0.5005970470636498
4871,0,0.5030246484106662
4872,0,0.5003521049115177
4873,0,0.5008233639573147
4874,0,0.5021912926843908
4875,0,0.5017836864121744
4876,0,0.5018677405350802
4877,0,0.5001029659025689
4878,0,0.5003039020230184
4879,0,0.5003056229630224
4880,0,0.5001673164212516
4881,0,0.5012509685140277
4882,0,0.5003427817661138
4883,0,0.500091257227004
4884,0,0.5018918708194247
4885,0,0.5010352925686902
4886,0,0.5006277424643275
4887,0,0.5018933635882246
4888,0,0.5002762003155581
4889,0,0.5005189484084942
4890,0,0.5026768791511718
4891,0,0.5003041607102022
4892,0,0.5005666374004395
4893,0,0.5001362106530327
4894,0,0.5055888828149507
4895,0,0.5000976713883337
4896,0,0.5010104322933365
4897,0,0.5033515939620808
4898,0,0.5020293067901267
4899,0,0.502335276242116
4900,0,0.5003705125266893
4901,0,0.5004379212722098
4902,0,0.5004340712322968
4903,0,0.5001647830316908
4904,0,0.5003238760842947
4905,0,0.5004188407791584
4906,0,0.5000756256018787
4907,0,0.500424304884572
4908,0,0.5000855915269513
4909,0,0.5007165719549423
4910,0,0.5007096876874548
4911,0,0.5015046472720721
4912,0,0.5001078002319338
4913,0,0.5007184222009194
4914,0,0.500894656065708
4915,0,0.5028221198290299
4916,0,0.5014574663387624
4917,0,0.5000756256018787
4918,0,0.5019382464180207
4919,0,0.500258857770972
4920,0,0.5001967242623232
4921,0,0.5003572133071236
4922,0,0.501693773941328
4923,0,0.5013216241493974
4924,0,0.5001490419624849
4925,0,0.5006678197037139
4926,0,0.501980501662842
4927,0,0.5001697069953832
4928,0,0.5013437883445344
4929,0,0.5006486488002044
4930,0,0.500887194578678
4931,0,0.5004755179361702
4932,0,0.5008665232619747
4933,0,0.5005462085647726
4934,0,0.5004007318659532
4935,0,0.5012947669726326
4936,0,0.5004793369370513
4937,0,0.500438180740537
4938,0,0.5011704074142788
4939,0,0.5013895706907163
4940,0,0.5001254834161792
4941,0,0.5002310038016063
4942,0,0.5000964961132129
4943,0,0.5001227270445604
4944,0,0.5004164479712631
4945,0,0.5008007906669656
4946,0,0.5005718089691871
4947,0,0.5001562228516744
4948,0,0.5002535176631248
4949,0,0.5005434278502685
4950,0,0.5005091498585859
4951,0,0.5005532788379145
4952,0,0.5158731234696956
4953,0,0.5001889706405809
4954,0,0.5004632922532183
4955,0,0.5100372372670486
4956,0,0.5020299311682206
4957,0,0.5007906593426008
4958,0,0.50012462781195
4959,0,0.5005287785078826
4960,0,0.5004884051821117
4961,0,0.5023132277707105
4962,0,0.500157531664324
4963,0,0.5004716158556962
4964,0,0.5003490563129994
4965,0,0.5001925220744563
4966,0,0.5003399867210491
4967,0,0.5152135942585027
4968,0,0.5004916022916589
4969,0,0.5125252768529275
4970,0,0.5002409694330894
4971,0,0.5006737267797702
4972,0,0.5019354674613806
4973,0,0.5005371207942569
4974,0,0.5002869342126065
4975,0,0.5001165953237625
4976,0,0.5001085493610111
4978,0,0.5000907143982533
4979,0,0.500367388376617
4980,0,0.5002049935235713
4981,0,0.5002499032681336
4982,0,0.5025435877401028
4983,0,0.5042070536969478
4984,0,0.5001153145731725
4985,0,0.5014172614433948
4986,0,0.5017574895095377
4987,0,0.5005097022327759
4988,0,0.5000853434572226
4989,0,0.5001576585490325
4990,0,0.5004375936361355
4991,0,0.5004973659107395
4992,0,0.500595223641941
4993,0,0.5006447426393591
4994,0,0.5003562927855766
4995,0,0.500256725294722
4996,0,0.5001022067048879
4997,0,0.5003000049353873
4998,0,0.5006582025217956
4999,0,0.5002095309948829
5000,0,0.5003746382744312
5001,0,0.5010372932537489
5002,0,0.5016678755870099
5003,0,0.5005863000410817
5004,0,0.5001555896711841
5005,0,0.5011400479636459
5006,0,0.5001497215375835
5007,0,0.5003311431617364
5008,0,0.5001152620408882
5009,0,0.500177549660007
5010,0,0.5001588163023984
5011,0,0.5013713894389534
5012,0,0.5001744336807403
5013,0,0.5031516872338143
5014,0,0.5002343794360726
5015,0,0.5002194474588795
5016,0,0.5003336085684703
5017,0,0.5018377692782338
5018,0,0.5004037213717887
5019,0,0.5011906694621985
5020,0,0.5007337041819158
5021,0,0.5024285865282807
5022,0,0.5001782933850577
5023,0,0.5002632774042791
5024,0,0.5004342123694298
5025,0,0.5031324861898662
5026,0,0.5001666735030368
5027,0,0.5935405431148079
5028,0,0.5257334122607247
5029,0,0.5001815160727296
5030,0,0.5004576605531212
5031,0,0.5048821463037683
5032,0,0.5003609770954054
5033,0,0.5005895410317289
5034,0,0.5018188612398932
5035,0,0.5000886709538239
5036,0,0.502059163461872
5037,0,0.5019250329899445
5038,0,0.5010985488481424
5039,0,0.5028258038492586
5040,0,0.5001404105638496
5041,0,0.500176919497273
5043,0,0.503976678746873
5044,0,0.5008181416658803
5045,0,0.5008689905433118
5046,0,0.5001312505834696
5047,0,0.5011338201344553
5048,0,0.501059283877055
5049,0,0.5001625980312706
5050,0,0.501653645244883
5051,0,0.5000992088790414
5052,0,0.5004286591588588
5053,0,0.5005679744735162
5054,0,0.5056185439982657
5055,0,0.5012531524589677
5056,0,0.5053083799953029
5057,0,0.5000756256018787
5058,0,0.5003443955598752
5059,0,0.5009908248182599
5060,0,0.5002578320736188
5061,0,0.5003276262432227
5062,0,0.500623739413352
5063,0,0.5001635231782864
5064,0,0.5001538805424125
5065,0,0.5005358324317274
5066,0,0.5001811560116696
5067,0,0.5004740460270617
5068,0,0.5006326266529663
5069,0,0.5002862527555164
5070,0,0.500432478456086
5071,0,0.5004174705315291
5072,0,0.5005073670279895
5073,0,0.5000756256018787
5074,0,0.5004074472548178
5075,0,0.5019223372821977
5076,0,0.5000849019945097
5077,0,0.5008955156601633
5078,0,0.5003580430439266
5079,0,0.5006478586813718
5080,0,0.50144295872445
5081,0,0.5025065889553161
5082,0,0.5005300561974393
5083,0,0.5025835844429829
5084,0,0.5000985397464127
5085,0,0.5001429710334652
5086,0,0.5000887409115068
5087,0,0.5016726818729921
5088,0,0.5005652892741087
5089,0,0.5000977903315205
5090,0,0.5002838697804183
5091,0,0.5007121650164525
5092,0,0.5002552344065342
5093,0,0.5002642315554234
5094,0,0.5004322021308677
5095,0,0.5008608423967443
5096,0,0.5001307705011309
5097,0,0.501136969071787
5098,0,0.5010127230110437
5099,0,0.5518773532257115
5100,0,0.5001451462494894
5101,0,0.5008848502817048
5102,0,0.5000756256018787
5103,0,0.5046024689086199
5104,0,0.5015955332647754
5105,0,0.5001333408192806
5106,0,0.5006319034415534
5107,0,0.5008018108473554
5108,0,0.5001019573941387
5109,0,0.5002152807860613
5110,0,0.5003563690636142
5111,0,0.5021582197005808
5112,0,0.5014815911226203
5113,0,0.5020740015034303
5114,0,0.5001260063928958
5115,0,0.502169321983486
5116,0,0.5001880352789677
5117,0,0.5006738264811594
5118,0,0.5097088157002599
5119,0,0.501136619020151
5120,0,0.5010301629464735
5121,0,0.5017933638970538
5122,0,0.50008774669174
5123,0,0.5008991609425132
5124,0,0.5006898446247395
5125,0,0.5006252936724926
5126,0,0.50036059799995
5127,0,0.5008341460717847
5128,0,0.5001529732117013
5129,0,0.5028888606456152
5130,0,0.5000756256018787
5131,0,0.501533379005361
5132,0,0.500860641373341
5133,0,0.5001234383446533
5134,0,0.500427821308233
5135,0,0.5008421383600596
5136,0,0.5001250719452233
5137,0,0.5003785250275467
5138,0,0.5021435292160767
5139,0,0.5001857616759695
5140,0,0.5016253467760584
5141,0,0.5011817594193859
5142,0,0.5009439371001376
5143,0,0.5005857241450479
5144,0,0.5002894661002671
5145,0,0.500554023742961
5146,0,0.5000861219218521
5147,0,0.5051491119820579
5148,0,0.5002127748071158
5149,0,0.500170777926931
5150,0,0.5032806759865915
5151,0,0.5007795261745566
5152,0,0.5005397334763554
5153,0,0.5002004353858973
5154,0,0.5029652475980051
5155,0,0.5001729426620334
5156,0,0.5004667581723673
5157,0,0.5126180388849019
5158,0,0.5001570350946313
5159,0,0.5013010953095339
5160,0,0.5013459552701441
5161,0,0.5303364884294827
5162,0,0.5004658666571117
5163,0,0.5005481495016778
5164,0,0.5004098649358846
5165,0,0.5010194726434932
5166,0,0.5023454917242185
5167,0,0.5001368511419392
5168,0,0.5000756256018787
5169,0,0.5067454129752281
5170,0,0.5000873899658247
5171,0,0.500423631961396
5173,0,0.5002244566564698
5174,0,0.5006310156140482
5175,0,0.5022999330367395
5176,0,0.5179541937584408
5177,0,0.5006117277023162
5178,0,0.5009014587575478
5179,0,0.5013929171210848
5180,0,0.5061309401117617
5181,0,0.5215185373982507
5182,0,0.5001827289762034
5183,0,0.5029109739760581
5184,0,0.500533472710543
5185,0,0.5000957351874025
5187,0,0.5006149730597121
5188,0,0.501522275971232
5189,0,0.5003261321924338
5190,0,0.5002495781779283
5191,0,0.5129192997600973
5192,0,0.500121513652126
5193,0,0.5013943280538797
5194,0,0.5002210826990597
5195,0,0.5031612052573647
5196,0,0.5001733395445322
5197,0,0.5014777951110804
5198,0,0.5003343896147628
5199,0,0.5002091054028102
5200,0,0.5008991229496746
5201,0,0.5004362246846582
5202,0,0.5011606664080087
5203,0,0.5001997530638449
5204,0,0.5000756256018787
5205,0,0.5007182184768703
5206,0,0.5010254307769961
5207,0,0.5001690805701131
5208,0,0.5007125998319414
5209,0,0.5001453759015114
5210,0,0.5001587812730132
5212,0,0.5004607117603801
5213,0,0.5001333761837803
5214,0,0.5003492550561537
5215,0,0.5000956453455225
5216,0,0.5002501770474865
5218,0,0.500111378126413
5219,0,0.5007134814397879
5220,0,0.5004389767965355
5221,0,0.5006654920067249
5222,0,0.5015004331456188
5223,0,0.5009124103493097
5224,0,0.5000951337426215
5225,0,0.5000987690107794
5226,0,0.5000860176728468
5227,0,0.500261351047442
5228,0,0.5015927665550085
5229,0,0.5003250355646011
5230,0,0.5001254834161792
5231,0,0.5009857075402215
5232,0,0.5008163687481718
5233,0,0.505196960111074
5234,0,0.5002339283454961
5235,0,0.5000756256018787
5236,0,0.5001149867845658
5237,0,0.5005084433598036
5238,0,0.5002325980707756
5239,0,0.5001513741572522
5240,0,0.5007931611701016
5241,0,0.5095997873305005
5242,0,0.5005739466358401
5243,0,0.500155704500229
5244,0,0.5005882202572485
5245,0,0.5005871068478128
5246,0,0.5004299603772036
5247,0,0.5013527974114651
5248,0,0.5003988743854066
5249,0,0.5004168853043358
5250,0,0.501015511414614
5251,0,0.5023127186652736
5252,0,0.5003683462877299
5253,0,0.5001599025897344
5254,0,0.5061760076318358
5255,0,0.5002575526777051
5256,0,0.5008008292928388
5257,0,0.5000756256018787
5258,0,0.5004826742198513
5259,0,0.5008663625901683
5260,0,0.5001160452026335
5261,0,0.5008967033471164
5262,0,0.5020774883866821
5263,0,0.500226645987292
5264,0,0.5002580673528679
5265,0,0.5007513856697033
5266,0,0.5002940026634098
5267,0,0.5045696898331214
5268,0,0.5003503592486327
5269,0,0.5019627617825148
5270,0,0.5006344703676683
5271,0,0.5003816816034097
5272,0,0.5003302621630902
5273,0,0.5001454052645988
5274,0,0.500973970447852
5275,0,0.5031495421725742
5276,0,0.5012497313959766
5277,0,0.5001516795407661
5278,0,0.5001987344835886
5279,0,0.500091349957748
5280,0,0.5000756256018787
5281,0,0.5001379071270043
5282,0,0.5074611099495461
5283,0,0.5004008506070953
5284,0,0.5001627622540205
5285,0,0.5002832515190664
5286,0,0.5517276141450991
5287,0,0.5013976786654284
5288,0,0.5003553172027259
5289,0,0.5016560137722342
5290,0,0.5001554758179645
5291,0,0.5001246389216693
5292,0,0.5004596631222503
5293,0,0.504926159428976
5296,0,0.5001533534917683
5297,0,0.5004446884144403
5298,0,0.500516435918561
5299,0,0.5009338788507456
5300,0,0.5002539484235452
5301,0,0.5003616862852827
5302,0,0.5025301105625007
5303,0,0.5000981877291163
5304,0,0.5015245375817217
5305,0,0.5004022328013041
5306,0,0.5009336377791498
5307,0,0.5002286466515098
5308,0,0.5000756256018787
5309,0,0.5001832723380168
5310,0,0.5002201795123241
5311,0,0.5006192277099127
5312,0,0.5004565920231019
5313,0,0.5003828443902668
5314,0,0.5003796471190564
5315,0,0.5004429291796378
5316,0,0.5003261167897416
5317,0,0.5003715114747763
5318,0,0.5014158211322347
5319,0,0.5001296300331501
5320,0,0.5004900686373097
5321,0,0.5001728287160692
5322,0,0.5001692288624596
5323,0,0.5002862326580187
5324,0,0.502383088914849
5325,0,0.5005953580447341
5326,0,0.5018410275902758
5327,0,0.5007571364764694
5328,0,0.5001903613624112
5329,0,0.5011232099442289
5330,0,0.5009697982143635
5331,0,0.5004546742718318
5332,0,0.500278862114421
5333,0,0.5002440160951844
5334,0,0.5002033683786049
5335,0,0.5122364608126079
5336,0,0.500430548848
5337,0,0.5005503440106289
5338,0,0.5000756256018787
5339,0,0.5004676490372341
5340,0,0.5002977699821846
5341,0,0.5005046990966732
5342,0,0.5000984408730147
5343,0,0.5005824220800799
5344,0,0.5001869654268765
5345,0,0.5003380895225596
5346,0,0.5003969835465512
5347,0,0.5003898282259461
5348,0,0.5014063172196044
5349,0,0.5000756256018787
5350,0,0.501681813596599
5351,0,0.5003361620594324
5352,0,0.5007847265786453
5353,0,0.5031422656262342
5354,0,0.5001326358123598
5355,0,0.5015961315480024
5357,0,0.5016773534705613
5358,0,0.5000859184746834
5359,0,0.5012259662651422
5360,0,0.5004216299575455
5361,0,0.5001834806053799
5362,0,0.5003840452088038
5363,0,0.5026635251377928
5364,0,0.5001478672342118
5365,0,0.5000756256018787
5366,0,0.5001128702019964
5367,0,0.5002302582546524
5368,0,0.5015826606231518
5369,0,0.5009572369268325
5370,0,0.5001714222058319
5371,0,0.5003588194226571
5372,0,0.5001641946730174
5373,0,0.5002443452863755
5374,0,0.5001037851840296
5375,0,0.5003217520862906
5376,0,0.5008930248629865
5377,0,0.5001428854683643
5378,0,0.5003390839500013
5379,0,0.500148556310081
5380,0,0.5001324017278643
5381,0,0.5000756256018787
5382,0,0.5002043331891299
5383,0,0.5001333455800739
5384,0,0.5047808665345065
5385,0,0.500553640714293
5386,0,0.5014539449483228
5387,0,0.5037245824362913
5388,0,0.5005283494826321
5389,0,0.5007460376853662
5390,0,0.5128826903861609
5391,0,0.5022112109232936
5392,0,0.5002614036929716
5393,0,0.5006498244750335
5394,0,0.5006733853977915
5395,0,0.500140752478164
5396,0,0.5003840882154384
5397,0,0.5008071331193685
5398,0,0.5000907143982533
5399,0,0.5001191411336928
5400,0,0.5003354535482735
5401,0,0.5001423375494432
5402,0,0.5001192930163878
5403,0,0.5002422339656255
5404,0,0.5003719359471676
5405,0,0.5194607666866049
5406,0,0.5011659474059819
5407,0,0.5001691160714752
5408,0,0.5037933675500396
5409,0,0.5003609684035264
5410,0,0.5015779094978651
5411,0,0.5002481750461496
5412,0,0.500363817530506
5413,0,0.5004817973729081
5414,0,0.5003006504075735
5415,0,0.5007885621240145
5416,0,0.5001698910669515
5417,0,0.5007521092186606
5418,0,0.500345271948537
5419,0,0.5003782267797506
5420,0,0.5026325516480841
5421,0,0.5001598079304794
5422,0,0.5001351575993358
5423,0,0.5004668197784725
5424,0,0.5002016737615396
5425,0,0.5013761005348895
5426,0,0.5001577746031559
5427,0,0.5001892411113249
5428,0,0.5017868179661253
5429,0,0.500199919823514
5430,0,0.5002172789313057
5431,0,0.5002545555224487
5432,0,0.5014180779236443
5433,0,0.5022933702825253
5434,0,0.5019505367875308
5435,0,0.5003608590469908
5436,0,0.5021705686193987
5437,0,0.5028595820901677
5438,0,0.5020749022272357
5439,0,0.5000756256018787
5440,0,0.5001323646356701
5441,0,0.5001009241911322
5442,0,0.5005806681567704
5443,0,0.5003811842550907
5444,0,0.5027843290859456
5445,0,0.5003221500689894
5446,0,0.5000849619802482
5447,0,0.5056552164809116
5448,0,0.5002664618563955
5449,0,0.5000863060350151
5450,0,0.5005342502900552
5451,0,0.5012664492201403
5452,0,0.5000756256018787
5453,0,0.5012400625288417
5454,0,0.5001106028718852
5455,0,0.5006205646152785
5456,0,0.5114986651000367
5457,0,0.5036392365197658
5458,0,0.5000998947675284
5459,0,0.5002933884458846
5460,0,0.5005508779700306
5461,0,0.5002990554610055
5462,0,0.5040454808008247
5463,0,0.5006428337483716
5464,0,0.5007641487427452
5465,0,0.5001674409475555
5466,0,0.500305580466335
5467,0,0.5067938960415574
5468,0,0.5010318472906906
5469,0,0.5000860849772746
5470,0,0.5001887325758245
5471,0,0.5010494618597303
5472,0,0.5000756256018787
5473,0,0.5001333319243079
5474,0,0.5008035041899718
5475,0,0.5004286591588588
5476,0,0.5003222165397888
5477,0,0.5000756256018787
5478,0,0.500162514514723
5479,0,0.5001772846603014
5480,0,0.5160135115002412
5481,0,0.5007133875118269
5483,0,0.5005058379328238
5484,0,0.5007030056995687
5485,0,0.5005078309409619
5486,0,0.5000756256018787
5487,0,0.5049703335590066
5489,0,0.5013811604885096
5490,0,0.5000756256018787
5491,0,0.5005708912722558
5492,0,0.5002312121917631
5493,0,0.5002346063642268
5494,0,0.5041504265623976
5495,0,0.5003742942690304
5497,0,0.5011506813586575
5498,0,0.5035914176532295
5499,0,0.5001948761820852
5500,0,0.500113007495657
5501,0,0.5002979266655216
5502,0,0.500459176930722
5503,0,0.500818100049087
5504,0,0.5009952882657889
5505,0,0.5028591446026401
5506,0,0.5005583901683215
5507,0,0.5020245685001065
5508,0,0.5004472763377764
5509,0,0.5011698217435647
5510,0,0.5005499020339039
5511,0,0.50043094613226
5512,0,0.500372024696449
5513,0,0.5007492849048969
5515,0,0.5026140883971567
5516,0,0.5000756256018787
5517,0,0.5094171149630369
5518,0,0.5108884247681462
5519,0,0.5015264805343042
5520,0,0.5006220154954234
5521,0,0.5055711870734052
5522,0,0.5009353025034943
5523,0,0.5004353519926273
5524,0,0.5002571709676387
5525,0,0.5001117754252693
5526,0,0.5007374480380197
5527,0,0.5019004403209002
5528,0,0.5007970202969293
5529,0,0.5001298682721844
5530,0,0.500300310215673
5531,0,0.5002525922834629
5533,0,0.5001790319921524
5534,0,0.5003991996690877
5535,0,0.5006333637255018
5536,0,0.5001856637318299
5537,0,0.500396550803165
5538,0,0.5001537504926282
5539,0,0.5015587736439077
5540,0,0.5005516482013206
5541,0,0.5003745203502588
5542,0,0.5023505768216386
5543,0,0.5035044298279491
5544,0,0.5001855371459719
5545,0,0.5003120003287358
5546,0,0.5004585832126874
5547,0,0.5003414788264853
5548,0,0.5001309575345836
5549,0,0.5001172355529484
5550,0,0.5000972656226527
5551,0,0.5053074806885632
5552,0,0.5002508468105101
5553,0,0.5001333227952637
5554,0,0.5001356113550204
5555,0,0.5003211164554353
5556,0,0.5013291431566823
5557,0,0.5004857627775601
5558,0,0.5013312506308936
5559,0,0.5001387066977565
5560,0,0.5003296887194081
5561,0,0.5027320305453638
5562,0,0.5005616857538245
5563,0,0.5008563990022036
5564,0,0.5271752031184164
5565,0,0.5002164554220505
5566,0,0.5001053905418161
5567,0,0.5012116921803504
5568,0,0.5002630635104891
5569,0,0.5006830847556121
5570,0,0.5001443563587232
5571,0,0.5000756256018787
5572,0,0.5003943452485806
5573,0,0.500301370668974
5574,0,0.5000849987800716
5575,0,0.5005902244438396
5576,0,0.5064146978953663
5577,0,0.5034990305357736
5578,0,0.5441567346495955
5579,0,0.5003090131643382
5580,0,0.5003540214764485
5581,0,0.5012237371363332
5582,0,0.5007313628940699
5583,0,0.5013471743205566
5584,0,0.5002810067136214
5585,0,0.5150627874516901
5586,0,0.5003867745437585
5587,0,0.5013152050309585
5588,0,0.5002723534847047
5589,0,0.5002952341772393
5591,0,0.500099146118249
5592,0,0.5001739561530784
5593,0,0.5000756256018787
5594,0,0.500366835452949
5595,0,0.5008976246761431
5596,0,0.5007578599728819
5597,0,0.5005843770537166
5598,0,0.5008800257138867
5599,0,0.5011435790525065
5600,0,0.5022773330300939
5601,0,0.5006420161730063
5602,0,0.500152692424377
5603,0,0.5002941851858327
5604,0,0.5019937247414017
5605,0,0.5016941690299893
5606,0,0.5003110018900959
5607,0,0.5002702472798256
5608,0,0.5025535421104718
5609,0,0.5001247849702195
5610,0,0.5010145273644406
5611,0,0.5004034446911756
5612,0,0.5001765621320374
5613,0,0.5005092922229332
5614,0,0.5002609197767155
5615,0,0.5002420567223699
5616,0,0.5003782836125582
5617,0,0.5001933125241929
5619,0,0.5002605519445003
5620,0,0.5004680595461012
5621,0,0.5014302063677741
5622,0,0.501504729562036
5624,0,0.5000859067420925
5625,0,0.5005712257788271
5626,0,0.5008099662308423
5627,0,0.5000756256018787
5628,0,0.5013101784999688
5629,0,0.5001624648734944
5630,0,0.5005141492309456
5631,0,0.5044867676561439
5632,0,0.5048706872556976
5633,0,0.5008330756197266
5634,0,0.5004681631828799
5635,0,0.5004331092118819
5636,0,0.5004688908393085
5637,0,0.5004086670288891
5638,0,0.5013119691616809
5639,0,0.5003677823082462
5640,0,0.5018823280943215
5641,0,0.5001356804255084
5642,0,0.5000839800496969
5643,0,0.5010976480025899
5644,0,0.5005022076644502
5645,0,0.5007261289673692
5646,0,0.5002266789811965
5647,0,0.5004183272296927
5648,0,0.5005688214686735
5649,0,0.5004021411669651
5650,0,0.5001372703551437
5651,0,0.5005630209456698
5652,0,0.5002547146156097
5653,0,0.5001589195264725
5654,0,0.5008932255872541
5655,0,0.5000969357040874
5656,0,0.5025700739213502
5657,0,0.5005913950306047
5659,0,0.5002011011052625
5660,0,0.5007258989410008
5661,0,0.5004533539720368
5662,0,0.5023148151115184
5663,0,0.5022154038882971
5664,0,0.5002020288653678
5665,0,0.5001597252871127
5666,0,0.5056382665869427
5667,0,0.5005781519240122
5668,0,0.5001755177407965
5669,0,0.5042589843057875
5670,0,0.5009000944830896
5671,0,0.5001183739875725
5672,0,0.5019392873779157
5673,0,0.5002489074802662
5674,0,0.5005173953552072
5675,0,0.5006277592885696
5676,0,0.5001263542057809
5677,0,0.5001910836576893
5678,0,0.5002189801217337
5679,0,0.5008901038444024
5680,0,0.500119555774755
5681,0,0.5002417114893758
5682,0,0.5001829483535413
5683,0,0.5003456574112299
5684,0,0.5001382138448736
5685,0,0.5007148316282419
5686,0,0.5029352439023933
5687,0,0.5002423870685274
5688,0,0.5000934390777112
5690,0,0.5001391126032347
5692,0,0.5002242808847286
5693,0,0.5011427867425476
5694,0,0.5000756256018787
5695,0,0.5076572904052616
5696,0,0.5004388901177904
5697,0,0.5003205622279987
5698,0,0.5006439994890134
5699,0,0.50024771568231
5700,0,0.5038894763807209
5701,0,0.5159335604484994
5702,0,0.5001317428698767
5703,0,0.5001588847966787
5704,0,0.5001085583469067
5705,0,0.5005432740295752
5706,0,0.5014377859142389
5707,0,0.500255117749729
5708,0,0.5022168396387695
5709,0,0.5002817155934329
5710,0,0.5000903481773453
5711,0,0.5020635111440602
5712,0,0.5002482806829194
5713,0,0.5059380718849049
5714,0,0.5003703827960826
5715,0,0.5012046391574111
5716,0,0.500472108242755
5717,0,0.5008360386935484
5718,0,0.5037271734718117
5719,0,0.5004490897778745
5720,0,0.5002666448184959
5721,0,0.5006995520494111
5722,0,0.5012921270933197
5723,0,0.5002536667151267
5724,0,0.5003567155150974
5725,0,0.501397416238396
5726,0,0.5108338739404191
5727,0,0.5002689565413798
5728,0,0.5004361005733946
5729,0,0.5017883909330282
5730,0,0.5003546722365049
5731,0,0.5001074086020502
5732,0,0.5004747850973088
5733,0,0.5001091772594989
5734,0,0.5016098675134782
5735,0,0.5011019789323716
5736,0,0.5000756256018787
5737,0,0.5001280461576328
5738,0,0.5003010475378102
5739,0,0.5018552419594526
5740,0,0.5002048527942471
5741,0,0.5007348828864588
5742,0,0.5001991842946625
5743,0,0.5003989703502734
5744,0,0.5001652668958005
5745,0,0.5004785563217776
5746,0,0.5000756256018787
5747,0,0.5001010075832225
5748,0,0.5001135627150756
5749,0,0.5000756256018787
5750,0,0.5024778260891419
5751,0,0.500086267180293
5752,0,0.5007979492194177
5753,0,0.5002016996837639
5754,0,0.5004568943423392
5755,0,0.5001355992909402
5756,0,0.5130041556559112
5757,0,0.5003963589351764
5758,0,0.5012133153518197
5759,0,0.500101121773485
5760,0,0.502505788365422
5761,0,0.5000756256018787
5762,0,0.5003351307679661
5763,0,0.5022703555363129
5764,0,0.5002217170104761
5765,0,0.5006543906399326
5766,0,0.5001972936902679
5767,0,0.5003715908833104
5768,0,0.5004109701836301
5769,0,0.500292918001763
5770,0,0.5008283670108687
5771,0,0.5001643758005421
5772,0,0.5009698209593301
5773,0,0.5004181601778004
5774,0,0.5100542593652845
5775,0,0.500216714510943
5776,0,0.5014574767882058
5777,0,0.5001543809481244
5778,0,0.5000756256018787
5779,0,0.5018309037521875
5780,0,0.5000849802915988
5781,0,0.5011631372500678
5782,0,0.5014176807911855
5783,0,0.5009487442710061
5784,0,0.5003317957983037
5785,0,0.5002778928587567
5786,0,0.5000756256018787
5787,0,0.5002201286002209
5788,0,0.5000980530161102
5789,0,0.5016009412746423
5791,0,0.5012847745022021
5792,0,0.5068970157208279
5793,0,0.502158585086113
5794,0,0.5102363638563696
5795,0,0.5004782223782274
5796,0,0.5007802563716772
5797,0,0.5033381563617632
5798,0,0.5001658085474554
5799,0,0.5076567799575562
5800,0,0.5042653053988275
5801,0,0.5024406251631877
5802,0,0.5000756256018787
5803,0,0.5052090072418668
5804,0,0.5000756256018787
5805,0,0.5001785252534713
5806,0,0.5000756256018787
5807,0,0.5017949841289401
5808,0,0.500877772684583
5809,0,0.5000974197014287
5810,0,0.5004509000124336
5811,0,0.5003184623481621
5812,0,0.5002850659726333
5813,0,0.5001435826125802
5814,0,0.5001678487679403
5815,0,0.5000860684093813
5816,0,0.5008098254492938
5817,0,0.5000756256018787
5818,0,0.5001028896421952
5819,0,0.5002627346022024
5820,0,0.5017376575950956
5821,0,0.5002834650454179
5822,0,0.5001562242491158
5823,0,0.500206876635858
5824,0,0.5004317910341388
5825,0,0.5067057585397662
5826,0,0.5029046459667561
5827,0,0.5002593978441047
5828,0,0.5001861043886697
5829,0,0.5005313521920955
5830,0,0.5001334438874077
5831,0,0.5003259734241431
5832,0,0.5002288897292735
5833,0,0.5006623657772563
5834,0,0.5001192207807997
5835,0,0.500192701554911
5836,0,0.5000991137960914
5837,0,0.5008852677426668
5838,0,0.5001444646398859
5839,0,0.5001801100805274
5840,0,0.5003034152365603
5841,0,0.5001296330011196
5842,0,0.5001239900449105
5843,0,0.5009685260338798
5844,0,0.5022562250557686
5846,0,0.5109784038756726
5847,0,0.5006896168733631
5848,0,0.5005227970950865
5850,0,0.5007428125441242
5851,0,0.5003132409454542
5852,0,0.5001538835071916
5853,0,0.500156093279081
5854,0,0.5000990071702567
5855,0,0.5003161972211474
5856,0,0.5001760978303691
5857,0,0.5010975094876529
5858,0,0.5036279176704928
5859,0,0.5003292527686222
5860,0,0.5040837328071931
5861,0,0.5000756256018787
5862,0,0.5001731396765194
5863,0,0.5006442666988392
5864,0,0.5007918529445435
5865,0,0.5017398168465068
5866,0,0.5001347476754762
5867,0,0.5024537017733892
5868,0,0.5014964805272147
5869,0,0.5000849679678185
5870,0,0.5168721669175339
5871,0,0.5002078567285654
5872,0,0.5007101666988465
5873,0,0.5002813001516712
5874,0,0.5001231134521115
5875,0,0.5002969941934553
5876,0,0.5019196694802724
5877,0,0.5001562242491158
5878,0,0.5016348485285039
5879,0,0.5022061130532021
5880,0,0.5001478255617765
5881,0,0.5000857806501947
5882,0,0.500098396711476
5883,0,0.5004651333312765
5884,0,0.5001227310071212
5885,0,0.5001015250283974
5886,0,0.5002377165160823
5887,0,0.5008205118014123
5888,0,0.5002770621189728
5889,0,0.5000756256018787
5890,0,0.5004029006401076
5891,0,0.5015964876181248
5892,0,0.500441633254315
5893,0,0.5006218967698394
5894,0,0.5010257341923996
5895,0,0.5004605302200446
5896,0,0.5001124859256928
5897,0,0.5002116063434603
5898,0,0.5000864667903858
5899,0,0.5005175986688588
5900,0,0.5001527347445494
5901,0,0.5001028027921212
5902,0,0.5000903481773453
5903,0,0.5008116083866132
5904,0,0.5001613947005411
5905,0,0.5003427330881611
5906,0,0.5002481207460985
5907,0,0.500105785008937
5908,0,0.5008675146748209
5909,0,0.5004257795812108
5910,0,0.5012296679741111
5911,0,0.520430004745221
5912,0,0.50041517696715
5913,0,0.501530058855995
5914,0,0.5008005016826184
5915,0,0.5016156586870488
5916,0,0.5019233273128093
5917,0,0.5007698383027509
5918,0,0.5004697375915965
5919,0,0.5015704998095439
5920,0,0.5002145490250469
5921,0,0.501276497016243
5922,0,0.5003823183928348
5923,0,0.5004613200913681
5924,0,0.5001064103617885
5925,0,0.5000756256018787
5926,0,0.500397004127448
5927,0,0.5004174822881596
5928,0,0.5004707634480169
5929,0,0.500935472923139
5930,0,0.5000975017360594
5931,0,0.5008823375107184
5932,0,0.5003492777676851
5933,0,0.5001838866658143
5934,0,0.503217690835722
5935,0,0.5005348056833205
5936,0,0.5000756256018787
5937,0,0.5009834480609385
5938,0,0.5009407540114169
5939,0,0.501061806818005
5940,0,0.5011222382747682
5941,0,0.5040436125811962
5942,0,0.5006103827956032
5943,0,0.500410028988813
5944,0,0.5011399972835697
5945,0,0.5001078021109924
5946,0,0.5003856709460274
5947,0,0.5018311755425069
5948,0,0.5002412083306615
5949,0,0.501407554231835
5950,0,0.5013495480041933
5951,0,0.5002617650332257
5952,0,0.5000756256018787
5953,0,0.54587329672543
5954,0,0.5001239237192219
5955,0,0.5004218918362155
5956,0,0.5005302994862124
5957,0,0.5002043331891299
5959,0,0.5003466415773269
5960,0,0.500518513692003
5961,0,0.5001486938407947
5962,0,0.5001084992418219
5963,0,0.5001159778174685
5964,0,0.500123020367017
5965,0,0.5001315319986612
5966,0,0.5002974260723393
5967,0,0.5005087289826222
5968,0,0.5045491020411084
5969,0,0.5458335302739779
5970,0,0.5025972349728798
5971,0,0.5006688618798764
5972,0,0.5005140392823
5973,0,0.5000945065755629
5974,0,0.5006616733135905
5975,0,0.5002998042041813
5976,0,0.5003559617041226
5977,0,0.5006021411263973
5978,0,0.5002220272147471
5979,0,0.5001427333498496
5980,0,0.5157083703090469
5981,0,0.5004730817833277
5982,0,0.5001857802846695
5983,0,0.500344622802446
5984,0,0.5001046818463696
5985,0,0.5005708912722558
5986,0,0.5003492081935552
5987,0,0.5021690147552027
5988,0,0.505672843320347
5989,0,0.5000952945864366
5990,0,0.5001028460336377
5991,0,0.5019559110946583
5992,0,0.501151818106961
5993,0,0.500772762126937
5994,0,0.5004229133772878
5995,0,0.5015676499985063
5996,0,0.5002689565413798
5997,0,0.500203608649528
5998,0,0.5000920091514179
5999,0,0.5011523927063202
6000,0,0.5002602673965982
6001,0,0.5005098908035645
6002,0,0.5001948179875472
6003,0,0.5002776164593075
6004,0,0.5008879613215782
6005,0,0.5016473919019664
6006,0,0.5001616169190628
6007,0,0.5021429381194905
6008,0,0.5003952986802711
6009,0,0.5001410146516976
6010,0,0.5004032023939972
6011,0,0.500583351764086
6012,0,0.5000756256018787
6013,0,0.5000756256018787
6014,0,0.5005148987646804
6015,0,0.5025985270480304
6016,0,0.500111382828738
6017,0,0.5135947623090047
6018,0,0.5001470014120912
6019,0,0.5001540600153132
6020,0,0.5001718930935991
6021,0,0.5012897148096243
6022,0,0.5004748230718573
6023,0,0.5010677961170388
6024,0,0.5002355841881575
6025,0,0.5004375499088731
6026,0,0.5002281562048919
6027,0,0.5006315393619476
6028,0,0.5001580299026599
6029,0,0.5022716260851097
6030,0,0.5002985427111962
6031,0,0.500326562360893
6033,0,0.5021737530830005
6034,0,0.5006028825446468
6035,0,0.5003322526090411
6036,0,0.5004275275783486
6037,0,0.5009026235691451
6038,0,0.5027137230192876
6039,0,0.5001923074941295
6040,0,0.5005124194451986
6041,0,0.5002251487704075
6042,0,0.5034356850130602
6043,0,0.5001703138320691
6044,0,0.500336288896545
6045,0,0.5003198860016583
6046,0,0.5004507184494482
6047,0,0.5014318981186978
6048,0,0.5003797503268173
6049,0,0.5092138093458327
6050,0,0.5020401742363683
6051,0,0.5006322470860214
6052,0,0.5008705793743717
6053,0,0.5015285592502459
6054,0,0.5007460376853662
6055,0,0.5002745727700266
6056,0,0.5014857332236655
6057,0,0.5027526212173498
6058,0,0.5000887409115068
6059,0,0.5001151646740766
6060,0,0.5026710477528749
6061,0,0.5022764952410677
6062,0,0.5003856188811617
6063,0,0.5002044691332952
6064,0,0.5005910949352318
6065,0,0.500408999171894
6066,0,0.5001082116475896
6067,0,0.5000756256018787
6068,0,0.5032963137905285
6069,0,0.500240387530929
6070,0,0.5005041462265547
6071,0,0.5005482069258183
6072,0,0.5009201716596402
6073,0,0.5005203081888091
6074,0,0.5001779203329724
6075,0,0.5003183117538824
6076,0,0.5042638889953136
6077,0,0.5003272907862971
6078,0,0.5151249283284639
6079,0,0.5341417258010108
6080,0,0.5019413147925046
6081,0,0.5014807727840608
6082,0,0.5027070375128511
6083,0,0.5009332504575971
6084,0,0.5002975680697012
6085,0,0.5006983193518865
6086,0,0.5028760643643428
6087,0,0.500317074059363
6088,0,0.5000756256018787
6089,0,0.5015725240409767
6090,0,0.5012261228563821
6091,0,0.5011954753225858
6092,0,0.5004446894489296
6093,0,0.5004369556564218
6094,0,0.5011599234709433
6095,0,0.5003029160419317
6096,0,0.5032678132331929
6097,0,0.500148595162117
6098,0,0.5032339822670833
6099,0,0.5001230348159764
6100,0,0.5023943623511231
6101,0,0.5006636395925718
6102,0,0.5004578631477525
6103,0,0.5000756256018787
6104,0,0.5005841724262713
6105,0,0.5094751831651543
6106,0,0.5001202541455005
6107,0,0.5000987690107794
6108,0,0.5013249315991187
6109,0,0.5001508951627466
6110,0,0.5001614577288713
6111,0,0.5045400174832757
6112,0,0.5009827729305872
6113,0,0.5007473996235192
6115,0,0.500115908578749
6116,0,0.5005411692969097
6117,0,0.5082136983105705
6118,0,0.5014887138396574
6119,0,0.5002719104604849
6120,0,0.5004299759777008
6121,0,0.5013753624236202
6122,0,0.5001712428871632
6123,0,0.5000867671865741
6124,0,0.5002074234593101
6125,0,0.5008117320679611
6127,0,0.5002359739306946
6128,0,0.5032638205902916
6129,0,0.5008291221659484
6130,0,0.500790239942759
6131,0,0.500655688275455
6132,0,0.5009151393538884
6133,0,0.501700714100972
6134,0,0.5003068221420378
6135,0,0.5015273511743945
6136,0,0.5003076295576426
6137,0,0.5055752207353572
6138,0,0.502702833147824
6139,0,0.5006331769196241
6140,0,0.5016331218548054
6141,0,0.5001547323947144
6142,0,0.500220219290097
6143,0,0.5006957197415456
6144,0,0.5003002772225207
6145,0,0.5035601278814852
6146,0,0.5013957320088906
6147,0,0.5020769228600395
6148,0,0.5023930071816344
6149,0,0.5001542151437137
6150,0,0.500086044092107
6151,0,0.5001089833571695
6152,0,0.5035031812818846
6153,0,0.5003542791875414
6154,0,0.5003468428890541
6155,0,0.500244857183339
6156,0,0.5000756256018787
6157,0,0.5010741875913487
6158,0,0.501789013717798
6159,0,0.5003346952939697
6160,0,0.5006875498210019
6161,0,0.5006023489417033
6162,0,0.5005320180539382
6163,0,0.5013058754356184
6164,0,0.5004322066150688
6165,0,0.5003717649091807
6166,0,0.5024640340341572
6167,0,0.5033805836343702
6168,0,0.5009785927088637
6169,0,0.5004824156938055
6170,0,0.5060056982880317
6171,0,0.5000857768832276
6172,0,0.502534310111462
6173,0,0.5003218441646959
6174,0,0.5007908275937983
6175,0,0.5001664634469576
6176,0,0.5011077517302892
6177,0,0.5001053905418161
6178,0,0.5008014167175677
6179,0,0.5000846754222408
6180,0,0.5000756256018787
6181,0,0.5000866128237218
6182,0,0.5000756256018787
6183,0,0.5001317428698767
6184,0,0.5004152711705183
6185,0,0.5006356059860241
6186,0,0.5003337101948844
6187,0,0.5008782721781291
6188,0,0.5003028794505419
6189,0,0.5002183960798402
6190,0,0.5021128824267849
6191,0,0.500143882982774
6192,0,0.5000857776658313
6193,0,0.5000854685427469
6194,0,0.5000756256018787
6196,0,0.5001142174441938
6197,0,0.5009898052285012
6198,0,0.5008868267734963
6199,0,0.5005451321550705
6201,0,0.5005530229477878
6202,0,0.5000987273169335
6203,0,0.5002912853480734
6204,0,0.5002223464021637
6205,0,0.5023006687953206
6206,0,0.5010371506603446
6207,0,0.5062114181832829
6208,0,0.5005917844862953
6209,0,0.5006257980803106
6210,0,0.5002610879146029
6211,0,0.5017458233247795
6212,0,0.5005342604391803
6213,0,0.5003934670327866
6214,0,0.5002467330229734
6215,0,0.5004281963874182
6216,0,0.5004044951806459
6217,0,0.5002238916913736
6218,0,0.5003820560642676
6219,0,0.5002684029350719
6220,0,0.5003850061817632
6221,0,0.50042013047621
6222,0,0.5003342234880619
6224,0,0.50170320850642
6225,0,0.5002336552753451
6226,0,0.5023064617481939
6227,0,0.500984871179026
6228,0,0.5006244277423317
6229,0,0.5000857992195734
6230,0,0.5004049950219701
6231,0,0.5004181631853101
6232,0,0.5004062481356775
6233,0,0.5000756256018787
6235,0,0.5011547424906407
6236,0,0.5005279926779987
6237,0,0.500216897084897
6238,0,0.5056982486159848
6239,0,0.5010888676173488
6240,0,0.50137336010892
6241,0,0.501250353373715
6242,0,0.5003799197440222
6243,0,0.5000756256018787
6244,0,0.5001275832218401
6246,0,0.50034271253977
6247,0,0.5002099922982797
6248,0,0.5001588163023984
6249,0,0.5003253986267708
6250,0,0.5014221939027057
6251,0,0.500415568055276
6252,0,0.5003934710832354
6253,0,0.5341987886173089
6254,0,0.5013589721597072
6255,0,0.5009206308638483
6256,0,0.5028947966666037
6257,0,0.500249815159207
6258,0,0.5006108410853612
6259,0,0.5002566391925881
6260,0,0.5002282348755551
6261,0,0.500142434549535
6262,0,0.5000756256018787
6263,0,0.5012202361131758
6264,0,0.5024002939495215
6265,0,0.5013135964611549
6266,0,0.5001849169543323
6267,0,0.5013852143025629
6268,0,0.5001110934143279
6269,0,0.5002020450706943
6270,0,0.5002257984252206
6271,0,0.5014821331062169
6272,0,0.5027450243647175
6273,0,0.5003343792825411
6274,0,0.5002804711881853
6275,0,0.5021223509095134
6276,0,0.5020007150133458
6277,0,0.5003975783550275
6278,0,0.5002354727178856
6279,0,0.5002657669571003
6280,0,0.5032024096341208
6281,0,0.5001594566683959
6282,0,0.5015337530369214
6283,0,0.5003204416608205
6285,0,0.5002338267081441
6286,0,0.501410092321381
6287,0,0.5007981607663791
6288,0,0.5016020380323293
6289,0,0.50635145957124
6290,0,0.5061920768993827
6291,0,0.5001113613351656
6292,0,0.500354000934222
6293,0,0.5004452752652984
6294,0,0.5001610670493383
6295,0,0.5001449672177131
6296,0,0.500142579482182
6297,0,0.500087990965474
6298,0,0.5051493159384471
6299,0,0.5007714593161471
6300,0,0.5001482297775693
6301,0,0.5013838732912704
6302,0,0.5008016757756368
6303,0,0.5003872367079653
6304,0,0.5006719541174681
6305,0,0.5008988598396538
6306,0,0.5000861212226527
6307,0,0.5001741021685651
6308,0,0.5002667060923626
6309,0,0.5001655958742205
6310,0,0.5012458817692648
6311,0,0.5001978102316417
6312,0,0.5009825047216245
6313,0,0.5000877451185252
6314,0,0.5021256122268026
6315,0,0.5001433250367909
6316,0,0.5002991249896411
6317,0,0.5000854389252396
6318,0,0.5005403736860381
6319,0,0.5003889859950897
6320,0,0.5014271474646075
6321,0,0.5021524139574071
6322,0,0.500140436670321
6323,0,0.5045886534745938
6324,0,0.5158244484115729
6325,0,0.5002475449412707
6326,0,0.5032614676663312
6327,0,0.5001842255063895
6328,0,0.5013324182760966
6329,0,0.5003099637520165
6330,0,0.5020334001615947
6331,0,0.5003133443135502
6332,0,0.5004312656732547
6333,0,0.5005118015564868
6334,0,0.5014290800898571
6335,0,0.5000987008982153
6336,0,0.5001603069572174
6337,0,0.5006981581461348
6338,0,0.5168641228755666
6339,0,0.5002190688581616
6340,0,0.5002660976198533
6341,0,0.5005538281390334
6342,0,0.5001528700872763
6343,0,0.5005750447579631
6344,0,0.5000756256018787
6345,0,0.5002188727276393
6346,0,0.5001324104209629
6347,0,0.500132398915478
6348,0,0.5001645052228835
6349,0,0.5002136642423433
6350,0,0.5005590369793465
6351,0,0.5005948480865056
6352,0,0.5001785506042452
6353,0,0.5011576398585127
6354,0,0.5001415865543846
6355,0,0.5000756256018787
6356,0,0.5000756256018787
6357,0,0.501427937389381
6358,0,0.5001799595874196
6359,0,0.5001368133777435
6360,0,0.5010024818240245
6361,0,0.5110874165843398
6362,0,0.5039826184198533
6363,0,0.5000864042756239
6364,0,0.5003020182706396
6365,0,0.5006256251103866
6366,0,0.5001778592875127
6367,0,0.5001795423316496
6368,0,0.5004060153002919
6369,0,0.500687147572072
6370,0,0.5002176554174086
6371,0,0.501790177225572
6372,0,0.5008425755987521
6373,0,0.501315634410017
6374,0,0.5001334467064967
6375,0,0.5009095640374849
6376,0,0.5012735954905917
6377,0,0.5001259455802
6378,0,0.5039059973685154
6379,0,0.5022884016159174
6380,0,0.5013427813185172
6381,0,0.5005086351364033
6382,0,0.500600906928785
6383,0,0.5001099674082955
6384,0,0.5002936209962725
6385,0,0.5043120789037373
6386,0,0.5014379668515562
6387,0,0.5009383422020124
6388,0,0.5004369000566661
6389,0,0.5000979087505747
6391,0,0.5005219767316772
6392,0,0.5005101773138741
6393,0,0.5005201037980029
6394,0,0.5005726586440788
6395,0,0.5003465248857895
6396,0,0.5002457029163291
6397,0,0.5002824673230603
6398,0,0.5003110775505326
6399,0,0.5002268583596798
6400,0,0.5000842634124053
6401,0,0.5024648350797299
6402,0,0.5001254494019649
6403,0,0.5014484306889145
6404,0,0.503026569267748
6405,0,0.5001451378116593
6406,0,0.5005510671942862
6407,0,0.5002515782574121
6408,0,0.500286808064108
6409,0,0.500425916082359
6410,0,0.5001239424824437
6411,0,0.5001899532041206
6412,0,0.5002637622668082
6413,0,0.508788651873469
6414,0,0.5005463856425408
6415,0,0.5003120306165892
6417,0,0.5003238303101368
6418,0,0.5000920091514179
6419,0,0.500205014478007
6420,0,0.5002199380936705
6421,0,0.5004375427421385
6422,0,0.5003223056651547
6423,0,0.5025775343136842
6424,0,0.5006337470183974
6425,0,0.5026554544047684
6426,0,0.5007616341867123
6427,0,0.5087492558436756
6428,0,0.5113868578135647
6429,0,0.5004773299499669
6430,0,0.5016870519076225
6431,0,0.5000985607966785
6432,0,0.5011556522488044
6433,0,0.5004509689777287
6434,0,0.5019345067014289
6435,0,0.5001504234579884
6436,0,0.5055017596817637
6437,0,0.5003073919805396
6438,0,0.5000756256018787
6439,0,0.5007725691260226
6440,0,0.5005315167117171
6441,0,0.5025269319824679
6442,0,0.5002489620288108
6443,0,0.501484272928572
6444,0,0.5000839800496969
6445,0,0.5001110934143279
6446,0,0.5414548694405342
6447,0,0.5003623961878053
6448,0,0.5002794244713175
6449,0,0.5005769809186483
6450,0,0.5003352835792851
6451,0,0.500236841106525
6452,0,0.5003762174128543
6453,0,0.500401973389976
6454,0,0.5009576988220602
6455,0,0.5005283948337836
6456,0,0.5002730533812848
6457,0,0.5002655031312049
6458,0,0.5003702817287257
6459,0,0.5002651605478404
6460,0,0.5002353644268873
6461,0,0.5003232899834333
6462,0,0.5001887650283039
6463,0,0.5000756256018787
6464,0,0.500157343211284
6465,0,0.5001732088220269
6466,0,0.5018289185101774
6467,0,0.5000756256018787
6468,0,0.5004109215334692
6469,0,0.5002309694324422
6470,0,0.5054975185671171
6471,0,0.5009477118383645
6472,0,0.5001548608388735
6473,0,0.5000756256018787
6474,0,0.500152225602972
6475,0,0.5940340511061084
6476,0,0.5062433285073308
6477,0,0.5005381034094958
6478,0,0.5008243901963403
6479,0,0.5005391130083725
6480,0,0.5000756256018787
6481,0,0.500447102920496
6482,0,0.5000861032550922
6483,0,0.5023567786617804
6484,0,0.5005307339547672
6485,0,0.5010210000210813
6486,0,0.5003316079694249
6487,0,0.5001691380972295
6488,0,0.5004838575027533
6489,0,0.5001105977468652
6490,0,0.5097091521162639
6491,0,0.5009060562591612
6492,0,0.5001121060985595
6493,0,0.5011078338492362
6494,0,0.5000756256018787
6495,0,0.5085446629766068
6496,0,0.5002697884909285
6497,0,0.5003504750439091
6498,0,0.5006571527247733
6499,0,0.5005976020524718
6500,0,0.5004526732189709
6501,0,0.5005961510133875
6502,0,0.5003215498416062
6503,0,0.5006289347318921
6504,0,0.5000756256018787
6505,0,0.5522249797411627
6506,0,0.5008529635910105
6507,0,0.5005146480644924
6508,0,0.5001121950357601
6509,0,0.5002079723618861
6510,0,0.5013264053200702
6511,0,0.5002491273220652
6512,0,0.5005437687220349
6513,0,0.5004559114315458
6514,0,0.5014617760661012
6515,0,0.5004121885856995
6516,0,0.5004485492081608
6517,0,0.5006813510043366
6518,0,0.5002819877390018
6519,0,0.5005179909043317
6520,0,0.5114380223950198
6521,0,0.501359471508402
6522,0,0.5001088869068729
6523,0,0.5005624598249441
6524,0,0.5000942986613077
6525,0,0.5006951304401468
6526,0,0.5004436557906571
6527,0,0.5002356834024251
6528,0,0.500442063387543
6529,0,0.5000969357040874
6530,0,0.5001588048127403
6531,0,0.5004941386094088
6532,0,0.5006646499033469
6533,0,0.5005508528343523
6534,0,0.5001863562442449
6535,0,0.5003240284441592
6536,0,0.5001485788629112
6537,0,0.5010884473369964
6538,0,0.5001426466528812
6539,0,0.5001788666266347
6540,0,0.5000756256018787
6541,0,0.500429428043183
6542,0,0.5002913581472419
6543,0,0.5005638632755686
6544,0,0.501947886106641
6545,0,0.501842736448378
6546,0,0.5000859260842964
6547,0,0.5001325654892709
6548,0,0.5008448039591197
6549,0,0.5005231244622417
6550,0,0.5049238231343537
6551,0,0.5002878492256827
6552,0,0.5022159621568811
6553,0,0.5023220945860511
6554,0,0.5006710307966358
6555,0,0.5003087096863514
6556,0,0.5019457175187861
6558,0,0.5001502838865807
6559,0,0.5008522140504346
6560,0,0.5003662865193371
6561,0,0.5021671686932684
6562,0,0.500457587250987
6563,0,0.5005311210045433
6564,0,0.5004062273668259
6565,0,0.5011814453123449
6566,0,0.5004174959694118
6567,0,0.5000861032550922
6568,0,0.503096155869025
6569,0,0.5003025303243385
6570,0,0.5011479788340886
6571,0,0.5000845842623698
6572,0,0.5000756256018787
6573,0,0.5005708912722558
6574,0,0.5004502727939875
6575,0,0.5003611779064926
6576,0,0.5000857923684225
6577,0,0.5000756256018787
6578,0,0.500142150929482
6579,0,0.5003266702712328
6580,0,0.5012962517984071
6581,0,0.5002577223012241
6582,0,0.5000756256018787
6583,0,0.5016206160114848
6584,0,0.5079538200445554
6585,0,0.5009271272444138
6586,0,0.5056937651874476
6587,0,0.5006786390315046
6588,0,0.5001841943317842
6589,0,0.5028297510851921
6590,0,0.5005063771422682
6591,0,0.5009843112161694
6592,0,0.5001011436637243
6593,0,0.5041325290844847
6594,0,0.5051128201896345
6595,0,0.5002191560949154
6596,0,0.5003332960204091
6597,0,0.5001562415610931
6598,0,0.5003997964046637
6599,0,0.5002405220799698
6600,0,0.5005189114965055
6601,0,0.5001239424824437
6602,0,0.5004388816946586
6603,0,0.5009258645731604
6604,0,0.5002798105060702
6605,0,0.5051542185001692
6606,0,0.5007502416489257
6607,0,0.5019709245948176
6608,0,0.5013105750236182
6609,0,0.5020556809765949
6610,0,0.5001839929799942
6611,0,0.5000756256018787
6612,0,0.5001672612910587
6613,0,0.5002595355094218
6614,0,0.5001524506911935
6615,0,0.5001916300530377
6616,0,0.5012099638716123
6617,0,0.5001535051596595
6618,0,0.5010826719292404
6619,0,0.5001221875330311
6620,0,0.5005730917387062
6621,0,0.5005595168960926
6622,0,0.5044499447252309
6623,0,0.5008144056429799
6624,0,0.5076345780002641
6625,0,0.5016016294395051
6626,0,0.5001944262455369
6627,0,0.5001044516848943
6628,0,0.500087990965474
6629,0,0.5003076806744974
6630,0,0.5015360655364429
6631,0,0.5003411024607117
6632,0,0.5059012654144698
6633,0,0.5000863513011211
6634,0,0.5001456293523157
6635,0,0.5002320033951339
6636,0,0.5018457354690098
6638,0,0.502778929378238
6639,0,0.5350861295920404
6641,0,0.5003439297477084
6642,0,0.5006555538999322
6643,0,0.5032674527933965
6644,0,0.5003433409057805
6645,0,0.5000756256018787
6646,0,0.5012453859077046
6647,0,0.5002241447981381
6648,0,0.5002330246514635
6649,0,0.5014152592618402
6650,0,0.5006274616549888
6651,0,0.5001909475292365
6652,0,0.5006574185231341
6653,0,0.5028069545900323
6654,0,0.5003653980701213
6655,0,0.5007045535037338
6656,0,0.5013804552854874
6657,0,0.5002116545961307
6658,0,0.5025196162121714
6659,0,0.5003059953919349
6660,0,0.5019593456960103
6661,0,0.5001960869983669
6663,0,0.5003887403379917
6664,0,0.5002713351390182
6665,0,0.5001189626781837
6666,0,0.5002586765737937
6667,0,0.5000849987800716
6668,0,0.5019172273768129
6669,0,0.500412807859463
6670,0,0.5003629515538673
6671,0,0.500551960987764
6672,0,0.5018346685797872
6673,0,0.5004559926078116
6674,0,0.5002134552636849
6676,0,0.5005465075212712
6677,0,0.500174358930457
6678,0,0.5032480615968212
6679,0,0.5012863385357285
6680,0,0.5107256919259278
6681,0,0.5003463194383992
6682,0,0.5000756256018787
6683,0,0.5005017463461422
6684,0,0.5002233342932964
6685,0,0.501112759999117
6686,0,0.5003901096511707
6687,0,0.5003872494181497
6688,0,0.50027661076057
6689,0,0.5009726576764515
6690,0,0.5020377773987884
6692,0,0.5013285118203188
6693,0,0.500613224540416
6694,0,0.5002339283454961
6695,0,0.5009630816005365
6696,0,0.5006003566514873
6697,0,0.5008639047989268
6698,0,0.5005802784105033
6699,0,0.5002135885387415
6700,0,0.5024598113229339
6701,0,0.5002337317966599
6702,0,0.5011781727083083
6703,0,0.5002188768774
6704,0,0.500516751736448
6705,0,0.5002979600618501
6706,0,0.5001359733898574
6707,0,0.5003816334511951
6708,0,0.5001200628576401
6709,0,0.5003429950944412
6711,0,0.5002524961838147
6712,0,0.5093846559690098
6713,0,0.5001409722270241
6714,0,0.500202180857194
6715,0,0.5015179748356833
6716,0,0.5001337272474143
6717,0,0.500622534000003
6718,0,0.5005281579136738
6719,0,0.5042847851072579
6720,0,0.5003415614989993
6721,0,0.5015864841377834
6722,0,0.5000857996943185
6723,0,0.5003589199040138
6724,0,0.5008211194439784
6725,0,0.5008292419566389
6726,0,0.5011635556398856
6727,0,0.5002731691094734
6728,0,0.5002870594842256
6729,0,0.5000756256018787
6730,0,0.5002021052582684
6731,0,0.5002108405780891
6732,0,0.5006748079438446
6733,0,0.5004533702829451
6734,0,0.5002145651877348
6735,0,0.5004428872941095
6736,0,0.500114396332514
6737,0,0.5003793149806108
6738,0,0.5020172367581446
6739,0,0.5010829883095798
6740,0,0.5003469325973914
6741,0,0.5005283766417631
6742,0,0.5001455511263997
6743,0,0.5006091763786684
6744,0,0.5003137854364935
6745,0,0.5004361642201693
6746,0,0.5002597306003337
6747,0,0.5001697886518549
6748,0,0.5004350817149245
6749,0,0.5014942610792373
6750,0,0.5001874357988747
6751,0,0.5002554080697206
6752,0,0.5002614896880591
6753,0,0.5008899133222426
6754,0,0.5000861212226527
6755,0,0.501314744495368
6756,0,0.5000756256018787
6757,0,0.5004565127108699
6758,0,0.5001363252473432
6759,0,0.5000974197014287
6760,0,0.5000864042756239
6761,0,0.5002029114160715
6762,0,0.5002777360912135
6763,0,0.5001705558692163
6764,0,0.5003741126724603
6765,0,0.50038048945586
6766,0,0.5003909552772715
6767,0,0.500220629073506
6768,0,0.5000756256018787
6769,0,0.5001448423881176
6770,0,0.5004789603863634
6771,0,0.500177909710015
6772,0,0.5003270154453566
6773,0,0.5001010872858749
6774,0,0.5004429334978447
6775,0,0.5013147571358076
6776,0,0.5014244511496433
6777,0,0.5007611105479509
6778,0,0.5008502864930194
6779,0,0.5009356340249536
6780,0,0.5005221610706008
6781,0,0.500417956523835
6782,0,0.5002894795270327
6783,0,0.5001045872724202
6784,0,0.5002009877746405
6785,0,0.5002041849092547
6786,0,0.5001333931809228
6787,0,0.5010797182432289
6788,0,0.5003100609819408
6789,0,0.5002357635343025
6790,0,0.5010670850283877
6791,0,0.5002060177275732
6793,0,0.5003516543031243
6794,0,0.5002664345564426
6795,0,0.5000756256018787
6796,0,0.5003168010621355
6797,0,0.5000756256018787
6798,0,0.5008692500209322
6799,0,0.501026363771516
6800,0,0.5014610817266977
6801,0,0.5006217844441831
6802,0,0.5011656772903424
6803,0,0.5006519142270952
6804,0,0.5009369532524868
6805,0,0.5026049462354159
6806,0,0.5009353705717239
6807,0,0.5003893639684288
6808,0,0.5003006932297849
6809,0,0.5004396910854246
6810,0,0.5005768299564495
6811,0,0.5001223166399398
6812,0,0.5002204096324995
6813,0,0.5001904840098859
6814,0,0.5004569971858678
6815,0,0.5001732565739468
6816,0,0.5004738715847228
6817,0,0.5003836358296796
6818,0,0.50035935926698
6819,0,0.5007352400351014
6820,0,0.5006552843428
6821,0,0.500623632184299
6822,0,0.5003581115558204
6823,0,0.5005183099307761
6824,0,0.5002193981082368
6825,0,0.5007252602726845
6826,0,0.5016463652056844
6827,0,0.5001415211948678
6828,0,0.5003736603882706
6829,0,0.5002716522861242
6830,0,0.5001679103633734
6831,0,0.504131863059332
6832,0,0.5006652636983466
6833,0,0.5039343299927175
6834,0,0.5000756256018787
6835,0,0.5003939673072508
6836,0,0.5033909557483263
6837,0,0.5003834505487398
6838,0,0.5041867806633025
6839,0,0.5000756256018787
6840,0,0.500292327916384
6841,0,0.5000756256018787
6842,0,0.5001534564371964
6843,0,0.504402748317936
6844,0,0.5001451295193041
6845,0,0.5003657872096994
6846,0,0.5007353123524639
6847,0,0.5001989774713748
6848,0,0.5019368177494585
6849,0,0.5075353684584599
6850,0,0.501365056860475
6851,0,0.5008635856368849
6852,0,0.500173225772696
6853,0,0.5001172881843992
6854,0,0.5005723408427203
6855,0,0.500597884458929
6856,0,0.5008010305776808
6857,0,0.5087670358579881
6858,0,0.5015718039995163
6859,0,0.5000756256018787
6860,0,0.500142981706183
6861,0,0.5002959585094975
6862,0,0.501061217923915
6863,0,0.5000997935913101
6864,0,0.5016074798100236
6865,0,0.5140242015017891
6866,0,0.5002163039769272
6867,0,0.5000756256018787
6868,0,0.5001269224354665
6869,0,0.500124338683398
6870,0,0.5003144556190955
6871,0,0.5002743108608914
6872,0,0.5003839003571773
6873,0,0.5017152257835265
6874,0,0.5001085721956163
6875,0,0.5002045379086703
6876,0,0.5001654860016488
6877,0,0.5001780446627151
6878,0,0.5002200352785114
6879,0,0.5021041803792266
6880,0,0.5003872403380976
6881,0,0.5001044516848943
6882,0,0.5001596879225222
6883,0,0.5012955823371659
6884,0,0.5001469937490869
6885,0,0.5000859184746834
6886,0,0.5007751417692357
6887,0,0.500280308176249
6888,0,0.5016582241246534
6889,0,0.501128762068589
6890,0,0.5003247870081068
6891,0,0.5016300531632261
6892,0,0.5005718651642657
6893,0,0.5001275832882592
6894,0,0.5034259848838917
6895,0,0.5008350767264935
6896,0,0.5004037008727752
6897,0,0.5004675843398242
6898,0,0.5027555404703205
6899,0,0.5002175857423151
6900,0,0.50008408343304
6901,0,0.5002834650454179
6902,0,0.5007238413850137
6903,0,0.5001159669409264
6904,0,0.5048294780347639
6905,0,0.5002539975143864
6906,0,0.5025069777840934
6907,0,0.5002708661658714
6908,0,0.5003647791052739
6909,0,0.5002592118712039
6910,0,0.5019053874265413
6911,0,0.5003076212391524
6912,0,0.5002284870021777
6913,0,0.5027504238025388
6914,0,0.5002802463958635
6915,0,0.5001219981857097
6916,0,0.5001454461875572
6917,0,0.5003950163243317
6918,0,0.5000867150296975
6919,0,0.5186632539165696
6920,0,0.5003567859057897
6921,0,0.5008504926729709
6922,0,0.5003899421582884
6923,0,0.5016234305754421
6925,0,0.5002124119527336
6926,0,0.5000854389252396
6927,0,0.5000969217819936
6928,0,0.5004840386142387
6929,0,0.5000974522713734
6930,0,0.5000756256018787
6931,0,0.5002807917200044
6932,0,0.5335124605973669
6933,0,0.5013137744377894
6934,0,0.500143156481899
6935,0,0.5022830501504931
6936,0,0.5003785282911168
6937,0,0.5002901770632365
6938,0,0.5000976682271113
6939,0,0.5011669052246654
6940,0,0.5002188373609637
6941,0,0.5001309417914231
6942,0,0.5002153808288647
6943,0,0.500397569207565
6944,0,0.5010492226756252
6945,0,0.5001225202085379
6946,0,0.5016417590213756
6947,0,0.5000756256018787
6948,0,0.5007594534128961
6949,0,0.5003568444909278
6950,0,0.5026797772547704
6951,0,0.5005929179031324
6952,0,0.5001593109819631
6953,0,0.5000950359160465
6954,0,0.5000756256018787
6955,0,0.5001591666159532
6956,0,0.5004918419022786
6957,0,0.5001495111034273
6958,0,0.5001333949520793
6959,0,0.5002606892953878
6960,0,0.5000961931420441
6961,0,0.5009311229272115
6962,0,0.5012020629254145
6963,0,0.5004364098372045
6964,0,0.500278129181358
6965,0,0.5002103953336989
6966,0,0.5004077951638619
6967,0,0.5003151722421044
6968,0,0.5013375765626839
6969,0,0.5030475131452136
6970,0,0.5017966484177759
6971,0,0.5002393045022034
6972,0,0.5006327473813413
6973,0,0.500128902860737
6974,0,0.5001883487786922
6975,0,0.5013538572259802
6976,0,0.5002379892006352
6977,0,0.5002340975959472
6978,0,0.5005606668818062
6979,0,0.5469752748145824
6980,0,0.5003562133189938
6981,0,0.5001627967299694
6982,0,0.5003834453807393
6983,0,0.5043259526675461
6984,0,0.5002158100530502
6985,0,0.500685718247115
6986,0,0.5001805529588615
6987,0,0.5013500261432571
6988,0,0.5004594089319591
6989,0,0.5000756256018787
6990,0,0.5004061626540331
6991,0,0.503834477322205
6992,0,0.5002378039143648
6993,0,0.500342415152532
6995,0,0.5004021057414122
6996,0,0.5005376650953098
6997,0,0.5002416117473149
6998,0,0.5012170016227648
6999,0,0.500085400825147
7000,0,0.503944707934319
7001,0,0.501769135699098
7002,0,0.500399443397701
7003,0,0.5004765540919852
7004,0,0.5003259496649094
7005,0,0.5026612528309012
7006,0,0.5002828592512768
7007,0,0.5000859259717665
7008,0,0.5005737574967477
7009,0,0.5003195029174246
7010,0,0.5003732459041226
7011,0,0.5003471300859336
7012,0,0.5043996228873041
7013,0,0.5266006998571543
7014,0,0.5126824822685071
7015,0,0.5001461238021518
7016,0,0.5011814173030887
7017,0,0.5004573676100372
7018,0,0.5004867133360311
7019,0,0.5004242958447754
7020,0,0.5022255954789036
7021,0,0.5001519480172316
7022,0,0.5001328187793556
7023,0,0.5001634271842624
7024,0,0.5007769430932374
7025,0,0.500224867888156
7026,0,0.5014624476600451
7027,0,0.5002455621130475
7028,0,0.5002081303518087
7029,0,0.500405886792071
7030,0,0.5044451398515333
7031,0,0.5001145447292205
7032,0,0.5005199861239619
7033,0,0.500359860738477
7034,0,0.5016056041158106
7035,0,0.5006681726982075
7036,0,0.5001150903022783
7037,0,0.5003145496590136
7038,0,0.5001207554222075
7039,0,0.5005938447934914
7040,0,0.5005270552113895
7041,0,0.5005513760317737
7042,0,0.5007423605655401
7043,0,0.5003020932090514
7044,0,0.500202271752238
7045,0,0.5001551286066415
7046,0,0.502004660946861
7047,0,0.5005873920102999
7049,0,0.5008584185556941
7050,0,0.5005881778725892
7052,0,0.5002816610677735
7053,0,0.5006326273546995
7054,0,0.5001541068638345
7055,0,0.5001635755064467
7056,0,0.5018498918402117
7057,0,0.5009714563677382
7058,0,0.501678067339395
7059,0,0.5002007606133383
7060,0,0.5003750044101866
7061,0,0.5004012869506557
7062,0,0.5003136071974645
7063,0,0.5004718969226968
7064,0,0.500310912317818
7065,0,0.5000756256018787
7066,0,0.5008735850761741
7067,0,0.5001456293523157
7068,0,0.5000756256018787
7069,0,0.5002991149075744
7070,0,0.5002080986037214
7071,0,0.5001796535869818
7072,0,0.5000903229039875
7073,0,0.5006914327145202
7074,0,0.5003589199040138
7075,0,0.5001641316484123
7076,0,0.5014522840285595
7079,0,0.5015885041819973
7080,0,0.5003874670609672
7081,0,0.5011640967041778
7082,0,0.5004212309749233
7083,0,0.5001053905418161
7084,0,0.5001598079304794
7085,0,0.5012307297644297
7086,0,0.5026942423526133
7087,0,0.5001096834560587
7088,0,0.5008829324838492
7089,0,0.5006076136352624
7090,0,0.5002452169703453
7091,0,0.5012301056012776
7092,0,0.5008507138705427
7093,0,0.5002908330131399
7094,0,0.500258877185312
7095,0,0.5046712382241249
7096,0,0.5041704682644991
7097,0,0.5007435877975963
7098,0,0.5008506069053402
7099,0,0.5000756256018787
7101,0,0.500272028767478
7102,0,0.5003426783734243
7103,0,0.5018015229897754
7104,0,0.5013215852095688
7105,0,0.5005770986058238
7106,0,0.500135012370031
7107,0,0.5017478686180101
7108,0,0.500476259759992
7109,0,0.5000756256018787
7110,0,0.5005307263930464
7111,0,0.5005515932560304
7112,0,0.5013186393316025
7113,0,0.5022805106491048
7114,0,0.5001712819656661
7115,0,0.5010252986350916
7116,0,0.5038635802833158
7117,0,0.508991516952627
7118,0,0.5000756256018787
7119,0,0.5026509874591975
7120,0,0.5014506094922645
7121,0,0.5009356624556759
7122,0,0.5002863917048519
7123,0,0.501134752760118
7124,0,0.5007848129573961
7125,0,0.502170894942066
7126,0,0.5016028806903982
7127,0,0.5002964762480229
7128,0,0.5002167558972274
7129,0,0.501759456331964
7130,0,0.5010723115437181
7131,0,0.5015272663299296
7132,0,0.500701296227233
7133,0,0.5095860675354951
7134,0,0.5001253986502954
7135,0,0.5003571039216925
7136,0,0.5000980775477553
7137,0,0.5002572099750927
7138,0,0.5001816145006488
7139,0,0.5005239647439936
7140,0,0.500235629026958
7141,0,0.500625679187208
7142,0,0.5001492571932169
7143,0,0.5014923107162611
7144,0,0.5054551598071281
7145,0,0.5003039496686905
7146,0,0.5053924215982655
7147,0,0.5001254211470053
7148,0,0.5065151225747314
7149,0,0.5014680338031221
7150,0,0.50047602848748
7151,0,0.5015302832329724
7152,0,0.5000756256018787
7153,0,0.5004295625239862
7154,0,0.5000966514995447
7155,0,0.5003065219779416
7156,0,0.5019501429038907
7157,0,0.5002975097953072
7158,0,0.5002017929871856
7159,0,0.5008137051568096
7160,0,0.5003146534994694
7161,0,0.5001005754488596
7162,0,0.5000859259717665
7163,0,0.5015289592030158
7164,0,0.5001479437597689
7165,0,0.5004023312149309
7166,0,0.5001720156550225
7167,0,0.5011931452373971
7168,0,0.5022951822941285
7169,0,0.5003688682553538
7170,0,0.5002770131695231
7171,0,0.5001651129501097
7172,0,0.5057145506408603
7173,0,0.5004967232889481
7174,0,0.5002822419062866
7175,0,0.5008081042049866
7176,0,0.500260416912546
7177,0,0.5003007904638406
7178,0,0.5003033211911853
7179,0,0.501947169032525
7181,0,0.5008335342860064
7182,0,0.5011111466274729
7183,0,0.5003750074553144
7184,0,0.500137123933005
7185,0,0.5001931641478102
7186,0,0.5001262450502749
7187,0,0.504013437166726
7188,0,0.5001685967175394
7189,0,0.5000756256018787
7190,0,0.5004233951678113
7191,0,0.5002707083118868
7192,0,0.5038722005025879
7193,0,0.5002257619226272
7194,0,0.5002058142497768
7195,0,0.5151860813331529
7196,0,0.5004031885280731
7197,0,0.500097532500829
7198,0,0.5000880151297974
7199,0,0.5002288741232658
7200,0,0.500373842967237
7201,0,0.5019717750577894
7202,0,0.500235629026958
7203,0,0.500164959683637
7204,0,0.5031948217753965
7205,0,0.5014217506693012
7206,0,0.5000851327522723
7207,0,0.5000756256018787
7208,0,0.5004109431695578
7209,0,0.5303498707278814
7211,0,0.5009727410070203
7212,0,0.5000877451185252
7213,0,0.5002949256206646
7214,0,0.5013109188621987
7215,0,0.5002463420855301
7216,0,0.5014526116322187
7217,0,0.5001414399245657
7218,0,0.5022852137746866
7219,0,0.5009012458530163
7220,0,0.5003354766737774
7221,0,0.500187481753426
7222,0,0.5001875587295688
7223,0,0.5000756256018787
7224,0,0.5021697581567847
7225,0,0.5011111843509622
7226,0,0.5000756256018787
7227,0,0.5003990339223574
7228,0,0.5003624251846078
7229,0,0.500978243286248
7230,0,0.5066585848910637
7231,0,0.5018626652794483
7232,0,0.5002091324581454
7233,0,0.5001367015611901
7234,0,0.5008699128368455
7235,0,0.5001741944911011
7236,0,0.5004595877982451
7237,0,0.5000756256018787
7238,0,0.5310469346891094
7239,0,0.5002113989576602
7240,0,0.5000885742382842
7242,0,0.5006337415018217
7243,0,0.5024365685750547
7244,0,0.5015615756555516
7245,0,0.5005636594004219
7246,0,0.5000920091514179
7247,0,0.5001050872516964
7248,0,0.5001307231234874
7249,0,0.5003616221903114
7250,0,0.5004795556153441
7251,0,0.500097541442336
7252,0,0.5001588994811946
7253,0,0.5001392311616184
7254,0,0.500383037479667
7255,0,0.5004554915540107
7256,0,0.5005684917011336
7257,0,0.5004970310258825
7258,0,0.5003599185356754
7259,0,0.5018385736905451
7260,0,0.5002273324993795
7261,0,0.5003319420230917
7262,0,0.5001112565071352
7263,0,0.5000857323716192
7264,0,0.5029537782294814
7265,0,0.5072993845269099
7266,0,0.5001122425150585
7267,0,0.5003485761924674
7268,0,0.5002193109684614
7269,0,0.5001374431157587
7270,0,0.5000989818111811
7271,0,0.5000756256018787
7272,0,0.500437053954142
7273,0,0.500289458832876
7274,0,0.5001349364610655
7275,0,0.5012434342121472
7276,0,0.5019171279926761
7277,0,0.5002568016592152
7278,0,0.5001635953306495
7279,0,0.5012789389437082
7280,0,0.5013049154098868
7282,0,0.5004273764295407
7283,0,0.5001978972063376
7284,0,0.5007546763535906
7285,0,0.5006879363600207
7286,0,0.500152439122293
7287,0,0.500352566946249
7288,0,0.5002269318358836
7289,0,0.5003068221420378
7290,0,0.5046243808926859
7291,0,0.5000756256018787
7292,0,0.5002142911146652
7293,0,0.50011593533092
7294,0,0.500218689466124
7295,0,0.5018363133005567
7296,0,0.5001824183129748
7297,0,0.5002675872798896
7298,0,0.5009567540420521
7299,0,0.5005275805010571
7300,0,0.5005380880962247
7301,0,0.5002934313012631
7302,0,0.5003211892883622
7303,0,0.5001224167309902
7304,0,0.5006749141083071
7305,0,0.5003961301273043
7306,0,0.5005882150300205
7307,0,0.5001031798695368
7308,0,0.5003589199040138
7309,0,0.5001836028332618
7310,0,0.5010501254956969
7311,0,0.5001349135357249
7312,0,0.5047155068670027
7313,0,0.5003080183177481
7314,0,0.500273902562438
7315,0,0.5004893308039176
7316,0,0.5003193420869937
7317,0,0.5002692748973603
7318,0,0.5002327743797822
7319,0,0.5002586012925998
7320,0,0.5000974522713734
7321,0,0.5002214181934856
7322,0,0.500344622802446
7323,0,0.5004428825368658
7324,0,0.5004507356222145
7325,0,0.5030282746171351
7326,0,0.5009229575935675
7327,0,0.5005185543655489
7328,0,0.5002133746742666
7329,0,0.5003364221957537
7330,0,0.500986153325588
7331,0,0.500589853155459
7332,0,0.5001740008848825
7333,0,0.5400769011212149
7334,0,0.5311615041738064
7335,0,0.5000756256018787
7336,0,0.5002106478716718
7337,0,0.506758455617408
7338,0,0.5003547990091307
7339,0,0.5023169310813073
7340,0,0.5005754724618436
7341,0,0.5006621086932109
7342,0,0.5010969821979916
7343,0,0.5006909724025018
7345,0,0.5000756256018787
7346,0,0.5042793096026281
7347,0,0.5001424096795988
7348,0,0.5018809363879306
7349,0,0.5001100751996181
7350,0,0.5010003265485027
7351,0,0.500251009836364
7352,0,0.5004818483371681
7353,0,0.5002793584508135
7354,0,0.5001755549119715
7355,0,0.5001299828989626
7356,0,0.5061271557928805
7357,0,0.5001346054115576
7358,0,0.5003932905107085
7359,0,0.5032827883632949
7360,0,0.5006067043332948
7361,0,0.5002600638069905
7362,0,0.5017173917094432
7363,0,0.5000947842073281
7364,0,0.5001631028547641
7365,0,0.5002070446540909
7367,0,0.5005775274772851
7368,0,0.5003117477098924
7369,0,0.5009798079053529
7370,0,0.5012678716556098
7371,0,0.5002646791574049
7372,0,0.5002419655880193
7373,0,0.5003085059364824
7374,0,0.554953340022325
7375,0,0.5001920877646882
7376,0,0.50008625109117
7377,0,0.5001846941732598
7378,0,0.5006682447256676
7379,0,0.5002694664173271
7380,0,0.5006083702589491
7381,0,0.5038111214900243
7382,0,0.5000842325197922
7383,0,0.500275221450378
7385,0,0.5005795232426802
7386,0,0.5010734943068854
7387,0,0.5001711636925635
7388,0,0.5001995633135614
7389,0,0.5050471937818138
7390,0,0.5004876228930358
7391,0,0.5004869258675875
7392,0,0.5002330981586225
7393,0,0.5002632774042791
7394,0,0.5000897226893046
7395,0,0.5005786784775733
7396,0,0.5003337501180533
7397,0,0.5004640811004942
7398,0,0.501066620864005
7399,0,0.5001593919514972
7400,0,0.501366206971357
7401,0,0.5001386890595539
7402,0,0.5003354605699272
7403,0,0.5005920878817622
7404,0,0.5004286591588588
7405,0,0.5005921747172655
7406,0,0.5006460969583976
7407,0,0.5007682163875441
7408,0,0.5055017699317056
7409,0,0.5000756256018787
7410,0,0.5012802650068836
7411,0,0.5080002190483035
7412,0,0.5017484533133
7413,0,0.5009024280263277
7414,0,0.5004402408152954
7415,0,0.5002200701304257
7416,0,0.500556547136943
7417,0,0.5115604674712344
7418,0,0.5009043964408129
7419,0,0.500630588329778
7420,0,0.5065761434151556
7421,0,0.5005393365981303
7422,0,0.5001993601147717
7423,0,0.5002451754449626
7424,0,0.5009098724925618
7425,0,0.5001948609710466
7426,0,0.5001573373536833
7427,0,0.5002669655744076
7428,0,0.5002081303518087
7429,0,0.5302343241653977
7430,0,0.5007913633106118
7431,0,0.5015142071113424
7432,0,0.5040053374876317
7433,0,0.5002255612836521
7434,0,0.5000960240708121
7435,0,0.5002977098446724
7436,0,0.5005687473514561
7437,0,0.5014594161743189
7438,0,0.5000989177265839
7439,0,0.5043971169082585
7440,0,0.5021045543821825
7441,0,0.5000756256018787
7442,0,0.5006522549399949
7443,0,0.5000997211388952
7444,0,0.5027056433425101
7445,0,0.5002868465653693
7446,0,0.50029267868797
7447,0,0.5004743594317104
7448,0,0.5003143912715058
7449,0,0.5002179946727227
7450,0,0.5007410771352532
7451,0,0.500324952794766
7452,0,0.50014559269872
7453,0,0.5007169563882733
7454,0,0.500137973550062
7455,0,0.5037447029778604
7456,0,0.5003601438857345
7457,0,0.5011765967966098
7458,0,0.5000756256018787
7459,0,0.5003968804965774
7460,0,0.5001215785313359
7461,0,0.500095280538015
7462,0,0.5002134753582108
7463,0,0.5000843767148058
7464,0,0.5003507577005208
7465,0,0.5011431102738304
7466,0,0.500209094281503
7467,0,0.5012746172504531
7468,0,0.500323344348318
7469,0,0.5030121995948226
7470,0,0.5020535461949617
7471,0,0.5015920778153719
7472,0,0.5036724693170147
7473,0,0.500222749836383
7474,0,0.505670089326445
7475,0,0.5003998833002508
7476,0,0.5001813130110389
7477,0,0.5039677274526025
7478,0,0.502116725447504
7479,0,0.5006429331084526
7480,0,0.5009746241262044
7481,0,0.5003085151598516
7482,0,0.5002703662271912
7483,0,0.5025502586301438
7484,0,0.5002815484367793
7485,0,0.5037197105758816
7486,0,0.5016102282714041
7487,0,0.5019334714993452
7488,0,0.5001735931499998
7489,0,0.500467975684872
7490,0,0.5000949668803933
7491,0,0.5052760489915524
7492,0,0.5000756256018787
7493,0,0.5000984408730147
7494,0,0.5038389366011353
7495,0,0.5030316868113605
7496,0,0.5001423035652719
7497,0,0.5006865250243662
7498,0,0.5006927819911482
7499,0,0.5001829703899625
7500,0,0.5003254144989053
7501,0,0.5000756256018787
7502,0,0.5001501151998463
7503,0,0.5000756256018787
7504,0,0.5002072483316546
7505,0,0.5001770035983291
7506,0,0.5008458238523629
7507,0,0.5014721246148428
7508,0,0.5000934390777112
7509,0,0.5005522868059681
7510,0,0.50026213168697
7511,0,0.5002349468882826
7512,0,0.5003017391079205
7513,0,0.5171241509368154
7514,0,0.5002021885802788
7515,0,0.5002941173667832
7516,0,0.5005436274840818
7517,0,0.5004257323873633
7518,0,0.5004110000191672
7519,0,0.5006728320464225
7520,0,0.5001487719917059
7522,0,0.5004169184889659
7523,0,0.5000899432024682
7524,0,0.5001293285103839
7525,0,0.5014397022158025
7526,0,0.5003885677134078
7527,0,0.5004298897789186
7528,0,0.5000756256018787
7529,0,0.517037060703113
7530,0,0.5001957985263474
7531,0,0.5001456643703209
7532,0,0.5014734858567004
7533,0,0.5000861237703097
7534,0,0.5006061060629421
7535,0,0.5050881253655465
7536,0,0.5012915178576296
7537,0,0.5079311535060128
7538,0,0.5066410014446097
7539,0,0.5006590092800558
7540,0,0.5069761222500018
7541,0,0.5006150294487884
7542,0,0.5003457812610007
7543,0,0.500321370653595
7544,0,0.5021615401277854
7545,0,0.5000756256018787
7546,0,0.5005734431891983
7547,0,0.5008207004252982
7548,0,0.500209223098178
7549,0,0.5005418500787352
7550,0,0.5015038955666199
7551,0,0.5002872609848054
7552,0,0.500513342155583
7553,0,0.5013111940890629
7554,0,0.500285439399319
7555,0,0.5002348076911499
7556,0,0.500248056871064
7557,0,0.5010358792838796
7558,0,0.5004525070493884
7559,0,0.5016649137799903
7560,0,0.500112657431126
7561,0,0.5003161341915681
7562,0,0.5002109079229295
7563,0,0.5004434891679128
7564,0,0.5002313173611461
7565,0,0.5004822795495728
7566,0,0.5004637303931991
7567,0,0.5003396086745409
7568,0,0.500949617913452
7569,0,0.500211166590818
7570,0,0.5006537194726762
7571,0,0.5003446426641514
7572,0,0.50129026292075
7573,0,0.5017277029490339
7574,0,0.5004220839023501
7575,0,0.5001887514756669
7576,0,0.5001293466179881
7577,0,0.5002186217697547
7578,0,0.5601776016723429
7579,0,0.5003406550716731
7580,0,0.5001842150382918
7581,0,0.5008920088648756
7582,0,0.5002298339289847
7583,0,0.500140496981373
7584,0,0.5003095581228935
7585,0,0.5018417847696585
7586,0,0.5002101317145957
7587,0,0.5001011436637243
7588,0,0.5002210826990597
7589,0,0.5000756256018787
7590,0,0.5010048159164925
7591,0,0.5006068989335496
7592,0,0.5012871566901037
7593,0,0.500271159585343
7594,0,0.5001612691916296
7595,0,0.5037532962500493
7596,0,0.5004518562572999
7597,0,0.5006249256486452
7598,0,0.5001004259015276
7599,0,0.5000756256018787
7600,0,0.500959486716633
7601,0,0.5012819655038349
7602,0,0.5019692328789628
7603,0,0.500142311895651
7604,0,0.500700005172493
7605,0,0.5002140416115415
7606,0,0.5002217566760534
7607,0,0.5003557062667858
7608,0,0.50016877753843
7609,0,0.500288288100922
7610,0,0.5072067695271932
7611,0,0.500116143071557
7612,0,0.5004270724631791
7613,0,0.5000968457979605
7614,0,0.5003269811154372
7615,0,0.5010182639153763
7616,0,0.5042912575826455
7617,0,0.5009374623175602
7618,0,0.5003204187292911
7619,0,0.5015120752751446
7620,0,0.5010459238958852
7621,0,0.5000891933676604
7622,0,0.5024107927395699
7623,0,0.5002363404161476
7624,0,0.5017409067358924
7625,0,0.5004185339195396
7626,0,0.5001399926967184
7627,0,0.5000863513011211
7628,0,0.5012721649725433
7629,0,0.5009993429894964
7630,0,0.500477720065543
7631,0,0.5010035037752387
7632,0,0.5001554241347301
7633,0,0.5001082116475896
7634,0,0.5008327721465232
7635,0,0.5004383064444111
7636,0,0.5002931355102832
7637,0,0.5009650583555979
7638,0,0.5001399926967184
7639,0,0.5002302909419163
7640,0,0.5002607021836379
7641,0,0.500595131781905
7642,0,0.5014449348953365
7643,0,0.5002382898883712
7644,0,0.5001210221202589
7645,0,0.5000756256018787
7646,0,0.5000864048887715
7647,0,0.5007271147313842
7648,0,0.5010188167916266
7649,0,0.5008047500469521
7650,0,0.5001163715784449
7651,0,0.500101121773485
7652,0,0.5170833533121488
7653,0,0.5010519440253306
7654,0,0.5002339283454961
7655,0,0.5008592458627614
7656,0,0.5001880400658969
7657,0,0.5055278642138498
7658,0,0.5005652711735675
7659,0,0.5014330087557858
7660,0,0.5011140061262835
7661,0,0.5000756256018787
7662,0,0.5001017506016449
7663,0,0.5052889625734387
7664,0,0.5003990945571477
7665,0,0.5002734103359353
7666,0,0.5012155617728937
7667,0,0.5002216807554456
7668,0,0.5005289024549482
7669,0,0.5005736925903689
7670,0,0.5000992088790414
7671,0,0.5001278267331221
7672,0,0.5078359195719386
7673,0,0.5010274125987504
7674,0,0.5001914484633049
7675,0,0.5090383414394405
7676,0,0.505841297355796
7677,0,0.5015518984621163
7678,0,0.5006209507941576
7679,0,0.5001471105319648
7680,0,0.5006618324047426
7681,0,0.5020583671354075
7682,0,0.5208183952414324
7683,0,0.5003993349323337
7684,0,0.5001131902428168
7685,0,0.5001504234579884
7686,0,0.5001230314675353
7687,0,0.5001332600616897
7688,0,0.5036538103651759
7689,0,0.5001803376954287
7690,0,0.5004430541921266
7691,0,0.5099571085161334
7692,0,0.5001361565788847
7693,0,0.5003650762061783
7694,0,0.5003110653008288
7695,0,0.5000974223724256
7696,0,0.5005099792682972
7697,0,0.5000972729263071
7698,0,0.5003535327299268
7699,0,0.5001969166988557
7700,0,0.5054124075483634
7701,0,0.5007378641472975
7702,0,0.5003154197205111
7703,0,0.5012175103193169
7704,0,0.5001081882885584
7705,0,0.5021252736877416
7706,0,0.5005983500814688
7707,0,0.5002020288653678
7708,0,0.503045542285501
7709,0,0.5000877451185252
7710,0,0.5059228412872939
7711,0,0.5002558311611439
7712,0,0.5024892485487291
7713,0,0.5022686764002812
7714,0,0.5003091586092303
7715,0,0.5016467793482982
7716,0,0.5000756256018787
7717,0,0.5014618095038265
7718,0,0.5001451228478451
7719,0,0.5008839221123782
7720,0,0.5004652648394732
7721,0,0.500231242433181
7722,0,0.5008602564038543
7723,0,0.5014291236789907
7724,0,0.5008503144690329
7725,0,0.500163512570393
7726,0,0.5008875677805786
7727,0,0.5016264810230117
7728,0,0.5005231299091508
7729,0,0.5035536712658806
7730,0,0.500503424338243
7731,0,0.5004838587531923
7732,0,0.5005105989277894
7733,0,0.5008382138946184
7734,0,0.5002755193760959
7735,0,0.5004033190634379
7736,0,0.5001517009499669
7737,0,0.5008562635061801
7738,0,0.50017830382915
7739,0,0.5001316457658531
7740,0,0.5001089777286017
7741,0,0.5004552241070475
7742,0,0.5010746135596665
7743,0,0.5006743683322405
7744,0,0.5010715039948339
7745,0,0.5003651836568567
7746,0,0.5009989396791004
7747,0,0.5001142174441938
7748,0,0.5015542526057635
7749,0,0.5004327655399369
7750,0,0.5001876387060099
7751,0,0.5018456880251144
7752,0,0.5001968820007091
7753,0,0.5027125159205161
7754,0,0.5024598929106538
7755,0,0.5002188768774
7756,0,0.5003600467729025
7757,0,0.5000973935974219
7758,0,0.5003070771168234
7759,0,0.5003136776483547
7760,0,0.5022604601879166
7761,0,0.5001950615736975
7762,0,0.5002810304971969
7763,0,0.5016938030050245
7764,0,0.5023452612176984
7765,0,0.5001846110358221
7766,0,0.5001616284393013
7767,0,0.5003988699549906
7768,0,0.5014331824414117
7769,0,0.500230637922798
7770,0,0.5034872971076182
7771,0,0.5005962021662683
7772,0,0.5008407256116746
7773,0,0.5008044056950671
7774,0,0.5002834650454179
7775,0,0.5043361426680238
7776,0,0.5003843487370436
7777,0,0.5001052353880654
7778,0,0.5034826489268325
7779,0,0.5014991154954229
7780,0,0.5019398704958596
7781,0,0.5012259267687065
7782,0,0.518146945518378
7783,0,0.5008932818477003
7784,0,0.500508970595099
7785,0,0.5002071298093053
7786,0,0.5001172117679611
7787,0,0.5024215310865815
7788,0,0.5021347260091582
7789,0,0.5037726416058659
7790,0,0.5001607112311469
7791,0,0.5022828858270649
7792,0,0.5002615057669736
7794,0,0.5104054774817833
7795,0,0.5001310008108396
7796,0,0.5000875322551387
7797,0,0.5039968182291211
7798,0,0.500141970538057
7799,0,0.5010265138232225
7800,0,0.502768424498137
7801,0,0.5007308353445803
7802,0,0.5019831555308383
7803,0,0.5004740963199459
7804,0,0.5001573216296217
7805,0,0.5001385537475791
7806,0,0.500354568829407
7807,0,0.5004459873927212
7808,0,0.5001247483361917
7809,0,0.5222683727809386
7810,0,0.5013621712053684
7811,0,0.5044320500181231
7812,0,0.5002415522460768
7813,0,0.50070404992289
7814,0,0.500285108685355
7815,0,0.5001175884582547
7816,0,0.5002336984745354
7817,0,0.5001759598423943
7819,0,0.5012266379801167
7820,0,0.5000859259717665
7822,0,0.5001644642583501
7823,0,0.5009373746121875
7824,0,0.5003437889803046
7825,0,0.5001961217750055
7826,0,0.5000756256018787
7827,0,0.5000848073623566
7828,0,0.500484726006191
7829,0,0.5014330877060331
7830,0,0.5002988636903782
7831,0,0.5028142982694477
7832,0,0.5001412350648525
7833,0,0.5006441496091596
7834,0,0.5002454232522616
7835,0,0.5011967131897148
7836,0,0.5016890526007429
7837,0,0.5055795448865901
7838,0,0.5068658978138901
7839,0,0.5026135409596566
7840,0,0.5003542211522106
7841,0,0.5003134113458001
7842,0,0.5001221447967924
7843,0,0.5012576757263408
7844,0,0.5013356864544514
7845,0,0.5003277669734482
7846,0,0.5001738474150149
7847,0,0.5195614826269216
7848,0,0.5001295081293555
7849,0,0.5004554636233829
7850,0,0.5018361961916707
7851,0,0.5015139191919963
7852,0,0.5001131070719137
7853,0,0.5000885742382842
7854,0,0.5062125033338094
7855,0,0.5000851169450273
7856,0,0.5012728463760477
7857,0,0.5061486879772233
7858,0,0.5021966396385319
7859,0,0.5006426631287849
7860,0,0.501178488948882
7862,0,0.5003213251055767
7863,0,0.5004788248590604
7864,0,0.500764429921792
7865,0,0.5001241015819733
7866,0,0.5005391903411954
7867,0,0.5005108626233511
7868,0,0.500150555688235
7869,0,0.5001497599286668
7870,0,0.502575577310956
7871,0,0.5220555585559373
7872,0,0.5001329168843939
7873,0,0.5006113540286563
7874,0,0.500851921220756
7875,0,0.5005064915524078
7876,0,0.5010862553052755
7878,0,0.5000855665506565
7879,0,0.5066065442192728
7880,0,0.5011174578968896
7881,0,0.5001487066073199
7882,0,0.5025348271167474
7883,0,0.5027588164322772
7884,0,0.5002245310074405
7885,0,0.500693711272791
7886,0,0.5000960331376473
7887,0,0.5038173699009351
7888,0,0.5001196869269204
7889,0,0.5002633989421679
7890,0,0.5002260823935464
7891,0,0.5009567545962701
7892,0,0.5001008456585855
7893,0,0.5001752651298434
7894,0,0.5014268745069982
7895,0,0.5045381852184373
7896,0,0.5006134012655905
7897,0,0.5007063982570904
7898,0,0.5005320276606309
7899,0,0.5005783428755171
7900,0,0.5007006925559235
7901,0,0.5006345017475788
7902,0,0.5001354543522465
7903,0,0.5003792720809355
7904,0,0.5061999587112904
7905,0,0.5008869992794965
7906,0,0.5010532856128792
7907,0,0.5001564746594406
7908,0,0.5006468577087818
7909,0,0.5001360607995784
7910,0,0.5001729788086987
7911,0,0.5002912891769546
7912,0,0.5003252329117486
7913,0,0.500388496856047
7914,0,0.5002043646373351
7916,0,0.5003282421670674
7917,0,0.5006682628985054
7918,0,0.5003185683998672
7919,0,0.5001679342107801
7920,0,0.5001242549314239
7921,0,0.5021308318039309
7923,0,0.5001684858082995
7924,0,0.5006755223315776
7925,0,0.5002343794360726
7926,0,0.5002941858001102
7927,0,0.5002942466460364
7928,0,0.5000756256018787
7929,0,0.5004225492508706
7930,0,0.5016926690481531
7931,0,0.5001641459638171
7932,0,0.5007981466679219
7933,0,0.5001598798041293
7934,0,0.500153279803654
7935,0,0.5006807192365517
7936,0,0.500165538123968
7937,0,0.5042274995993219
7938,0,0.5017790087744142
7939,0,0.5004613200913681
7940,0,0.5005072552925315
7941,0,0.5006455057857785
7942,0,0.5020049452249447
7943,0,0.5008951599540928
7944,0,0.5001760978303691
7945,0,0.5001781811834658
7946,0,0.5000996221964643
7947,0,0.501368624065465
7948,0,0.5002142850440974
7949,0,0.5005425960009184
7950,0,0.5000756256018787
7951,0,0.5002270012715582
7952,0,0.5028450594991165
7953,0,0.5003497737958361
7954,0,0.5001612135026821
7955,0,0.5006520696303942
7956,0,0.5003737666744882
7957,0,0.5199554666918642
7958,0,0.5009643983718552
7959,0,0.50049114145442
7960,0,0.5002339446657966
7961,0,0.5004464080486202
7962,0,0.5011708547734908
7963,0,0.5029909907111144
7964,0,0.5044073869462194
7965,0,0.5001127271607102
7966,0,0.5009666124002462
7967,0,0.5092352783344086
7968,0,0.5004911941460419
7969,0,0.500685134051046
7970,0,0.5001078021109924
7971,0,0.5005878190313203
7972,0,0.5004135018830707
7973,0,0.5003894308445381
7974,0,0.5003898167964249
7975,0,0.5001250958220903
7976,0,0.5003860706571046
7977,0,0.5002381687460823
7978,0,0.5004557237326664
7979,0,0.5037249896586751
7980,0,0.514272944756982
7981,0,0.5003776649854765
7982,0,0.5005962885964949
7983,0,0.500466322038853
7984,0,0.5001809411275446
7985,0,0.5001483772086979
7986,0,0.5013629081881388
7987,0,0.5007756271749781
7988,0,0.5002598839638766
7989,0,0.5010546372976166
7990,0,0.5010146079804816
7991,0,0.500187178341457
7992,0,0.5002721870774997
7993,0,0.5001231134521115
7994,0,0.5002229090505765
7995,0,0.5001408862098433
7996,0,0.5000859750370901
7997,0,0.5021099384423964
7998,0,0.5001642395867757
7999,0,0.5004793968527025
8000,0,0.5008073723639761
8001,0,0.5005373880450329
8002,0,0.5001987046777133
8003,0,0.5000756256018787
8004,0,0.5006558081002398
8005,0,0.5027905161301326
8006,0,0.5003582281573018
8007,0,0.5011913233338042
8008,0,0.5001165368637522
8009,0,0.5017909698354374
8010,0,0.5003031801468558
8011,0,0.5020929330676649
8012,0,0.5013768970108048
8013,0,0.5010833628216509
8014,0,0.5005557398027524
8015,0,0.5040975490648938
8016,0,0.5001296365906525
8017,0,0.5007235112419477
8018,0,0.5001472152226926
8019,0,0.5003460261782245
8020,0,0.5002856608530855
8021,0,0.5059264403524184
8022,0,0.5001222735397967
8023,0,0.5001478255617765
8024,0,0.500291383294048
8025,0,0.5012135470839583
8026,0,0.5005717226312892
8027,0,0.5023557833409623
8028,0,0.5037593458254046
8029,0,0.5005839681384052
8030,0,0.5001410002351487
8031,0,0.500454354513786
8032,0,0.5001033045480825
8033,0,0.5006186179037807
8034,0,0.5006775870714044
8035,0,0.5039133089495912
8036,0,0.5002716878261374
8037,0,0.5005520185241635
8038,0,0.5021264626190383
8039,0,0.5003696055162383
8040,0,0.5001630476149985
8041,0,0.500244226563815
8042,0,0.5040519481150616
8043,0,0.5004549166594183
8044,0,0.5007021368326217
8045,0,0.5006907380340742
8046,0,0.500368176527412
8047,0,0.5001274722221842
8048,0,0.5008757774112867
8049,0,0.5001108641289194
8050,0,0.5002271494183345
8051,0,0.5001738714876865
8052,0,0.5006139101611324
8053,0,0.5012772053396752
8054,0,0.5004409127817274
8055,0,0.5001672985301522
8056,0,0.5011020375003552
8057,0,0.505446203581632
8058,0,0.5001700654971762
8059,0,0.5001515127963231
8060,0,0.5022626357925601
8061,0,0.5003605032501874
8062,0,0.500257650680969
8063,0,0.5001639488955443
8064,0,0.5001959563768615
8065,0,0.500304377322242
8066,0,0.5004957681524891
8067,0,0.5006195482367654
8069,0,0.5007149998739591
8070,0,0.500418930108569
8071,0,0.5008418779189441
8072,0,0.5003598823903257
8073,0,0.5001494053507146
8074,0,0.5005431268122161
8075,0,0.5002345422597302
8076,0,0.5001239973794029
8077,0,0.5106267653811818
8078,0,0.505763171510109
8079,0,0.5001023528716051
8080,0,0.5006331157330821
8081,0,0.5002926138735766
8082,0,0.5000991137960914
8083,0,0.5010658066716372
8084,0,0.5007950507574204
8085,0,0.5001839056789182
8086,0,0.500085619772015
8087,0,0.5004894798320304
8088,0,0.5004404489316302
8089,0,0.5001367785257994
8090,0,0.5015217158865326
8091,0,0.5056484637086887
8092,0,0.5008095031720939
8093,0,0.5002638118107903
8094,0,0.5001348851846218
8096,0,0.5000896328405688
8097,0,0.5001668726747612
8098,0,0.500718960621431
8099,0,0.5001558889640719
8100,0,0.5003011720607813
8101,0,0.5000998213127312
8102,0,0.5000756256018787
8103,0,0.500410935897566
8104,0,0.5001945869372018
8105,0,0.5003900373276841
8106,0,0.5003898765254364
8107,0,0.5002276686918925
8108,0,0.5007683065027402
8109,0,0.5046047827380185
8110,0,0.5001458495503361
8111,0,0.5007716129872407
8112,0,0.5005176483082265
8113,0,0.5001271346935339
8114,0,0.5000908705606479
8115,0,0.5060589443817199
8117,0,0.5001372703551437
8118,0,0.500107706154901
8119,0,0.5001805065798871
8120,0,0.5020072908447437
8121,0,0.5003213721680467
8122,0,0.5001204877424525
8123,0,0.5007842824123384
8124,0,0.5001558533353737
8125,0,0.5012360961011909
8126,0,0.5002828934662614
8127,0,0.5002831254357248
8128,0,0.5007152303127491
8129,0,0.5001172117679611
8130,0,0.5002236784107734
8131,0,0.5003533060081242
8132,0,0.5012117346463162
8133,0,0.5003018541968915
8134,0,0.5001858266114635
8135,0,0.503130233085802
8136,0,0.5001478132420858
8137,0,0.5009712383759013
8138,0,0.5001307306568858
8139,0,0.5003369450936408
8140,0,0.5012551324529058
8141,0,0.5005405124931144
8142,0,0.5005303104734695
8143,0,0.5002340029134588
8144,0,0.502857485272398
8145,0,0.5002457316720277
8146,0,0.5008649374438529
8147,0,0.5000756256018787
8148,0,0.5002191560949154
8149,0,0.5010769462871888
8150,0,0.5002501508415383
8151,0,0.5071967498403929
8152,0,0.5000756256018787
8153,0,0.5001884195190597
8154,0,0.5000865360885028
8155,0,0.500412632840936
8156,0,0.500219940937944
8157,0,0.5002798274301729
8158,0,0.503115034355429
8159,0,0.5001535551825903
8160,0,0.5003114737772643
8162,0,0.5000849679678185
8163,0,0.5001677600073461
8164,0,0.5002411176180472
8165,0,0.5008706197291833
8166,0,0.5078222884660523
8167,0,0.5005708715241185
8168,0,0.5000756256018787
8169,0,0.5041856781639295
8170,0,0.5004347617745215
8171,0,0.5001497070448083
8173,0,0.5017895104034532
8174,0,0.5014063172196044
8175,0,0.5003317710642544
8176,0,0.5001278481248125
8177,0,0.5000756256018787
8178,0,0.500572898059276
8179,0,0.5013006254911128
8180,0,0.5011192446439479
8181,0,0.5004104584319515
8182,0,0.5004293751389925
8183,0,0.5006504198473206
8184,0,0.500673317440774
8185,0,0.5001617736311238
8186,0,0.5001573216296217
8187,0,0.5001420801243642
8188,0,0.5001197024617294
8189,0,0.500477112492771
8190,0,0.5053921989471579
8191,0,0.5000963620630273
8192,0,0.5001300240706495
8193,0,0.5001925220744563
8194,0,0.5008610511429806
8195,0,0.5003532050238593
8196,0,0.5001114117663494
8197,0,0.5001772467371695
8198,0,0.5008719917260973
8199,0,0.5004340921283452
8200,0,0.5004910047608684
8201,0,0.5002284041053447
8202,0,0.5002365685639153
8203,0,0.5008914047498025
8204,0,0.5005791741941992
8205,0,0.5001922109636596
8206,0,0.5013055598311269
8207,0,0.5005761522711693
8208,0,0.5001747099410682
8209,0,0.500097840797414
8211,0,0.5001554511141331
8212,0,0.5003137427328957
8213,0,0.5008457614531423
8214,0,0.5000756256018787
8215,0,0.5001345927247136
8216,0,0.5004439189183071
8217,0,0.5002182928106176
8218,0,0.5017563122652784
8219,0,0.5001710107466675
8220,0,0.5006900748258505
8221,0,0.5080471941203233
8222,0,0.5003487202873128
8223,0,0.5006578840742831
8224,0,0.5028266551151699
8225,0,0.500942508848926
8226,0,0.5016115623840072
8227,0,0.5000756256018787
8229,0,0.5000756256018787
8230,0,0.5001737662138533
8231,0,0.5055477803017229
8232,0,0.5011564851360149
8233,0,0.5026201512926318
8234,0,0.5003842153311283
8235,0,0.5005692609997342
8236,0,0.5007124991629589
8237,0,0.500339624311627
8238,0,0.5001023528716051
8240,0,0.5004797572459116
8241,0,0.5007391424405627
8242,0,0.5002290136573212
8243,0,0.5001130915361361
8244,0,0.5001719213036967
8245,0,0.50030654220754
8246,0,0.5001189274002786
8247,0,0.500161981201094
8248,0,0.5015289364723898
8250,0,0.500208888545061
8251,0,0.5002311707502272
8252,0,0.5002109729876029
8253,0,0.5001949760081068
8254,0,0.5000843767148058
8255,0,0.5002731964379868
8256,0,0.5006134587181391
8257,0,0.5019034576433447
8258,0,0.5012900073501269
8259,0,0.5002189021251912
8260,0,0.5006226445402877
8261,0,0.5008405889440994
8262,0,0.5000984408730147
8263,0,0.5000845269072537
8264,0,0.5004093312048965
8265,0,0.5003992700516848
8266,0,0.5056488557136329
8267,0,0.50114995728874
8268,0,0.5051336022113637
8269,0,0.5015880730913899
8270,0,0.5025096158703909
8271,0,0.5011484559165204
8272,0,0.500219247148718
8273,0,0.5003273759330065
8274,0,0.5010266534373404
8275,0,0.5008492270633008
8276,0,0.5004901741069017
8277,0,0.500174300314317
8278,0,0.5000903229039875
8280,0,0.5004636395398115
8281,0,0.5001022067048879
8282,0,0.5005571525997874
8284,0,0.5001599025897344
8285,0,0.5006680447086644
8286,0,0.5000847061843411
8287,0,0.500634804392813
8288,0,0.5000756256018787
8289,0,0.5004875787888334
8290,0,0.5012977895888064
8291,0,0.5002053159832203
8292,0,0.5010476990689414
8293,0,0.500683413355227
8294,0,0.5004265448833273
8295,0,0.5021621543223362
8296,0,0.5006994822602465
8297,0,0.5005736567965057
8298,0,0.5012203554248392
8299,0,0.5000756256018787
8300,0,0.5025426408871875
8302,0,0.5003311786787423
8303,0,0.5004164315265963
8304,0,0.5008648357788352
8305,0,0.5005432317833028
8306,0,0.5001772467371695
8307,0,0.5003039766404906
8308,0,0.5002041849092547
8309,0,0.5016874133062615
8310,0,0.5022015609830079
8311,0,0.5006723137847849
8312,0,0.5002782416997565
8313,0,0.5016664330748511
8314,0,0.5013559782021539
8315,0,0.5003136822956503
8316,0,0.500240387530929
8317,0,0.500259743211423
8318,0,0.5002016321515573
8319,0,0.5001002006546267
8320,0,0.5007666717444901
8321,0,0.500128902860737
8323,0,0.500207186157834
8324,0,0.5003007698790082
8325,0,0.5001130913483148
8326,0,0.5053055974604149
8327,0,0.5000994466681544
8328,0,0.5010308535882547
8329,0,0.5001731669203946
8330,0,0.5001314436187209
8331,0,0.5002553390048711
8332,0,0.5025678327744653
8333,0,0.5002092790306428
8334,0,0.5001097657556902
8335,0,0.5001508530147292
8336,0,0.5003767120541301
8337,0,0.5006423053784292
8338,0,0.5020857248689219
8340,0,0.5007117141919484
8341,0,0.5003029555984212
8342,0,0.5002651284311688
8343,0,0.5000851327522723
8344,0,0.5003507174326048
8345,0,0.5002779850007906
8346,0,0.5017968958676087
8347,0,0.5003723269184025
8348,0,0.5041070742545535
8349,0,0.5004512331827377
8350,0,0.5002990089602982
8351,0,0.5001298349291495
8352,0,0.500234405039824
8353,0,0.500137123933005
8354,0,0.5001839805328488
8355,0,0.5001090028759114
8356,0,0.5001609647994216
8357,0,0.5004689509393866
8358,0,0.5018430508151208
8359,0,0.500271014129202
8360,0,0.5001504234579884
8361,0,0.5001373258036647
8362,0,0.5002109981309982
8363,0,0.5028839274760678
8364,0,0.5003409446646662
8365,0,0.5005138378421367
8366,0,0.5002018545856637
8367,0,0.5024706474029553
8368,0,0.505810404012965
8369,0,0.5018163309618519
8370,0,0.5000756256018787
8371,0,0.5047225795822997
8372,0,0.5031148602382772
8373,0,0.500359023474875
8374,0,0.5002718784603418
8375,0,0.5009996125739904
8376,0,0.5002189021251912
8377,0,0.5003192212748547
8378,0,0.5007460296706575
8379,0,0.5005544950280821
8380,0,0.5028535562811474
8381,0,0.5000756256018787
8382,0,0.5001063515264879
8384,0,0.5025376173224696
8385,0,0.5009328415938028
8386,0,0.5004897806586304
8387,0,0.5003878039860893
8388,0,0.500255681088094
8389,0,0.5005403397106258
8390,0,0.5002279264523929
8391,0,0.5026900293947545
8392,0,0.5002805364947844
8393,0,0.5005160079309742
8394,0,0.5068577561245928
8396,0,0.5003013676417496
8397,0,0.5003546992891981
8398,0,0.500189103538926
8399,0,0.500097541442336
8400,0,0.5026695500218161
8401,0,0.5001949816336289
8402,0,0.5001448423881176
8403,0,0.5002448378199414
8404,0,0.5033191095012113
8405,0,0.5018515015120312
8406,0,0.5029381192150141
8407,0,0.500889699064212
8408,0,0.5002785311393652
8409,0,0.5047970870278575
8410,0,0.5018757247772729
8411,0,0.5006766836411874
8412,0,0.5002024043493901
8413,0,0.502426808234932
8414,0,0.5003262697256928
8415,0,0.5001343179140767
8416,0,0.5100987268779695
8417,0,0.5000756256018787
8418,0,0.5000756256018787
8419,0,0.500838750617216
8420,0,0.5024852674316921
8421,0,0.5051436144712732
8422,0,0.5017466942969259
8423,0,0.501037277463546
8424,0,0.5004304378447608
8426,0,0.5043299236926498
8427,0,0.5010090761429827
8428,0,0.5007571330486666
8429,0,0.5002268811128152
8430,0,0.5001702902304951
8431,0,0.5009466057480282
8432,0,0.5001044516848943
8433,0,0.5011342277746157
8434,0,0.5001135602269133
8435,0,0.5003228360392408
8436,0,0.5002322114622656
8437,0,0.5123889822462068
8438,0,0.5041290638311825
8439,0,0.5002132627115797
8440,0,0.500172150326431
8441,0,0.506186322896536
8442,0,0.5012125998413683
8443,0,0.5010780411514151
8444,0,0.5037667476267128
8445,0,0.500240219344307
8446,0,0.5005335303168884
8447,0,0.5021114353730048
8448,0,0.5000756256018787
8449,0,0.5003539261358361
8450,0,0.5006694299560888
8451,0,0.5042982169243624
8452,0,0.5007224813181597
8453,0,0.5001407682532655
8454,0,0.5001423035652719
8455,0,0.5009068406318877
8456,0,0.5000963793000252
8457,0,0.5117709528921888
8458,0,0.5007703616277434
8459,0,0.5050227895469409
8460,0,0.5001548373173034
8461,0,0.5003023273238302
8462,0,0.5001829642474036
8463,0,0.5003691516609196
8464,0,0.5000756256018787
8465,0,0.5013274469105844
8466,0,0.5003992321682668
8467,0,0.5006841234793014
8468,0,0.5000849398684392
8469,0,0.5000756256018787
8470,0,0.5001750095950499
8471,0,0.5007158241976833
8472,0,0.5001596879225222
8473,0,0.5003120772611167
8474,0,0.5002931918624908
8475,0,0.5007638216250014
8476,0,0.5026116091989719
8477,0,0.5003921640179557
8478,0,0.5007336363292207
8479,0,0.5019598573650655
8480,0,0.500922078003344
8481,0,0.5006360838087891
8482,0,0.5025030977643603
8483,0,0.5002365216196092
8484,0,0.5002123988256294
8485,0,0.5002365685639153
8486,0,0.5008722442338305
8487,0,0.5001587139871184
8488,0,0.5002142199036159
8489,0,0.5001309787120698
8490,0,0.5001785506042452
8491,0,0.501078311884723
8492,0,0.5002669397340612
8493,0,0.5008946306208851
8494,0,0.5098917166528812
8495,0,0.5000756256018787
8496,0,0.5005510314713872
8497,0,0.5040191116113398
8498,0,0.5028774401192122
8499,0,0.5002980722536609
8500,0,0.5015747858135232
8501,0,0.5000756256018787
8502,0,0.5014895155963274
8503,0,0.5007297064921029
8504,0,0.5004267687492471
8505,0,0.5002072075011441
8506,0,0.5003749294703074
8507,0,0.5001458113687951
8508,0,0.5004233414050806
8509,0,0.5002334929894938
8510,0,0.5005417450540132
8511,0,0.5001287232142471
8512,0,0.5007706962955232
8513,0,0.5009200019896746
8514,0,0.500235000616601
8515,0,0.5009212038740326
8516,0,0.5003029546382197
8517,0,0.5062012952585097
8518,0,0.5000756256018787
8519,0,0.5016064004652292
8520,0,0.502212033708968
8521,0,0.5003390229116439
8522,0,0.5003092756863836
8523,0,0.5020194349883552
8524,0,0.500619768824151
8525,0,0.5003243206939918
8526,0,0.500084968651125
8527,0,0.5005491082878653
8528,0,0.5003287614784162
8529,0,0.5012130435485856
8530,0,0.5005283576891429
8531,0,0.5001496819095231
8532,0,0.5006080205017808
8533,0,0.5002963485240232
8534,0,0.5007419905982932
8535,0,0.5003079524932484
8536,0,0.5004085544931195
8537,0,0.5023088005780306
8538,0,0.5008596996637055
8539,0,0.5008664895659979
8540,0,0.500316582043155
8541,0,0.5001051374129573
8542,0,0.500237659645918
8543,0,0.5002689565413798
8545,0,0.5015883090343847
8546,0,0.5005119907980727
8547,0,0.5003542120431026
8548,0,0.5003961968211184
8549,0,0.5103913532356867
8550,0,0.5006870446731887
8551,0,0.5002684412723436
8552,0,0.5004378124986936
8553,0,0.5024206323658045
8554,0,0.5020130915615899
8555,0,0.5009191958875101
8556,0,0.5010895155377727
8557,0,0.5003695798836929
8559,0,0.5007322383174849
8560,0,0.5051914879607438
8561,0,0.5022882799889415
8562,0,0.5000756256018787
8563,0,0.5008925574008217
8564,0,0.5003431676144113
8565,0,0.5001590164749852
8566,0,0.5000849802915988
8567,0,0.5002033388186476
8568,0,0.5003395678292676
8569,0,0.5000857428881323
8570,0,0.5010141719449275
8571,0,0.5017510668390834
8572,0,0.5030884847247332
8573,0,0.5026740123411622
8574,0,0.5002689565413798
8575,0,0.5009678159883206
8576,0,0.5001432305599511
8577,0,0.5012184224501572
8578,0,0.5001298301207923
8579,0,0.5003136822956503
8580,0,0.5002079072564612
8581,0,0.5001134635928451
8582,0,0.5013668961276532
8583,0,0.5003365913481174
8584,0,0.500085400825147
8585,0,0.5021356756332525
8586,0,0.50008774669174
8587,0,0.5019465006895387
8588,0,0.5016123610950003
8589,0,0.5001306796584717
8590,0,0.5006958019808571
8591,0,0.5002095136086622
8592,0,0.5023550026281529
8593,0,0.5001169425986903
8594,0,0.50008625109117
8595,0,0.5014946777315992
8596,0,0.5000941248634164
8597,0,0.5008741972056633
8598,0,0.5004112421436892
8599,0,0.5001990196202492
8600,0,0.5030139139026352
8601,0,0.5000756256018787
8602,0,0.5002477897283507
8603,0,0.5000756256018787
8604,0,0.5009319924314044
8605,0,0.5006789867437323
8606,0,0.5011274836408525
8607,0,0.5013059630198593
8608,0,0.5001871225344915
8609,0,0.5025177052191198
8610,0,0.5071496730756562
8611,0,0.5008312159281044
8613,0,0.5002977664041105
8614,0,0.5001643452730283
8615,0,0.5010981004352296
8616,0,0.5008032592362793
8617,0,0.5002795077727249
8618,0,0.5005258064510908
8619,0,0.5008846167977388
8620,0,0.5002619638809275
8621,0,0.5070972225283992
8623,0,0.5005995105876602
8624,0,0.5000998947675284
8625,0,0.5001463362482412
8626,0,0.5029496864450327
8627,0,0.5008217352859022
8628,0,0.5005340783373249
8629,0,0.5000883467154075
8630,0,0.5006786797359294
8631,0,0.511036841514811
8632,0,0.5001478255617765
8633,0,0.5003866396204145
8634,0,0.5002334992372985
8635,0,0.5001221983113301
8636,0,0.5007284636521909
8637,0,0.5002926868451653
8638,0,0.5076357125408829
8639,0,0.5004474317096157
8640,0,0.5011796734314362
8641,0,0.5031630477782792
8642,0,0.5005757824701956
8643,0,0.5009129771906332
8644,0,0.5027073118346679
8645,0,0.506822585406038
8646,0,0.5006787801434742
8647,0,0.5002493953203856
8648,0,0.5002937080255313
8649,0,0.5009746427995273
8650,0,0.5001415865543846
8652,0,0.5001386890595539
8653,0,0.5007945575037871
8654,0,0.5002882613785289
8655,0,0.5003393102744331
8656,0,0.5001805623887015
8657,0,0.500319092111113
8658,0,0.5004668223551189
8659,0,0.5006419861980659
8660,0,0.502097149280036
8661,0,0.5006955983584349
8662,0,0.5000942986613077
8663,0,0.500536141149695
8664,0,0.5314636122488995
8665,0,0.5006400483752244
8666,0,0.50011375567334
8667,0,0.5003334710023956
8668,0,0.5015477337598548
8669,0,0.500147554088524
8670,0,0.5002617915002909
8671,0,0.5001377117728036
8672,0,0.5016417466209905
8673,0,0.500160679733444
8674,0,0.5003685750351083
8675,0,0.5006013698628821
8676,0,0.5001351528919198
8677,0,0.5012422007257944
8678,0,0.5008228460116666
8679,0,0.5000907143982533
8680,0,0.5001887518922635
8681,0,0.5000861032550922
8682,0,0.5000756256018787
8683,0,0.5001920900757908
8684,0,0.5008978434763821
8685,0,0.5007244825724857
8686,0,0.5012432142333363
8687,0,0.5005340363777415
8689,0,0.502018074023601
8690,0,0.5003856052167804
8691,0,0.5004821343540706
8692,0,0.5032227718917875
8693,0,0.5002427819845101
8694,0,0.5013092290802292
8695,0,0.502610150416585
8696,0,0.5010542237663186
8697,0,0.5005477569858937
8698,0,0.5027349016797994
8699,0,0.5003503832701045
8700,0,0.5001819593456721
8701,0,0.5034871762315422
8702,0,0.5000756256018787
8703,0,0.5008785487990718
8704,0,0.5004680701791966
8705,0,0.5003850170431762
8706,0,0.5002548321620621
8707,0,0.5002085144774329
8708,0,0.5003087336112119
8709,0,0.5002966272519583
8710,0,0.5001969236949966
8712,0,0.5011293136387875
8714,0,0.5031288085224717
8715,0,0.5002222027487556
8716,0,0.5004569335647814
8717,0,0.5006334564177408
8718,0,0.5000756256018787
8719,0,0.500097541442336
8720,0,0.5006675612248628
8721,0,0.5002162685334274
8722,0,0.500405886792071
8723,0,0.500158965792174
8724,0,0.5001878506563147
8725,0,0.5017682321743928
8726,0,0.5021109684206482
8727,0,0.5012539995036387
8728,0,0.500383274204535
8729,0,0.5003330293634755
8730,0,0.500429679087209
8731,0,0.5067241007087142
8732,0,0.5052535430170165
8733,0,0.5001734376094283
8734,0,0.5001974462094481
8735,0,0.5017237643194895
8736,0,0.5002721870774997
8737,0,0.5007869603996631
8738,0,0.5012948370341214
8739,0,0.5009980020589789
8740,0,0.5000756256018787
8741,0,0.5002144096202272
8742,0,0.5003137281799742
8743,0,0.5007815317994972
8744,0,0.5015345703883513
8745,0,0.5004396800629707
8746,0,0.5007080083076368
8747,0,0.5001083337165672
8748,0,0.504448282891375
8749,0,0.5004535874852207
8750,0,0.5010740168957757
8751,0,0.5072805888468238
8752,0,0.5032952968668661
8753,0,0.5003775808374401
8754,0,0.5002827634246002
8755,0,0.5014693051051469
8756,0,0.5002747980966935
8757,0,0.5001172881843992
8758,0,0.5002486474341264
8759,0,0.5007043792649873
8760,0,0.5004763497002255
8761,0,0.508483220840658
8762,0,0.5008797050302501
8763,0,0.5008087545412913
8764,0,0.5034494739196406
8765,0,0.5001577185604159
8766,0,0.500164443192707
8767,0,0.5005906413138681
8768,0,0.500194290489808
8769,0,0.5080187829614096
8770,0,0.5013456763246109
8771,0,0.500662940511779
8772,0,0.5000756256018787
8773,0,0.5001461238021518
8774,0,0.5017460960023746
8775,0,0.500211166590818
8776,0,0.5001542067667833
8777,0,0.500469059558303
8778,0,0.50069161623223
8779,0,0.5000756256018787
8780,0,0.5027938050823162
8782,0,0.5009049980248581
8783,0,0.5002078834965359
8784,0,0.5014508448594184
8785,0,0.5029290552966469
8786,0,0.5022786700534008
8787,0,0.5001697069953832
8788,0,0.5004277863688714
8789,0,0.5005877522200847
8790,0,0.5002648423124573
8791,0,0.5003579833272063
8793,0,0.5000756256018787
8794,0,0.5118646924749909
8795,0,0.5007020717430224
8796,0,0.500226587389671
8797,0,0.5001667979082544
8798,0,0.5111162263211108
8799,0,0.5006542351186324
8800,0,0.5020199336619725
8801,0,0.5005928002523302
8802,0,0.5002041849092547
8803,0,0.5002324118354878
8804,0,0.5005067711940023
8805,0,0.5002344130713642
8806,0,0.5002346321736084
8807,0,0.500147628531284
8808,0,0.5005206295734115
8809,0,0.5010628078410007
8810,0,0.5003162131323236
8811,0,0.5013785103621872
8812,0,0.5038528991951899
8813,0,0.50063954352335
8814,0,0.5006104408602607
8815,0,0.5001423035652719
8816,0,0.5000756256018787
8817,0,0.5003216243635903
8818,0,0.500308271822907
8819,0,0.5001765877058906
8820,0,0.5001617510736605
8821,0,0.5010413087817795
8822,0,0.500244392229655
8823,0,0.5000957505623705
8824,0,0.5001931064306859
8825,0,0.5045208192020191
8826,0,0.5005353861806542
8827,0,0.5011471316403177
8828,0,0.5000951576714185
8829,0,0.5004434903227231
8830,0,0.5003193754044701
8831,0,0.5003726102272085
8832,0,0.5002066015665206
8833,0,0.5001085721956163
8834,0,0.5003192162473679
8835,0,0.5004137892872673
8837,0,0.5022684724713243
8838,0,0.5018689930425845
8839,0,0.5008194275810982
8840,0,0.5003356540592124
8841,0,0.5002800703647484
8842,0,0.5009776717105868
8843,0,0.5001525584960264
8844,0,0.5002204096324995
8845,0,0.5021284485576039
8846,0,0.5021204106451591
8847,0,0.5001522674902966
8848,0,0.5012457303847483
8849,0,0.5017123813588029
8850,0,0.5055708140360831
8851,0,0.5001945869372018
8852,0,0.5007864282024003
8853,0,0.5015543749712855
8855,0,0.5002120705932047
8856,0,0.5037091829746219
8857,0,0.5003754059793135
8858,0,0.5004692261621906
8859,0,0.5008139521564421
8860,0,0.5017447158213649
8861,0,0.5001441361602006
8862,0,0.5020530959225569
8863,0,0.5003824017442787
8864,0,0.502662699591972
8865,0,0.5003113324510877
8866,0,0.5012377586502245
8867,0,0.5003091387406302
8868,0,0.5028138435688072
8869,0,0.5004318540402072
8870,0,0.5001196562005815
8871,0,0.5001707486826023
8872,0,0.5000756256018787
8873,0,0.5011619090015805
8874,0,0.503590150021001
8875,0,0.5005462612681826
8876,0,0.5001813506063723
8877,0,0.5006133574044574
8878,0,0.5002980768774365
8879,0,0.5004735659012823
8880,0,0.5000756256018787
8881,0,0.501689428325247
8882,0,0.5000860849772746
8883,0,0.5003067132239342
8884,0,0.5001931641169708
8885,0,0.5001058136581856
8886,0,0.5005556334741428
8887,0,0.5004287879761417
8888,0,0.5000849019945097
8889,0,0.5002089822403338
8890,0,0.5035300850962219
8891,0,0.5002054468769592
8892,0,0.5002611116610243
8893,0,0.500299282552891
8894,0,0.5001117921156533
8895,0,0.5003692932530277
8896,0,0.5003429950944412
8897,0,0.5046902888547139
8898,0,0.5003488753432322
8900,0,0.5006323659497035
8901,0,0.5004623536771193
8902,0,0.5000977793817627
8903,0,0.50109548835627
8904,0,0.5007612850331509
8905,0,0.5007140084504607
8906,0,0.5016079542997961
8907,0,0.5023725818713902
8908,0,0.5011348163653082
8909,0,0.5004702601193144
8910,0,0.5000756256018787
8912,0,0.50249958598613
8913,0,0.5003376859257727
8914,0,0.5000756256018787
8915,0,0.5004713374659924
8916,0,0.5051166268296308
8917,0,0.5001684764348469
8918,0,0.501185677899588
8919,0,0.511750110716346
8920,0,0.500111184806268
8921,0,0.5001562242491158
8922,0,0.5001353901947836
8923,0,0.5001648866415436
8924,0,0.5001013767846322
8925,0,0.5009601043310932
8926,0,0.5016040740396365
8927,0,0.5035805225637806
8929,0,0.5002609886422937
8930,0,0.502471011298194
8931,0,0.5006170763020843
8932,0,0.5003467594150434
8933,0,0.5004837260489593
8934,0,0.5003005298265976
8935,0,0.5004624502899251
8936,0,0.5001829833219392
8937,0,0.5001296896368282
8938,0,0.5008138802767356
8939,0,0.500348449496941
8940,0,0.500389477394608
8941,0,0.5005343107160367
8942,0,0.5000964961132129
8943,0,0.5005940297348178
8944,0,0.500429626263016
8945,0,0.500156817682351
8946,0,0.5010148257404279
8947,0,0.5000756256018787
8948,0,0.5000953370157037
8949,0,0.5007251304924603
8950,0,0.500288895516078
8951,0,0.5010331921180355
8953,0,0.5057311971946169
8954,0,0.5002196069875084
8955,0,0.509320752043067
8956,0,0.5003137543156669
8957,0,0.5003544592625239
8958,0,0.5001407570885487
8959,0,0.5001296300331501
8960,0,0.5003338750195105
8961,0,0.5001671180987328
8962,0,0.5001158406825805
8963,0,0.5017470743096064
8964,0,0.5017957281710942
8965,0,0.5003800552045852
8966,0,0.5000756256018787
8967,0,0.5002573594624204
8968,0,0.5010157343964959
8969,0,0.500704898935442
8970,0,0.5018925939240497
8971,0,0.5010673983689894
8972,0,0.5003746658445525
8973,0,0.5013229327800368
8974,0,0.5001382168742763
8975,0,0.5014868771205451
8976,0,0.500457702370851
8977,0,0.5001971801902131
8978,0,0.5013533117873217
8979,0,0.5001522255854143
8980,0,0.5002387467086588
8981,0,0.5012240975538478
8982,0,0.5025934040045905
8983,0,0.5002539975143864
8984,0,0.500264293044665
8985,0,0.5000756256018787
8986,0,0.5008204895676305
8987,0,0.5001609464584161
8988,0,0.5002995265832603
8989,0,0.5003501966818119
8990,0,0.5000853037492976
8991,0,0.5001679198896969
8992,0,0.500156023403951
8993,0,0.5004724472770786
8994,0,0.5018660376569071
8995,0,0.5004042923837756
8996,0,0.5008602912768644
8997,0,0.5004676205389458
8998,0,0.5006298763446062
8999,0,0.500234146929123
9000,0,0.5001795546208018
9001,0,0.5001019573941387
9002,0,0.5050903658550184
9003,0,0.5002370665465659
9004,0,0.5002592679566076
9005,0,0.5004171479576468
9006,0,0.5001648696041896
9007,0,0.5014898936730955
9008,0,0.5007166279100863
9009,0,0.5009835522526276
9010,0,0.5000756256018787
9011,0,0.5033528548330406
9012,0,0.5002679889265684
9013,0,0.5000756256018787
9014,0,0.5011984822810329
9015,0,0.5003275103061369
9016,0,0.5007690246801397
9017,0,0.5002227762533882
9018,0,0.5002696134860771
9019,0,0.5002194152187568
9020,0,0.5005175606572073
9021,0,0.5000756256018787
9022,0,0.5000987690107794
9023,0,0.500351825293475
9024,0,0.5001561085347015
9025,0,0.5007889827309768
9026,0,0.5003974265826021
9027,0,0.501647397806067
9028,0,0.5019477125507402
9029,0,0.508516251269012
9031,0,0.515352117506183
9032,0,0.500338373507752
9033,0,0.5019874450740978
9034,0,0.5002632774042791
9035,0,0.5002611116610243
9036,0,0.50145688278622
9037,0,0.5001356804255084
9038,0,0.5058784916874904
9040,0,0.5043640082867137
9041,0,0.5001022512392745
9042,0,0.500232219184977
9043,0,0.500186334154084
9044,0,0.5004536539992515
9045,0,0.5000756256018787
9046,0,0.5018396012320311
9047,0,0.5002857266287909
9048,0,0.5003169584969551
9049,0,0.5004525651844935
9050,0,0.519171830619957
9051,0,0.5001310162507666
9052,0,0.5002987721836364
9053,0,0.5022813967068215
9054,0,0.5012668628941085
9055,0,0.5017223969716441
9056,0,0.5002219414480326
9057,0,0.5025077723946518
9058,0,0.5002018457787618
9059,0,0.5009323734810011
9060,0,0.5004400374201362
9061,0,0.5001974586306361
9062,0,0.5000849802915988
9063,0,0.5266285865724947
9064,0,0.5000756256018787
9065,0,0.5004413662568584
9066,0,0.5004536539992515
9068,0,0.5003311659779993
9069,0,0.501597269889191
9070,0,0.5002389366288222
9071,0,0.5004641252378345
9072,0,0.5058246873564592
9073,0,0.5003482672553256
9074,0,0.5000756256018787
9075,0,0.5000848073623566
9076,0,0.5008307286547254
9078,0,0.5008593815775614
9079,0,0.5008606495617042
9080,0,0.5013518906593475
9081,0,0.5019377559534556
9082,0,0.5023639144831654
9083,0,0.5003417282020806
9084,0,0.5020078627160726
9085,0,0.5019612044557689
9086,0,0.5001287129321608
9087,0,0.5001861026116494
9088,0,0.5002223511549485
9089,0,0.5031008876136726
9090,0,0.5013191832226038
9091,0,0.5004360639372186
9092,0,0.5001755598459836
9093,0,0.5014196387497989
9094,0,0.5001478255617765
9095,0,0.5004216299575455
9096,0,0.5010102644908464
9097,0,0.5059094553151782
9098,0,0.5012864273788349
9099,0,0.5029404683978157
9102,0,0.5237050048762302
9103,0,0.5000859750370901
9104,0,0.5000756256018787
9105,0,0.5012790697631441
9106,0,0.502112312200482
9107,0,0.5003831395937536
9108,0,0.500561405021726
9109,0,0.5003495305575774
9110,0,0.5002308684179553
9111,0,0.50011970696243
9112,0,0.5002389574225746
9113,0,0.5008022806291287
9114,0,0.5001616169190628
9115,0,0.5003241246104005
9116,0,0.5004816019174477
9117,0,0.5026149814920836
9118,0,0.5002227144958291
9119,0,0.5000970963835342
9120,0,0.5004843290753049
9121,0,0.5006209961654874
9122,0,0.5016035564028801
9123,0,0.5000756256018787
9124,0,0.5102898502174038
9125,0,0.5006554672398834
9126,0,0.5003878729011574
9127,0,0.5001061748004395
9128,0,0.5004501902431618
9129,0,0.5003035586907933
9130,0,0.5004101032450041
9131,0,0.5004487810345488
9132,0,0.5003438925476241
9133,0,0.5001813110752766
9134,0,0.5001234731649336
9135,0,0.5038037545161876
9136,0,0.5009685023684304
9137,0,0.5001377117728036
9138,0,0.5201591750455082
9139,0,0.5009859654460309
9140,0,0.500094645978781
9141,0,0.5002007467328189
9142,0,0.5017524035310277
9143,0,0.5003692699842578
9144,0,0.5003759429005693
9145,0,0.5001323411745976
9146,0,0.5006700752051779
9147,0,0.5003010470738625
9148,0,0.5009887992449783
9149,0,0.5000756256018787
9150,0,0.5005576504652878
9151,0,0.5006274998012002
9152,0,0.5002679676836541
9153,0,0.500301840709767
9154,0,0.5006074689229022
9155,0,0.500162375418137
9156,0,0.5001812923108145
9157,0,0.5004705195371209
9158,0,0.5005435031729741
9159,0,0.5001652668958005
9160,0,0.5239470043164973
9161,0,0.5019420402714191
9162,0,0.5001527964559924
9163,0,0.5000756256018787
9164,0,0.5001586122767968
9165,0,0.500264293044665
9166,0,0.5001356346255188
9167,0,0.5000964275520122
9168,0,0.500209056178666
9169,0,0.500200074387422
9170,0,0.5007918030463268
9171,0,0.5002285911180445
9172,0,0.5005712745892755
9173,0,0.5006362450224845
9174,0,0.5038112943802191
9175,0,0.5000756256018787
9176,0,0.5004811823651728
9177,0,0.5000756256018787
9178,0,0.501707320523947
9179,0,0.5010486479294548
9180,0,0.5001778592875127
9181,0,0.5003660565592121
9182,0,0.5004810174699362
9183,0,0.5005866420405628
9184,0,0.504125012821096
9185,0,0.50144042505983
9186,0,0.5000875745015152
9187,0,0.5004094906016654
9188,0,0.500179243697561
9189,0,0.5103480816356463
9190,0,0.5001859982710911
9191,0,0.5001828073934341
9192,0,0.5004491004724064
9193,0,0.5001154503746238
9194,0,0.5004951776349916
9195,0,0.5004373743416074
9196,0,0.5072768746241295
9197,0,0.5004116746837249
9198,0,0.501575621220573
9199,0,0.5001456642711034
9201,0,0.5003672184159748
9202,0,0.5002266863280554
9203,0,0.5000756256018787
9204,0,0.5006082993687003
9205,0,0.501454577128916
9206,0,0.5001430389066848
9207,0,0.5011230898182087
9208,0,0.5003438834277822
9209,0,0.5001528019354355
9210,0,0.5039267797772465
9211,0,0.5010849784762011
9212,0,0.5001906429811841
9213,0,0.5000872013839356
9214,0,0.5042502313774686
9215,0,0.5001608724085673
9216,0,0.5001300240706495
9217,0,0.5006365972044856
9218,0,0.5002611116610243
9219,0,0.5002225456130963
9220,0,0.5002323912529603
9221,0,0.5004677276079965
9222,0,0.5000756256018787
9223,0,0.5004246082995748
9224,0,0.5003506240333452
9225,0,0.5009596224037243
9226,0,0.5002614896880591
9227,0,0.5005751552296155
9228,0,0.50013347974668
9229,0,0.5002632774042791
9230,0,0.5005160633284186
9231,0,0.500305938984156
9232,0,0.5017452327899105
9233,0,0.5034579715670957
9234,0,0.5003307105411684
9235,0,0.5006836995256543
9236,0,0.5003841946267167
9237,0,0.5006466860015202
9238,0,0.5010022611166252
9239,0,0.5000958084804606
9240,0,0.5009829183694111
9241,0,0.5015788469681838
9242,0,0.5001325654892709
9243,0,0.5002418385579024
9244,0,0.5001737503088075
9245,0,0.5001136679968927
9247,0,0.50031702322669
9248,0,0.5001098409701598
9249,0,0.5002560037017356
9250,0,0.5005355562886658
9251,0,0.5005545995057825
9252,0,0.502117003637946
9253,0,0.5000845111800847
9254,0,0.500264254367249
9255,0,0.5001474384024294
9256,0,0.5456173412095779
9257,0,0.5017398559633912
9258,0,0.5000756256018787
9259,0,0.5018900776030608
9260,0,0.5005001409096064
9261,0,0.5033415210831327
9262,0,0.5076296734190412
9263,0,0.5002997774399582
9264,0,0.5001198210091409
9265,0,0.5021415178249713
9266,0,0.5002717903944445
9267,0,0.5001616169190628
9268,0,0.5010412859795677
9269,0,0.5002275211371282
9270,0,0.5000973935974219
9271,0,0.5010533695190799
9272,0,0.5014257309285942
9273,0,0.5032833666649275
9274,0,0.5001389041399258
9275,0,0.501346233747461
9276,0,0.5005606785809567
9277,0,0.5002528934613315
9279,0,0.500256846314629
9280,0,0.5015752181548129
9281,0,0.5019432351891102
9282,0,0.5001422767768138
9283,0,0.5000896328405688
9284,0,0.500392213634783
9285,0,0.5001091942437634
9286,0,0.5005777721293481
9287,0,0.5011484066222754
9288,0,0.5005556808860161
9289,0,0.500505283782584
9290,0,0.5001611501746246
9291,0,0.5026884804804214
9292,0,0.5003326053407259
9293,0,0.5011431166202949
9294,0,0.5009644079699361
9295,0,0.5074020422502173
9296,0,0.5002125236100121
9297,0,0.5007775893744637
9298,0,0.500147628734002
9299,0,0.5001053905418161
9300,0,0.5003868973970361
9301,0,0.5014818117368074
9302,0,0.5024407605353963
9303,0,0.5005113251592023
9304,0,0.5035252462409321
9305,0,0.5027057135692474
9306,0,0.5007195856112242
9307,0,0.5002328840310443
9308,0,0.500136974305391
9309,0,0.5001113613351656
9310,0,0.5028640422113222
9311,0,0.5014024029375478
9312,0,0.5001595344660855
9313,0,0.5002571709676387
9314,0,0.5001168961971022
9315,0,0.5006757745799112
9316,0,0.5002754361216734
9317,0,0.500250128894307
9318,0,0.509379455702078
9319,0,0.5001033433951795
9320,0,0.5075007691057297
9321,0,0.505957388678485
9322,0,0.5003566708580615
9323,0,0.5011611785070584
9324,0,0.5005513632712786
9325,0,0.501676335020211
9326,0,0.5002627227737342
9327,0,0.5004587105205958
9328,0,0.5001585486132165
9329,0,0.5000756256018787
9330,0,0.5003644044970795
9331,0,0.5001376572174124
9332,0,0.5005602745119427
9333,0,0.5001126575440245
9334,0,0.5012513675510798
9335,0,0.500323450957292
9336,0,0.5001085721956163
9337,0,0.5011796450371883
9338,0,0.5002597306003337
9339,0,0.502338474673575
9340,0,0.5001147684803507
9341,0,0.500377427477241
9342,0,0.5008038345728469
9343,0,0.5002710872733126
9344,0,0.5000756256018787
9345,0,0.5001017431555356
9346,0,0.5010470528299404
9347,0,0.5005074806403138
9348,0,0.5000756256018787
9349,0,0.5000756256018787
9350,0,0.5007361724513353
9351,0,0.5078391381079062
9352,0,0.5001849732377083
9353,0,0.5015657177168444
9354,0,0.5020603046497805
9355,0,0.5004522166436689
9356,0,0.5028117179443594
9357,0,0.5003126151826365
9358,0,0.5008860772577656
9359,0,0.5005094576656512
9360,0,0.5002134584305609
9361,0,0.5005393032802857
9362,0,0.5001528019354355
9363,0,0.5001546279174207
9364,0,0.5025483288157784
9365,0,0.5002641122662382
9366,0,0.5008239516215106
9367,0,0.5007046079274833
9368,0,0.5001589195264725
9369,0,0.500363970917472
9370,0,0.5016890320602758
9371,0,0.5011747728798392
9372,0,0.5005878064760112
9373,0,0.5011314895141766
9374,0,0.5001581585094397
9375,0,0.5194063189016287
9376,0,0.5003246226224299
9377,0,0.5103034992175827
9378,0,0.5000972729263071
9380,0,0.5008896890371753
9381,0,0.5010934565564644
9382,0,0.5005644602411575
9383,0,0.5008603698778532
9384,0,0.5004887892502202
9385,0,0.5010379233515595
9386,0,0.5004425709557182
9387,0,0.5000756256018787
9388,0,0.5000756256018787
9389,0,0.5025385985551012
9390,0,0.5002891147242532
9391,0,0.500485676312489
9392,0,0.5013706402504569
9393,0,0.500919102438936
9394,0,0.5005853556668413
9395,0,0.500213824943489
9396,0,0.5119269208767976
9397,0,0.5017536649063736
9398,0,0.5003813654215514
9399,0,0.5005141375369457
9400,0,0.5000756256018787
9401,0,0.5011355287426699
9402,0,0.5000756256018787
9403,0,0.5023768846869573
9404,0,0.5004280733393142
9405,0,0.5000870141835952
9406,0,0.5001641710570183
9407,0,0.5002488884124084
9408,0,0.5014657719397184
9409,0,0.5002776431014042
9410,0,0.5007208410124752
9411,0,0.5002282348755551
9412,0,0.5050371938338325
9413,0,0.5029020251122613
9414,0,0.5002323619183505
9415,0,0.5001089777286017
9416,0,0.501202133432644
9417,0,0.5014751444162899
9418,0,0.5008255364947074
9419,0,0.5012105735079575
9420,0,0.5001152966348784
9421,0,0.5004638937130774
9422,0,0.5009710674807586
9423,0,0.5002713048398152
9424,0,0.5007268031884504
9425,0,0.5004685835672156
9426,0,0.5003448333427377
9427,0,0.5000756256018787
9428,0,0.5003529330090465
9429,0,0.5006693399577884
9430,0,0.5001158772916152
9431,0,0.5004393436919247
9432,0,0.5007440283585551
9433,0,0.5004947133220994
9434,0,0.5000756256018787
9435,0,0.500424152423679
9436,0,0.5001516994763344
9437,0,0.5004927337015147
9438,0,0.5003080219251327
9439,0,0.5001339431641953
9440,0,0.5001433250367909
9441,0,0.5003270729994509
9442,0,0.5001785506042452
9443,0,0.5019079560245358
9444,0,0.5001754527666115
9446,0,0.500516115601732
9447,0,0.5029607615687736
9448,0,0.5023914900745432
9449,0,0.5005051592970984
9450,0,0.5003580859184811
9451,0,0.5005148339450846
9452,0,0.5023781145338351
9453,0,0.5001951873129219
9454,0,0.5002902735477492
9455,0,0.5007526938942
9456,0,0.5069828504512846
9457,0,0.5002337317966599
9458,0,0.5004558923178046
9459,0,0.5004699123517912
9460,0,0.5000756256018787
9461,0,0.5009395068321489
9462,0,0.5003581115558204
9463,0,0.5002056371325428
9464,0,0.5019748625614815
9465,0,0.5001627251821388
9466,0,0.5008434166850181
9467,0,0.5001270014866291
9468,0,0.5001377364571654
9469,0,0.5003956847606031
9470,0,0.5009377684104567
9471,0,0.5006527363964459
9472,0,0.5002343543929608
9473,0,0.5003137045621184
9474,0,0.5009873658888736
9475,0,0.5011501939826368
9476,0,0.5003468788653171
9477,0,0.5002830357384309
9478,0,0.5018878416807737
9479,0,0.5002131143481215
9480,0,0.5044851180324337
9481,0,0.501157405868513
9482,0,0.5015376210413142
9483,0,0.5013088478533873
9484,0,0.500623276846306
9485,0,0.500372053203192
9486,0,0.5023364496144571
9487,0,0.5000882584125327
9488,0,0.5015845047816457
9490,0,0.5002299498906155
9491,0,0.5000995232536405
9492,0,0.5003419274840146
9493,0,0.5003699476489053
9494,0,0.501006531309144
9495,0,0.50044980303991
9496,0,0.5003849289670728
9497,0,0.503113490751281
9498,0,0.500135633542842
9499,0,0.5000854685427469
9500,0,0.5002136095664202
9501,0,0.5003397716787226
9502,0,0.5005156244712057
9503,0,0.5003809277768277
9504,0,0.5010345899349986
9505,0,0.5004051629069171
9506,0,0.5019676637081667
9507,0,0.5002875556519978
9508,0,0.5069614818847268
9509,0,0.5006320727454948
9510,0,0.5024483087513544
9511,0,0.5003354329085227
9513,0,0.5024500333572642
9514,0,0.5002544010001561
9516,0,0.5000756256018787
9517,0,0.5007342816566394
9518,0,0.5012334688196463
9519,0,0.5004209333305748
9520,0,0.5042971174201544
9521,0,0.5003384786452518
9522,0,0.5001055873954133
9523,0,0.5000959708556891
9524,0,0.5000756256018787
9525,0,0.5001640357353664
9526,0,0.5005170239005375
9527,0,0.5023769402037255
9528,0,0.5020322948256852
9529,0,0.5001075993934593
9530,0,0.5000842634124053
9531,0,0.5008076316153522
9532,0,0.5152579787840763
9533,0,0.5005439567819215
9534,0,0.5002910450253206
9535,0,0.500463980671434
9536,0,0.5012140021794717
9537,0,0.5002593463114715
9538,0,0.5097882025524736
9539,0,0.5003890037334976
9540,0,0.5005877516305022
9541,0,0.5013089783156478
9542,0,0.5014499871402456
9543,0,0.5005549455183531
9544,0,0.5002764368337657
9545,0,0.5004097561290818
9546,0,0.500177204223553
9547,0,0.5042584777039164
9548,0,0.5003101145640426
9549,0,0.5000756256018787
9550,0,0.500597589117618
9551,0,0.5001553851772557
9552,0,0.5002438430358329
9553,0,0.5001803064938508
9554,0,0.500259523699987
9555,0,0.5006066492322847
9556,0,0.5005900822177233
9557,0,0.5001386890595539
9558,0,0.5002227694565867
9559,0,0.5005841018720714
9560,0,0.500114085981052
9561,0,0.505625500713713
9562,0,0.5001089830350187
9563,0,0.5002353409230166
9564,0,0.5009786550287509
9565,0,0.5002629442362512
9566,0,0.51193742594867
9567,0,0.5001906733073471
9568,0,0.500235629026958
9569,0,0.5002611116610243
9570,0,0.5001880974282048
9571,0,0.5001714084279021
9572,0,0.50098796459673
9573,0,0.5001984748125127
9574,0,0.5000756256018787
9575,0,0.5003906949619575
9576,0,0.5012610694421378
9577,0,0.5003428855966441
9578,0,0.5008506644492777
9579,0,0.5056963855479485
9580,0,0.500356410866687
9581,0,0.5021176911911996
9582,0,0.5003480764851691
9583,0,0.503472775619787
9584,0,0.5027891727767682
9585,0,0.5013862975452599
9586,0,0.5008174976869387
9587,0,0.5005277023843181
9588,0,0.5008307384518161
9589,0,0.5029998554492671
9590,0,0.500304166646966
9591,0,0.5005282225735703
9592,0,0.5004242580271108
9593,0,0.5005239265461319
9594,0,0.5037668531523561
9595,0,0.500583125612006
9596,0,0.5031736135101749
9597,0,0.5001711216479324
9598,0,0.5000756256018787
9599,0,0.5117168686951346
9600,0,0.5003934559025097
9601,0,0.5006137581406773
9602,0,0.50011375567334
9603,0,0.5009103598440615
9604,0,0.5014342542916429
9605,0,0.500660758350807
9606,0,0.5002654690148796
9607,0,0.5002090232692423
9608,0,0.5000979996669888
9609,0,0.5010205936630492
9610,0,0.500174872671057
9611,0,0.5125296396809568
9612,0,0.5012094545968977
9613,0,0.5023088557129538
9614,0,0.5022066710871351
9615,0,0.5004829112720921
9616,0,0.5000842634124053
9617,0,0.5006264119883285
9618,0,0.5016640214343417
9619,0,0.5028855084977203
9620,0,0.5024688349278962
9621,0,0.5001339950646608
9622,0,0.5008344408203641
9623,0,0.5001478255617765
9624,0,0.5001197024617294
9625,0,0.5004537463346446
9626,0,0.5002285538855866
9627,0,0.5000987366315665
9628,0,0.5005375232746117
9629,0,0.5003567929385533
9630,0,0.5032408217104668
9631,0,0.501101682851757
9632,0,0.5000970590164432
9633,0,0.5006072406462843
9634,0,0.5004926997357774
9635,0,0.5002412005595341
9636,0,0.5008002616280901
9637,0,0.5002249806376782
9638,0,0.5019130598267131
9639,0,0.5000756256018787
9640,0,0.50023373586496
9641,0,0.5031931575978156
9642,0,0.5025969954470219
9643,0,0.5001399565872932
9644,0,0.5001110143364693
9645,0,0.503522922919461
9646,0,0.50039905179281
9647,0,0.5000854282837206
9648,0,0.500529452831246
9649,0,0.5038100676936279
9650,0,0.5004472205798833
9651,0,0.5004069880223496
9652,0,0.5004025719242569
9653,0,0.5003169151234497
9654,0,0.5002277257856408
9655,0,0.501485993956247
9656,0,0.5000756256018787
9657,0,0.5000860143710325
9658,0,0.5005294567129959
9659,0,0.5001461238021518
9660,0,0.5008812245387391
9661,0,0.5015780662459183
9662,0,0.5007970375909228
9663,0,0.5005724137320623
9664,0,0.5025063768721113
9665,0,0.5025568423043849
9666,0,0.5033587531037159
9667,0,0.5001230348159764
9668,0,0.500481703499068
9669,0,0.507256359211898
9670,0,0.5002402187326817
9671,0,0.5001852814694887
9672,0,0.5021446546012955
9673,0,0.5039285615970934
9674,0,0.5006361715141382
9675,0,0.5019602544714271
9676,0,0.5001350566316279
9677,0,0.5002507797901355
9678,0,0.5004189618027266
9679,0,0.5003637387329276
9680,0,0.5004585451246027
9681,0,0.5004432600823693
9682,0,0.5172125587462778
9683,0,0.5003734626018118
9684,0,0.5003209274050766
9685,0,0.5022312897459319
9686,0,0.5001334385490244
9687,0,0.5001209566478337
9688,0,0.5000756256018787
9689,0,0.5006851230078742
9690,0,0.5003891139480708
9691,0,0.5005926873009623
9692,0,0.5045773615173275
9693,0,0.500533320882599
9694,0,0.5065818196920324
9695,0,0.5005149306479666
9696,0,0.5002266789811965
9697,0,0.5069621729457074
9698,0,0.5004805703181598
9700,0,0.5030328962930511
9701,0,0.5005283622808463
9702,0,0.5003974319358531
9703,0,0.500965450606686
9704,0,0.5002554171977044
9705,0,0.5002295945731214
9706,0,0.5020472237549836
9707,0,0.5001105977468652
9708,0,0.5179863430087989
9709,0,0.5084777261828931
9710,0,0.5000756256018787
9711,0,0.500140194286386
9712,0,0.5006605283079383
9713,0,0.5002653573155943
9714,0,0.5000756256018787
9715,0,0.5025376792299238
9716,0,0.5001432243857467
9717,0,0.5003838889092389
9718,0,0.507145854486815
9719,0,0.5005305890318292
9720,0,0.5004637208184601
9721,0,0.500293535629278
9722,0,0.5007659453501079
9723,0,0.501589431661102
9724,0,0.5006252217428137
9725,0,0.500273145604826
9726,0,0.5009429512880738
9727,0,0.5000981877291163
9729,0,0.5040384308917546
9730,0,0.5003965174516054
9731,0,0.500457546314281
9732,0,0.5007227669242124
9733,0,0.5004126028116055
9734,0,0.5001208537256265
9735,0,0.5009168736831211
9736,0,0.5002775338776034
9737,0,0.5003770853544243
9738,0,0.5032434701699249
9739,0,0.5132866892887885
9740,0,0.5004384317985806
9741,0,0.500153279803654
9743,0,0.5004680021466614
9744,0,0.5000756256018787
9745,0,0.5004598645890084
9746,0,0.5000857806501947
9747,0,0.5002140738585159
9748,0,0.5051675377029649
9749,0,0.5009325335679231
9750,0,0.5001790319921524
9751,0,0.500190123256429
9752,0,0.5000756256018787
9753,0,0.5038856112651222
9754,0,0.5002205595135427
9756,0,0.5001253943348409
9757,0,0.500534010491006
9758,0,0.5001858279836857
9759,0,0.500264293044665
9760,0,0.5004167629805168
9761,0,0.5013640093825973
9762,0,0.5008697089984739
9763,0,0.5043791496936835
9764,0,0.5002574477206605
9765,0,0.5003482014705745
9766,0,0.5039064185736197
9767,0,0.504257842030072
9768,0,0.5001988703988635
9769,0,0.5001638751476316
9770,0,0.5002976460530986
9771,0,0.500410935897566
9772,0,0.5004929554719042
9773,0,0.5003457499476324
9774,0,0.5043627671417038
9775,0,0.5001644509724695
9776,0,0.5002225550973984
9777,0,0.5001608318567504
9778,0,0.5007085662394154
9779,0,0.5001919222902041
9780,0,0.5005125744355895
9781,0,0.5013228884388443
9782,0,0.5003933366020119
9783,0,0.5006982132906753
9784,0,0.5001785635458857
9785,0,0.5008428704484384
9786,0,0.5014267773019473
9787,0,0.5005866851000431
9788,0,0.5019700069036196
9789,0,0.5007413011163012
9790,0,0.5008488068875802
9791,0,0.5003741524011762
9792,0,0.5067650198639001
9793,0,0.5017702900420687
9794,0,0.5015756463964641
9795,0,0.5032879106117608
9796,0,0.5025217705840609
9797,0,0.5010389458320004
9798,0,0.5002625667055769
9799,0,0.5006687336212295
9800,0,0.5001165248058076
9801,0,0.5004551553841798
9802,0,0.5004140850769617
9803,0,0.5006569696462341
9804,0,0.5001451462494894
9805,0,0.5004492221776217
9806,0,0.5002634794237079
9807,0,0.509431475934591
9808,0,0.5002268781991829
9809,0,0.500344119645706
9810,0,0.5024040056519445
9811,0,0.5000885379000373
9812,0,0.5002983658996238
9813,0,0.5016980704370972
9814,0,0.5008425122243687
9815,0,0.5000756256018787
9816,0,0.5013836190114996
9817,0,0.5001022067048879
9818,0,0.501743575487734
9819,0,0.5001346644999384
9820,0,0.5005245261893061
9821,0,0.5005036100731078
9822,0,0.5003677273966449
9823,0,0.5003037185108222
9824,0,0.5001827289762034
9825,0,0.5004981349825062
9826,0,0.5002895595976047
9827,0,0.5008793358123904
9828,0,0.5005329601070188
9829,0,0.5006929311343116
9830,0,0.5035573258844088
9831,0,0.5005174713535463
9832,0,0.5002985244833182
9833,0,0.5001241567079487
9834,0,0.5008797424250511
9835,0,0.50193135193405
9836,0,0.5005158834004516
9837,0,0.5001700025924937
9838,0,0.5015619833482918
9839,0,0.5003836481316462
9840,0,0.5001874654309553
9841,0,0.5014573968639799
9842,0,0.5014784470269398
9843,0,0.5003484551676636
9844,0,0.5005012158647384
9845,0,0.5001113613351656
9846,0,0.5014317736513936
9847,0,0.5004738343596316
9848,0,0.5015403721654661
9849,0,0.5009149980443081
9850,0,0.5028159710431598
9851,0,0.5007177425847994
9852,0,0.5033753779086505
9853,0,0.502571948912242
9854,0,0.5029514604413204
9855,0,0.5009297397003714
9856,0,0.5008826298227443
9857,0,0.5003880840106395
9858,0,0.5004890573583282
9859,0,0.5038135372026288
9860,0,0.5005535981513916
9861,0,0.50042683044858
9862,0,0.5000851941793102
9863,0,0.5004146439982758
9864,0,0.5019146055438309
9865,0,0.5001293593466156
9866,0,0.502026430641609
9867,0,0.5001453759015114
9868,0,0.500302554807476
9869,0,0.5015765699194149
9870,0,0.504687994732615
9871,0,0.5002061043056646
9872,0,0.503550962143692
9873,0,0.5003335791220814
9874,0,0.5008820860470564
9875,0,0.5002969941004363
9876,0,0.5028387126649146
9877,0,0.5003988057856135
9878,0,0.5013331703487122
9879,0,0.5002728081588517
9880,0,0.5001652972929331
9881,0,0.5001649029813962
9882,0,0.5002467780652897
9883,0,0.5102710091517261
9884,0,0.5044593566877262
9885,0,0.5004728021751153
9886,0,0.5020179912351527
9887,0,0.5008204592880139
9888,0,0.5006654761534016
9889,0,0.5000956453455225
9890,0,0.5005319591092438
9891,0,0.5003862637581853
9892,0,0.5000857992195734
9893,0,0.5002567684553885
9894,0,0.5001087306475936
9895,0,0.500193294567517
9896,0,0.5020107700037575
9897,0,0.5001589523379422
9898,0,0.5001314290896538
9899,0,0.5008009666909907
9900,0,0.501568567644279
9901,0,0.5010942259779422
9902,0,0.5005002294815533
9903,0,0.5001556088632015
9904,0,0.5011253435685677
9905,0,0.5009295554823927
9906,0,0.512184674952946
9907,0,0.5001089586081869
9908,0,0.5018767509656054
9909,0,0.5001367015611901
9910,0,0.5007979014627747
9911,0,0.5017589364749339
9912,0,0.5002687620626273
9913,0,0.500233690811659
9914,0,0.50621543448997
9915,0,0.5016479929661248
9916,0,0.5012458194973181
9917,0,0.5002173224882487
9918,0,0.5016417722664652
9919,0,0.5001726551403685
9920,0,0.5001904407241747
9921,0,0.500594415191818
9923,0,0.500662940511779
9924,0,0.5015973203596462
9925,0,0.5033864144118618
9926,0,0.5001839313499191
9927,0,0.5006827224375558
9928,0,0.5003900749301351
9929,0,0.5000756256018787
9930,0,0.5000861032550922
9931,0,0.5001241117282573
9932,0,0.5004356968510358
9933,0,0.5011115425308753
9934,0,0.5012527366052754
9935,0,0.5107743345390761
9936,0,0.5012406934988493
9937,0,0.5006005999019887
9938,0,0.5008930635975763
9939,0,0.5000969175207212
9940,0,0.5019651102866678
9941,0,0.5005064374989595
9942,0,0.5011339845557778
9943,0,0.5048247597548736
9944,0,0.5010322800101161
9945,0,0.5015028173220607
9946,0,0.5007909429831553
9947,0,0.500365553726993
9948,0,0.5074910305507313
9949,0,0.5010392289117249
9950,0,0.5036989200283059
9951,0,0.5003385947436413
9952,0,0.5002446173115435
9953,0,0.5000756256018787
9954,0,0.5002746044031516
9955,0,0.5002873858095581
9956,0,0.5010181125410658
9957,0,0.5017297972137433
9958,0,0.5004200062241851
9959,0,0.5022159101797411
9960,0,0.5012566819047178
9961,0,0.5001469273101399
9962,0,0.5007268999253008
9963,0,0.5003662393630893
9964,0,0.5007626389431303
9965,0,0.500135012370031
9966,0,0.500212551673565
9967,0,0.5157609748198762
9968,0,0.5009028606867747
9969,0,0.5001500225673414
9970,0,0.5003948291117999
9971,0,0.5008244196174643
9972,0,0.5008009521761977
9973,0,0.5004064627621837
9974,0,0.5019036827792716
9975,0,0.5074049672967269
9976,0,0.5007522883013396
9977,0,0.5014596923684751
9978,0,0.5000858755289797
9979,0,0.5002426380363015
9980,0,0.5001572902331226
9981,0,0.5004804118747977
9982,0,0.5002012742829887
9983,0,0.5009193321736451
9984,0,0.5002649368982984
9985,0,0.5004667339988657
9986,0,0.5012538674893935
9987,0,0.5002210636330786
9988,0,0.5009837249694467
9989,0,0.5001230355146109
9990,0,0.500287249610867
9991,0,0.5001634998913634
9992,0,0.5005844300772064
9993,0,0.5037633787825224
9994,0,0.5014234628402032
9995,0,0.5022945336058251
9996,0,0.5029153638542128
9997,0,0.5002147257472747
9998,0,0.5000756256018787
9999,0,0.500340233731755
10000,0,0.5007553247088103
10001,0,0.5054491760988168
10002,0,0.5008946870470659
10003,0,0.5000921062891819
10004,0,0.5031890174633883
10006,0,0.5011889579614919
10007,0,0.5015796582925551
10008,0,0.5004515617061084
10009,0,0.50055518882023
10010,0,0.5001159669409264
10011,0,0.500199919823514
10012,0,0.5002105476708083
10013,0,0.5003780068036459
10014,0,0.5003548059121254
10015,0,0.5000756256018787
10016,0,0.5001134084283007
10017,0,0.5002277210789875
10018,0,0.5001100751996181
10020,0,0.501364044515187
10021,0,0.503302388001942
10022,0,0.5001385537475791
10023,0,0.5006359763267212
10024,0,0.5002441921008906
10025,0,0.5107436201618086
10026,0,0.5004752494202532
10027,0,0.5004705974103969
10028,0,0.5034670457900656
10029,0,0.5338154239846762
10030,0,0.5001117476058582
10031,0,0.5018725155198588
10032,0,0.500449374102906
10033,0,0.5002155292405077
10034,0,0.5020882962558203
10035,0,0.5000756256018787
10036,0,0.5003592255962832
10038,0,0.5015077249066734
10040,0,0.5004750610564045
10041,0,0.5001190881556337
10042,0,0.5006485452987137
10043,0,0.500256169475745
10044,0,0.5002742669433349
10045,0,0.5001110934143279
10046,0,0.5002125334316991
10047,0,0.5016782807504974
10048,0,0.5007458711938626
10049,0,0.5007718845739751
10050,0,0.5002141965451566
10051,0,0.5004127675374729
10052,0,0.5003186286756136
10053,0,0.5001768686563801
10054,0,0.5001418763802727
10055,0,0.5001767640468484
10056,0,0.5003873778037733
10057,0,0.5000756256018787
10058,0,0.5004703301408264
10059,0,0.5004617330796648
10060,0,0.5001909106838196
10061,0,0.500733353958152
10062,0,0.5001520614748622
10063,0,0.5000756256018787
10064,0,0.5000857992195734
10065,0,0.5001155851177025
10066,0,0.5013302540939224
10067,0,0.5021703681828614
10068,0,0.5048415601620843
10069,0,0.5002564887761838
10070,0,0.5001239424824437
10071,0,0.5022060483180656
10072,0,0.5010731042480341
10073,0,0.5004085674116964
10074,0,0.5015993134799476
10075,0,0.5006396909914913
10077,0,0.500173102943307
10078,0,0.500562685707025
10079,0,0.5007919187431268
10080,0,0.5006882148597123
10081,0,0.5023567415579041
10082,0,0.5013204593126718
10083,0,0.5003692453282913
10084,0,0.5010818258337301
10085,0,0.5123194495089024
10086,0,0.5001456458573403
10087,0,0.5002632912433859
10088,0,0.5033852019611021
10089,0,0.5001880292132972
10090,0,0.5003184557118812
10091,0,0.5002088037174529
10092,0,0.5002186612519334
10093,0,0.5001560220985465
10094,0,0.5005050154804395
10095,0,0.5014838951176036
10096,0,0.5014008567832683
10097,0,0.5010448811600875
10098,0,0.5001936631942628
10099,0,0.5059869617701594
10100,0,0.500337536918835
10101,0,0.5001036154521259
10102,0,0.5001565907737271
10103,0,0.5030235805040798
10104,0,0.5005107023167672
10105,0,0.5004345973500997
10106,0,0.5005061061948093
10107,0,0.500167525314671
10108,0,0.5001564252089615
10109,0,0.5048103212036439
10110,0,0.5004603479403906
10111,0,0.5056484565664564
10112,0,0.5045719464500356
10113,0,0.5002388704087374
10114,0,0.5001235483412548
10115,0,0.5014842509816324
10116,0,0.5004946246075633
10117,0,0.5005788872316785
10118,0,0.5001955099285752
10119,0,0.500220480001031
10120,0,0.5008109172725461
10121,0,0.5023385260299715
10123,0,0.5004762216040856
10124,0,0.5002282386335377
10125,0,0.5001317259759989
10126,0,0.5002186343239338
10127,0,0.5000756256018787
10128,0,0.5015547297475513
10129,0,0.5009379114243226
10130,0,0.500111184806268
10131,0,0.5003646465082268
10132,0,0.5000756256018787
10133,0,0.5000756256018787
10134,0,0.50008538014946
10135,0,0.5067352100082224
10136,0,0.5000960240708121
10137,0,0.5005346109085096
10138,0,0.5011217961500847
10139,0,0.5001117740899299
10140,0,0.5084648797955479
10141,0,0.5002398677450252
10142,0,0.5001667688773495
10143,0,0.5001923814048672
10144,0,0.5002015348487847
10145,0,0.5003396624595569
10146,0,0.5004932977258596
10147,0,0.5001051374129573
10148,0,0.5001638751476316
10149,0,0.5001776642415919
10150,0,0.5001887316025697
10151,0,0.5000899432024682
10152,0,0.5034768622489244
10153,0,0.5018490026083144
10154,0,0.5005244030965202
10155,0,0.5001337272474143
10156,0,0.50039036646081
10157,0,0.5000859067420925
10158,0,0.5004751787722242
10159,0,0.5001585014360383
10160,0,0.5010909232132819
10161,0,0.5020146385323745
10162,0,0.5007243167366275
10163,0,0.5007953319625597
10164,0,0.5371454446557712
10165,0,0.5000849679678185
10166,0,0.5002597306003337
10167,0,0.5002997774399582
10168,0,0.5005099916977745
10169,0,0.5007579627389905
10170,0,0.5004103851973646
10171,0,0.5015384160728182
10172,0,0.5001172881843992
10173,0,0.5000849019945097
10174,0,0.5003101243166289
10175,0,0.5048260491221689
10176,0,0.501485274649988
10177,0,0.5024920235177873
10178,0,0.5001485510778866
10179,0,0.500223271899081
10180,0,0.5013286006844401
10182,0,0.5007197259241327
10183,0,0.5001754449752339
10184,0,0.5002957850256187
10185,0,0.503940875364928
10186,0,0.5003007698790082
10187,0,0.5009061416233187
10188,0,0.5002413231222176
10189,0,0.5003412770689302
10191,0,0.5014963775300891
10192,0,0.5001154503746238
10193,0,0.5011453814372764
10194,0,0.5000756256018787
10195,0,0.5004825883122105
10196,0,0.501078230821943
10197,0,0.527296232242764
10198,0,0.5001245765320298
10199,0,0.502471855502487
10200,0,0.500193081173543
10201,0,0.5001399739509758
10202,0,0.50670307090274
10203,0,0.5030495110039405
10204,0,0.5002177550048961
10205,0,0.5000945065755629
10206,0,0.5001103451268474
10207,0,0.5009692459292333
10208,0,0.500170215757982
10209,0,0.500946848704024
10210,0,0.500867032478956
10211,0,0.5006324517972137
10212,0,0.5004206554157857
10213,0,0.5004045429310892
10214,0,0.500191726332371
10215,0,0.5038028004959492
10216,0,0.5008245423462246
10217,0,0.5016682190586259
10218,0,0.5002458343103297
10219,0,0.5002788913179371
10220,0,0.5001481683687132
10221,0,0.5000845269072537
10222,0,0.5052389990862205
10223,0,0.5001155903991822
10224,0,0.5003630702549556
10225,0,0.5021850209871094
10227,0,0.5001969580934552
10228,0,0.5015827741040679
10229,0,0.500853173590907
10230,0,0.5078903743860447
10231,0,0.5004596982451318
10232,0,0.5004657204050451
10233,0,0.5144384722201939
10234,0,0.5002547228976786
10235,0,0.5002390747735763
10236,0,0.5002476975938654
10237,0,0.500185272059179
10238,0,0.5001613351917665
10239,0,0.5003237011501147
10240,0,0.5001399065417412
10241,0,0.5012164125916072
10242,0,0.5004196119547314
10243,0,0.5006211831025681
10244,0,0.5001456643703209
10245,0,0.5005165278335255
10246,0,0.5024925610490547
10247,0,0.5024003261740967
10248,0,0.5001914781826798
10249,0,0.5000860208285539
10250,0,0.5001752013144496
10251,0,0.500329440352879
10252,0,0.5000756256018787
10253,0,0.5002061043056646
10254,0,0.5000756256018787
10255,0,0.5005932814817662
10256,0,0.5029586239263327
10257,0,0.5001114117663494
10258,0,0.5001870743291293
10259,0,0.5003515848415089
10260,0,0.5000756256018787
10261,0,0.500591569786519
10262,0,0.5013894828496153
10263,0,0.5002352347780685
10264,0,0.5008011750574582
10265,0,0.5022000620899189
10266,0,0.502758728203223
10267,0,0.5007925481598847
10268,0,0.5016925153293947
10269,0,0.5000756256018787
10270,0,0.5031482697417191
10271,0,0.503181233691154
10272,0,0.5012466736406164
10273,0,0.5003658164340627
10274,0,0.5006202706628109
10275,0,0.5006031500056755
10276,0,0.500361997106853
10277,0,0.5011277360724097
10278,0,0.5508468307605172
10279,0,0.5001070716963582
10280,0,0.5032853902055112
10281,0,0.5000756256018787
10282,0,0.5021740677427595
10283,0,0.5002191560949154
10284,0,0.5016608900145608
10285,0,0.5013705565619916
10286,0,0.5001310664232832
10287,0,0.5020599271484808
10288,0,0.5054937961356921
10289,0,0.5011799684082978
10290,0,0.5019342290062403
10291,0,0.5001736845686716
10292,0,0.5002708680915093
10293,0,0.5001612062502006
10294,0,0.5021069117974817
10295,0,0.5020569175724281
10296,0,0.5001649377569061
10297,0,0.5002805107905984
10298,0,0.500388492816119
10299,0,0.5007099343488483
10301,0,0.5003706289623577
10302,0,0.500502491678709
10303,0,0.5011939897783831
10304,0,0.5007674809280604
10305,0,0.5000969357040874
10306,0,0.5012447864724964
10307,0,0.5116172196395614
10308,0,0.5002017929871856
10309,0,0.5001478132420858
10310,0,0.5011575786341605
10311,0,0.5068209766993537
10312,0,0.5014736371666669
10313,0,0.5047546253171473
10314,0,0.5000953172375384
10315,0,0.5002506975402352
10316,0,0.5022385217048092
10317,0,0.5015476706470243
10318,0,0.5013466326333187
10319,0,0.5001453759015114
10320,0,0.5000891933676604
10321,0,0.5002419655880193
10322,0,0.5006984927935599
10323,0,0.5041021687976821
10324,0,0.5004135747511439
10326,0,0.5003696767407746
10327,0,0.5001130604587067
10328,0,0.5005781709899211
10329,0,0.5000851578407138
10330,0,0.5013378195128144
10331,0,0.500528529180913
10332,0,0.5002785311393652
10333,0,0.5009121516734977
10334,0,0.5002785311393652
10335,0,0.5008991209355647
10336,0,0.5027297854473439
10337,0,0.5021693459195797
10338,0,0.5008439564085455
10339,0,0.5004363221413525
10340,0,0.5007890977599591
10341,0,0.5003156443336384
10342,0,0.5001038456239235
10343,0,0.5000756256018787
10344,0,0.5003524796102149
10345,0,0.5075704125203451
10346,0,0.5001333931809228
10347,0,0.5003766875437479
10348,0,0.500199919823514
10349,0,0.5004077817665814
10350,0,0.5001082116475896
10351,0,0.501329570762246
10352,0,0.5007206528256813
10353,0,0.5005129611775468
10354,0,0.5002651848199938
10355,0,0.5005263868111889
10356,0,0.501576326879759
10357,0,0.5029432044338935
10358,0,0.5000885495724867
10359,0,0.5009765471625143
10360,0,0.5004110423291368
10361,0,0.5010440782221353
10362,0,0.5007972283751111
10363,0,0.5047968668711402
10364,0,0.5010308468804228
10365,0,0.5012222440801756
10366,0,0.5574918293090184
10367,0,0.5012630684960825
10368,0,0.5001916721353173
10369,0,0.5001478132420858
10370,0,0.5001687532870958
10371,0,0.5001596879225222
10372,0,0.5012037408991167
10373,0,0.501166923870673
10374,0,0.5002910297393905
10375,0,0.5005501592081557
10376,0,0.5001455970135668
10377,0,0.5013209741022377
10378,0,0.5002687987111825
10379,0,0.5001155550370087
10380,0,0.500417792351663
10381,0,0.5001606906887153
10382,0,0.500817971320639
10383,0,0.5013339304474647
10384,0,0.5028152472430306
10385,0,0.5032834721786855
10386,0,0.5003301120471865
10387,0,0.5002601134944242
10388,0,0.5001700946574361
10389,0,0.5015115605851804
10390,0,0.50091285970855
10391,0,0.501366203427558
10392,0,0.5021400517861879
10393,0,0.5002530894993092
10394,0,0.5003229070013893
10395,0,0.5029888578737628
10396,0,0.5007813136610546
10397,0,0.5000756256018787
10398,0,0.5028909115905561
10399,0,0.500528175738636
10400,0,0.5005227302656045
10401,0,0.500278129181358
10402,0,0.5003211778955687
10403,0,0.5001355327262255
10404,0,0.5002969941934553
10405,0,0.5001805623887015
10406,0,0.5004312685037849
10407,0,0.501158723318093
10408,0,0.5002027078559601
10409,0,0.5024670910343846
10410,0,0.5016807750165995
10411,0,0.5010272306142445
10412,0,0.5002308851341082
10413,0,0.500466365538423
10414,0,0.5008395998253103
10415,0,0.5011415045367061
10416,0,0.5001351745788476
10417,0,0.5003970502785923
10418,0,0.5004721951167785
10419,0,0.5000756256018787
10420,0,0.5001097657556902
10421,0,0.5001922109636596
10422,0,0.5023573044455519
10423,0,0.5005676396911278
10424,0,0.500942870910121
10425,0,0.5011334893113525
10426,0,0.5004682627113359
10427,0,0.5014602023032828
10428,0,0.5001790319921524
10429,0,0.5000851113914876
10430,0,0.5001400019851352
10431,0,0.5008240180835863
10432,0,0.5002509939174465
10433,0,0.5023122478140821
10434,0,0.5002194316076977
10435,0,0.5006892593337362
10436,0,0.5027717957166673
10437,0,0.5002276462649046
10438,0,0.5002310645233984
10439,0,0.50148610355251
10440,0,0.5028248942172512
10441,0,0.5006656846175287
10442,0,0.5000756256018787
10443,0,0.5001508974466755
10444,0,0.5008141344236247
10445,0,0.5000756256018787
10446,0,0.5031648005232029
10447,0,0.5001932526078489
10448,0,0.5009844747147167
10449,0,0.5006304555818721
10450,0,0.5170440026625258
10451,0,0.50047541581818
10452,0,0.5000756256018787
10453,0,0.5016211639215992
10454,0,0.5000756256018787
10455,0,0.5001980718714826
10456,0,0.5004756396825217
10457,0,0.5003131523617449
10458,0,0.5028915758153528
10459,0,0.5000756256018787
10460,0,0.5000976104068161
10461,0,0.5002879071014706
10462,0,0.500136110381708
10463,0,0.500243599951453
10464,0,0.5007742278255809
10465,0,0.5001108889143856
10466,0,0.501333644082945
10467,0,0.5000756256018787
10468,0,0.5002046797374248
10469,0,0.5005983379852027
10470,0,0.5001096745988927
10471,0,0.5002101939431671
10472,0,0.5052052214334605
10473,0,0.5016931351351025
10474,0,0.5111337527941523
10475,0,0.5021974554057059
10476,0,0.500128902860737
10477,0,0.5003214037437967
10478,0,0.5004887853023305
10479,0,0.5008499143154461
10480,0,0.5004337763613074
10481,0,0.5003662066281004
10482,0,0.5001064103617885
10483,0,0.5043910399030186
10484,0,0.5000756256018787
10485,0,0.5001033045480825
10486,0,0.5001239353028882
10487,0,0.5004872084506063
10488,0,0.5005703223275526
10489,0,0.500271840701691
10490,0,0.5013775900246924
10491,0,0.50057357025372
10492,0,0.500178455862437
10493,0,0.5003068221420378
10494,0,0.5071417000524918
10495,0,0.5011952185029489
10496,0,0.5007369834552103
10497,0,0.5021893566676465
10498,0,0.5052126579745815
10499,0,0.5001030957734693
10500,0,0.5003152919657305
10501,0,0.5002925855965971
10502,0,0.5009318776856269
10503,0,0.5005145952844375
10504,0,0.5004258246580727
10505,0,0.5014340543361251
10506,0,0.5004407858250793
10507,0,0.5002773095264249
10508,0,0.5006846946071716
10509,0,0.5001836739086181
10510,0,0.5037866459604629
10511,0,0.5003701250743633
10512,0,0.5002315085427478
10513,0,0.519392419024457
10514,0,0.5004788756568199
10516,0,0.5003847354530164
10517,0,0.5001484826247105
10518,0,0.5001534795309696
10519,0,0.5002598839638766
10520,0,0.5005233111798403
10521,0,0.5006980114216604
10522,0,0.5048635074565164
10523,0,0.5024621644487864
10524,0,0.502603197060547
10525,0,0.5001715149215307
10526,0,0.5055005827257476
10527,0,0.5002321843666349
10528,0,0.5115769156308183
10529,0,0.5007666751712355
10530,0,0.500227327489552
10531,0,0.5004099249613861
10532,0,0.5012907100053325
10533,0,0.5001459897134392
10534,0,0.5004019708608538
10535,0,0.5004777202629762
10536,0,0.5011323386408386
10537,0,0.5003813789918348
10538,0,0.5016110466992095
10539,0,0.5076014870742898
10540,0,0.5001294926955338
10541,0,0.5006374387364271
10542,0,0.5002481254015683
10543,0,0.5030891859320568
10544,0,0.5007674154681065
10545,0,0.5043629311128649
10546,0,0.5004627468399788
10547,0,0.5001548438798671
10548,0,0.5003135702121618
10549,0,0.5001213066835118
10550,0,0.50055507327393
10551,0,0.5036344315426374
10552,0,0.5005025484285559
10553,0,0.5040346481895979
10554,0,0.5002158491934079
10555,0,0.5000907143982533
10556,0,0.5013275630715535
10557,0,0.5008206282487487
10558,0,0.5005039322692529
10559,0,0.5021006170372239
10560,0,0.5001855646015577
10561,0,0.5003873557838958
10562,0,0.5003178728545606
10563,0,0.5118341619315061
10564,0,0.5011399061485298
10565,0,0.500251577368081
10566,0,0.5006405587511124
10567,0,0.5005718812985098
10568,0,0.5000960240708121
10569,0,0.5007760947837421
10570,0,0.5018008482471386
10571,0,0.5003658287721255
10572,0,0.5001634599282591
10573,0,0.5002691946657045
10574,0,0.5021760443791787
10575,0,0.5029933082609459
10576,0,0.5131552540276573
10577,0,0.500210787836373
10578,0,0.5001342586060229
10579,0,0.5004128841355139
10580,0,0.5000756256018787
10581,0,0.5007804397202474
10582,0,0.5039578465834981
10583,0,0.5018810491902114
10584,0,0.5019985153953024
10585,0,0.5005910786007591
10586,0,0.5002832311285824
10587,0,0.5000756256018787
10588,0,0.500577749012624
10589,0,0.5008152897992916
10590,0,0.500641951976907
10591,0,0.5001914051844953
10592,0,0.5002226679653636
10593,0,0.5000866128237218
10594,0,0.5004675827544203
10595,0,0.5003558628065198
10596,0,0.5026367961203367
10597,0,0.503124552901458
10598,0,0.5019871471549814
10599,0,0.5033014629639765
10600,0,0.5087831170600408
10601,0,0.5011256316567371
10602,0,0.500449292549503
10603,0,0.5007137309174909
10604,0,0.5007922734673383
10605,0,0.5027555239926808
10606,0,0.5003198672827266
10607,0,0.5007231267108626
10608,0,0.5004579918979561
10609,0,0.5010891464805519
10610,0,0.500261226465295
10611,0,0.5055238337672996
10612,0,0.5002652518735088
10613,0,0.5013606266141687
10614,0,0.500318273460761
10615,0,0.5001577552643626
10616,0,0.5003875236871939
10617,0,0.5057395241495408
10618,0,0.5000849987800716
10621,0,0.5003857960896708
10622,0,0.5075705423877981
10623,0,0.5080525219506921
10624,0,0.5009822418594881
10625,0,0.5006998299551628
10626,0,0.500146140179373
10627,0,0.5001124630899618
10628,0,0.5002876800202752
10629,0,0.5004849396619128
10630,0,0.5183982921964325
10631,0,0.5001338894089812
10632,0,0.5003068221420378
10633,0,0.5001521453021013
10634,0,0.501464164468926
10635,0,0.5000852659510189
10637,0,0.5061282371671765
10638,0,0.5003346099168211
10639,0,0.5004844437894715
10640,0,0.5001011436637243
10641,0,0.5128462203324449
10642,0,0.5043665902557914
10643,0,0.5012767128343638
10644,0,0.5005491183785826
10645,0,0.5010323719017717
10646,0,0.5001804193443274
10647,0,0.5000756256018787
10648,0,0.5004281934679176
10649,0,0.5039459079072651
10650,0,0.5026566590321435
10651,0,0.5008097533069386
10652,0,0.5001817381824779
10653,0,0.5001399065417412
10654,0,0.5002210416989588
10655,0,0.5003060110433593
10656,0,0.5005483740896275
10657,0,0.5004353374839146
10658,0,0.5010134065100705
10659,0,0.5001631534626954
10660,0,0.5001949514078846
10661,0,0.5003445605826801
10662,0,0.5003355821904439
10663,0,0.5042116732940274
10664,0,0.501228024574633
10665,0,0.500205055346516
10666,0,0.5001334609689485
10667,0,0.5004999985923969
10668,0,0.5000756256018787
10669,0,0.5005614755561358
10670,0,0.500107706154901
10671,0,0.5003542211522106
10672,0,0.5027119119408768
10673,0,0.5033194041222008
10674,0,0.5000859259717665
10675,0,0.5000979087505747
10676,0,0.5068147802471071
10677,0,0.5004247030440793
10678,0,0.5002940026634098
10679,0,0.5010945870086193
10680,0,0.5003515807565247
10681,0,0.5007705237955151
10682,0,0.500127943393187
10683,0,0.504637293225228
10684,0,0.5004545455864442
10685,0,0.5035686571405877
10686,0,0.5002249806376782
10687,0,0.5000756256018787
10688,0,0.5003035059490355
10689,0,0.5005427548901479
10690,0,0.5081493426159268
10691,0,0.5000756256018787
10692,0,0.5002346476686051
10693,0,0.5006117955597622
10694,0,0.5007247750092763
10695,0,0.5001278267331221
10696,0,0.5032398524177828
10697,0,0.5006505228279962
10698,0,0.5001953286879078
10699,0,0.5002040990121627
10700,0,0.5006960795909238
10701,0,0.5009041095024884
10702,0,0.5020398903507299
10703,0,0.5012656589392696
10704,0,0.5004348278123647
10706,0,0.5002043253872978
10708,0,0.5009894455116923
10709,0,0.5002170751578979
10710,0,0.5011239408874756
10711,0,0.5008430174683974
10712,0,0.5002416047495984
10713,0,0.5001447097436169
10714,0,0.5003277555594493
10715,0,0.5012092632201173
10716,0,0.5002729873592736
10717,0,0.5011614127021783
10718,0,0.5003466205471011
10719,0,0.500442245926601
10720,0,0.5002678218562918
10721,0,0.5002935120874407
10722,0,0.5001011557548776
10723,0,0.5004719289170563
10725,0,0.5015336030464993
10727,0,0.5001008858992022
10728,0,0.5023475714970498
10729,0,0.5003876010352837
10730,0,0.5001004350763032
10731,0,0.5031525592122646
10732,0,0.5008599568780995
10733,0,0.5011447330896777
10734,0,0.5010360866639685
10735,0,0.5001008456585855
10736,0,0.5001305591770235
10737,0,0.5198258030519304
10738,0,0.503921356918903
10739,0,0.5005680342326877
10740,0,0.5005818491662138
10741,0,0.5003063335706016
10742,0,0.5008920655826632
10743,0,0.5001309787120698
10744,0,0.5004448474236693
10745,0,0.5001382112228034
10746,0,0.5001642785826095
10747,0,0.5036794475563174
10748,0,0.500542303581503
10749,0,0.5006282546665528
10750,0,0.5001125451874909
10751,0,0.5019122893831387
10752,0,0.5002363010927299
10753,0,0.5001116571277071
10754,0,0.5005324583752745
10755,0,0.5252962602081263
10756,0,0.5004529125794006
10757,0,0.5020165076683625
10758,0,0.50411199311301
10759,0,0.5007678155297569
10760,0,0.506681993990031
10761,0,0.5008601231980212
10762,0,0.50279434904548
10763,0,0.5001921977258135
10764,0,0.5011162482457784
10765,0,0.5029293741014567
10766,0,0.5004980104013365
10767,0,0.5003155071961585
10768,0,0.5004349143416664
10769,0,0.5004563214348098
10771,0,0.5011928110490552
10772,0,0.5010602680607774
10773,0,0.5002325692177656
10774,0,0.500264773640571
10775,0,0.5017874529784457
10776,0,0.500215972973585
10777,0,0.5007873613758926
10778,0,0.5009177341668791
10779,0,0.5031995165997082
10780,0,0.5014726380116499
10781,0,0.5003895630579228
10782,0,0.5001605067197151
10783,0,0.5021619797162624
10784,0,0.5002881931604642
10785,0,0.5006326562092187
10786,0,0.5000851113914876
10787,0,0.5000864048887715
10788,0,0.5001413558188345
10789,0,0.5024565382382212
10790,0,0.5003198870986586
10791,0,0.5008209555412276
10792,0,0.5006442023840914
10793,0,0.500258857770972
10794,0,0.5003032468127117
10795,0,0.5000756256018787
10796,0,0.5007076930647004
10797,0,0.5005456860660612
10798,0,0.5044910482160592
10799,0,0.5004803427772665
10800,0,0.5001529719241525
10801,0,0.5015849799641255
10802,0,0.5012224463463466
10803,0,0.5009443201680344
10804,0,0.5001789715915987
10805,0,0.5007544074763127
10806,0,0.5001626768747269
10807,0,0.500141114915329
10808,0,0.5001920877646882
10809,0,0.5001865828554813
10810,0,0.500511604797054
10811,0,0.5002018118711098
10812,0,0.5044439554540442
10813,0,0.501273826294841
10814,0,0.5010836591228035
10815,0,0.5006749138456759
10816,0,0.5040914192857786
10817,0,0.5012662419763132
10818,0,0.5000972118902837
10819,0,0.5003519879665648
10820,0,0.5004608469343536
10821,0,0.5032190153945922
10822,0,0.5007662094279838
10823,0,0.5001279921425464
10824,0,0.5024526762885588
10825,0,0.5002066227476237
10826,0,0.5001753825512525
10827,0,0.5013133861740139
10828,0,0.5003755005353305
10829,0,0.5301631739607331
10830,0,0.5000756256018787
10831,0,0.5020280191666583
10832,0,0.5009375637644907
10833,0,0.5007127183118397
10834,0,0.5003934183864313
10835,0,0.5041822598996601
10836,0,0.5022107000144964
10837,0,0.5026928075089487
10838,0,0.5002273038152968
10839,0,0.5014283337598626
10840,0,0.5007221526500348
10841,0,0.5000756256018787
10842,0,0.5002919996147553
10843,0,0.5020147534442383
10844,0,0.5003191104368944
10845,0,0.5005417545060239
10846,0,0.5002267072081577
10847,0,0.5002829848175905
10848,0,0.5001117754252693
10850,0,0.500257031806211
10851,0,0.504046750618778
10852,0,0.5023985787383538
10853,0,0.5022625463739789
10854,0,0.5000756256018787
10855,0,0.5000860143710325
10856,0,0.5013531279330247
10857,0,0.5012693481921779
10858,0,0.5003477770844774
10859,0,0.5016387045971211
10860,0,0.5006430738205585
10861,0,0.5007298699554756
10862,0,0.5015426251782443
10863,0,0.5004200062241851
10864,0,0.5007806442797338
10865,0,0.5008259161897208
10866,0,0.5005043045042564
10867,0,0.5012628125002699
10868,0,0.5001399565872932
10869,0,0.5044389457797862
10870,0,0.5001241567079487
10871,0,0.5001093147762937
10872,0,0.5002376879155555
10873,0,0.5002164554220505
10874,0,0.500278129181358
10875,0,0.5011145271701635
10876,0,0.5000969175207212
10877,0,0.5010264074578321
10878,0,0.5031813804279678
10879,0,0.5000756256018787
10880,0,0.5001064931684939
10881,0,0.5003165944839095
10882,0,0.5004279117607464
10883,0,0.514027143425306
10884,0,0.5003714119478728
10885,0,0.5001636294305518
10886,0,0.5100875406338721
10887,0,0.5007286805771834
10888,0,0.5025442396632027
10889,0,0.5000852659510189
10890,0,0.5001904840098859
10891,0,0.5010903063552917
10892,0,0.5003534345298527
10893,0,0.5001229805972818
10894,0,0.5009703203865246
10895,0,0.5007450173788625
10896,0,0.5004663385297027
10897,0,0.5013385433061505
10898,0,0.500310283365187
10899,0,0.5003008725399493
10900,0,0.500324861214032
10901,0,0.5017997732797048
10902,0,0.5035577242422438
10903,0,0.5003127638442562
10904,0,0.5000989818111811
10905,0,0.5004399203062418
10906,0,0.5000756256018787
10908,0,0.5069445278110025
10909,0,0.5002858908883462
10910,0,0.5001125830324638
10911,0,0.5013655314383026
10912,0,0.5000756256018787
10913,0,0.5007283131079339
10914,0,0.5000756256018787
10915,0,0.5005682314022477
10916,0,0.5002387084945776
10917,0,0.5001221875330311
10918,0,0.5000860849772746
10919,0,0.5037909227187205
10920,0,0.5006119607851132
10921,0,0.5004250776756521
10922,0,0.5002652436984925
10923,0,0.5001954753944904
10924,0,0.5044070734524653
10925,0,0.5004957403488476
10926,0,0.5001463245469008
10927,0,0.5001011708399639
10928,0,0.5003316683756962
10929,0,0.5003095005685945
10930,0,0.5004069919445769
10931,0,0.500511439830799
10932,0,0.5005481558322408
10933,0,0.5001912662360697
10934,0,0.5002654270610882
10935,0,0.5000756256018787
10936,0,0.5000756256018787
10937,0,0.5004164576554827
10938,0,0.5003872720468765
10939,0,0.5007834709420422
10940,0,0.5001355992909402
10941,0,0.5000756256018787
10942,0,0.5002794728173959
10943,0,0.5006777945247063
10944,0,0.5002266789811965
10945,0,0.5000854685427469
10946,0,0.501492032578564
10947,0,0.501632022859631
10948,0,0.50013812601689
10949,0,0.5003006661720133
10950,0,0.5005363065031201
10951,0,0.5003504404619188
10953,0,0.5023661523733779
10954,0,0.5060464083375306
10955,0,0.501262904310183
10956,0,0.5003348971032722
10957,0,0.5001889462432981
10958,0,0.5000756256018787
10959,0,0.5004075035412656
10960,0,0.5223879217867046
10961,0,0.5004406253575787
10962,0,0.5001230314675353
10963,0,0.5022098858081797
10964,0,0.5002716676135354
10965,0,0.5001734376094283
10966,0,0.5018482862727944
10967,0,0.5001546827483161
10968,0,0.5009049760718485
10969,0,0.5000756256018787
10970,0,0.5001980968776324
10971,0,0.5003518267981446
10972,0,0.5001384999523176
10973,0,0.5001171263801774
10974,0,0.5012427515310601
10975,0,0.5007038637055553
10976,0,0.5007556712440898
10977,0,0.5000756256018787
10978,0,0.5003900028791238
10979,0,0.5011978416276441
10980,0,0.5001044003900537
10981,0,0.5000756256018787
10982,0,0.5198258677438338
10983,0,0.5011742859965266
10984,0,0.5059830396636832
10985,0,0.5000756256018787
10986,0,0.5006628046900465
10987,0,0.5016606105513955
10988,0,0.5002399624990712
10989,0,0.5033809917954012
10990,0,0.5000960240708121
10991,0,0.5001815924382905
10992,0,0.5038528028958347
10993,0,0.5004205128213752
10994,0,0.5001800505135794
10996,0,0.5000987895209869
10997,0,0.5006756313684908
10998,0,0.5010781451651786
10999,0,0.500685772041783
11000,0,0.5003257089049238
11001,0,0.500089969137721
11002,0,0.5005042510861263
11003,0,0.500298938728266
11004,0,0.5001575963196435
11005,0,0.5001479453770258
11006,0,0.500136509832555
11007,0,0.5008440789260623
11008,0,0.5000756256018787
11009,0,0.5003989411545914
11010,0,0.5001529588361113
11011,0,0.5002959956132272
11012,0,0.5001632417323216
11013,0,0.5016884830602849
11014,0,0.5006342552813405
11015,0,0.5037649769082382
11016,0,0.5009288731055478
11017,0,0.5024237337969736
11018,0,0.5003642508137569
11019,0,0.5002280780301498
11020,0,0.5001589947313195
11021,0,0.5004660068000317
11022,0,0.5011497762003927
11023,0,0.5001490527458042
11024,0,0.5008311192626713
11025,0,0.5023577527570835
11026,0,0.5001902190938934
11027,0,0.5002241442191248
11028,0,0.5006759264216942
11029,0,0.5001402307581041
11030,0,0.5000756256018787
11031,0,0.5001640547878258
11032,0,0.5006688732544924
11033,0,0.5002246896734176
11034,0,0.5008430533649062
11035,0,0.5008368105713108
11036,0,0.5040549702594334
11037,0,0.5004471730109168
11038,0,0.5000756256018787
11039,0,0.5016184755528017
11040,0,0.5003149703630886
11041,0,0.5024766516432702
11042,0,0.5118907068557811
11043,0,0.5006578907824332
11044,0,0.5004684998547625
11045,0,0.5001350879702511
11046,0,0.5002660926636481
11047,0,0.5011308505381538
11048,0,0.500734893334064
11049,0,0.5001090998931863
11050,0,0.5003754055127598
11051,0,0.5031074744369951
11052,0,0.5017358628130776
11053,0,0.5001748279956257
11054,0,0.5001760338411286
11055,0,0.5001230314675353
11056,0,0.500859651792806
11057,0,0.5004092693863964
11058,0,0.5001829703899625
11059,0,0.5006004805273776
11060,0,0.5005351662773461
11061,0,0.5011242669506273
11062,0,0.5001220463721248
11063,0,0.5001670782211345
11064,0,0.5003308541474183
11065,0,0.5001993544334249
11066,0,0.5014244151813986
11067,0,0.5102015466679821
11068,0,0.5000756256018787
11069,0,0.5002054450657475
11070,0,0.5005256155856556
11071,0,0.5001493586310863
11072,0,0.5001859848164018
11073,0,0.5001116440919794
11074,0,0.5002603503878221
11075,0,0.5001653098541496
11076,0,0.5003388414125294
11077,0,0.5000856433146048
11078,0,0.5015760758762398
11079,0,0.5020358006770131
11080,0,0.5032444815691212
11081,0,0.5005317774877553
11082,0,0.5003120625679455
11083,0,0.5003346607136854
11084,0,0.5010454095917575
11085,0,0.5013802593502248
11086,0,0.5000756256018787
11087,0,0.5001056812814725
11088,0,0.5038609720212014
11089,0,0.5002570597047464
11091,0,0.5004708989202961
11092,0,0.5011678084052619
11093,0,0.500429953773686
11094,0,0.502828080975711
11095,0,0.5012766661859446
11096,0,0.5002122144009868
11097,0,0.5012952761587832
11098,0,0.5007033641161909
11099,0,0.5003376708260292
11100,0,0.5007475652754386
11101,0,0.5011428545222488
11102,0,0.5049693792859431
11103,0,0.5004454445821969
11104,0,0.5003210740989851
11105,0,0.500505736329245
11106,0,0.5007273168778688
11107,0,0.5007942384727242
11108,0,0.5004990089610146
11109,0,0.5010400982632708
11110,0,0.5002593268669225
11111,0,0.5026182601509573
11112,0,0.5001562242491158
11113,0,0.5004528978738562
11114,0,0.5420021091628068
11115,0,0.5001789175632685
11116,0,0.5007684412506068
11117,0,0.5001638751476316
11118,0,0.5001530206634368
11119,0,0.500118522490843
11120,0,0.5012669070707348
11121,0,0.5075155571816413
11122,0,0.5006067011056189
11123,0,0.5015227584379679
11124,0,0.5029175373634611
11125,0,0.500841916100219
11126,0,0.5001841499077588
11127,0,0.5268867546032692
11129,0,0.5016203928619621
11130,0,0.500187178341457
11131,0,0.5024774157516874
11132,0,0.5019986339961573
11133,0,0.5007546587200792
11134,0,0.5037249256066213
11135,0,0.5410996663579527
11136,0,0.50039709102056
11138,0,0.5006975351891287
11139,0,0.5001808130401538
11140,0,0.5005543035756966
11141,0,0.5001051374129573
11142,0,0.5002274306183984
11143,0,0.5002286423786005
11144,0,0.5004451513183557
11145,0,0.5006846359162617
11146,0,0.5002442052488947
11147,0,0.5006883604930573
11148,0,0.5004691042115532
11149,0,0.5002415184154602
11150,0,0.5030981135079596
11151,0,0.5164227535597878
11152,0,0.5001461238021518
11153,0,0.5003084474127864
11154,0,0.5048596948050975
11155,0,0.5003702475775728
11156,0,0.5003784549929191
11157,0,0.5000756256018787
11158,0,0.5007683917160285
11159,0,0.5006656621465517
11160,0,0.5004843262687457
11161,0,0.5002764045147846
11162,0,0.5001811461943622
11163,0,0.5003267839065567
11164,0,0.5001977536184087
11165,0,0.5000970212660212
11166,0,0.5030036954178365
11167,0,0.5000756256018787
11168,0,0.500221531316574
11169,0,0.5002017929871856
11170,0,0.5000875322551387
11171,0,0.5010291187608393
11172,0,0.500162296678348
11173,0,0.5000845269072537
11174,0,0.5000756256018787
11175,0,0.5016084319553048
11176,0,0.5065238108598639
11177,0,0.5000992088790414
11178,0,0.5002332382923116
11179,0,0.5001117804260738
11180,0,0.5002729818647922
11181,0,0.5005778684454919
11182,0,0.5000756256018787
11183,0,0.5005388258415941
11184,0,0.5017066660535665
11185,0,0.5033063298373461
11186,0,0.5009291890855984
11187,0,0.5020863082651897
11188,0,0.5001015975289955
11189,0,0.5004862344584814
11190,0,0.502107791787222
11191,0,0.5010136264990239
11192,0,0.5006363365122907
11193,0,0.5000756256018787
11194,0,0.5002430576562333
11195,0,0.5012894874798415
11196,0,0.5030703492525644
11197,0,0.5016147872787861
11198,0,0.5001300050222067
11199,0,0.5008770581710453
11200,0,0.5042936800457047
11201,0,0.5002376916570462
11202,0,0.5001641494411061
11203,0,0.5005654443701211
11204,0,0.5002670882880639
11205,0,0.5003750044101866
11206,0,0.5001729709458134
11207,0,0.500372053203192
11208,0,0.5006274150957336
11209,0,0.5004822804587313
11210,0,0.5001904030671444
11211,0,0.500745949918025
11212,0,0.5003029562295183
11213,0,0.5011057593545681
11214,0,0.5004610860805618
11215,0,0.500096556623703
11216,0,0.5001698727501153
11217,0,0.5023046977103263
11218,0,0.5011970999277218
11219,0,0.5001265095210308
11220,0,0.5003396700512661
11221,0,0.5016131861759491
11222,0,0.50013615957688
11223,0,0.5008163818621355
11224,0,0.5003001818633445
11225,0,0.5021295447745872
11226,0,0.5008703380982692
11227,0,0.5008246215767954
11228,0,0.5007361129516278
11229,0,0.5025383470229882
11230,0,0.500201453600041
11231,0,0.5004855294438488
11232,0,0.500695583771145
11233,0,0.500095794487024
11234,0,0.5000756256018787
11235,0,0.5000856773131704
11236,0,0.5004524779418059
11237,0,0.5009617040798304
11238,0,0.5002193462509605
11239,0,0.5001916240520969
11240,0,0.5000756256018787
11241,0,0.5009218227510991
11242,0,0.5001337272474143
11243,0,0.5004819265931555
11244,0,0.5048566530223731
11245,0,0.5023084133970641
11246,0,0.5003526321816528
11247,0,0.5002266403568917
11248,0,0.5003739720952245
11249,0,0.500647943787217
11250,0,0.500160924694658
11251,0,0.5012288688466808
11252,0,0.50008408343304
11253,0,0.5006537597085393
11254,0,0.5004422593381812
11255,0,0.501280761986453
11256,0,0.5000842634124053
11257,0,0.5003339646734057
11258,0,0.5002071298093053
11259,0,0.5007342237859423
11260,0,0.5017332338682643
11261,0,0.5004523486482687
11262,0,0.5015988686343185
11263,0,0.5003181226725626
11264,0,0.5002636167866819
11265,0,0.5006696915943557
11266,0,0.5021125334801156
11267,0,0.5006102159817765
11268,0,0.5029414970668974
11269,0,0.5391949242494047
11270,0,0.500132715144043
11271,0,0.5020021178619075
11272,0,0.5005755114474251
11273,0,0.5008013333178223
11274,0,0.5008077090270256
11275,0,0.5024672621854733
11276,0,0.500316809051537
11277,0,0.500800028079349
11278,0,0.5440440656931794
11279,0,0.5000756256018787
11280,0,0.5006031664198942
11281,0,0.5009282717754424
11282,0,0.5012514688040216
11283,0,0.5009969150931668
11284,0,0.5010186884787253
11285,0,0.5012572480002488
11286,0,0.500609665661856
11287,0,0.5016656008793466
11288,0,0.5024127588434788
11289,0,0.5001300240706495
11290,0,0.500286284190636
11291,0,0.5003495626537365
11292,0,0.5005983379852027
11293,0,0.5006313316291782
11294,0,0.5001638900185978
11295,0,0.5009230835174762
11296,0,0.5010077636469953
11297,0,0.5013530715770557
11298,0,0.5002461539842548
11299,0,0.5006177133237346
11300,0,0.5003653960350131
11301,0,0.5009036848349792
11302,0,0.5024252590102118
11303,0,0.5008546952405633
11304,0,0.5000897226893046
11305,0,0.5002107904131559
11306,0,0.5000756256018787
11307,0,0.500504201600883
11308,0,0.5005206924668553
11309,0,0.5008502669556835
11310,0,0.5021803789661657
11311,0,0.5001935523073668
11312,0,0.5431669758662243
11313,0,0.5001699755234779
11314,0,0.5001247720416137
11315,0,0.5112508918372582
11316,0,0.5006228398934937
11317,0,0.5053977105444292
11318,0,0.5001272220801715
11319,0,0.5015902300871817
11320,0,0.5083643915456204
11321,0,0.5000756256018787
11322,0,0.5005229401957464
11323,0,0.5003234274165257
11324,0,0.5179762167701425
11325,0,0.5009198847557171
11326,0,0.5000756256018787
11327,0,0.5001593733987576
11328,0,0.5023023898680418
11329,0,0.501074839289947
11330,0,0.5023362371766408
11331,0,0.5009923871541518
11332,0,0.500306860526271
11333,0,0.5001528019354355
11334,0,0.5004105252654247
11335,0,0.5005496738198628
11336,0,0.5028886017552404
11337,0,0.5004104649470023
11338,0,0.5031655614433868
11340,0,0.500251200747565
11341,0,0.5003491994442728
11342,0,0.500773129976716
11343,0,0.5034875188967044
11344,0,0.5002527154824934
11345,0,0.5015699249833485
11346,0,0.5002145490250469
11347,0,0.5020806510808885
11348,0,0.5004355045848841
11349,0,0.5003003746402518
11350,0,0.5007543520630897
11351,0,0.5002315085427478
11352,0,0.5090395452534496
11353,0,0.5008148546747399
11354,0,0.5003865495929548
11355,0,0.5004281675256272
11356,0,0.5006019963085855
11357,0,0.5153704805299909
11358,0,0.5003334100947182
11359,0,0.5000859259717665
11360,0,0.500225215513386
11361,0,0.5001106100501256
11362,0,0.5002940026634098
11363,0,0.5023272592433873
11364,0,0.5003399124321435
11365,0,0.500696123183845
11366,0,0.5001697069953832
11367,0,0.5000756256018787
11368,0,0.5002150737634777
11369,0,0.5186457380508604
11370,0,0.5004338111510455
11371,0,0.5013219528538916
11372,0,0.5008227849435569
11373,0,0.5016516849065993
11374,0,0.5001419236630374
11375,0,0.5017137824335001
11376,0,0.504910422488949
11377,0,0.501252822843721
11378,0,0.5003528524468975
11379,0,0.5001354278140866
11380,0,0.5001474994497956
11381,0,0.5003811061935168
11382,0,0.5026924108109206
11383,0,0.5003804756265781
11384,0,0.5006672612917697
11385,0,0.500789517716475
11386,0,0.5004259531905124
11388,0,0.5001346644999384
11389,0,0.5004395613847976
11390,0,0.5001132425149508
11391,0,0.5028660091902768
11392,0,0.500539816816237
11393,0,0.5002378194129969
11394,0,0.500661730927528
11395,0,0.5006043418048058
11396,0,0.5017043822045972
11397,0,0.5002630826171088
11398,0,0.5002935785814803
11399,0,0.5105578828612785
11400,0,0.5001122134213891
11401,0,0.5001720329147528
11402,0,0.5020675583867129
11403,0,0.5001145077725031
11404,0,0.5001245569781511
11405,0,0.5000756256018787
11406,0,0.5001218302046709
11407,0,0.5001736430001748
11408,0,0.500445589998084
11409,0,0.5001807840760805
11410,0,0.5019540366683106
11411,0,0.500331093382764
11412,0,0.5003015758237742
11413,0,0.5003416127704492
11414,0,0.5006409907927099
11415,0,0.5003404379662872
11416,0,0.5004499598966053
11417,0,0.5001724128902488
11418,0,0.5002365685639153
11419,0,0.5002472024632078
11420,0,0.5004910909792027
11421,0,0.5002042460553662
11422,0,0.5002663430605567
11423,0,0.5074629835402917
11424,0,0.5000880151297974
11425,0,0.5000756256018787
11426,0,0.502751464343868
11427,0,0.5003490633508222
11428,0,0.5005710301806173
11429,0,0.5001671312961448
11430,0,0.5001917885123902
11431,0,0.5003859039515222
11432,0,0.5005251488984933
11433,0,0.5001168996141117
11434,0,0.5000858705412077
11435,0,0.5001902573902882
11436,0,0.5012029852670928
11437,0,0.5007614947423763
11438,0,0.5080389250392398
11439,0,0.5001647830316908
11440,0,0.5016694764985992
11441,0,0.5011942743522615
11442,0,0.511104774629145
11443,0,0.5002013710277186
11444,0,0.5001230348159764
11445,0,0.5057828293495641
11446,0,0.5005386008149639
11447,0,0.5001504480412781
11448,0,0.5029156334037848
11449,0,0.5001933840227879
11450,0,0.5043853416011329
11451,0,0.5005827789076928
11452,0,0.5002389222766229
11453,0,0.5009401388045753
11454,0,0.5026334444902674
11455,0,0.5001257918429984
11456,0,0.5000756256018787
11457,0,0.5001671141395884
11458,0,0.5019377685303777
11459,0,0.5008275886099809
11460,0,0.50008408343304
11461,0,0.5004270016509703
11462,0,0.5308252783843987
11463,0,0.5002377311957813
11464,0,0.5004303228987206
11465,0,0.5001130697073036
11466,0,0.5003157395902871
11467,0,0.5012213216835983
11468,0,0.5001644642583501
11469,0,0.5008180459864396
11470,0,0.5040174264564412
11471,0,0.5004715533116061
11472,0,0.5021498113988674
11473,0,0.5001116440919794
11474,0,0.5016377512780296
11475,0,0.5003867580436269
11476,0,0.5000756256018787
11477,0,0.5000756256018787
11478,0,0.5003580076094615
11479,0,0.5062874521080544
11480,0,0.5005837676822751
11481,0,0.5010633619170661
11482,0,0.5003068221420378
11483,0,0.5001116644467635
11484,0,0.5004237724314695
11485,0,0.5014004492435981
11486,0,0.5002683317069607
11487,0,0.5005571768524841
11488,0,0.500206876635858
11489,0,0.5004823841553486
11490,0,0.5006019390561671
11491,0,0.5005978187719675
11492,0,0.500288144948613
11493,0,0.5000891975944192
11494,0,0.5023073511900229
11495,0,0.500154565808541
11496,0,0.502501076733991
11497,0,0.5004548090357961
11498,0,0.5000756256018787
11499,0,0.5003638715320435
11500,0,0.5000756256018787
11501,0,0.5007355080310154
11502,0,0.5004888247554257
11503,0,0.500330126193627
11504,0,0.5001599025897344
11505,0,0.5004291460263065
11506,0,0.5001191317330742
11507,0,0.5010025720182385
11508,0,0.5004123981916132
11509,0,0.5001628749168031
11510,0,0.5015218723894423
11511,0,0.5002337317966599
11512,0,0.5004768607680344
11513,0,0.50008538014946
11514,0,0.5002196069875084
11515,0,0.5002153958027876
11516,0,0.5002530319415717
11517,0,0.5002485692134795
11518,0,0.5008357583029802
11519,0,0.500656580058092
11520,0,0.5001863983783447
11521,0,0.5015241583851598
11522,0,0.5004186718293235
11523,0,0.5001942896313759
11524,0,0.5003009918688042
11525,0,0.5000756256018787
11526,0,0.5029443904972039
11527,0,0.5000960040976397
11528,0,0.5036737412004427
11529,0,0.5010560520626168
11530,0,0.5001478255617765
11531,0,0.5004041397344672
11532,0,0.5003542211522106
11533,0,0.5001497079621395
11534,0,0.5015883391863921
11535,0,0.5045533358135071
11536,0,0.5010563529274854
11537,0,0.500193870406009
11538,0,0.5002382754568446
11539,0,0.5007799572289808
11540,0,0.5010522861023623
11541,0,0.5000756256018787
11542,0,0.5019040057164715
11543,0,0.5005827275743999
11544,0,0.500477738034062
11545,0,0.500170370277922
11546,0,0.5003039706890358
11547,0,0.5006031855111365
11548,0,0.5000756256018787
11549,0,0.5027413085407959
11550,0,0.5004651861374405
11551,0,0.501753079743251
11552,0,0.5005476103005392
11553,0,0.5001509121471696
11554,0,0.5015420694060846
11555,0,0.5004131723746575
11556,0,0.5031268511201965
11557,0,0.500511866296571
11558,0,0.5001776479293741
11559,0,0.5005090677849642
11560,0,0.5002451364526311
11561,0,0.5002671647155966
11562,0,0.500197633999872
11563,0,0.5003477330058442
11564,0,0.5027194762419377
11565,0,0.5020541630625746
11566,0,0.5001089586081869
11567,0,0.5069099393733367
11568,0,0.5002229168246398
11569,0,0.500919835639233
11570,0,0.5010946092250566
11571,0,0.5002773095264249
11572,0,0.500334551264901
11573,0,0.5003063277151479
11574,0,0.5021149566649321
11575,0,0.5000756256018787
11576,0,0.5043357946909635
11577,0,0.5005646000084206
11578,0,0.5048759912387774
11579,0,0.5008981017329316
11580,0,0.5001859100149217
11581,0,0.5010068190898334
11582,0,0.5019438689533053
11583,0,0.5002206024268648
11584,0,0.5000756256018787
11585,0,0.500387039525123
11586,0,0.5002162623119067
11587,0,0.5033184635772621
11588,0,0.5006900021356817
11589,0,0.5142107943473679
11590,0,0.5000991137960914
11591,0,0.5000853159924394
11592,0,0.5020588739795431
11593,0,0.5003138994254135
11594,0,0.5004626303450909
11595,0,0.5017558928269075
11596,0,0.5002934893540882
11597,0,0.5004263841081705
11598,0,0.5005496910700409
11600,0,0.500945040943884
11601,0,0.5008793842489618
11602,0,0.5009621990146855
11603,0,0.5008594924146949
11604,0,0.500313721687777
11605,0,0.5005132458644647
11606,0,0.5001391757567695
11607,0,0.504352610437906
11608,0,0.5017928482149581
11609,0,0.5042930823565657
11610,0,0.5004236048805605
11611,0,0.500817572545304
11612,0,0.5014279529351867
11613,0,0.5090035039151749
11614,0,0.508568200301305
11615,0,0.5014088514949796
11616,0,0.5003571535290383
11617,0,0.500241200560521
11618,0,0.5004690431227751
11619,0,0.5004708600080098
11620,0,0.5047909070831458
11621,0,0.5009616826286545
11622,0,0.5002391925646869
11623,0,0.5012442018134241
11624,0,0.5001479437597689
11625,0,0.5001683613203421
11626,0,0.5002011726350194
11627,0,0.5007383840640486
11628,0,0.5001525963452605
11630,0,0.5143709519740596
11631,0,0.500283277143643
11632,0,0.5001301281264089
11633,0,0.5001941878009325
11634,0,0.5001530727162156
11635,0,0.5001665563513752
11636,0,0.5003084549686384
11637,0,0.50101674422378
11638,0,0.5026779824397954
11639,0,0.5007891545862232
11640,0,0.5003136405720053
11641,0,0.5001589195264725
11642,0,0.5019029922001254
11643,0,0.5003474278032135
11644,0,0.5002123338335308
11645,0,0.5003534083863299
11646,0,0.500793250443059
11647,0,0.5000956973702901
11648,0,0.5019049533954397
11649,0,0.5047541314194477
11650,0,0.5009029774685927
11651,0,0.5004168279371166
11652,0,0.5014482618635022
11653,0,0.5002217778232326
11654,0,0.5043782552901788
11655,0,0.5001649279581232
11656,0,0.5000756256018787
11657,0,0.5017365820935387
11658,0,0.5006649905898374
11659,0,0.5002121418657266
11660,0,0.5004333325884339
11661,0,0.5006842839430385
11662,0,0.5010711107009179
11663,0,0.5081937053971904
11664,0,0.5002168416541335
11665,0,0.5857860533277907
11666,0,0.5009891969686389
11667,0,0.5001785506042452
11668,0,0.5007945491276048
11669,0,0.52351873526647
11670,0,0.5002920925285548
11671,0,0.5000846754222408
11672,0,0.500222613404402
11673,0,0.5006344366230903
11674,0,0.5008030150244301
11675,0,0.5013360486109099
11676,0,0.5001596879225222
11677,0,0.5003477210184721
11678,0,0.500240387530929
11679,0,0.5002564345840748
11681,0,0.5015587455937983
11682,0,0.5014344088270434
11683,0,0.5001637840888825
11684,0,0.5002852495115779
11685,0,0.5010710790512819
11686,0,0.500253591265969
11687,0,0.5002477835450129
11688,0,0.5001367534892842
11689,0,0.5004050738658331
11690,0,0.5039182152154198
11691,0,0.5023285824501234
11692,0,0.5037003676324119
11693,0,0.5001158772916152
11694,0,0.5012374275645085
11695,0,0.5003911129017282
11696,0,0.5625048310912361
11697,0,0.5003609081440133
11698,0,0.5142719467575507
11699,0,0.500655970288852
11701,0,0.5000963564423413
11702,0,0.5002692489020932
11703,0,0.5012916491300276
11704,0,0.5004358046335474
11705,0,0.5005076138131415
11706,0,0.5012507623903845
11707,0,0.5014541119359739
11708,0,0.500338350615129
11709,0,0.5001612006673043
11710,0,0.5038710951515266
11711,0,0.5004118459251568
11712,0,0.5005230560182143
11713,0,0.5019098053767457
11714,0,0.500149260454173
11715,0,0.5011546768613984
11716,0,0.5029447167082053
11717,0,0.500245528846218
11718,0,0.5002997379112076
11719,0,0.5015735325753153
11720,0,0.503716268441837
11721,0,0.5022772006311509
11722,0,0.5003374876795809
11723,0,0.5001055873954133
11724,0,0.5005056109795702
11725,0,0.5000756256018787
11726,0,0.5006733979578999
11727,0,0.5002385087814761
11728,0,0.5001202541455005
11729,0,0.5002471099236511
11730,0,0.500474461124477
11731,0,0.5020840740662081
11732,0,0.5031542944289398
11733,0,0.5001004981068247
11734,0,0.500687470266185
11735,0,0.5052587986755268
11736,0,0.5005933588213786
11737,0,0.5004527157302804
11738,0,0.5366683538881347
11739,0,0.5003368194201716
11740,0,0.5003417165309891
11741,0,0.5005854188257561
11742,0,0.500636508352195
11743,0,0.5035436882754004
11744,0,0.5004627094717543
11745,0,0.500687895290033
11746,0,0.5015708242784582
11747,0,0.5003390587961049
11748,0,0.500584989211128
11749,0,0.5013524787836648
11750,0,0.5000987851302763
11751,0,0.5003750708945295
11752,0,0.5001716053110005
11753,0,0.5006473004397212
11754,0,0.5005708912722558
11755,0,0.5000756256018787
11756,0,0.5001892416124207
11757,0,0.5002188673496278
11758,0,0.5004334357704323
11759,0,0.5002315085427478
11760,0,0.500574437013526
11762,0,0.5012214719185352
11763,0,0.5001456096913527
11764,0,0.5197823399495876
11765,0,0.5001811122019381
11766,0,0.5001919672627662
11767,0,0.5001025813933997
11768,0,0.5007217572949141
11769,0,0.5008968808368107
11770,0,0.5008541538704803
11771,0,0.5016088452880766
11772,0,0.500263188657582
11773,0,0.5011791358617841
11774,0,0.5001135824290345
11775,0,0.5004951661751267
11776,0,0.5194518344337312
11777,0,0.5015787041285145
11778,0,0.5003820970295579
11779,0,0.5002596829152319
11780,0,0.500116985966151
11781,0,0.5013470335550061
11782,0,0.5002579193497371
11783,0,0.502653282335394
11784,0,0.5002632774042791
11785,0,0.5096764302148036
11786,0,0.5003834255556959
11787,0,0.500109816452051
11788,0,0.5029224164755447
11789,0,0.5001159573959992
11790,0,0.5135531607015815
11791,0,0.5003746523805677
11793,0,0.5004660372986036
11794,0,0.5001790319921524
11796,0,0.5049512694348143
11797,0,0.5001069475790723
11798,0,0.5001033433951795
11799,0,0.5034777092153119
11800,0,0.5013520134067192
11801,0,0.5013398944042718
11802,0,0.5008957956230303
11803,0,0.5001850183383311
11804,0,0.5005144700566398
11805,0,0.5009615631833951
11806,0,0.5001696186398775
11807,0,0.5008455478968797
11808,0,0.5083186225558262
11809,0,0.5001456293523157
11810,0,0.5011914299257351
11812,0,0.5002260512806156
11813,0,0.500608428557684
11814,0,0.5001277104423701
11815,0,0.5002788913179371
11816,0,0.500740404501952
11817,0,0.5002440160951844
11818,0,0.5003468241472884
11819,0,0.5001893651552387
11820,0,0.5002053493119201
11821,0,0.5006165326695351
11822,0,0.5023845819540798
11823,0,0.5002779368578918
11824,0,0.5005522656359634
11825,0,0.5001935320935935
11826,0,0.5001456293523157
11827,0,0.5008436544687319
11828,0,0.5001712702560235
11829,0,0.5017462425960866
11830,0,0.500230542196725
11831,0,0.5005509327911163
11832,0,0.500555687329563
11833,0,0.5027971206134287
11834,0,0.5007871057525187
11835,0,0.5002587053666132
11836,0,0.5003926264740277
11837,0,0.5063902973297434
11838,0,0.5001683376093614
11839,0,0.5007799953083124
11840,0,0.500634535918588
11841,0,0.5059923387982932
11842,0,0.5002771549491816
11843,0,0.5001877355278116
11844,0,0.5004337469398132
11845,0,0.5007897110642436
11846,0,0.5009883096088569
11847,0,0.5014881285387685
11848,0,0.5000756256018787
11849,0,0.5008768277803745
11850,0,0.5019882896554809
11851,0,0.5000756256018787
11852,0,0.5016124163246137
11853,0,0.5004197910900516
11854,0,0.5001356804255084
11855,0,0.5009197487778785
11856,0,0.5008083821021535
11858,0,0.5001590023476526
11859,0,0.5005529519167855
11860,0,0.5001128133015101
11861,0,0.5005889069323282
11862,0,0.5002013927352087
11863,0,0.5045224872710871
11864,0,0.5001785506042452
11865,0,0.5003142790379049
11866,0,0.5021477923116754
11867,0,0.5001922109636596
11868,0,0.5029188588129794
11869,0,0.5002543395043739
11870,0,0.5000756256018787
11871,0,0.500742146778924
11872,0,0.5000756256018787
11873,0,0.5001589618912429
11874,0,0.5005482163218807
11875,0,0.5013090398519094
11876,0,0.5006808236716664
11877,0,0.5001322072339177
11878,0,0.5028828444258061
11879,0,0.5003169217696705
11880,0,0.5005638159072617
11882,0,0.5003494419063989
11883,0,0.5005772114058857
11884,0,0.5030615848997191
11886,0,0.5001110239756894
11887,0,0.5010211403797865
11888,0,0.5026698047222874
11889,0,0.502612676105002
11890,0,0.5003909092285664
11891,0,0.5036953503251813
11892,0,0.5002377535409636
11893,0,0.5004077958632523
11894,0,0.5013536650110123
11895,0,0.5029259298714268
11896,0,0.504353575617897
11897,0,0.5003589199040138
11898,0,0.5001120159590137
11899,0,0.5002037427519623
11900,0,0.5011143084383546
11901,0,0.5004351600946894
11902,0,0.5004032492082059
11903,0,0.5005720114527191
11904,0,0.5023202756808852
11905,0,0.5003121196011432
11906,0,0.5004550886535448
11907,0,0.5007704591146402
11908,0,0.501327513724742
11909,0,0.5003844719122095
11910,0,0.5003760081601899
11911,0,0.500727006395633
11912,0,0.500116985966151
11913,0,0.5004389983959541
11914,0,0.5000756256018787
11915,0,0.5001697069953832
11916,0,0.50038638867031
11917,0,0.5000756256018787
11918,0,0.5001089830350187
11919,0,0.5007515482485808
11920,0,0.5004943275920537
11921,0,0.5015604821319843
11922,0,0.500346227820392
11923,0,0.5001932219879305
11924,0,0.5009735716266245
11925,0,0.500246243405897
11926,0,0.5004962212270848
11927,0,0.5001618446571265
11928,0,0.5008594924146949
11929,0,0.5004621839754699
11930,0,0.5002254493645438
11931,0,0.5007214887908774
11932,0,0.5000756256018787
11933,0,0.5024068579756652
11934,0,0.5008725989397108
11935,0,0.5001419034478002
11936,0,0.5005479131015209
11937,0,0.5001300952292409
11938,0,0.5003099390199762
11939,0,0.5000756256018787
11940,0,0.5006854488205711
11941,0,0.5005673927521859
11942,0,0.5002220742531566
11943,0,0.5185798276531923
11944,0,0.5025252500929752
11945,0,0.5004411408835383
11946,0,0.5003769503250179
11947,0,0.5008552096803692
11948,0,0.5000857428881323
11949,0,0.5006428752225918
11950,0,0.5003324290031106
11951,0,0.5004246820645458
11952,0,0.5161345400894218
11953,0,0.5002196069875084
11954,0,0.5002276195958645
11955,0,0.5012849342989701
11956,0,0.5013709436707035
11957,0,0.5006604795372207
11958,0,0.5001827289762034
11959,0,0.5000859184746834
11960,0,0.5022658979706428
11961,0,0.5026047483416065
11962,0,0.5033467822974265
11963,0,0.500184578132337
11964,0,0.500392263434752
11965,0,0.5001170501286252
11966,0,0.5001255333112069
11967,0,0.501268145548086
11968,0,0.5000989660300281
11969,0,0.500251653829164
11970,0,0.5031828298701712
11971,0,0.5001164878934956
11972,0,0.5013838677904133
11973,0,0.500266653755569
11974,0,0.5000756256018787
11975,0,0.5005298128332213
11976,0,0.5009863227184538
11977,0,0.5003454636804919
11978,0,0.5055297779469796
11979,0,0.5001541795482454
11980,0,0.5001904840098859
11981,0,0.5001145597648613
11982,0,0.5003991109772133
11983,0,0.5004110000132853
11984,0,0.5001108307218711
11985,0,0.5003495824949089
11986,0,0.5001838938582944
11987,0,0.5153050634209314
11988,0,0.5003316231716307
11989,0,0.5001832797057689
11990,0,0.5003070525692723
11991,0,0.5003344027667563
11992,0,0.5002955776184874
11993,0,0.5007738114053027
11994,0,0.5004994194795053
11995,0,0.5008449747400102
11996,0,0.5016539433285805
11997,0,0.5005716959890223
11998,0,0.5006172112631808
11999,0,0.500424057451454
