seq_id,label,prediction
000024,1,0.5001357865221051
000056,1,0.5032501206703522
000070,1,0.5003015585972673
000123,1,0.5023473091384898
000198,1,0.5002569987895547
000293,1,0.5004049031473368
000298,1,0.5021174596032346
000376,1,0.5006238957828765
000431,1,0.5123728499053872
000432,1,0.5053592674990712
000558,1,0.5002565687842248
000589,1,0.5003806347628297
000592,1,0.5003598691497239
000691,1,0.5002244952529498
000703,1,0.507937695256235
000727,1,0.5001600162884164
000743,1,0.5002934092209872
000752,1,0.5154688526995435
000764,1,0.500999166667287
000765,1,0.5011048397198073
000809,1,0.5018761481804119
000834,1,0.5076564050376473
000835,1,0.5210999497526856
000870,1,0.5164952779636789
000872,1,0.5065246797431288
000907,1,0.5009662014876574
001015,1,0.5009114512577516
001123,1,0.5010084850488233
001125,1,0.5026696756723318
001158,1,0.5022621679595574
001176,1,0.5017315313270244
001267,1,0.5052006546692163
001299,1,0.500165252108267
001350,1,0.5010178735530507
001380,1,0.5009470637021379
001387,1,0.5028571844413983
001408,1,0.5002271076498491
001437,1,0.500101946805225
001451,1,0.582642213677665
001456,1,0.5002719455391164
001492,1,0.500663982637077
001715,1,0.5029761511286815
001750,1,0.5026136955843888
001753,1,0.5004317488544923
001874,1,0.5033888804102566
001951,1,0.5001864156781018
001972,1,0.5057912027093048
001990,1,0.500501076998971
002020,1,0.5001074407631326
002035,1,0.503600230708367
002046,1,0.5005713987018455
002145,1,0.5014186836126419
002158,1,0.5006067459348275
002159,1,0.5011415063276672
002169,1,0.5006685093432591
002199,1,0.5006968965287536
002225,1,0.5000277629121191
002303,1,0.5351744392864547
002336,1,0.5003817212159681
002337,1,0.5004518243248816
002345,1,0.5004654815903696
002398,1,0.5020059999660186
002469,1,0.5002011803493334
002500,1,0.500286179076312
002563,1,0.5066216402981908
002565,1,0.5051449383179499
002631,1,0.5262374263707819
002699,1,0.5050840123682698
002721,1,0.5001804059677057
002851,1,0.5003256366751517
002957,1,0.5039367891444623
002978,1,0.5003393314864687
003056,1,0.5162135326462178
003077,1,0.500213314377829
003104,1,0.5152620305662009
003109,1,0.6217231259947354
003168,1,0.5005346513456677
003180,1,0.5000812572740475
003270,1,0.5080861584892272
003325,1,0.5008596149822422
003420,1,0.5011004273162422
003530,1,0.5006159845229207
003537,1,0.5274891406105389
003582,1,0.5006085217324138
003935,1,0.5068265335876564
003959,1,0.5003193612962175
003974,1,0.5018377815547886
004020,1,0.5046851472401719
004087,1,0.5020339368674984
004189,1,0.5002072367158634
004301,1,0.5027711372943819
004341,1,0.5001766384765647
004456,1,0.5000965553369642
004501,1,0.500583343826782
004506,1,0.501134206688597
004556,1,0.5010760908954797
004600,1,0.5003277362291128
004742,1,0.5042092144406813
004812,1,0.5003482275468076
004823,1,0.5003923099977516
004826,1,0.5009106579160578
004855,1,0.500555706103407
004880,1,0.5001692039590199
004890,1,0.5083451176705795
004930,1,0.5013580880803552
004934,1,0.5005568107594514
005039,1,0.5004175085044439
005091,1,0.5003317905541939
005093,1,0.5003854512963201
005095,1,0.501829889070389
005098,1,0.5043264781638048
005171,1,0.5004564506588343
005335,1,0.5002338688943675
005365,1,0.5017696642853757
005373,1,0.5007862868815374
005446,1,0.5007795822369445
005457,1,0.5009450790997277
005495,1,0.509687318989284
005534,1,0.502362631377265
005548,1,0.5012883869172229
005618,1,0.503817486149569
005623,1,0.5020983665361359
005641,1,0.5008211846131221
005716,1,0.5002028739956792
005794,1,0.5017010373522862
005806,1,0.5011037967859955
005815,1,0.5002167090423408
005896,1,0.5007970881519809
005901,1,0.500362985454734
005948,1,0.501061637466741
006119,1,0.5198749068056896
006143,1,0.5001993591542984
006159,1,0.530818339664214
006191,1,0.5039069788871733
006291,1,0.5002770163899695
006357,1,0.5001524460909182
006409,1,0.5002414225949987
006430,1,0.5578514376922183
006538,1,0.5193015161188874
006561,1,0.5006232784391718
006569,1,0.5002423155022697
006580,1,0.5021816309177853
006622,1,0.5050793504287083
006623,1,0.501100447062878
006666,1,0.5005820800005383
006679,1,0.5020504073786666
006686,1,0.5029534816865706
006715,1,0.512200623679114
006768,1,0.5136984924569413
006778,1,0.5002563996766402
006793,1,0.5004018797704878
006796,1,0.5003088701559267
006877,1,0.5006323152125273
006946,1,0.5004875920259332
007093,1,0.5003654027367322
007218,1,0.5964762322055741
007634,1,0.5024561538780058
007636,1,0.5010735685345108
007645,1,0.5017714576907852
007674,1,0.5004139008219334
007813,1,0.545004042878135
007852,1,0.50210764716783
007861,1,0.53469944525089
007891,1,0.5020668952457096
007900,1,0.5005480841163024
007903,1,0.50110901194289
007963,1,0.5008992547081852
008141,1,0.5006290214580137
008146,1,0.5010416986640176
008253,1,0.5018749909904857
008293,1,0.5000863672613552
008335,1,0.5004342389371185
008345,1,0.5121095732120291
008392,1,0.5003836755108052
008497,1,0.5006377312955447
008498,1,0.5000371193803081
008580,1,0.5006274794609312
008612,1,0.5031051441025038
008614,1,0.5002165646067034
008683,1,0.5445021571227191
008705,1,0.50132146140359
008824,1,0.5001830772282178
008850,1,0.5001812248150321
008957,1,0.5007569668423139
009007,1,0.5015393570743424
009128,1,0.5004376228673397
009163,1,0.500364675227611
009198,1,0.5129593225521781
009296,1,0.5009978966760043
009300,1,0.5030389444837221
009316,1,0.5020670041146026
009332,1,0.5010720110923624
009362,1,0.500408786914125
009395,1,0.5002107119260093
009466,1,0.5005388362585731
009591,1,0.500231027289701
009637,1,0.501282807012484
009691,1,0.5003485102415276
009697,1,0.5009832767387218
009907,1,0.5023133494559866
009953,1,0.5065793628450097
009954,1,0.5034185499131403
009970,1,0.500528824073007
009972,1,0.501043065218613
009978,1,0.501948637498798
009982,1,0.5757282243484817
009992,1,0.5014367290337679
010052,1,0.5002285012010188
010213,1,0.5024894155154228
010222,1,0.5004550200384498
010229,1,0.5050376577501764
010305,1,0.5003904729182923
010306,1,0.5008340408188426
010361,1,0.5006695417982816
010369,1,0.500064541172637
010397,1,0.5005202640515289
010432,1,0.5027725965796092
010467,1,0.5002582309938921
010490,1,0.5013771198051588
010523,1,0.5009504561299724
010536,1,0.5009851493246688
010929,1,0.5016376070773095
010944,1,0.500185258128707
011014,1,0.5015721011654799
011111,1,0.5139003290665494
011139,1,0.5000929835969787
011209,1,0.500702319882424
011257,1,0.5003666757699831
011287,1,0.5016079617158044
011493,1,0.5349018319446454
011580,1,0.5007615725823169
011637,1,0.500466510967677
011691,1,0.5018575576816783
011693,1,0.5248564210849221
011761,1,0.5008281301375938
011771,1,0.5013521139053783
011870,1,0.5001026778355604
011896,1,0.5001253278840289
011950,1,0.5014752723510573
011987,1,0.5007051195872385
000000,0,0.5002782950656806
000001,0,0.5004932156484209
000002,0,0.5002166589383024
000003,0,0.5001814685867156
000004,0,0.5005317089685679
000005,0,0.5017343935189362
000006,0,0.5002883798446337
000007,0,0.5002682096926028
000008,0,0.5015375081042467
000009,0,0.5019960392380566
000010,0,0.5001061693688863
000011,0,0.50075447872443
000012,0,0.5006237746174684
000013,0,0.5004265392802634
000014,0,0.5004353209899228
000015,0,0.5002331299447084
000016,0,0.5007026537237594
000017,0,0.5011177921360029
000018,0,0.5012476322077909
000019,0,0.5009355049399957
000020,0,0.5009136329948863
000021,0,0.5007442767776926
000022,0,0.5002303043664155
000023,0,0.5003433042295324
000025,0,0.50065959342922
000026,0,0.5002508928235327
000027,0,0.5001107637790969
000028,0,0.5016541261579347
000029,0,0.5000738935114969
000030,0,0.5008622209359117
000031,0,0.5002101981772528
000032,0,0.5001500060550196
000033,0,0.5005039894324466
000034,0,0.5010138272170129
000035,0,0.5006129285681673
000036,0,0.5003901505532028
000037,0,0.5006414863889156
000038,0,0.5001460679410824
000039,0,0.5002865029062585
000040,0,0.5001041032699518
000041,0,0.5007711142900556
000042,0,0.5012545969602947
000043,0,0.5002534886545494
000044,0,0.5031815980505769
000045,0,0.5002127994975583
000046,0,0.5006689041051381
000047,0,0.5000827380741132
000048,0,0.5010562267311665
000049,0,0.500051769021731
000050,0,0.5002473020528566
000051,0,0.500529569408494
000052,0,0.5002794373367269
000053,0,0.5002095304086371
000054,0,0.5001078173131102
000055,0,0.5001637850326931
000057,0,0.5003217272887804
000058,0,0.5008334649301187
000059,0,0.5001723954955051
000060,0,0.5011009601203974
000061,0,0.5004008042567255
000062,0,0.5008607228842884
000063,0,0.5009969695133214
000064,0,0.5002493676338291
000065,0,0.5001409285372038
000066,0,0.5003641651968118
000067,0,0.5000880367512828
000068,0,0.5008213881330449
000069,0,0.5001418929505796
000071,0,0.5001509550230654
000072,0,0.5002923602078194
000073,0,0.5015179991218481
000074,0,0.500407107847191
000075,0,0.502430025161466
000076,0,0.5003741262901505
000077,0,0.500270325442846
000078,0,0.5012626226693736
000079,0,0.5002432609182677
000080,0,0.510486259927158
000081,0,0.5008140020067731
000082,0,0.5007416863050071
000083,0,0.5023728304454192
000084,0,0.5034933766527946
000085,0,0.5007381309349416
000086,0,0.5026567620408166
000087,0,0.5008493775354872
000088,0,0.5005107237975461
000089,0,0.5002165000380447
000090,0,0.5002148150597808
000091,0,0.5007572949139607
000092,0,0.5001859305541815
000093,0,0.5037812760846899
000094,0,0.501481510297742
000095,0,0.5013263897796061
000096,0,0.5000716151959448
000097,0,0.518784120678134
000098,0,0.500327185200796
000099,0,0.5014626221849035
000100,0,0.5002414995746921
000101,0,0.5002968788248889
000102,0,0.5001962361062054
000103,0,0.500228146815073
000104,0,0.5023194289078762
000105,0,0.5000891967259272
000106,0,0.5001259074236861
000107,0,0.500608911640379
000108,0,0.5001897768135241
000109,0,0.500342577054103
000110,0,0.5010078891714205
000111,0,0.5000758485477848
000112,0,0.5007332210032702
000113,0,0.5040350519435498
000114,0,0.501268026705344
000115,0,0.5001446956897729
000116,0,0.5002140432769371
000117,0,0.5002226749060148
000118,0,0.5002821651458893
000119,0,0.5012210011592964
000120,0,0.5000592194630705
000121,0,0.5003869539154085
000122,0,0.5013194982867278
000124,0,0.5004442523797555
000125,0,0.500367242719761
000126,0,0.5004770078315078
000127,0,0.5000987249409894
000128,0,0.5008209496420055
000129,0,0.5002466236061061
000130,0,0.5051904592496804
000131,0,0.5057398984023661
000132,0,0.5001122949615172
000133,0,0.5001075844287832
000134,0,0.5006552230196019
000135,0,0.5033264715173738
000136,0,0.5017264336933558
000137,0,0.5006266538888456
000138,0,0.5010856097009027
000139,0,0.5001771618600241
000140,0,0.5003377550848682
000141,0,0.5002240789415979
000142,0,0.5208589293107873
000143,0,0.5009634521981635
000144,0,0.5005697851284634
000145,0,0.5011056714158993
000146,0,0.5010972367543426
000147,0,0.5005640600269237
000148,0,0.5002682318203784
000149,0,0.5005096284547432
000150,0,0.5009321207977468
000151,0,0.5002943284020319
000152,0,0.5022522910750148
000153,0,0.5002296253921718
000154,0,0.5002934975975739
000155,0,0.5127359732843177
000156,0,0.5011292589642296
000157,0,0.5004086106646393
000158,0,0.5000664557216988
000159,0,0.5001823122627965
000160,0,0.5009550603712366
000161,0,0.503677132104137
000162,0,0.5006518756443782
000163,0,0.500239337242499
000164,0,0.5005474239177756
000165,0,0.5008630328373604
000166,0,0.5024899999985549
000167,0,0.5001005701115907
000168,0,0.5045100700832624
000169,0,0.5005253678203133
000170,0,0.5000589173929796
000171,0,0.5025028716094636
000172,0,0.500280035154909
000173,0,0.5035416511210644
000174,0,0.500177521267692
000175,0,0.5015664488287402
000176,0,0.5002356323435221
000177,0,0.5012436663250559
000178,0,0.5005327659760718
000179,0,0.5014086902255172
000180,0,0.5000867461984121
000181,0,0.5000965504013106
000182,0,0.5025738651165046
000183,0,0.5013490004695531
000184,0,0.5005629708485376
000185,0,0.5001037741171226
000186,0,0.5005744648414677
000187,0,0.5008301859619487
000188,0,0.5003258279748183
000189,0,0.5003573214817575
000190,0,0.5000395977667494
000191,0,0.5020059841824446
000192,0,0.5004638445705545
000193,0,0.5015487793647068
000194,0,0.5000650006142953
000195,0,0.5007027166703641
000196,0,0.5015742746700669
000197,0,0.5008599462570286
000199,0,0.5229795975320773
000200,0,0.5002039026579365
000201,0,0.5012164830250128
000202,0,0.5004873079090374
000203,0,0.5003736445424413
000204,0,0.5022131178419915
000205,0,0.5003820917602291
000206,0,0.5003494679349687
000207,0,0.5020591154951185
000208,0,0.5004525365940017
000209,0,0.5001832511770425
000210,0,0.5004808852485679
000211,0,0.500475408807159
000212,0,0.5005855048381255
000213,0,0.5000594104248993
000214,0,0.5004322838428311
000215,0,0.5019974284374279
000216,0,0.500215802771881
000217,0,0.5001899586060576
000218,0,0.5003842340458518
000219,0,0.5025798233220075
000220,0,0.5004930665418313
000221,0,0.5002306966278993
000222,0,0.501365000773604
000223,0,0.5014765791454872
000224,0,0.5001205342515371
000225,0,0.5003222227580596
000226,0,0.502242449544996
000227,0,0.5004082161963347
000228,0,0.5004813969531523
000229,0,0.5001694062689194
000230,0,0.5009003361963577
000231,0,0.5026613794948173
000232,0,0.5001944177206963
000233,0,0.5010265836120781
000234,0,0.5001376158542717
000235,0,0.5001601435646107
000236,0,0.5003844460026627
000237,0,0.5001329625183147
000238,0,0.5012012084254885
000239,0,0.5010786249317137
000240,0,0.5002888967262026
000241,0,0.5007156347832535
000242,0,0.5034815735067911
000243,0,0.5005668661637696
000244,0,0.5117515291501874
000245,0,0.5005256724947441
000246,0,0.5003719772555317
000247,0,0.5003614963955034
000248,0,0.5000569399833787
000249,0,0.5002032898755048
000250,0,0.5024633084763861
000251,0,0.506961296043431
000252,0,0.5011067463597463
000253,0,0.5004908297143147
000254,0,0.5005185352406166
000255,0,0.5002265943793595
000256,0,0.5014614435053796
000257,0,0.5038333232746972
000258,0,0.5011143517364575
000259,0,0.5001063664158736
000260,0,0.5021847312322829
000261,0,0.5001189540905135
000262,0,0.5005360152447546
000263,0,0.5000276936280774
000264,0,0.5098691591011506
000265,0,0.5015457864102955
000266,0,0.5003110197559499
000267,0,0.5016638972169921
000268,0,0.5007998173303518
000269,0,0.5033437162478682
000270,0,0.5001178794176092
000271,0,0.5011440501660115
000272,0,0.5001895162683206
000273,0,0.5000191574130809
000274,0,0.5003399451842867
000275,0,0.5001385540987819
000276,0,0.5171650205956984
000277,0,0.5016200295076261
000278,0,0.5020534227018772
000279,0,0.5001008526875516
000280,0,0.5047111934154069
000281,0,0.5001185799710949
000282,0,0.5001470215856015
000283,0,0.5003620375098582
000284,0,0.5001165594748884
000285,0,0.5022080844344122
000286,0,0.5001997588326391
000287,0,0.5000319820619318
000288,0,0.5001371930185818
000289,0,0.5033145005624385
000290,0,0.5001690143098956
000291,0,0.5005614656959573
000292,0,0.5002317913949459
000294,0,0.5003415794525157
000295,0,0.5019691930084431
000296,0,0.5007962492141742
000297,0,0.5005744292006605
000299,0,0.5010795822779105
000300,0,0.5005564181910389
000301,0,0.5021127097668361
000302,0,0.5115333426382386
000303,0,0.5025418369796018
000304,0,0.5001265615627192
000305,0,0.5008087668222566
000306,0,0.500166233870725
000307,0,0.5002952767408034
000308,0,0.5000519977186417
000309,0,0.5004776967254686
000310,0,0.5002325220006637
000311,0,0.5016030443830378
000312,0,0.5001060698566858
000313,0,0.5001312120013017
000314,0,0.5005759763330268
000315,0,0.5001873772153541
000316,0,0.5026855114590858
000317,0,0.5018774373027426
000318,0,0.5000673639079578
000319,0,0.5001646569823849
000320,0,0.5004247658516613
000321,0,0.501805820187633
000322,0,0.5009242946866752
000323,0,0.501272994679728
000324,0,0.5005053173990073
000325,0,0.5029958301231011
000326,0,0.5011105407053902
000327,0,0.5003435800338661
000328,0,0.5007438669080282
000329,0,0.5003894198639947
000330,0,0.5001736221108305
000331,0,0.500575723130397
000332,0,0.5645584636049658
000333,0,0.5008788313565762
000334,0,0.5005078758897213
000335,0,0.5002454425996695
000336,0,0.5009338620703911
000337,0,0.5002234496614977
000338,0,0.500691466841796
000339,0,0.5005635078057425
000340,0,0.5015337308125645
000341,0,0.5014801020368668
000342,0,0.5001569925065821
000343,0,0.5003143076402983
000344,0,0.5012537984277007
000345,0,0.5004079567930462
000346,0,0.5006642740325319
000347,0,0.5001063259951561
000348,0,0.502044024316811
000349,0,0.5036720309043713
000350,0,0.5006653177085375
000351,0,0.5022088880629865
000352,0,0.5002511321403478
000353,0,0.5011621162210474
000354,0,0.5002034291049344
000355,0,0.5011030692607992
000356,0,0.5005891313294885
000357,0,0.5000392076470719
000358,0,0.5005646845677267
000359,0,0.5002195327406349
000360,0,0.5022384788161979
000361,0,0.5001903214149435
000362,0,0.5005782602748747
000363,0,0.5000729787379903
000364,0,0.5002723193939638
000365,0,0.5004444157660402
000366,0,0.5008427850082584
000367,0,0.5013315081096474
000368,0,0.5001601358123109
000369,0,0.5004258394271287
000370,0,0.5001437896563862
000371,0,0.5014341953492433
000372,0,0.5002666671039766
000373,0,0.5006204324643234
000374,0,0.5008904894497216
000375,0,0.5003292279529411
000377,0,0.5001057772268052
000378,0,0.5005897202235627
000379,0,0.5015817409589258
000380,0,0.5003330151902442
000381,0,0.5004054559815879
000382,0,0.5002369394205416
000383,0,0.5011330165460792
000384,0,0.5011055413967651
000385,0,0.5004574364590122
000386,0,0.5009853615181694
000387,0,0.5003222693543645
000388,0,0.5003487980630595
000389,0,0.5004794488008462
000390,0,0.500484790549633
000391,0,0.5004818019573425
000392,0,0.5010911555276244
000393,0,0.5002741428719949
000394,0,0.5006201489410503
000395,0,0.5008144986626314
000396,0,0.5008830001035753
000397,0,0.5015990682199153
000398,0,0.5000421447541936
000399,0,0.5072654509316846
000400,0,0.5016416905591052
000401,0,0.5017852333848963
000402,0,0.5001392381006883
000403,0,0.5000576831962191
000404,0,0.5006897950857521
000405,0,0.5001563903449316
000406,0,0.5003040696170183
000407,0,0.5003361091461227
000408,0,0.5002599247334827
000409,0,0.5000773657174732
000410,0,0.5026929726070646
000411,0,0.500155791043377
000412,0,0.5003149756118377
000413,0,0.5033353555151167
000414,0,0.5009842266291211
000415,0,0.5010295554779557
000416,0,0.5006162023914024
000417,0,0.5022148363407791
000418,0,0.5140058681555824
000419,0,0.5020156175153081
000420,0,0.500469365214143
000421,0,0.5001453887643793
000422,0,0.5002469671212478
000423,0,0.5000959621718479
000424,0,0.5001192637835039
000425,0,0.5015101227068068
000426,0,0.5011356189745625
000427,0,0.5260136736168183
000428,0,0.5008640919045403
000429,0,0.5004905699153439
000430,0,0.5003158925810663
000433,0,0.5012643394073463
000434,0,0.5001711979389131
000435,0,0.5006694562555095
000436,0,0.5000351240614631
000437,0,0.5002905839350341
000438,0,0.5002233651383915
000439,0,0.5005400256357839
000440,0,0.5013274017783299
000441,0,0.5013882409462036
000442,0,0.5008799487436991
000443,0,0.5036999954763155
000444,0,0.5017863173751677
000445,0,0.5002524498743501
000446,0,0.504567633660687
000447,0,0.5006364036967759
000448,0,0.5057378947604543
000449,0,0.5000928285670736
000450,0,0.5009495283902556
000451,0,0.5009205039271151
000452,0,0.5002747462142052
000453,0,0.5002553434823069
000454,0,0.5260695245529914
000455,0,0.500377761516498
000456,0,0.5009072726662415
000457,0,0.5007237841546864
000458,0,0.5002621739583568
000459,0,0.5000758920994517
000460,0,0.5004309468872287
000461,0,0.5054699371896495
000462,0,0.5009598915151431
000463,0,0.5001858772109986
000464,0,0.507268897964461
000465,0,0.5001576816097276
000466,0,0.5061833482412251
000467,0,0.5007838276317198
000468,0,0.5005805398232679
000469,0,0.5007824709508124
000470,0,0.5021693586141164
000471,0,0.5000853538963703
000472,0,0.5005955349029442
000473,0,0.500246596711758
000474,0,0.5036039795026543
000475,0,0.5002874259050596
000476,0,0.5002851910720744
000477,0,0.5005246069705708
000478,0,0.5017828466853956
000479,0,0.5001745976299464
000480,0,0.5020236595638145
000481,0,0.5022852882147097
000482,0,0.5002112518738537
000483,0,0.5001495729930955
000484,0,0.5020376648866093
000485,0,0.5006507530106936
000486,0,0.5001811889931632
000487,0,0.5001138634482227
000488,0,0.5009817436324344
000489,0,0.5009654047055213
000490,0,0.5002710090172017
000491,0,0.500495470130479
000492,0,0.5013045873448352
000493,0,0.5012313490731015
000494,0,0.5006706198561707
000495,0,0.5006271037212024
000496,0,0.502595274636597
000497,0,0.5009872774542945
000498,0,0.5017901706929538
000499,0,0.5017345942220397
000500,0,0.5012188130233507
000501,0,0.5032920977531095
000502,0,0.5000550362767688
000503,0,0.5001782291044726
000504,0,0.5002360985900954
000505,0,0.5102641584888914
000506,0,0.5004559955981199
000507,0,0.501570748116662
000508,0,0.5006438966991457
000509,0,0.5003947630472303
000510,0,0.5007093900231027
000511,0,0.5047802021663738
000512,0,0.5003630597293284
000513,0,0.5009196546676
000514,0,0.5004007859966663
000515,0,0.5000716303396553
000516,0,0.5020443029696873
000517,0,0.5015330945062605
000518,0,0.5006343360132387
000519,0,0.5016464133214563
000520,0,0.5002075678960992
000521,0,0.500433990561449
000522,0,0.500383468065622
000523,0,0.5012517506648205
000524,0,0.5007626547387737
000525,0,0.5020569988641147
000526,0,0.5006226885445035
000527,0,0.5004970612949654
000528,0,0.5003100986378314
000529,0,0.5001315897471941
000530,0,0.5002014464871803
000531,0,0.5006047641752779
000532,0,0.5000609890117724
000533,0,0.5004484177346066
000534,0,0.5012120447450656
000535,0,0.5002365185570758
000536,0,0.5008363704578488
000537,0,0.5023129270467159
000538,0,0.5003827625617409
000539,0,0.5004221531942897
000540,0,0.500503194646094
000541,0,0.5004747676165628
000542,0,0.5000452255769496
000543,0,0.501109155756149
000544,0,0.5005210670520762
000545,0,0.5002974542348845
000546,0,0.5001039258574794
000547,0,0.5005063139526329
000548,0,0.5062232981775595
000549,0,0.5001907307670054
000550,0,0.5000875035593121
000551,0,0.5000714983936946
000552,0,0.5012680710993298
000553,0,0.5001012024400049
000554,0,0.5021200301315132
000555,0,0.5026542825314039
000556,0,0.5008058277982391
000557,0,0.5023004253476252
000559,0,0.5017669284066562
000560,0,0.5002208649353871
000561,0,0.5026682001978259
000562,0,0.5007660561160707
000563,0,0.5008284898610482
000564,0,0.5001782387345389
000565,0,0.5001582083006986
000566,0,0.5001739686292195
000567,0,0.5001194194621602
000568,0,0.5047853372147275
000569,0,0.5008067900122671
000570,0,0.5003507466385655
000571,0,0.5004684967220462
000572,0,0.512433860952948
000573,0,0.5011705017846257
000574,0,0.5035567085987821
000575,0,0.5023711407835495
000576,0,0.50008449530863
000577,0,0.5010195038565848
000578,0,0.5001876778383377
000579,0,0.5001910115732086
000580,0,0.5015688652469825
000581,0,0.5013207794356422
000582,0,0.5002678085746525
000583,0,0.5002170388157098
000584,0,0.5015045022909388
000585,0,0.5001818172564391
000586,0,0.5000430412993212
000587,0,0.5005407186477194
000588,0,0.5001179617034014
000590,0,0.5015423746463187
000591,0,0.500509787583318
000593,0,0.5001114599986091
000594,0,0.500897005985561
000595,0,0.5007432395454352
000596,0,0.5007818124747195
000597,0,0.5007497873730902
000598,0,0.5002407464898723
000599,0,0.5003029815339082
000600,0,0.50038144282768
000601,0,0.5010785780135039
000602,0,0.5006876404570404
000603,0,0.5028055064645401
000604,0,0.5001970850337836
000605,0,0.5002850774477591
000606,0,0.500178525647957
000607,0,0.502289653135402
000608,0,0.500203698800808
000609,0,0.5004757646137175
000610,0,0.5004048398218556
000611,0,0.5011675178559547
000612,0,0.5000377355470016
000613,0,0.5017575049365601
000614,0,0.500300320645801
000615,0,0.5004596264594422
000616,0,0.5001729222005451
000617,0,0.5000636346067733
000618,0,0.5002745751614979
000619,0,0.5004037688427485
000620,0,0.5026889661022815
000621,0,0.5007939203000437
000622,0,0.5037851631984908
000623,0,0.5013698329378161
000624,0,0.500339095383761
000625,0,0.5013028636582283
000626,0,0.5024150755968231
000627,0,0.5002141734669168
000628,0,0.5001255378865113
000629,0,0.5002125264659918
000630,0,0.5011817942508185
000631,0,0.5000931035201108
000632,0,0.5002988314175938
000633,0,0.5022429268879778
000634,0,0.5021966163395107
000635,0,0.5005066387341724
000636,0,0.5000714048765256
000637,0,0.500276706862963
000638,0,0.5004036878244236
000639,0,0.5001598704655486
000640,0,0.5012732200707982
000641,0,0.5000898904427024
000642,0,0.5002818969952634
000643,0,0.5009019864597055
000644,0,0.5060579630744505
000645,0,0.5000151361514489
000646,0,0.5000770268124552
000647,0,0.5000906604389898
000648,0,0.5028790559880416
000649,0,0.500717251594343
000650,0,0.5008753090698115
000651,0,0.509455018911879
000652,0,0.5016351365869692
000653,0,0.5011711246908811
000654,0,0.5004282761373798
000655,0,0.5014272007977847
000656,0,0.501102019163178
000657,0,0.5004560261404589
000658,0,0.5001117521442608
000659,0,0.5041248182578247
000660,0,0.5013117836258104
000661,0,0.501485820263054
000662,0,0.5001236902914135
000663,0,0.500413621909868
000664,0,0.5014595186348514
000665,0,0.5007491593659676
000666,0,0.5002411691324681
000667,0,0.5001713110434484
000668,0,0.5012673663717299
000669,0,0.50079855470685
000670,0,0.5020727908209893
000671,0,0.500549874998194
000672,0,0.5003618780170848
000673,0,0.5005661452577786
000674,0,0.5005868633160232
000675,0,0.5005315870264
000676,0,0.5013887925203822
000677,0,0.5015797193119613
000678,0,0.5033138450490025
000679,0,0.5006754933980458
000680,0,0.5007381932675253
000681,0,0.5001994283083887
000682,0,0.5001295723480899
000683,0,0.5001538034577706
000684,0,0.5002048795404292
000685,0,0.5008342698983439
000686,0,0.5001235715879384
000687,0,0.5009009868587813
000688,0,0.5010362968958058
000689,0,0.5001310523558115
000690,0,0.5002258906996838
000692,0,0.5004145710385477
000693,0,0.5004304949876769
000694,0,0.5008528512777296
000695,0,0.5001850548033343
000696,0,0.5004657975432496
000697,0,0.5003817788418797
000698,0,0.5000402125716661
000699,0,0.5001466326224582
000700,0,0.5002405464100248
000701,0,0.5000720824299978
000702,0,0.5010198684399628
000704,0,0.5006828121267209
000705,0,0.50028100557046
000706,0,0.5035198682617061
000707,0,0.5012861582136204
000708,0,0.5019767648767206
000709,0,0.5004231751592758
000710,0,0.5000528228414696
000711,0,0.500177513713512
000712,0,0.5014514871470281
000713,0,0.5030124290151771
000714,0,0.5008011147804705
000715,0,0.5003081754312324
000716,0,0.5004304598560678
000717,0,0.5001426710611259
000718,0,0.5008845485723716
000719,0,0.5002179395761953
000720,0,0.5004605061656316
000721,0,0.5021591657098509
000722,0,0.5007218296699961
000723,0,0.5004528098695139
000724,0,0.5003222830866629
000725,0,0.5007130827444461
000726,0,0.5002737210137249
000728,0,0.5000685500745579
000729,0,0.5004208237294887
000730,0,0.5013404327997035
000731,0,0.5030068587278679
000732,0,0.500193809352645
000733,0,0.5002347450360838
000734,0,0.500662633421364
000735,0,0.5007959799878497
000736,0,0.5002355238040523
000737,0,0.5028929134882816
000738,0,0.500069632871382
000739,0,0.5012462566759295
000740,0,0.5002346750250982
000741,0,0.5043647150165584
000742,0,0.5003656908782288
000744,0,0.5010734809753423
000745,0,0.5024198773758257
000746,0,0.5005316233424458
000747,0,0.5013747633084913
000748,0,0.5006713917998734
000749,0,0.5002523302611513
000750,0,0.5008709845364406
000751,0,0.5002280662741816
000753,0,0.5002252760919534
000754,0,0.5000654042215313
000755,0,0.5012130400378789
000756,0,0.5009439599519454
000757,0,0.5001156934406807
000758,0,0.5000491638355843
000759,0,0.5058336888672519
000760,0,0.5060472825584096
000761,0,0.5006272900388371
000762,0,0.500488331920955
000763,0,0.5008113099334273
000766,0,0.500582950526953
000767,0,0.5002149480158712
000768,0,0.5001852150339297
000769,0,0.500404806437889
000770,0,0.5001138346040517
000771,0,0.5013467980536669
000772,0,0.5006744916502075
000773,0,0.5003732198601004
000774,0,0.5008401579337274
000775,0,0.500146146826822
000776,0,0.500835047379817
000777,0,0.5002814676204971
000778,0,0.5002964564098703
000779,0,0.500108839183634
000780,0,0.5008413917563486
000781,0,0.5001729693957344
000782,0,0.5038286546477114
000783,0,0.5012815868955471
000784,0,0.5013497620339081
000785,0,0.5014123113284497
000786,0,0.5008171739400368
000787,0,0.5007889261314408
000788,0,0.5023388988149289
000789,0,0.5002098431438816
000790,0,0.5010234156186049
000791,0,0.5017524030197368
000792,0,0.500403387049757
000793,0,0.501776243413427
000794,0,0.5014261046423047
000795,0,0.5009305133155612
000796,0,0.5021787490958726
000797,0,0.5038042864469758
000798,0,0.5011452505751516
000799,0,0.5023468344638674
000800,0,0.5005144078466128
000801,0,0.5086846584240025
000802,0,0.5002802496080417
000803,0,0.5011310318628012
000804,0,0.5000796649286863
000805,0,0.5000970439155251
000806,0,0.5004350764633956
000807,0,0.5001877225529184
000808,0,0.5008629862638151
000810,0,0.5004530910324951
000811,0,0.5053221282493489
000812,0,0.5015915279095887
000813,0,0.5002644872214916
000814,0,0.5002473696035101
000815,0,0.5007142049011903
000816,0,0.5000380318247706
000817,0,0.5001478694363193
000818,0,0.500209935496536
000819,0,0.5008944981187806
000820,0,0.5028549205686332
000821,0,0.5000755952246113
000822,0,0.5001693003921597
000823,0,0.5003553573298182
000824,0,0.5005652310560774
000825,0,0.5007716732141636
000826,0,0.501123168285866
000827,0,0.501784727962102
000828,0,0.5001909515323528
000829,0,0.5001601337313581
000830,0,0.5002213230713973
000831,0,0.5015462855231602
000832,0,0.5004591600769539
000833,0,0.5001558200432389
000836,0,0.5021913735905486
000837,0,0.5015356353483148
000838,0,0.5001748789072471
000839,0,0.5007278707390065
000840,0,0.5003989146312215
000841,0,0.5005204069104342
000842,0,0.5029947125033895
000843,0,0.5005496378992857
000844,0,0.5003416024648661
000845,0,0.5008353515845685
000846,0,0.5000727305231704
000847,0,0.5005989415419236
000848,0,0.5010165518553711
000849,0,0.5016736358416518
000850,0,0.5001760852233427
000851,0,0.5004852799535084
000852,0,0.5009338645541636
000853,0,0.5003280118395899
000854,0,0.5001276828967711
000855,0,0.5002717923815059
000856,0,0.5072656231987532
000857,0,0.5023976040471843
000858,0,0.5005225588047083
000859,0,0.5003979185506762
000860,0,0.5001999816700087
000861,0,0.5039778512357527
000862,0,0.5004146838694528
000863,0,0.5003295775858292
000864,0,0.5005098817890486
000865,0,0.500632695131552
000866,0,0.5009278562860608
000867,0,0.5031347594806425
000868,0,0.5009949578727186
000869,0,0.5005397817923805
000871,0,0.5003862516266726
000873,0,0.5013368468464544
000874,0,0.5009139823286939
000875,0,0.5011581356560759
000876,0,0.5000753031738564
000877,0,0.5004824623558183
000878,0,0.500635068807562
000879,0,0.5000950987006239
000880,0,0.5007116246030333
000881,0,0.5007617122501284
000882,0,0.5008616703775154
000883,0,0.5025696444027287
000884,0,0.5004356815536266
000885,0,0.5064473587917252
000886,0,0.5006347839370054
000887,0,0.5005639989904123
000888,0,0.5003638504690263
000889,0,0.5045932708148112
000890,0,0.500372346811648
000891,0,0.5014741816393504
000892,0,0.5005928687712327
000893,0,0.5003931419673068
000894,0,0.5044790925364844
000895,0,0.5002988561317376
000896,0,0.500401435832721
000897,0,0.5002111260724529
000898,0,0.5031333142996046
000899,0,0.5003986737179505
000900,0,0.5003483869089895
000901,0,0.5007214306865189
000902,0,0.5010256992122419
000903,0,0.5000346607350658
000904,0,0.5001176371735382
000905,0,0.5008128456158869
000906,0,0.5008990411260457
000908,0,0.5004557400081767
000909,0,0.5004455811250084
000910,0,0.5005842660812624
000911,0,0.5000981352999397
000912,0,0.5006344382165658
000913,0,0.50046962650275
000914,0,0.5001673587298201
000915,0,0.500150940763665
000916,0,0.5012670667163724
000917,0,0.5002115464293139
000918,0,0.5027768495081112
000919,0,0.500312013941068
000920,0,0.5033555904188137
000921,0,0.5010070463606688
000922,0,0.5009463926767008
000923,0,0.5003380172954776
000924,0,0.5002240820097279
000925,0,0.5004634388323193
000926,0,0.5004535081202417
000927,0,0.5001369718843317
000928,0,0.5011240110751802
000929,0,0.500971360067541
000930,0,0.5004643251219858
000931,0,0.5001800120323612
000932,0,0.5001751893113101
000933,0,0.5044897372806442
000934,0,0.5003376824144818
000935,0,0.5016924609848753
000936,0,0.5010025974816079
000937,0,0.5025219249514369
000938,0,0.500329696515083
000939,0,0.5006006653844511
000940,0,0.5031034489525743
000941,0,0.5004079242707181
000942,0,0.5035316293229255
000943,0,0.5055647583966122
000944,0,0.5001316537892745
000945,0,0.5002540725457638
000946,0,0.50036639671349
000947,0,0.502147805651916
000948,0,0.5001320528030659
000949,0,0.5002855145979708
000950,0,0.5003481573383872
000951,0,0.5001291615805789
000952,0,0.501707719014832
000953,0,0.5235516254856173
000954,0,0.5002437289687256
000955,0,0.5004820631137268
000956,0,0.500212712725095
000957,0,0.5000803355855804
000958,0,0.5038735808571777
000959,0,0.5015193425104231
000960,0,0.5007554183440622
000961,0,0.5001240056652165
000962,0,0.6174807155254507
000963,0,0.5004453918770668
000964,0,0.5004941971745746
000965,0,0.5007868772839724
000966,0,0.5001002421842047
000967,0,0.5013033541554471
000968,0,0.5004704011185788
000969,0,0.5004289595395679
000970,0,0.5006090664582743
000971,0,0.5049197345633334
000972,0,0.5026521434911854
000973,0,0.5004627320292369
000974,0,0.5008797286599695
000975,0,0.5018469105721374
000976,0,0.5009413587362402
000977,0,0.5021034359459368
000978,0,0.5002943137863952
000979,0,0.5002209882051784
000980,0,0.5001337191128086
000981,0,0.5001332123712507
000982,0,0.501768403805684
000983,0,0.500825692101745
000984,0,0.5009625341667671
000985,0,0.5005539271287835
000986,0,0.5007923674882941
000987,0,0.5013176772551304
000988,0,0.5004663111994992
000989,0,0.5002372186197657
000990,0,0.5047831862531784
000991,0,0.5002118570647136
000992,0,0.501300553370565
000993,0,0.5002472774972749
000994,0,0.5002950598483804
000995,0,0.5003797536195196
000996,0,0.5003481692456413
000997,0,0.5011858933389758
000998,0,0.5001079165791279
000999,0,0.5001168910861118
001000,0,0.5006927792575042
001001,0,0.5001805269790367
001002,0,0.5005569675818984
001003,0,0.5002636946617194
001004,0,0.5014312277229813
001005,0,0.5010164741501542
001006,0,0.5021267998831034
001007,0,0.5025875105887262
001008,0,0.5001120449710649
001009,0,0.5019619863529569
001010,0,0.5001283061370515
001011,0,0.5004767329767059
001012,0,0.5004489395031166
001013,0,0.5010493368340091
001014,0,0.5005585188495644
001016,0,0.5009345454929793
001017,0,0.5004794892763577
001018,0,0.5003559585440638
001019,0,0.5002241500093986
001020,0,0.5009834294627007
001021,0,0.5002710483135169
001022,0,0.5000822327715156
001023,0,0.5003463628069885
001024,0,0.5001924128076466
001025,0,0.5000354130419632
001026,0,0.5006382512138517
001027,0,0.5021975087513613
001028,0,0.500254348602829
001029,0,0.5001240338786809
001030,0,0.5010379484211147
001031,0,0.5027572733995374
001032,0,0.5001682860223692
001033,0,0.5005946459105549
001034,0,0.5001707506639055
001035,0,0.5017683152222444
001036,0,0.5010031740221356
001037,0,0.5023176862685141
001038,0,0.5006956461252408
001039,0,0.5011393221965976
001040,0,0.5016447610004028
001041,0,0.5002138193066948
001042,0,0.5009646563927099
001043,0,0.5001616689779008
001044,0,0.5009657253592809
001045,0,0.5002831530017517
001046,0,0.5001560151698059
001047,0,0.5009823441664827
001048,0,0.5002171748422966
001049,0,0.5006245365739757
001050,0,0.5003300768468723
001051,0,0.5004997324288031
001052,0,0.501768966742441
001053,0,0.5036920334634093
001054,0,0.5002583520745114
001055,0,0.5009723251003353
001056,0,0.5003545317763171
001057,0,0.5005000411993651
001058,0,0.5010286883922062
001059,0,0.5006885311213017
001060,0,0.5002263604775963
001061,0,0.5002410938545315
001062,0,0.5048654450237886
001063,0,0.5000623479693628
001064,0,0.5010780825283936
001065,0,0.5006472570302534
001066,0,0.5000930444311238
001067,0,0.5021317381298016
001068,0,0.5002865918862321
001069,0,0.5006797957820668
001070,0,0.5005102818877724
001071,0,0.5003024375366436
001072,0,0.5005760307114915
001073,0,0.5019289741616594
001074,0,0.5032817781300079
001075,0,0.5011794905089534
001076,0,0.5003570422682361
001077,0,0.5002362152535847
001078,0,0.5007367635752226
001079,0,0.5008501293229374
001080,0,0.500342158508675
001081,0,0.5002212051395288
001082,0,0.500366850672187
001083,0,0.5042787196908811
001084,0,0.5009380203025888
001085,0,0.5003360361936411
001086,0,0.5001397499829235
001087,0,0.5008937938428472
001088,0,0.5009997697606489
001089,0,0.5002697252208715
001090,0,0.500260386221498
001091,0,0.5002757930667103
001092,0,0.5007720369892653
001093,0,0.5040988091818545
001094,0,0.5000980029037
001095,0,0.5005208815606194
001096,0,0.5090660730331481
001097,0,0.5001684383641151
001098,0,0.5000908474147084
001099,0,0.500504921532203
001100,0,0.5009267465864824
001101,0,0.5003853398751114
001102,0,0.5011924183529172
001103,0,0.501207998960203
001104,0,0.5002738038585066
001105,0,0.5004305361305936
001106,0,0.501231825797991
001107,0,0.5002600398261863
001108,0,0.5014894585733445
001109,0,0.5010355055185056
001110,0,0.5011109334677001
001111,0,0.500228634848978
001112,0,0.5006661704642935
001113,0,0.500123333274795
001114,0,0.5004259594909432
001115,0,0.5007568152348264
001116,0,0.5001070705311347
001117,0,0.5143549782486746
001118,0,0.5002554882124339
001119,0,0.5001302121377698
001120,0,0.5003345749415167
001121,0,0.5008150646685874
001122,0,0.5002854800382202
001124,0,0.5001233628043029
001126,0,0.5002681840582489
001127,0,0.5001276398488318
001128,0,0.5005853917416462
001129,0,0.501258233774327
001130,0,0.5007240310484781
001131,0,0.5050464517369108
001132,0,0.5003320906397773
001133,0,0.5007232606840029
001134,0,0.5003463804811545
001135,0,0.5002813505214939
001136,0,0.5001158167871091
001137,0,0.5011318957837583
001138,0,0.5003369805056188
001139,0,0.5002297485746187
001140,0,0.5005896206592833
001141,0,0.50045177727292
001142,0,0.5002000544221824
001143,0,0.5067342048157535
001144,0,0.5001473454110313
001145,0,0.5067738054882509
001146,0,0.5004072046773071
001147,0,0.5034160498729384
001148,0,0.5001892958094124
001149,0,0.5031219570355213
001150,0,0.5003058873575082
001151,0,0.5004179603362937
001152,0,0.5065049778873628
001153,0,0.5004895976300291
001154,0,0.5009163594271118
001155,0,0.5001078411081703
001156,0,0.5003870460236246
001157,0,0.500060337914925
001159,0,0.5000638853832415
001160,0,0.5012231612853372
001161,0,0.5008775313307601
001162,0,0.5004037212141478
001163,0,0.5010659207112348
001164,0,0.5002578012011814
001165,0,0.500611864863787
001166,0,0.5043678287174379
001167,0,0.5028772135913843
001168,0,0.5018778762427393
001169,0,0.5027200680914963
001170,0,0.5044609199395049
001171,0,0.5009238946837474
001172,0,0.5003818070525323
001173,0,0.5010190030893499
001174,0,0.5002659749779257
001175,0,0.5007276858212545
001177,0,0.5010361617375048
001178,0,0.5015279533589219
001179,0,0.5002331881198687
001180,0,0.5001270242753759
001181,0,0.5008533460574618
001182,0,0.5002615752362666
001183,0,0.5006103848081392
001184,0,0.5004130233011154
001185,0,0.5015577879368142
001186,0,0.5010109202951756
001187,0,0.5002172431537487
001188,0,0.5002543026646543
001189,0,0.5008587049806099
001190,0,0.5009678337887425
001191,0,0.5016507714285187
001192,0,0.5006896017453588
001193,0,0.500289609612648
001194,0,0.5001133352100922
001195,0,0.5006803295524529
001196,0,0.5004420287997076
001197,0,0.5039175769969906
001198,0,0.5002981345200445
001199,0,0.5046298901772022
001200,0,0.5013732483206106
001201,0,0.5019074297905082
001202,0,0.5008407867153288
001203,0,0.5014433296654742
001204,0,0.5040014107869895
001205,0,0.5034542820433359
001206,0,0.5016479506525788
001207,0,0.5054430917274283
001208,0,0.5005456334141628
001209,0,0.5004380453327628
001210,0,0.5022585313444661
001211,0,0.5029356363880572
001212,0,0.5018719992541169
001213,0,0.5040830289603657
001214,0,0.5004702380400129
001215,0,0.5007931903913349
001216,0,0.5031862888524277
001217,0,0.5018274220773362
001218,0,0.5014709869292574
001219,0,0.5000470792991967
001220,0,0.5004771465004331
001221,0,0.5001423136140883
001222,0,0.5008730348408837
001223,0,0.5021600470783407
001224,0,0.5136588841038071
001225,0,0.5026035210302918
001226,0,0.5094592234520023
001227,0,0.5001841507963174
001228,0,0.5000700088664951
001229,0,0.5012950777389145
001230,0,0.5012466512737872
001231,0,0.5003893155233802
001232,0,0.5006019310252062
001233,0,0.5001792315706006
001234,0,0.5013977165496876
001235,0,0.5001634373035533
001236,0,0.5005754852635393
001237,0,0.5001412433804807
001238,0,0.5003338924905413
001239,0,0.5006274424268881
001240,0,0.5002527288356153
001241,0,0.5002375470498237
001242,0,0.5011484288046931
001243,0,0.5014164483246112
001244,0,0.5003279051392597
001245,0,0.5014347025005967
001246,0,0.5004481716339313
001247,0,0.5000476961433529
001248,0,0.5008579043798403
001249,0,0.5005494604720585
001250,0,0.5003278788409032
001251,0,0.5004612309185512
001252,0,0.5031091574283056
001253,0,0.5003073303891237
001254,0,0.5003206799547681
001255,0,0.5006538779261972
001256,0,0.5005625232319446
001257,0,0.5003784292892379
001258,0,0.5005270821063669
001259,0,0.500177965530342
001260,0,0.5001094156854446
001261,0,0.5000901779118458
001262,0,0.5009593702314562
001263,0,0.5037419039582526
001264,0,0.5002187537820643
001265,0,0.5021185023758084
001266,0,0.5006636007123165
001268,0,0.5002147539711225
001269,0,0.5008412828191269
001270,0,0.5106035147879566
001271,0,0.5005691623199784
001272,0,0.5001838293011461
001273,0,0.5001558369063848
001274,0,0.5002065113573728
001275,0,0.5015080897427148
001276,0,0.5000938983230924
001277,0,0.5004205235183342
001278,0,0.5009116445692926
001279,0,0.5011705926070404
001280,0,0.5007581526578379
001281,0,0.5006555812808698
001282,0,0.5015322657230308
001283,0,0.5004251424350328
001284,0,0.5002715504869445
001285,0,0.5002306319154874
001286,0,0.500620937853895
001287,0,0.5003158280726279
001288,0,0.5007784739781737
001289,0,0.500248911256876
001290,0,0.5005615387117706
001291,0,0.5050531193883566
001292,0,0.5002256746680732
001293,0,0.5035292832115102
001294,0,0.5011958761733413
001295,0,0.5004475455941279
001296,0,0.5002604126358531
001297,0,0.5006235656826805
001298,0,0.5008237479461469
001300,0,0.5013519958160666
001301,0,0.5005831956561517
001302,0,0.5067145693705383
001303,0,0.5001708054393527
001304,0,0.5007049601415781
001305,0,0.5011154227617782
001306,0,0.5013586069534582
001307,0,0.5003828537935622
001308,0,0.5015397423951289
001309,0,0.5002514337903904
001310,0,0.5002485887873919
001311,0,0.5003138728634525
001312,0,0.5004949957123662
001313,0,0.5015452283203687
001314,0,0.5015600032701244
001315,0,0.5006443498508153
001316,0,0.5001876729890323
001317,0,0.500225150011515
001318,0,0.500136114352841
001319,0,0.5001167317222693
001320,0,0.5004609743291019
001321,0,0.5050382249345206
001322,0,0.500773177234415
001323,0,0.5004829918817094
001324,0,0.500142218565356
001325,0,0.5004381317947235
001326,0,0.5005536917466753
001327,0,0.5017648771344057
001328,0,0.5003494432608284
001329,0,0.5035136927929796
001330,0,0.5000601714831864
001331,0,0.5000902608522813
001332,0,0.5000317633758188
001333,0,0.5007859891513319
001334,0,0.5019665072894123
001335,0,0.5009000435598183
001336,0,0.5042524232421632
001337,0,0.5003599761129797
001338,0,0.5004951282110478
001339,0,0.5003455400241484
001340,0,0.5006683251443924
001341,0,0.5007921669588217
001342,0,0.50032721713188
001343,0,0.5031310982373759
001344,0,0.5011234950973327
001345,0,0.505650563181877
001346,0,0.5001714683547934
001347,0,0.504193749475323
001348,0,0.5018295532231443
001349,0,0.5002921658803371
001351,0,0.5004319145493991
001352,0,0.5007477045194244
001353,0,0.5000826101910345
001354,0,0.5024260241095615
001355,0,0.5007898286433057
001356,0,0.5004553451718701
001357,0,0.5017941327272429
001358,0,0.5001697171933106
001359,0,0.5010814725642503
001360,0,0.5005301036564297
001361,0,0.5003502447353619
001362,0,0.5001803677285669
001363,0,0.5001000544864623
001364,0,0.5021745971963766
001365,0,0.5003997413110964
001366,0,0.5031178450540329
001367,0,0.500650142349614
001368,0,0.5006378009414671
001369,0,0.5044714297996012
001370,0,0.502410034996404
001371,0,0.5013886183276
001372,0,0.5041977658276329
001373,0,0.5033764667101649
001374,0,0.5003812893173594
001375,0,0.5013823999158443
001376,0,0.5023961986644898
001377,0,0.5004105446821598
001378,0,0.5000955378932672
001379,0,0.5007014957330616
001381,0,0.5001366762756982
001382,0,0.5012359775157167
001383,0,0.5006248770622068
001384,0,0.5005776901739268
001385,0,0.5009800807665341
001386,0,0.5007366678663371
001388,0,0.5001093181207994
001389,0,0.5020690691294901
001390,0,0.5003294660084343
001391,0,0.5003651209591247
001392,0,0.5000843205291979
001393,0,0.5000942435678071
001394,0,0.50599835307953
001395,0,0.5003615768834451
001396,0,0.5003265075907855
001397,0,0.5001186581811785
001398,0,0.5019459660501377
001399,0,0.5008531178526895
001400,0,0.5036622663299907
001401,0,0.5007250666768772
001402,0,0.5000962663866522
001403,0,0.5001043777306147
001404,0,0.5024231291564628
001405,0,0.5003415786171647
001406,0,0.5002548939951109
001407,0,0.5013221780173283
001409,0,0.5002105446251066
001410,0,0.500136657135129
001411,0,0.5004670010032071
001412,0,0.5001121273208071
001413,0,0.5003542872768934
001414,0,0.5004120660600561
001415,0,0.500483561249627
001416,0,0.5005067183789814
001417,0,0.5006423643274742
001418,0,0.5003299249654422
001419,0,0.5004863597531444
001420,0,0.5000477485121331
001421,0,0.5004618198434847
001422,0,0.5023885337748638
001423,0,0.5000443638424773
001424,0,0.5001783543725032
001425,0,0.5011088950188995
001426,0,0.5005361183604685
001427,0,0.5001364210295467
001428,0,0.5001735567212273
001429,0,0.5004038145217181
001430,0,0.5028043231088802
001431,0,0.5001103674238119
001432,0,0.5003554463736233
001433,0,0.5000712441355188
001434,0,0.50084836803876
001435,0,0.5021092541440255
001436,0,0.5004551178124347
001438,0,0.5005656820890809
001439,0,0.5001440058372445
001440,0,0.5002099555253424
001441,0,0.5009137563551748
001442,0,0.5002548891770365
001443,0,0.5012454774184273
001444,0,0.5012434273404207
001445,0,0.5007832913983284
001446,0,0.5000891510000309
001447,0,0.5023064691438982
001448,0,0.5010194194131294
001449,0,0.5001373528319076
001450,0,0.5006094342023106
001452,0,0.5001170248214671
001453,0,0.5002097882309128
001454,0,0.5001158539577549
001455,0,0.5000964500310122
001457,0,0.5004371127302101
001458,0,0.500245430663874
001459,0,0.5005139247073019
001460,0,0.5005504834790196
001461,0,0.5000997887812689
001462,0,0.5012558387609344
001463,0,0.5007571405499108
001464,0,0.500172898288776
001465,0,0.5001470841114497
001466,0,0.5001695984644573
001467,0,0.5005503613061376
001468,0,0.5001736154378694
001469,0,0.500430023300943
001470,0,0.5010704928691428
001471,0,0.5000724030784167
001472,0,0.5013194588314331
001473,0,0.5011208977344354
001474,0,0.5007122386975111
001475,0,0.5005028584618395
001476,0,0.5004146302518198
001477,0,0.5015748597740523
001478,0,0.500088842234993
001479,0,0.5004440846455981
001480,0,0.5004146510867278
001481,0,0.5005428761069793
001482,0,0.5044169963216772
001483,0,0.5026963988795572
001484,0,0.5000839787678009
001485,0,0.5001060148702141
001486,0,0.5027598385113222
001487,0,0.5015753451662656
001488,0,0.5001450784760311
001489,0,0.5010421481123568
001490,0,0.5003897776834919
001491,0,0.5003903421548459
001493,0,0.5000997151628658
001494,0,0.5003294307625147
001495,0,0.5016132876040303
001496,0,0.5004806012213787
001497,0,0.5001519061100302
001498,0,0.5007011002824563
001499,0,0.5001150732601755
001500,0,0.5019214777774047
001501,0,0.5008104034323368
001502,0,0.50050955574804
001503,0,0.50387222650781
001504,0,0.5003739938712366
001505,0,0.5003793823927573
001506,0,0.5002337402625472
001507,0,0.5002681959617312
001508,0,0.5015429663247434
001509,0,0.5022107353833315
001510,0,0.5004075218831675
001511,0,0.5023246769895031
001512,0,0.5000359518460425
001513,0,0.5002306890462549
001514,0,0.5024058194069053
001515,0,0.5006227681379479
001516,0,0.5000446760219274
001517,0,0.5003733812653576
001518,0,0.5001503494985711
001519,0,0.5000976465918442
001520,0,0.5001186234307046
001521,0,0.500176364330837
001522,0,0.5010571103507808
001523,0,0.5003477232559497
001524,0,0.5013434119859801
001525,0,0.5003265033440893
001526,0,0.5010319270520742
001527,0,0.5002272820102807
001528,0,0.5053196239929527
001529,0,0.5000472479491205
001530,0,0.5002280773056955
001531,0,0.500080902071659
001532,0,0.5002335929458256
001533,0,0.5016357634040439
001534,0,0.5001561597223173
001535,0,0.5017742705739303
001536,0,0.5003606400283683
001537,0,0.5000404672575803
001538,0,0.500649330731971
001539,0,0.5002655738461277
001540,0,0.5024080549971199
001541,0,0.5005355611907599
001542,0,0.5009966998448453
001543,0,0.5002154600004564
001544,0,0.5001241980115146
001545,0,0.5000646255132587
001546,0,0.5007334817364635
001547,0,0.500160293935011
001548,0,0.5007109328945056
001549,0,0.5009241628869818
001550,0,0.5004685655276558
001551,0,0.500302149086013
001552,0,0.5002298864754072
001553,0,0.5001122278557599
001554,0,0.5012075564668564
001555,0,0.5024830177947314
001556,0,0.505164153143694
001557,0,0.500700373132483
001558,0,0.5004813734053477
001559,0,0.5004896438621288
001560,0,0.5003532439347173
001561,0,0.5001515037156435
001562,0,0.5006925632937418
001563,0,0.5009363003703913
001564,0,0.5006956714355782
001565,0,0.5000920262258207
001566,0,0.5007546774643876
001567,0,0.5003255885231989
001568,0,0.5000547204219397
001569,0,0.500503943832192
001570,0,0.5013248986123415
001571,0,0.5000856341722735
001572,0,0.5004009263271986
001573,0,0.5020476383450027
001574,0,0.5003976117522956
001575,0,0.5008411063069411
001576,0,0.5004381904762849
001577,0,0.5005935665156305
001578,0,0.5000884327442557
001579,0,0.5038103335639423
001580,0,0.5023718067605325
001581,0,0.5008128521815342
001582,0,0.5018864709637115
001583,0,0.5000542394137307
001584,0,0.5003717592983308
001585,0,0.5009065523116952
001586,0,0.5006076665587424
001587,0,0.5011937253819676
001588,0,0.5008482298506911
001589,0,0.5001098279758693
001590,0,0.5001369035555593
001591,0,0.5021173320614183
001592,0,0.5000908988131499
001593,0,0.500889714976948
001594,0,0.5007982755368031
001595,0,0.5048363553416548
001596,0,0.5017103903921191
001597,0,0.5001165856641413
001598,0,0.500779240440609
001599,0,0.5008036062377724
001600,0,0.5000476945533248
001601,0,0.5004816534146618
001602,0,0.5008655246656912
001603,0,0.5003581937051307
001604,0,0.5000770818879718
001605,0,0.5006259739055936
001606,0,0.5001998073831342
001607,0,0.5035024601710829
001608,0,0.5001559018663269
001609,0,0.5008712047163684
001610,0,0.5000988370585477
001611,0,0.5006017334764806
001612,0,0.5023053722161704
001613,0,0.5009673054828601
001614,0,0.5003793366686281
001615,0,0.5008142338111035
001616,0,0.5011998607683684
001617,0,0.5003347637896683
001618,0,0.5008494055930113
001619,0,0.5007548435335172
001620,0,0.5016074336900521
001621,0,0.5007989572899925
001622,0,0.5011596080061559
001623,0,0.5001047121515081
001624,0,0.5003859681131081
001625,0,0.5016887573153016
001626,0,0.5000591702735949
001627,0,0.5002308128075936
001628,0,0.5002451831342419
001629,0,0.505299764041579
001630,0,0.5007053146192086
001631,0,0.5001121215375034
001632,0,0.5000771747842953
001633,0,0.5013093226232944
001634,0,0.5001191851050878
001635,0,0.5002195956327142
001636,0,0.5005076879296646
001637,0,0.5002724511988212
001638,0,0.5002096370386555
001639,0,0.5014720681926871
001640,0,0.5002282430879649
001641,0,0.5007192235146801
001642,0,0.5046878420167729
001643,0,0.500258557369328
001644,0,0.5002072313317651
001645,0,0.500318169825218
001646,0,0.5001972206692124
001647,0,0.5033386892123133
001648,0,0.5000648984622766
001649,0,0.5003287332780137
001650,0,0.5007034121108559
001651,0,0.5014667061556153
001652,0,0.5001637927720436
001653,0,0.5003556949961148
001654,0,0.5000659725798888
001655,0,0.5009163095023096
001656,0,0.5002691983529008
001657,0,0.5001228420715957
001658,0,0.5008194378282199
001659,0,0.5001271074746227
001660,0,0.5013045312326484
001661,0,0.5026998476363442
001662,0,0.5012691769610721
001663,0,0.5008823177137114
001664,0,0.5020953378889623
001665,0,0.5000945489056139
001666,0,0.5021339120653456
001667,0,0.5001525559456976
001668,0,0.5003880704259982
001669,0,0.5000777593527129
001670,0,0.5017799504278551
001671,0,0.5005375362135868
001672,0,0.5004175924808194
001673,0,0.5000443517838242
001674,0,0.500173977979935
001675,0,0.5015542232774836
001676,0,0.5006844167933732
001677,0,0.5002499085365488
001678,0,0.5004643826996111
001679,0,0.5008416610623048
001680,0,0.500365447819905
001681,0,0.5028113651236912
001682,0,0.5017742192157529
001683,0,0.501551964453517
001684,0,0.5002565258805657
001685,0,0.5028584257954894
001686,0,0.5001139704201529
001687,0,0.5005800060630351
001688,0,0.5007605133309702
001689,0,0.5066346200065897
001690,0,0.5000591655199207
001691,0,0.5001971995368566
001692,0,0.5004362643132402
001693,0,0.500175038627241
001694,0,0.5001912549348878
001695,0,0.5015719952753944
001696,0,0.5001615760854099
001697,0,0.5000364557142278
001698,0,0.500220813808585
001699,0,0.5010599865000859
001700,0,0.500349036584836
001701,0,0.5004681107787761
001702,0,0.5176649330919726
001703,0,0.5000495996662369
001704,0,0.5003651151915582
001705,0,0.5021518140015153
001706,0,0.5000683515629272
001707,0,0.5011858787006143
001708,0,0.5000594884124928
001709,0,0.5004644002703169
001710,0,0.5034733238300957
001711,0,0.5002707981224179
001712,0,0.5000179521982803
001713,0,0.5009026157786143
001714,0,0.5052006370278349
001716,0,0.5002887179286987
001717,0,0.500613855632944
001718,0,0.5001623689915143
001719,0,0.5003819175248911
001720,0,0.5002162309144522
001721,0,0.501965135628297
001722,0,0.5014231912839288
001723,0,0.5008610900196432
001724,0,0.5006066437776547
001725,0,0.5012624390633996
001726,0,0.5017425844165931
001727,0,0.5002362801517345
001728,0,0.5017049598230159
001729,0,0.5006364241812542
001730,0,0.5001913257951052
001731,0,0.5009039845378799
001732,0,0.5004724638811694
001733,0,0.5004109921538921
001734,0,0.5001154188001857
001735,0,0.5001216418704146
001736,0,0.5002093073908209
001737,0,0.5000459118117311
001738,0,0.5008041484205301
001739,0,0.5010920849244004
001740,0,0.5043468768514852
001741,0,0.502616863026702
001742,0,0.5017990074981538
001743,0,0.5022723891120214
001744,0,0.5021975551288226
001745,0,0.5046322654114926
001746,0,0.5001708928269146
001747,0,0.5000348441098106
001748,0,0.5014343623408468
001749,0,0.5001595189509426
001751,0,0.5011628950762795
001752,0,0.5002284373805521
001754,0,0.5007424732504756
001755,0,0.5002727182333003
001756,0,0.5000794072290776
001757,0,0.5020669314762748
001758,0,0.5046532320430209
001759,0,0.5016160686527364
001760,0,0.5002998917554223
001761,0,0.5004469872122905
001762,0,0.5036841476810857
001763,0,0.5011458514325494
001764,0,0.5039419888015415
001765,0,0.5000229998412923
001766,0,0.5001286628611208
001767,0,0.5034748420934436
001768,0,0.5020802021471296
001769,0,0.5005961705276406
001770,0,0.500668342032987
001771,0,0.500314911852224
001772,0,0.5022419183465145
001773,0,0.5000424631385996
001774,0,0.5003111800984054
001775,0,0.5083193850761725
001776,0,0.500143649304474
001777,0,0.500176112342585
001778,0,0.5001825467232155
001779,0,0.5000354931820277
001780,0,0.5001195022597155
001781,0,0.5001016894996477
001782,0,0.5013779449682814
001783,0,0.5007302329294799
001784,0,0.5001991985176598
001785,0,0.5003415221757135
001786,0,0.5017211803413726
001787,0,0.5021195130151601
001788,0,0.5010820733116326
001789,0,0.5000646108524347
001790,0,0.5002771576505322
001791,0,0.5001232565253602
001792,0,0.50090736070366
001793,0,0.5003709506028449
001794,0,0.5002561090925143
001795,0,0.5001747354243481
001796,0,0.5002700917364818
001797,0,0.5002144665568389
001798,0,0.5030574700393785
001799,0,0.5001848304827541
001800,0,0.5118677446059491
001801,0,0.5004310337149941
001802,0,0.5004602207242319
001803,0,0.5001729712861211
001804,0,0.5003855043845516
001805,0,0.5002377459886287
001806,0,0.5004435014925585
001807,0,0.5006433585972287
001808,0,0.5001660211692075
001809,0,0.5003147801288297
001810,0,0.5011080808962949
001811,0,0.500209319537748
001812,0,0.5020902867249565
001813,0,0.5034220056905402
001814,0,0.5001447329289207
001815,0,0.5000478865616698
001816,0,0.5003494924974818
001817,0,0.500914568101381
001818,0,0.5005298377419688
001819,0,0.5000482654946616
001820,0,0.5003556462529027
001821,0,0.5009274809027495
001822,0,0.5039897755718629
001823,0,0.5005199390221975
001824,0,0.5136146139999456
001825,0,0.5003620041455731
001826,0,0.5021782198705637
001827,0,0.5013720168490161
001828,0,0.5005394111993258
001829,0,0.5002642815520354
001830,0,0.5006730726681671
001831,0,0.5000481850988057
001832,0,0.5001185877251547
001833,0,0.5002155606506082
001834,0,0.5001362285508771
001835,0,0.5002705379687167
001836,0,0.5006613943385428
001837,0,0.5089589806156007
001838,0,0.5030066996402477
001839,0,0.5004628278051386
001840,0,0.5010654659650974
001841,0,0.5081794310940829
001842,0,0.5002828091558331
001843,0,0.5006339262632733
001844,0,0.5000622867435562
001845,0,0.5001174751177687
001846,0,0.50189610289569
001847,0,0.500140500902202
001848,0,0.5001108368343701
001849,0,0.5005448442253232
001850,0,0.5004503960620247
001851,0,0.5004985324648752
001852,0,0.5000946728920224
001853,0,0.5028541295134684
001854,0,0.5001407520477634
001855,0,0.5008077389571655
001856,0,0.5002817148826739
001857,0,0.500514966648794
001858,0,0.5002659613557023
001859,0,0.5001260826223225
001860,0,0.5001833805978435
001861,0,0.5003436322703958
001862,0,0.5014102387955346
001863,0,0.5001843471659975
001864,0,0.5063632684595633
001865,0,0.500382029170201
001866,0,0.5002332378569636
001867,0,0.5026464395622938
001868,0,0.5023240151010552
001869,0,0.5039244058420937
001870,0,0.5000340425727768
001871,0,0.500528122248188
001872,0,0.500124580605301
001873,0,0.5002635908608056
001875,0,0.5005196593158119
001876,0,0.5015458367710605
001877,0,0.5006668010528994
001878,0,0.5058539796862902
001879,0,0.5006635344908338
001880,0,0.5010704049118877
001881,0,0.500509340495948
001882,0,0.5006335285914353
001883,0,0.5000891822377492
001884,0,0.500669339005145
001885,0,0.5005713383102794
001886,0,0.5002221528816897
001887,0,0.5009633528477936
001888,0,0.5000668837918203
001889,0,0.5009002469415312
001890,0,0.5002865105202104
001891,0,0.5011847235112835
001892,0,0.500723557550385
001893,0,0.5013202706248344
001894,0,0.5026729597905877
001895,0,0.5005299782387985
001896,0,0.5001158091640974
001897,0,0.5006924289790133
001898,0,0.500301927372551
001899,0,0.5007294136979042
001900,0,0.5003253550584795
001901,0,0.5000663424421617
001902,0,0.5003417643251405
001903,0,0.5003125105922965
001904,0,0.5000840201824336
001905,0,0.5001046347411293
001906,0,0.5010576733344271
001907,0,0.5006345775414923
001908,0,0.5002841442843327
001909,0,0.50135601924438
001910,0,0.5023309049494834
001911,0,0.5004326535478506
001912,0,0.5007744923274777
001913,0,0.5006277698356919
001914,0,0.5006813678223464
001915,0,0.5014338067220857
001916,0,0.5004415717837569
001917,0,0.5002572445146535
001918,0,0.5005527976971422
001919,0,0.5001538974675447
001920,0,0.5005289146968629
001921,0,0.5012627555326858
001922,0,0.5025245401252559
001923,0,0.5006300201821723
001924,0,0.5006486601477166
001925,0,0.5002985566510005
001926,0,0.51078591574931
001927,0,0.5006055316946422
001928,0,0.5011107185866217
001929,0,0.5005611403161554
001930,0,0.5043523555259671
001931,0,0.500025022321796
001932,0,0.5002961343907943
001933,0,0.5006081155289075
001934,0,0.5001715051140525
001935,0,0.5010670636087706
001936,0,0.5010009633358786
001937,0,0.5021362624769511
001938,0,0.5009017955376265
001939,0,0.5005595765536678
001940,0,0.5005394552075296
001941,0,0.5000842488264718
001942,0,0.5002675634146454
001943,0,0.5004223326190991
001944,0,0.5001263624734963
001945,0,0.5007427842380807
001946,0,0.5001300028356316
001947,0,0.5007561848949345
001948,0,0.5005480323256388
001949,0,0.5133691439106394
001950,0,0.5006904213863553
001952,0,0.5018505372723698
001953,0,0.5002629221987472
001954,0,0.5005203139602251
001955,0,0.5004125579461108
001956,0,0.5003401639625904
001957,0,0.5004039313722487
001958,0,0.5065134101879611
001959,0,0.5007035072914182
001960,0,0.500185318618082
001961,0,0.501189990926518
001962,0,0.5005385528058226
001963,0,0.500563664432499
001964,0,0.5006405164361308
001965,0,0.500069350255225
001966,0,0.5001408504441252
001967,0,0.5004089215905324
001968,0,0.5004019310960942
001969,0,0.5003150386665703
001970,0,0.5001034892338279
001971,0,0.5004572022959715
001973,0,0.5050618697583962
001974,0,0.500392380677624
001975,0,0.501299099066719
001976,0,0.5014471023082201
001977,0,0.5017978756239845
001978,0,0.5036982153882766
001979,0,0.5001912277163063
001980,0,0.5005139473240441
001981,0,0.5005721555280546
001982,0,0.5002731079303796
001983,0,0.5000472493358821
001984,0,0.5018968964614025
001985,0,0.5012974707236154
001986,0,0.5002539788228549
001987,0,0.5021901303928261
001988,0,0.5000828920834751
001989,0,0.5026278163886131
001991,0,0.5047622776429843
001992,0,0.5017952862659946
001993,0,0.5059919639509826
001994,0,0.5001610584261905
001995,0,0.5001080433755727
001996,0,0.5008174574943558
001997,0,0.5000959943196993
001998,0,0.5007897935759505
001999,0,0.500152535206656
002000,0,0.5033395366245332
002001,0,0.501553303823661
002002,0,0.500058328734058
002003,0,0.5002194335765463
002004,0,0.5001204860109273
002005,0,0.5025488046128511
002006,0,0.5017807477740823
002007,0,0.5004550826736445
002008,0,0.5002274276953529
002009,0,0.5001373599200086
002010,0,0.5000433319755535
002011,0,0.5010312789401539
002012,0,0.5038225245903553
002013,0,0.50771564379158
002014,0,0.5003157184582915
002015,0,0.5020897509051916
002016,0,0.5000995021987982
002017,0,0.5001591520199652
002018,0,0.5017900430852615
002019,0,0.5001210566136389
002021,0,0.5005722476819423
002022,0,0.5011156769928542
002023,0,0.5006645319507912
002024,0,0.5009005073750418
002025,0,0.5005261552600837
002026,0,0.5025676689556677
002027,0,0.5005329290047352
002028,0,0.5034835528020479
002029,0,0.5001072431279652
002030,0,0.5004980611507956
002031,0,0.5166557964181795
002032,0,0.5003865088670184
002033,0,0.5003435968773998
002034,0,0.500623516503732
002036,0,0.5000464409075926
002037,0,0.50011349134149
002038,0,0.5003828756093828
002039,0,0.5001453194433976
002040,0,0.5008651400867341
002041,0,0.5004348786246465
002042,0,0.5005250083333799
002043,0,0.5011679587306257
002044,0,0.5012689111679739
002045,0,0.5019886071299325
002047,0,0.5003171384286121
002048,0,0.5018632856163758
002049,0,0.5000733143054193
002050,0,0.5001355263299584
002051,0,0.500398439303831
002052,0,0.5144995342777846
002053,0,0.5004882683352643
002054,0,0.5001925207336555
002055,0,0.5005241653935467
002056,0,0.5026063973680727
002057,0,0.500135119398536
002058,0,0.5006347807560186
002059,0,0.5012977876042952
002060,0,0.5052570317997753
002061,0,0.5024929531307223
002062,0,0.5001634810703197
002063,0,0.500151860518903
002064,0,0.5011446218142394
002065,0,0.5014669757084792
002066,0,0.5002045540767844
002067,0,0.5065552275543292
002068,0,0.5002947963803207
002069,0,0.5002560096607872
002070,0,0.5006058878061571
002071,0,0.5004922695188032
002072,0,0.5008447935955179
002073,0,0.5009046545886932
002074,0,0.5001458974446085
002075,0,0.5005865275026836
002076,0,0.5004116067100134
002077,0,0.5030260395925635
002078,0,0.5001387162218327
002079,0,0.5005247546799629
002080,0,0.5020697895412991
002081,0,0.50046462602146
002082,0,0.5003832136021685
002083,0,0.5021383589846049
002084,0,0.5002831139364834
002085,0,0.5003065012917143
002086,0,0.5004305927937114
002087,0,0.5001761874536427
002088,0,0.502839944181632
002089,0,0.5035389113858004
002090,0,0.5005782430375451
002091,0,0.5013435607563533
002092,0,0.501925891430011
002093,0,0.5039750077877152
002094,0,0.5014100447222369
002095,0,0.5001250874301697
002096,0,0.5003706535036053
002097,0,0.5000354062783751
002098,0,0.5014548917664934
002099,0,0.500258056219959
002100,0,0.5008100626203774
002101,0,0.5009366681882736
002102,0,0.5012119684498418
002103,0,0.5003945334773332
002104,0,0.5063452454762727
002105,0,0.5012682491367174
002106,0,0.5017003371139913
002107,0,0.5003048810143287
002108,0,0.5002004922964818
002109,0,0.5009369761485215
002110,0,0.5006284929334331
002111,0,0.5023014259401846
002112,0,0.5003002607080744
002113,0,0.500557647961813
002114,0,0.5004038206263107
002115,0,0.505805159531675
002116,0,0.5004921250992901
002117,0,0.5004440374270104
002118,0,0.5009103897390362
002119,0,0.5002552629096364
002120,0,0.5000653560803289
002121,0,0.5001853947441749
002122,0,0.5014905363823394
002123,0,0.5011732160628996
002124,0,0.5000604617391022
002125,0,0.5004842422115431
002126,0,0.5001000478689749
002127,0,0.5002903466017118
002128,0,0.5000779175680155
002129,0,0.5004635927965072
002130,0,0.502973562154654
002131,0,0.5001127644047223
002132,0,0.5004763875116005
002133,0,0.5001449947964313
002134,0,0.501307112638871
002135,0,0.501571303588352
002136,0,0.5004004060117759
002137,0,0.5003813432310869
002138,0,0.5002044618464115
002139,0,0.5003713748327892
002140,0,0.5002371880949428
002141,0,0.5013900822009952
002142,0,0.500083359339868
002143,0,0.5003873422052875
002144,0,0.500111559903802
002146,0,0.5011042251614092
002147,0,0.5015839555333897
002148,0,0.500210415245502
002149,0,0.5000583633311081
002150,0,0.5011388487018426
002151,0,0.5001629532537378
002152,0,0.5030778471982092
002153,0,0.501031461250302
002154,0,0.5009508882791414
002155,0,0.5030171667585698
002156,0,0.5004931806914917
002157,0,0.500118283155992
002160,0,0.5002531224137381
002161,0,0.5003724953759671
002162,0,0.5009221633660779
002163,0,0.5002434967238563
002164,0,0.5007220319904038
002165,0,0.5024112788702919
002166,0,0.5001892115293226
002167,0,0.5009047633032327
002168,0,0.5006146804800753
002170,0,0.500760904497118
002171,0,0.502979545007344
002172,0,0.5001189814531015
002173,0,0.5003142626699649
002174,0,0.5002817430064667
002175,0,0.5214344783960799
002176,0,0.5016146188904473
002177,0,0.5000967579651097
002178,0,0.5032495361480921
002179,0,0.5010644007726888
002180,0,0.5003249941821719
002181,0,0.5002912091703664
002182,0,0.50007052649341
002183,0,0.5006330597466181
002184,0,0.5024962975590311
002185,0,0.5000650608548853
002186,0,0.5001534970287884
002187,0,0.5007060571983022
002188,0,0.5008996737257363
002189,0,0.5005575482765062
002190,0,0.5004092801293056
002191,0,0.5001516095805991
002192,0,0.5005388125660741
002193,0,0.5240941700246744
002194,0,0.5001809681161582
002195,0,0.5009376818265543
002196,0,0.5091528962317811
002197,0,0.5038794832368899
002198,0,0.5000415745629224
002200,0,0.5001941957535948
002201,0,0.50864433725051
002202,0,0.5025737904317983
002203,0,0.5008189914040226
002204,0,0.5007207276567179
002205,0,0.5003342561410601
002206,0,0.5019453953455894
002207,0,0.5022951422718436
002208,0,0.5011427540844541
002209,0,0.5002222595764944
002210,0,0.500275638455557
002211,0,0.5003819072546937
002212,0,0.5001863509387748
002213,0,0.5008891010714385
002214,0,0.5007731883830505
002215,0,0.5005636472224914
002216,0,0.5012020579072664
002217,0,0.5000560763938554
002218,0,0.5077919535998092
002219,0,0.5001593943884921
002220,0,0.5007797955081251
002221,0,0.5008815382987233
002222,0,0.5012822881331889
002223,0,0.5018548053894828
002224,0,0.5002143823548854
002226,0,0.5006067421998733
002227,0,0.5023498310832144
002228,0,0.5002191705398755
002229,0,0.500672303042119
002230,0,0.5001789624479746
002231,0,0.5045176224666018
002232,0,0.5025964584016874
002233,0,0.5003331428736987
002234,0,0.5020704044663032
002235,0,0.5004549571553132
002236,0,0.5030712303922947
002237,0,0.5006507865740832
002238,0,0.5003174590853682
002239,0,0.5019791893968294
002240,0,0.5002213282788145
002241,0,0.5004742464874062
002242,0,0.500589939461837
002243,0,0.5167596496131691
002244,0,0.5018447174053788
002245,0,0.5000547419995738
002246,0,0.5001119022283714
002247,0,0.5007709012219017
002248,0,0.5001938197394109
002249,0,0.5058004076356762
002250,0,0.501647283402109
002251,0,0.5001785032655808
002252,0,0.5001790253767717
002253,0,0.5015469751463245
002254,0,0.5002932282320183
002255,0,0.5002047024148675
002256,0,0.5010553467035306
002257,0,0.502062514998267
002258,0,0.5003715560238073
002259,0,0.5005783692445531
002260,0,0.5001319648871186
002261,0,0.5003752499145369
002262,0,0.5005044060329414
002263,0,0.5002739406911813
002264,0,0.5058048948386655
002265,0,0.5002578927154261
002266,0,0.500086324860554
002267,0,0.5001707226015478
002268,0,0.5055898047284507
002269,0,0.500703661696644
002270,0,0.5001183644750236
002271,0,0.5001757994775407
002272,0,0.5001665860817689
002273,0,0.5009968520762879
002274,0,0.5002765971822644
002275,0,0.5023039430718025
002276,0,0.5002479851615744
002277,0,0.5004946752589144
002278,0,0.5000481181562135
002279,0,0.5000979627679143
002280,0,0.5002149839947717
002281,0,0.5085253516165017
002282,0,0.5000660150505122
002283,0,0.5004759145552976
002284,0,0.5004180036690048
002285,0,0.5002245948633003
002286,0,0.5001119436693011
002287,0,0.5004550468597154
002288,0,0.5001633741176432
002289,0,0.500254107524911
002290,0,0.5017190205062829
002291,0,0.5008350674608669
002292,0,0.5011691872447613
002293,0,0.5003509082162991
002294,0,0.5011711779477144
002295,0,0.5002373796383353
002296,0,0.5001243323578898
002297,0,0.5003070989269417
002298,0,0.5024754133224855
002299,0,0.5006401786083892
002300,0,0.5004567315613153
002301,0,0.5003249038850915
002302,0,0.5003054120348082
002304,0,0.5001588278572302
002305,0,0.5002350322587011
002306,0,0.5036066879659513
002307,0,0.5001545379244066
002308,0,0.5001495985009498
002309,0,0.5003156803653198
002310,0,0.5013035070913001
002311,0,0.5004660500029227
002312,0,0.5016361084777924
002313,0,0.5017332675321878
002314,0,0.5011695837400189
002315,0,0.5003574168343653
002316,0,0.5000779415097582
002317,0,0.5004145566303022
002318,0,0.500105747417187
002319,0,0.5011088797254157
002320,0,0.5004220940432381
002321,0,0.5011553210404293
002322,0,0.5002952836578896
002323,0,0.5006423537656958
002324,0,0.5001394221971049
002325,0,0.5003114156074316
002326,0,0.5004212272304789
002327,0,0.5001853539538853
002328,0,0.5002785882356284
002329,0,0.5002071458915864
002330,0,0.5001431810266804
002331,0,0.502479921859602
002332,0,0.506210145207572
002333,0,0.5009629638939445
002334,0,0.5009261766507088
002335,0,0.5006899051161837
002338,0,0.5037262994123011
002339,0,0.500261689238328
002340,0,0.5011683396756892
002341,0,0.5020800215188991
002342,0,0.5002544828168239
002343,0,0.5002085858121051
002344,0,0.5001017258027235
002346,0,0.5000769239965297
002347,0,0.5004870814784571
002348,0,0.5003143605665304
002349,0,0.5005002164404301
002350,0,0.5058058180390903
002351,0,0.5000654923248556
002352,0,0.5014208449240541
002353,0,0.5015978330120054
002354,0,0.5002904092131211
002355,0,0.5023109477027757
002356,0,0.5004918817438182
002357,0,0.5008688877440913
002358,0,0.500052900464886
002359,0,0.5003400129456597
002360,0,0.5018595670442385
002361,0,0.5001656339921473
002362,0,0.5002496769742757
002363,0,0.5003038663119354
002364,0,0.5005611650018108
002365,0,0.5001647220608932
002366,0,0.5000533030181616
002367,0,0.5006453478370784
002368,0,0.5010413185860536
002369,0,0.5001541437296124
002370,0,0.5003536871643579
002371,0,0.5006235718792701
002372,0,0.5014425703100759
002373,0,0.501035873151715
002374,0,0.5001588882202092
002375,0,0.5015002989269407
002376,0,0.5002165960319521
002377,0,0.5009803718298828
002378,0,0.5002304840892736
002379,0,0.5055759178071758
002380,0,0.5021267369547121
002381,0,0.5008262304087395
002382,0,0.5004262598342365
002383,0,0.5002662440199035
002384,0,0.5006055325460131
002385,0,0.50048440049189
002386,0,0.5001046464722043
002387,0,0.5015615838679035
002388,0,0.5003222015209623
002389,0,0.500238227231792
002390,0,0.5000402684833362
002391,0,0.5001292279181645
002392,0,0.5006783850246731
002393,0,0.5003381876180129
002394,0,0.5004299672272322
002395,0,0.5003738193813541
002396,0,0.50168674496886
002397,0,0.5004394179521426
002399,0,0.501468657913653
002400,0,0.5003248619092258
002401,0,0.5001400511189135
002402,0,0.5001495015088873
002403,0,0.5010908610122984
002404,0,0.5000863171706723
002405,0,0.5013881181508872
002406,0,0.5005066612626906
002407,0,0.5003901620798584
002408,0,0.5001829017399239
002409,0,0.5004000630106291
002410,0,0.5000501846293826
002411,0,0.5007315853679322
002412,0,0.5027854549774683
002413,0,0.5005493448016097
002414,0,0.5003507356979936
002415,0,0.5003768377498883
002416,0,0.5008509966874695
002417,0,0.5027942083802328
002418,0,0.5027162693241582
002419,0,0.503332179456309
002420,0,0.5003646321824257
002421,0,0.5003099917529259
002422,0,0.5012670100438701
002423,0,0.5058046688764446
002424,0,0.5000441890879243
002425,0,0.5017419843866163
002426,0,0.5107929747210828
002427,0,0.5006610923916421
002428,0,0.5003147484062497
002429,0,0.5012255881400819
002430,0,0.5000836946401795
002431,0,0.5016687929622605
002432,0,0.5004651347532472
002433,0,0.5013461167005924
002434,0,0.500555518422938
002435,0,0.5002055137131646
002436,0,0.5001493063769843
002437,0,0.5010185529927675
002438,0,0.500416389078327
002439,0,0.5001060463395518
002440,0,0.5000935959376039
002441,0,0.5006272432550769
002442,0,0.5005287757112233
002443,0,0.5000897301360684
002444,0,0.500628043138161
002445,0,0.5004706031661743
002446,0,0.5001142889687746
002447,0,0.5002057230058572
002448,0,0.5003624921633654
002449,0,0.5003340819811727
002450,0,0.5000851166017799
002451,0,0.5642937903205011
002452,0,0.5019739058529842
002453,0,0.5003058869909094
002454,0,0.5010690947913511
002455,0,0.5007329162942508
002456,0,0.5007452034752002
002457,0,0.5094695398458398
002458,0,0.5003368945989171
002459,0,0.5034709034324362
002460,0,0.5001558455035912
002461,0,0.5011128461734201
002462,0,0.5010507883730336
002463,0,0.5002271905306884
002464,0,0.5008694236188452
002465,0,0.5106887621951808
002466,0,0.5009580801155331
002467,0,0.5001060631959663
002468,0,0.500574136997023
002470,0,0.5003680133991273
002471,0,0.5003718070423377
002472,0,0.5013252698910007
002473,0,0.5004802797623205
002474,0,0.5018121089353257
002475,0,0.50009304384436
002476,0,0.5014552690951327
002477,0,0.5002104549847686
002478,0,0.5006268938953025
002479,0,0.5002703751860202
002480,0,0.5008514544296728
002481,0,0.5001231950314623
002482,0,0.500947774013736
002483,0,0.5014226332454778
002484,0,0.5003230794550679
002485,0,0.5005000142059809
002486,0,0.5004157616771061
002487,0,0.5001677233686063
002488,0,0.500110691744199
002489,0,0.50013626828688
002490,0,0.5041735791626457
002491,0,0.5001846963497741
002492,0,0.5002938166377313
002493,0,0.5046531784450813
002494,0,0.501214140950786
002495,0,0.5002458177199673
002496,0,0.5005555649704789
002497,0,0.5041593032635447
002498,0,0.5030326621596699
002499,0,0.5002846124404181
002501,0,0.5003782918021802
002502,0,0.500223361319957
002503,0,0.5000616516271208
002504,0,0.5001575098403249
002505,0,0.5027154362441861
002506,0,0.5005845876668271
002507,0,0.5003216890350742
002508,0,0.5002521504830836
002509,0,0.5005466981476577
002510,0,0.5001540651076513
002511,0,0.5013115054939821
002512,0,0.5002534619786405
002513,0,0.5003071254173049
002514,0,0.5536066853355425
002515,0,0.5009999351831255
002516,0,0.500237073363717
002517,0,0.5004774313214406
002518,0,0.5011707748601125
002519,0,0.501813525462384
002520,0,0.5003717539393826
002521,0,0.5019291840233433
002522,0,0.5008870215166245
002523,0,0.5018307263728974
002524,0,0.501264789621348
002525,0,0.5003771910844977
002526,0,0.5011822817302324
002527,0,0.500334474253922
002528,0,0.5006011760541994
002529,0,0.5016682774286162
002530,0,0.5001928868536741
002531,0,0.5001618014821401
002532,0,0.5006144974871752
002533,0,0.5021096010447009
002534,0,0.5021129979292086
002535,0,0.500093720115741
002536,0,0.500231769683152
002537,0,0.500538679133008
002538,0,0.5002491584486819
002539,0,0.500146723087444
002540,0,0.5010077967732084
002541,0,0.500093704850709
002542,0,0.5011345071074789
002543,0,0.5002727397072151
002544,0,0.5007673803863958
002545,0,0.5011419667680315
002546,0,0.5002956889155755
002547,0,0.5001807721340156
002548,0,0.5013284767053382
002549,0,0.5002070802237466
002550,0,0.5014448818355579
002551,0,0.5006027765135143
002552,0,0.5015008350283808
002553,0,0.5024937515241207
002554,0,0.5008382942701763
002555,0,0.5004873265946577
002556,0,0.5002560593814296
002557,0,0.500256288235403
002558,0,0.5007147507435216
002559,0,0.5000654537053685
002560,0,0.5018393725824055
002561,0,0.5000911663787065
002562,0,0.5010434627298994
002564,0,0.5005953323186327
002566,0,0.5001486562620485
002567,0,0.5005379502462161
002568,0,0.5002499963659494
002569,0,0.500919870551148
002570,0,0.5004453210138405
002571,0,0.5002202145392209
002572,0,0.5005450331944064
002573,0,0.5001312978866685
002574,0,0.5010814449397882
002575,0,0.5013645741184646
002576,0,0.5002226395746421
002577,0,0.5002246707355964
002578,0,0.5000260840822836
002579,0,0.5010416223773254
002580,0,0.5006718404019944
002581,0,0.5002081435497693
002582,0,0.5013985901940886
002583,0,0.5016850628241684
002584,0,0.5004174523035665
002585,0,0.5008285349003582
002586,0,0.5058722061000565
002587,0,0.5015785976532301
002588,0,0.5002693491724248
002589,0,0.500776142393859
002590,0,0.5005613514809398
002591,0,0.5002609404262668
002592,0,0.5007696188286017
002593,0,0.500088893816254
002594,0,0.5026776044410693
002595,0,0.5000965497969531
002596,0,0.5004459715005668
002597,0,0.5006152330881416
002598,0,0.5022327073783162
002599,0,0.5000872559775944
002600,0,0.5006794009701235
002601,0,0.5005113579758143
002602,0,0.5018260444700414
002603,0,0.5003312892624744
002604,0,0.5009591477490942
002605,0,0.5012156442567723
002606,0,0.5002947637188657
002607,0,0.5003330354795679
002608,0,0.5002048832433452
002609,0,0.5019165178017639
002610,0,0.5002278459580202
002611,0,0.5006613725329527
002612,0,0.5007291767719797
002613,0,0.5007854449390642
002614,0,0.5005482968082834
002615,0,0.500633642933534
002616,0,0.5004246932976635
002617,0,0.5003701480788383
002618,0,0.509803299693132
002619,0,0.5007237116216495
002620,0,0.5000406305532392
002621,0,0.500594351178406
002622,0,0.5005170321485686
002623,0,0.5000836938703632
002624,0,0.5010466911155318
002625,0,0.5052720045037804
002626,0,0.5001086391555803
002627,0,0.500710403147179
002628,0,0.5002597948659947
002629,0,0.5003160174788761
002630,0,0.5001007068313268
002632,0,0.5003131952387918
002633,0,0.5001399778669098
002634,0,0.5018901024610761
002635,0,0.5011268969773086
002636,0,0.5001604729972697
002637,0,0.5003469930171315
002638,0,0.5001670172688232
002639,0,0.5006649737422594
002640,0,0.5002913745517013
002641,0,0.5004689266393004
002642,0,0.5001612019297333
002643,0,0.5006227815042771
002644,0,0.5005857357904114
002645,0,0.5012891335446819
002646,0,0.5002374806448275
002647,0,0.5005366591340874
002648,0,0.5014994763348383
002649,0,0.5004411148266004
002650,0,0.5024722433021601
002651,0,0.5019593464597689
002652,0,0.5084251619225378
002653,0,0.5003845787656654
002654,0,0.501713738603876
002655,0,0.5004105869986004
002656,0,0.5002806819489795
002657,0,0.5211788374027955
002658,0,0.5000428248041459
002659,0,0.5017548867868015
002660,0,0.5001731969124723
002661,0,0.5001985747319417
002662,0,0.5006949555033662
002663,0,0.5035202501868208
002664,0,0.5005281904449631
002665,0,0.5036084635846424
002666,0,0.5027559356856419
002667,0,0.5001222763053574
002668,0,0.5015524184688978
002669,0,0.5032525805184812
002670,0,0.5026038285979465
002671,0,0.5004738036059224
002672,0,0.5004250853412255
002673,0,0.5013974411537817
002674,0,0.5015387165757698
002675,0,0.5065726807434431
002676,0,0.51446688027715
002677,0,0.5001001590944079
002678,0,0.5023488939246245
002679,0,0.5028768277744021
002680,0,0.5010423563178382
002681,0,0.500153530520589
002682,0,0.5001295886509101
002683,0,0.5002926839799187
002684,0,0.5001960963917643
002685,0,0.5009081682106361
002686,0,0.5001051422632848
002687,0,0.5003246033604042
002688,0,0.5003590902125228
002689,0,0.5172835884053282
002690,0,0.5024367823313234
002691,0,0.5006481053432938
002692,0,0.500711456284152
002693,0,0.5020329911254635
002694,0,0.5011814300483735
002695,0,0.5015890101330596
002696,0,0.5005643564981811
002697,0,0.500136091597247
002698,0,0.5001600393711312
002700,0,0.500305204467975
002701,0,0.5004353632867505
002702,0,0.5002901572147469
002703,0,0.5006494499988619
002704,0,0.5002914449671113
002705,0,0.5022066360476116
002706,0,0.5019426239321151
002707,0,0.500577105618139
002708,0,0.5006673502705424
002709,0,0.500430697161667
002710,0,0.5002492813869696
002711,0,0.5007019532945005
002712,0,0.5026606870334503
002713,0,0.5006990804393718
002714,0,0.50033808023466
002715,0,0.5017480145992913
002716,0,0.5029822596434109
002717,0,0.5002621451420004
002718,0,0.5006588262034061
002719,0,0.5035599582295248
002720,0,0.500486071479796
002722,0,0.5005955654480493
002723,0,0.5000452408539797
002724,0,0.500410815360485
002725,0,0.5013934341571811
002726,0,0.5001277020214444
002727,0,0.502182244730327
002728,0,0.5023355336307942
002729,0,0.5003287858921782
002730,0,0.5002376908628953
002731,0,0.5008983804740602
002732,0,0.5004560872037566
002733,0,0.5001473307124688
002734,0,0.5321448162154581
002735,0,0.5013837017567929
002736,0,0.5002305993104105
002737,0,0.5003647327153256
002738,0,0.5032884984068449
002739,0,0.5008191765945584
002740,0,0.5001356463214239
002741,0,0.5023124937994522
002742,0,0.5029458431603255
002743,0,0.5013398912618668
002744,0,0.5016029640341942
002745,0,0.501968286630575
002746,0,0.5007085560369079
002747,0,0.500151420614426
002748,0,0.5012427926396024
002749,0,0.5000802401008474
002750,0,0.502325187080863
002751,0,0.500537872218159
002752,0,0.5001920397750441
002753,0,0.5003559848202519
002754,0,0.5001089667713131
002755,0,0.5004458885017072
002756,0,0.5000452617971123
002757,0,0.5006525638937653
002758,0,0.5004359410671697
002759,0,0.5015385699091209
002760,0,0.500306154546461
002761,0,0.5001191585464027
002762,0,0.500686988499892
002763,0,0.5005015033266558
002764,0,0.519995473039311
002765,0,0.5000874023009318
002766,0,0.5011557526414867
002767,0,0.5005580775706802
002768,0,0.5002381213059265
002769,0,0.5007504208501897
002770,0,0.5003664237555081
002771,0,0.5007782906510984
002772,0,0.5000643427763947
002773,0,0.5004181612367802
002774,0,0.5013446688010714
002775,0,0.5002526308986255
002776,0,0.5013229869718282
002777,0,0.5001803633507144
002778,0,0.517395934855673
002779,0,0.5005812541516396
002780,0,0.5006282393538029
002781,0,0.5002733830252644
002782,0,0.5000678700491163
002783,0,0.5066080069248713
002784,0,0.50077407702677
002785,0,0.5003433813230721
002786,0,0.5000776421323191
002787,0,0.5001259857832632
002788,0,0.5007778848724048
002789,0,0.5007482560628688
002790,0,0.5007559921050799
002791,0,0.5001844931304991
002792,0,0.5001478348779572
002793,0,0.5016785100139931
002794,0,0.5005298828928679
002795,0,0.5002934179848725
002796,0,0.5009447045746878
002797,0,0.5006693139091911
002798,0,0.502937046103904
002799,0,0.500206321529843
002800,0,0.5014007484045951
002801,0,0.5030790828496918
002802,0,0.5002163419079652
002803,0,0.5029868043073388
002804,0,0.50021719897159
002805,0,0.5001359128705488
002806,0,0.5014868057716629
002807,0,0.5010174790855348
002808,0,0.5004150455092482
002809,0,0.50025775641261
002810,0,0.501119947005686
002811,0,0.5012683902508038
002812,0,0.5057566288268164
002813,0,0.5012061829625003
002814,0,0.5002068961897183
002815,0,0.5002920984097624
002816,0,0.5075348818162244
002817,0,0.5002658570723357
002818,0,0.5001675402019289
002819,0,0.5025451332427321
002820,0,0.5000610170596832
002821,0,0.5000595594827272
002822,0,0.5008210784896009
002823,0,0.5002288641564541
002824,0,0.5002060031817461
002825,0,0.5022579405102049
002826,0,0.5003314414881727
002827,0,0.5001152917032062
002828,0,0.5015322308672614
002829,0,0.5000888296216968
002830,0,0.5008034538385762
002831,0,0.5000557044856527
002832,0,0.5005634369783908
002833,0,0.5012508137300664
002834,0,0.5004556528964561
002835,0,0.5007858479348858
002836,0,0.5006365936380982
002837,0,0.5003459597542538
002838,0,0.5001953897727915
002839,0,0.500130336251737
002840,0,0.5023131464712051
002841,0,0.5015076331512238
002842,0,0.5003266952490493
002843,0,0.5030253878037044
002844,0,0.5005776626554826
002845,0,0.5002882767324028
002846,0,0.5003527405729792
002847,0,0.5000976491175136
002848,0,0.5002567014402168
002849,0,0.500155103872957
002850,0,0.5001427609244301
002852,0,0.5006945314533354
002853,0,0.5001059523763071
002854,0,0.5111059525611074
002855,0,0.5000899995809543
002856,0,0.5010937990545652
002857,0,0.5071210934978329
002858,0,0.501076403932604
002859,0,0.5030967072374255
002860,0,0.5005923221702068
002861,0,0.5006393157606731
002862,0,0.5017292652878912
002863,0,0.5003765417534061
002864,0,0.5001046064825292
002865,0,0.5006885497452043
002866,0,0.5003094768382931
002867,0,0.5047219772140928
002868,0,0.500207141121853
002869,0,0.50042629614359
002870,0,0.500472943991074
002871,0,0.5008691683973029
002872,0,0.500417538661389
002873,0,0.5002578743790083
002874,0,0.5003466914622345
002875,0,0.5039745165572942
002876,0,0.5005128424013137
002877,0,0.5002262698107535
002878,0,0.5017255541443834
002879,0,0.5026815025254656
002880,0,0.5000528562099366
002881,0,0.5012657780688746
002882,0,0.5015810307038755
002883,0,0.5002426118722055
002884,0,0.5018498211822944
002885,0,0.5006836989637854
002886,0,0.5002714322223711
002887,0,0.5018785980175617
002888,0,0.5006401153719977
002889,0,0.5005032022551302
002890,0,0.5001404668083775
002891,0,0.5004915198304306
002892,0,0.5001539033335713
002893,0,0.5004528979439632
002894,0,0.5008492818789223
002895,0,0.5014878143211866
002896,0,0.5015269496255841
002897,0,0.5021637181738632
002898,0,0.5001136983172723
002899,0,0.5002748770869092
002900,0,0.5020692664745038
002901,0,0.5003328996314477
002902,0,0.5000886267019331
002903,0,0.5005361627068144
002904,0,0.5002908098793158
002905,0,0.5002377378761631
002906,0,0.5009178815295723
002907,0,0.5002410314864707
002908,0,0.5019946225521378
002909,0,0.5001562319460289
002910,0,0.5003777579226102
002911,0,0.5021778104969002
002912,0,0.5003323706318618
002913,0,0.5002626347884594
002914,0,0.5004059501133483
002915,0,0.5004681600618556
002916,0,0.5010309839787208
002917,0,0.5002751411787022
002918,0,0.5005578446719398
002919,0,0.500747441781112
002920,0,0.5001212572979918
002921,0,0.500555883059796
002922,0,0.5009763918889055
002923,0,0.5002763823598168
002924,0,0.5003269299652858
002925,0,0.5010889313163324
002926,0,0.5002125918532899
002927,0,0.5007443450067657
002928,0,0.5001394900611109
002929,0,0.5002565290172375
002930,0,0.5003205963394307
002931,0,0.5005192197431109
002932,0,0.5001696128325509
002933,0,0.5003607150741021
002934,0,0.5002058036834804
002935,0,0.5002676119107367
002936,0,0.5002411339676938
002937,0,0.5000723159550604
002938,0,0.5015469296081774
002939,0,0.5001185007639338
002940,0,0.5005497710182177
002941,0,0.5004664092579431
002942,0,0.5015224125153767
002943,0,0.5043899137105957
002944,0,0.5002353942527626
002945,0,0.5006661496929966
002946,0,0.501006346968111
002947,0,0.500302252506501
002948,0,0.5008480167799022
002949,0,0.5002174134380194
002950,0,0.5002100185454491
002951,0,0.5001087302626961
002952,0,0.5002877801470272
002953,0,0.5001478073522644
002954,0,0.5023183159561632
002955,0,0.5017783504990341
002956,0,0.500409897055674
002958,0,0.5001997155233233
002959,0,0.5007956111690985
002960,0,0.5006315924716782
002961,0,0.5000921216675954
002962,0,0.5007192305727979
002963,0,0.5000629879846425
002964,0,0.5001860623358669
002965,0,0.5002013429631231
002966,0,0.5003766748049089
002967,0,0.5001420644955649
002968,0,0.5000344103527236
002969,0,0.5009433420947547
002970,0,0.5027691168576982
002971,0,0.5015048518625649
002972,0,0.500086714468458
002973,0,0.50036073786026
002974,0,0.5003724951891818
002975,0,0.5006904283959456
002976,0,0.5004085126516302
002977,0,0.5004537105563677
002979,0,0.5007521366737215
002980,0,0.5003506359096221
002981,0,0.5001820656088063
002982,0,0.5014613287113993
002983,0,0.5005583478109207
002984,0,0.5001829290424564
002985,0,0.5003150398461348
002986,0,0.5009368336561736
002987,0,0.5008248165318776
002988,0,0.5036852275216495
002989,0,0.5029443603211134
002990,0,0.500838702875168
002991,0,0.5001549142025328
002992,0,0.5001829052902406
002993,0,0.5021772099985546
002994,0,0.5008034768077941
002995,0,0.5003978663074978
002996,0,0.5006198503826951
002997,0,0.5004124333796498
002998,0,0.5002504944667556
002999,0,0.5004164274747219
003000,0,0.5003043395530148
003001,0,0.5004613858737396
003002,0,0.5009063438281366
003003,0,0.500519192855563
003004,0,0.5001407383452052
003005,0,0.5005050749862489
003006,0,0.5001383953217102
003007,0,0.5002997438347417
003008,0,0.5001805430916408
003009,0,0.5017116734950922
003010,0,0.5012549808774379
003011,0,0.5046568058544141
003012,0,0.5008253735453448
003013,0,0.5004676889948239
003014,0,0.5004542201647263
003015,0,0.5006554670182835
003016,0,0.5007972336640416
003017,0,0.5004648121166725
003018,0,0.5000307283428354
003019,0,0.5012118990839606
003020,0,0.5004051562282062
003021,0,0.5003308208614573
003022,0,0.5007200143133718
003023,0,0.500970105695876
003024,0,0.5003876860042114
003025,0,0.5003490265355531
003026,0,0.5001181333360412
003027,0,0.500182490129724
003028,0,0.5016815220580172
003029,0,0.5005510788193896
003030,0,0.5006504786621744
003031,0,0.5004229683049611
003032,0,0.5001252898258838
003033,0,0.5006739562700143
003034,0,0.5004263906505722
003035,0,0.5004197316606495
003036,0,0.5003709768581323
003037,0,0.500849412300382
003038,0,0.5024506162055854
003039,0,0.5001297903156828
003040,0,0.5002019046160171
003041,0,0.5006742280636856
003042,0,0.5000656016733713
003043,0,0.5002910910129647
003044,0,0.5002277161476409
003045,0,0.5027713143218435
003046,0,0.5004751349425909
003047,0,0.5008866441259757
003048,0,0.5000931065425793
003049,0,0.5001374025878602
003050,0,0.5007620134075693
003051,0,0.500542589366131
003052,0,0.5006110203496145
003053,0,0.5020680220156329
003054,0,0.5028328075296143
003055,0,0.5004523442518937
003057,0,0.5002239442796499
003058,0,0.5008596409834527
003059,0,0.5000834264967601
003060,0,0.5006244738041191
003061,0,0.5002221521046952
003062,0,0.500156077721007
003063,0,0.5001752267635445
003064,0,0.5005621998133006
003065,0,0.5017466612027489
003066,0,0.5002201266508655
003067,0,0.5000522086354661
003068,0,0.5009472139743938
003069,0,0.5084597952001733
003070,0,0.5000903905784134
003071,0,0.5005261855323836
003072,0,0.5005751715093073
003073,0,0.5008668732806467
003074,0,0.5002472957550821
003075,0,0.5011613093210003
003076,0,0.500051347349376
003078,0,0.5006903500738308
003079,0,0.5042991514517847
003080,0,0.5015790789340288
003081,0,0.500176476081735
003082,0,0.5002576133422013
003083,0,0.5002392743335983
003084,0,0.5012914363742298
003085,0,0.5002949217692337
003086,0,0.5067710533452998
003087,0,0.5002652357239417
003088,0,0.5037145235221709
003089,0,0.5003336028617417
003090,0,0.5006449373468478
003091,0,0.5002244628142627
003092,0,0.5002130023267187
003093,0,0.5011098966605609
003094,0,0.50033652699158
003095,0,0.5000774599916398
003096,0,0.500620362639511
003097,0,0.5004076790052971
003098,0,0.5002745679431987
003099,0,0.5000372638767584
003100,0,0.5005899965458194
003101,0,0.5004987315592485
003102,0,0.5002105951934994
003103,0,0.5000772818853854
003105,0,0.500663123462923
003106,0,0.5006927818034166
003107,0,0.5004815334639696
003108,0,0.5009023275749592
003110,0,0.5000667995098871
003111,0,0.5005954725329651
003112,0,0.5005987914107021
003113,0,0.5044222105605223
003114,0,0.5000490853396647
003115,0,0.5006164988044436
003116,0,0.501317446524856
003117,0,0.5001854565171798
003118,0,0.5001815161205124
003119,0,0.5080580550118119
003120,0,0.5008487187514665
003121,0,0.500230980704434
003122,0,0.5003759200570943
003123,0,0.5006292215721573
003124,0,0.5001816400681691
003125,0,0.5002036197694578
003126,0,0.5005577888338697
003127,0,0.5017655017043378
003128,0,0.5005997601278421
003129,0,0.5002208901053998
003130,0,0.5009765305653696
003131,0,0.5014668625931279
003132,0,0.5036691851207561
003133,0,0.5000960692123868
003134,0,0.500181390426781
003135,0,0.5012581650869646
003136,0,0.5005145319986616
003137,0,0.5005559054565152
003138,0,0.5002763928262633
003139,0,0.5131027574718975
003140,0,0.5002225956953744
003141,0,0.5017199237006523
003142,0,0.5008561145270474
003143,0,0.504067133476793
003144,0,0.5002023669883082
003145,0,0.5007020031459122
003146,0,0.5009724229647908
003147,0,0.5003655549077827
003148,0,0.5001046265289949
003149,0,0.5005312771391256
003150,0,0.5000779787496973
003151,0,0.5000491723757169
003152,0,0.5005587317317404
003153,0,0.5002971643104861
003154,0,0.5003589542971459
003155,0,0.5016563765386768
003156,0,0.5000647723048129
003157,0,0.500685128755523
003158,0,0.5001900712522014
003159,0,0.5001620283228774
003160,0,0.500485869728815
003161,0,0.5004809000802493
003162,0,0.5004414015784403
003163,0,0.5004046059307747
003164,0,0.5002734044872649
003165,0,0.5011747335847306
003166,0,0.5097478983003247
003167,0,0.5004100661761225
003169,0,0.5003751957579907
003170,0,0.5005042276547698
003171,0,0.500217314196394
003172,0,0.5002866140560231
003173,0,0.5001191579281736
003174,0,0.5004535000061909
003175,0,0.5004765656122616
003176,0,0.5002962664742003
003177,0,0.5002937516559707
003178,0,0.5035747934165083
003179,0,0.5036341037636816
003181,0,0.5002728960272417
003182,0,0.5010508748160912
003183,0,0.5004000876007278
003184,0,0.5015522564847122
003185,0,0.5016556085952939
003186,0,0.5015916509705032
003187,0,0.5005053635897749
003188,0,0.5010847292378927
003189,0,0.5000590744732875
003190,0,0.5016094539129865
003191,0,0.500145180313973
003192,0,0.5003147215353434
003193,0,0.5018309843117413
003194,0,0.5003660057065176
003195,0,0.5003626038008994
003196,0,0.5002663065037691
003197,0,0.5003303119560494
003198,0,0.5002844939441545
003199,0,0.5050658249817164
003200,0,0.500257017132319
003201,0,0.5000454070942489
003202,0,0.5016109499648245
003203,0,0.5002210800977255
003204,0,0.5030027392196975
003205,0,0.5007326367344971
003206,0,0.5003190647849058
003207,0,0.5014813851921945
003208,0,0.5050801613308353
003209,0,0.5001431583384636
003210,0,0.5000859970614053
003211,0,0.5001991768399434
003212,0,0.5003806736712814
003213,0,0.5004194267453904
003214,0,0.5010781020061787
003215,0,0.5021283182476396
003216,0,0.5007078904938439
003217,0,0.5015698170627935
003218,0,0.5002379060430424
003219,0,0.5000695966723858
003220,0,0.5002957563818472
003221,0,0.5006855690722828
003222,0,0.5002528878472199
003223,0,0.5024563699569707
003224,0,0.500739127012213
003225,0,0.500693005032408
003226,0,0.5000759509737606
003227,0,0.5007340007040746
003228,0,0.5026683855311782
003229,0,0.5007017399179327
003230,0,0.5001739526767345
003231,0,0.5001714419722997
003232,0,0.5010123493604162
003233,0,0.5020023347608255
003234,0,0.5007695599069352
003235,0,0.5021430977991989
003236,0,0.5003516826119268
003237,0,0.5003397856793669
003238,0,0.5009094646689761
003239,0,0.5005641966945458
003240,0,0.5049407636951123
003241,0,0.5002392057472218
003242,0,0.5001947295419011
003243,0,0.5003269626611706
003244,0,0.5036096260050148
003245,0,0.5003921133010164
003246,0,0.5037930020359425
003247,0,0.5002781744841232
003248,0,0.50045055937338
003249,0,0.501105181185462
003250,0,0.5013984826235898
003251,0,0.5001710320892157
003252,0,0.5003635471843386
003253,0,0.5006200703393924
003254,0,0.5011273234939008
003255,0,0.500193044160683
003256,0,0.5004116141718696
003257,0,0.5012372292820151
003258,0,0.5041406562090129
003259,0,0.5007242898287582
003260,0,0.5002471473728544
003261,0,0.5004246207348129
003262,0,0.5000678353092843
003263,0,0.5007888808123014
003264,0,0.5013778630825426
003265,0,0.500056839638583
003266,0,0.5010239814219432
003267,0,0.500148716991355
003268,0,0.5060556048594002
003269,0,0.504350551013801
003271,0,0.5002574379357797
003272,0,0.5008925231517976
003273,0,0.5029534221522034
003274,0,0.5011960375374798
003275,0,0.5003012871535295
003276,0,0.500144599160476
003277,0,0.5006175983480604
003278,0,0.500214855699255
003279,0,0.5003135567259551
003280,0,0.5009415494302722
003281,0,0.5007283832463285
003282,0,0.5001928946926066
003283,0,0.5002439329487455
003284,0,0.5008983008911735
003285,0,0.5001184714607082
003286,0,0.5004075931492658
003287,0,0.5002423817377603
003288,0,0.5004187374102762
003289,0,0.5001391370971237
003290,0,0.5002612232935149
003291,0,0.5007908929463131
003292,0,0.5004732101073225
003293,0,0.5003375309188052
003294,0,0.501121133475558
003295,0,0.5010861267750353
003296,0,0.5000921431048054
003297,0,0.502358308361654
003298,0,0.5012654700474989
003299,0,0.5001996374875678
003300,0,0.5005272567621459
003301,0,0.5001143047160078
003302,0,0.5005301422183703
003303,0,0.5004014805350862
003304,0,0.5028789084159727
003305,0,0.5011770594769517
003306,0,0.5006464090234847
003307,0,0.5003968080740367
003308,0,0.5000622112755956
003309,0,0.5004650872202238
003310,0,0.5002220937776978
003311,0,0.50003550862804
003312,0,0.500392658618421
003313,0,0.5012095284412682
003314,0,0.5011449994240315
003315,0,0.5009007613788709
003316,0,0.5000686557487717
003317,0,0.500619309335697
003318,0,0.5005656703901292
003319,0,0.5009405740955901
003320,0,0.5017255175075949
003321,0,0.5002629078684229
003322,0,0.5009742790651072
003323,0,0.5020940662818631
003324,0,0.5018558008972939
003326,0,0.5004767379860456
003327,0,0.5025938108449174
003328,0,0.5000999508715726
003329,0,0.5001472426957454
003330,0,0.5001977211162897
003331,0,0.5001604344740609
003332,0,0.5004789997506724
003333,0,0.5010072033872638
003334,0,0.5007172551583476
003335,0,0.5001281690610094
003336,0,0.5005220835822399
003337,0,0.5000477323136359
003338,0,0.5000402955936502
003339,0,0.5004996631171467
003340,0,0.5007691312567737
003341,0,0.5000275178128047
003342,0,0.5138082220572027
003343,0,0.500287336099842
003344,0,0.5002954880810758
003345,0,0.5003264468700508
003346,0,0.5005138834296993
003347,0,0.5000662763221873
003348,0,0.5013013810385936
003349,0,0.5002233871654926
003350,0,0.5008955088416447
003351,0,0.5005280872653439
003352,0,0.5004553567648609
003353,0,0.5002263771721732
003354,0,0.5003090684937993
003355,0,0.5002893034012996
003356,0,0.5005339211549629
003357,0,0.5000502406001678
003358,0,0.5004820844395783
003359,0,0.5002654582651865
003360,0,0.5001498562246153
003361,0,0.5019344536652088
003362,0,0.5001571212552558
003363,0,0.5010692197560039
003364,0,0.5001187983720093
003365,0,0.5039150356164437
003366,0,0.500068960970669
003367,0,0.5008661674765211
003368,0,0.5010862028535624
003369,0,0.5024008168956767
003370,0,0.5005433869228715
003371,0,0.5004060834513598
003372,0,0.5011294990885943
003373,0,0.5099337981317446
003374,0,0.5003347159538601
003375,0,0.5003161634613655
003376,0,0.5005163634277889
003377,0,0.5010568391110309
003378,0,0.5001438281653101
003379,0,0.5027139183245237
003380,0,0.5000724004672598
003381,0,0.5003667574041136
003382,0,0.5008992665349324
003383,0,0.5021083157992219
003384,0,0.5082098289784247
003385,0,0.500184589133135
003386,0,0.5003220185575499
003387,0,0.5006938317210716
003388,0,0.5001674264899175
003389,0,0.500189494770292
003390,0,0.5007632823260185
003391,0,0.5001029265985888
003392,0,0.501454312442695
003393,0,0.5022121802618725
003394,0,0.5003419882179378
003395,0,0.5003031910805817
003396,0,0.5031317633728477
003397,0,0.5000758229986036
003398,0,0.5001709710056927
003399,0,0.5002584288381877
003400,0,0.5003994642249739
003401,0,0.500219988471797
003402,0,0.5062709523746791
003403,0,0.502560282642433
003404,0,0.500384234530205
003405,0,0.5014311978461923
003406,0,0.5000619937564436
003407,0,0.5014162422097129
003408,0,0.5006892291601052
003409,0,0.5035177969991818
003410,0,0.5011691872734001
003411,0,0.5001286754629275
003412,0,0.5003102522446294
003413,0,0.5030652695629545
003414,0,0.5019489610958523
003415,0,0.5020954932164432
003416,0,0.5001723954795574
003417,0,0.500859908452584
003418,0,0.5007651780935737
003419,0,0.5001099701554861
003421,0,0.5016609244502472
003422,0,0.5049513224249158
003423,0,0.5010410787827866
003424,0,0.5001600736263228
003425,0,0.5001026224171308
003426,0,0.5002380606011887
003427,0,0.5006152331124317
003428,0,0.5001206494918591
003429,0,0.5004055256826034
003430,0,0.5007586514648699
003431,0,0.500180604753132
003432,0,0.5001987142488404
003433,0,0.5014249439421019
003434,0,0.500217049267388
003435,0,0.5010695649326782
003436,0,0.5015626438251316
003437,0,0.5086503495219905
003438,0,0.5006663679774643
003439,0,0.5004829470959251
003440,0,0.5028063272785636
003441,0,0.5001935139851069
003442,0,0.5016203153892651
003443,0,0.5001812573473704
003444,0,0.500394843833732
003445,0,0.50189732808847
003446,0,0.5006665062972171
003447,0,0.5034350425823138
003448,0,0.5004871464829072
003449,0,0.5007037944276138
003450,0,0.5001413403239587
003451,0,0.500139125862037
003452,0,0.5001072149566024
003453,0,0.5001505468596836
003454,0,0.5002674999774133
003455,0,0.5001475726669774
003456,0,0.5001270585120393
003457,0,0.5003207901179536
003458,0,0.5039392856218063
003459,0,0.5002455820875245
003460,0,0.5003730722816773
003461,0,0.5002267939796111
003462,0,0.5010219019028188
003463,0,0.5003182586142778
003464,0,0.5135876095815113
003465,0,0.5002218258278516
003466,0,0.5003908981567918
003467,0,0.5002175348647567
003468,0,0.5003998707816574
003469,0,0.5000536465002312
003470,0,0.5006201592351096
003471,0,0.5000934403630467
003472,0,0.5008447247208263
003473,0,0.5012760665403124
003474,0,0.5001942983668061
003475,0,0.5020282039504356
003476,0,0.5001870343232376
003477,0,0.5001243671097242
003478,0,0.5000454934687942
003479,0,0.5000713142555885
003480,0,0.500297487547168
003481,0,0.500020553355785
003482,0,0.500075729608522
003483,0,0.5149637648161731
003484,0,0.5002211244757641
003485,0,0.5007036077206153
003486,0,0.500159659399192
003487,0,0.5007093137135221
003488,0,0.5010965427742909
003489,0,0.5001412514114075
003490,0,0.5002437219728973
003491,0,0.500384292982724
003492,0,0.5001696499039865
003493,0,0.50109227641536
003494,0,0.5008576202511689
003495,0,0.5006617329787018
003496,0,0.500526721532383
003497,0,0.5024330410771903
003498,0,0.5017883444616771
003499,0,0.5006809266797588
003500,0,0.5015981818890786
003501,0,0.5005389296151163
003502,0,0.5002924340995959
003503,0,0.5000559921284267
003504,0,0.5008766108742696
003505,0,0.5002210834303288
003506,0,0.5006008691438157
003507,0,0.5032570502269703
003508,0,0.5003205576989483
003509,0,0.5016148856393512
003510,0,0.5007686994161064
003511,0,0.5006674351799404
003512,0,0.5010400871656585
003513,0,0.5030084151585207
003514,0,0.5004944232673234
003515,0,0.502524772546331
003516,0,0.500176494730184
003517,0,0.5030089197856483
003518,0,0.5006105180326038
003519,0,0.501032947792416
003520,0,0.5001219749646386
003521,0,0.5004604538888142
003522,0,0.500311357779791
003523,0,0.501705751684072
003524,0,0.513762496319152
003525,0,0.500769533577655
003526,0,0.5000895483995668
003527,0,0.5001342149954129
003528,0,0.5002391892653867
003529,0,0.5000958282445861
003531,0,0.5001348882721336
003532,0,0.5003243865303044
003533,0,0.5003612673808607
003534,0,0.5009079337129994
003535,0,0.5004117889137791
003536,0,0.5003803116000283
003538,0,0.5005916330477596
003539,0,0.5006051925697014
003540,0,0.5022103838179883
003541,0,0.5003871375110456
003542,0,0.5026779152178525
003543,0,0.5001129683030812
003544,0,0.5009866350610634
003545,0,0.5002239773655305
003546,0,0.5012260509502643
003547,0,0.5016404366566185
003548,0,0.502444610524643
003549,0,0.5004470316432387
003550,0,0.5000912440467462
003551,0,0.5002818552830619
003552,0,0.5002726241602397
003553,0,0.5016822472546996
003554,0,0.500062523984926
003555,0,0.5003057254863718
003556,0,0.5004439577705949
003557,0,0.5001256657901679
003558,0,0.5001588277379971
003559,0,0.5016440871195132
003560,0,0.5004387827256984
003561,0,0.5000913354215918
003562,0,0.5001650681067356
003563,0,0.5031817610965735
003564,0,0.5030797608671348
003565,0,0.5033885697996595
003566,0,0.5001939307172794
003567,0,0.5003733085743777
003568,0,0.500165571396517
003569,0,0.5001355977826396
003570,0,0.5007742220569552
003571,0,0.5001435596426542
003572,0,0.500932061581542
003573,0,0.500384347784694
003574,0,0.5004843882995518
003575,0,0.500441877994442
003576,0,0.5014615433282386
003577,0,0.5023892543038946
003578,0,0.5047488369674102
003579,0,0.5002990632743499
003580,0,0.5006269452903156
003581,0,0.5001696710679167
003583,0,0.5003978715044043
003584,0,0.5010346079555327
003585,0,0.5004877634732757
003586,0,0.5036934792993057
003587,0,0.5011112939964083
003588,0,0.5010251017418226
003589,0,0.5019616241171667
003590,0,0.5004111731497909
003591,0,0.5007091656942962
003592,0,0.5002830424609367
003593,0,0.5005513381226304
003594,0,0.5006054560675968
003595,0,0.5016553340293667
003596,0,0.5003924470943412
003597,0,0.5008289998650048
003598,0,0.5141221101771885
003599,0,0.5001572292609788
003600,0,0.5004510920997975
003601,0,0.5005678840518437
003602,0,0.5017566352475806
003603,0,0.5001101280206981
003604,0,0.5006680293177513
003605,0,0.5011328990087788
003606,0,0.5013038619922389
003607,0,0.5003737098882591
003608,0,0.5024054370062128
003609,0,0.5002524083517262
003610,0,0.5009913515114632
003611,0,0.5004169614460875
003612,0,0.5000636803481718
003613,0,0.5002556134245875
003614,0,0.5006605254505495
003615,0,0.5022056021082854
003616,0,0.5017037639767351
003617,0,0.5002603613986802
003618,0,0.500575931504516
003619,0,0.5024691680932223
003620,0,0.5004208347580241
003621,0,0.5009406997972282
003622,0,0.5003907249418895
003623,0,0.5022503261824468
003624,0,0.500163450287181
003625,0,0.5001684966694456
003626,0,0.502586988303197
003627,0,0.5018139488901728
003628,0,0.5015226458523354
003629,0,0.5009076925349492
003630,0,0.5007892736080297
003631,0,0.5012781887796376
003632,0,0.5002900087238671
003633,0,0.500229107099957
003634,0,0.5039848175928592
003635,0,0.5004955739841562
003636,0,0.501400654121584
003637,0,0.5004463287408271
003638,0,0.5012138955488546
003639,0,0.5001135815432306
003640,0,0.5035183735501333
003641,0,0.5006277898238675
003642,0,0.5002742302371612
003643,0,0.5007781025146534
003644,0,0.5007088492907256
003645,0,0.5003007108271155
003646,0,0.5001247933969669
003647,0,0.5001335054657464
003648,0,0.5002473329138503
003649,0,0.5052762562932771
003650,0,0.5004692648530302
003651,0,0.5003089576559527
003652,0,0.5004047705957092
003653,0,0.5006586668044427
003654,0,0.5000614884579104
003655,0,0.5000933142671549
003656,0,0.5009098107000098
003657,0,0.5001218182205046
003658,0,0.5002821195782929
003659,0,0.5007512111040336
003660,0,0.5000902326748612
003661,0,0.5001616534428506
003662,0,0.5003987048823918
003663,0,0.5040556306192621
003664,0,0.5002909665526494
003665,0,0.500417018195108
003666,0,0.5009213685033039
003667,0,0.5001545061066685
003668,0,0.5001985984402787
003669,0,0.5012946929871231
003670,0,0.5048069301292956
003671,0,0.5007006495221393
003672,0,0.5001942246518427
003673,0,0.5004133586209022
003674,0,0.5001924590415586
003675,0,0.5005813562368774
003676,0,0.500356615835224
003677,0,0.5010550015562323
003678,0,0.5008029836317294
003679,0,0.5000341313379012
003680,0,0.5009747512389396
003681,0,0.5010182496097584
003682,0,0.5007611020175017
003683,0,0.5002688241150776
003684,0,0.5138140169944261
003685,0,0.5003299406308302
003686,0,0.5005665805668903
003687,0,0.5004765923387109
003688,0,0.5007535912137971
003689,0,0.5019826101921181
003690,0,0.5003062603969488
003691,0,0.5006258103300051
003692,0,0.5012753286925659
003693,0,0.5002228447607392
003694,0,0.500927719048314
003695,0,0.5008645151377357
003696,0,0.5005010372845247
003697,0,0.5009946917675323
003698,0,0.5001780471811447
003699,0,0.5003267213515694
003700,0,0.5042173598219926
003701,0,0.5002496859652601
003702,0,0.501072430863648
003703,0,0.5727193348611158
003704,0,0.5231796810183824
003705,0,0.5015253827176018
003706,0,0.5027805817309194
003707,0,0.5006860581895076
003708,0,0.5159595186686784
003709,0,0.5001323361100195
003710,0,0.5013498710982427
003711,0,0.5000627895245172
003712,0,0.5001802834255868
003713,0,0.5000373001647286
003714,0,0.5001322156170543
003715,0,0.5004861402316009
003716,0,0.5004010165437752
003717,0,0.5069914887222557
003718,0,0.5001351581108024
003719,0,0.5004906912647493
003720,0,0.5004960290242954
003721,0,0.5003445508377667
003722,0,0.5002387168123151
003723,0,0.5003457919461747
003724,0,0.5006846662224339
003725,0,0.5007122315525211
003726,0,0.5012718124864115
003727,0,0.500220715547731
003728,0,0.5063917139641732
003729,0,0.5003408389592513
003730,0,0.5002111805377425
003731,0,0.5011994070416123
003732,0,0.5001930521087818
003733,0,0.5001831860041663
003734,0,0.5002310618007785
003735,0,0.5002564214577233
003736,0,0.5003822615865267
003737,0,0.5011270605952055
003738,0,0.5002914045628345
003739,0,0.5009826248094841
003740,0,0.500440194963663
003741,0,0.500109202880781
003742,0,0.5001271673403253
003743,0,0.5009391377830519
003744,0,0.5001833492256388
003745,0,0.5001612615160416
003746,0,0.5004828421086659
003747,0,0.5000713136858206
003748,0,0.50060780390417
003749,0,0.5005137303916305
003750,0,0.5006036901334053
003751,0,0.500315952801212
003752,0,0.5007438261816178
003753,0,0.5001279426220911
003754,0,0.5003151136210837
003755,0,0.500309805365622
003756,0,0.5001953315009544
003757,0,0.5009382601991393
003758,0,0.5019216119400954
003759,0,0.5001600397029395
003760,0,0.5000905185279049
003761,0,0.50227364693649
003762,0,0.5015497814482203
003763,0,0.5013187906299225
003764,0,0.5004347862812754
003765,0,0.5003331004400557
003766,0,0.5001666881291418
003767,0,0.5024443835956408
003768,0,0.501192085309214
003769,0,0.5001562676238811
003770,0,0.5043582871404435
003771,0,0.5039594982010001
003772,0,0.5044784965655856
003773,0,0.5001450179195578
003774,0,0.5034014828902323
003775,0,0.5002373563175444
003776,0,0.501005868048987
003777,0,0.500602276627515
003778,0,0.5030602852276217
003779,0,0.5002750901616659
003780,0,0.500407956146474
003781,0,0.5006118405815131
003782,0,0.5008630698289133
003783,0,0.5010339891055567
003784,0,0.5001900491115544
003785,0,0.5000398934289825
003786,0,0.5003811418068463
003787,0,0.5032535973806713
003788,0,0.5008378164414544
003789,0,0.5006584496290761
003790,0,0.5002589664423117
003791,0,0.5001184424636084
003792,0,0.5001469337262232
003793,0,0.5003913176419891
003794,0,0.5002182720593765
003795,0,0.5006073357396021
003796,0,0.5005847947152692
003797,0,0.5007397355760653
003798,0,0.502747219142064
003799,0,0.5001451058092564
003800,0,0.501836138279793
003801,0,0.500728143079865
003802,0,0.5003522395710772
003803,0,0.5000542953037868
003804,0,0.5009477826946902
003805,0,0.5002212908013883
003806,0,0.5006902709812252
003807,0,0.5008399294999005
003808,0,0.5000820960733878
003809,0,0.5002997709338143
003810,0,0.500364350372768
003811,0,0.5005174702850492
003812,0,0.5008365863690729
003813,0,0.5055753385473744
003814,0,0.5011158002375004
003815,0,0.5031543941184867
003816,0,0.5002516437738624
003817,0,0.5002314882353582
003818,0,0.5003423469852466
003819,0,0.5006196725546743
003820,0,0.5002523095787308
003821,0,0.5004911671392465
003822,0,0.5003399666162545
003823,0,0.500558914043059
003824,0,0.5017374080123777
003825,0,0.5002386537270259
003826,0,0.500576660972048
003827,0,0.5008858683389623
003828,0,0.5012174391732406
003829,0,0.5010326453085596
003830,0,0.50005727645323
003831,0,0.5006822796539937
003832,0,0.5000840987878662
003833,0,0.5005265919876959
003834,0,0.5007482393573743
003835,0,0.5007992029132985
003836,0,0.5003355782625356
003837,0,0.5028666947348013
003838,0,0.5010622353044611
003839,0,0.5018201036664539
003840,0,0.5004571604982595
003841,0,0.500788098378903
003842,0,0.5006633511372379
003843,0,0.5002042140818187
003844,0,0.5002548438856198
003845,0,0.5015975259421298
003846,0,0.5014731104047453
003847,0,0.5002593691115419
003848,0,0.5007208691004976
003849,0,0.5002584736829011
003850,0,0.5001843990394778
003851,0,0.5006835925318203
003852,0,0.5008944096249065
003853,0,0.5020920376782089
003854,0,0.5001773881816276
003855,0,0.5002310974542579
003856,0,0.5029845632988303
003857,0,0.5022269350500814
003858,0,0.5015774195189794
003859,0,0.5019003014888805
003860,0,0.5001142855176758
003861,0,0.5022561172153489
003862,0,0.5010552097377676
003863,0,0.5008575799328178
003864,0,0.5027117411525089
003865,0,0.5000778271601323
003866,0,0.5000903004500421
003867,0,0.5002827745070579
003868,0,0.5037896063395778
003869,0,0.5021169740769426
003870,0,0.5008592236770285
003871,0,0.5068773749651588
003872,0,0.5003965527369097
003873,0,0.5005431763180173
003874,0,0.5011571378146513
003875,0,0.5000257340230199
003876,0,0.5002592266797418
003877,0,0.5001700536520002
003878,0,0.5004763599262694
003879,0,0.5010484769255619
003880,0,0.5002429192425196
003881,0,0.5009434813324687
003882,0,0.5015927714845836
003883,0,0.5006166511034896
003884,0,0.5005719725917465
003885,0,0.5007540288171834
003886,0,0.500207409152937
003887,0,0.5008796357084676
003888,0,0.5017526756655827
003889,0,0.5002924595094677
003890,0,0.5001966374883259
003891,0,0.5000367869812136
003892,0,0.5000893754921908
003893,0,0.5005319908976902
003894,0,0.5010729567700456
003895,0,0.5021308571391025
003896,0,0.5005177815891197
003897,0,0.5000310430278812
003898,0,0.5001795306416595
003899,0,0.5003734825215974
003900,0,0.5003846808229376
003901,0,0.5008408314796389
003902,0,0.5009791090441542
003903,0,0.5004390339797612
003904,0,0.5006331898333765
003905,0,0.5013697263976362
003906,0,0.5004528892911686
003907,0,0.500787745610539
003908,0,0.5005249460669369
003909,0,0.5006677874185903
003910,0,0.5004550677863961
003911,0,0.5013313627874741
003912,0,0.5006128358076016
003913,0,0.5007647199427699
003914,0,0.5022140057497338
003915,0,0.5023040128917216
003916,0,0.5000218135592526
003917,0,0.5000986788144229
003918,0,0.5002311019257114
003919,0,0.5018059713211789
003920,0,0.5005559393151856
003921,0,0.5055506122851584
003922,0,0.5005446452429024
003923,0,0.5011266652318372
003924,0,0.5012062046172239
003925,0,0.5002438013370772
003926,0,0.5020782581439451
003927,0,0.5001079335557032
003928,0,0.501364105835459
003929,0,0.5002260842320468
003930,0,0.5025478390662839
003931,0,0.5003838096809453
003932,0,0.5001703531334815
003933,0,0.5005141017305239
003934,0,0.5006857545895309
003936,0,0.5003310026631845
003937,0,0.5008353947854359
003938,0,0.5029352705676071
003939,0,0.5000949929460997
003940,0,0.5003783382899467
003941,0,0.5137616212370957
003942,0,0.5003536771021625
003943,0,0.5010891291378505
003944,0,0.502320923372264
003945,0,0.5003374561513948
003946,0,0.5004596841895375
003947,0,0.5046584040151425
003948,0,0.5007578411181037
003949,0,0.5001688973076974
003950,0,0.5017211127424055
003951,0,0.5046464825850118
003952,0,0.5010651160773125
003953,0,0.5000755349645892
003954,0,0.5008616435124241
003955,0,0.50299013834411
003956,0,0.5005493724602578
003957,0,0.5018362149891257
003958,0,0.5001730114588019
003960,0,0.5001285619531606
003961,0,0.500189825158077
003962,0,0.5044390121159582
003963,0,0.5002906227539436
003964,0,0.5007170786481312
003965,0,0.5000560953362769
003966,0,0.5017944523771027
003967,0,0.5007417118092308
003968,0,0.5028836245280692
003969,0,0.5003349842987888
003970,0,0.5006021970148758
003971,0,0.5002475859268342
003972,0,0.5004285537518067
003973,0,0.5001647901749933
003975,0,0.5002171176201433
003976,0,0.5012486693859957
003977,0,0.5000584268325908
003978,0,0.5013323974545232
003979,0,0.5010384424052625
003980,0,0.5002772165519883
003981,0,0.5000695016291057
003982,0,0.500220348468442
003983,0,0.5045640449891854
003984,0,0.5001137558899059
003985,0,0.5001081913218122
003986,0,0.5002442858749584
003987,0,0.5004294470023716
003988,0,0.5001147991818659
003989,0,0.5003703060063158
003990,0,0.5007394243661693
003991,0,0.5012051217963674
003992,0,0.5010932671799889
003993,0,0.5012279436295418
003994,0,0.501211168445239
003995,0,0.5001038203756835
003996,0,0.5015453738101627
003997,0,0.5010293493960406
003998,0,0.5000574266775144
003999,0,0.5004492197023935
004000,0,0.5003826552917708
004001,0,0.5005621847324864
004002,0,0.500069175538389
004003,0,0.5023180353446227
004004,0,0.5005133645695338
004005,0,0.5009055569943272
004006,0,0.5007839460134557
004007,0,0.500759519769508
004008,0,0.5032690261130166
004009,0,0.5004757989554245
004010,0,0.5003996896409412
004011,0,0.5014998697087236
004012,0,0.5012556876298325
004013,0,0.5006283146401131
004014,0,0.500655049187732
004015,0,0.5041811683341683
004016,0,0.501315962055684
004017,0,0.5010493425933302
004018,0,0.5018465446492213
004019,0,0.5003817278343021
004021,0,0.5003346976313445
004022,0,0.500987758317583
004023,0,0.5007951752411757
004024,0,0.5000913516066161
004025,0,0.5024014810658419
004026,0,0.500634093018527
004027,0,0.5003763866025603
004028,0,0.5002110246218083
004029,0,0.5024258291565479
004030,0,0.5005022382777152
004031,0,0.5003641614794596
004032,0,0.5004749266325547
004033,0,0.5007415513525845
004034,0,0.5002210635555133
004035,0,0.5010467865342509
004036,0,0.5001394435969859
004037,0,0.5001719950655226
004038,0,0.5001681901576566
004039,0,0.5002082738125085
004040,0,0.5007112150008503
004041,0,0.5003162033787114
004042,0,0.5003014324594055
004043,0,0.5000966614268276
004044,0,0.5009802454380496
004045,0,0.5007256574793363
004046,0,0.5010538857398352
004047,0,0.5018596873056878
004048,0,0.5003311066211454
004049,0,0.5000997884750313
004050,0,0.5019324232238522
004051,0,0.5001667301465813
004052,0,0.5004527020575457
004053,0,0.500051659724767
004054,0,0.5007079210035575
004055,0,0.5004980909748549
004056,0,0.501052941965705
004057,0,0.5002956885271741
004058,0,0.5002059317680437
004059,0,0.5003805920772105
004060,0,0.5001800675130036
004061,0,0.5001260270767606
004062,0,0.5003020103698305
004063,0,0.5012923038565663
004064,0,0.5002089543340735
004065,0,0.5002621201537129
004066,0,0.5014614618129135
004067,0,0.5005139849963719
004068,0,0.5012337543568218
004069,0,0.5006931303361413
004070,0,0.5004282553942303
004071,0,0.5003130688979832
004072,0,0.5002824021560165
004073,0,0.5063756318504324
004074,0,0.5005233328528754
004075,0,0.5001544715953461
004076,0,0.5058713089060823
004077,0,0.5002943873892614
004078,0,0.500325267514596
004079,0,0.5003987452562901
004080,0,0.5005991529626601
004081,0,0.5026088799047759
004082,0,0.5016386120541603
004083,0,0.5000776454108197
004084,0,0.5014525616282448
004085,0,0.5000673992349671
004086,0,0.5001358736624906
004088,0,0.5004707779582479
004089,0,0.5000826847811494
004090,0,0.50068475865843
004091,0,0.5000645056394045
004092,0,0.5043637219890587
004093,0,0.5042232043106435
004094,0,0.5004700576323114
004095,0,0.5019997722974712
004096,0,0.5000624735271931
004097,0,0.5000768747308432
004098,0,0.5003622414497046
004099,0,0.500430339952826
004100,0,0.5002145498805718
004101,0,0.5007643346291698
004102,0,0.5001179226203898
004103,0,0.5013740618924409
004104,0,0.5006808646168119
004105,0,0.5098585095869542
004106,0,0.5012623086586886
004107,0,0.5005549801118248
004108,0,0.5003085748828622
004109,0,0.5042244892903335
004110,0,0.50018193969827
004111,0,0.5000860280823252
004112,0,0.5721070620701105
004113,0,0.500522493570748
004114,0,0.5012705887931227
004115,0,0.5005110879211071
004116,0,0.5000325263767709
004117,0,0.5003622631924491
004118,0,0.5011903311087539
004119,0,0.5015605351685476
004120,0,0.5010990647405151
004121,0,0.501225156687072
004122,0,0.5000622785856774
004123,0,0.5003894998805136
004124,0,0.5026703387803112
004125,0,0.5004521573737202
004126,0,0.5010354546566698
004127,0,0.5022382714112523
004128,0,0.5004098976113749
004129,0,0.5002739831487819
004130,0,0.5001861409878262
004131,0,0.5004177117403771
004132,0,0.5002528844898689
004133,0,0.5004677080007162
004134,0,0.5000662942118437
004135,0,0.500155425533347
004136,0,0.5007015124933162
004137,0,0.5003833096622924
004138,0,0.5005814172846424
004139,0,0.5001425595651298
004140,0,0.5007133983976813
004141,0,0.5009051681892541
004142,0,0.50494084736474
004143,0,0.5001757417525762
004144,0,0.5023842487393482
004145,0,0.501275958307889
004146,0,0.5025104926972335
004147,0,0.5004211890734305
004148,0,0.5014909546670676
004149,0,0.500593894880566
004150,0,0.5019764502999773
004151,0,0.500114745393594
004152,0,0.5004225420653595
004153,0,0.5010160938777867
004154,0,0.500887420588889
004155,0,0.5009550273614403
004156,0,0.5001378787925276
004157,0,0.5026947657015338
004158,0,0.5004406820059786
004159,0,0.5004403574339047
004160,0,0.5202812301790057
004161,0,0.5010449502526907
004162,0,0.5012389940984927
004163,0,0.5020414486262428
004164,0,0.5010246219933276
004165,0,0.5014547343218821
004166,0,0.5000840805360101
004167,0,0.5013121605756579
004168,0,0.5010725041319947
004169,0,0.5024932233291353
004170,0,0.5004356365694638
004171,0,0.5002448950739026
004172,0,0.5010855204786714
004173,0,0.5047480393515357
004174,0,0.5001708300431625
004175,0,0.5013564444477921
004176,0,0.500457073821704
004177,0,0.5002124964331461
004178,0,0.5003981360375762
004179,0,0.5001934883551972
004180,0,0.5009314245307847
004181,0,0.502094133315692
004182,0,0.5000767704756581
004183,0,0.5001622582067418
004184,0,0.5002136021335789
004185,0,0.5014090061916573
004186,0,0.5001620056795557
004187,0,0.5013269192784885
004188,0,0.5004553713412794
004190,0,0.5002980753756523
004191,0,0.5011748281114021
004192,0,0.5011090362396107
004193,0,0.5018211239313293
004194,0,0.5004576880004441
004195,0,0.500489891655979
004196,0,0.5006803406231753
004197,0,0.5003518274995384
004198,0,0.5002010158101347
004199,0,0.5009553912021326
004200,0,0.5006034413978043
004201,0,0.5001239762528213
004202,0,0.5030503214644727
004203,0,0.5006838416453523
004204,0,0.5003308787438258
004205,0,0.5042902647238187
004206,0,0.5015684838827729
004207,0,0.5002549625228848
004208,0,0.5001473291491956
004209,0,0.50113585141379
004210,0,0.5006446650204656
004211,0,0.5013015550933654
004212,0,0.5008962870508707
004213,0,0.5001012418271581
004214,0,0.500813731556489
004215,0,0.5006330187816621
004216,0,0.5008653815176433
004217,0,0.5011149487806842
004218,0,0.5000929449301694
004219,0,0.5004573539185132
004220,0,0.5001470590171389
004221,0,0.5011630945459902
004222,0,0.5005486552436791
004223,0,0.5001450824286717
004224,0,0.500963382957898
004225,0,0.5005070788216933
004226,0,0.5008183187944963
004227,0,0.5006698694769384
004228,0,0.5034444394036517
004229,0,0.5032590618849042
004230,0,0.5016332419089671
004231,0,0.5003446782931524
004232,0,0.5001153806552365
004233,0,0.5020050442098636
004234,0,0.5013073467527298
004235,0,0.5001243888146427
004236,0,0.5011887341913649
004237,0,0.5002606551732349
004238,0,0.5002373855944315
004239,0,0.500948450997549
004240,0,0.5000973937855048
004241,0,0.5002214308942191
004242,0,0.5002917131627638
004243,0,0.5001128171510278
004244,0,0.5013176294344786
004245,0,0.5000364673329499
004246,0,0.5001478021090642
004247,0,0.5012095624812932
004248,0,0.5001246952101073
004249,0,0.5005446428087083
004250,0,0.5001139353449575
004251,0,0.511062891192915
004252,0,0.5005844001651346
004253,0,0.5004311637209871
004254,0,0.5001545543382238
004255,0,0.5003901614587782
004256,0,0.5002489438455122
004257,0,0.5000597848252802
004258,0,0.5004582059166467
004259,0,0.500141378957143
004260,0,0.5003623644155841
004261,0,0.5005981825742906
004262,0,0.5004083381154956
004263,0,0.500684387944488
004264,0,0.5016491688839246
004265,0,0.5004300109117356
004266,0,0.5000968547971351
004267,0,0.5000637010479925
004268,0,0.5035874828881586
004269,0,0.5016088363035427
004270,0,0.5015447230876799
004271,0,0.5002922283538774
004272,0,0.5015884451798412
004273,0,0.5006659953683112
004274,0,0.5002259496601835
004275,0,0.5007438651910341
004276,0,0.500579307870865
004277,0,0.5007646484094694
004278,0,0.5003331915355201
004279,0,0.5050250721500479
004280,0,0.5002524092921229
004281,0,0.5017158019343763
004282,0,0.5010776851758447
004283,0,0.5017655816291773
004284,0,0.5004271301832796
004285,0,0.5026979780015564
004286,0,0.500271718640989
004287,0,0.5003403549701595
004288,0,0.5006869221535425
004289,0,0.5001295060259828
004290,0,0.5003003634869124
004291,0,0.5002830345329141
004292,0,0.5007516250008102
004293,0,0.5003830288137241
004294,0,0.5012638525961556
004295,0,0.5010768771353953
004296,0,0.5013601487222332
004297,0,0.5013118816315449
004298,0,0.5005506826231692
004299,0,0.501536641705046
004300,0,0.5001275598229191
004302,0,0.5002131857754206
004303,0,0.5044535265882261
004304,0,0.5015917220561543
004305,0,0.5001807301203085
004306,0,0.5017290515536472
004307,0,0.5005859817398657
004308,0,0.5001759713607206
004309,0,0.5004425943872238
004310,0,0.5006016164569496
004311,0,0.5000232722012398
004312,0,0.5000656469145484
004313,0,0.5000455675147029
004314,0,0.5002951809616711
004315,0,0.5025310608721126
004316,0,0.5001188215681127
004317,0,0.5006378583625436
004318,0,0.500295919663779
004319,0,0.5004890581548856
004320,0,0.500681840704059
004321,0,0.5010079256515187
004322,0,0.5018443954811638
004323,0,0.5004291371210734
004324,0,0.5001021547981972
004325,0,0.5018911548277736
004326,0,0.5001773229552677
004327,0,0.5003310436244307
004328,0,0.5001195872917881
004329,0,0.5003750277546593
004330,0,0.5006925023035389
004331,0,0.5019313728268876
004332,0,0.5007364734379691
004333,0,0.5001243480730815
004334,0,0.5006501402402742
004335,0,0.5001047201321229
004336,0,0.5003893906814986
004337,0,0.5007380218154083
004338,0,0.5024171133483725
004339,0,0.5000235892860933
004340,0,0.5007045023033023
004342,0,0.5008864434702271
004343,0,0.5022378453381269
004344,0,0.500150401652096
004345,0,0.5003065691206032
004346,0,0.5001244885442738
004347,0,0.5002410648476256
004348,0,0.5003843503005463
004349,0,0.5000663669554618
004350,0,0.5032673417468989
004351,0,0.5001886177733162
004352,0,0.5001039577260434
004353,0,0.5004417269323485
004354,0,0.5000960455245672
004355,0,0.5002393489734072
004356,0,0.5004267185270526
004357,0,0.5003152816565146
004358,0,0.5014003544640315
004359,0,0.5002027831538385
004360,0,0.5009031155956835
004361,0,0.5002649049014345
004362,0,0.5013386195544587
004363,0,0.5003786712304894
004364,0,0.5001170040910742
004365,0,0.5002370944038845
004366,0,0.5000641870701165
004367,0,0.5006650328252642
004368,0,0.5136731596515185
004369,0,0.5005800752094814
004370,0,0.5003991584042135
004371,0,0.5003367503357257
004372,0,0.5001678555179434
004373,0,0.5003781878741862
004374,0,0.5003759834891444
004375,0,0.5007592757624784
004376,0,0.5004498109938205
004377,0,0.5002173880896246
004378,0,0.5001713395017899
004379,0,0.5000542900698504
004380,0,0.5016440864025411
004381,0,0.5006658161845176
004382,0,0.5007309403237835
004383,0,0.5001710724635207
004384,0,0.5006248541674541
004385,0,0.5003662158354311
004386,0,0.5012510608867787
004387,0,0.5004837285952735
004388,0,0.5000581305513142
004389,0,0.5005825389766856
004390,0,0.5000899618930151
004391,0,0.5008079247208923
004392,0,0.5003380878724938
004393,0,0.5012440290968593
004394,0,0.5040644088796993
004395,0,0.5032237369714062
004396,0,0.5003575571044101
004397,0,0.5001378228089155
004398,0,0.5002999102403275
004399,0,0.5001570191185318
004400,0,0.5010730974157288
004401,0,0.5002071278448843
004402,0,0.5002538855105736
004403,0,0.5097185678357445
004404,0,0.5000973056626776
004405,0,0.501132683098237
004406,0,0.5058980399166535
004407,0,0.5000528975712756
004408,0,0.5001648594268131
004409,0,0.5005755253064609
004410,0,0.5004084260057394
004411,0,0.5010565833040546
004412,0,0.5034154875137559
004413,0,0.5005341606155158
004414,0,0.5003093515724483
004415,0,0.5001108708662519
004416,0,0.5008679438046726
004417,0,0.5001246909234325
004418,0,0.5005835003179747
004419,0,0.5010309807691881
004420,0,0.5065788391300985
004421,0,0.5006486345368082
004422,0,0.5002898346975939
004423,0,0.5010916970724261
004424,0,0.50139900797181
004425,0,0.5036697632977
004426,0,0.5001236248566224
004427,0,0.5008955725253019
004428,0,0.5017334728904096
004429,0,0.5004528214248161
004430,0,0.50063044478705
004431,0,0.5026263707023947
004432,0,0.5010447641937334
004433,0,0.5005534720705452
004434,0,0.5001462411139801
004435,0,0.5022911722213491
004436,0,0.5001040044571639
004437,0,0.5009677962334309
004438,0,0.5008080931465306
004439,0,0.50032943415326
004440,0,0.5024044712531008
004441,0,0.5005224979931672
004442,0,0.5002082402407672
004443,0,0.5005879263590857
004444,0,0.5008196661820841
004445,0,0.5006340157330004
004446,0,0.5003004505920795
004447,0,0.5007095187542181
004448,0,0.5015894594535177
004449,0,0.5006876427614405
004450,0,0.5006056748135257
004451,0,0.5000398748984464
004452,0,0.5013096999482968
004453,0,0.5002641222184656
004454,0,0.5003046630391723
004455,0,0.5054675510218664
004457,0,0.5000834889710379
004458,0,0.5006456054062255
004459,0,0.5001287709077913
004460,0,0.500867661453684
004461,0,0.5003627572019103
004462,0,0.5001833791391253
004463,0,0.5008117088249816
004464,0,0.5007774894211664
004465,0,0.5003051778122104
004466,0,0.5002089523251441
004467,0,0.5003814524408757
004468,0,0.5022076790454861
004469,0,0.5005767078848031
004470,0,0.5001589757604733
004471,0,0.5006261291232067
004472,0,0.5003018972064176
004473,0,0.5007760749067791
004474,0,0.500143132453247
004475,0,0.5004728784199035
004476,0,0.5003695490672567
004477,0,0.5001305534471517
004478,0,0.500562361124411
004479,0,0.5004814839879335
004480,0,0.5006885870434675
004481,0,0.5004510452581501
004482,0,0.5002733932638858
004483,0,0.5011553747187495
004484,0,0.5003705046349511
004485,0,0.5001209528760522
004486,0,0.5067825582430402
004487,0,0.5002593261160299
004488,0,0.5002514082746506
004489,0,0.5002291289106603
004490,0,0.5005409286169739
004491,0,0.5002361892896329
004492,0,0.5053110754956058
004493,0,0.5019741485848835
004494,0,0.5006865274782062
004495,0,0.5000201838970342
004496,0,0.5006824703082735
004497,0,0.5004756979160024
004498,0,0.5002874458097198
004499,0,0.5008107645480663
004500,0,0.5007597798436325
004502,0,0.5000470713920568
004503,0,0.5006787513861795
004504,0,0.5005165001979223
004505,0,0.5009947470388382
004507,0,0.500196138815866
004508,0,0.5006533490637162
004509,0,0.5007782704863529
004510,0,0.5013866266367493
004511,0,0.501003731591487
004512,0,0.5020886966893646
004513,0,0.5029541622011843
004514,0,0.5000896984758995
004515,0,0.5189651697199464
004516,0,0.5028017666734552
004517,0,0.5001556069670745
004518,0,0.5000484201233274
004519,0,0.5004859194344851
004520,0,0.5004671759832211
004521,0,0.5000708491149258
004522,0,0.500718805249028
004523,0,0.5016011628346561
004524,0,0.5002163157880708
004525,0,0.5008456892217984
004526,0,0.5012608804662648
004527,0,0.5068776674295049
004528,0,0.5002635943191414
004529,0,0.5005459119621395
004530,0,0.5018269966620875
004531,0,0.5000377320091549
004532,0,0.5021332269498999
004533,0,0.5006842387543076
004534,0,0.5009844189519468
004535,0,0.5009017624984379
004536,0,0.5015236434860374
004537,0,0.5001704217853252
004538,0,0.500555362145597
004539,0,0.5002107539969669
004540,0,0.5016087139826263
004541,0,0.501172462685008
004542,0,0.500094989367602
004543,0,0.5005318169813736
004544,0,0.5003517259540516
004545,0,0.500542014587675
004546,0,0.5001502731428125
004547,0,0.5005370360251455
004548,0,0.500666439659207
004549,0,0.5004211855853532
004550,0,0.5054582050963603
004551,0,0.5001737440786663
004552,0,0.5028104851435279
004553,0,0.5007185154760212
004554,0,0.5003657423539458
004555,0,0.501944062500517
004557,0,0.5008953515800354
004558,0,0.500774097234828
004559,0,0.5005005302204419
004560,0,0.5005314637634058
004561,0,0.5076851106472258
004562,0,0.5013800335305977
004563,0,0.5041047113924293
004564,0,0.5001641709013543
004565,0,0.50388249461373
004566,0,0.503220399599301
004567,0,0.5025619873324896
004568,0,0.5035438838052552
004569,0,0.5003209273278904
004570,0,0.5002215807226689
004571,0,0.500295587039076
004572,0,0.5003162833357396
004573,0,0.5000974484171158
004574,0,0.5000876106015426
004575,0,0.5002768456998818
004576,0,0.5001561125111256
004577,0,0.5003418341233181
004578,0,0.5008591239872671
004579,0,0.5004722980480719
004580,0,0.5033395491458759
004581,0,0.5006994971580457
004582,0,0.5004046680158054
004583,0,0.5007201517959713
004584,0,0.5001626869258091
004585,0,0.5000866948775251
004586,0,0.5011971215339734
004587,0,0.5004107252396647
004588,0,0.5010056961441464
004589,0,0.5003183007920733
004590,0,0.5002611541611033
004591,0,0.5001159146018939
004592,0,0.5000097721106238
004593,0,0.5002014887972875
004594,0,0.5006834626841494
004595,0,0.5004030963203805
004596,0,0.5017947894767486
004597,0,0.5076262926648203
004598,0,0.5003673570314063
004599,0,0.5008044050539875
004601,0,0.5005110151791267
004602,0,0.5005065267804744
004603,0,0.5002646798035157
004604,0,0.5025480416423352
004605,0,0.5004603017721948
004606,0,0.5033927093450961
004607,0,0.572042428566133
004608,0,0.5034170257110503
004609,0,0.5000922957496059
004610,0,0.5004877176216133
004611,0,0.5029458923781664
004612,0,0.5001634893611187
004613,0,0.511440811804033
004614,0,0.5026026374780717
004615,0,0.5006368785533453
004616,0,0.502668340494518
004617,0,0.500498939661397
004618,0,0.5012935473343797
004619,0,0.5001633022135068
004620,0,0.500888548156093
004621,0,0.5003844039624123
004622,0,0.5005032467660794
004623,0,0.5003065652900639
004624,0,0.5005817760789205
004625,0,0.5001089617649699
004626,0,0.5005189936807912
004627,0,0.5005967073622697
004628,0,0.5006480720332624
004629,0,0.5006339833631515
004630,0,0.5012938990307669
004631,0,0.5013615950015881
004632,0,0.5003342519868409
004633,0,0.5005137996601291
004634,0,0.5013854385952206
004635,0,0.5021595787274743
004636,0,0.5001237321098555
004637,0,0.5001949554447166
004638,0,0.5000262562173357
004639,0,0.5004911354449356
004640,0,0.5002845358125602
004641,0,0.5009651647771569
004642,0,0.5001617505278028
004643,0,0.5002632580833868
004644,0,0.5006910818519393
004645,0,0.5014940510035867
004646,0,0.5014713872136617
004647,0,0.5002048149822044
004648,0,0.50155287799105
004649,0,0.500775423076816
004650,0,0.5000766349467185
004651,0,0.5004264000655027
004652,0,0.5006241974415374
004653,0,0.5015351870323251
004654,0,0.500102483263059
004655,0,0.5001422563562717
004656,0,0.5001056886268994
004657,0,0.5007581983037209
004658,0,0.5005459520994977
004659,0,0.500481136401284
004660,0,0.500920477727111
004661,0,0.5021643767080937
004662,0,0.5009000659396426
004663,0,0.5006323069499831
004664,0,0.5028653971516018
004665,0,0.5001095365315203
004666,0,0.5001025364122128
004667,0,0.5002459717971507
004668,0,0.5001036135728218
004669,0,0.5001401944260904
004670,0,0.5007564883266737
004671,0,0.5001538235521963
004672,0,0.5137547472019636
004673,0,0.5014496245727335
004674,0,0.5005137584635077
004675,0,0.50118812961568
004676,0,0.501009573573198
004677,0,0.5024844349702781
004678,0,0.5001854101371076
004679,0,0.501593568162416
004680,0,0.5015578812322146
004681,0,0.5011007095963985
004682,0,0.5002749776920766
004683,0,0.5013058792282938
004684,0,0.5004165577984308
004685,0,0.501877036432053
004686,0,0.5002021121262377
004687,0,0.5005327705989387
004688,0,0.5006179643456675
004689,0,0.5001999515448098
004690,0,0.5032001683516171
004691,0,0.5032203564994807
004692,0,0.5039442808401406
004693,0,0.5001814503819807
004694,0,0.5006856720688637
004695,0,0.5000225395098344
004696,0,0.5009135740587073
004697,0,0.5018580906527272
004698,0,0.5001337473757896
004699,0,0.500453045737482
004700,0,0.5046399012626903
004701,0,0.5002484140623916
004702,0,0.5004190175863324
004703,0,0.5010617837928882
004704,0,0.5016524880017851
004705,0,0.5024168834957665
004706,0,0.5002014894781509
004707,0,0.5006991362546352
004708,0,0.5013276345925982
004709,0,0.5012390381906859
004710,0,0.5000540257020908
004711,0,0.5004390389418606
004712,0,0.5009019237437964
004713,0,0.5003457306912827
004714,0,0.5009603861785142
004715,0,0.5001592604890321
004716,0,0.5004117072374106
004717,0,0.5000961870021353
004718,0,0.5004469769820186
004719,0,0.5002554392352192
004720,0,0.5007545336597659
004721,0,0.5003176114605992
004722,0,0.5002769804195414
004723,0,0.5015941987538096
004724,0,0.5012214543019824
004725,0,0.5003557297477578
004726,0,0.5006237531486661
004727,0,0.500293907949257
004728,0,0.5000345774273147
004729,0,0.503589556719264
004730,0,0.5001234248220003
004731,0,0.5003692231835891
004732,0,0.5000758211184649
004733,0,0.5005948030640252
004734,0,0.5012144223093148
004735,0,0.5001878425593076
004736,0,0.5001057265703874
004737,0,0.5023396083345834
004738,0,0.5007590823344136
004739,0,0.5006823295488368
004740,0,0.5002737945489361
004741,0,0.5022491114215052
004743,0,0.5006141170509918
004744,0,0.5001917114986061
004745,0,0.5002765885546193
004746,0,0.5002241831366941
004747,0,0.5105871337322472
004748,0,0.5003533034308206
004749,0,0.5002339932464572
004750,0,0.5003134748847307
004751,0,0.5022171617401986
004752,0,0.5017079597520958
004753,0,0.5008864958895642
004754,0,0.5009248884127707
004755,0,0.5022934869267026
004756,0,0.5002120673941621
004757,0,0.5000995389362869
004758,0,0.5002137804320548
004759,0,0.5009315638817342
004760,0,0.5003679498919468
004761,0,0.500901060978103
004762,0,0.5006161845195547
004763,0,0.5003313530653798
004764,0,0.5007048860507056
004765,0,0.5011413470515981
004766,0,0.5007995141890009
004767,0,0.5004226938106617
004768,0,0.5002031172077929
004769,0,0.5005070797691172
004770,0,0.5006128581238933
004771,0,0.5045051050255317
004772,0,0.5036996633042813
004773,0,0.5003296934144399
004774,0,0.5001748689629437
004775,0,0.50010636098702
004776,0,0.502294366420746
004777,0,0.5007164989251639
004778,0,0.500453469251024
004779,0,0.5002953654561942
004780,0,0.5004075110466438
004781,0,0.503088950966924
004782,0,0.5012077957196998
004783,0,0.5002894315512199
004784,0,0.5002029992544775
004785,0,0.5005819250012631
004786,0,0.5004212140001478
004787,0,0.5003475550074148
004788,0,0.5004294490082355
004789,0,0.5005485875131601
004790,0,0.5001963777444487
004791,0,0.5007215186503723
004792,0,0.5010771378261548
004793,0,0.503180528697914
004794,0,0.5001093313309035
004795,0,0.5035656682235675
004796,0,0.500371539136271
004797,0,0.5007302032638136
004798,0,0.5000497899431249
004799,0,0.5008441640362603
004800,0,0.5051022640927324
004801,0,0.500175912862588
004802,0,0.5094505387013013
004803,0,0.5004688679174778
004804,0,0.5004819988945999
004805,0,0.5011263777371988
004806,0,0.5002768543648186
004807,0,0.5017149087346608
004808,0,0.5001679866614978
004809,0,0.5001029307736466
004810,0,0.5111149131591071
004811,0,0.5002296882831714
004813,0,0.5062388353349185
004814,0,0.5005057233128827
004815,0,0.502054628716515
004816,0,0.5002918216416812
004817,0,0.5008473398005612
004818,0,0.5005563119158165
004819,0,0.5004895988167039
004820,0,0.5002795033012352
004821,0,0.5006871576802815
004822,0,0.5000961456407855
004824,0,0.5007190806503665
004825,0,0.5003804408517624
004827,0,0.5004996197846873
004828,0,0.5001478927524291
004829,0,0.5000917663536952
004830,0,0.5003635405063488
004831,0,0.5003450830863616
004832,0,0.5001748645503205
004833,0,0.5006101812285575
004834,0,0.5011964887650845
004835,0,0.5011104559806808
004836,0,0.5024644577404429
004837,0,0.5003901907970255
004838,0,0.5005371441302092
004839,0,0.5004107740989177
004840,0,0.5012256065868227
004841,0,0.5005056776428717
004842,0,0.5019067426979862
004843,0,0.5001884512369964
004844,0,0.5041527623544082
004845,0,0.5006230347044907
004846,0,0.5001894791676254
004847,0,0.5002047485709368
004848,0,0.5060947635217391
004849,0,0.5002663636636688
004850,0,0.5005733092789943
004851,0,0.5034619425643444
004852,0,0.5012667977048496
004853,0,0.5009095159399547
004854,0,0.5005632471215732
004856,0,0.5002655211206715
004857,0,0.5007740824125354
004858,0,0.5008523085793486
004859,0,0.5002562256799281
004860,0,0.5043352468899495
004861,0,0.5101390881533877
004862,0,0.5036612376695075
004863,0,0.5016432743567116
004864,0,0.5007475382587515
004865,0,0.5006846808663882
004866,0,0.5010052322019801
004867,0,0.5013776608184614
004868,0,0.5009076724124537
004869,0,0.503501886394392
004870,0,0.5004128773777338
004871,0,0.5000589229360937
004872,0,0.5013113590662421
004873,0,0.5001750075653625
004874,0,0.5006050009467983
004875,0,0.5001854182755586
004876,0,0.500447256928065
004877,0,0.5019844899610029
004878,0,0.5001200604584171
004879,0,0.5044012963212727
004881,0,0.5006239847690622
004882,0,0.5002520396284809
004883,0,0.5026754905809913
004884,0,0.5002796174892215
004885,0,0.5002084274386438
004886,0,0.5031017495262187
004887,0,0.5002492539393768
004888,0,0.500146488114275
004889,0,0.5008066267413164
004891,0,0.5017650248602852
004892,0,0.5000717842408062
004893,0,0.5049185366016189
004894,0,0.5003310384800069
004895,0,0.5015750205841719
004896,0,0.5073277731623959
004897,0,0.5005838307325724
004898,0,0.5012470659687472
004899,0,0.5000642061430339
004900,0,0.5003224857743026
004901,0,0.5014194018128809
004902,0,0.5013210401071513
004903,0,0.5004869631656897
004904,0,0.500185069808795
004905,0,0.5001536799054279
004906,0,0.5001819232375566
004907,0,0.5002552249379061
004908,0,0.5016770597601121
004909,0,0.5008373840628214
004910,0,0.5103771740115175
004911,0,0.5002664923857483
004912,0,0.501154039606172
004913,0,0.500230833119551
004914,0,0.5009654676774131
004915,0,0.5002260611704893
004916,0,0.5001610812973428
004917,0,0.5002318644696682
004918,0,0.5000593626151629
004919,0,0.5000511787354436
004920,0,0.5002201847185201
004921,0,0.5014092456085852
004922,0,0.5003125508352427
004923,0,0.5001835533775947
004924,0,0.5017704212691635
004925,0,0.500509497705843
004926,0,0.5017545004100801
004927,0,0.500062164901287
004928,0,0.5001976376247721
004929,0,0.5017680147986959
004931,0,0.5002154857300127
004932,0,0.5018211689867282
004933,0,0.5009720374669436
004935,0,0.5004468255885878
004936,0,0.5001871899420876
004937,0,0.500758771803887
004938,0,0.5003392018178243
004939,0,0.5002021164679514
004940,0,0.5103769292299148
004941,0,0.5003837914904509
004942,0,0.5004575062719409
004943,0,0.5005597762181265
004944,0,0.5005670177717262
004945,0,0.5008901220417741
004946,0,0.502046333855199
004947,0,0.5002476831972117
004948,0,0.5050408235280467
004949,0,0.5016003652249565
004950,0,0.5005169691051942
004951,0,0.5001446061467341
004952,0,0.5004560955618096
004953,0,0.5000424587241435
004954,0,0.5002792687537025
004955,0,0.5001111346424064
004956,0,0.5003367228946128
004957,0,0.5139853490266372
004958,0,0.5010354640021886
004959,0,0.5006219541689682
004960,0,0.5006990839695337
004961,0,0.5001108272719351
004962,0,0.5017780781071105
004963,0,0.5009930476380571
004964,0,0.5002356088370061
004965,0,0.5001107659153896
004966,0,0.5000597302465504
004967,0,0.500177802684889
004968,0,0.5005919222393094
004969,0,0.5002531706039508
004970,0,0.5002065885978734
004971,0,0.504174971647468
004972,0,0.5000615358518317
004973,0,0.5008469255260771
004974,0,0.5007512822548205
004975,0,0.5009127745575234
004976,0,0.5004877541569732
004977,0,0.5004296399435224
004978,0,0.5006202452886891
004979,0,0.5009317436160856
004980,0,0.5001110426768124
004981,0,0.5013540530807786
004982,0,0.5007120161357314
004983,0,0.5010735292101087
004984,0,0.5019350647022139
004985,0,0.5001735047780291
004986,0,0.5002757132204048
004987,0,0.5017592039918191
004988,0,0.5002851265482285
004989,0,0.5058814934739924
004990,0,0.5004420914861257
004991,0,0.5039764053119241
004992,0,0.5006528410080258
004993,0,0.500918217255821
004994,0,0.5004425373171327
004995,0,0.5023768060367635
004996,0,0.5002004054796056
004997,0,0.500152517047144
004998,0,0.5012246456244843
004999,0,0.5011669448383284
005000,0,0.5011547581328472
005001,0,0.5001615619284255
005002,0,0.5004994446334717
005003,0,0.5035060791415884
005004,0,0.5001646704184507
005005,0,0.5044726929214315
005006,0,0.5029170320842178
005007,0,0.5013543056947276
005008,0,0.5001715571308316
005009,0,0.5004982558966788
005010,0,0.5004296566254747
005011,0,0.5065840079373058
005012,0,0.5001758954445567
005013,0,0.5016175491783543
005014,0,0.505321091435514
005015,0,0.500945917516327
005016,0,0.5003981011670785
005017,0,0.5006172259853608
005018,0,0.5070406572908226
005019,0,0.5008293642708508
005020,0,0.502585763430253
005021,0,0.5009628051005549
005022,0,0.5002603371823349
005023,0,0.5002291796404671
005024,0,0.5001172764010036
005025,0,0.5003953840165222
005026,0,0.5028040456924752
005027,0,0.5013400530090389
005028,0,0.5002221100893258
005029,0,0.500176678308344
005030,0,0.5004911847254827
005031,0,0.5025346063000942
005032,0,0.5000707615559917
005033,0,0.5000339577382109
005034,0,0.5016416035573784
005035,0,0.5004094304389325
005036,0,0.5004204844749804
005037,0,0.5004484038521005
005038,0,0.5117573240671082
005040,0,0.5010893832417563
005041,0,0.500223519831338
005042,0,0.5001093507056182
005043,0,0.5026184278538112
005044,0,0.5003820500312356
005045,0,0.5009166796583464
005046,0,0.500144451266159
005047,0,0.5004045066966252
005048,0,0.5003935823883798
005049,0,0.5003929405102514
005050,0,0.5003593494447599
005051,0,0.5001115211626811
005052,0,0.5032464111220861
005053,0,0.5007494625624033
005054,0,0.50117412300225
005055,0,0.5001793997889921
005056,0,0.5031294722542013
005057,0,0.502127071015864
005058,0,0.500292768691394
005059,0,0.5003800635978449
005060,0,0.5001473042800578
005061,0,0.5134914346266652
005062,0,0.5003648264536547
005063,0,0.500367355893989
005064,0,0.5007522317762839
005065,0,0.5001321964940187
005066,0,0.5001530318123562
005067,0,0.5010416054500317
005068,0,0.5000703880171452
005069,0,0.5009298650702418
005070,0,0.5016347435707165
005071,0,0.5003218899398004
005072,0,0.5002382516909386
005073,0,0.507560705933869
005074,0,0.500480790236541
005075,0,0.501262111243741
005076,0,0.5003013010560564
005077,0,0.5004241136777182
005078,0,0.5001129816352619
005079,0,0.5026139079953508
005080,0,0.5011315485563097
005081,0,0.5009372580638105
005082,0,0.5021964514659333
005083,0,0.5001147657152368
005084,0,0.5001438790652605
005085,0,0.5000845470974523
005086,0,0.5002769226718148
005087,0,0.5002755227299298
005088,0,0.5010384418484429
005089,0,0.5002088967356706
005090,0,0.5001749170210794
005092,0,0.5021737561157921
005094,0,0.5003635754112141
005096,0,0.5007987480713925
005097,0,0.5002297654450732
005099,0,0.5001284587690887
005100,0,0.5035815759693095
005101,0,0.5001527367885877
005102,0,0.5001498834882115
005103,0,0.5003706627502097
005104,0,0.5019486963879122
005105,0,0.5006472075851929
005106,0,0.5018186774186166
005107,0,0.5003721151150383
005108,0,0.5000982952342143
005109,0,0.5001059233280336
005110,0,0.5010640100687068
005111,0,0.5004516253523169
005112,0,0.500586028719307
005113,0,0.5001340597581105
005114,0,0.5002426603901686
005115,0,0.5034170691723366
005116,0,0.5024022323932162
005117,0,0.5005074316862661
005118,0,0.501320375253194
005119,0,0.5010981988228185
005120,0,0.5002189333624896
005121,0,0.5002858933498879
005122,0,0.500337103777261
005123,0,0.5001774162730729
005124,0,0.5017584947074382
005125,0,0.5015588353704813
005126,0,0.5005128703718743
005127,0,0.5010609789823008
005128,0,0.5004449283962087
005129,0,0.5002975589920536
005130,0,0.5000572062367737
005131,0,0.5003879124408331
005132,0,0.5002547546507242
005133,0,0.502520470505954
005134,0,0.5007191957853626
005135,0,0.5001430864335167
005136,0,0.5001211010571571
005137,0,0.5019852394237525
005138,0,0.5004312479383146
005139,0,0.5007695195656608
005140,0,0.5006999274285919
005141,0,0.500550956366218
005142,0,0.5014983631792239
005143,0,0.502448602304576
005144,0,0.5016547533684319
005145,0,0.5006415015905579
005146,0,0.5005682186092809
005147,0,0.5042415115396477
005148,0,0.5009730037563512
005149,0,0.5005489742017373
005150,0,0.5001895096107991
005151,0,0.5001794903305522
005152,0,0.5009115289802961
005153,0,0.5003484712903489
005154,0,0.5003309450731936
005155,0,0.5029413844374457
005156,0,0.5007522354852496
005157,0,0.5000419163428035
005158,0,0.5006800850020188
005159,0,0.5012187705279271
005160,0,0.5004553256379453
005161,0,0.5007108479427437
005162,0,0.5000945963455153
005163,0,0.5006219816946732
005164,0,0.5002179603054258
005165,0,0.5003528906489707
005166,0,0.5003354129010291
005167,0,0.5000247099936499
005168,0,0.5005961009652077
005169,0,0.5009333244253525
005170,0,0.5001560895402047
005172,0,0.5004235302636724
005173,0,0.501376328540928
005174,0,0.5001368554422051
005175,0,0.5020319367285527
005176,0,0.5005842892273996
005177,0,0.5001768049716376
005178,0,0.5001117742339067
005179,0,0.5001079168004966
005180,0,0.5004024913862031
005181,0,0.5004602234056811
005182,0,0.5011505868683376
005183,0,0.5009228828387936
005184,0,0.5004183273442059
005185,0,0.5005287812616099
005186,0,0.5002368989685332
005187,0,0.5008324462204027
005188,0,0.5107952048594134
005189,0,0.507727321596444
005190,0,0.5001649862091936
005191,0,0.5040130938451399
005192,0,0.5002709500576672
005193,0,0.5038424193173517
005194,0,0.5001376253826721
005195,0,0.501946315245735
005196,0,0.500513059648965
005197,0,0.5005126899683786
005198,0,0.5002412819689256
005199,0,0.5009506028218771
005200,0,0.5005124682954043
005201,0,0.5019487813725558
005202,0,0.500876332695316
005203,0,0.5002447846405548
005204,0,0.5049667506073077
005205,0,0.5001444826892116
005206,0,0.5003106489049607
005207,0,0.5010240771792298
005208,0,0.5003147382901106
005209,0,0.500706050825787
005210,0,0.5040416911004363
005211,0,0.5005874614619996
005212,0,0.5000796383782407
005213,0,0.5001144606101395
005214,0,0.5004627732101458
005215,0,0.545435436048873
005216,0,0.5003480496076924
005217,0,0.5010044526390177
005218,0,0.5006788758060212
005219,0,0.5004057527843183
005220,0,0.5008463148125143
005221,0,0.5007115656908863
005222,0,0.5002195513762873
005223,0,0.5126038351946085
005224,0,0.5006011059838181
005225,0,0.5001075397166796
005226,0,0.5001708082992548
005227,0,0.5002698280362836
005228,0,0.5002783607032378
005229,0,0.5004767463967941
005230,0,0.5017010153872492
005231,0,0.5005672000566603
005232,0,0.500109816632288
005233,0,0.5009739438793596
005234,0,0.5000243456688986
005235,0,0.5001508727508165
005236,0,0.5001980080509633
005237,0,0.500181301409818
005238,0,0.5004099485816315
005239,0,0.5023557058826207
005240,0,0.5005611938268286
005241,0,0.5005822526204569
005242,0,0.5004644124391863
005243,0,0.5005937659233206
005244,0,0.5005547852374234
005245,0,0.5007952481508715
005246,0,0.5011588703020534
005247,0,0.5013894014428564
005248,0,0.5001002811295214
005249,0,0.5001462757615549
005250,0,0.5013055963624596
005251,0,0.5001156978075939
005252,0,0.5017102474462731
005253,0,0.5005994486255451
005254,0,0.5002716348615807
005255,0,0.5003549639438539
005256,0,0.5002613782640976
005257,0,0.5004309106454915
005258,0,0.5020516932801756
005259,0,0.5065406402326076
005260,0,0.5010495899784361
005261,0,0.5004972747354688
005262,0,0.5009694339234454
005263,0,0.502271895742176
005264,0,0.5018083503330637
005265,0,0.5001009443707103
005266,0,0.5009046838683138
005267,0,0.5003818867023785
005268,0,0.5002725249256222
005269,0,0.5006283580356
005270,0,0.5013425122151753
005271,0,0.5005612033672728
005272,0,0.5012169409382233
005273,0,0.5004512986299715
005274,0,0.5007120251974722
005275,0,0.5006073511013945
005276,0,0.5000558527680424
005277,0,0.5001416425680851
005278,0,0.5046249792872087
005279,0,0.5001334433483527
005280,0,0.5008884231753606
005281,0,0.5004731400162814
005282,0,0.5005376466247385
005283,0,0.501487803794436
005284,0,0.5135245651272619
005285,0,0.5003528905948561
005286,0,0.5003300404742814
005287,0,0.5002919230905527
005288,0,0.5001499331120174
005289,0,0.5006545332699893
005290,0,0.5006341692852128
005291,0,0.5009823942641904
005292,0,0.5009386679761784
005293,0,0.5014938801751166
005294,0,0.5044633985101791
005295,0,0.5087700085954514
005296,0,0.5002735491555255
005297,0,0.5015283734329878
005298,0,0.510780424483316
005299,0,0.500539670943587
005300,0,0.5018102499205283
005301,0,0.5002000279614429
005302,0,0.5002882316319535
005303,0,0.5001493956206241
005304,0,0.5005794500395679
005305,0,0.5003808521099998
005306,0,0.5003796698883934
005307,0,0.5072066994103378
005308,0,0.5005168321706065
005309,0,0.5001602516114021
005310,0,0.5003165671451735
005311,0,0.5007454233961098
005312,0,0.5000989314392706
005313,0,0.500352208746296
005314,0,0.5003429914140466
005315,0,0.5006871085514774
005316,0,0.5018957778152682
005317,0,0.5002639627673282
005318,0,0.5006584100885513
005319,0,0.5012014091165062
005320,0,0.5008339304588504
005321,0,0.5014023177620446
005322,0,0.5004487439845472
005323,0,0.5001318647635491
005324,0,0.5023595609553672
005325,0,0.502027269968655
005326,0,0.5002701856048684
005327,0,0.5001230231184982
005328,0,0.5017430474094755
005329,0,0.5017855843862445
005330,0,0.5027152799734695
005331,0,0.5004125855824014
005332,0,0.5003252083340085
005333,0,0.5005356840014716
005334,0,0.5007849103771714
005336,0,0.5022498643467483
005337,0,0.5015205502729009
005338,0,0.5002906019174839
005339,0,0.500143304069933
005340,0,0.5002134960788234
005341,0,0.5002964710631009
005342,0,0.5003778702993439
005343,0,0.5005988922413565
005344,0,0.5001354347586715
005345,0,0.5071474327573429
005346,0,0.5009893261786617
005347,0,0.5006053965042869
005348,0,0.5002754988127598
005349,0,0.5001428519609066
005350,0,0.500309061846383
005351,0,0.5088586341208591
005352,0,0.5006008898290881
005353,0,0.5006258647868082
005354,0,0.500307951121996
005355,0,0.5001053477920369
005356,0,0.500082715066979
005357,0,0.510384087026502
005358,0,0.5001269819425914
005359,0,0.5006491094343143
005360,0,0.5007007650181253
005361,0,0.5016881137533818
005362,0,0.5002167572154252
005363,0,0.5002628823355454
005364,0,0.5002280130931882
005366,0,0.500191299579277
005367,0,0.5008536761437393
005368,0,0.5003175582867233
005369,0,0.5006920158335745
005370,0,0.5021107388578258
005371,0,0.5001939574553108
005372,0,0.5013487345851946
005374,0,0.5004790492157039
005375,0,0.5004696863296133
005376,0,0.500291732297362
005377,0,0.5003016663111685
005378,0,0.5020256422833439
005379,0,0.5005380355903196
005380,0,0.5008509637505565
005381,0,0.507157641529902
005382,0,0.5006098231529832
005383,0,0.5048299094155886
005384,0,0.5101984562636307
005385,0,0.5005484188168001
005386,0,0.5002509634020117
005387,0,0.5003308744685404
005388,0,0.5006275858408304
005389,0,0.5006517131845724
005390,0,0.5005499354263151
005391,0,0.5005829358531116
005392,0,0.5001144304614865
005393,0,0.5002189228476125
005394,0,0.5002005973777081
005395,0,0.5001046849791685
005396,0,0.5004256246470244
005397,0,0.5000543201927247
005398,0,0.5008940924643339
005399,0,0.5018402884810976
005400,0,0.5106556936215781
005401,0,0.5015184187701845
005402,0,0.5013124212341437
005403,0,0.5015085663801038
005404,0,0.5008900909746385
005405,0,0.5010371134769366
005406,0,0.5003029323672724
005407,0,0.5003821460640113
005408,0,0.5006338675159664
005409,0,0.500164133089118
005410,0,0.5025602477456511
005411,0,0.5001500038193385
005412,0,0.5008122106548358
005413,0,0.5007502010320813
005414,0,0.5008135048749194
005415,0,0.5025816733758295
005416,0,0.5000683842715241
005417,0,0.5003509458438904
005418,0,0.5006700630090911
005419,0,0.500072194873704
005420,0,0.5004948605301804
005421,0,0.5017804134085182
005422,0,0.5000414169202663
005423,0,0.5001894903458773
005424,0,0.5029872983349097
005425,0,0.5009429285799768
005426,0,0.504641864351519
005427,0,0.5011066062288911
005428,0,0.5011450775365209
005429,0,0.5001667294638399
005430,0,0.5005496728309524
005431,0,0.5016848316432521
005432,0,0.5025339902322212
005433,0,0.5018289339672518
005434,0,0.5002093321337387
005435,0,0.5001757796347973
005436,0,0.5005921732073509
005437,0,0.5038833127347947
005438,0,0.5018760450524951
005439,0,0.5004512338735557
005440,0,0.5003243166273791
005441,0,0.5002439612354923
005442,0,0.5006147110982248
005443,0,0.5002690200014969
005444,0,0.501865328682003
005445,0,0.5003756433155435
005447,0,0.5006021517773401
005448,0,0.5009775024548007
005449,0,0.5000417461936874
005450,0,0.5037827316117168
005451,0,0.5035516053724177
005452,0,0.504758701860684
005453,0,0.501308532454854
005454,0,0.5004251568383613
005455,0,0.5003753321927076
005456,0,0.5002708467031249
005458,0,0.5001045734291695
005459,0,0.5039757156923218
005460,0,0.5008195976720335
005461,0,0.5003379122566861
005462,0,0.5005565107695221
005463,0,0.5042659897150216
005464,0,0.5004020223264912
005465,0,0.5001991111417124
005466,0,0.50101379484211
005467,0,0.501030395957069
005468,0,0.501093488736331
005469,0,0.5006823498224147
005470,0,0.5015684892691554
005471,0,0.5011578941792113
005472,0,0.5008376296366461
005473,0,0.5011415554826005
005474,0,0.5004408786146153
005475,0,0.5007737833858081
005476,0,0.5003277754033711
005477,0,0.5000737331627436
005478,0,0.5002979575287946
005479,0,0.5014778741105439
005480,0,0.5024898140915071
005481,0,0.5007362348016854
005482,0,0.5001469413813407
005483,0,0.5002075470376227
005484,0,0.5078304897681827
005485,0,0.5002760360315257
005486,0,0.5011536330984789
005487,0,0.5005013709130723
005488,0,0.5007296593192361
005489,0,0.5001650252732115
005490,0,0.5020373658174837
005491,0,0.5006670797876568
005492,0,0.5003244479502416
005493,0,0.5008464618595463
005494,0,0.5023661589899627
005496,0,0.5000665498125165
005497,0,0.5002308437509151
005498,0,0.5001166899623241
005499,0,0.5001825018802905
005500,0,0.5001409654638466
005501,0,0.5005747941898334
005502,0,0.5054556235929905
005503,0,0.5018586895807633
005504,0,0.5005132056303456
005505,0,0.500274056405372
005506,0,0.5002189664403128
005507,0,0.5004585052111933
005508,0,0.5011310304465415
005509,0,0.5004414859627423
005510,0,0.5002616792142923
005511,0,0.50083770291729
005512,0,0.5002700830848581
005513,0,0.5038654807086331
005514,0,0.5015341541412316
005515,0,0.500768123375615
005516,0,0.5007094265650273
005517,0,0.5015601701997482
005518,0,0.5004772880554442
005519,0,0.502152026139629
005520,0,0.5010160556013481
005521,0,0.500414879731589
005522,0,0.5013731164704227
005523,0,0.50083184441597
005524,0,0.5002234504789763
005525,0,0.5003446205837749
005526,0,0.5003683779803383
005527,0,0.5022332236985466
005528,0,0.5007291838261294
005529,0,0.5002630044784532
005530,0,0.5002014958589862
005531,0,0.5000832113057827
005532,0,0.5026795147053822
005533,0,0.5006674779039957
005535,0,0.5003377070174231
005536,0,0.5005061098952069
005537,0,0.500289832980214
005538,0,0.5001447440020629
005539,0,0.5002536800159215
005540,0,0.502054938004886
005541,0,0.5001304831468718
005542,0,0.5026363830070812
005543,0,0.5008392791159325
005544,0,0.5007998212847808
005545,0,0.5010956411945084
005546,0,0.5004511963038083
005547,0,0.5006838348334322
005549,0,0.5033174772124875
005550,0,0.5000750588827366
005551,0,0.5000700948217814
005552,0,0.5001228350659189
005553,0,0.500781223419744
005554,0,0.5008939751882451
005555,0,0.5003030144713979
005556,0,0.5164893385104667
005557,0,0.5100373571699388
005558,0,0.5002349907027119
005559,0,0.5002110625785744
005560,0,0.5005543315509674
005561,0,0.5025423235043005
005562,0,0.5001090508775594
005563,0,0.5001383975705573
005564,0,0.5005947094216289
005565,0,0.5004808834086679
005566,0,0.5009425019658476
005567,0,0.5073457153350127
005568,0,0.5008292963656861
005569,0,0.5001558008344975
005570,0,0.5016686815411933
005571,0,0.5000767791859868
005572,0,0.5032250572335625
005573,0,0.500347540833418
005574,0,0.5001232066165531
005575,0,0.5120031271859897
005576,0,0.5001250199890317
005577,0,0.5003834690148768
005578,0,0.5002638601828115
005579,0,0.5018713490531904
005580,0,0.5005332577586269
005581,0,0.5013019907365539
005582,0,0.5007757312570214
005583,0,0.5004346927290383
005584,0,0.5001446220851493
005585,0,0.5009467375340484
005586,0,0.5002230143541142
005587,0,0.5023714083309248
005588,0,0.5005924168273022
005589,0,0.504448100054444
005590,0,0.5023988685087238
005591,0,0.5004478940663891
005592,0,0.5004229669332042
005593,0,0.5004135809864867
005594,0,0.5002633795042386
005595,0,0.500055761484452
005596,0,0.5008357372807417
005597,0,0.5009594660218512
005598,0,0.5001647182191462
005599,0,0.50025195540809
005600,0,0.5002315252643506
005601,0,0.5006677795330593
005602,0,0.5020075417240478
005603,0,0.5004636155417257
005604,0,0.5001786223915797
005605,0,0.5009597804967808
005606,0,0.5013947847117523
005607,0,0.500419417247129
005608,0,0.5044879396879056
005609,0,0.5003858188324205
005610,0,0.5001786747688197
005611,0,0.5001088019986467
005612,0,0.5014058225473625
005613,0,0.5003912495036253
005614,0,0.5001712942742009
005615,0,0.5001468294947733
005616,0,0.5003558591750491
005617,0,0.5001116263023854
005619,0,0.5006842397853497
005620,0,0.5015136030342162
005621,0,0.500700913047686
005622,0,0.5001601716082701
005624,0,0.5020729816526416
005625,0,0.5012326368768031
005626,0,0.5017736486338218
005627,0,0.5004667979355033
005628,0,0.5010591700397711
005629,0,0.5006597185049172
005630,0,0.5004788803716811
005631,0,0.5002851617748394
005632,0,0.5002178616772759
005633,0,0.5040814937021026
005634,0,0.5011471140715633
005635,0,0.500701554013546
005636,0,0.5001205722818066
005637,0,0.5008389569845895
005638,0,0.5023880279116197
005639,0,0.5005785889301115
005640,0,0.5054840997441431
005642,0,0.5042179778327277
005643,0,0.5006712128812124
005644,0,0.500786012718229
005645,0,0.5003601735235503
005646,0,0.5002109722559617
005647,0,0.5004977926339631
005648,0,0.5005972628120026
005649,0,0.501804427155129
005650,0,0.5003201782919566
005651,0,0.5010524323562585
005652,0,0.5009942557101625
005653,0,0.5011019802599883
005654,0,0.5003382359271696
005655,0,0.5011791128113978
005656,0,0.5003823286839281
005657,0,0.5002266152603719
005658,0,0.5002709297484468
005659,0,0.5040651169960527
005660,0,0.5002708923023259
005661,0,0.5015109897899358
005662,0,0.5025141158679457
005663,0,0.5001138719599949
005664,0,0.5000807376774788
005665,0,0.5041690524943193
005666,0,0.5001765609193357
005667,0,0.501027266614027
005668,0,0.500311940585211
005669,0,0.5000538023889739
005670,0,0.5056622791785028
005671,0,0.5001809029761107
005672,0,0.5005137001194228
005673,0,0.5003538430809269
005674,0,0.5005725652340118
005675,0,0.505445282742045
005676,0,0.501073367099216
005677,0,0.5005521811392172
005678,0,0.5003780329480847
005679,0,0.5027236267066855
005680,0,0.5001829172284644
005681,0,0.5002620171230955
005682,0,0.5021649362813668
005683,0,0.500474947873681
005684,0,0.5004418916730762
005685,0,0.500116187626276
005686,0,0.5037262193557304
005687,0,0.5000793525161085
005688,0,0.500173777087649
005689,0,0.5005328951751967
005690,0,0.5000283053405583
005691,0,0.503557185354312
005692,0,0.5004308451931183
005693,0,0.50127438228591
005694,0,0.5003788141401122
005695,0,0.5001198942520368
005696,0,0.5005901352187417
005697,0,0.5016698535693748
005698,0,0.5008101871095103
005699,0,0.5014541136792606
005700,0,0.5003706220343462
005701,0,0.5002643550591498
005702,0,0.5000836474139676
005703,0,0.5001947230082023
005704,0,0.5000978684159533
005705,0,0.5075722122437826
005706,0,0.5005132904828059
005707,0,0.5008007759434873
005708,0,0.5006950793685233
005709,0,0.5015972678077429
005710,0,0.5008113622440326
005711,0,0.5005351919129332
005712,0,0.5001787180432403
005713,0,0.5002935334823051
005714,0,0.5001099567738625
005715,0,0.5006131591119402
005717,0,0.5049565088325784
005718,0,0.5000948967634399
005719,0,0.511322494163885
005720,0,0.5004201309657585
005721,0,0.5003936424687291
005722,0,0.5003137750386045
005723,0,0.5000978639552037
005724,0,0.5004105904880259
005725,0,0.500382546721523
005726,0,0.5014209575646407
005727,0,0.5004071572543692
005728,0,0.5002278427051174
005729,0,0.5011932850205375
005730,0,0.5075837515620092
005731,0,0.504835838195714
005732,0,0.5007783373359312
005733,0,0.5007850408525666
005734,0,0.5003113721118622
005735,0,0.500369438093498
005736,0,0.5006794028592321
005737,0,0.5003132838151655
005738,0,0.501251263262393
005739,0,0.5038445989775262
005740,0,0.5023401098953163
005741,0,0.5012998691987255
005742,0,0.5002492984665716
005743,0,0.5004113478174329
005744,0,0.5008959504114635
005745,0,0.5004790029970135
005746,0,0.502573983136001
005747,0,0.5012908685247203
005748,0,0.5002026332707342
005749,0,0.5006242846754566
005750,0,0.5002416277602902
005751,0,0.500166169932003
005752,0,0.5007946565647932
005753,0,0.5021700034101532
005754,0,0.5044370743952022
005755,0,0.5004312522164133
005756,0,0.5002483438801496
005757,0,0.5159148702639013
005758,0,0.5001370296130829
005759,0,0.5001508355947158
005760,0,0.5011147227777948
005761,0,0.5005840583057226
005762,0,0.5000408729483214
005763,0,0.5009037618372215
005764,0,0.5000738808968214
005765,0,0.5007752322024616
005766,0,0.5005206894681143
005767,0,0.5003722403254136
005768,0,0.5002255188302206
005769,0,0.5003383402918239
005770,0,0.5024377638830115
005771,0,0.5002074997805712
005772,0,0.5000543998066573
005773,0,0.5014146835419225
005774,0,0.5003295446401662
005775,0,0.5005773495179925
005776,0,0.5013660987773065
005777,0,0.5002774668120911
005778,0,0.5005819288592016
005779,0,0.5004279694527026
005780,0,0.5002555354552127
005781,0,0.5002115587517438
005782,0,0.5004462598209295
005783,0,0.5033342200049573
005784,0,0.5000656560147699
005785,0,0.5007004191994563
005786,0,0.5005282902153135
005787,0,0.5002507688306885
005788,0,0.5012218420439885
005789,0,0.5118007813633257
005790,0,0.500734693330355
005791,0,0.5001378133509433
005792,0,0.5003064684597699
005793,0,0.5026860548001891
005795,0,0.5008558109582653
005796,0,0.5001118271224757
005797,0,0.5002359973119107
005798,0,0.5001997588127236
005799,0,0.5002700515686443
005800,0,0.5012973348226079
005801,0,0.500325790613453
005802,0,0.5001402098964458
005803,0,0.5016254442001613
005804,0,0.5068857072383243
005805,0,0.5008767184411916
005807,0,0.5049065123594589
005808,0,0.5036988565075106
005809,0,0.500771674241642
005810,0,0.5000772344613338
005811,0,0.5012994157805692
005812,0,0.505304231573455
005813,0,0.5008481239532946
005814,0,0.5002214731682861
005816,0,0.5005764861254879
005817,0,0.5005823728051647
005818,0,0.5003936583215547
005819,0,0.5091575579391593
005820,0,0.5010047981909895
005821,0,0.5006682221950635
005822,0,0.5034685320357234
005823,0,0.5006631946768151
005824,0,0.5001909333941171
005825,0,0.5011679021517456
005826,0,0.5001177644807726
005827,0,0.5024983902814409
005828,0,0.5005092659464747
005829,0,0.5003101962271833
005830,0,0.5004331591213192
005831,0,0.5003390445722505
005832,0,0.5001419322739784
005833,0,0.5028798111678249
005834,0,0.5018786954019091
005835,0,0.501623680098916
005836,0,0.5013657064959286
005837,0,0.5004620318172641
005838,0,0.5000209826004379
005839,0,0.5014277254739704
005840,0,0.5005235549811636
005841,0,0.500237058483184
005842,0,0.5010941689996802
005843,0,0.5007498848106057
005844,0,0.500171211855478
005845,0,0.5004798120737016
005846,0,0.5002285247284574
005847,0,0.5026684817408821
005848,0,0.5000499155802896
005849,0,0.5025613798376866
005850,0,0.500117432128146
005851,0,0.50011881349847
005852,0,0.5039815449415972
005853,0,0.5020101559377599
005854,0,0.500329625636228
005855,0,0.50101751458133
005856,0,0.501724181039554
005857,0,0.5003412601164313
005858,0,0.5008837476094639
005859,0,0.5009010255615028
005860,0,0.5003014121631165
005861,0,0.5000498735419667
005862,0,0.5003423946715236
005863,0,0.5011908130356989
005864,0,0.5010430244278256
005865,0,0.5001477427830348
005866,0,0.5003220626793168
005867,0,0.5093125238453704
005868,0,0.5004189583291172
005869,0,0.500390535896133
005870,0,0.5014124483524575
005871,0,0.500070909661118
005872,0,0.5002068447333928
005873,0,0.5002427480122967
005874,0,0.5019148211282953
005875,0,0.5008537671048476
005876,0,0.5001781500009488
005877,0,0.5015879730397617
005878,0,0.5014831413897913
005879,0,0.5009372967665429
005880,0,0.5002225721251912
005881,0,0.5006890930161765
005882,0,0.5002976715620634
005883,0,0.5001190393528095
005884,0,0.5002596483383154
005885,0,0.5009893695043217
005886,0,0.5001166789619904
005887,0,0.5011306141374731
005888,0,0.5005063489744322
005889,0,0.5000818260096713
005890,0,0.5002248049060736
005891,0,0.5003454356307496
005892,0,0.5011456240746802
005893,0,0.5023782290038736
005894,0,0.5009885022780163
005895,0,0.5003878024168763
005897,0,0.5005424489831358
005898,0,0.5020912321231091
005899,0,0.5005227252723519
005900,0,0.5002676332732449
005902,0,0.5010519264814765
005903,0,0.500679431984857
005904,0,0.5033164399633131
005905,0,0.5001719361837428
005906,0,0.5001625994428991
005907,0,0.5004886451922261
005908,0,0.5006439685441528
005909,0,0.5045136697039727
005910,0,0.5001804678156773
005911,0,0.501299391414074
005912,0,0.5000493769682163
005913,0,0.5002189446884401
005914,0,0.5003146193872436
005915,0,0.5000907604821926
005916,0,0.5001579415304226
005917,0,0.5092538554571336
005918,0,0.500173642784049
005919,0,0.5000328693343088
005920,0,0.5006842920598519
005921,0,0.500675822597763
005922,0,0.5016051397704908
005923,0,0.501076824909006
005924,0,0.502038085369878
005925,0,0.5006874030703393
005926,0,0.5027145976031009
005927,0,0.5018266761379561
005928,0,0.5002446005349774
005929,0,0.5003223176949184
005930,0,0.5013177426796596
005931,0,0.5005744966227224
005932,0,0.5007142023160296
005933,0,0.5001697180903555
005934,0,0.5167556957502814
005935,0,0.5012038851961437
005936,0,0.5008393589448985
005937,0,0.5070382134342407
005938,0,0.5007827999935224
005939,0,0.500357366363192
005940,0,0.5012663462501521
005941,0,0.5015911484656855
005942,0,0.500247517440587
005943,0,0.5008610576740746
005944,0,0.5001715581701246
005945,0,0.5010424098535013
005946,0,0.500438766978454
005947,0,0.5000750164336607
005949,0,0.5007866817197252
005950,0,0.501570576962039
005951,0,0.5002703963205651
005952,0,0.5010120651619977
005953,0,0.5007108049798757
005954,0,0.5037767525953457
005955,0,0.5009719675711998
005956,0,0.5033329364992526
005957,0,0.5002536507514168
005958,0,0.5005315047603904
005959,0,0.500512189041794
005960,0,0.5025851402064332
005961,0,0.500300963632931
005962,0,0.5007075969597172
005963,0,0.5000635830947162
005964,0,0.5001801610757004
005965,0,0.5000611146702846
005966,0,0.502424978894904
005967,0,0.5002634337801696
005968,0,0.5000839247957956
005969,0,0.500119110459397
005970,0,0.5020581837079582
005971,0,0.5010889696775511
005972,0,0.5024339151206108
005973,0,0.5004987798975562
005974,0,0.5007118825449958
005975,0,0.5013775711984071
005976,0,0.5011789541672331
005977,0,0.5002684511895642
005978,0,0.50041679666684
005979,0,0.5014987021719725
005980,0,0.501252078251365
005981,0,0.5010781815909154
005982,0,0.5043348003031302
005983,0,0.5002809179390205
005984,0,0.5006426696991338
005985,0,0.5005707768240973
005986,0,0.5003031306811272
005987,0,0.5005134701566167
005988,0,0.500065283732916
005989,0,0.5005435511150307
005990,0,0.5009276377158176
005991,0,0.5047871883487433
005992,0,0.5001128620178138
005993,0,0.5001981183301091
005994,0,0.5003816107157765
005995,0,0.5006365532156115
005996,0,0.5080937815970885
005997,0,0.5002504148310355
005998,0,0.5025997173828417
005999,0,0.5001182812529531
006000,0,0.505135201613171
006001,0,0.5003172101734746
006002,0,0.5004236025577422
006003,0,0.5000965298345795
006004,0,0.500277755054261
006005,0,0.5006627002097528
006006,0,0.5001412009308223
006007,0,0.5000682229810259
006008,0,0.5006603790142093
006009,0,0.5005092296725867
006010,0,0.5029780304666306
006011,0,0.5000819980326151
006012,0,0.5000762590299682
006013,0,0.5010035215716229
006014,0,0.5002859648681176
006015,0,0.5009991519236449
006016,0,0.5006720610707898
006017,0,0.5006159501819867
006018,0,0.5001462728115224
006019,0,0.501236495144627
006020,0,0.501047252714724
006021,0,0.5007577775468822
006022,0,0.5008581476076038
006023,0,0.5016550547651499
006024,0,0.5012841670658467
006025,0,0.5004391363351609
006026,0,0.5002935657352794
006027,0,0.5006307321098333
006028,0,0.5007526905096426
006029,0,0.5039173336238185
006030,0,0.5004087668558033
006031,0,0.5018147852244732
006032,0,0.5003254102837082
006033,0,0.5047771995323368
006034,0,0.5000760175171566
006035,0,0.5006630218912769
006036,0,0.500282953181622
006037,0,0.5001716920434076
006038,0,0.5005170837455964
006039,0,0.5012609608313435
006040,0,0.5005830645630815
006041,0,0.5004963990550828
006042,0,0.5003494132068437
006043,0,0.5001631160738846
006044,0,0.5003852215407903
006045,0,0.5003059876608321
006046,0,0.5004696168718713
006047,0,0.5012327596427624
006048,0,0.5007165954986643
006049,0,0.5003656124099133
006050,0,0.5002576464778999
006051,0,0.5009878722880451
006052,0,0.5005717183830678
006053,0,0.5002766516678219
006054,0,0.5004848918083876
006055,0,0.5002455602673491
006056,0,0.5254274149165368
006057,0,0.5039935074155262
006058,0,0.5002314643454934
006059,0,0.5003151838066968
006060,0,0.500631723851202
006061,0,0.5015506898978908
006062,0,0.5001337784525304
006063,0,0.5004560361920966
006064,0,0.5010343488396559
006065,0,0.5009889508940975
006066,0,0.501336942769984
006067,0,0.5002305259385615
006068,0,0.501533752415179
006069,0,0.500483072357891
006070,0,0.5002221005823834
006071,0,0.5014986225470323
006072,0,0.5018884808084522
006073,0,0.5000552402201498
006074,0,0.5005338470053401
006075,0,0.5012439282435601
006076,0,0.5002319900085721
006077,0,0.5003387376255802
006078,0,0.5003285740910279
006079,0,0.5005949676529377
006080,0,0.500239755965223
006081,0,0.5037701254328985
006082,0,0.500628972843628
006083,0,0.5003337014457858
006084,0,0.5010782862129605
006085,0,0.5002341356977112
006086,0,0.5022085811829633
006087,0,0.500301977692369
006088,0,0.5006407894039727
006089,0,0.5003635775185533
006090,0,0.5008059053146672
006091,0,0.5074169337846209
006092,0,0.5033590024482463
006093,0,0.5006540237741817
006094,0,0.5010871803628242
006095,0,0.5002027898440763
006096,0,0.5001407698438236
006097,0,0.5004611046858614
006098,0,0.5009697288699543
006099,0,0.5023895614527769
006100,0,0.5000949184908385
006101,0,0.5004568475347297
006102,0,0.5002550967797029
006103,0,0.5002014359123711
006104,0,0.5002382956572539
006105,0,0.5014327688850406
006106,0,0.5032074757195156
006107,0,0.5003223220261727
006108,0,0.5003485609782702
006109,0,0.5000923102120425
006110,0,0.5020752054743316
006111,0,0.5021687843061895
006112,0,0.5074312216850866
006113,0,0.5009629187921055
006114,0,0.5013606117356703
006115,0,0.5004187897257304
006116,0,0.5001719818280725
006117,0,0.501637090476385
006118,0,0.5003890861291687
006120,0,0.5009198484479156
006121,0,0.5088047913950972
006122,0,0.5002013658587501
006123,0,0.5001740448066436
006124,0,0.5010172141893574
006125,0,0.5001011750262027
006126,0,0.5012330709356557
006127,0,0.5022467466024847
006128,0,0.5004758439023549
006129,0,0.50138840634754
006130,0,0.5006130105936409
006131,0,0.5011196080238718
006132,0,0.5000615306051787
006133,0,0.5003316855105957
006134,0,0.5008043587950517
006135,0,0.5002199539249358
006136,0,0.5003334632956974
006137,0,0.500177856232335
006138,0,0.5001777704539694
006139,0,0.50010393403806
006140,0,0.5002783605422586
006141,0,0.5016211654325783
006142,0,0.5001081676558672
006144,0,0.5025269963946962
006145,0,0.501057943464907
006146,0,0.5001668459133831
006147,0,0.5001376366302289
006148,0,0.5010277327570127
006149,0,0.5009427664533136
006150,0,0.5004068921071911
006151,0,0.5002872498933028
006152,0,0.5003171624882924
006153,0,0.5010420223016996
006154,0,0.5018168085681082
006155,0,0.500784761690272
006156,0,0.5006334254102519
006157,0,0.5004841510905178
006158,0,0.5001279145292415
006160,0,0.5002639399611237
006161,0,0.500106797508776
006162,0,0.5003552990725072
006163,0,0.5017256880260802
006164,0,0.5002486012003846
006165,0,0.500180457447333
006166,0,0.5001604229825514
006167,0,0.5007242794502811
006168,0,0.5001520105305612
006169,0,0.5004234555572554
006170,0,0.5005475181605271
006171,0,0.5023587751653052
006172,0,0.5004049349512023
006173,0,0.5005620786917309
006174,0,0.5001139224376184
006175,0,0.5097605641867992
006176,0,0.500334811938154
006177,0,0.5006247265214672
006178,0,0.5004461994006545
006179,0,0.5002013531084578
006180,0,0.5001930899191205
006181,0,0.5002192681636664
006182,0,0.5000549665668284
006183,0,0.5000585397306504
006184,0,0.5000583374475264
006185,0,0.5002291952327402
006186,0,0.500314587775243
006187,0,0.5010202458071769
006188,0,0.5013827705164354
006189,0,0.5010426545856206
006190,0,0.5002733499191285
006192,0,0.5059198003187364
006193,0,0.5043058649751282
006194,0,0.5010482673888025
006195,0,0.501901914370553
006196,0,0.5005141433934734
006197,0,0.5001868135986033
006198,0,0.5005623693953534
006199,0,0.500246336867374
006200,0,0.5055366785527519
006201,0,0.5003482258230372
006202,0,0.501632697855968
006203,0,0.5002680641978442
006204,0,0.5001745123466214
006205,0,0.5111404392251269
006206,0,0.5011116629265455
006207,0,0.5034116063586824
006208,0,0.5022050150054603
006209,0,0.5001085494985622
006210,0,0.5004188981412548
006211,0,0.5000638904665722
006212,0,0.5001852077924994
006213,0,0.5001196959404236
006214,0,0.5008971005730873
006215,0,0.5021535527528406
006216,0,0.5009436207077692
006217,0,0.5001956149472407
006218,0,0.5005232210312152
006219,0,0.5005863652122864
006220,0,0.5005063577703301
006221,0,0.5003910412889342
006222,0,0.5004659889302185
006223,0,0.5003846384148728
006224,0,0.5003706940179282
006225,0,0.5001676246101803
006226,0,0.50009735165574
006227,0,0.5003449260483663
006228,0,0.5001970622875066
006229,0,0.5008273544574781
006230,0,0.5009468044655856
006231,0,0.5001130728630198
006232,0,0.5018545565628474
006233,0,0.5000687650862647
006234,0,0.5001111170461887
006235,0,0.5004060682765178
006236,0,0.5002440237404372
006237,0,0.500703770243047
006238,0,0.5001672291461393
006239,0,0.500746938421265
006240,0,0.500037883250114
006241,0,0.5001128008645009
006242,0,0.5004694171297182
006243,0,0.500543814025869
006244,0,0.5003672613276432
006245,0,0.5002161038883955
006246,0,0.5012865725345715
006247,0,0.5001528447253979
006248,0,0.500196895230958
006249,0,0.5009633659016302
006250,0,0.5025509322130574
006251,0,0.5074094624557393
006252,0,0.5001916714308686
006253,0,0.5001920647140004
006254,0,0.5004299952518013
006255,0,0.500410595454561
006256,0,0.5009698320204619
006257,0,0.5002737626967048
006258,0,0.5001944563789367
006259,0,0.5002216435909638
006260,0,0.5012270933155758
006261,0,0.5001444528769116
006262,0,0.5035489910233917
006263,0,0.5005172637804195
006264,0,0.5015787588235964
006265,0,0.5005431956335825
006266,0,0.500375318697514
006267,0,0.5012673512628657
006268,0,0.5010292961502064
006269,0,0.5026931521187856
006270,0,0.5001223189600131
006271,0,0.5000514940706006
006272,0,0.5011561050629537
006273,0,0.5004322566220569
006274,0,0.5003781106110918
006275,0,0.500151433604126
006276,0,0.5011002941393072
006277,0,0.5000854893842362
006278,0,0.5005878503263786
006279,0,0.5005501446723005
006280,0,0.5044082734980715
006281,0,0.500048151638067
006282,0,0.5064212176459666
006283,0,0.5005422349972194
006284,0,0.5098689498875563
006285,0,0.5001050254831665
006286,0,0.5002651401114602
006287,0,0.5021016403975955
006288,0,0.5006680873512616
006289,0,0.5016172570719882
006290,0,0.5005647175960112
006292,0,0.5003212280481821
006293,0,0.5001183060409735
006294,0,0.5003377360304704
006295,0,0.5011862179059458
006296,0,0.5001229335146219
006297,0,0.5022268430302582
006298,0,0.5002318899124033
006299,0,0.5001052337432447
006300,0,0.5004046842788401
006301,0,0.5002001666880855
006302,0,0.5003718248294452
006303,0,0.5020182434267175
006304,0,0.500109309134091
006305,0,0.5015868939871065
006306,0,0.5001509527666738
006307,0,0.5006045465137018
006308,0,0.5032431946298264
006309,0,0.5002647143829315
006310,0,0.5008988725429785
006311,0,0.5001767823340529
006312,0,0.5001857845229822
006313,0,0.500653315301262
006314,0,0.5004586807798331
006315,0,0.5004141106791804
006316,0,0.5043338012460342
006317,0,0.5004947239893783
006318,0,0.519965416694862
006319,0,0.5002325692169978
006320,0,0.5018722642355743
006321,0,0.5017778446655179
006322,0,0.500604807173154
006323,0,0.5055495518589709
006324,0,0.5019622199138425
006325,0,0.5007413534296652
006326,0,0.5003406854067147
006327,0,0.5027725823915034
006328,0,0.5010642369205273
006329,0,0.5003936001350651
006330,0,0.5002205340838041
006331,0,0.5002290836352579
006332,0,0.501459315518191
006333,0,0.5001802746926889
006334,0,0.5001043368073086
006335,0,0.500729763257332
006336,0,0.5005792544793589
006337,0,0.500287370182783
006338,0,0.5021636408493957
006339,0,0.5001660636268295
006340,0,0.5003891844878301
006341,0,0.5000665698408853
006342,0,0.5012030646332699
006343,0,0.5011261226044428
006344,0,0.5000614428971585
006345,0,0.5010501892074972
006346,0,0.5005515081128198
006347,0,0.5003734272850955
006348,0,0.5004943956209438
006349,0,0.5003107561017995
006350,0,0.5016318061542203
006351,0,0.5014826393554569
006352,0,0.50048326756764
006353,0,0.5003377717293018
006354,0,0.5008930087743446
006355,0,0.5004359099298193
006356,0,0.5001853818064985
006358,0,0.5007434888855024
006359,0,0.5010974927696595
006360,0,0.5000987365661839
006361,0,0.500220770532144
006362,0,0.5004355445102253
006363,0,0.5002263217757401
006364,0,0.501575850752987
006365,0,0.5002521740418013
006366,0,0.5014392267364401
006367,0,0.5005119937180066
006368,0,0.5011031421590765
006369,0,0.5006082697734278
006370,0,0.5010330137048272
006371,0,0.5003732315333682
006372,0,0.5000454560793167
006373,0,0.5005430305556352
006374,0,0.5051903450012997
006375,0,0.5010160846178487
006376,0,0.5005189962213904
006377,0,0.5003521311047121
006378,0,0.5000690045463038
006379,0,0.5014628413805273
006380,0,0.5000475503897066
006381,0,0.5002809698591032
006382,0,0.5000866633485537
006383,0,0.5008151926356493
006384,0,0.5053742850742456
006385,0,0.5004360842955001
006386,0,0.5012993708538453
006387,0,0.5005604240554928
006388,0,0.5022825715009662
006389,0,0.5010401757206876
006390,0,0.5000601462050125
006391,0,0.5002593456150932
006392,0,0.5005789702994609
006393,0,0.500667374893622
006394,0,0.5001440010139292
006395,0,0.5022653666116831
006396,0,0.5007501791579002
006397,0,0.5003446241968027
006398,0,0.5004292055552182
006399,0,0.5004414306435433
006400,0,0.5003880000070272
006401,0,0.5066591817557855
006402,0,0.5002193351009274
006403,0,0.501110260310207
006404,0,0.5022597450558489
006405,0,0.5002118180021458
006406,0,0.5005415991526868
006407,0,0.5011932490209847
006408,0,0.5000281136856872
006410,0,0.5003977369505807
006411,0,0.5002794865045004
006412,0,0.5094668323174323
006413,0,0.5009094618989175
006414,0,0.5004279726539347
006415,0,0.5015771900908164
006416,0,0.5023349381158974
006417,0,0.5001302276188496
006418,0,0.5007248287894377
006419,0,0.5015579367118543
006420,0,0.5033488093900833
006421,0,0.5021084335174849
006422,0,0.5057963245353104
006423,0,0.5011817216972537
006424,0,0.5009308902784197
006425,0,0.5007181436840373
006426,0,0.5003122106699874
006427,0,0.5002936232899055
006428,0,0.5006957632056689
006429,0,0.5000745886919511
006431,0,0.5000762714776669
006432,0,0.5079976127436048
006433,0,0.5003372283390567
006434,0,0.5014272752164541
006435,0,0.5004202078101962
006436,0,0.5006119073091745
006437,0,0.5013220612981852
006438,0,0.5096624460226321
006439,0,0.5003360208740314
006440,0,0.5012134684996048
006441,0,0.5005190331903451
006442,0,0.5008889955009501
006443,0,0.5021061997106638
006444,0,0.5024968414259119
006445,0,0.5002508847423818
006446,0,0.5003384971929674
006447,0,0.5001534904060794
006448,0,0.501100028627251
006449,0,0.5006038203993057
006450,0,0.5001405841508274
006451,0,0.5003355874482195
006452,0,0.5003392258891618
006453,0,0.50035190745546
006454,0,0.5005000518494912
006455,0,0.5008931558588186
006456,0,0.5005267775953888
006457,0,0.5020540031704531
006458,0,0.500168357037643
006459,0,0.500821929083209
006460,0,0.5000353319587236
006461,0,0.5007241055766107
006462,0,0.500875811974788
006463,0,0.5000712157795058
006464,0,0.5006016128081383
006465,0,0.5003841295125845
006466,0,0.5000370727231883
006467,0,0.5001850053969581
006468,0,0.5005919487810406
006469,0,0.5001459123843696
006470,0,0.5037029040936962
006471,0,0.5002006111666679
006472,0,0.5002175375719148
006473,0,0.5010912484920552
006474,0,0.5015069084346255
006475,0,0.5000717701881736
006476,0,0.5005179947639319
006477,0,0.5011015668597375
006478,0,0.5009348832675242
006479,0,0.5008481053211387
006480,0,0.501835359337119
006481,0,0.5003941028973028
006482,0,0.5001249236319169
006483,0,0.5000552647970922
006484,0,0.5003656330650101
006485,0,0.500469922677687
006486,0,0.5013140508484741
006487,0,0.5023847578048032
006488,0,0.5002535558461152
006489,0,0.501812245990101
006490,0,0.5018612141851553
006491,0,0.5001494645377235
006492,0,0.500164340657037
006493,0,0.5007841867821008
006494,0,0.5002029104682844
006495,0,0.5000911685718592
006496,0,0.500160479663162
006497,0,0.5004031125495453
006498,0,0.5028976734665169
006499,0,0.500602547142664
006500,0,0.5006704557573561
006501,0,0.5003246119103483
006502,0,0.5022580014719851
006503,0,0.5003526813329234
006504,0,0.5006442032694911
006505,0,0.5012556406844715
006506,0,0.5006233386799079
006507,0,0.5015400420513908
006508,0,0.5003875972826735
006509,0,0.5004149668277716
006510,0,0.5007182689570887
006511,0,0.5008886767854515
006512,0,0.5005122194953752
006513,0,0.5005212830008642
006514,0,0.5012217593343605
006515,0,0.500041103187108
006516,0,0.5006389599743734
006517,0,0.5005877973867777
006518,0,0.5009405685260216
006519,0,0.500270363008208
006520,0,0.5001527399343453
006521,0,0.5003927854600387
006522,0,0.5013562416890447
006523,0,0.50163589753056
006524,0,0.5006241409154993
006525,0,0.5003380426994039
006526,0,0.5005061395836905
006527,0,0.5004981955866059
006528,0,0.5052368474986414
006529,0,0.5002106111584818
006530,0,0.5007251721437908
006531,0,0.5020442192895047
006532,0,0.5003130681448652
006533,0,0.501988351784488
006534,0,0.5002845262293217
006535,0,0.5006800986331652
006536,0,0.5007870660842465
006537,0,0.500532569288142
006539,0,0.5041094555427307
006540,0,0.5057942066867321
006541,0,0.5014569169604859
006542,0,0.5000763492267561
006543,0,0.5001030249514334
006544,0,0.5000787277996976
006545,0,0.5001381308363296
006546,0,0.5039335090966681
006547,0,0.5043836298494901
006548,0,0.5007270996624821
006549,0,0.5016681139134316
006550,0,0.5003085514813811
006551,0,0.5005314370791162
006552,0,0.5012998716545911
006553,0,0.5032043132924623
006554,0,0.5006849978925612
006555,0,0.5005545229270523
006556,0,0.5002518129260095
006557,0,0.5003944099669657
006558,0,0.5006869283642398
006559,0,0.5005513632332494
006560,0,0.5009250244748399
006562,0,0.5006564423311559
006563,0,0.5033228618296394
006564,0,0.5002858036165334
006565,0,0.5001842095871118
006566,0,0.5006708029118505
006567,0,0.5004453141039068
006568,0,0.5013439828575779
006570,0,0.5005843788400323
006571,0,0.5005660926058513
006572,0,0.5000614332285498
006573,0,0.5001960681828809
006574,0,0.5002579260553134
006575,0,0.5006417522524487
006576,0,0.5000897852456517
006577,0,0.5017551315181754
006578,0,0.5002156191983518
006579,0,0.5004035803877388
006581,0,0.5001456684594208
006582,0,0.5004785684893002
006583,0,0.504703291944968
006584,0,0.5005917797602546
006585,0,0.5000798394313551
006586,0,0.5004210862835429
006587,0,0.5031793236817762
006588,0,0.505657932885306
006589,0,0.5033966124379273
006590,0,0.5118148233890925
006591,0,0.5001326071243088
006592,0,0.5006756513908355
006593,0,0.50025900506634
006594,0,0.5000942705870485
006595,0,0.5011813299732635
006596,0,0.5040655149969432
006597,0,0.5006366459093966
006598,0,0.5014936951602648
006599,0,0.5000634083221925
006600,0,0.5003920459450124
006601,0,0.5006827107894183
006602,0,0.5026683155574463
006603,0,0.5006885891416908
006604,0,0.5002150341554097
006605,0,0.5014745616647273
006606,0,0.5004501155591408
006607,0,0.5005413886898821
006608,0,0.5004900844407052
006609,0,0.5001992224134362
006610,0,0.5000980138690199
006611,0,0.5001233078547019
006612,0,0.5004528390330114
006613,0,0.5003101435782025
006614,0,0.5013665715149022
006615,0,0.5002675881649787
006616,0,0.5004837722187089
006617,0,0.5003694285284317
006618,0,0.5013422478148881
006619,0,0.5001272121031054
006620,0,0.501391488661937
006621,0,0.5009439016266609
006624,0,0.5000379565334735
006625,0,0.5004517913159301
006626,0,0.5060125899751453
006627,0,0.500693364516266
006628,0,0.5027258879863498
006629,0,0.5048563101157506
006630,0,0.5004084467292084
006631,0,0.5005680245470725
006632,0,0.5006973833361869
006633,0,0.5004008572455327
006634,0,0.5000360538430945
006635,0,0.5004499458727
006636,0,0.5051405320425637
006637,0,0.5037328736155366
006638,0,0.5022374220754289
006639,0,0.5031177879880556
006640,0,0.5007803063444144
006641,0,0.5001188889421267
006642,0,0.5000951801710277
006643,0,0.5006977994596334
006644,0,0.5001712577264715
006645,0,0.5093677116293409
006646,0,0.5000909510145215
006647,0,0.5017168006539456
006648,0,0.5033351819464776
006649,0,0.5020668825268901
006650,0,0.5008849197875404
006651,0,0.5000347615344483
006652,0,0.5006665915717895
006653,0,0.5005261439915849
006654,0,0.5001599960110478
006655,0,0.5018745462632855
006656,0,0.5017851125043254
006657,0,0.5000385278137858
006658,0,0.5002329887640724
006659,0,0.500244412003068
006660,0,0.5009278589942833
006661,0,0.5001540925721639
006662,0,0.5015917246599269
006663,0,0.5013142277382677
006664,0,0.5023152029373241
006665,0,0.5001536649140429
006667,0,0.5010243250614189
006668,0,0.5015889096244628
006669,0,0.5016827196994792
006670,0,0.5001785646308061
006671,0,0.5015979904489185
006672,0,0.5030396219141473
006673,0,0.5004393532601201
006674,0,0.500623138419309
006675,0,0.5002553374893134
006676,0,0.5005735941123611
006677,0,0.5080663561754625
006678,0,0.5002497897954186
006680,0,0.5000832290161374
006681,0,0.5041838118893095
006682,0,0.5011272541373426
006683,0,0.5003206072766564
006684,0,0.5050166698059965
006685,0,0.5004932744210443
006687,0,0.5002319348128428
006688,0,0.5001293777031014
006689,0,0.5001266760392841
006690,0,0.5001991467478845
006691,0,0.5003088946762869
006692,0,0.5021500267062996
006693,0,0.5000570725073175
006694,0,0.5002081437151318
006695,0,0.5007142306896296
006696,0,0.5001486641727878
006697,0,0.5004543758665522
006698,0,0.501485424183448
006699,0,0.5001979946226849
006700,0,0.5005199405464887
006701,0,0.5004142358769754
006702,0,0.5007945741081538
006703,0,0.5001222769734175
006704,0,0.5002916747896301
006705,0,0.5002629828395668
006706,0,0.500432773280598
006707,0,0.5028004135099766
006708,0,0.5001518274683932
006709,0,0.5004067662482946
006710,0,0.5007457175768306
006711,0,0.5022493334493474
006712,0,0.5007318134992518
006713,0,0.5004594031345639
006714,0,0.5008502191463619
006716,0,0.500728068372707
006717,0,0.5005545227886543
006718,0,0.5000406825989218
006719,0,0.5005115135386444
006720,0,0.5006347503594463
006721,0,0.5001677955022807
006722,0,0.5011130244501694
006723,0,0.5005696086400484
006724,0,0.5007458876483364
006725,0,0.5014556584527451
006726,0,0.5004676560933655
006727,0,0.500374447857488
006728,0,0.5002916728151154
006729,0,0.500315419705457
006730,0,0.5017242052046192
006731,0,0.50049572914341
006732,0,0.50162279708761
006733,0,0.5002181193752383
006734,0,0.5011971000794504
006735,0,0.5000544631964149
006736,0,0.5099954974343965
006737,0,0.5014211871017074
006738,0,0.500307091009079
006739,0,0.5001300671628057
006740,0,0.5002875289962397
006741,0,0.5005622552340708
006742,0,0.5018451355552461
006743,0,0.5002419881448669
006744,0,0.5012896227379036
006745,0,0.5014528939536697
006746,0,0.5002291642602326
006747,0,0.5003414751697246
006748,0,0.5003620840155084
006749,0,0.5002466931228146
006750,0,0.5007508047597141
006751,0,0.500934836380283
006752,0,0.5006392568364446
006753,0,0.5007905439503839
006754,0,0.5000882936500648
006755,0,0.5007807844525441
006756,0,0.5010601640078448
006757,0,0.5005116135313252
006758,0,0.5023410934881368
006759,0,0.5005300433039425
006760,0,0.5013209564316778
006761,0,0.5025203895105224
006762,0,0.5001710567712935
006763,0,0.5002723097134669
006764,0,0.5001389370164345
006765,0,0.5008683328899435
006766,0,0.5007125302196305
006767,0,0.5004624884131231
006769,0,0.5007002458672529
006770,0,0.5005993152464211
006771,0,0.5002636345236466
006772,0,0.5011889721082817
006773,0,0.5027253932111663
006774,0,0.5005713490419541
006775,0,0.500141072173465
006776,0,0.5005287174840982
006777,0,0.5004673942457352
006779,0,0.5009110386020909
006780,0,0.5002866757881436
006781,0,0.5041663220920097
006782,0,0.5003548678679217
006783,0,0.50022859669702
006784,0,0.5002554245543747
006785,0,0.5100698981942696
006786,0,0.5029243562824961
006787,0,0.500166694254465
006788,0,0.5002114062370945
006789,0,0.5009620401789462
006790,0,0.5010444444638347
006791,0,0.5014920137899781
006792,0,0.5044799442938237
006794,0,0.5049963882014389
006795,0,0.5001342140753734
006797,0,0.5005053433318875
006798,0,0.5005975116719419
006799,0,0.5007239590332164
006800,0,0.5002642718983454
006801,0,0.5005703667636247
006802,0,0.5002737347671284
006803,0,0.5032800033825289
006804,0,0.5013353301770052
006805,0,0.5004161277914415
006806,0,0.5000133876700155
006807,0,0.5021146353353965
006808,0,0.5003541173359229
006809,0,0.5003145559776295
006810,0,0.5001373196485256
006811,0,0.5001937949774377
006812,0,0.5001622857075837
006813,0,0.5002376455378829
006814,0,0.5001531552809032
006815,0,0.5017620746889111
006816,0,0.5036825029984634
006817,0,0.5005891896973881
006818,0,0.5004615155788512
006819,0,0.5021654020015481
006820,0,0.5000768422792263
006821,0,0.5006371065682411
006822,0,0.5013935847638804
006823,0,0.5002631653030946
006824,0,0.500907610301281
006825,0,0.5001423075012098
006826,0,0.5031889682913012
006827,0,0.5001864074278776
006828,0,0.500157960068759
006829,0,0.5009096488955413
006830,0,0.5023987282255762
006831,0,0.5004132794361751
006832,0,0.5000422849727547
006833,0,0.5011406959745192
006834,0,0.5003543869074617
006835,0,0.5003371220575555
006836,0,0.5003878767203442
006837,0,0.500336564029359
006838,0,0.5006708758696208
006839,0,0.5002484312988201
006840,0,0.5005362149467848
006841,0,0.5000893632387432
006842,0,0.5000713260673784
006843,0,0.5036497410915244
006844,0,0.5007201943503397
006845,0,0.5003069135370556
006846,0,0.5005173363268721
006847,0,0.5002482484755391
006848,0,0.5001871544616108
006849,0,0.5025960812024614
006850,0,0.5000959420449761
006851,0,0.5032450944300496
006852,0,0.5012776510006063
006853,0,0.5001191405371657
006854,0,0.5014841529360071
006855,0,0.5018789897578214
006856,0,0.5003625668722568
006857,0,0.5009652818913984
006858,0,0.5002632091435231
006859,0,0.5000973446546726
006860,0,0.5016658565760763
006861,0,0.5009008362242686
006862,0,0.5006650855781879
006863,0,0.5063560410547
006864,0,0.5027413476887892
006865,0,0.5001058827287657
006866,0,0.5005016320537421
006867,0,0.5005946575250874
006868,0,0.5002382357533202
006869,0,0.5001613384999146
006870,0,0.5000719360881094
006871,0,0.5012595404485211
006872,0,0.5030686420023581
006873,0,0.5006752298528724
006874,0,0.5002665226543079
006875,0,0.5008622847348978
006876,0,0.5017445186530269
006878,0,0.5001819061017498
006879,0,0.5026029329299452
006880,0,0.5014416110294826
006881,0,0.5007484799662787
006882,0,0.5048554398743693
006883,0,0.5005942919613617
006884,0,0.5003143431511275
006885,0,0.5005186599249908
006886,0,0.500421287449173
006887,0,0.5002797171310597
006888,0,0.5003921009760371
006889,0,0.5007965519679881
006890,0,0.500084523323624
006891,0,0.5004635229633189
006892,0,0.5066665510930214
006893,0,0.5002858341234259
006894,0,0.5002979353418401
006895,0,0.5000656794126233
006896,0,0.5002380418675997
006897,0,0.5001980163062979
006898,0,0.501830139047342
006899,0,0.5003809202722185
006900,0,0.5002523217151621
006901,0,0.5002786477313653
006902,0,0.5010498402538324
006903,0,0.5017739336298688
006904,0,0.5007982852905847
006905,0,0.5000766264462895
006906,0,0.5016685568526141
006907,0,0.5003164955358449
006908,0,0.5004844171013383
006909,0,0.5029110329398788
006910,0,0.5001425647512421
006911,0,0.5002827740528434
006912,0,0.5000268363984138
006913,0,0.5003184149100014
006914,0,0.5005626447516714
006915,0,0.5019268096854547
006916,0,0.5000768754390048
006917,0,0.5018508607750342
006918,0,0.5004716684498042
006919,0,0.5028054931889586
006920,0,0.5002300914902373
006921,0,0.5000857366144107
006922,0,0.5005554792840289
006923,0,0.5005912281915504
006924,0,0.5004662686843746
006925,0,0.5006430042174213
006926,0,0.5000765958998773
006927,0,0.5015518934331716
006928,0,0.5105242184501878
006929,0,0.5008210136658787
006930,0,0.5006215425904822
006931,0,0.500663161654024
006932,0,0.5000760466500092
006933,0,0.5005050782343153
006934,0,0.5001419353700939
006935,0,0.5007920475312714
006936,0,0.5006082254639773
006937,0,0.5003782653473752
006938,0,0.5004014200643454
006939,0,0.500053126054961
006940,0,0.5002753108987585
006941,0,0.5000729051461151
006942,0,0.5002892610944866
006943,0,0.5084585571969947
006944,0,0.5003711826332741
006945,0,0.5006892795438304
006947,0,0.5002180082046284
006948,0,0.5074613772005131
006949,0,0.5052019885324254
006950,0,0.5015987853451475
006951,0,0.5001333708656989
006952,0,0.5062138033832877
006953,0,0.5009782347877646
006954,0,0.5003356153285384
006955,0,0.5004689825053209
006956,0,0.5009210426010448
006957,0,0.5003535141336862
006958,0,0.5033553887250819
006959,0,0.5002029894106153
006960,0,0.5005419316462496
006961,0,0.5019414464499447
006962,0,0.5002010389276306
006963,0,0.5001887258756695
006964,0,0.5004388874540909
006965,0,0.5018878579448458
006966,0,0.5001303052605812
006967,0,0.5003572266917291
006968,0,0.5018762855947655
006969,0,0.5012804493804326
006970,0,0.5023341513300813
006971,0,0.5010209618095559
006972,0,0.5010526334714338
006973,0,0.5001790038318711
006974,0,0.5024007665550788
006975,0,0.5003592462188394
006976,0,0.5002076650410454
006977,0,0.5012636989594695
006978,0,0.500846669109102
006979,0,0.5012930605945475
006980,0,0.5005429394833529
006981,0,0.5007071711056841
006982,0,0.5003647380172749
006983,0,0.5003386232464353
006984,0,0.5092710125013534
006985,0,0.5012316574114959
006986,0,0.5002497688786983
006987,0,0.5004174711964714
006988,0,0.5010586423336792
006989,0,0.5011531647351034
006990,0,0.5003134279623358
006991,0,0.5003292115580755
006992,0,0.5053630073805339
006993,0,0.5000729027878957
006994,0,0.5008995386551272
006995,0,0.5001177745357768
006996,0,0.5018030809175403
006997,0,0.5001144157610208
006998,0,0.5003918381441381
006999,0,0.5007222300410384
007000,0,0.5012098828870464
007001,0,0.5001727570376162
007002,0,0.5004362133549035
007003,0,0.5006205115949445
007004,0,0.5001156490309547
007005,0,0.5003674325817448
007006,0,0.5030320564904056
007007,0,0.5010398839291466
007008,0,0.5001830490493523
007009,0,0.5010682198519153
007010,0,0.5007296442745451
007011,0,0.5001237298078577
007012,0,0.5056976589491898
007013,0,0.5010265665614875
007014,0,0.5000732855265038
007015,0,0.5013805973344109
007016,0,0.5023630243679883
007017,0,0.5007353811755243
007018,0,0.5002633036387011
007019,0,0.5009254168458644
007020,0,0.500627036367973
007021,0,0.5000743722862167
007022,0,0.5002305156122808
007023,0,0.5006567954685521
007024,0,0.5020858915907624
007025,0,0.5019741612251575
007026,0,0.5014102965512829
007027,0,0.5024663273351646
007028,0,0.5001301702637012
007029,0,0.5004718813035447
007030,0,0.5004620619299988
007031,0,0.5005147186742741
007032,0,0.5004572887832239
007033,0,0.5018886203136416
007034,0,0.5039511211939518
007035,0,0.5007408253102711
007036,0,0.5006086451648641
007037,0,0.5001075662971507
007038,0,0.5005333368677234
007039,0,0.5005041688173146
007040,0,0.5004730701978201
007041,0,0.5003377076623836
007042,0,0.5008801154386101
007043,0,0.500394748448245
007044,0,0.500321685280324
007045,0,0.5001022271301134
007046,0,0.5000636127607128
007047,0,0.50016770766736
007048,0,0.5011039263293892
007049,0,0.5002996175604058
007050,0,0.50478832572677
007051,0,0.5008556931107827
007052,0,0.5006820292298588
007053,0,0.5000948714042357
007054,0,0.5020571819892901
007055,0,0.5001383640637126
007056,0,0.5071229890133389
007057,0,0.5019070593900553
007058,0,0.5004299877234939
007059,0,0.5004419077783672
007060,0,0.5030605697336359
007061,0,0.5036735436679737
007062,0,0.500263671797501
007063,0,0.50167098837654
007064,0,0.5008107651603758
007065,0,0.500141423917569
007066,0,0.5000930986381621
007067,0,0.5002758084682352
007068,0,0.5001437670111134
007069,0,0.5024255563694917
007070,0,0.5004041671753476
007071,0,0.5006840859875861
007072,0,0.5002374480778802
007073,0,0.5027801660224861
007074,0,0.5008344325708581
007075,0,0.5002715392319241
007076,0,0.5005974152258614
007077,0,0.5025184257606743
007078,0,0.5003987838686902
007079,0,0.5013302821243943
007080,0,0.5017367979003732
007081,0,0.5001277213575483
007082,0,0.5001159729219906
007083,0,0.5002022620262492
007084,0,0.5005927219956556
007085,0,0.5000974471891831
007086,0,0.5002288572850362
007087,0,0.5017440158819965
007088,0,0.5150445517743516
007089,0,0.5000260256058758
007090,0,0.5005000163053245
007091,0,0.5017021880457591
007092,0,0.5037459742410493
007094,0,0.5004984403065978
007095,0,0.5007284881813298
007096,0,0.500353479522307
007097,0,0.5005473889637221
007098,0,0.5011597107900606
007099,0,0.5010892343882263
007100,0,0.5001879158626694
007101,0,0.5005013096195272
007102,0,0.5001712824945226
007103,0,0.5004453932231265
007104,0,0.5008315760166044
007105,0,0.5004251326726352
007106,0,0.5007387149304123
007107,0,0.5007716900354494
007108,0,0.5003052971961001
007109,0,0.5003078737587054
007110,0,0.5011486993855662
007111,0,0.500398050595738
007112,0,0.5000968316365874
007113,0,0.5003516243053164
007114,0,0.5003226210745699
007115,0,0.5004571809595993
007116,0,0.5005735821799536
007117,0,0.540211523752434
007118,0,0.5001401549662999
007119,0,0.5006912945446929
007120,0,0.5002578123567518
007121,0,0.500440168886384
007122,0,0.5131843808798939
007123,0,0.5001060504125944
007124,0,0.5007823390519297
007125,0,0.5029785080462764
007126,0,0.5025593512228973
007127,0,0.5000527812715895
007128,0,0.5008953416698626
007129,0,0.5005725345523465
007130,0,0.5011960283236856
007131,0,0.5014093343477125
007132,0,0.5006423209576705
007133,0,0.5002094766601695
007134,0,0.5001438512853109
007135,0,0.5006939034427441
007136,0,0.5016310557505025
007137,0,0.5005077626851459
007138,0,0.5002749146026766
007139,0,0.5042465472929966
007140,0,0.5002244210433545
007141,0,0.500151934042432
007142,0,0.5010524329984523
007143,0,0.5001924669095491
007144,0,0.5002118688935703
007145,0,0.5010997433845705
007146,0,0.500310406397632
007147,0,0.5002672780274079
007148,0,0.5054145911032164
007149,0,0.5007558920818962
007150,0,0.500347466121001
007151,0,0.5007550737845189
007152,0,0.5001789438313364
007153,0,0.5063956110422495
007154,0,0.5014636976762141
007155,0,0.5015677087766249
007156,0,0.5004840659129353
007157,0,0.5059423533540038
007158,0,0.5006503743403071
007159,0,0.5006764874824015
007160,0,0.5001901310561524
007161,0,0.5004673110625439
007162,0,0.5033089026256281
007163,0,0.500278686395987
007164,0,0.5002070076286503
007165,0,0.5001906227264351
007166,0,0.5001979636648358
007167,0,0.5001261598540232
007168,0,0.5050778162109383
007169,0,0.5003290171983084
007170,0,0.5006179029086003
007171,0,0.5008672615618118
007172,0,0.5010518395968622
007173,0,0.5043256392719053
007174,0,0.5119784362593306
007175,0,0.500453554036873
007176,0,0.5003345462041396
007177,0,0.5005464025864137
007178,0,0.5029370282773838
007179,0,0.5003964703925121
007180,0,0.500053507829998
007181,0,0.5002198331854234
007182,0,0.5006028843093789
007183,0,0.50156713529071
007184,0,0.5003319123185295
007185,0,0.500668539030381
007186,0,0.5000584129153518
007187,0,0.500139525894804
007188,0,0.5001833818344916
007189,0,0.5001181991233832
007190,0,0.500242065612475
007191,0,0.5052619813833611
007192,0,0.5000283230952869
007193,0,0.5021860513763554
007194,0,0.5006539732044488
007195,0,0.5006332115231137
007196,0,0.5012603472630245
007197,0,0.5001805166087365
007198,0,0.5006980253567112
007199,0,0.5019146285188623
007200,0,0.5004190242218639
007201,0,0.5000797134983357
007202,0,0.5004243428550227
007203,0,0.5006200186897782
007204,0,0.5005023086139117
007205,0,0.5001626090652505
007206,0,0.5000363112755738
007207,0,0.5001623969847627
007208,0,0.5012394566122027
007209,0,0.5000663713739586
007210,0,0.5004514645315062
007211,0,0.5010363871376196
007212,0,0.5006539680636983
007213,0,0.501260582594889
007214,0,0.5006426485047423
007215,0,0.5004996093460834
007216,0,0.5002152208840605
007217,0,0.5016136244906286
007219,0,0.5007329681909473
007220,0,0.5001818619170614
007221,0,0.5011610887110597
007222,0,0.5004895092981898
007223,0,0.5004685170812537
007224,0,0.5010747710123921
007225,0,0.5004411616318165
007226,0,0.5001211885490957
007227,0,0.5002117217008856
007228,0,0.5010942797639303
007229,0,0.5007102715163754
007230,0,0.503765091598146
007231,0,0.5004215249357673
007232,0,0.5011496934344405
007233,0,0.5004388036832778
007234,0,0.5016300648024913
007235,0,0.5003338685477423
007236,0,0.5011995347980486
007237,0,0.5023525103870441
007238,0,0.5001290137227793
007239,0,0.5010101170001382
007240,0,0.500295868582006
007241,0,0.5002885478480896
007242,0,0.5018883955514648
007243,0,0.500488705119625
007244,0,0.5019269650605774
007245,0,0.5000888856061859
007246,0,0.5004485383000015
007247,0,0.5008619536729996
007248,0,0.5011158103992848
007249,0,0.5048265388771374
007250,0,0.506241469263683
007251,0,0.5001371490318339
007252,0,0.5006955345277087
007253,0,0.5010653795708547
007254,0,0.5011267740890798
007255,0,0.5029590535334534
007256,0,0.5001348513399263
007257,0,0.5021407495020177
007258,0,0.5000864322320501
007259,0,0.5041168464516659
007260,0,0.501177313054188
007261,0,0.5027667574051975
007262,0,0.5027139820944928
007263,0,0.5000523630232231
007264,0,0.5002761710425878
007265,0,0.5110137703156087
007266,0,0.5021267102129657
007267,0,0.5001926236074975
007268,0,0.5017722568185687
007269,0,0.5007024177234957
007270,0,0.5002997328137485
007271,0,0.5002222676430269
007272,0,0.5024374800574146
007273,0,0.5000969811333424
007274,0,0.500586565070158
007275,0,0.5002714498780976
007276,0,0.5010250259689473
007277,0,0.504385947603337
007278,0,0.500540093325503
007279,0,0.5002834876413267
007280,0,0.5002615512923541
007281,0,0.500433474565311
007282,0,0.5009441483275748
007283,0,0.5005565707340889
007284,0,0.5002346365642965
007285,0,0.5030398838315925
007286,0,0.5017276040931505
007287,0,0.5001866733046076
007288,0,0.5010485760921198
007289,0,0.5003115729123838
007290,0,0.500106588020861
007291,0,0.5004020002910411
007292,0,0.5011941222097784
007293,0,0.5007816418061743
007294,0,0.5006708578288591
007295,0,0.500125497115661
007296,0,0.5018460222322585
007297,0,0.5001937268529209
007298,0,0.5002636503056967
007299,0,0.5003486098166909
007300,0,0.5003623348497884
007301,0,0.5000685365600058
007302,0,0.501313004687173
007303,0,0.5004056278225083
007304,0,0.500957461923786
007305,0,0.5013072638430047
007306,0,0.5012372627843525
007307,0,0.5018334878476995
007308,0,0.5009655096441411
007309,0,0.5000781579918628
007310,0,0.5024916833623192
007311,0,0.5001102068069833
007312,0,0.5034439045193503
007313,0,0.5002790132812244
007314,0,0.5009194027281039
007315,0,0.5001434404343111
007316,0,0.5011056528115287
007317,0,0.5009610858367135
007318,0,0.5007941383172344
007319,0,0.5009813556086117
007320,0,0.5008164385075313
007321,0,0.5003006229759807
007322,0,0.501296550113722
007323,0,0.5002372792304339
007324,0,0.5007030510867285
007325,0,0.5004242913853936
007326,0,0.5001536399050003
007327,0,0.5012800762893671
007328,0,0.5001961741510584
007329,0,0.5001790917342949
007330,0,0.5003377791688733
007331,0,0.5006405798357538
007332,0,0.5004016619563109
007333,0,0.5009168449020496
007334,0,0.5001857191443373
007335,0,0.5001538889774749
007336,0,0.500495210694673
007337,0,0.5017931481753547
007338,0,0.5008406619285066
007339,0,0.5001172548666615
007340,0,0.5001829823794929
007341,0,0.5007687879521915
007342,0,0.5001128253795069
007343,0,0.500313422871521
007344,0,0.5001828812562906
007345,0,0.5010083236840247
007346,0,0.5002455476399239
007347,0,0.5007625887787414
007348,0,0.5008843414119455
007349,0,0.500075642069135
007350,0,0.501325017527241
007351,0,0.5011328837238366
007352,0,0.5007348979243538
007353,0,0.5016491176699185
007354,0,0.5000881301596081
007355,0,0.5001451835656772
007356,0,0.5000923110869286
007357,0,0.5003008301297591
007358,0,0.5002114108962913
007359,0,0.5006717544989975
007360,0,0.5015406929620572
007361,0,0.500340097654091
007362,0,0.5001504743714997
007363,0,0.5002186610015704
007364,0,0.5006983283876296
007365,0,0.5011815460843465
007366,0,0.5007527044430325
007367,0,0.5000981576692942
007368,0,0.5012211699644725
007369,0,0.5004444787763858
007370,0,0.5007267249647894
007371,0,0.5018852288888552
007372,0,0.5004546841972568
007373,0,0.5005112623234024
007374,0,0.5005054862108992
007375,0,0.5002330843103703
007376,0,0.5004018828273709
007377,0,0.5002726426233323
007378,0,0.5028027132134585
007379,0,0.5000748662926825
007380,0,0.5028602253758252
007381,0,0.5028556439602624
007382,0,0.5004461855845865
007383,0,0.5008921883933587
007384,0,0.5005882404734592
007385,0,0.5006708691470673
007386,0,0.5004359099527173
007387,0,0.5001497440121475
007388,0,0.5002117148356395
007389,0,0.5001789362026989
007390,0,0.5000794213307116
007391,0,0.5021990303757157
007392,0,0.5003811670182323
007393,0,0.5005049107210069
007394,0,0.5002071287254383
007395,0,0.5001388224085543
007396,0,0.5003822652254425
007397,0,0.5144144001658236
007398,0,0.5004304801112041
007399,0,0.5002379240293515
007400,0,0.5004249659178032
007401,0,0.5000501349563286
007402,0,0.50026364901418
007403,0,0.5000495302858746
007404,0,0.5013831024733396
007405,0,0.5000845888641448
007406,0,0.5062307381707017
007407,0,0.5007829786780745
007408,0,0.5032348298177423
007409,0,0.5004929786650654
007410,0,0.5005637794866431
007411,0,0.5011647696615669
007412,0,0.5002679947846146
007413,0,0.5008670234232395
007414,0,0.5007567952922859
007415,0,0.5013663745570516
007416,0,0.5004416725028634
007417,0,0.5008398748338856
007418,0,0.5004888425435787
007419,0,0.500752185017442
007420,0,0.5022894854919758
007421,0,0.5000646558895584
007422,0,0.5000957126936505
007423,0,0.5001038236286659
007424,0,0.5004523859188059
007425,0,0.5001712400631493
007426,0,0.500387936545005
007427,0,0.5018414165107852
007428,0,0.5077953116405811
007429,0,0.5001150894082619
007430,0,0.503068673955165
007431,0,0.5003744392808538
007432,0,0.5001241941030514
007433,0,0.5016253617902691
007434,0,0.5008692690762347
007435,0,0.5004020491150045
007436,0,0.5004881238729746
007437,0,0.5003390442778537
007438,0,0.500457924308302
007439,0,0.5001200295471042
007440,0,0.5002768322359091
007441,0,0.5013337056148597
007442,0,0.5010163242491827
007443,0,0.5005191063342033
007444,0,0.5003903724701042
007445,0,0.5012061619687603
007446,0,0.5012269098441696
007447,0,0.5001931561498356
007448,0,0.5044064686741689
007449,0,0.5009829009474769
007450,0,0.5002542335038428
007451,0,0.5020391370410688
007452,0,0.5003394069791891
007453,0,0.5011835864154675
007454,0,0.500248088832031
007455,0,0.5003096038465994
007456,0,0.5000538044444602
007457,0,0.5004158339466726
007458,0,0.5003085689735065
007459,0,0.5001938253462473
007460,0,0.5066766215410016
007461,0,0.5013105841227516
007462,0,0.52854371614215
007463,0,0.5002884000626303
007464,0,0.5004150590313289
007465,0,0.5002407256837453
007466,0,0.5002189560525153
007467,0,0.5002361688935714
007468,0,0.5002207095422364
007469,0,0.5001774905861828
007470,0,0.5008100471893284
007471,0,0.5001344422114556
007472,0,0.5004432888283387
007473,0,0.5001216266383691
007474,0,0.5005894959543945
007475,0,0.501145074119407
007476,0,0.5013951040167061
007477,0,0.5002624916212182
007478,0,0.5001410449327738
007479,0,0.5006649285929349
007480,0,0.5011383570167393
007481,0,0.5011290277908287
007482,0,0.5007256938433859
007483,0,0.5001121790419445
007484,0,0.500062632058826
007485,0,0.5009254140786041
007486,0,0.5005427814409459
007487,0,0.5006069168375842
007488,0,0.500188471205424
007489,0,0.5000809455229304
007490,0,0.5058977810152204
007491,0,0.5013823349400808
007492,0,0.5004608870156146
007493,0,0.5003881278957033
007494,0,0.5009393845493738
007495,0,0.5002829519330709
007496,0,0.5040639070583278
007497,0,0.5038078749462306
007498,0,0.5016388095457786
007499,0,0.5001068819077555
007500,0,0.500810891803465
007501,0,0.500256005718596
007502,0,0.5003682943940942
007503,0,0.5006188236949632
007504,0,0.5013362845600404
007505,0,0.501009843100999
007506,0,0.504227819197708
007507,0,0.5000563177005595
007508,0,0.5006250839449069
007509,0,0.5002336679843628
007510,0,0.500283341168809
007511,0,0.5205083730469448
007512,0,0.5006959000246378
007513,0,0.500233777563898
007514,0,0.5007268015150229
007515,0,0.5002127730243716
007516,0,0.5004713817946018
007517,0,0.5001333855650916
007518,0,0.500066455088995
007519,0,0.5003771216656608
007520,0,0.5002764001846429
007521,0,0.5073362611017909
007522,0,0.5017656082717186
007523,0,0.5014483829464128
007524,0,0.5001866295821183
007525,0,0.5044473473440624
007526,0,0.5000355139925319
007527,0,0.5005244508627215
007528,0,0.5000619026617079
007529,0,0.5002039181613049
007530,0,0.5001165898254833
007531,0,0.5001581419426697
007532,0,0.5001364895153494
007533,0,0.5004660549252259
007534,0,0.5001795568954747
007535,0,0.5011107049506933
007536,0,0.5003176068027799
007537,0,0.5007596420135253
007538,0,0.500196793387695
007539,0,0.5019650931831326
007540,0,0.5021610674539343
007541,0,0.5006943503799315
007542,0,0.500224171773669
007543,0,0.5007090278858766
007544,0,0.5005987629568526
007545,0,0.5002254457644172
007546,0,0.5000483701648551
007547,0,0.500420017352446
007548,0,0.5004363884164786
007549,0,0.500696998355869
007550,0,0.5018898754766499
007551,0,0.5018499536522523
007552,0,0.5002081367521998
007553,0,0.5026124478550551
007554,0,0.5006850182124271
007555,0,0.5003211829259774
007556,0,0.5018614202100696
007557,0,0.5002471406471568
007558,0,0.5023560541701342
007559,0,0.5001661178349754
007560,0,0.5017334513285355
007561,0,0.5004616350492846
007562,0,0.5007297882455173
007563,0,0.5003705300098195
007564,0,0.5010754128137787
007565,0,0.5009348635379002
007566,0,0.5020419487448614
007567,0,0.5002282691988071
007568,0,0.5002959576243781
007569,0,0.5002063959009684
007570,0,0.5005976412923993
007571,0,0.5006124268172155
007572,0,0.5008368010837813
007573,0,0.5001716892337473
007574,0,0.5007592698102933
007575,0,0.5008662485503761
007576,0,0.5002460922529631
007577,0,0.5024861323390906
007578,0,0.5001710114380584
007579,0,0.5012393629265185
007580,0,0.5024135153087708
007581,0,0.5004631908325181
007582,0,0.5027444185939808
007583,0,0.5004941777588965
007584,0,0.5004332176038291
007585,0,0.5052446363353381
007586,0,0.5008707842146596
007587,0,0.5001941918294681
007588,0,0.5020613666018051
007589,0,0.5013668120629978
007590,0,0.5004511765264793
007591,0,0.5000647060221538
007592,0,0.5001380637608256
007593,0,0.5017058213071771
007594,0,0.5009653649438801
007595,0,0.5005242666412292
007596,0,0.500299700216369
007597,0,0.5003287655044629
007598,0,0.500031700992466
007599,0,0.505866451084193
007600,0,0.5000540777379323
007601,0,0.5001794539170011
007602,0,0.5007231346470307
007603,0,0.5006518971786744
007604,0,0.5019447334586746
007605,0,0.5004604234800504
007606,0,0.5001534367785481
007607,0,0.5005816551350774
007608,0,0.5001218357280165
007609,0,0.5007068487398623
007610,0,0.5014893858197578
007611,0,0.5008559285187009
007612,0,0.5000780820470689
007613,0,0.5006310516410025
007614,0,0.5004017838241402
007615,0,0.5006380359366888
007616,0,0.5004896393612631
007617,0,0.5001471656180538
007618,0,0.5015036475741409
007619,0,0.500724716472501
007620,0,0.5002541478879917
007621,0,0.5008997518862478
007622,0,0.5006262335615218
007623,0,0.5011532849018699
007624,0,0.5005908182970547
007625,0,0.5002596017989142
007626,0,0.5002680606622939
007627,0,0.5002497116383852
007628,0,0.5001420777342105
007629,0,0.5005070758521727
007630,0,0.500427774364661
007631,0,0.5000626042668428
007632,0,0.5001737995736529
007633,0,0.506378690633474
007635,0,0.5002986428100547
007637,0,0.500389600436394
007638,0,0.5010414945477737
007639,0,0.5003013798517969
007640,0,0.5001994211927926
007641,0,0.5027641034359657
007642,0,0.5001874423832471
007643,0,0.5014333892371531
007644,0,0.5004557399411658
007646,0,0.5002069994465228
007647,0,0.5001794051655403
007648,0,0.5107355200548519
007649,0,0.5003221899440258
007650,0,0.5003379004892075
007651,0,0.5007248470673114
007652,0,0.5029195898739863
007653,0,0.5003591655562565
007654,0,0.5006536635046497
007655,0,0.5004034029065296
007656,0,0.5001767838492818
007657,0,0.5002911634565557
007658,0,0.5003553233373718
007659,0,0.5003696090123048
007660,0,0.5003412222675234
007661,0,0.5001464099437815
007662,0,0.5015518128640659
007663,0,0.5015260630241295
007664,0,0.500207907338279
007665,0,0.5003289744120571
007666,0,0.5006439634021745
007667,0,0.5028666925530797
007668,0,0.5001507497157942
007669,0,0.5003904567365942
007670,0,0.5036383520620757
007671,0,0.5001146416632636
007672,0,0.5002288292603293
007673,0,0.5001422370106264
007675,0,0.5011195932254372
007676,0,0.5004589100572171
007677,0,0.5005013247981244
007678,0,0.500074523651487
007679,0,0.5002357785745689
007680,0,0.5017903252128304
007681,0,0.5006161492453785
007682,0,0.5017103428567936
007683,0,0.5002032136805816
007684,0,0.500923423756274
007685,0,0.5000764169775936
007686,0,0.5028307044205326
007687,0,0.5008299518374122
007688,0,0.5016408078123381
007689,0,0.5003821650385303
007690,0,0.5003726160127371
007691,0,0.5014128398503155
007692,0,0.5005619793172614
007693,0,0.5004293727365936
007694,0,0.500807443033994
007695,0,0.5010637392308461
007696,0,0.500076093399063
007697,0,0.5002977268839475
007698,0,0.5027010203889453
007699,0,0.500143374146077
007700,0,0.5023948544595576
007701,0,0.5005898420398989
007702,0,0.5007162849920135
007703,0,0.5017621146213036
007704,0,0.5003187499506829
007705,0,0.5002159892902369
007706,0,0.5004073022990753
007707,0,0.5006058045829674
007708,0,0.5001363031000061
007709,0,0.500259772205166
007710,0,0.5008015633609976
007711,0,0.5001825671914643
007712,0,0.5000985121492567
007713,0,0.501931522942754
007714,0,0.5016771660760069
007715,0,0.5012055707761531
007716,0,0.5005839279683643
007717,0,0.5007498873987034
007718,0,0.500195926597397
007719,0,0.5012084723308847
007720,0,0.500113539921286
007721,0,0.5001012773392405
007722,0,0.5007575541813026
007723,0,0.5000875629021533
007724,0,0.5004336920332052
007725,0,0.5011440312443529
007726,0,0.5003187265141662
007727,0,0.5001378584621022
007728,0,0.5008836354809386
007729,0,0.504074578276799
007730,0,0.5001985985550986
007731,0,0.5019131893919796
007732,0,0.5002241840835676
007733,0,0.500235310115576
007734,0,0.5005797360474014
007735,0,0.5013764134760014
007736,0,0.5009010478770884
007737,0,0.5003123592473907
007738,0,0.5007631744280381
007739,0,0.5000746677367097
007740,0,0.5031169325659037
007741,0,0.5055383099731567
007742,0,0.5005580080566056
007743,0,0.500104043896384
007744,0,0.5001226587771324
007745,0,0.5004106243894559
007746,0,0.5012269858974603
007747,0,0.5004020492656439
007748,0,0.5005089085175556
007749,0,0.5005053059339333
007750,0,0.5178822137125355
007751,0,0.5006823708558099
007752,0,0.5001811871653388
007753,0,0.5019480898457264
007754,0,0.5003976528736056
007755,0,0.5001903557712511
007756,0,0.5001434499030388
007757,0,0.5009760420356835
007758,0,0.5017676346476555
007759,0,0.5001035405785946
007760,0,0.5001542062252959
007761,0,0.5001358190946604
007762,0,0.5002104254715836
007763,0,0.500537531374126
007764,0,0.500809284870122
007765,0,0.507865951641551
007766,0,0.5003940997611325
007767,0,0.50227233409389
007768,0,0.5003263684744493
007769,0,0.5011949550207807
007770,0,0.5000643481070207
007771,0,0.5001212782310557
007772,0,0.500936184373129
007773,0,0.5005420829346421
007774,0,0.50032919378721
007775,0,0.5009374539573166
007776,0,0.500387510430185
007777,0,0.5004749290490235
007778,0,0.5005347932532818
007779,0,0.5000860378804809
007780,0,0.5004375679373193
007781,0,0.5003564269443218
007782,0,0.5002187434299709
007783,0,0.5004680414840181
007784,0,0.5005905843103412
007785,0,0.5023599158776691
007786,0,0.5034850939610793
007787,0,0.5003365900908461
007788,0,0.500569823810608
007789,0,0.500835084340451
007790,0,0.5011755084461851
007791,0,0.500558175473171
007792,0,0.5004092028174602
007793,0,0.5007672149681865
007794,0,0.5000477702106232
007795,0,0.5001407169937162
007796,0,0.5002889662251705
007797,0,0.5001863543403238
007798,0,0.5016164329481707
007799,0,0.5006887832437382
007800,0,0.5002611847650132
007801,0,0.5007334717413067
007802,0,0.5003996590519945
007803,0,0.5015368799237443
007804,0,0.5001417115749046
007805,0,0.5074025118027381
007806,0,0.5002110698167798
007807,0,0.5004331968924738
007808,0,0.5001506730733726
007809,0,0.5008118185322684
007810,0,0.500574176506116
007811,0,0.5013090479208204
007812,0,0.5000755862718295
007814,0,0.5001305833794139
007815,0,0.5009139584446345
007816,0,0.5005511310082303
007817,0,0.5005561700856206
007818,0,0.5023563740804236
007819,0,0.5002001954342852
007820,0,0.5008112522420446
007821,0,0.5123426271894153
007822,0,0.5023553742100145
007823,0,0.5003708797111058
007824,0,0.5004044106771797
007825,0,0.5006217693628056
007826,0,0.50012277394698
007827,0,0.5014580583010193
007828,0,0.5033466985908409
007829,0,0.5002937351720308
007830,0,0.5002624560804513
007831,0,0.5002045529559128
007832,0,0.5021801335823308
007833,0,0.5019451104674523
007834,0,0.501323833622393
007835,0,0.5009635097086195
007836,0,0.501091966310072
007837,0,0.5001257386699705
007838,0,0.500097662341776
007839,0,0.5002285841530936
007840,0,0.500523065285894
007841,0,0.5001259827896793
007842,0,0.5003357574702196
007843,0,0.5006423038577192
007844,0,0.5000711091053314
007845,0,0.5003282415756205
007846,0,0.5001661193645116
007847,0,0.5049928905410792
007848,0,0.5005125542746706
007849,0,0.5005275608923401
007850,0,0.5002194455618911
007851,0,0.5001503877961291
007853,0,0.5016710094895886
007854,0,0.5005079682719719
007855,0,0.507550593472876
007856,0,0.500053809638372
007857,0,0.5000951251796294
007858,0,0.5001823312702651
007859,0,0.5006126858626319
007860,0,0.5042099677137922
007862,0,0.5000570256049706
007863,0,0.5023915883559271
007864,0,0.5001204822777321
007865,0,0.5006161677511325
007866,0,0.5039783131632465
007867,0,0.5007274184644229
007868,0,0.5000554807931347
007869,0,0.5040761441561009
007870,0,0.5003134349988699
007871,0,0.5002157546251537
007872,0,0.5004673083772041
007873,0,0.5003321348244767
007874,0,0.5003762059049676
007875,0,0.5020934715977746
007876,0,0.5003631272605144
007877,0,0.5004738506930436
007878,0,0.501121355336467
007879,0,0.5010204026610174
007880,0,0.5001541270394866
007881,0,0.500057239203612
007882,0,0.5003273717043453
007883,0,0.5009104627917175
007884,0,0.5012193767911528
007885,0,0.5020723299456252
007886,0,0.5004061161317792
007887,0,0.5006549598049197
007888,0,0.5001389310451708
007889,0,0.5000334546347682
007890,0,0.5027746150270502
007892,0,0.500100171452766
007893,0,0.5000857741640441
007894,0,0.5039663456183626
007895,0,0.5003036516713413
007896,0,0.5001614328471172
007897,0,0.500331530161323
007898,0,0.5001624825304125
007899,0,0.5000722083407074
007901,0,0.5041068764641526
007902,0,0.5037990844987811
007904,0,0.5005730510063631
007905,0,0.5000806446563291
007906,0,0.5002877709430098
007907,0,0.5005382290760456
007908,0,0.5000826765386435
007909,0,0.5007967116096758
007910,0,0.5012419120333653
007911,0,0.5004626016709375
007912,0,0.5024137969164592
007913,0,0.5005976981825179
007914,0,0.5003299208313977
007915,0,0.5002395224503
007916,0,0.5027039937787793
007917,0,0.5023299320734405
007918,0,0.5007129588581484
007919,0,0.5010298377788195
007920,0,0.5008222333495519
007921,0,0.5004846507878166
007922,0,0.5002853250879156
007923,0,0.5000703739445255
007924,0,0.5002797316346705
007925,0,0.501872854518185
007926,0,0.5002679486877384
007927,0,0.5007733090237574
007928,0,0.5045154510660745
007929,0,0.5012123105115679
007930,0,0.505880459347094
007931,0,0.5030934426507939
007932,0,0.5003051388555788
007933,0,0.5004397511595767
007934,0,0.5005441943796669
007935,0,0.5027844817286236
007936,0,0.5041626985101901
007937,0,0.5009729335013987
007938,0,0.5031175808870318
007939,0,0.5001049241110217
007940,0,0.5003202845175383
007941,0,0.5001328099034204
007942,0,0.5005561583770846
007943,0,0.5003808099509703
007944,0,0.5006872442373811
007945,0,0.5004095011624298
007946,0,0.5001143996408726
007947,0,0.5004848932171714
007948,0,0.5031566293759653
007949,0,0.5003100799337772
007950,0,0.500124107815025
007951,0,0.5001940324508453
007952,0,0.5012810537712025
007953,0,0.5002987968432191
007954,0,0.5000553679436126
007955,0,0.5002377522139421
007956,0,0.5005715377255232
007957,0,0.5003455615036249
007958,0,0.5012436363646676
007959,0,0.5072189267502973
007960,0,0.5002937560204953
007961,0,0.5005230459432005
007962,0,0.5003299115406464
007964,0,0.5002914122599346
007965,0,0.5002188050078605
007966,0,0.5001467354714048
007967,0,0.5002867981450125
007968,0,0.5012571356231325
007969,0,0.5003049044382488
007970,0,0.5003343258748792
007971,0,0.5002399504334557
007972,0,0.5327618276750641
007973,0,0.5129279136358484
007974,0,0.5006791136584556
007975,0,0.5004629534126517
007976,0,0.5002124358542737
007977,0,0.5012554526528288
007978,0,0.5000830634965671
007979,0,0.500847462909431
007980,0,0.5002493900401306
007981,0,0.5000671066295443
007982,0,0.5006576685049868
007983,0,0.5003125401745381
007984,0,0.500265986526915
007985,0,0.504938142646351
007986,0,0.5021891302771115
007987,0,0.5009710353062582
007988,0,0.5000760780934429
007989,0,0.5001663029799774
007990,0,0.5002623960133743
007991,0,0.5012733724327393
007992,0,0.5002897339146465
007993,0,0.5001575260329751
007994,0,0.5003957112019296
007995,0,0.5025529524237423
007996,0,0.5001008109109579
007997,0,0.5009840042419799
007998,0,0.5006938863806871
007999,0,0.5004823138307423
008000,0,0.5010744564061625
008001,0,0.5004549613597382
008002,0,0.5029459397902487
008003,0,0.5002805774474068
008004,0,0.5001629262867849
008005,0,0.5004164293720396
008006,0,0.5019684969878921
008007,0,0.500118462552308
008008,0,0.5013388716265358
008009,0,0.5026005946591008
008010,0,0.5001747395803859
008011,0,0.5009210779070377
008012,0,0.5011966379753143
008013,0,0.5014858304276034
008014,0,0.5006894105380417
008015,0,0.5009300996405769
008016,0,0.500732165973227
008017,0,0.5005983311733807
008018,0,0.5007711431043382
008019,0,0.5003402690266612
008020,0,0.500468887010809
008021,0,0.500470104994791
008022,0,0.5014037163529289
008023,0,0.5001150101809572
008024,0,0.5032407698657314
008025,0,0.5004215428921707
008026,0,0.500894795836253
008027,0,0.5002418473499138
008028,0,0.5005981349351554
008029,0,0.5004583981037067
008030,0,0.5003200225998714
008031,0,0.5006180834023394
008032,0,0.5018903240048679
008033,0,0.5003314188729705
008034,0,0.5005595118316548
008035,0,0.5017057494778263
008036,0,0.5020532312244154
008037,0,0.500927463344398
008038,0,0.5009650250925756
008039,0,0.5001406373386342
008040,0,0.5013210082391488
008041,0,0.5002377127294139
008042,0,0.5021449795128876
008043,0,0.5002374554804023
008044,0,0.5003571594732172
008045,0,0.5000781731599648
008046,0,0.5035512343611086
008047,0,0.5010912186373868
008048,0,0.5005928061734117
008049,0,0.5009723683786969
008050,0,0.5005453728922822
008051,0,0.5006983378945823
008052,0,0.5004418118823085
008053,0,0.5008970885827216
008054,0,0.5003331675905267
008055,0,0.5037771146608119
008056,0,0.5004602555642114
008057,0,0.5004470530684308
008058,0,0.5020436049932384
008059,0,0.502612891588706
008060,0,0.5000760022795816
008061,0,0.5000937395432663
008062,0,0.5004010955152423
008063,0,0.5012144760044791
008064,0,0.5012549772265268
008065,0,0.5012201383271344
008066,0,0.503142198002978
008067,0,0.5002359329659253
008068,0,0.5007391167126235
008069,0,0.513893629367139
008070,0,0.5004666302560324
008071,0,0.5002131698913542
008072,0,0.5002006193420567
008073,0,0.5019316123098458
008074,0,0.5001073808812095
008075,0,0.5008116472099399
008076,0,0.5001107365897306
008077,0,0.502006283761748
008078,0,0.5015827153954876
008079,0,0.5011474724214873
008080,0,0.5014039094183337
008081,0,0.5025467960323363
008082,0,0.5039172567548114
008083,0,0.5008396795322081
008084,0,0.5005940510713004
008085,0,0.500892900911639
008086,0,0.5001126309703898
008087,0,0.5003161153832132
008088,0,0.5002157121704857
008089,0,0.5003218102001322
008090,0,0.5001165017199941
008091,0,0.5002084721045437
008092,0,0.5003138851656146
008093,0,0.5004003069690841
008094,0,0.5004881346787706
008095,0,0.5033178402389382
008096,0,0.5002075611644281
008097,0,0.5001461818248204
008098,0,0.5002953512465418
008099,0,0.5002354314054513
008100,0,0.5040153679228471
008101,0,0.5002377054868449
008102,0,0.500176510254712
008103,0,0.5006987567554118
008104,0,0.5002725004401518
008105,0,0.5047160885960453
008106,0,0.5194140680450673
008107,0,0.5023970373701183
008108,0,0.5003956344085493
008109,0,0.5002429415850317
008110,0,0.5001953387487175
008111,0,0.5041735771543723
008112,0,0.5013649775790401
008113,0,0.5004282067078692
008114,0,0.5009520336619503
008115,0,0.5000350452957767
008116,0,0.5044101161373408
008117,0,0.5047495235312982
008118,0,0.5005323433690153
008119,0,0.5004405961181524
008120,0,0.501764849967663
008121,0,0.5022050575434477
008122,0,0.5002440917891223
008123,0,0.5008849576018667
008124,0,0.5002640771277673
008125,0,0.5001171836303953
008126,0,0.5011862146567745
008127,0,0.5047812779550612
008128,0,0.5005134113495062
008129,0,0.500380628140985
008130,0,0.500076956787258
008131,0,0.5001351915791105
008132,0,0.5021039549890464
008133,0,0.5020221459571674
008134,0,0.50785342683307
008135,0,0.5000861474401552
008136,0,0.505253890021675
008137,0,0.501045309043918
008138,0,0.5004627660155524
008139,0,0.5053717687989601
008140,0,0.5001702424704645
008142,0,0.5004709595836975
008143,0,0.5010685841779469
008144,0,0.5003782911217042
008145,0,0.5005501620102042
008147,0,0.500345021724806
008148,0,0.500634723913545
008149,0,0.5000316881146513
008150,0,0.5003521561641365
008151,0,0.5004378099191872
008152,0,0.5029596372087547
008153,0,0.5002102524487518
008154,0,0.5002360975654152
008155,0,0.5035549328003371
008156,0,0.5012700009970057
008157,0,0.5085038735142653
008158,0,0.50166911769192
008159,0,0.5003486880851736
008160,0,0.5004970971391535
008161,0,0.5008232233606172
008162,0,0.5001377469155788
008163,0,0.5000780647345215
008164,0,0.5005317478289396
008165,0,0.5013757088640366
008166,0,0.5003900803677551
008167,0,0.5008763117842737
008168,0,0.5001686437380019
008169,0,0.509277944936987
008170,0,0.5001670434741956
008171,0,0.5005481983229316
008172,0,0.5002211755330406
008173,0,0.501341737637208
008174,0,0.5015937204070147
008175,0,0.5000614618700012
008176,0,0.5033487675997006
008177,0,0.5002778561352789
008178,0,0.5012557568586524
008179,0,0.5001207495272864
008180,0,0.500302464695089
008181,0,0.5010753411308808
008182,0,0.5007644162056759
008183,0,0.5005491078260829
008184,0,0.5038923540441121
008185,0,0.500401281324355
008186,0,0.5001999620255111
008187,0,0.5003191193172366
008188,0,0.5000706738948169
008189,0,0.5002961717679727
008190,0,0.5032177987946518
008191,0,0.5004098815987821
008192,0,0.5001092122654088
008193,0,0.5037158143296813
008194,0,0.5008700694532787
008195,0,0.5004627005230482
008196,0,0.5003858720189501
008197,0,0.5007813494418298
008198,0,0.5003567768894507
008199,0,0.5002115049554923
008200,0,0.500732663398785
008201,0,0.5010869570418361
008202,0,0.500278727044895
008203,0,0.512183849016303
008204,0,0.5018214334090709
008205,0,0.5001341209343414
008206,0,0.500772650851788
008207,0,0.5010830345315297
008208,0,0.5005137662588094
008209,0,0.5002238261531957
008210,0,0.5009575753056279
008211,0,0.5014861073666401
008212,0,0.5004148123405116
008213,0,0.5002655083481818
008214,0,0.5003305441015271
008215,0,0.5001133926584594
008216,0,0.5004699500393348
008217,0,0.5000779547052406
008218,0,0.5002156316438261
008219,0,0.5000401038696414
008220,0,0.5018351863241616
008221,0,0.509300012242092
008222,0,0.5000599278397581
008223,0,0.5009457444164223
008224,0,0.5015762041856155
008225,0,0.503616493465132
008226,0,0.5002032204276523
008227,0,0.5023840521109975
008228,0,0.5001502778570599
008229,0,0.5000420874376638
008230,0,0.557308723444298
008231,0,0.5002075664867724
008232,0,0.5008054032927487
008233,0,0.5001196181715197
008234,0,0.5047924483209949
008235,0,0.5019390390550712
008236,0,0.5002138793256852
008237,0,0.5007081002490045
008238,0,0.5000623866512036
008239,0,0.5018824965774032
008240,0,0.500322321407331
008241,0,0.5001992580218496
008242,0,0.5014055553391623
008243,0,0.5002325987112234
008244,0,0.500182934665334
008245,0,0.5004841510998718
008246,0,0.5001225814486401
008247,0,0.5027700980111935
008248,0,0.5017088102547347
008249,0,0.5007842296750785
008250,0,0.5007238529469695
008251,0,0.5002579705197971
008252,0,0.5018011286745381
008254,0,0.5002494794724103
008255,0,0.501663073029726
008256,0,0.5001598365788735
008257,0,0.5011556799922623
008258,0,0.5006251679134235
008259,0,0.5008391205525337
008260,0,0.5008507988006156
008261,0,0.5004858103000429
008262,0,0.5016395772390649
008263,0,0.5008399961445648
008264,0,0.5000816842689763
008265,0,0.5008267370263213
008266,0,0.5000784924397674
008267,0,0.5003583265092008
008268,0,0.5008659502629579
008269,0,0.5043617950263777
008270,0,0.5008577974752825
008271,0,0.5007948298111556
008272,0,0.5084234226432472
008273,0,0.5007291716375151
008274,0,0.5002522284168579
008275,0,0.500286293776983
008276,0,0.5005692658508242
008277,0,0.5028698549616633
008278,0,0.5004716774758636
008279,0,0.500585978328432
008280,0,0.5000465844111486
008281,0,0.5000613040769244
008282,0,0.5000721531180805
008283,0,0.5012772634010713
008284,0,0.5003051611788346
008285,0,0.5001263616375137
008286,0,0.5008620087247879
008287,0,0.5003000155380011
008288,0,0.5005619775359582
008289,0,0.5000737436117012
008290,0,0.5004590247330444
008291,0,0.5065401777874617
008292,0,0.5034821552452333
008294,0,0.5002092330181558
008295,0,0.5001995213078108
008296,0,0.5002720709454263
008297,0,0.501892408568573
008298,0,0.5002502540036029
008299,0,0.5009205682604302
008300,0,0.5008857029432167
008301,0,0.5004657745616838
008302,0,0.504370510368205
008303,0,0.5002499006285184
008304,0,0.5007100896278657
008305,0,0.5011946323392995
008306,0,0.5000507510761928
008307,0,0.5023112607334068
008308,0,0.5001873444010203
008309,0,0.5001659697360578
008310,0,0.5003085795147653
008311,0,0.5005398117167854
008312,0,0.5013095942698103
008313,0,0.5052103374529945
008314,0,0.5004439693040308
008315,0,0.5000559914264313
008316,0,0.5069741655110892
008317,0,0.5007831287957746
008318,0,0.5002447347044235
008319,0,0.5001784204171922
008320,0,0.5014331269224336
008321,0,0.5023701042025832
008322,0,0.5022390758961188
008323,0,0.5003262273447165
008324,0,0.5001226396760013
008325,0,0.501918115540949
008326,0,0.5009953604046483
008327,0,0.5006315856017888
008328,0,0.5001903968027918
008329,0,0.5048685206869669
008330,0,0.5025858598925523
008331,0,0.5010440363624895
008332,0,0.50093208594976
008333,0,0.50128192876534
008334,0,0.5009773372183981
008336,0,0.5025569469712416
008337,0,0.5030842959795268
008338,0,0.5002193048861455
008339,0,0.500723167575782
008340,0,0.5001202132744202
008341,0,0.5011706293093819
008342,0,0.5017296682572637
008343,0,0.5005084854313845
008344,0,0.5010339340280189
008346,0,0.505271902653693
008347,0,0.5002971730842695
008348,0,0.5003488851554734
008349,0,0.5003311447245153
008350,0,0.5000856095599939
008351,0,0.5002478075075757
008352,0,0.5004740288915972
008353,0,0.5005851319962077
008354,0,0.5012723276493048
008355,0,0.5001685525669181
008356,0,0.5021450571621838
008357,0,0.5001546365624755
008358,0,0.500033526258124
008359,0,0.5004921867100104
008360,0,0.500021573379902
008361,0,0.5005506507538572
008362,0,0.5021900165419316
008363,0,0.5006211919911011
008364,0,0.5020489117170329
008365,0,0.5000305184934791
008366,0,0.5003552779756223
008367,0,0.5002912276191691
008368,0,0.5007451753019566
008369,0,0.5032091319492138
008370,0,0.5009128161847446
008371,0,0.5002290562625253
008372,0,0.5005957879752472
008373,0,0.500250975225011
008374,0,0.5002864544767687
008375,0,0.5000391326663404
008376,0,0.5000719892913917
008377,0,0.5002356861788281
008378,0,0.5019929226493353
008379,0,0.5013635737522572
008380,0,0.500237202266808
008381,0,0.5004060532431066
008382,0,0.500719368856068
008383,0,0.501543496729482
008384,0,0.5006304710911684
008385,0,0.5002346159676837
008386,0,0.5018807660746589
008387,0,0.500392857523269
008388,0,0.5005250354559115
008389,0,0.5104344902420124
008390,0,0.5043700310352223
008391,0,0.5012326809420035
008393,0,0.5006796037286361
008394,0,0.5015015673033939
008395,0,0.5007385330859948
008396,0,0.5002134781996787
008397,0,0.504703092801291
008398,0,0.5001602708210523
008399,0,0.5107978973816697
008400,0,0.5003779857362906
008401,0,0.5010336221537037
008402,0,0.5006267157031689
008403,0,0.5004292926242858
008404,0,0.5007542389236813
008405,0,0.5001284290184916
008406,0,0.5023146681280009
008407,0,0.5001016435349759
008408,0,0.5006690749360189
008409,0,0.5028099399939344
008410,0,0.5000895897586428
008411,0,0.5007715375230997
008412,0,0.5005911336656903
008413,0,0.5000789661465277
008414,0,0.5001490394353558
008415,0,0.5020723239219781
008416,0,0.5020292559902041
008417,0,0.5010135269250388
008418,0,0.5003323049929896
008419,0,0.5001346592980749
008420,0,0.5001972948439469
008421,0,0.5054687647468084
008422,0,0.500311783337574
008423,0,0.5048248465775871
008424,0,0.5015261033067908
008425,0,0.5003108563486924
008426,0,0.5000412862135855
008427,0,0.50057311980944
008428,0,0.5000429442704357
008429,0,0.5014609043630147
008430,0,0.5097308584327632
008431,0,0.5002579422713551
008432,0,0.5006981544078694
008433,0,0.5000827779682573
008434,0,0.5006522721534815
008435,0,0.5010693372947029
008436,0,0.500255066278012
008437,0,0.500082685551041
008438,0,0.5019295035696918
008439,0,0.5002723129876763
008440,0,0.5001738133659467
008441,0,0.5021558879607554
008442,0,0.5003507561647439
008443,0,0.5010308498312628
008444,0,0.5051150929089229
008445,0,0.5001176264523821
008446,0,0.5007005032190278
008447,0,0.5024719515554852
008448,0,0.5002926240598145
008449,0,0.5003057945570204
008450,0,0.5004184587260823
008451,0,0.5008034437852339
008452,0,0.5144336384236999
008453,0,0.5011936412716784
008454,0,0.5002280850589935
008455,0,0.501230967965507
008456,0,0.5001975318757749
008457,0,0.5007681327984908
008458,0,0.5004384635771663
008459,0,0.5006775842523342
008460,0,0.5000896510240255
008461,0,0.5008720924233578
008462,0,0.5000447619128464
008463,0,0.5004836106223904
008464,0,0.5010785868730248
008465,0,0.5002552808722932
008466,0,0.5008755582253188
008467,0,0.5001910552055564
008468,0,0.5011598766836661
008469,0,0.5006593821312552
008470,0,0.5053271714804551
008471,0,0.5012731416046841
008472,0,0.5001171081386819
008473,0,0.5013181895198736
008474,0,0.5004703515817378
008475,0,0.5006626178726851
008476,0,0.5002216104893297
008477,0,0.5012407618043595
008478,0,0.5001005779469159
008479,0,0.5000903047217433
008480,0,0.5003196586440848
008481,0,0.5003982511799333
008482,0,0.5005681934235376
008483,0,0.5011443275465511
008484,0,0.5005695538753001
008485,0,0.5000325971071544
008486,0,0.5012672928889139
008487,0,0.5004929376806411
008488,0,0.5014644749134345
008489,0,0.5001163275972187
008490,0,0.5005181613010231
008491,0,0.5001512375626335
008492,0,0.5003512057793708
008493,0,0.5001251986229664
008494,0,0.500095819532309
008495,0,0.5019899648427115
008496,0,0.5000938272683999
008499,0,0.5003653142376856
008500,0,0.5031774541617307
008501,0,0.5002928213564004
008502,0,0.5003134061256846
008503,0,0.5001717991279349
008504,0,0.5011844685938499
008505,0,0.50008291234603
008506,0,0.5001105773523584
008507,0,0.5002855463614664
008508,0,0.5004728773505481
008509,0,0.5003100539456847
008510,0,0.5002971530872978
008511,0,0.501060132431537
008512,0,0.5051096904941078
008513,0,0.5014219740845605
008514,0,0.5001688974459276
008515,0,0.5009244372193054
008516,0,0.5014267512243149
008517,0,0.5002164598101013
008518,0,0.5008566954932291
008519,0,0.5018194119917543
008520,0,0.5004031433205433
008521,0,0.5008973209644431
008522,0,0.5002155950196275
008523,0,0.5005255666776446
008524,0,0.5004376955418935
008525,0,0.5011597790169552
008526,0,0.5009122034694529
008527,0,0.5016387644563053
008528,0,0.5009457429514158
008529,0,0.500883732292475
008530,0,0.5009052643997121
008531,0,0.5004362017506419
008532,0,0.503908401575039
008533,0,0.5005734731753094
008534,0,0.5020583689113756
008535,0,0.500167327175797
008536,0,0.5003640834608271
008537,0,0.5004692211471388
008538,0,0.5002352055061685
008539,0,0.5004454402333931
008540,0,0.5004906651231359
008541,0,0.500364557808351
008542,0,0.5008104288400973
008543,0,0.5013328627748055
008544,0,0.5005004920998084
008545,0,0.5004206315189973
008546,0,0.5008107910724804
008547,0,0.5014585093437578
008548,0,0.5012556423433747
008549,0,0.5007932987188839
008550,0,0.5002878669820804
008551,0,0.5008200374225591
008552,0,0.5029985537333133
008553,0,0.5024741067705356
008554,0,0.5002177643474965
008555,0,0.5000940730140199
008556,0,0.500034417788062
008557,0,0.5004214922972192
008558,0,0.5001358726984484
008559,0,0.5007439485152902
008560,0,0.5003458788888628
008561,0,0.5006165816533173
008562,0,0.500435545291847
008563,0,0.5007702994276102
008564,0,0.5002123250011098
008565,0,0.5003317348001088
008566,0,0.5003601805244363
008567,0,0.5011705454762411
008568,0,0.5002947184309614
008569,0,0.5000937429610703
008570,0,0.5028340729829516
008571,0,0.5019208240499566
008572,0,0.5001741286303423
008573,0,0.5013164594119198
008574,0,0.5001324726775401
008575,0,0.5024114415999879
008576,0,0.5001281555788687
008577,0,0.5001286607087964
008578,0,0.50006971662117
008579,0,0.5002853393804346
008581,0,0.5005394376934605
008582,0,0.5003020171846909
008583,0,0.500274850361076
008584,0,0.5001340687817297
008585,0,0.500143964451134
008586,0,0.5012915284831433
008587,0,0.5071033228564867
008588,0,0.5010558968132813
008589,0,0.5004921838535725
008590,0,0.5001845207954095
008591,0,0.5005112623290868
008592,0,0.5007868134979746
008593,0,0.5007192098652159
008594,0,0.5001663628553077
008595,0,0.5002330368261847
008596,0,0.5001053539115916
008597,0,0.5001615848394408
008598,0,0.500892330442587
008599,0,0.5046544289557141
008600,0,0.5001059988730996
008601,0,0.5037501242269857
008602,0,0.5002889368857336
008603,0,0.5000635416351247
008604,0,0.5008043073174698
008605,0,0.5002724883471292
008606,0,0.5005745140067609
008607,0,0.5003776574847703
008608,0,0.5014169024120692
008609,0,0.5004591295852766
008610,0,0.5005371082962458
008611,0,0.5002854879660342
008613,0,0.5007362513867571
008615,0,0.5000799222286751
008616,0,0.5006322667288295
008617,0,0.5009278301720641
008618,0,0.5006617632546614
008619,0,0.500135738580608
008620,0,0.5006039507366429
008621,0,0.5006059365829796
008622,0,0.501927104508707
008623,0,0.5010900580477297
008624,0,0.5001136228112304
008625,0,0.500307691253752
008626,0,0.5009555486271814
008627,0,0.5001334619298445
008628,0,0.500245185170312
008629,0,0.5027255437295164
008630,0,0.5002388374414901
008631,0,0.5005456036888386
008632,0,0.5000903869591424
008633,0,0.5003912347308341
008634,0,0.5008306301197888
008635,0,0.5010492799413755
008636,0,0.5002795291621601
008637,0,0.50093499677628
008638,0,0.5000379550012419
008639,0,0.5009688607288401
008640,0,0.5008082182899872
008641,0,0.50028290021788
008642,0,0.5000784308441324
008643,0,0.5000387212933858
008644,0,0.5000957456977203
008645,0,0.500504824789675
008646,0,0.5016573025191196
008647,0,0.5017427508301465
008648,0,0.5013908955916775
008649,0,0.5015949472627712
008650,0,0.5011533011666809
008651,0,0.5020014670302416
008652,0,0.5015552663526468
008653,0,0.5004476961335901
008654,0,0.501148141436757
008655,0,0.5002588392430377
008656,0,0.5018877979958224
008657,0,0.5009647455817948
008658,0,0.500217577253005
008659,0,0.5023909737243415
008660,0,0.5038426136279889
008661,0,0.5000900842202151
008662,0,0.5007895186685727
008663,0,0.5007633361179284
008664,0,0.5002957253055854
008665,0,0.5001518017578716
008666,0,0.5009544121312469
008667,0,0.5081950148695819
008668,0,0.5003888438102189
008669,0,0.5001619472291366
008670,0,0.5001597031201253
008671,0,0.5000953781544483
008672,0,0.5009513122586232
008673,0,0.500504407761736
008674,0,0.5145299924648066
008675,0,0.5004644130262008
008676,0,0.5004060211683231
008677,0,0.500500348167067
008678,0,0.5005939053734544
008679,0,0.500127592244764
008680,0,0.5011397566574803
008681,0,0.5004197361749263
008682,0,0.5003343104877132
008684,0,0.5000852476851907
008685,0,0.5006525550303058
008686,0,0.5004033321787424
008687,0,0.5003735783807319
008688,0,0.5002762766332621
008689,0,0.5023822422405477
008690,0,0.5011365683337738
008691,0,0.5017092167122619
008692,0,0.500238558435797
008693,0,0.5004513147784668
008694,0,0.5003345820937822
008695,0,0.5012830592197034
008696,0,0.5031007804641827
008697,0,0.5000677193697953
008698,0,0.5003137135497944
008699,0,0.5000665486933749
008700,0,0.5009823206919646
008701,0,0.5000556783893465
008702,0,0.5004870871757804
008703,0,0.5009440216639757
008704,0,0.5003254460807645
008706,0,0.5000391391589961
008707,0,0.5004151128154172
008708,0,0.5008428522761095
008709,0,0.5013573567392008
008710,0,0.500130121480692
008711,0,0.5001782099918066
008712,0,0.5011576896367873
008713,0,0.5011433007673374
008714,0,0.5002415769535236
008715,0,0.5016198786499966
008716,0,0.5002236606846302
008717,0,0.5002188111117084
008718,0,0.5007603722113007
008719,0,0.5008037590668839
008720,0,0.5016330254804091
008721,0,0.5022368559053279
008722,0,0.5057523564601167
008723,0,0.5003804909298442
008724,0,0.5009034640530355
008725,0,0.5001668451960454
008726,0,0.501075761100225
008727,0,0.5001635984999483
008728,0,0.5004426009499504
008729,0,0.5002760759086113
008730,0,0.5000280895117477
008731,0,0.5002982335759831
008732,0,0.5001870321881642
008733,0,0.5000711015012558
008734,0,0.5003873125971703
008735,0,0.5000603667169395
008736,0,0.5001871360174223
008737,0,0.5014644297102484
008738,0,0.5001628112542668
008739,0,0.5027926215642436
008740,0,0.5042304420781849
008741,0,0.500049369832583
008742,0,0.5005640288997529
008743,0,0.5005432314410883
008744,0,0.5047823136778803
008745,0,0.5107453826758689
008746,0,0.5015815705247082
008747,0,0.5001747046662975
008748,0,0.5000807245822729
008749,0,0.5011635710351355
008750,0,0.5009357342512362
008751,0,0.5071198806228377
008752,0,0.5015636070663587
008753,0,0.500131759950286
008754,0,0.5005681096099488
008755,0,0.5007885488424143
008756,0,0.5002491339865153
008757,0,0.5003143968625967
008758,0,0.5003562331442938
008759,0,0.5000864735602364
008760,0,0.5001683493119959
008761,0,0.5005974369862508
008762,0,0.5005268909744842
008763,0,0.5002264747117868
008764,0,0.5017142709965867
008765,0,0.5004104353925077
008766,0,0.5000866246509597
008767,0,0.5001281288185444
008768,0,0.5019322778910758
008769,0,0.506189956673131
008770,0,0.5047320766533231
008771,0,0.5010061112184567
008772,0,0.5018625035256739
008773,0,0.500646251501958
008774,0,0.5006905135741265
008775,0,0.5003674863378221
008776,0,0.5001377512955582
008777,0,0.5005680717050852
008778,0,0.5011451578629651
008779,0,0.5001343265032574
008780,0,0.5031036264898576
008781,0,0.500562727090242
008782,0,0.5011486698493056
008783,0,0.5005853020236966
008784,0,0.5008842993106702
008785,0,0.5004881162278856
008786,0,0.5021806906120964
008787,0,0.5001794124852545
008788,0,0.5213902902357752
008789,0,0.5001842399031339
008790,0,0.5002091762664913
008791,0,0.5001455189658124
008792,0,0.5005996711141448
008793,0,0.5011558884526287
008794,0,0.500308231722297
008795,0,0.5121776353114437
008796,0,0.500297979182626
008797,0,0.5022440866355173
008798,0,0.5029049237099499
008799,0,0.5001409304070711
008800,0,0.5008169088005385
008801,0,0.5034843682026257
008802,0,0.5100478281412483
008803,0,0.5001521345708846
008804,0,0.5018815245566222
008805,0,0.5002516405558979
008806,0,0.5004184690361038
008807,0,0.5002258486209867
008808,0,0.5014158911406315
008809,0,0.5009852461235835
008810,0,0.500318212032505
008811,0,0.5003215596247594
008812,0,0.5006152455029763
008813,0,0.5013054344352449
008814,0,0.5006472546852554
008815,0,0.5005923826592021
008816,0,0.5001532358846993
008817,0,0.5017842045237145
008818,0,0.5037511831122213
008819,0,0.5000794172218349
008820,0,0.500136036356702
008821,0,0.5007929599869736
008822,0,0.5003120054401199
008823,0,0.5005894995201935
008825,0,0.5006386062385524
008826,0,0.5068420170033768
008827,0,0.5010868525214816
008828,0,0.5013297033354029
008829,0,0.5020595594253533
008830,0,0.5003874795466146
008831,0,0.5002888379730982
008832,0,0.5002830326882186
008833,0,0.5002421566765546
008834,0,0.5000405149609157
008835,0,0.5001450888998333
008836,0,0.5022723977755249
008837,0,0.5011753420562793
008838,0,0.5004411278565004
008839,0,0.5006523538579157
008840,0,0.5002842030210478
008841,0,0.5008558713114463
008842,0,0.5005807286158394
008843,0,0.5023226834951587
008844,0,0.5002052414332034
008845,0,0.5019112896338743
008846,0,0.5002894374273663
008847,0,0.5004480505688405
008848,0,0.5002986333400721
008849,0,0.5002614263557218
008851,0,0.5016034617972538
008852,0,0.5002382404286541
008853,0,0.5011848005308793
008854,0,0.5005003920982941
008855,0,0.5017056202497421
008856,0,0.5016470355292056
008857,0,0.5016393233220032
008858,0,0.5000967592086819
008859,0,0.5033550639511589
008860,0,0.5026931402355922
008861,0,0.501820039614274
008862,0,0.5004288317705972
008863,0,0.5000781422319213
008864,0,0.5001034351164452
008865,0,0.5012479768823996
008866,0,0.5005474563125967
008867,0,0.5015212984595585
008868,0,0.5005738847864522
008869,0,0.5003276855368799
008870,0,0.5002905887078556
008871,0,0.5000967546733778
008872,0,0.5010908148085995
008873,0,0.5004794151360392
008874,0,0.5003894934483696
008875,0,0.5001096789835591
008876,0,0.5004167795705541
008877,0,0.5002304772409901
008878,0,0.500180489511318
008879,0,0.501176533601615
008880,0,0.5074270511722341
008881,0,0.5002766887698353
008882,0,0.5005968481586798
008883,0,0.5003846603178913
008884,0,0.5002980834430387
008885,0,0.5004054050807794
008886,0,0.505157361150975
008887,0,0.5022621565910086
008888,0,0.5049232777209626
008889,0,0.500313651524228
008890,0,0.5000794053249505
008891,0,0.5005253117523271
008892,0,0.5004021105611238
008893,0,0.504263818766071
008894,0,0.5005285155855312
008895,0,0.5005742466632702
008896,0,0.5005999039066954
008897,0,0.5002895060112248
008898,0,0.5004792212006832
008899,0,0.5004591211056377
008900,0,0.5005723406081579
008901,0,0.5001599223996572
008902,0,0.5017220962454719
008903,0,0.5008087737097422
008904,0,0.5001304023535463
008905,0,0.5417123957968902
008906,0,0.5000879359461252
008907,0,0.5001524797453917
008908,0,0.5007862059020606
008909,0,0.5001862864406493
008910,0,0.5010526306585573
008911,0,0.5020751849385816
008912,0,0.5002253707795914
008913,0,0.5032403473836303
008914,0,0.5001130383721114
008915,0,0.5047501907534977
008916,0,0.5002187222961719
008917,0,0.5003555821375726
008918,0,0.5007220606479048
008919,0,0.5021203762391362
008920,0,0.5002648077708496
008921,0,0.5006324521514636
008922,0,0.5002139970557029
008923,0,0.500199677219108
008924,0,0.5006859670180456
008925,0,0.5001572073421711
008926,0,0.5001798676898094
008927,0,0.5009196412960624
008928,0,0.500990937550469
008929,0,0.5000746996324706
008930,0,0.5001278745162413
008931,0,0.5013709425951844
008932,0,0.5000764224403083
008933,0,0.5002431318324535
008934,0,0.5042924575046285
008935,0,0.5013652060862298
008936,0,0.5004535962090134
008937,0,0.5006323690696692
008938,0,0.5004896625871611
008939,0,0.5003942834471123
008940,0,0.5002297168950556
008941,0,0.5011245889808025
008942,0,0.5013051446681235
008943,0,0.5010792569536606
008944,0,0.5003645662211821
008945,0,0.5002359477811741
008946,0,0.5002169593683966
008947,0,0.5026872423648159
008948,0,0.5004426449887303
008949,0,0.5013935302366312
008950,0,0.502436663920645
008951,0,0.5004181720819588
008952,0,0.5002571426852025
008953,0,0.5007957472423392
008954,0,0.5069556246837065
008955,0,0.5006782913936735
008956,0,0.5001712719575092
008958,0,0.5014262737369006
008959,0,0.5010745259185712
008960,0,0.5007504736173211
008961,0,0.5000384063066357
008962,0,0.5014837483404687
008963,0,0.5000982386064449
008964,0,0.50630539580483
008965,0,0.5000715327342091
008966,0,0.5000590251749732
008967,0,0.5006417243631811
008968,0,0.5049791301823187
008969,0,0.5001059414325038
008970,0,0.5014049768590144
008971,0,0.5003963627373155
008972,0,0.5007314685928882
008973,0,0.5001616045425639
008974,0,0.5022421959622025
008975,0,0.500296060714001
008976,0,0.5001039843142885
008977,0,0.5004903981891894
008978,0,0.5005242455233544
008979,0,0.5000546912457859
008980,0,0.5000309883885313
008981,0,0.5025739332954259
008982,0,0.5020680038218291
008983,0,0.5009603869968542
008984,0,0.5001005262942145
008985,0,0.5002707803858686
008986,0,0.500322616398194
008987,0,0.5003041597447958
008988,0,0.5009459099141333
008989,0,0.5001846897978413
008990,0,0.502011602505802
008991,0,0.5108070481720471
008992,0,0.5001859205117802
008993,0,0.5008052416854906
008994,0,0.5008039057012299
008995,0,0.5006337483574057
008996,0,0.5012740899352915
008997,0,0.5038256374407245
008998,0,0.500125716736437
008999,0,0.5004297171776677
009000,0,0.5001203977114755
009001,0,0.5019266976223042
009002,0,0.5002903589343425
009003,0,0.5001896011849418
009004,0,0.50064424442332
009005,0,0.501322841115621
009006,0,0.5006817131314913
009008,0,0.5058071590296872
009009,0,0.5007881711789732
009010,0,0.5012286805663075
009011,0,0.5002657278527661
009012,0,0.5040837005145603
009013,0,0.5005940511393817
009014,0,0.5003672844469821
009015,0,0.5000668328201683
009016,0,0.5000356934319282
009017,0,0.5049368841791442
009018,0,0.5001804196194823
009019,0,0.5002076871692755
009020,0,0.5002424435287451
009021,0,0.501241835278454
009022,0,0.5001398955012534
009023,0,0.5001386881430082
009024,0,0.5197591105292855
009025,0,0.5047335046310906
009026,0,0.5062562334669721
009027,0,0.5001189175128802
009028,0,0.50267791280925
009029,0,0.5011585651054795
009030,0,0.5013393800037005
009031,0,0.5007386355712421
009032,0,0.5003838670695665
009033,0,0.5131164440746875
009034,0,0.5018781751472836
009035,0,0.5006718470524435
009036,0,0.5004919953153346
009037,0,0.5003214165848472
009038,0,0.5002417539732915
009039,0,0.5027177742271264
009040,0,0.5014247384642946
009041,0,0.5007711013240019
009042,0,0.5054626302797699
009043,0,0.5197996856161792
009044,0,0.5005572063368433
009045,0,0.5003951145780143
009046,0,0.5001628811735775
009047,0,0.500252940959304
009048,0,0.5001357250071371
009049,0,0.5002037848722337
009050,0,0.5002303746916184
009051,0,0.5041928757454748
009052,0,0.5001330307626122
009053,0,0.5032067112031958
009054,0,0.5007662167241028
009055,0,0.5000836487260044
009056,0,0.500467600004467
009057,0,0.5001279064266447
009058,0,0.5023945653185645
009059,0,0.5000505577248344
009060,0,0.5002900192151056
009061,0,0.5008286665517958
009062,0,0.5015182336203466
009063,0,0.5005585879060748
009064,0,0.500462887032451
009065,0,0.5041488264152636
009066,0,0.5002187336864153
009067,0,0.500052243915537
009068,0,0.5054479062890755
009069,0,0.5007777923830564
009070,0,0.502686176489793
009071,0,0.5010359161390977
009072,0,0.5031293215419744
009073,0,0.500198586046603
009074,0,0.5000744867546996
009075,0,0.5003028670796117
009076,0,0.5026717111893316
009077,0,0.5002904377168187
009078,0,0.5006522010988778
009079,0,0.5003060637250063
009080,0,0.5002153954658225
009081,0,0.5023282399650054
009082,0,0.5002041637979564
009083,0,0.5000449116920203
009084,0,0.5002471967124983
009085,0,0.5000996964828388
009086,0,0.5000358878844332
009087,0,0.5012596383344773
009088,0,0.5071058617083926
009089,0,0.5001358609795263
009090,0,0.5009052706318736
009091,0,0.5008020202942891
009092,0,0.5004591816545071
009093,0,0.5001072171463011
009094,0,0.5008666350893719
009095,0,0.500384990914945
009096,0,0.5005887896857967
009097,0,0.501455125451167
009098,0,0.5024519385901819
009099,0,0.5003645629969978
009100,0,0.5002045936564491
009101,0,0.5005162054274616
009102,0,0.5023292449138678
009103,0,0.5021054487564984
009104,0,0.5001270845035803
009105,0,0.5004691066064167
009106,0,0.5004109982282429
009107,0,0.5004451355230147
009108,0,0.5001481444540121
009109,0,0.5000933036527426
009110,0,0.5008472665283775
009111,0,0.5007519089242699
009112,0,0.5003887078799775
009113,0,0.5003936111928878
009114,0,0.5002678317686632
009115,0,0.5080440136996528
009116,0,0.5044463245892047
009117,0,0.5013320467204553
009118,0,0.5000839073033458
009119,0,0.5018681322519672
009120,0,0.5003356876010192
009121,0,0.5003787168143085
009122,0,0.5003320995163273
009123,0,0.5001141550528893
009124,0,0.5008568948418531
009125,0,0.5011141210244295
009126,0,0.5023003545428846
009127,0,0.5001756689341066
009129,0,0.5019717777920277
009130,0,0.500525027038518
009131,0,0.5015223457973652
009132,0,0.500562879794264
009133,0,0.5003680047968472
009134,0,0.5009473167671326
009135,0,0.5176114012714221
009136,0,0.5012211268990282
009137,0,0.5001208834751123
009138,0,0.5010213011517436
009139,0,0.5069969695349273
009140,0,0.5007362595630342
009141,0,0.500545507817427
009142,0,0.5021335688996637
009143,0,0.500309318227596
009144,0,0.5002462555795351
009145,0,0.5002503229197527
009146,0,0.5001053535934267
009147,0,0.5019138465091761
009148,0,0.5006267251424518
009149,0,0.5003301190499921
009150,0,0.5001062072271616
009151,0,0.5028230452538143
009152,0,0.500714132532743
009153,0,0.500408559770936
009154,0,0.5000692845178409
009155,0,0.5004262569701095
009156,0,0.5000694299649824
009157,0,0.5005660368690059
009158,0,0.5041581516394443
009159,0,0.500068592042028
009160,0,0.5001858332842387
009161,0,0.5088224857139565
009162,0,0.5004415488809121
009164,0,0.5004558229270287
009165,0,0.5001488570140007
009166,0,0.5004974094768235
009167,0,0.50711906997447
009168,0,0.5016132755070727
009169,0,0.5001200929754389
009170,0,0.5156910921677844
009171,0,0.5002167966741451
009172,0,0.5013352494033649
009173,0,0.5007905355084068
009174,0,0.500172575321965
009175,0,0.5017968217564297
009176,0,0.5001737600057585
009177,0,0.5009468612681739
009178,0,0.5001501290444832
009179,0,0.5020318879909814
009180,0,0.5001666668369659
009181,0,0.5028855046958199
009182,0,0.5008277827930583
009183,0,0.5000693468783858
009184,0,0.5014065231178774
009185,0,0.5002855618813897
009186,0,0.5005603410323809
009187,0,0.5002246747156849
009188,0,0.5015611401398583
009189,0,0.5007081554935484
009190,0,0.5005038715345698
009191,0,0.5003247673681883
009192,0,0.5007021445907234
009193,0,0.5005977236475923
009194,0,0.5003539211954449
009195,0,0.5001512310144812
009196,0,0.5018357620578183
009197,0,0.5010300012623459
009199,0,0.5005706208934818
009200,0,0.5002699198942004
009201,0,0.5001821604404584
009202,0,0.5052210545990475
009203,0,0.5020787238005465
009204,0,0.5018810246500497
009205,0,0.5003119930647177
009206,0,0.5020808456446159
009207,0,0.5000997868652829
009208,0,0.5002404459848795
009209,0,0.5003243543299614
009210,0,0.5010413549796667
009211,0,0.5030664515952813
009212,0,0.5001849945735333
009213,0,0.5006422558789176
009214,0,0.5072172612964492
009215,0,0.5011876072732585
009216,0,0.5001579244790849
009217,0,0.5006099868769696
009218,0,0.5008575320720049
009219,0,0.5012033404428595
009220,0,0.5009603537881263
009221,0,0.5002248771829879
009222,0,0.5001436016976134
009223,0,0.5001370595908982
009224,0,0.501794088740311
009225,0,0.5010671949274108
009226,0,0.5002009946268104
009227,0,0.5012112889649137
009228,0,0.5003096656617462
009229,0,0.5003788291485318
009230,0,0.500303672197418
009231,0,0.5011708289740421
009232,0,0.5004300599053964
009233,0,0.500214919630481
009234,0,0.5001724638189446
009235,0,0.5014478777799689
009236,0,0.5000315893681809
009237,0,0.5000954281688331
009238,0,0.5003336209348214
009239,0,0.5059159378275847
009240,0,0.5009105910669556
009241,0,0.502545803652869
009242,0,0.500219176713781
009243,0,0.5002238515861981
009244,0,0.5007129028030829
009245,0,0.5009743175657602
009246,0,0.5000739139528514
009247,0,0.5001857766308164
009248,0,0.5002331381271262
009249,0,0.5013541715735166
009250,0,0.500724793913528
009251,0,0.5002673992200413
009252,0,0.5000887029777308
009253,0,0.500563936833621
009254,0,0.5001250802644553
009255,0,0.5001441004380984
009256,0,0.5001182320509361
009257,0,0.5001668994741137
009258,0,0.5010215421713066
009259,0,0.500277840779735
009260,0,0.5027346487860151
009261,0,0.5000236358720251
009262,0,0.501716982878498
009263,0,0.5002240217489433
009264,0,0.5002599194090316
009265,0,0.5083918032280659
009266,0,0.500027899785191
009267,0,0.5010641903292917
009268,0,0.5010868246953377
009269,0,0.5007995422043641
009270,0,0.5005528510672173
009271,0,0.5044883251457679
009272,0,0.5020251149055462
009273,0,0.5006818385262244
009274,0,0.5004992643485058
009275,0,0.5005334016991932
009276,0,0.5043398339222981
009277,0,0.5005449767794785
009278,0,0.5048229119438944
009279,0,0.5003490103090222
009280,0,0.5003384171915951
009281,0,0.5001228330209524
009282,0,0.5035712856091933
009283,0,0.5006250696298454
009284,0,0.500183393661073
009285,0,0.5000668103876529
009286,0,0.5004179035027019
009287,0,0.5013791750450823
009288,0,0.5009304253419795
009289,0,0.5000259003382297
009290,0,0.5000468024338405
009291,0,0.5211490361299193
009292,0,0.5025852523882093
009293,0,0.5003358633816943
009294,0,0.5000502748864991
009295,0,0.5000615692310699
009297,0,0.5018350177724051
009298,0,0.5001508990335425
009299,0,0.5006452292989282
009301,0,0.50318021743116
009302,0,0.5000841097725971
009303,0,0.5000628405756011
009304,0,0.50011832712887
009305,0,0.5004488906209204
009306,0,0.5003668787730831
009307,0,0.5005440304442503
009308,0,0.5000426988775966
009309,0,0.5022199734036767
009310,0,0.5004080832747161
009311,0,0.5006770489607709
009312,0,0.5002719698742115
009313,0,0.5035176484640503
009314,0,0.5005687244643855
009315,0,0.5008511771983287
009317,0,0.5000551237005765
009318,0,0.5011665927308494
009319,0,0.5003145048355401
009320,0,0.5002103126936088
009321,0,0.5002356396883768
009322,0,0.5014282700562567
009323,0,0.5010659000073365
009324,0,0.5019320513980987
009325,0,0.5013572862904265
009326,0,0.5011741486562323
009327,0,0.500440407816698
009328,0,0.5008523835983856
009329,0,0.5005383916989681
009330,0,0.5001022377024003
009331,0,0.5000867552224566
009333,0,0.5008914963052608
009334,0,0.5002772599628019
009335,0,0.5006406288987615
009336,0,0.5000932476765095
009337,0,0.5004262286976963
009338,0,0.5063804808568544
009339,0,0.500226695235844
009340,0,0.5115490594241918
009341,0,0.500326474313715
009342,0,0.5018910517192212
009343,0,0.5001312979517967
009344,0,0.5007442878059849
009345,0,0.502076687076575
009346,0,0.5015246200030701
009347,0,0.5002898046084087
009348,0,0.5093967502408028
009349,0,0.5019974131375204
009350,0,0.5074968638318414
009351,0,0.5026581292268216
009352,0,0.5016610324709136
009353,0,0.5000929175507703
009354,0,0.5001164481763375
009355,0,0.5002468638850192
009356,0,0.5004771056807564
009357,0,0.5044525668305572
009358,0,0.5003872176898392
009359,0,0.5014104948898315
009360,0,0.5002452274709185
009361,0,0.5022160878201237
009363,0,0.500330245634818
009364,0,0.5002574950173799
009365,0,0.5021835641862655
009366,0,0.5001760722087242
009367,0,0.5145683872460592
009368,0,0.500098573595823
009369,0,0.5009554773469397
009370,0,0.5014367205846905
009371,0,0.5004995987575985
009372,0,0.5007629134850107
009373,0,0.5019627725476249
009374,0,0.5003201682641716
009375,0,0.502717802098383
009376,0,0.5001007364176294
009377,0,0.500412284762759
009378,0,0.5006067119531272
009379,0,0.5000882178704245
009380,0,0.500232767858332
009381,0,0.5022335601700123
009382,0,0.5002643886475755
009383,0,0.5004143036893657
009384,0,0.5035243567467855
009385,0,0.5001681576187454
009386,0,0.5003552533581312
009387,0,0.5004440458975153
009388,0,0.5002077599005396
009389,0,0.5001195476179942
009390,0,0.5001329288447982
009391,0,0.5006664279113251
009392,0,0.5003158587332994
009393,0,0.5001133222677915
009394,0,0.5001305067116671
009396,0,0.5002779977611653
009397,0,0.5002388529494223
009398,0,0.5017553003136658
009399,0,0.5002824124942011
009400,0,0.5001447705221075
009401,0,0.500904047954462
009402,0,0.5001495253797787
009403,0,0.5009337603976963
009404,0,0.5016422340362333
009405,0,0.5069240652444155
009406,0,0.5019567269304185
009407,0,0.500348259824909
009408,0,0.5002010348247317
009409,0,0.5004095135544452
009410,0,0.50042893725625
009411,0,0.5000643474784087
009412,0,0.5001166211508875
009413,0,0.5012909754443489
009414,0,0.5002104438565027
009415,0,0.5002925868082647
009416,0,0.500111945006325
009417,0,0.5005012726349005
009418,0,0.5001779738600238
009419,0,0.5002586600238259
009420,0,0.5009194219616567
009421,0,0.5002370788644743
009422,0,0.5009330183931371
009423,0,0.5008077321265784
009424,0,0.5006565694094862
009425,0,0.5004114845822065
009426,0,0.5055701318430523
009427,0,0.5021362523878167
009428,0,0.5008693533016416
009429,0,0.5002600030932887
009430,0,0.5026639226281191
009431,0,0.5053314645648931
009432,0,0.5000738800169672
009433,0,0.5019599274065462
009434,0,0.5007511549723773
009435,0,0.5003539728112222
009436,0,0.5020434233099468
009437,0,0.5000847442136274
009438,0,0.5001646519722588
009439,0,0.5014781604928379
009440,0,0.5003112241552388
009441,0,0.5007855654494185
009442,0,0.5047128152740437
009443,0,0.5006514254310741
009444,0,0.5005710813032533
009445,0,0.5003713219254532
009446,0,0.5042973126466328
009447,0,0.5011795096022544
009448,0,0.5002420190164562
009449,0,0.5000961051572893
009450,0,0.5000983354683196
009451,0,0.5005961865322783
009452,0,0.5013378423204993
009453,0,0.5001110431728093
009454,0,0.5009230904794778
009455,0,0.500337283911231
009456,0,0.5006832391393523
009457,0,0.5001297161769397
009458,0,0.500612794715517
009459,0,0.501077028271119
009460,0,0.5014213874738789
009461,0,0.5000720884838987
009462,0,0.5042000522773696
009463,0,0.5030822002220018
009464,0,0.500100636772953
009465,0,0.5067682715008199
009467,0,0.5060529181919867
009468,0,0.5010286456906253
009469,0,0.5008279996313266
009470,0,0.5003698932306515
009471,0,0.5002645226276454
009472,0,0.5009440448300304
009473,0,0.5002430866287348
009474,0,0.5003274060505812
009475,0,0.5004500434950319
009476,0,0.5001044857413753
009477,0,0.5003089742176714
009478,0,0.5001433702541951
009479,0,0.5001803615560074
009480,0,0.5001102896974279
009481,0,0.5020292027130364
009482,0,0.5000539227257623
009483,0,0.5004049373596611
009484,0,0.5008905838097827
009485,0,0.5015338441666034
009486,0,0.5001649725953048
009487,0,0.5003641148371366
009488,0,0.5000978917896871
009489,0,0.5033048663858355
009490,0,0.5012273030652143
009491,0,0.5002040304187764
009492,0,0.5005172911560724
009493,0,0.5010750562907399
009494,0,0.5004364206420536
009495,0,0.5000916331953714
009496,0,0.5005428757178465
009497,0,0.5004721026045513
009498,0,0.5019303640186323
009499,0,0.5005215116001912
009500,0,0.500305749961721
009501,0,0.5021281270554756
009502,0,0.5009974240316972
009503,0,0.5007984531558926
009504,0,0.5000433236905144
009505,0,0.5003202822250251
009506,0,0.5001839229968071
009507,0,0.5005301646635852
009508,0,0.500471588231419
009509,0,0.5002845648360287
009510,0,0.5005342628252412
009511,0,0.5000768139212415
009512,0,0.500272218141603
009513,0,0.5018296905401
009514,0,0.5008201674251312
009515,0,0.5038962324585047
009516,0,0.500282949254661
009517,0,0.5008285972106543
009518,0,0.500271202545879
009519,0,0.500368962960638
009520,0,0.501815473639182
009521,0,0.5014863440880915
009522,0,0.5003022934397137
009523,0,0.5002585202851917
009524,0,0.5002848714969045
009525,0,0.5004362989550472
009526,0,0.5014740886924557
009527,0,0.5005487794615869
009528,0,0.5017704198192525
009529,0,0.5003473981246122
009530,0,0.5005713771450521
009531,0,0.5012543957343952
009532,0,0.5001657951201957
009533,0,0.5012859651657287
009534,0,0.5000969510471622
009535,0,0.5021211656439454
009536,0,0.5009862246185837
009537,0,0.5009604255055735
009538,0,0.5006151748435996
009539,0,0.5003355668754241
009540,0,0.5000440430618182
009541,0,0.5002256829662607
009542,0,0.5027391069123606
009543,0,0.5005219299408132
009544,0,0.5001030225269841
009545,0,0.5006582558675096
009546,0,0.5197376512843576
009547,0,0.5006445703091422
009548,0,0.500762493851608
009549,0,0.5005595426763273
009550,0,0.5001423556139788
009551,0,0.5002066288981409
009552,0,0.5012488063408469
009553,0,0.5003383978117548
009554,0,0.501114827727917
009555,0,0.5031953174854303
009556,0,0.5084808964068254
009557,0,0.5001558190536357
009558,0,0.5031606721173175
009559,0,0.504858799961605
009560,0,0.5001497559138178
009561,0,0.5013063236907677
009562,0,0.500724190653728
009563,0,0.5006992000360203
009564,0,0.5000915998674658
009565,0,0.5000704711439307
009566,0,0.5034385275996593
009567,0,0.5011798042329157
009568,0,0.500169412893408
009569,0,0.5005778479926218
009570,0,0.501240584287525
009571,0,0.5003483967226076
009572,0,0.5006981666962843
009573,0,0.500034675563813
009574,0,0.5020266457253351
009575,0,0.5003504070135414
009576,0,0.5002359170703498
009577,0,0.5005512892868338
009578,0,0.5001130740366397
009579,0,0.5003934931576738
009580,0,0.5001892938359213
009581,0,0.5003666304885191
009582,0,0.5060597706911438
009583,0,0.5017081886070904
009584,0,0.5016129639975159
009585,0,0.5004504732365093
009586,0,0.5002036070419358
009587,0,0.5004884263535149
009588,0,0.5000668831646616
009589,0,0.5001708568673281
009590,0,0.5002406924577207
009592,0,0.5003342641797369
009593,0,0.5001932583763578
009594,0,0.5013880545119079
009595,0,0.5006800280694752
009596,0,0.5003363656084288
009597,0,0.5024540631681076
009598,0,0.5005250376163115
009599,0,0.5000867902384593
009600,0,0.5011234596108932
009601,0,0.500223264923919
009602,0,0.5001247018865389
009603,0,0.500341388208208
009604,0,0.500196719057931
009605,0,0.5006305648977644
009606,0,0.5035737762127984
009607,0,0.5001181811572986
009608,0,0.5017187539272606
009609,0,0.5003718621190615
009610,0,0.5000991659387821
009611,0,0.5003849789900837
009612,0,0.5040294806936745
009613,0,0.5004121750474019
009614,0,0.5003971354479667
009615,0,0.500494108690303
009616,0,0.5002898052879116
009617,0,0.500100814834001
009618,0,0.5001625256877715
009619,0,0.502449393940786
009620,0,0.5017786527489317
009621,0,0.5001081933573795
009622,0,0.5004105067084005
009623,0,0.5001396430459152
009624,0,0.5000404964221231
009625,0,0.500048401468705
009626,0,0.5006458344554471
009627,0,0.502294443493608
009628,0,0.5006000725307314
009629,0,0.5001191325506872
009630,0,0.5000778561709887
009631,0,0.5004455439443415
009632,0,0.5010959056700846
009633,0,0.5023786489030824
009634,0,0.5002623038242163
009635,0,0.5033401537561711
009636,0,0.5002483433469302
009638,0,0.5006605092372471
009639,0,0.5003546091267316
009640,0,0.5000466705861736
009641,0,0.503121743564037
009642,0,0.5003269280245797
009643,0,0.5011725890754827
009644,0,0.503221546836226
009645,0,0.5015471042581995
009646,0,0.5020798668896088
009647,0,0.5005846757358431
009648,0,0.5000974855159734
009649,0,0.5006678027889947
009650,0,0.5004925070804399
009651,0,0.5003613707002508
009652,0,0.5001650421265125
009653,0,0.5018483046872172
009654,0,0.500176223651314
009655,0,0.5029709822259187
009656,0,0.5003857239902637
009657,0,0.5003514918565262
009658,0,0.5032585517672915
009659,0,0.5001542146757347
009660,0,0.5355624093997039
009661,0,0.5004850795412458
009662,0,0.5062920484357032
009663,0,0.5023642073547302
009664,0,0.5002898415144744
009665,0,0.5005250089284383
009666,0,0.529751474284862
009667,0,0.5004269800384236
009668,0,0.5129131937106503
009669,0,0.5007064823457018
009670,0,0.5086503141559369
009671,0,0.5003119747731626
009672,0,0.5002470248553937
009673,0,0.500664049215205
009674,0,0.500436702706706
009675,0,0.5241664606110803
009676,0,0.5018248401856419
009677,0,0.5002861254080208
009678,0,0.5053773149344502
009679,0,0.5124947312719409
009680,0,0.5004687344341915
009681,0,0.5021970309945011
009682,0,0.5001018734623272
009683,0,0.5007791428570464
009684,0,0.5012032922098566
009685,0,0.5004300286679386
009686,0,0.5003735027701662
009687,0,0.5020200338291629
009688,0,0.5002210789817078
009689,0,0.5003401853682257
009690,0,0.5000781803802368
009692,0,0.5000683356111436
009693,0,0.5002347121213522
009694,0,0.5014104461929201
009695,0,0.5003388480569088
009696,0,0.5001898916932505
009698,0,0.5002634008627803
009699,0,0.5005311984117382
009700,0,0.5000535267175411
009701,0,0.5000871083098861
009702,0,0.5012841991099178
009703,0,0.5000271215974644
009704,0,0.5004836816795335
009705,0,0.5011463689705861
009706,0,0.5004030016303637
009707,0,0.5004893804500883
009708,0,0.5004252260212401
009709,0,0.5014271738499618
009710,0,0.5001259805666746
009711,0,0.5002751578092655
009712,0,0.5004080833461257
009713,0,0.5006097468491885
009714,0,0.5008719094030065
009715,0,0.5002780163948263
009716,0,0.5014789374621048
009717,0,0.502263920505851
009718,0,0.5004562406039782
009719,0,0.5005810409160365
009720,0,0.5001626355607869
009721,0,0.5000959118417402
009722,0,0.5008295340296123
009723,0,0.5020411826011469
009724,0,0.5014547813064697
009725,0,0.5003645339531643
009726,0,0.5001846693632218
009727,0,0.500092448692948
009728,0,0.5004852795483071
009729,0,0.5008183049672381
009730,0,0.5001393716144432
009731,0,0.5011727936589664
009732,0,0.5010043641055162
009733,0,0.502803752271443
009734,0,0.5002627360191696
009735,0,0.5003821867267112
009736,0,0.5018906385852692
009737,0,0.5008997912361768
009738,0,0.5001400824210842
009739,0,0.5004650818843412
009740,0,0.5000275990234163
009741,0,0.5014489689928149
009742,0,0.5004455161232317
009743,0,0.500161298094888
009744,0,0.5002674655678847
009745,0,0.500653282678852
009746,0,0.5002320490041378
009747,0,0.5003624059739351
009748,0,0.5019356959992054
009749,0,0.5002792278344308
009750,0,0.5002820036211398
009751,0,0.500686924229791
009752,0,0.5103245498886
009753,0,0.5002240568076808
009754,0,0.5062660459616386
009755,0,0.5008258767692719
009756,0,0.5005287659953915
009757,0,0.5029462389627122
009758,0,0.5009742894814312
009759,0,0.5007900350112424
009760,0,0.5008823061065398
009761,0,0.5003357107627844
009762,0,0.5000991734628378
009763,0,0.5017859417988291
009764,0,0.5021682495995277
009765,0,0.5003097375501255
009766,0,0.5009610871419002
009767,0,0.5001884711757791
009768,0,0.5025878615718381
009769,0,0.5010785514445147
009770,0,0.5051151041076343
009771,0,0.5002298140344169
009772,0,0.5013071348787398
009773,0,0.5032296233439894
009774,0,0.5135313110803628
009775,0,0.5000626561254381
009776,0,0.5021449951874709
009777,0,0.5001900463608384
009778,0,0.5001525367720906
009779,0,0.5008768037562789
009780,0,0.5063835257524367
009781,0,0.5003149034218092
009782,0,0.5004225242319104
009783,0,0.5005833438374465
009784,0,0.5021851082783538
009785,0,0.5028981590915392
009786,0,0.5001060345913718
009787,0,0.5009409417339228
009788,0,0.5000956389954844
009789,0,0.5003690350136956
009790,0,0.5007961744311381
009791,0,0.5013290980204862
009792,0,0.5031106868895395
009793,0,0.5032931903029155
009794,0,0.5003788338004198
009795,0,0.5001016179796097
009796,0,0.5002966683403565
009797,0,0.5004291996145458
009798,0,0.5010582306585167
009799,0,0.5038104016592211
009800,0,0.5001907967225645
009801,0,0.500077777884842
009802,0,0.5007593419574385
009803,0,0.5032285434780049
009804,0,0.5000396204911953
009805,0,0.5001637573410662
009806,0,0.5004345573820639
009808,0,0.5003524660148736
009809,0,0.5004018333530356
009810,0,0.5001378318749699
009811,0,0.5023129836284321
009812,0,0.5006452230329476
009813,0,0.5008795431802183
009814,0,0.5180447559626199
009815,0,0.5008904167396604
009816,0,0.5014821344735971
009817,0,0.5007903589049753
009818,0,0.5005168355829072
009819,0,0.5002925836454166
009820,0,0.5003108578475941
009821,0,0.5001233037258223
009822,0,0.5003577856135526
009823,0,0.5001533483566082
009824,0,0.5008478385800808
009825,0,0.5028706915214521
009826,0,0.5004314301174609
009827,0,0.500705081548223
009828,0,0.5001662013483394
009829,0,0.5005642548404778
009830,0,0.5006719772178609
009831,0,0.5016307487414925
009832,0,0.5014757921289741
009833,0,0.5001171752681666
009834,0,0.5004726737789392
009835,0,0.5010464942333391
009836,0,0.5003145183840499
009837,0,0.5002955919871123
009838,0,0.5003916263480824
009839,0,0.502961546167155
009840,0,0.5001500445955568
009841,0,0.5001857229281755
009842,0,0.5005479434372087
009843,0,0.5013018912465186
009844,0,0.5002837732786737
009845,0,0.500167164222811
009846,0,0.5006282998874615
009847,0,0.5000460744813843
009848,0,0.5002552890823864
009849,0,0.5002364626147358
009850,0,0.501336053315776
009851,0,0.5011319661027327
009852,0,0.5005268630007228
009853,0,0.5004514826126799
009854,0,0.500324327271138
009855,0,0.5023316291502294
009856,0,0.5000790291915234
009857,0,0.5015316624935653
009858,0,0.5014949733328449
009859,0,0.5000352645480507
009860,0,0.5003791623017828
009861,0,0.5001497714428529
009862,0,0.5009073988692498
009863,0,0.5003991995333734
009864,0,0.5007275037913387
009865,0,0.5005358849747522
009866,0,0.5020554582238697
009867,0,0.5003593893768479
009868,0,0.5007704932875552
009869,0,0.5007365365934651
009870,0,0.5001179973998687
009871,0,0.5002426167069375
009872,0,0.5043204077250677
009873,0,0.5003542649092539
009874,0,0.5000931745363555
009875,0,0.5003176152077006
009876,0,0.5001593028814877
009877,0,0.5010265232263288
009878,0,0.5000988801151125
009879,0,0.5009417721848625
009880,0,0.5045758456184798
009881,0,0.5004239978257967
009882,0,0.5008231777057132
009883,0,0.5002212872229413
009884,0,0.5046568617948252
009885,0,0.5008039002671371
009886,0,0.501389102964729
009887,0,0.5001812650126574
009888,0,0.5010626939525861
009889,0,0.5002304389075414
009890,0,0.5017177888683685
009891,0,0.5001930257198997
009892,0,0.5005654269006361
009893,0,0.5001170538474217
009894,0,0.5027443563975639
009895,0,0.5002305821274374
009896,0,0.5027228918503759
009897,0,0.5009054156251084
009898,0,0.5002484197372726
009899,0,0.5005769677042811
009900,0,0.5000594617872478
009901,0,0.5019476242492635
009902,0,0.5001836048308621
009903,0,0.5009778358019433
009904,0,0.5006669415522231
009905,0,0.5008917859553225
009906,0,0.500163404320542
009908,0,0.5005412598694765
009909,0,0.5014359450417474
009910,0,0.5033992488640381
009911,0,0.5013578110935567
009912,0,0.5013592428475473
009913,0,0.5002211390948781
009914,0,0.500127057050218
009915,0,0.5003192120712541
009916,0,0.5003211593720504
009917,0,0.5015675818171
009918,0,0.502022063987884
009919,0,0.5004670799787204
009920,0,0.500325967197602
009921,0,0.500211962160863
009922,0,0.5016251748253595
009923,0,0.5011438291336645
009924,0,0.5016980785518748
009925,0,0.500422406909431
009926,0,0.5011249847622026
009927,0,0.5001666907183857
009928,0,0.5016435703317825
009929,0,0.5007454872307041
009930,0,0.5001200577568629
009931,0,0.500061482054862
009932,0,0.5009543486245489
009933,0,0.5004407984573015
009934,0,0.5017026207416222
009935,0,0.500385551424182
009936,0,0.5006818011941725
009937,0,0.5014987150355106
009938,0,0.5001809181525076
009939,0,0.5002145518432626
009940,0,0.5004529635635097
009941,0,0.500037652198893
009942,0,0.5015809928445136
009943,0,0.5005719022189773
009944,0,0.5003670785065167
009945,0,0.5016501006124727
009946,0,0.5010911572754788
009947,0,0.5000627496703929
009948,0,0.5001934538557892
009949,0,0.5006651161201614
009950,0,0.502713343758529
009951,0,0.5011413601916831
009952,0,0.5002413567811864
009955,0,0.5003601158575273
009956,0,0.501136260084284
009957,0,0.503201654941904
009958,0,0.5005251857760908
009959,0,0.5003401776782934
009960,0,0.5002861589988536
009961,0,0.5001031800578771
009962,0,0.5001225806749644
009963,0,0.5002712847906561
009964,0,0.507769022186414
009965,0,0.5005912997168307
009966,0,0.5004398363188335
009967,0,0.5012377341434362
009968,0,0.5018900068772256
009969,0,0.5011983103768716
009971,0,0.5096233900006746
009973,0,0.501323886524318
009974,0,0.5018618496119076
009975,0,0.5025008699749843
009976,0,0.5002496465795835
009977,0,0.5041489771655372
009979,0,0.5003021505848404
009980,0,0.5010209286975055
009981,0,0.5005700763067893
009983,0,0.5003061408947101
009984,0,0.5024462465962497
009985,0,0.5000882710250648
009986,0,0.500169598069661
009987,0,0.5001929225965553
009988,0,0.5001768810123467
009989,0,0.5021478485499566
009990,0,0.5018561814247198
009991,0,0.5013981818744419
009993,0,0.5008014365129095
009994,0,0.5003988289175428
009995,0,0.5006071524091299
009996,0,0.5093783120510572
009997,0,0.5009355735837702
009998,0,0.50026488846958
009999,0,0.500564990109265
010000,0,0.5005100950422348
010001,0,0.5108949163602562
010002,0,0.5006767609264736
010003,0,0.5007130109312253
010004,0,0.5002129960071467
010005,0,0.5006480299842531
010006,0,0.5002663020738136
010007,0,0.5001141501269531
010008,0,0.5037232188981796
010009,0,0.500102622026809
010010,0,0.5001447092321808
010011,0,0.5003597347163953
010012,0,0.502026421383309
010013,0,0.5011136276311272
010014,0,0.500691546154376
010015,0,0.5001387323698
010016,0,0.5006664574060299
010017,0,0.5002450176189681
010018,0,0.500531759755455
010019,0,0.5002883080889525
010020,0,0.5015479531477725
010021,0,0.5485623166368218
010022,0,0.5015009289735493
010023,0,0.5020665648310775
010024,0,0.5001946682577527
010025,0,0.5004471477394242
010026,0,0.5014750623918459
010027,0,0.5001624838415681
010028,0,0.5005263682290483
010029,0,0.5001121550173737
010030,0,0.5012738645786906
010031,0,0.5013616948287315
010032,0,0.500694093583288
010033,0,0.5012671431040424
010034,0,0.5002479496577465
010035,0,0.5007985045994056
010036,0,0.501709203264733
010037,0,0.5001111563105813
010038,0,0.5001297419726208
010039,0,0.5000880598358602
010040,0,0.5002501732829799
010041,0,0.5005216489072623
010042,0,0.5011326061909012
010043,0,0.5002482760081658
010044,0,0.500186802712936
010045,0,0.500202274488152
010046,0,0.5002640067979867
010047,0,0.5021208102986843
010048,0,0.5010519734921777
010049,0,0.5062548789763358
010050,0,0.5003883773435405
010051,0,0.5002925659184193
010053,0,0.506335403165759
010054,0,0.5001964558316508
010055,0,0.5004881359916171
010056,0,0.500119861063214
010057,0,0.5001072307894617
010058,0,0.5023722733810642
010059,0,0.5010636087027704
010060,0,0.5002964620137839
010061,0,0.5001666957605716
010062,0,0.5004315468707498
010063,0,0.5001168716546397
010064,0,0.5001594262081022
010065,0,0.5004458936397701
010066,0,0.5045722140642037
010067,0,0.5018946331235798
010068,0,0.501261565018749
010069,0,0.5002522825710128
010070,0,0.5001964648182853
010071,0,0.5001956826063986
010072,0,0.5145747227003216
010073,0,0.502531939076114
010074,0,0.5002583081722493
010075,0,0.5004291372091982
010076,0,0.5007034699942724
010077,0,0.5011410624402595
010078,0,0.5001151039717291
010079,0,0.5007409544634919
010080,0,0.5013916975350584
010081,0,0.5033151171824155
010082,0,0.5001844947229136
010083,0,0.5025181044848118
010084,0,0.5002147706588435
010085,0,0.5007019959031882
010086,0,0.5070177821615844
010087,0,0.5007624786360515
010088,0,0.5016181071475536
010089,0,0.5000423091428043
010090,0,0.5003409827195512
010091,0,0.500413670818106
010092,0,0.5053897617317561
010093,0,0.500250070721195
010094,0,0.5037724548137065
010095,0,0.5017147936059879
010096,0,0.5005644503764799
010097,0,0.5023261991438359
010098,0,0.5001056438496977
010099,0,0.5006588466251276
010100,0,0.5034631026067714
010101,0,0.5008648800076771
010102,0,0.5010949316228288
010103,0,0.5013081256258067
010104,0,0.5012612252363688
010105,0,0.5003422620266644
010106,0,0.5001802522452239
010107,0,0.5046350318177361
010108,0,0.5002723655089827
010109,0,0.5004221611079317
010110,0,0.5002689315454565
010111,0,0.5019908907295187
010112,0,0.5014469987169599
010113,0,0.5023607750902522
010114,0,0.500346185964041
010115,0,0.5000701188274653
010116,0,0.5012576356607764
010117,0,0.5019125807050099
010118,0,0.500837528900581
010119,0,0.5006449601705778
010120,0,0.5001061121050362
010121,0,0.5008552339618362
010122,0,0.5003332021325525
010123,0,0.5004307454638278
010124,0,0.5035486200120379
010125,0,0.5008165094570344
010126,0,0.5039432526175377
010127,0,0.5004670982861646
010128,0,0.5015073839744996
010129,0,0.5033645815406362
010130,0,0.5002417348844032
010131,0,0.5041270037268918
010132,0,0.5003607887606133
010133,0,0.5040799095503594
010134,0,0.5010597416918324
010135,0,0.5075135388256268
010136,0,0.5001896715690745
010137,0,0.5000424941776369
010138,0,0.500463756263456
010139,0,0.5088564740113879
010140,0,0.5005582891646453
010141,0,0.5001983223512926
010142,0,0.5005384261012419
010143,0,0.5034226546414672
010144,0,0.5001164934014805
010145,0,0.5021563269845885
010146,0,0.5023152271769943
010147,0,0.5002702200343039
010148,0,0.5000892204518977
010149,0,0.5001346676188767
010150,0,0.5001089555187096
010151,0,0.5010225889246886
010152,0,0.5002971614016943
010153,0,0.5318045395138621
010154,0,0.5001181577638032
010155,0,0.5112731022643847
010156,0,0.5003381910769129
010157,0,0.5004658752792245
010158,0,0.5004529416194886
010159,0,0.5002703930528724
010160,0,0.5008107499080692
010161,0,0.5003755481084979
010162,0,0.5006336128104265
010163,0,0.5028760298124972
010164,0,0.5007558713705241
010165,0,0.500380526278985
010166,0,0.5012292015653692
010167,0,0.5001940737700483
010168,0,0.5022009952551304
010169,0,0.5016024569346899
010170,0,0.5000939587523874
010171,0,0.5004207550738209
010172,0,0.5003979569651967
010173,0,0.5000876546908358
010174,0,0.5016440133446679
010175,0,0.5003190838737105
010176,0,0.5003523022420342
010177,0,0.5009930948272517
010178,0,0.5006808073726963
010179,0,0.500548699054327
010180,0,0.5009462828424871
010181,0,0.5045043439244279
010182,0,0.5002107700517003
010183,0,0.5002778842931996
010184,0,0.5003719208063226
010185,0,0.5008644983821705
010186,0,0.5002489896872077
010187,0,0.5006857039988483
010188,0,0.5008154475397301
010189,0,0.5029341470629134
010190,0,0.5014496385662517
010191,0,0.50043665172442
010192,0,0.5001778895552679
010193,0,0.5011137941493994
010194,0,0.502510596789319
010195,0,0.5000912535132639
010196,0,0.5001717055283345
010197,0,0.5004628615057648
010198,0,0.501172594056932
010199,0,0.5005429405543644
010200,0,0.5004096105170703
010201,0,0.5002696686383576
010202,0,0.5012631552905922
010203,0,0.5002460397482835
010204,0,0.5005174220936998
010205,0,0.500626515194415
010206,0,0.5003666343785543
010207,0,0.507821197615216
010208,0,0.5018816962742676
010209,0,0.5009708823570579
010210,0,0.5001825759146216
010211,0,0.5009264199219842
010212,0,0.5045110171546159
010214,0,0.5000729888455351
010215,0,0.5000208306390631
010216,0,0.5001428516728209
010217,0,0.5020667513421708
010218,0,0.5025041586541039
010219,0,0.500160963422132
010220,0,0.5000963145302956
010221,0,0.5012361751566248
010223,0,0.5003780641899478
010224,0,0.5001452609203393
010225,0,0.5000679512805105
010226,0,0.5051329712296999
010227,0,0.5009578799134845
010228,0,0.5042266941601861
010230,0,0.5026683809921348
010231,0,0.5008273345595721
010232,0,0.5001819406586862
010233,0,0.5002751987533135
010234,0,0.5023436573998623
010235,0,0.5002725589694159
010236,0,0.5000546957039312
010237,0,0.5000465063132997
010238,0,0.5046967424713568
010239,0,0.5000815805054368
010240,0,0.5003782594126865
010241,0,0.5001827704397483
010242,0,0.500234525004969
010243,0,0.5003946397882316
010244,0,0.500951184429923
010245,0,0.5044964818785095
010246,0,0.5004140203241642
010247,0,0.5003810873479732
010248,0,0.5005840391310244
010249,0,0.5028888300919647
010250,0,0.5003385940286192
010251,0,0.5005536507270815
010252,0,0.5005690986501201
010253,0,0.5003861420770002
010254,0,0.5006847366596899
010255,0,0.5003570752051381
010256,0,0.5003566450279107
010257,0,0.5007340625797821
010258,0,0.5000714255931998
010259,0,0.5006039685216636
010260,0,0.5010573265254842
010261,0,0.5005304985311555
010262,0,0.5001092737297376
010263,0,0.5002179620926906
010264,0,0.500461339459703
010265,0,0.5003108530276906
010266,0,0.5000655689523825
010267,0,0.5007920064625248
010268,0,0.500832685559557
010269,0,0.5021281635322339
010270,0,0.5006541306139923
010271,0,0.5003238011407288
010272,0,0.5020284472438471
010273,0,0.5000804646853233
010274,0,0.5003478180924391
010275,0,0.500799818717439
010276,0,0.5004117444118286
010277,0,0.5013652318475271
010278,0,0.5001460110841495
010279,0,0.5005394853417696
010280,0,0.5011134643337679
010281,0,0.5000831625741873
010282,0,0.5004510512236059
010283,0,0.5001254087559804
010284,0,0.505389636838266
010285,0,0.5017912708296752
010286,0,0.5004986846657
010287,0,0.5022423548622763
010288,0,0.5000625485029488
010289,0,0.5003221320443606
010290,0,0.5003661739299331
010291,0,0.5001406817297778
010292,0,0.5004602492174929
010293,0,0.5002887774765689
010294,0,0.5006531711673173
010295,0,0.5000735220647115
010296,0,0.5009054989935132
010297,0,0.5036182419704291
010298,0,0.5002163583588695
010299,0,0.5013076949090853
010300,0,0.5005247888885918
010301,0,0.5000977375466965
010302,0,0.500137051333091
010303,0,0.5019481979782761
010304,0,0.5006463344700575
010307,0,0.5006806941188481
010308,0,0.5001525263168488
010309,0,0.5008801954968165
010310,0,0.5005049139307919
010311,0,0.5011842708688887
010312,0,0.503545796717272
010313,0,0.5004418025428571
010314,0,0.5005997535529831
010315,0,0.500035438188186
010316,0,0.5002444250871005
010317,0,0.5005513256181797
010318,0,0.5005114873136013
010319,0,0.5021182154406458
010320,0,0.500357728104395
010321,0,0.5026404931174245
010322,0,0.5005990809939203
010323,0,0.5003501081537239
010324,0,0.502652273497296
010325,0,0.5016734094160348
010326,0,0.5004002982768897
010327,0,0.5055631517278434
010328,0,0.5011176604168512
010329,0,0.5000211018862482
010330,0,0.5001115295673259
010331,0,0.5006602594762973
010332,0,0.5001840582384547
010333,0,0.5009933587776552
010334,0,0.5000482375553266
010335,0,0.5018684754112984
010336,0,0.5034104993011737
010337,0,0.5009086818248505
010338,0,0.5021489127995765
010339,0,0.5011496179828349
010340,0,0.5001892927442626
010341,0,0.5013348744612959
010342,0,0.50038275348725
010343,0,0.5008856650549766
010344,0,0.50017250967669
010345,0,0.5002324585271738
010346,0,0.5002281588108254
010347,0,0.5003847699569927
010348,0,0.5008716753988416
010349,0,0.500180468627802
010350,0,0.5002401112926801
010351,0,0.500262083809856
010352,0,0.500077887597453
010353,0,0.5273264894281983
010354,0,0.5004330864987176
010355,0,0.5003482058140947
010356,0,0.50096198808138
010357,0,0.5000730048601126
010358,0,0.5001005667356014
010359,0,0.5000939968581049
010360,0,0.501501676424107
010362,0,0.5001118095101799
010363,0,0.5007140213672107
010364,0,0.5000599573438163
010365,0,0.5005561612612192
010366,0,0.5000744231711012
010367,0,0.5004360355914403
010368,0,0.5003680566870428
010370,0,0.5003944626761773
010371,0,0.5001971883456019
010372,0,0.5001382566949084
010373,0,0.5002942513142816
010374,0,0.500057012997155
010375,0,0.5001168315757072
010376,0,0.5133033400503544
010377,0,0.5024680185306392
010378,0,0.5001085688502875
010379,0,0.5000412820939456
010380,0,0.5002209885756986
010381,0,0.5004309255364906
010382,0,0.5007935204940585
010383,0,0.5003024202251574
010384,0,0.5007232043617386
010385,0,0.5002177704322451
010386,0,0.5001973833828672
010387,0,0.5000326446580715
010388,0,0.5145305839890175
010389,0,0.5005720684473289
010390,0,0.5008489522439193
010391,0,0.5003572654687791
010392,0,0.500452950938641
010393,0,0.5004069147255622
010394,0,0.5017143396868216
010395,0,0.5049400948542503
010396,0,0.5001310033149095
010398,0,0.5005897173001305
010399,0,0.50034643214768
010400,0,0.5008172480765197
010401,0,0.5042154665627074
010402,0,0.5013477180124709
010403,0,0.5002062500882406
010404,0,0.5001963069329566
010405,0,0.5007708845047132
010406,0,0.5006613721937665
010407,0,0.5006359682876762
010408,0,0.5009697745101396
010409,0,0.5002592990432937
010410,0,0.5007662967490274
010411,0,0.5003202649720653
010412,0,0.5006597915376488
010413,0,0.5001893856630962
010414,0,0.5000825541810059
010415,0,0.5008769638038783
010416,0,0.5000952785276798
010417,0,0.5004079420973572
010418,0,0.5006873696385913
010419,0,0.5002621269039722
010420,0,0.5001732500109627
010421,0,0.5004034702342375
010422,0,0.5007320856835096
010423,0,0.5068097085772075
010424,0,0.5005813530178498
010425,0,0.5001378149688441
010426,0,0.5002127086124503
010427,0,0.5012609394504995
010428,0,0.5024381910625129
010429,0,0.5011226911277181
010430,0,0.5007924071816827
010431,0,0.500134783094112
010433,0,0.5001689712454672
010434,0,0.5002043424533407
010435,0,0.5002362018430901
010436,0,0.50011389177935
010437,0,0.5001690335074469
010438,0,0.5006638556043193
010439,0,0.5007957115231813
010440,0,0.5001473358271515
010441,0,0.5002017642167471
010442,0,0.5006781367582708
010443,0,0.5051359578607021
010444,0,0.500083095260148
010445,0,0.5001918276730015
010446,0,0.5007937052620762
010447,0,0.5003104078285519
010448,0,0.5001920016986706
010449,0,0.502395303605709
010450,0,0.5024788606375579
010451,0,0.5000585261968363
010452,0,0.5001333563334697
010453,0,0.5002776101961739
010454,0,0.5001539953432347
010455,0,0.5010950183908558
010456,0,0.5001146995935278
010457,0,0.5004972596190411
010458,0,0.5009098790638318
010459,0,0.5129702386107714
010460,0,0.5003277121834036
010461,0,0.5066512898077862
010462,0,0.5002144047403981
010463,0,0.500269362989418
010464,0,0.5000543165562245
010465,0,0.5004547962998468
010466,0,0.5013897838159767
010468,0,0.5001212420863341
010469,0,0.500428412425364
010470,0,0.5033765191525856
010471,0,0.5002205990437588
010472,0,0.5003159052407963
010473,0,0.5006128624082109
010474,0,0.5007870340162742
010475,0,0.5008724857031228
010476,0,0.5003611549805239
010477,0,0.5011459556129536
010478,0,0.5000273304083434
010479,0,0.5005593247361907
010480,0,0.5013195880031094
010481,0,0.5004703709014356
010482,0,0.5001082995897541
010483,0,0.5005663716699797
010484,0,0.5010771149075158
010485,0,0.5016968219523604
010486,0,0.5018791288508105
010487,0,0.5004504723832224
010488,0,0.500521786255327
010489,0,0.5030766840492071
010491,0,0.500574207780864
010492,0,0.5043640863434956
010493,0,0.5023297686214124
010494,0,0.5035557101732757
010495,0,0.5006385002375188
010496,0,0.5003452819840777
010497,0,0.50120187975905
010498,0,0.5002811851086112
010499,0,0.5013802016687315
010500,0,0.5036643627337299
010501,0,0.5000975266908173
010502,0,0.5020588227057567
010503,0,0.5037851848132199
010504,0,0.5007385179472724
010505,0,0.5003038955179483
010506,0,0.5006285702744064
010507,0,0.500101523684463
010508,0,0.5008301488015476
010509,0,0.5066773756005334
010510,0,0.5017856661434988
010511,0,0.5007864297687418
010512,0,0.5043046115400583
010513,0,0.5002489625883096
010514,0,0.500540537934973
010515,0,0.5001213502130761
010516,0,0.503510630520414
010517,0,0.5004955100054692
010518,0,0.5006953488975584
010519,0,0.5004417642995511
010520,0,0.5003398020734
010521,0,0.5024793677301238
010522,0,0.5009506240805417
010524,0,0.5007066159283149
010525,0,0.5021493867719811
010526,0,0.5010499300918074
010527,0,0.5002212332820396
010528,0,0.500170844936886
010529,0,0.5009932792343981
010530,0,0.5008257992166687
010531,0,0.5000887048176472
010532,0,0.5002284755767394
010533,0,0.5027934782452506
010534,0,0.5012403863419318
010535,0,0.5001001271377907
010537,0,0.5004960927811483
010538,0,0.5005550596916973
010539,0,0.5016667540972576
010540,0,0.5003064757218949
010541,0,0.5004686250213204
010542,0,0.5002827165368117
010543,0,0.5003618815842659
010544,0,0.5069134835814428
010545,0,0.5006870329800216
010546,0,0.5002212548787841
010547,0,0.5002912608540362
010548,0,0.5003656412913071
010549,0,0.5000664272934792
010550,0,0.5003139236482003
010551,0,0.5007442683654504
010552,0,0.5011104576951128
010553,0,0.5000603007754683
010554,0,0.5016857705882244
010555,0,0.5003567378097191
010556,0,0.5002031897368763
010557,0,0.5022209491712455
010558,0,0.5001905323620703
010559,0,0.5000513058264182
010560,0,0.5001589497563148
010561,0,0.5008714427136953
010562,0,0.5010866189903375
010563,0,0.5002066997194952
010564,0,0.5000645740898745
010565,0,0.5003257960863013
010566,0,0.5004910103945874
010567,0,0.5015072118503109
010568,0,0.5068138263804648
010569,0,0.5002784804532314
010570,0,0.5006322591882226
010571,0,0.502298794774409
010572,0,0.5000664152070862
010573,0,0.5041200777512886
010574,0,0.5006272742683646
010575,0,0.5001977663428179
010576,0,0.5001587560338288
010577,0,0.5017606842710249
010578,0,0.5014226235473821
010579,0,0.5014148544549647
010580,0,0.5004448871560626
010581,0,0.5009052655709029
010582,0,0.5010140145061213
010583,0,0.5004434861671277
010584,0,0.5001650257989755
010585,0,0.5001649202273265
010586,0,0.5007999518813063
010587,0,0.5001166450967844
010588,0,0.500897936120327
010589,0,0.501798139824358
010590,0,0.5007136538778146
010591,0,0.5003120767417218
010592,0,0.5004574120935101
010593,0,0.5006050871811576
010594,0,0.5001908685466377
010595,0,0.5056333427622007
010596,0,0.5004471446461811
010597,0,0.5005349299173494
010598,0,0.5026703372850272
010599,0,0.5001652311992163
010600,0,0.5009655921806672
010601,0,0.5007277714222785
010602,0,0.5001790222776691
010603,0,0.5001452019717412
010604,0,0.5001024687129059
010605,0,0.500136826022733
010606,0,0.5020190782927643
010607,0,0.5005675412429633
010608,0,0.5009332157059976
010609,0,0.5059297783131157
010610,0,0.5002624731202079
010611,0,0.501243936919057
010612,0,0.5008167065359795
010613,0,0.5034640935849619
010614,0,0.5004890782798321
010615,0,0.503075735541204
010616,0,0.5007939263516911
010617,0,0.5005096383601471
010618,0,0.5002196648024745
010619,0,0.500603918233589
010620,0,0.501245542048549
010621,0,0.5001472704801424
010622,0,0.5002268445282038
010623,0,0.5002300211511584
010624,0,0.500320851068726
010625,0,0.5006773378576915
010626,0,0.501293978954596
010627,0,0.5005505897065199
010628,0,0.5001459809832269
010629,0,0.5002586022215286
010630,0,0.5013044189490494
010631,0,0.5005241786563617
010632,0,0.5005137420371569
010633,0,0.5015364282344128
010634,0,0.5001812184473873
010635,0,0.5005710159494925
010636,0,0.5003375200868366
010637,0,0.5011609816543365
010638,0,0.5047827808726034
010639,0,0.500443715522022
010640,0,0.5011961096966361
010641,0,0.5004245420444985
010642,0,0.5048326864620813
010643,0,0.504589151435127
010644,0,0.501097699305077
010645,0,0.5014691531554326
010646,0,0.5049183831038152
010647,0,0.501169938359094
010648,0,0.5007561147975503
010649,0,0.5034373617643976
010650,0,0.5007167506228877
010651,0,0.5025239512021696
010652,0,0.5021716479849165
010653,0,0.5003361650304008
010654,0,0.5012407624092172
010655,0,0.5001048305380619
010656,0,0.5023350830916625
010657,0,0.5001185980948102
010658,0,0.500284045847526
010659,0,0.5001524626535993
010660,0,0.5005155074676387
010661,0,0.5013589618912812
010662,0,0.5000594337375726
010663,0,0.5008760290879476
010664,0,0.500220618782861
010665,0,0.5003142652770635
010666,0,0.5005566982436265
010667,0,0.5023521762625394
010668,0,0.500664584983815
010669,0,0.5110441557961329
010670,0,0.5000345275263713
010671,0,0.5020210320020884
010672,0,0.5001443827710542
010673,0,0.500076097124816
010674,0,0.504619200494546
010675,0,0.500206830159563
010676,0,0.502278522981323
010677,0,0.5007554385756761
010678,0,0.5003047079609672
010679,0,0.5076528297140801
010680,0,0.5000816301010047
010681,0,0.5003786450277962
010682,0,0.5005193762551446
010683,0,0.5005918998676521
010684,0,0.5000612691938419
010685,0,0.5018244643928902
010686,0,0.500194907192726
010687,0,0.5002419737861303
010688,0,0.5002063657857655
010689,0,0.5003832509623904
010690,0,0.5000614251335408
010691,0,0.5000698373906096
010692,0,0.5001246439420407
010693,0,0.5022427265231937
010694,0,0.5004261669040314
010695,0,0.5146889302840333
010696,0,0.5033427935369427
010697,0,0.500928814512273
010698,0,0.5002736157699138
010699,0,0.5000596727083408
010700,0,0.5006208938562025
010701,0,0.5007389149993371
010702,0,0.500583072559199
010703,0,0.5005779544372928
010704,0,0.500336084845648
010705,0,0.5003391135912237
010706,0,0.5001238213437343
010707,0,0.5001597745972826
010708,0,0.5188557567231109
010709,0,0.5004439154519316
010710,0,0.500422118603047
010711,0,0.5000859086049004
010712,0,0.5000677078927754
010713,0,0.5007676669854794
010714,0,0.5007393095625009
010715,0,0.5065157222275635
010716,0,0.500634090123413
010717,0,0.5000144084321296
010718,0,0.5000435556255491
010719,0,0.5001300374033086
010720,0,0.5004835133106693
010721,0,0.5006049534932593
010722,0,0.500247090630562
010723,0,0.5002503009832046
010724,0,0.5006333533930343
010725,0,0.5007112128613754
010726,0,0.500081213760181
010727,0,0.5002038465911651
010728,0,0.5041480138129754
010729,0,0.5003653468839218
010730,0,0.500407606192614
010731,0,0.5034673727329145
010732,0,0.5008479717786157
010733,0,0.5008160473722175
010734,0,0.5002799424776332
010735,0,0.5006680414378608
010736,0,0.5006674039703484
010737,0,0.500448585129296
010738,0,0.500031225239777
010739,0,0.5002435709782839
010740,0,0.5002321029337279
010741,0,0.5006835744500342
010742,0,0.5002751591842916
010743,0,0.5032884243420861
010744,0,0.5001130852990547
010745,0,0.5000833179410159
010746,0,0.5000872181929854
010747,0,0.5004008821172943
010748,0,0.5019590229295705
010749,0,0.5001871272193484
010750,0,0.5003714611727428
010751,0,0.5002883305002315
010752,0,0.5001721848034427
010753,0,0.501970822394982
010754,0,0.5014744797504288
010755,0,0.5001304650604944
010756,0,0.5024599554831239
010757,0,0.5003973038495982
010758,0,0.5001896656218928
010759,0,0.5000859758429971
010760,0,0.5008996135089395
010761,0,0.5000793604200977
010762,0,0.5002165779183051
010763,0,0.500322238086602
010764,0,0.5012356893169387
010765,0,0.5008251311127263
010766,0,0.5002876211747334
010767,0,0.5000443075588422
010768,0,0.5001737531290106
010769,0,0.5021174277906763
010770,0,0.5019527496466705
010771,0,0.5015097212238375
010772,0,0.5042809568708152
010773,0,0.5005001527372085
010774,0,0.5012078001853916
010775,0,0.5000781364941567
010776,0,0.502381780357097
010777,0,0.5003650491788346
010778,0,0.5040338913123386
010779,0,0.5003112132761942
010780,0,0.5005978764897497
010781,0,0.5008594648323982
010782,0,0.5005642803461544
010783,0,0.5217741008800536
010784,0,0.500366230179109
010785,0,0.5003072515376344
010786,0,0.5010266343938877
010787,0,0.5012234045214042
010788,0,0.504004687631919
010789,0,0.5003257191211467
010790,0,0.5001326266083005
010791,0,0.5002904940080054
010792,0,0.5016718516111918
010793,0,0.5000900776972966
010794,0,0.501058265939423
010795,0,0.500752804623937
010796,0,0.5003186527514515
010797,0,0.5003490975246964
010798,0,0.5027236995793359
010799,0,0.500286378204929
010800,0,0.5002728248978294
010801,0,0.5045082781365492
010802,0,0.5011615505536041
010803,0,0.5004080208953838
010804,0,0.5012897579600522
010805,0,0.5004298992173849
010806,0,0.5009383467799492
010807,0,0.5011937573594265
010808,0,0.5004488200800081
010809,0,0.5013778268677112
010810,0,0.5000585002478801
010811,0,0.5015611101765001
010812,0,0.5009228703621255
010813,0,0.5000999468392509
010814,0,0.5018217401878465
010815,0,0.500887617133232
010816,0,0.5028632952483346
010817,0,0.5012472288043078
010818,0,0.5033266903247521
010819,0,0.50080826708108
010820,0,0.5001741404050623
010821,0,0.5050020937968105
010822,0,0.5001655484558841
010823,0,0.50006822639422
010824,0,0.5007865389573326
010825,0,0.5001590863014841
010826,0,0.5008404747899483
010827,0,0.5004105932414062
010828,0,0.5002696003787351
010829,0,0.5002949208002186
010830,0,0.5006410960055457
010831,0,0.5067329599704945
010832,0,0.5005804402916535
010833,0,0.5017081117486041
010834,0,0.5003580567631191
010835,0,0.5002845687403272
010836,0,0.5000727593564483
010837,0,0.5002865596654547
010838,0,0.5001278453457473
010839,0,0.5003318571951286
010840,0,0.5015855661536778
010841,0,0.500519209596448
010842,0,0.5005538113871539
010843,0,0.5004250504661545
010844,0,0.5000372761393461
010845,0,0.500163499929708
010846,0,0.5005001513512183
010847,0,0.5009773906294722
010848,0,0.502168692412079
010849,0,0.5005096576465791
010850,0,0.5001278586565806
010851,0,0.5003250023564966
010852,0,0.5001340575789609
010853,0,0.5142920443632851
010854,0,0.5005157820160238
010855,0,0.5002940976057111
010856,0,0.5001587473535699
010857,0,0.5001333988067923
010858,0,0.5008088550820751
010859,0,0.5002536013105213
010860,0,0.5001007956764022
010861,0,0.5002617894320188
010862,0,0.5011976439063601
010863,0,0.5004462606115019
010864,0,0.5002634273639555
010865,0,0.5015228088743644
010866,0,0.5006341529813164
010867,0,0.5000941259483674
010868,0,0.5001441464446088
010869,0,0.503036752510339
010870,0,0.5001598801608464
010871,0,0.504897555994453
010872,0,0.5001467794351374
010873,0,0.5004511322450452
010874,0,0.5013692330953663
010875,0,0.5017897624536184
010876,0,0.5009719602402244
010877,0,0.5002225343340149
010878,0,0.5011086205754486
010879,0,0.500592107673852
010880,0,0.5008669237992409
010881,0,0.5001155591879496
010882,0,0.5022429399651229
010883,0,0.5014395568966467
010884,0,0.5002251859167008
010885,0,0.5015394907802303
010886,0,0.5095778236715933
010887,0,0.5001317652946324
010888,0,0.5001409873807371
010889,0,0.5116016613218732
010890,0,0.5003267446275887
010891,0,0.5002625752149157
010892,0,0.5080425375553289
010893,0,0.5008586021424313
010894,0,0.5005757148920996
010895,0,0.5005343155498875
010896,0,0.5009727685543625
010897,0,0.5001343830888033
010898,0,0.5001212761930902
010899,0,0.502257480086338
010900,0,0.5004834581772564
010901,0,0.5002373748008686
010902,0,0.5017846436687842
010903,0,0.5004471160053524
010904,0,0.5006947136030326
010905,0,0.5011760107997348
010906,0,0.5007883433227821
010907,0,0.501347732286309
010908,0,0.5006299889057787
010909,0,0.5014775081113634
010910,0,0.5066428705556336
010911,0,0.5009162384605477
010912,0,0.5010587572946918
010913,0,0.500939577047763
010914,0,0.5016519548031256
010915,0,0.5009088569532131
010916,0,0.5005320452559058
010917,0,0.5037196560169986
010918,0,0.5015452132916143
010919,0,0.5052505629169165
010921,0,0.5001418768376965
010922,0,0.5004508715455736
010923,0,0.5001388466799074
010924,0,0.5049575196734282
010925,0,0.5010246400543337
010926,0,0.5009045138047071
010927,0,0.5005251073414638
010928,0,0.5021972967658518
010930,0,0.5000560737441198
010931,0,0.5005042462551544
010932,0,0.5028823791706937
010933,0,0.5001673610859204
010934,0,0.5007463395309476
010935,0,0.5011532947399983
010936,0,0.5001453251013699
010937,0,0.500802991980637
010938,0,0.5010877177655627
010939,0,0.5001791613010049
010940,0,0.5001690371029874
010941,0,0.500430440682175
010942,0,0.502308849147508
010943,0,0.5003176578602371
010945,0,0.5013432407088433
010946,0,0.5017378006336146
010947,0,0.5012815417859104
010948,0,0.5002876856418209
010949,0,0.5002274758304573
010950,0,0.5004080554687994
010951,0,0.5029453179124372
010952,0,0.5005809273923972
010953,0,0.5011233903190213
010954,0,0.5003480866437621
010955,0,0.5007616997479627
010956,0,0.5001880174356129
010957,0,0.5003173389612731
010958,0,0.5025345447036553
010959,0,0.5017704867531488
010960,0,0.5013141471201993
010961,0,0.5004286156216373
010962,0,0.5001313753399883
010963,0,0.5013500071165123
010964,0,0.500184123288935
010965,0,0.5018975353955856
010966,0,0.500580601960309
010967,0,0.5005542371704486
010968,0,0.5003603488043825
010969,0,0.5003159661691903
010970,0,0.5002584973189271
010971,0,0.5008424187065665
010972,0,0.5006668201910526
010973,0,0.5006601343815102
010974,0,0.5019370651659352
010975,0,0.5005466660767944
010976,0,0.5000657522491146
010977,0,0.5002472687984009
010978,0,0.5003135753287334
010979,0,0.5017112316047353
010980,0,0.5018259733902637
010981,0,0.5002267098703572
010982,0,0.5002227288373393
010983,0,0.5011549317834617
010984,0,0.5016536398178207
010985,0,0.5003403181631387
010986,0,0.502898303570359
010987,0,0.5005027503075862
010988,0,0.5012570533005255
010989,0,0.5011360025018555
010990,0,0.5001644424338992
010991,0,0.5010308735062663
010992,0,0.5003787140250517
010993,0,0.5034752948556233
010994,0,0.5014076021540647
010995,0,0.5003611650695715
010996,0,0.5009237029864372
010997,0,0.5000707379089459
010998,0,0.5007526090367808
010999,0,0.5005504097421329
011000,0,0.5021879769990086
011001,0,0.5001335202112286
011002,0,0.5004939889906791
011003,0,0.5008520868123945
011004,0,0.5000814270794829
011005,0,0.5005061511358027
011006,0,0.5003818747866818
011007,0,0.500138175186506
011008,0,0.5006924166650435
011009,0,0.5030468760071151
011010,0,0.5000812738622656
011011,0,0.5011448005301226
011012,0,0.5001890729407652
011013,0,0.5011581619017891
011015,0,0.5026009026981281
011016,0,0.5012212777953481
011017,0,0.5029716824274166
011018,0,0.5012854913781128
011019,0,0.5000916902188082
011020,0,0.5023908184028661
011021,0,0.5046026792030783
011022,0,0.5001537411654126
011023,0,0.5002004145690571
011024,0,0.50053136634315
011025,0,0.5002366746513253
011026,0,0.5024554922231047
011027,0,0.5035767071009638
011028,0,0.5021368183301259
011029,0,0.5010635741719484
011030,0,0.5007905458937542
011031,0,0.5002058182056718
011032,0,0.500588010245815
011033,0,0.5003226835876874
011034,0,0.5003438403737551
011035,0,0.5005015024884959
011036,0,0.5035697152120014
011037,0,0.5068834823637434
011038,0,0.5018866089073862
011039,0,0.5007433107569477
011040,0,0.5000971713960033
011041,0,0.5000632944342409
011042,0,0.5002589846551854
011043,0,0.5000690138862965
011044,0,0.502006655457244
011045,0,0.5000516873957079
011046,0,0.5006226112181653
011047,0,0.5015029546910712
011048,0,0.500231989705809
011049,0,0.5007546451378098
011050,0,0.5008988709887521
011051,0,0.5001553281807932
011052,0,0.5004522652952346
011053,0,0.5010171013173819
011054,0,0.5014055411974084
011055,0,0.5007250375051978
011056,0,0.5003288287715348
011057,0,0.5003952617765305
011058,0,0.500430337589043
011059,0,0.5003324837225703
011060,0,0.5010986900343266
011061,0,0.5006848525395571
011062,0,0.5001192393009407
011063,0,0.5001170524422407
011064,0,0.5021719558116495
011065,0,0.5001191832092076
011066,0,0.5002991613575046
011067,0,0.5003126344819409
011068,0,0.5002753928116148
011069,0,0.5005997645519342
011070,0,0.5001516779272277
011071,0,0.5013176224393148
011072,0,0.500058956782335
011073,0,0.5003793566040031
011074,0,0.5015030457106172
011075,0,0.501810129776835
011076,0,0.5003003632310733
011077,0,0.5010986852916992
011078,0,0.502474646739778
011079,0,0.5011728828383785
011080,0,0.5001423102632352
011081,0,0.5015966094029222
011082,0,0.5000506957882511
011083,0,0.5025756550673989
011084,0,0.5004550990847617
011085,0,0.5003814111041112
011086,0,0.5002658933367159
011087,0,0.5000739196081256
011088,0,0.5008819259582575
011089,0,0.5013249752150506
011090,0,0.5005011858492088
011091,0,0.5001010850265805
011092,0,0.5002127564876613
011093,0,0.5002746875716109
011094,0,0.5009560669097803
011095,0,0.5008790043208757
011096,0,0.5004996825463671
011097,0,0.5000392075647582
011098,0,0.5004523473619211
011099,0,0.5000742515604202
011100,0,0.5007614964318533
011101,0,0.5001188776866314
011102,0,0.501258025552144
011103,0,0.5001447357750392
011104,0,0.5003132702304743
011105,0,0.500172969709162
011106,0,0.5007166285282217
011107,0,0.5004336045250871
011108,0,0.5072563143674853
011109,0,0.5004850282636222
011110,0,0.5003610720226854
011112,0,0.5004877978795023
011113,0,0.5012936264718582
011114,0,0.5000566342472728
011115,0,0.5002113424470243
011116,0,0.5000918860774137
011117,0,0.5084127559970573
011118,0,0.5004833060830433
011119,0,0.5001114016496571
011120,0,0.5004602691188826
011121,0,0.5000518021889759
011122,0,0.5002978334993368
011123,0,0.5003043449706767
011124,0,0.5003009487585885
011125,0,0.5028868300914089
011126,0,0.5001849283612202
011127,0,0.5007580454893867
011128,0,0.5043768035780898
011129,0,0.5006836644318938
011130,0,0.5000345406043961
011131,0,0.500066050496584
011132,0,0.5000395334123131
011133,0,0.5004297657536052
011134,0,0.5001323910109424
011135,0,0.5001244929870885
011136,0,0.500490901512731
011137,0,0.502125820130522
011138,0,0.5003468877434969
011140,0,0.500049616191213
011141,0,0.5000663947713734
011142,0,0.5047367015670267
011143,0,0.5005945948095846
011144,0,0.5019727533297286
011145,0,0.5010586152871777
011146,0,0.5016965709283006
011147,0,0.5001873869028134
011148,0,0.501379325056313
011149,0,0.50182030651571
011150,0,0.5010661960293624
011151,0,0.5015810628246958
011152,0,0.5005675539033364
011153,0,0.500534930758928
011154,0,0.5014068418724509
011155,0,0.5009540325385841
011156,0,0.5002378412108469
011157,0,0.5011640645577635
011158,0,0.500563432433001
011159,0,0.5017194420224508
011160,0,0.500470234714582
011161,0,0.5002504154366028
011162,0,0.5014331407372278
011163,0,0.5002210497239364
011164,0,0.5000849449022831
011165,0,0.5026104851879847
011166,0,0.5023386035648126
011167,0,0.5011684570577986
011168,0,0.5000933287044643
011169,0,0.5003195516286257
011170,0,0.5002691720360525
011171,0,0.5052018899786938
011172,0,0.5006353001115801
011173,0,0.5003798665945938
011174,0,0.5004505973967283
011175,0,0.5005427232043216
011176,0,0.5015628595520258
011177,0,0.5007366920376746
011178,0,0.5001012351303543
011179,0,0.5003436682285339
011180,0,0.5009099435780265
011181,0,0.5004203289751257
011182,0,0.5000663188543786
011183,0,0.500654478642058
011184,0,0.501609910194372
011185,0,0.5014263647723687
011186,0,0.500276186289987
011187,0,0.5000703715345693
011188,0,0.5003377221263022
011189,0,0.500675133429094
011190,0,0.5002716520056752
011191,0,0.5005890607091056
011192,0,0.5000810851758282
011193,0,0.5019979231556687
011194,0,0.5001160366157179
011195,0,0.5006752744736114
011196,0,0.5186417037425552
011197,0,0.5009205587056522
011198,0,0.5060373841543144
011199,0,0.5015035785709182
011200,0,0.5004384759470981
011201,0,0.5009015509243772
011202,0,0.5007256220230805
011203,0,0.5000520990308499
011204,0,0.500203247098243
011205,0,0.5001480273754032
011206,0,0.50111960292165
011207,0,0.5002353687273942
011208,0,0.5011108286006403
011210,0,0.5005446393116583
011211,0,0.5018450736995522
011212,0,0.5001376698865596
011213,0,0.5002442903215175
011214,0,0.5003258781910386
011215,0,0.500929413123746
011216,0,0.5001892006819347
011217,0,0.5002983773425939
011218,0,0.5002660370189568
011219,0,0.5002186483921837
011220,0,0.5000858339804828
011221,0,0.5067697426186497
011222,0,0.5016898310042078
011223,0,0.5008602454591217
011224,0,0.5012917454224585
011225,0,0.5013019698030472
011226,0,0.5002174046369264
011227,0,0.5010752442478555
011228,0,0.5000817446467631
011229,0,0.5018859786798259
011230,0,0.5042936401202791
011231,0,0.5068434039164935
011232,0,0.5020039329529613
011233,0,0.5083275020519045
011234,0,0.5008532506191167
011235,0,0.5002518230299079
011236,0,0.5004235181224009
011237,0,0.5003017893571834
011238,0,0.5023266626673294
011239,0,0.5001286921735427
011240,0,0.5006470756272867
011241,0,0.5001495035419703
011242,0,0.5002280217304135
011243,0,0.500650930572511
011244,0,0.5003699613202831
011245,0,0.5000514109944448
011246,0,0.5000634410430056
011247,0,0.5160334815807683
011248,0,0.500086363844995
011249,0,0.5006572780220925
011250,0,0.5005298866124018
011251,0,0.5003390228945663
011252,0,0.5001213728224405
011253,0,0.5001883833841818
011254,0,0.5000795854988727
011255,0,0.5006505824014421
011256,0,0.5008494668437331
011258,0,0.5001532162892174
011259,0,0.5001229507679826
011260,0,0.5003656803542279
011261,0,0.5000262517114513
011262,0,0.5007699271985511
011263,0,0.5035822884090031
011264,0,0.5008364273030592
011265,0,0.5011682014876718
011266,0,0.5074914876936514
011267,0,0.5007723336619625
011268,0,0.5007493797643023
011269,0,0.5001522655903938
011270,0,0.500581308842058
011271,0,0.5026062174539337
011272,0,0.5004199525296879
011273,0,0.5056227032883052
011274,0,0.5002506843422644
011275,0,0.5002744612488569
011276,0,0.5004130205390562
011277,0,0.5002072735372021
011278,0,0.5021560351120687
011279,0,0.500200113505928
011280,0,0.5024041941328058
011281,0,0.5003243393625756
011282,0,0.5004212690763776
011283,0,0.5002684525348579
011284,0,0.5008743719687436
011285,0,0.5000389758605329
011286,0,0.5000913321359666
011288,0,0.5009385201188653
011289,0,0.5008296507150342
011290,0,0.5009373719852236
011291,0,0.5001545639168328
011292,0,0.5010522173915167
011293,0,0.500972474197366
011294,0,0.5006636865282544
011295,0,0.5019400403268852
011296,0,0.5023432709014792
011297,0,0.5010577740594618
011298,0,0.5002011003185463
011299,0,0.5026236262446185
011300,0,0.5001985352851793
011301,0,0.5031700495448845
011302,0,0.5001212725611199
011303,0,0.506965261829106
011304,0,0.500124877861406
011305,0,0.5002311714568511
011306,0,0.5011495419424075
011307,0,0.5025201898671862
011308,0,0.500796794113183
011309,0,0.5021763370956451
011310,0,0.5013714916069003
011311,0,0.5000337023920481
011312,0,0.500943311103497
011313,0,0.5000648434521615
011314,0,0.5001467282899419
011315,0,0.50019713535927
011316,0,0.5000260199400128
011317,0,0.500128539557872
011318,0,0.5033117065647378
011319,0,0.5007830953230433
011320,0,0.5000919718612511
011321,0,0.5003091754139406
011322,0,0.5189429612642407
011323,0,0.5003286665984533
011324,0,0.5008500241116622
011325,0,0.5023564070583221
011326,0,0.5054416920717439
011327,0,0.5002362035560645
011328,0,0.5001503107895854
011329,0,0.5010848055504435
011330,0,0.5012449769196482
011331,0,0.5006617109761043
011332,0,0.5010642750870618
011333,0,0.5004940161145807
011334,0,0.5000655127488126
011335,0,0.5025715083898383
011336,0,0.5006264516309971
011337,0,0.5021089366962089
011338,0,0.5002638275039708
011339,0,0.5019680839338148
011340,0,0.5002249990786721
011341,0,0.5001811882849383
011342,0,0.5000614432904505
011343,0,0.5008946973848097
011344,0,0.5000700599854738
011345,0,0.5002295380804422
011346,0,0.5003944145837597
011347,0,0.5006938139030854
011348,0,0.50028059206414
011349,0,0.5013365863142926
011350,0,0.5005316546859027
011351,0,0.5020417181557316
011352,0,0.5003298631946942
011353,0,0.5001981749330934
011354,0,0.5023101185345465
011355,0,0.5002006877984694
011356,0,0.5000859506408304
011357,0,0.500928914056414
011358,0,0.5009171631331356
011359,0,0.5014102183853404
011360,0,0.5008341289346763
011361,0,0.5022915679786536
011362,0,0.5000399871543273
011363,0,0.5002075720243275
011364,0,0.5006737131999861
011365,0,0.5002674470651038
011366,0,0.5009328563351929
011367,0,0.5000955687378004
011368,0,0.5004423751568107
011369,0,0.5002072905183201
011370,0,0.5001463791954892
011371,0,0.5041311613519988
011372,0,0.503991969414537
011373,0,0.5036759063470925
011374,0,0.5013375011333111
011375,0,0.5015808128273697
011376,0,0.5027090667486049
011377,0,0.5001037052833495
011378,0,0.5081701779934835
011379,0,0.5009631630853233
011380,0,0.5015049023733019
011381,0,0.5002246652504081
011382,0,0.5010301636576772
011383,0,0.500202548718988
011384,0,0.5029720790409505
011385,0,0.5002620393019315
011386,0,0.5004503069234456
011387,0,0.5004493871002325
011388,0,0.5008036336538565
011389,0,0.5000874313292594
011390,0,0.5002720054310702
011391,0,0.5001571734912713
011392,0,0.5000754738836514
011393,0,0.5058462196681234
011394,0,0.5012020771557052
011395,0,0.5005430719927401
011396,0,0.5003115263158567
011397,0,0.5001412877056878
011398,0,0.5001131664399345
011399,0,0.5011810742056904
011400,0,0.50006911411609
011401,0,0.5001700643970397
011402,0,0.5025035908182337
011403,0,0.5009165294965215
011404,0,0.5010066833533229
011405,0,0.5004208127933514
011406,0,0.5003900673909915
011407,0,0.500553843666766
011408,0,0.5011914692961422
011409,0,0.5018556916061743
011410,0,0.5005874946105796
011411,0,0.5018480882328487
011412,0,0.5007375859862137
011413,0,0.5006100539890342
011414,0,0.5003394950828236
011415,0,0.5012093531320028
011416,0,0.5000590103055134
011417,0,0.5000408072597735
011418,0,0.5001224272920493
011419,0,0.5010406281085106
011420,0,0.5001554303762763
011421,0,0.5006052648098587
011422,0,0.5010282169339004
011423,0,0.5059873205403412
011424,0,0.5027436236475723
011425,0,0.5014666214377923
011426,0,0.5014271991113023
011427,0,0.5006438152610521
011428,0,0.5009464286861808
011429,0,0.5002400167520187
011430,0,0.5002305281743887
011431,0,0.5002358138550558
011432,0,0.5001305535775099
011433,0,0.5000737524208952
011434,0,0.5003142477363474
011435,0,0.5001599558168084
011436,0,0.5007691292370168
011437,0,0.5002568323228939
011438,0,0.500788092628054
011439,0,0.500135576980782
011440,0,0.5009799962234563
011441,0,0.5003966096905775
011442,0,0.5003608751528148
011443,0,0.5008233945362387
011444,0,0.5001412594081841
011445,0,0.5000600810055125
011446,0,0.500183485228672
011447,0,0.5016584432290649
011448,0,0.5003814677831896
011449,0,0.5002999952622011
011450,0,0.5012466426715128
011451,0,0.5000994577866137
011452,0,0.5007465954323964
011453,0,0.5022722012457692
011454,0,0.5003468566284488
011455,0,0.501047041028244
011456,0,0.5000763378996544
011457,0,0.5009723837892139
011458,0,0.5003647485272466
011459,0,0.5010658683330224
011460,0,0.5001963108841265
011461,0,0.5021629265556152
011462,0,0.5001452168686025
011463,0,0.5011022991640249
011464,0,0.5000886506861637
011465,0,0.5003443343365594
011466,0,0.5006023336960762
011467,0,0.5000800624225866
011468,0,0.5009088741285956
011469,0,0.5002755778941441
011470,0,0.5013741524178372
011471,0,0.5002259948689072
011472,0,0.5006425395080352
011473,0,0.5003888752618296
011474,0,0.500274918971919
011475,0,0.5006145033064487
011476,0,0.5052434210669569
011477,0,0.5011104761970906
011478,0,0.5018358841984752
011479,0,0.5004016765203907
011480,0,0.5001224343727994
011481,0,0.5006252431729287
011482,0,0.500828752749195
011483,0,0.5001695689798371
011484,0,0.500405803156669
011485,0,0.5004114997731489
011486,0,0.5000649404864075
011487,0,0.5019359547675502
011488,0,0.5004806393106174
011489,0,0.5006880881470718
011490,0,0.5003403374713924
011491,0,0.5001871320990638
011492,0,0.5039919074020914
011494,0,0.5006920114354253
011495,0,0.5113602170117101
011496,0,0.5004919113293502
011497,0,0.5044869111257922
011498,0,0.5032690996744301
011499,0,0.5002307857155396
011500,0,0.500953107846845
011501,0,0.5001339806340546
011502,0,0.5006418715364696
011503,0,0.5004331258530335
011504,0,0.5003727336306472
011505,0,0.5002021939738193
011506,0,0.505836283228108
011507,0,0.500161054642451
011508,0,0.5003253302966403
011509,0,0.5011505426915789
011510,0,0.5003007994764399
011511,0,0.5016258412965429
011512,0,0.5007988012248564
011513,0,0.5000396434953899
011514,0,0.5003894797415778
011515,0,0.5028668994384795
011516,0,0.501099125165185
011517,0,0.5005581674433205
011518,0,0.5012227465143515
011519,0,0.5001041667965165
011520,0,0.500360276661475
011521,0,0.5022697811512588
011522,0,0.5023584689026064
011523,0,0.5007926915072869
011524,0,0.5006225439744737
011525,0,0.5007647966082623
011526,0,0.5008795150864074
011527,0,0.5001920377626221
011528,0,0.5013532546582036
011529,0,0.500979101020804
011530,0,0.5025447673798841
011531,0,0.5003167888831734
011532,0,0.5018972790148896
011533,0,0.5003543525141323
011534,0,0.5003197063827554
011535,0,0.5007966450333793
011536,0,0.5005060633877721
011537,0,0.500885465468202
011538,0,0.5011278081923946
011539,0,0.500051203692897
011540,0,0.501977322534419
011541,0,0.5001276078293712
011542,0,0.5001144694473265
011543,0,0.5006150857656478
011544,0,0.5001974632120082
011545,0,0.500873156733535
011546,0,0.5013910208962834
011547,0,0.5018856717262409
011548,0,0.5034511592841976
011549,0,0.5002007364077456
011550,0,0.500266509572672
011551,0,0.5006683781731359
011552,0,0.5004631670411512
011553,0,0.5005221335613721
011554,0,0.5002521425546308
011555,0,0.5005083667451954
011556,0,0.500102804649136
011557,0,0.503034866816246
011558,0,0.5009654432729286
011559,0,0.5005384755896813
011560,0,0.5057643961261317
011561,0,0.5006893451524984
011562,0,0.5000792950331383
011563,0,0.5001290888358312
011564,0,0.5012271394831722
011565,0,0.5001727401601085
011566,0,0.5008205882591378
011567,0,0.5002632181147575
011568,0,0.5000882429311801
011569,0,0.5008581142749909
011570,0,0.5001688496766179
011571,0,0.5010080947368996
011572,0,0.5004338837498725
011573,0,0.5000723800986366
011574,0,0.5005854645298365
011575,0,0.5007975709842912
011576,0,0.500106576954515
011577,0,0.500551136236634
011578,0,0.5011077814703211
011579,0,0.5004972467681433
011581,0,0.5003391028579639
011582,0,0.5002160773006249
011583,0,0.5011906558760562
011584,0,0.5007762020344904
011585,0,0.5020339622463055
011586,0,0.5004651282622711
011587,0,0.5013938397546861
011588,0,0.5004105007065338
011589,0,0.5012869865513397
011590,0,0.5000479743424145
011591,0,0.500072167124555
011592,0,0.5156745146991198
011593,0,0.5001542019170873
011594,0,0.5371986897752165
011595,0,0.5001439918141429
011596,0,0.5001282801175643
011597,0,0.5017589960676507
011598,0,0.5002246682022438
011599,0,0.5002330908480066
011600,0,0.5006626244643494
011601,0,0.5001293488972092
011602,0,0.5022261730917346
011603,0,0.5025454182876167
011604,0,0.5002143084625447
011605,0,0.5004516780636334
011606,0,0.5000989690061542
011607,0,0.5004812211145
011608,0,0.5019089400483706
011609,0,0.5006611881581978
011610,0,0.5004564951361593
011611,0,0.500772860637677
011612,0,0.5003896081829843
011613,0,0.5002049235226078
011614,0,0.5014850771577688
011615,0,0.5001791283434769
011616,0,0.5023471612063306
011617,0,0.501267298420336
011618,0,0.5011538230575664
011619,0,0.5001071059576392
011620,0,0.5009521111975413
011621,0,0.5002662118246122
011622,0,0.5001644167061832
011623,0,0.5005166905479063
011624,0,0.5005116607560574
011625,0,0.5010561131562683
011626,0,0.5002465053888563
011627,0,0.5004857393198308
011628,0,0.5004283419787591
011629,0,0.5002916716903058
011630,0,0.5000687394585616
011631,0,0.5001197583101589
011632,0,0.5012850545106992
011633,0,0.5003829269525795
011634,0,0.5009452820569189
011635,0,0.5014805797553836
011636,0,0.5020588183050199
011638,0,0.5000696991470308
011639,0,0.500403863052215
011640,0,0.5002405515787237
011641,0,0.5007635855049113
011642,0,0.5003118816223908
011643,0,0.5009849212294172
011644,0,0.5007367293697487
011645,0,0.5013978420990387
011646,0,0.5018073402376713
011647,0,0.5006700839935458
011648,0,0.5010347776539502
011649,0,0.5034678870454119
011650,0,0.5020029485885364
011651,0,0.5004373711997218
011652,0,0.5003037747743839
011653,0,0.501902219587731
011654,0,0.5012712696681384
011655,0,0.5003057321521457
011656,0,0.5006664342849413
011657,0,0.5000937000498584
011658,0,0.5018840949824981
011659,0,0.5004992509125747
011660,0,0.5001785170193805
011661,0,0.5010766883726124
011662,0,0.5002119437003772
011663,0,0.5015546600037312
011664,0,0.5014155752934559
011665,0,0.5003392257477071
011666,0,0.5004669555752268
011667,0,0.500588219606682
011668,0,0.5011540106018607
011669,0,0.5010262601952813
011670,0,0.5001851041606638
011671,0,0.5002891144785238
011672,0,0.5015287942708426
011673,0,0.5002145949417589
011674,0,0.5006048158782158
011675,0,0.500431651565946
011676,0,0.5003567791069556
011677,0,0.5011241302363699
011678,0,0.5003668625895811
011679,0,0.5000988247543505
011680,0,0.5007093486807619
011681,0,0.5025309514985253
011682,0,0.5002353826534083
011683,0,0.5002198043591464
011684,0,0.5002040175420939
011685,0,0.5000792384527917
011686,0,0.5002641458805471
011687,0,0.5003860141961455
011688,0,0.5003766198527623
011689,0,0.5011665672009542
011690,0,0.5003641212341459
011692,0,0.5004674923905468
011694,0,0.500272781984229
011695,0,0.5000724621383753
011696,0,0.5015704764055725
011697,0,0.5001140199849343
011698,0,0.5002275403635539
011699,0,0.500035527866305
011700,0,0.5004621030208701
011701,0,0.5008852590977171
011702,0,0.5008652710729553
011703,0,0.5059827961238191
011704,0,0.5001738231661514
011705,0,0.5005484073874119
011706,0,0.5002092798849813
011707,0,0.5003752741939034
011708,0,0.5006414374776477
011709,0,0.5009249894854013
011710,0,0.500425633508702
011711,0,0.5002262045581135
011712,0,0.5004978243970983
011713,0,0.5004171923450779
011714,0,0.5018062740550377
011715,0,0.5007858286319349
011716,0,0.5002083348220037
011717,0,0.5001042685689154
011718,0,0.5008183232676392
011719,0,0.500236491715356
011720,0,0.5009901686448618
011721,0,0.5005063473316301
011722,0,0.5003020070238484
011723,0,0.5000980690348965
011724,0,0.5002523994749875
011725,0,0.5016941115148298
011726,0,0.5004077632185587
011727,0,0.5010737495217961
011728,0,0.5004146446558388
011729,0,0.5001831943257999
011730,0,0.5006198239525299
011731,0,0.5009183935826416
011732,0,0.5002731754897716
011733,0,0.5005549425449903
011734,0,0.5001390905005602
011735,0,0.5005688443241681
011736,0,0.5008811622441017
011737,0,0.501987039925046
011738,0,0.5008109885809012
011739,0,0.5002211244666573
011740,0,0.500905331138124
011741,0,0.5010064430657641
011742,0,0.5009650147431058
011743,0,0.5001482485685574
011744,0,0.500211620966643
011745,0,0.500507649192564
011746,0,0.5011486673699099
011747,0,0.5004635551475397
011748,0,0.5005568157291425
011749,0,0.500505342617929
011750,0,0.503148078531045
011751,0,0.5005999811388547
011752,0,0.5000788366896185
011753,0,0.5003201278516751
011754,0,0.5002615387071436
011755,0,0.5008835011427936
011756,0,0.5005433992388731
011757,0,0.5023340346049023
011758,0,0.5001845840635604
011759,0,0.5014908341510967
011760,0,0.5040827780570014
011762,0,0.5001719882127337
011763,0,0.5015403530492892
011764,0,0.5017238214962984
011765,0,0.500590600436652
011766,0,0.5005655941928177
011767,0,0.500260757934899
011768,0,0.5000455583643737
011769,0,0.500763108712184
011770,0,0.5006710212061685
011772,0,0.5031264768791716
011773,0,0.5011439528807363
011774,0,0.5002512256615662
011775,0,0.5001682875933977
011776,0,0.5000249927415281
011777,0,0.5001494320146466
011778,0,0.5007280288374665
011779,0,0.5009494238119246
011780,0,0.5001624814845328
011781,0,0.5004435762884398
011782,0,0.5006334339408139
011783,0,0.5011364161636096
011784,0,0.5006643371868164
011785,0,0.5000203420599229
011786,0,0.5068688974379635
011787,0,0.500270802361195
011788,0,0.5008902825686055
011789,0,0.5041628813123478
011790,0,0.5000455524238654
011791,0,0.5011688151366605
011792,0,0.5092931861202332
011793,0,0.5005296061703555
011794,0,0.5040969785477011
011795,0,0.5003463697729821
011796,0,0.5010348323831313
011797,0,0.5017822449660453
011798,0,0.5013892284729587
011799,0,0.5004064708019894
011800,0,0.5001858701084074
011801,0,0.500310745143158
011802,0,0.5002280643407765
011803,0,0.5022242475692227
011804,0,0.5003535625434529
011805,0,0.5006487216414754
011806,0,0.5001395493566773
011807,0,0.5002246656258681
011808,0,0.5008306869038847
011809,0,0.5004913963139926
011810,0,0.5002699224080671
011811,0,0.5010933611486384
011812,0,0.5007340415181429
011813,0,0.5004709042652192
011814,0,0.5003387848778613
011815,0,0.5003382825254412
011816,0,0.5000389603604373
011817,0,0.500106582638373
011818,0,0.500061601940948
011819,0,0.5009146908966592
011820,0,0.5004217867874651
011821,0,0.5002260054898789
011822,0,0.5004440095488604
011823,0,0.5004873391581237
011824,0,0.5003422421932012
011825,0,0.5000960359727556
011826,0,0.5018049445193276
011827,0,0.5012007744315587
011828,0,0.5003139312010565
011829,0,0.500446317232497
011830,0,0.5006989315427735
011831,0,0.5017013888374905
011832,0,0.5007707819082441
011833,0,0.5002444507084901
011834,0,0.5004244051724733
011835,0,0.5011973914248454
011836,0,0.5001722036415313
011837,0,0.5000885033650216
011838,0,0.5006256990666317
011839,0,0.5021777370626161
011840,0,0.5002035460317188
011841,0,0.5002976055759646
011842,0,0.5000995231279876
011843,0,0.5001792726607135
011844,0,0.500619205065468
011845,0,0.5009356758038346
011846,0,0.5025449737976331
011847,0,0.5007621889227734
011848,0,0.500902426908754
011849,0,0.5006329812715539
011850,0,0.5019044520091938
011851,0,0.5000277295043923
011852,0,0.5005965325230192
011853,0,0.5001894536372083
011854,0,0.5050324542382736
011855,0,0.5003020527189518
011856,0,0.5005888973742016
011857,0,0.5023705526570297
011858,0,0.500332311424877
011859,0,0.5021357887318921
011860,0,0.5004852131021444
011861,0,0.5015959820348247
011862,0,0.5016761281391063
011863,0,0.5013486109518002
011864,0,0.5004532358174478
011865,0,0.5009641740633677
011866,0,0.5010985405781564
011867,0,0.5001466259999996
011868,0,0.5009851375527615
011869,0,0.5010728028402783
011871,0,0.5018275513234433
011872,0,0.5024237852935077
011873,0,0.5026318569928752
011874,0,0.5010538218579681
011875,0,0.5003274539261301
011876,0,0.5008618293725501
011877,0,0.5005903942137968
011878,0,0.5009658275793516
011879,0,0.5000251986968427
011880,0,0.5001875178775528
011881,0,0.5004464651502036
011882,0,0.5019355831033391
011883,0,0.5018761371293099
011884,0,0.5012515088435414
011885,0,0.5006581676507383
011886,0,0.5010619448732474
011887,0,0.5007270567924764
011888,0,0.5008956980471627
011889,0,0.5031256216199408
011890,0,0.5003766666529056
011891,0,0.5003069722775954
011892,0,0.500353015920504
011893,0,0.5001481410220565
011894,0,0.5000889898057534
011895,0,0.5018247201580637
011897,0,0.500377927683415
011898,0,0.5002208734209579
011899,0,0.5001166587106249
011900,0,0.5002372399741026
011901,0,0.5002940822246539
011902,0,0.5002320294638957
011903,0,0.5033364042740489
011904,0,0.5002821597577388
011905,0,0.5005669326771078
011906,0,0.5027462859391264
011907,0,0.5007148897257564
011908,0,0.5001877515186856
011909,0,0.5009474781758967
011910,0,0.5084411374470275
011911,0,0.5014890644510337
011912,0,0.5006961325875238
011913,0,0.5002094042069508
011914,0,0.5002613105881458
011915,0,0.5000656378563996
011916,0,0.5038240003932397
011917,0,0.5010063280591097
011918,0,0.5000247396929561
011919,0,0.5002330282102737
011920,0,0.5007476142153201
011921,0,0.502096802455708
011922,0,0.5007117484880786
011923,0,0.5002422397709992
011924,0,0.5004746613742096
011925,0,0.5003532265209308
011926,0,0.5006664857832214
011927,0,0.500267794328414
011928,0,0.5001336153518483
011929,0,0.5001323852703763
011930,0,0.5004058610834562
011931,0,0.5006626253033698
011932,0,0.5002403409555595
011933,0,0.5012197299790874
011934,0,0.5001461675026947
011935,0,0.5005155591513571
011936,0,0.5000643902796515
011937,0,0.5011591361706098
011938,0,0.5002560342175021
011939,0,0.5001008886650665
011940,0,0.5001732486406423
011941,0,0.5014192412779251
011942,0,0.5003659080860442
011943,0,0.503669858847811
011944,0,0.5026905099178988
011945,0,0.5000695197512187
011946,0,0.5001002212621083
011947,0,0.5005473344543881
011948,0,0.5005260626291107
011949,0,0.5013979849572455
011951,0,0.5056810680791339
011952,0,0.5004426748530012
011953,0,0.5019524493499026
011954,0,0.5003144124995985
011955,0,0.5001933297550857
011956,0,0.5011732714450109
011957,0,0.500481222513507
011958,0,0.5005583438240917
011959,0,0.5007732027691604
011960,0,0.5006674250920519
011961,0,0.5010992918236228
011962,0,0.5025164345859959
011963,0,0.5000806381786287
011964,0,0.5009029038577814
011965,0,0.5012834243194577
011966,0,0.5003119261959383
011967,0,0.5002201188768425
011968,0,0.5003426741486012
011969,0,0.5011163760123797
011970,0,0.5002044890205112
011971,0,0.5024112481427337
011972,0,0.5001661837556283
011973,0,0.5010746779314247
011974,0,0.500411179869387
011975,0,0.5002114859927216
011976,0,0.5040202319243496
011977,0,0.5023101236606954
011978,0,0.5003216068481374
011979,0,0.5009165598878667
011980,0,0.5008015035056677
011981,0,0.5027473502609003
011982,0,0.500498694639872
011983,0,0.5001273029945388
011984,0,0.5000440429023078
011985,0,0.5004746756419062
011986,0,0.501036883247929
011988,0,0.5010548178857286
011989,0,0.5006954370156519
011990,0,0.5007323093886171
011991,0,0.500312440091967
011992,0,0.501652630484286
011993,0,0.5002997595926657
011994,0,0.5005123019479926
011995,0,0.5005654297680227
011996,0,0.5012678300612871
011997,0,0.5003331307636449
011998,0,0.5002826887446644
011999,0,0.5003977642520102
