fold,seq_id,label,prediction
1,005763,0,0.15705363
1,003361,0,0.05639963
1,005953,0,0.21538438
1,011359,0,0.07001975
1,005137,0,0.09454432
1,000516,0,0.16056432
1,003699,0,0.0866389
1,008779,0,0.13688588
1,007732,0,0.035175785
1,003010,0,0.16467544
1,003500,0,0.6109429
1,004840,0,0.06839431
1,001280,0,0.21687433
1,009135,0,0.036536496
1,004305,0,0.1294038
1,002094,0,0.061263155
1,009660,0,0.13400187
1,008775,0,0.033716887
1,006098,0,0.22587925
1,006166,0,0.11290896
1,002478,0,0.6706267
1,006966,0,0.1949849
1,000078,0,0.06791453
1,002293,0,0.08535072
1,000797,0,0.041672777
1,008215,0,0.13876654
1,010061,0,0.064785555
1,000468,1,0.07518776
1,002768,0,0.050722096
1,005418,0,0.023602525
1,003128,0,0.12741584
1,003161,0,0.116069034
1,003524,0,0.283469
1,000526,0,0.8804704
1,004921,0,0.041848652
1,000151,0,0.06967098
1,008736,0,0.087563455
1,002951,0,0.061831824
1,002017,0,0.01768191
1,008610,0,0.55330485
1,007868,0,0.05916629
1,004164,0,0.075982556
1,007942,0,0.029521106
1,008318,0,0.5340597
1,005008,0,0.1942792
1,009188,0,0.22028454
1,008919,0,0.124325775
1,006597,0,0.03044463
1,007767,0,0.30686155
1,006183,0,0.19001578
1,003156,0,0.14398432
1,000380,0,0.116473645
1,000182,0,0.23980357
1,010944,0,0.062450174
1,011453,0,0.0064047743
1,005566,0,0.06743796
1,002006,0,0.29283333
1,005696,0,0.030210145
1,010781,0,0.04242388
1,001079,0,0.13314503
1,000327,0,0.006978075
1,006078,0,0.166032
1,003259,0,0.18295598
1,005687,0,0.024930794
1,003285,0,0.474645
1,005393,0,0.029967828
1,007471,0,0.15943402
1,011976,0,0.16159362
1,011524,0,0.11335807
1,009031,0,0.0824631
1,004242,0,0.22562739
1,001275,0,0.035114177
1,000250,0,0.026979228
1,009362,0,0.069336325
1,011533,0,0.05337777
1,007742,0,0.53077424
1,002199,0,0.32374662
1,010361,0,0.084697455
1,005917,0,0.05283449
1,003077,0,0.12639092
1,008772,0,0.16093229
1,011205,0,0.05969093
1,004830,0,0.04465316
1,004662,0,0.0737866
1,007540,0,0.7956589
1,008619,0,0.1470423
1,004153,0,0.07625986
1,004287,0,0.013439238
1,011899,0,0.070300005
1,008045,0,0.10143451
1,007118,0,0.03178371
1,011419,0,0.35547397
1,009271,0,0.046674106
1,002831,0,0.054739755
1,000664,0,0.42020905
1,010452,0,0.039383866
1,000146,0,0.049075074
1,011711,0,0.07344696
1,004688,0,0.024576213
1,000435,0,0.049858134
1,011816,0,0.048231747
1,004217,0,0.22673318
1,006660,0,0.014904957
1,006426,0,0.044833176
1,004645,0,0.047434058
1,008165,0,0.10422254
1,006918,0,0.12357081
1,005177,0,0.0276477
1,003604,0,0.14718777
1,011953,0,0.049525898
1,004801,0,0.18761238
1,004813,0,0.046207506
1,011044,0,0.062498517
1,005685,0,0.06013483
1,008721,0,0.025784709
1,010015,0,0.10702271
1,006481,0,0.23453721
1,007336,0,0.1192417
1,007789,0,0.2381603
1,006512,0,0.06048302
1,007145,0,0.18386401
1,010459,0,0.1968369
1,008286,0,0.08984666
1,006859,0,0.046217065
1,001379,0,0.061944168
1,009981,0,0.029270742
1,006735,0,0.17363359
1,011199,0,0.05818808
1,008087,0,0.10800353
1,005854,0,0.35117087
1,006845,0,0.0065471875
1,003356,0,0.08311003
1,005121,0,0.2667678
1,007275,0,0.33690643
1,000777,0,0.09366837
1,005525,0,0.21737011
1,009507,0,0.033552725
1,003313,0,0.07303085
1,002791,0,0.11682611
1,009126,0,0.030597363
1,005733,0,0.05365291
1,007374,0,0.09521193
1,007529,0,0.0091360435
1,011800,0,0.19166158
1,008469,0,0.017377015
1,006632,0,0.08270076
1,000055,0,0.057942472
1,008111,0,0.0730346
1,003152,0,0.058451302
1,009561,0,0.15077357
1,007984,0,0.04846955
1,011186,0,0.10487574
1,008580,0,0.04623538
1,001226,0,0.0053493925
1,004960,0,0.028011033
1,003911,0,0.12478781
1,008118,0,0.24100824
1,000713,0,0.48633265
1,006900,0,0.16238412
1,009117,0,0.025088692
1,007282,0,0.25275493
1,004687,0,0.30818218
1,011697,0,0.31300995
1,009913,0,0.2118373
1,008549,0,0.04240625
1,006125,0,0.31739816
1,004979,0,0.36894608
1,011407,0,0.02835619
1,003986,0,0.17726724
1,005168,0,0.12934692
1,010092,0,0.0729973
1,002209,0,0.30666515
1,010826,0,0.07461029
1,002553,0,0.06421606
1,005214,0,0.06547863
1,000086,0,0.25687388
1,005346,0,0.14299385
1,009291,0,0.31640163
1,008025,0,0.07865796
1,010883,0,0.10586705
1,008208,0,0.04646202
1,004539,0,0.03167548
1,006584,0,0.32662743
1,005050,0,0.029529313
1,002238,0,0.24492818
1,007860,0,0.11868188
1,005048,0,0.16946596
1,001153,0,0.011886935
1,009948,0,0.28244647
1,004007,0,0.038227
1,008615,0,0.03561697
1,007717,0,0.05022826
1,002242,0,0.39755905
1,000303,0,0.28492403
1,000082,0,0.108282655
1,007101,0,0.23368438
1,008145,0,0.07752233
1,001568,0,0.28403157
1,003387,0,0.061554927
1,002326,0,0.023097891
1,011491,0,0.120866016
1,002679,0,0.46497437
1,002733,0,0.060478255
1,000115,0,0.25244036
1,008000,0,0.05829
1,001045,0,0.498916
1,009485,0,0.032738596
1,007423,0,0.077703744
1,006411,0,0.07675704
1,008702,0,0.05483868
1,002820,0,0.41155577
1,001731,0,0.44932535
1,001514,0,0.16706152
1,000279,0,0.021196244
1,007721,0,0.05839286
1,005203,0,0.029021174
1,002762,0,0.044759125
1,006981,0,0.083328225
1,007242,0,0.038703974
1,000419,0,0.14045638
1,011201,0,0.3412763
1,005423,0,0.041640863
1,001068,0,0.0056337556
1,008696,0,0.0300212
1,000285,0,0.059026618
1,007578,0,0.082792945
1,010630,0,0.11245627
1,006432,0,0.012084407
1,006716,0,0.11538293
1,005452,0,0.005812686
1,000031,0,0.06052428
1,004027,0,0.076235004
1,009005,0,0.24858423
1,000029,0,0.01049635
1,001372,0,0.24500613
1,004592,0,0.029028788
1,006160,0,0.21950273
1,000890,0,0.31405547
1,004516,0,0.21395905
1,000189,0,0.04282143
1,011265,0,0.061331153
1,003243,0,0.18091662
1,005479,0,0.19715449
1,009251,0,0.053591948
1,001020,0,0.131824
1,004907,0,0.019708231
1,004039,0,0.06971827
1,010696,0,0.18712042
1,004931,0,0.08652071
1,002699,0,0.12482021
1,001547,0,0.11946085
1,005672,0,0.036649484
1,009941,0,0.10237024
1,010390,0,0.14963412
1,009435,0,0.46477598
1,008029,0,0.045872837
1,007428,0,0.44717276
1,008042,0,0.5808888
1,005263,0,0.10514378
1,006287,0,0.04064756
1,011881,1,0.3223594
1,004952,0,0.2459322
1,005451,0,0.3303484
1,001559,0,0.10531017
1,003404,0,0.28521457
1,001230,0,0.1326169
1,001296,0,0.08963716
1,004208,0,0.33499637
1,003087,0,0.14815752
1,005482,1,0.17649189
1,004631,0,0.09759285
1,007253,0,0.2502798
1,002150,0,0.14019427
1,002342,0,0.048556536
1,005283,0,0.5739524
1,008948,0,0.022065062
1,004454,0,0.17739844
1,008849,0,0.032130543
1,005012,0,0.06585919
1,001279,0,0.098508105
1,001646,0,0.026957981
1,002202,0,0.5820861
1,007475,0,0.11601924
1,003798,0,0.01978969
1,005006,0,0.038185034
1,003241,0,0.11719841
1,011165,0,0.40725604
1,002932,0,0.09034064
1,010554,0,0.04614688
1,008171,0,0.10803681
1,010184,0,0.014145809
1,011154,0,0.03079709
1,011720,0,0.08244271
1,008973,0,0.015660444
1,005781,0,0.04115941
1,005514,1,0.25460413
1,006720,0,0.014701403
1,007608,0,0.12882808
1,009563,0,0.09901296
1,009273,0,0.19465186
1,009627,0,0.060111452
1,002360,0,0.12908956
1,005444,0,0.08325832
1,005290,0,0.16978878
1,005594,0,0.14184651
1,005165,0,0.08598026
1,007713,0,0.06858381
1,004403,0,0.084973514
1,010503,0,0.1263922
1,005366,0,0.06542556
1,001883,0,0.15342571
1,010665,0,0.09311139
1,000389,0,0.23320644
1,007326,0,0.2731635
1,006670,0,0.041427247
1,000318,0,0.046247188
1,001108,0,0.16284105
1,006775,0,0.1746434
1,009517,0,0.030905
1,004210,0,0.047788493
1,000770,0,0.111617155
1,001652,0,0.030029312
1,009063,0,0.1621714
1,000213,0,0.11100235
1,000439,0,0.3011195
1,010942,0,0.23849599
1,000071,0,0.0114513915
1,011649,0,0.010599407
1,011544,0,0.24808644
1,011807,0,0.08306879
1,006081,0,0.07096928
1,003207,0,0.052280214
1,011050,0,0.15672505
1,001729,0,0.09902952
1,003195,0,0.08018861
1,007643,0,0.07664119
1,001880,0,0.14429626
1,011878,0,0.10935483
1,010567,0,0.33853808
1,002020,0,0.19340608
1,009310,0,0.0027805786
1,007448,0,0.2518018
1,001624,0,0.040423643
1,005208,0,0.0670633
1,002811,0,0.050088443
1,006356,0,0.0746394
1,011896,0,0.038552873
1,000178,0,0.06509044
1,008824,0,0.23441264
1,001231,0,0.11330038
1,000945,0,0.10450376
1,001924,0,0.08387382
1,009713,0,0.124806434
1,005110,0,0.028244432
1,009123,0,0.08450362
1,003602,0,0.17021216
1,011485,0,0.13703424
1,009473,0,0.10999724
1,000058,0,0.01711498
1,008170,0,0.09325761
1,008761,0,0.45679435
1,004119,0,0.07189593
1,003649,0,0.048482645
1,003189,0,0.16677189
1,006627,0,0.29367858
1,006773,0,0.10412306
1,006167,0,0.09962883
1,009539,0,0.09529837
1,001693,0,0.17337021
1,003989,0,0.17401603
1,005066,0,0.17363453
1,009487,0,0.070098
1,004980,0,0.04114565
1,008477,0,0.028096298
1,006312,0,0.0758648
1,004103,0,0.4136394
1,001170,0,0.045598965
1,009357,0,0.043255128
1,010690,0,0.5017416
1,007410,0,0.20510176
1,002552,0,0.0465891
1,000748,0,0.09900475
1,001243,0,0.1424928
1,010013,0,0.18622693
1,004877,0,0.059783142
1,010276,0,0.010442795
1,000655,0,0.3542393
1,000647,0,0.036873672
1,010677,0,0.09074717
1,000826,0,0.271458
1,000590,0,0.05799963
1,010120,0,0.09273737
1,000107,0,0.09164573
1,002217,0,0.08088703
1,010290,0,0.4510475
1,002836,0,0.45124158
1,010615,0,0.03151433
1,002680,0,0.08095549
1,006054,0,0.22090967
1,001331,1,0.07871601
1,009568,0,0.062078685
1,003059,0,0.04345306
1,003772,0,0.32328132
1,000289,0,0.035812285
1,006154,0,0.49371356
1,010941,0,0.062879466
1,003709,0,0.058694568
1,010481,0,0.16320005
1,008283,1,0.14731225
1,001585,0,0.058643676
1,010242,0,0.03314679
1,010525,0,0.19938473
1,003092,0,0.1228375
1,006851,0,0.24757794
1,001614,0,0.5001429
1,009058,0,0.1931156
1,007825,0,0.114263855
1,000187,0,0.28513587
1,011394,0,0.12017446
1,006147,0,0.05410941
1,010609,0,0.060218744
1,000320,0,0.14560643
1,005353,0,0.21788022
1,003504,0,0.14638221
1,001609,0,0.08062353
1,009685,0,0.048353016
1,011079,0,0.103407584
1,000732,0,0.21965286
1,003824,0,0.11579607
1,008508,0,0.066843875
1,009714,0,0.028231295
1,007158,0,0.014795511
1,002852,0,0.022317955
1,007948,0,0.09806081
1,004759,0,0.04427144
1,000273,0,0.08524805
1,001220,0,0.03832981
1,010951,0,0.119993865
1,007670,0,0.15724248
1,003258,0,0.27164343
1,001875,0,0.25569612
1,003383,0,0.069416046
1,004422,0,0.089769915
1,007166,0,0.24335414
1,001972,0,0.094489306
1,006050,0,0.12989865
1,006507,0,0.045610234
1,011848,0,0.022748658
1,011846,0,0.17247312
1,000323,0,0.07551152
1,008353,0,0.17742546
1,003066,0,0.46877632
1,006474,0,0.020869913
1,005555,0,0.096582696
1,006994,1,0.6173185
1,010237,0,0.2184486
1,011585,0,0.16692342
1,005557,0,0.22049826
1,011675,0,0.11284452
1,005125,0,0.10886827
1,008352,0,0.090031445
1,000127,0,0.051571865
1,005150,0,0.24790926
1,009907,0,0.116648085
1,008317,0,0.041119456
1,009574,0,0.0806516
1,006126,1,0.8301487
1,011938,0,0.4633462
1,006618,0,0.17093208
1,005980,0,0.2206909
1,002187,0,0.0869473
1,002300,0,0.028323581
1,005863,0,0.18966077
1,009577,0,0.35507593
1,003210,0,0.14144655
1,009004,0,0.18254946
1,002311,0,0.15768227
1,006576,0,0.081937715
1,006285,0,0.00889944
1,011065,0,0.21630685
1,005506,0,0.086026974
1,000044,0,0.07273617
1,008695,0,0.026634144
1,001136,0,0.26076233
1,003948,0,0.18783669
1,006157,0,0.024035353
1,008507,0,0.0299145
1,007895,0,0.32516405
1,003329,0,0.08911915
1,002960,0,0.20224153
1,006022,0,0.12304451
1,008996,0,0.42694116
1,011493,0,0.15582785
1,008475,0,0.21707733
1,005412,0,0.26958966
1,006574,0,0.026995301
1,004115,0,0.05435594
1,003107,0,0.122141704
1,010033,0,0.18639168
1,009881,0,0.06408611
1,008256,0,0.219471
1,006671,0,0.10122379
1,001208,0,0.2802493
1,008429,0,0.06638424
1,007139,0,0.083358906
1,000033,0,0.02195005
1,009545,0,0.25904185
1,004336,0,0.118218005
1,004416,0,0.12820327
1,008513,0,0.022178628
1,000302,0,0.1807781
1,007791,0,0.3066211
1,001961,0,0.29717645
1,000384,0,0.0024748624
1,000130,0,0.011363048
1,007111,0,0.04669879
1,002003,0,0.014262988
1,006906,0,0.005402745
1,009541,0,0.3613993
1,008308,0,0.06255973
1,010394,0,0.28983
1,002071,0,0.07577599
1,005823,0,0.19007975
1,007546,0,0.17601226
1,009046,0,0.15232027
1,000348,0,0.07698543
1,003581,0,0.013443855
1,007401,0,0.048323754
1,007032,0,0.01748608
1,011550,0,0.12314283
1,011952,0,0.03099692
1,003953,0,0.102837764
1,001762,0,0.08670241
1,001365,0,0.21579167
1,001515,0,0.14330484
1,003789,0,0.107384466
1,007830,0,0.14680669
1,002948,0,0.049737774
1,000382,0,0.1359205
1,002515,0,0.012883629
1,003379,0,0.042129878
1,010027,0,0.059320804
1,000517,0,0.12709746
1,009732,0,0.0670257
1,010411,0,0.02543044
1,009965,0,0.040873233
1,000749,0,0.104848884
1,008618,0,0.043932788
1,011671,0,0.09043343
1,010476,0,0.32593727
1,003181,0,0.06795538
1,001990,0,0.22766966
1,009205,0,0.018013075
1,003294,0,0.14419474
1,005497,0,0.2466451
1,006310,0,0.7996478
1,011440,0,0.04404936
1,001521,0,0.06611851
1,006343,0,0.029819466
1,009354,0,0.100468494
1,003667,0,0.04614301
1,007372,0,0.067536585
1,005478,0,0.12500931
1,000345,0,0.062429447
1,006923,0,0.27631944
1,005681,0,0.099952884
1,010508,0,0.17418595
1,010863,0,0.21306442
1,010069,0,0.045261785
1,003140,0,0.08667321
1,007961,0,0.14962669
1,001907,0,0.5087635
1,004751,0,0.03579357
1,004899,0,0.07124034
1,008945,0,0.08060941
1,011024,0,0.054717183
1,009296,0,0.091515236
1,003426,0,0.067321025
1,004884,0,0.22760604
1,008578,0,0.11761244
1,011598,0,0.12692335
1,001329,0,0.13824847
1,008503,0,0.08359673
1,007900,0,0.12847553
1,000263,0,0.09763247
1,011738,0,0.8649544
1,011323,0,0.4211631
1,005582,0,0.17483701
1,010047,0,0.40575013
1,010684,0,0.08110805
1,011257,0,0.072730795
1,010964,0,0.01049368
1,006065,0,0.15377137
1,000952,0,0.036416333
1,003585,0,0.07883075
1,005689,1,0.417901
1,010685,0,0.3103757
1,003421,0,0.08435888
1,006086,0,0.36565065
1,010178,0,0.49159974
1,003475,0,0.011239605
1,010674,0,0.06909448
1,011832,0,0.30417502
1,011975,0,0.08383052
1,001861,0,0.036815777
1,000000,0,0.5878242
1,001394,0,0.24255684
1,002896,0,0.13287441
1,009411,0,0.12878151
1,009330,0,0.18088554
1,007896,0,0.26161882
1,002745,0,0.21189827
1,007201,0,0.14220053
1,004173,0,0.15125708
1,004132,0,0.03131696
1,002860,0,0.41149828
1,002512,0,0.06711548
1,006995,0,0.22070353
1,005765,0,0.14296225
1,001338,0,0.08745129
1,003017,0,0.49254948
1,004967,0,0.64576286
1,003722,0,0.3242084
1,009768,0,0.012109008
1,009249,0,0.071419895
1,001627,0,0.06000623
1,010759,0,0.08855328
1,011202,0,0.19208966
1,001211,0,0.17204402
1,000271,0,0.098196015
1,000850,0,0.005092679
1,006856,0,0.07195287
1,011639,0,0.108897425
1,010622,0,0.15402378
1,008927,0,0.109200664
1,011255,0,0.20524251
1,004202,0,0.02387025
1,008985,0,0.18418834
1,006826,0,0.17072959
1,011819,0,0.12869322
1,006809,0,0.019805416
1,011353,0,0.017259292
1,010351,0,0.1316383
1,011588,0,0.011678576
1,009131,0,0.015606472
1,005183,0,0.780946
1,007004,0,0.022868456
1,009081,0,0.01221645
1,001986,0,0.07646993
1,004522,0,0.45181426
1,003399,0,0.1546627
1,005143,0,0.32978556
1,006321,0,0.075247675
1,007761,0,0.07945222
1,006338,0,0.024965208
1,005925,0,0.03095605
1,010430,0,0.21866831
1,010166,0,0.011729921
1,009416,0,0.08476324
1,008576,0,0.0946512
1,009196,0,0.16655117
1,011466,0,0.041897293
1,010624,0,0.43602416
1,001306,0,0.03710305
1,011643,0,0.05454267
1,009790,0,0.008129783
1,004487,0,0.107622534
1,004880,0,0.25501037
1,010762,0,0.11195097
1,009861,0,0.3437834
1,007691,0,0.11283202
1,002908,0,0.010554518
1,010648,0,0.09493239
1,006198,0,0.016407048
1,002840,0,0.09299997
1,000494,0,0.04079777
1,011545,0,0.01726003
1,010647,0,0.07639747
1,003051,0,0.15093932
1,001730,0,0.4148054
1,000391,0,0.14375032
1,001087,0,0.06932483
1,005704,0,0.02996516
1,004134,0,0.24446331
1,005468,0,0.11056242
1,002302,0,0.04250626
1,009658,0,0.3641931
1,011225,0,0.41820464
1,006531,0,0.058263727
1,011446,0,0.011653868
1,001078,0,0.13526426
1,004390,0,0.3224304
1,010466,0,0.48039383
1,002556,0,0.1480144
1,005985,0,0.24419078
1,000277,0,0.17295611
1,002597,0,0.09443037
1,001945,0,0.09060276
1,011511,0,0.095585585
1,003870,0,0.59827614
1,011097,0,0.022816118
1,010494,0,0.16249889
1,007226,0,0.07556352
1,003614,0,0.25886518
1,006056,0,0.08429677
1,006097,0,0.13396586
1,006651,0,0.0806016
1,007288,0,0.05481244
1,000877,0,0.068945535
1,011984,0,0.24651124
1,007754,0,0.22872669
1,009579,0,0.15813972
1,006974,0,0.028372454
1,000365,0,0.024297945
1,006987,0,0.13982804
1,006212,0,0.03840261
1,010910,0,0.085644156
1,009653,0,0.08273627
1,003616,0,0.12206846
1,001473,0,0.060720515
1,000615,0,0.28279713
1,004071,0,0.15387222
1,005719,0,0.09472459
1,005559,0,0.027526442
1,004879,0,0.10565909
1,005988,0,0.039954904
1,003234,0,0.38536435
1,010008,0,0.10285671
1,000831,0,0.19726484
1,009216,0,0.15115914
1,006486,0,0.10226269
1,008289,0,0.49758556
1,010891,0,0.031631414
1,002567,0,0.015353349
1,010022,0,0.07963011
1,010835,0,0.1995085
1,009775,0,0.05524624
1,000292,0,0.33856487
1,010717,0,0.039395675
1,005369,0,0.02483545
1,005469,0,0.33662573
1,000792,0,0.17263648
1,006796,0,0.22097623
1,001901,0,0.37103066
1,007238,0,0.22862117
1,006866,0,0.08433391
1,006229,0,0.061301462
1,010788,0,0.33189824
1,000523,0,0.036457844
1,005686,0,0.025149632
1,005348,0,0.015235159
1,005198,0,0.07727184
1,004838,0,0.2672926
1,005834,0,0.013507149
1,007910,0,0.048712444
1,001811,0,0.032636948
1,005033,0,0.08157824
1,005737,0,0.098442554
1,004795,0,0.053979184
1,011755,0,0.0812402
1,011235,0,0.080202155
1,002253,0,0.0073512453
1,011555,0,0.059257295
1,005954,0,0.054116365
1,009718,0,0.04408199
1,011384,0,0.011438385
1,005961,0,0.08097946
1,005605,0,0.03849254
1,002228,0,0.11611755
1,010413,0,0.0704472
1,003583,0,0.038757976
1,003405,0,0.20909527
1,002592,0,0.036791116
1,006586,0,0.03419388
1,007953,0,0.09123704
1,007752,0,0.029465897
1,007115,0,0.05818442
1,001622,0,0.056297738
1,003641,0,0.09289121
1,011683,0,0.4243619
1,005471,0,0.096332185
1,002401,0,0.14619131
1,008982,0,0.10524041
1,011936,0,0.32769954
1,005836,0,0.12839568
1,008836,1,0.17724232
1,009285,0,0.26968414
1,001488,0,0.12647259
1,002480,0,0.06823708
1,007206,0,0.03901793
1,008055,0,0.07964225
1,008038,0,0.0752505
1,003617,0,0.06895705
1,008612,1,0.19957754
1,009316,0,0.17846338
1,003893,0,0.37477177
1,009955,0,0.08552028
1,010102,0,0.053220093
1,011682,0,0.031828903
1,006542,0,0.047376655
1,003951,0,0.06257404
1,000180,0,0.29188666
1,007504,0,0.07172404
1,004311,0,0.21546645
1,004704,0,0.10779961
1,006808,0,0.107620224
1,009151,0,0.16458483
1,007333,0,0.41261002
1,005081,0,0.18635407
1,002458,0,0.026770078
1,004078,0,0.03602819
1,011417,0,0.15917504
1,005287,0,0.23422606
1,007813,0,0.022648433
1,011847,0,0.069501124
1,007768,0,0.12871839
1,007432,0,0.74081445
1,002130,0,0.074476704
1,001871,0,0.19348529
1,004949,0,0.057654493
1,008350,0,0.09026858
1,009759,0,0.14704096
1,006497,0,0.011431792
1,002814,0,0.2936145
1,010194,0,0.017405666
1,003474,0,0.29301846
1,004533,0,0.022116903
1,004337,0,0.2186156
1,009223,0,0.24019042
1,011902,0,0.006945906
1,004290,1,0.38456094
1,010617,0,0.16752751
1,003630,0,0.028544866
1,011222,0,0.18692839
1,000881,0,0.11319258
1,010724,1,0.8281371
1,003160,0,0.058621768
1,005890,0,0.09981662
1,009847,0,0.16511855
1,010336,0,0.20960516
1,002366,0,0.050316107
1,011929,0,0.27714807
1,000194,0,0.051022466
1,010559,0,0.37546703
1,002254,1,0.78987956
1,004649,0,0.07885951
1,002292,0,0.075327754
1,009597,0,0.089357965
1,005636,0,0.039533187
1,000505,0,0.13468128
1,005392,0,0.12808853
1,010109,0,0.1959287
1,011322,0,0.09428688
1,005180,0,0.20537026
1,003465,0,0.12018954
1,002219,0,0.053377446
1,009235,0,0.20373286
1,004239,0,0.047638156
1,009602,0,0.096978925
1,008755,0,0.6792892
1,003491,0,0.42516357
1,005376,0,0.023862736
1,004418,0,0.009473504
1,007617,0,0.38497397
1,001273,0,0.056468803
1,002560,0,0.28206727
1,007362,0,0.057688363
1,011160,0,0.14550476
1,003868,0,0.15850838
1,007700,0,0.10329241
1,008004,0,0.14286244
1,007893,0,0.3891643
1,007339,0,0.12565018
1,011442,0,0.17945077
1,005971,0,0.123621315
1,006511,0,0.20144136
1,011658,0,0.0032674058
1,007939,0,0.15846175
1,010302,0,0.088027395
1,001663,0,0.02876837
1,004613,0,0.18387419
1,009780,0,0.032130428
1,004806,0,0.10825477
1,004459,0,0.021176448
1,011885,1,0.34670946
1,011292,0,0.21590725
1,003280,0,0.00833797
1,010212,0,0.018292395
1,010464,0,0.122530065
1,001467,0,0.13960259
1,003835,0,0.05641874
1,003613,0,0.098632835
1,007914,0,0.31199545
1,005375,0,0.060658593
1,007945,0,0.043705445
1,006049,0,0.11644379
1,006021,0,0.049538676
1,001204,0,0.33870047
1,003628,0,0.023840694
1,009987,0,0.012744559
1,000835,0,0.050595034
1,006294,0,0.012967524
1,005314,0,0.19970997
1,005194,0,0.012621835
1,007705,0,0.050032265
1,010252,0,0.1537942
1,011880,0,0.10859037
1,010912,0,0.08790322
1,011736,0,0.063124545
1,000016,0,0.23971635
1,010478,0,0.27987748
1,009858,0,0.02177179
1,009871,0,0.16957206
1,007130,0,0.050853174
1,002880,0,0.30433184
1,003200,0,0.10063258
1,009007,0,0.057852454
1,011403,0,0.038925894
1,007876,0,0.21925366
1,002040,0,0.026896337
1,011525,0,0.09124337
1,011753,0,0.05562479
1,008641,0,0.03243839
1,003220,0,0.34390274
1,004610,0,0.09278555
1,004117,0,0.15441586
1,009846,0,0.037443012
1,007877,1,0.15881304
1,010273,0,0.283403
1,005505,0,0.16232708
1,009644,0,0.06733286
1,010537,0,0.033052154
1,003964,0,0.07733555
1,003848,0,0.24999353
1,008079,0,0.035307433
1,011586,0,0.42387283
1,007949,0,0.029603533
1,011674,0,0.22756691
1,001009,0,0.53772026
1,000032,0,0.04379991
1,005791,0,0.059458252
1,001311,0,0.15890552
1,006028,0,0.14667258
1,009303,0,0.040026724
1,009379,1,0.08459369
1,008832,0,0.2785638
1,007384,1,0.5426301
1,004833,0,0.021606844
1,010215,0,0.3275702
1,002438,1,0.5830094
1,001264,0,0.023006542
1,008400,0,0.25857568
1,007863,0,0.10707812
1,010779,0,0.051199485
1,004567,1,0.44826046
1,002034,0,0.26121277
1,005476,0,0.116788246
1,010541,0,0.014093371
1,010989,0,0.09717675
1,004823,0,0.060055714
1,003012,0,0.074280575
1,001200,0,0.23024459
1,009859,0,0.41239232
1,002766,0,0.011859238
1,010412,0,0.020274686
1,007778,0,0.348423
1,007172,0,0.16685912
1,001139,0,0.15966472
1,004490,0,0.0470027
1,010256,0,0.17823903
1,011559,0,0.038768675
1,009026,0,0.017580505
1,010018,0,0.17468385
1,004822,0,0.030835718
1,010730,0,0.02093814
1,001126,0,0.11433132
1,005668,0,0.043520655
1,010682,0,0.20718989
1,001018,0,0.1808747
1,002139,0,0.12723361
1,007395,0,0.18868575
1,003774,0,0.047289334
1,007980,0,0.17488441
1,009650,0,0.16666934
1,003682,0,0.069861084
1,005940,0,0.046493817
1,002517,0,0.14009635
1,000597,0,0.05463041
1,007230,0,0.05758643
1,011317,0,0.026470983
1,009779,0,0.101483494
1,007100,1,0.097999215
1,007198,0,0.3552506
1,011094,0,0.014493359
1,003898,0,0.067311175
1,011271,0,0.17104344
1,006875,0,0.1111693
1,009227,0,0.13075453
1,001777,0,0.19929919
1,009000,0,0.014562933
1,011667,0,0.072427146
1,009087,0,0.044632513
1,010249,0,0.011051332
1,007357,0,0.08498228
1,007630,0,0.07526608
1,010896,0,0.06278343
1,011924,0,0.33229628
1,006634,0,0.15956584
1,010108,0,0.23345877
1,005017,0,0.25911316
1,006525,0,0.07141782
1,004555,0,0.26124528
1,007707,0,0.035894893
1,001740,0,0.41592953
1,004009,0,0.068249226
1,001616,0,0.12234013
1,003362,0,0.033892676
1,002497,0,0.026062839
1,006181,0,0.11483452
1,000369,0,0.09229458
1,000098,0,0.07558421
1,001343,0,0.03328682
1,002331,0,0.6429593
1,006452,0,0.09136878
1,006780,0,0.0023030173
1,010312,0,0.23293035
1,001499,0,0.012715218
1,008887,0,0.11402724
1,003370,0,0.09120275
1,007666,0,0.10403822
1,011454,0,0.52439237
1,008636,0,0.32112634
1,007091,0,0.6892988
1,008480,0,0.034589052
1,002368,0,0.90952706
1,002543,0,0.16662763
1,011220,0,0.12421815
1,010393,0,0.1268307
1,007999,0,0.26774183
1,008102,0,0.029438175
1,004280,0,0.22170642
1,005671,0,0.061742596
1,006958,0,0.3107497
1,000204,0,0.24594305
1,003553,0,0.13251074
1,001483,0,0.050833236
1,008666,0,0.13229461
1,011280,0,0.075098485
1,005862,0,0.097469434
1,000754,0,0.15048987
1,007327,0,0.21342148
1,007170,0,0.07554883
1,010632,0,0.07216968
1,009350,0,0.05924936
1,004024,0,0.055453863
1,008368,0,0.1995943
1,006397,0,0.2896043
1,009506,0,0.07445698
1,008784,0,0.23832785
1,003105,0,0.035683278
1,007380,0,0.28644195
1,003832,0,0.11566683
1,008109,0,0.33071855
1,004563,0,0.009451765
1,011213,0,0.1299141
1,000799,0,0.14921373
1,005521,0,0.06865796
1,003001,0,0.28124258
1,009336,0,0.211032
1,003175,0,0.18290187
1,011227,0,0.05308006
1,011113,0,0.042555247
1,001749,0,0.0074521108
1,007317,0,0.22902438
1,005151,0,0.10421889
1,002884,0,0.14971595
1,009445,1,0.53765786
1,003411,0,0.02848908
1,007060,0,0.27438122
1,009804,0,0.24727552
1,001335,0,0.115184516
1,001714,0,0.036421645
1,009252,0,0.06424617
1,011486,0,0.1511714
1,001053,0,0.10069189
1,006870,0,0.08843351
1,004133,0,0.64148766
1,010880,0,0.015861148
1,004944,0,0.029449524
1,000272,0,0.6597216
1,008877,0,0.030776061
1,002455,0,0.11769538
1,007345,0,0.18372162
1,001690,0,0.040472753
1,011940,0,0.03543546
1,011839,0,0.21239604
1,010561,0,0.015967084
1,002429,0,0.02384274
1,009667,0,0.69844186
1,003718,0,0.062266022
1,001735,0,0.039399143
1,010984,0,0.14189655
1,003208,0,0.027514542
1,007594,0,0.071554475
1,008362,0,0.03853023
1,004499,0,0.055273872
1,005322,0,0.034330603
1,005515,0,0.28198478
1,011943,0,0.13833036
1,005647,0,0.31095433
1,007822,0,0.060578525
1,000465,0,0.13128728
1,000906,0,0.052729953
1,002655,0,0.47677836
1,003472,0,0.09492046
1,003665,0,0.0180172
1,003164,0,0.11563955
1,007595,0,0.0076310653
1,006677,0,0.08839646
1,000849,0,0.018349044
1,010073,0,0.13446446
1,000134,0,0.045051306
1,011300,0,0.08279924
1,002862,0,0.059720818
1,001361,0,0.10742207
1,001835,0,0.026370248
1,004088,0,0.020568714
1,002425,0,0.4115477
1,005215,0,0.03197146
1,010851,0,0.115178086
1,011690,0,0.11735652
1,004502,0,0.21319811
1,007514,0,0.012839133
1,007387,0,0.013906996
1,008863,0,0.033201605
1,011971,0,0.04577542
1,005808,0,0.060549743
1,007571,0,0.4308721
1,002344,0,0.084208414
1,000436,0,0.108140305
1,000815,0,0.3020068
1,007706,0,0.17822337
1,004672,0,0.09358548
1,002778,0,0.030753035
1,008797,0,0.29596344
1,009862,0,0.01339757
1,008574,0,0.23484977
1,003926,0,0.058751028
1,010968,0,0.27584267
1,011350,0,0.029945707
1,000760,0,0.01888489
1,005621,0,0.033440895
1,011522,0,0.055275492
1,011981,0,0.31234723
1,010405,0,0.25354743
1,010206,0,0.044536848
1,005903,0,0.29517227
1,000451,0,0.04645239
1,011218,0,0.12508486
1,010218,0,0.0744155
1,004897,0,0.105937295
1,005501,0,0.13328713
1,011397,0,0.13622884
1,001839,0,0.49322924
1,007320,0,0.119438864
1,003544,0,0.48476392
1,004255,0,0.2379251
1,005511,0,0.04403895
1,006358,0,0.15856957
1,010160,0,0.26944655
1,002947,0,0.31799388
1,001233,0,0.14197814
1,011802,0,0.20185955
1,001666,0,0.08863835
1,011473,0,0.16495988
1,005046,0,0.21892357
1,003198,0,0.01699344
1,001925,0,0.01609246
1,009064,0,0.18879782
1,005841,0,0.24282561
1,000167,0,0.038018566
1,001513,0,0.047676407
1,009457,0,0.2262928
1,006284,1,0.7257697
1,011179,0,0.13670838
1,008226,0,0.044282414
1,005826,0,0.16563845
1,010142,0,0.2465553
1,007128,0,0.17714286
1,001250,0,0.319675
1,007455,0,0.06829978
1,005097,0,0.15397714
1,006482,0,0.04051097
1,009352,0,0.45736095
1,010388,0,0.19867149
1,000090,0,0.094876274
1,006551,0,0.0059781903
1,006821,0,0.021092866
1,005786,0,0.120252095
1,009877,0,0.22404723
1,009053,0,0.06660813
1,000961,0,0.04996477
1,002484,0,0.36334825
1,009826,0,0.18078941
1,003197,0,0.062412236
1,000325,0,0.114599444
1,006408,0,0.20116153
1,004197,0,0.36438167
1,010965,0,0.060611945
1,009695,0,0.034141593
1,000544,0,0.03489198
1,002216,0,0.026687443
1,004357,0,0.04104197
1,002735,0,0.099353775
1,006227,0,0.034771368
1,004593,0,0.12076504
1,000155,0,0.07005394
1,000860,0,0.054545913
1,009523,0,0.12563711
1,008013,0,0.20351182
1,004448,0,0.084771894
1,006547,0,0.26783422
1,002230,0,0.23025718
1,008889,0,0.10671541
1,001805,0,0.2286112
1,004045,0,0.06507491
1,006916,0,0.14036146
1,009992,0,0.2100338
1,005735,0,0.036125693
1,008411,0,0.1420143
1,007951,0,0.0024989662
1,007603,0,0.038537834
1,006965,0,0.1407163
1,004430,0,0.11471484
1,006733,0,0.112306245
1,010470,0,0.010241407
1,007862,0,0.040259007
1,000969,0,0.11349589
1,010532,0,0.0092604635
1,001560,0,0.009724714
1,011139,0,0.017756214
1,008654,0,0.02898685
1,005955,0,0.2542519
1,004102,0,0.0104339635
1,011032,0,0.1408666
1,010555,0,0.06616046
1,005260,0,0.14721617
1,000459,0,0.21663317
1,004072,0,0.16842651
1,010296,0,0.04252057
1,011951,0,0.49906388
1,003873,0,0.18171397
1,009344,0,0.18316402
1,000989,0,0.01288215
1,003872,0,0.033954795
1,001228,0,0.054294184
1,000907,0,0.09516156
1,007554,0,0.113357775
1,011132,0,0.015970562
1,008664,0,0.22074643
1,005243,0,0.018876022
1,003141,0,0.0051113623
1,008313,0,0.23766531
1,005494,0,0.19756249
1,010605,0,0.17208865
1,007874,0,0.011103134
1,007214,0,0.01381959
1,009882,0,0.08858026
1,006694,0,0.058904417
1,007441,0,0.014153805
1,009937,0,0.18743338
1,000540,0,0.09659401
1,003919,0,0.21923123
1,002487,0,0.1441682
1,004902,0,0.10646881
1,010741,0,0.051468305
1,004278,0,0.022089344
1,005618,1,0.122183576
1,010610,0,0.1336387
1,004098,0,0.05717553
1,002601,0,0.31934348
1,000638,0,0.045017634
1,005507,0,0.13663259
1,007509,0,0.037191786
1,002149,0,0.14227664
1,003119,0,0.082074754
1,003644,0,0.06738233
1,004058,0,0.44604275
1,002349,0,0.015623037
1,008687,0,0.25804606
1,009696,0,0.1355992
1,002250,0,0.07707591
1,011635,0,0.25460044
1,007848,0,0.17133847
1,006666,0,0.12568931
1,008068,1,0.28886706
1,010346,0,0.19354548
1,000531,0,0.10748283
1,011477,0,0.015328628
1,005060,0,0.20934677
1,009224,0,0.08090489
1,004501,0,0.12087457
1,000073,0,0.040294673
1,002345,0,0.20786512
1,009452,0,0.17515223
1,001392,0,0.5687229
1,002508,0,0.31341696
1,005590,1,0.33923635
1,011107,0,0.06571563
1,002160,0,0.350645
1,001307,0,0.19501355
1,008074,0,0.043463945
1,003031,0,0.06697862
1,009709,0,0.09412231
1,011278,0,0.24623361
1,003752,1,0.059015695
1,008840,0,0.28303298
1,001224,0,0.03631051
1,005979,0,0.033805504
1,003009,0,0.20378874
1,001938,0,0.012824842
1,002263,0,0.089901954
1,006517,0,0.18700002
1,005900,0,0.39989707
1,011536,0,0.053648308
1,003684,0,0.055941984
1,003271,0,0.1619717
1,004652,0,0.12216605
1,002426,0,0.5780195
1,001544,0,0.15885371
1,011401,0,0.0190145
1,007075,0,0.029361175
1,011780,0,0.12312372
1,009706,0,0.26763144
1,009820,0,0.005400803
1,002542,0,0.0890896
1,004521,0,0.057702594
1,005253,0,0.016275644
1,000947,0,0.010610105
1,006712,0,0.61469686
1,008179,0,0.07154884
1,000824,0,0.5556687
1,000903,0,0.11245403
1,002340,0,0.12061523
1,001221,0,0.041375477
1,010884,0,0.032235503
1,010316,0,0.04302693
1,002658,0,0.13166669
1,007967,0,0.2005445
1,002412,0,0.3634412
1,003173,0,0.008854918
1,005129,0,0.027904823
1,011069,0,0.34529382
1,006894,0,0.13573492
1,000685,0,0.029007996
1,010357,0,0.04767932
1,007623,0,0.1341473
1,002176,0,0.40577707
1,011715,0,0.18090275
1,002301,0,0.044307284
1,006008,0,0.2331427
1,006041,0,0.094535604
1,000135,0,0.06091753
1,008780,0,0.02490234
1,002211,0,0.044772215
1,005644,0,0.17488456
1,002441,0,0.2869131
1,000434,0,0.15136881
1,006070,0,0.24868858
1,001728,0,0.27494392
1,007577,0,0.022565888
1,004513,0,0.18214953
1,000931,0,0.060357627
1,001841,0,0.017626215
1,001077,0,0.07271701
1,003830,0,0.08099509
1,006121,0,0.248202
1,000378,0,0.09789218
1,000116,0,0.14945874
1,008872,0,0.14169002
1,008410,0,0.4136582
1,007479,0,0.19006737
1,001393,0,0.19371587
1,007031,0,0.103931695
1,009036,0,0.1416679
1,010067,0,0.12469738
1,010652,0,0.15476334
1,010680,0,0.10817844
1,009638,0,0.11825806
1,001917,0,0.101651505
1,009757,0,0.3159655
1,003660,0,0.08571632
1,002642,0,0.041017517
1,000613,0,0.14231159
1,009840,0,0.026083363
1,005148,0,0.1950171
1,000240,0,0.025167398
1,000757,0,0.17411718
1,005518,0,0.13221766
1,010722,0,0.03552781
1,004589,0,0.43278548
1,003209,0,0.07651119
1,002035,0,0.052200094
1,000171,0,0.114033215
1,006299,0,0.1373851
1,007591,0,0.122276016
1,009080,0,0.27492946
1,010992,0,0.027750919
1,007215,0,0.5080365
1,010811,0,0.16489904
1,006819,0,0.05199376
1,008229,0,0.038274266
1,010983,0,0.11847189
1,001674,0,0.05321762
1,003947,0,0.18604693
1,010544,0,0.0772999
1,010383,0,0.06795665
1,010297,0,0.19632654
1,001628,0,0.046930898
1,007952,0,0.1187839
1,001799,0,0.1020345
1,001051,0,0.057218365
1,005447,0,0.053977262
1,010318,0,0.14270468
1,000390,0,0.07662904
1,003415,0,0.014101656
1,005131,0,0.12727287
1,000988,0,0.3240723
1,006151,0,0.16217965
1,000870,0,0.13811727
1,008866,0,0.1012514
1,008095,1,0.04040063
1,009125,0,0.07788235
1,003690,0,0.60607123
1,000111,0,0.038384803
1,010032,0,0.035923302
1,006385,0,0.46988907
1,004585,0,0.03718862
1,004705,0,0.14184183
1,000832,0,0.12910119
1,002743,0,0.20039836
1,003560,0,0.20978162
1,009016,0,0.089313716
1,010486,0,0.013042679
1,006241,0,0.02382244
1,001016,0,0.06500899
1,000707,0,0.07479721
1,009355,0,0.45307592
1,008789,0,0.013263425
1,000740,0,0.10001311
1,005623,1,0.21044977
1,004275,0,0.020429362
1,003043,0,0.3186778
1,007575,0,0.18851866
1,010451,0,0.22246478
1,002286,0,0.31243202
1,003112,0,0.08816119
1,008139,0,0.03263112
1,009327,0,0.2936635
1,002073,0,0.17719437
1,008184,0,0.27994463
1,004143,0,0.03266033
1,004333,0,0.08545655
1,001363,0,0.23066805
1,004077,0,0.30003622
1,005147,0,0.3022024
1,000075,0,0.2628152
1,004566,0,0.74946016
1,005270,0,0.038346916
1,009870,0,0.09029694
1,011133,0,0.05503635
1,000474,0,0.12401864
1,007219,0,0.16165935
1,006161,0,0.016314434
1,000886,0,0.07135094
1,011231,0,0.18614747
1,009787,0,0.019903217
1,007194,0,0.14763129
1,000675,0,0.061496627
1,011686,0,0.11744849
1,004498,0,0.068743564
1,011206,0,0.12319802
1,002881,0,0.07516077
1,003922,0,0.037346296
1,005282,0,0.027913997
1,003168,0,0.20878448
1,011737,0,0.17473675
1,005069,0,0.20507362
1,008248,0,0.030732768
1,003704,0,0.01381996
1,009815,0,0.16711633
1,005233,0,0.13448747
1,006953,0,0.06867288
1,000252,0,0.13809545
1,006413,0,0.297146
1,000602,0,0.16765869
1,004241,0,0.100849
1,004686,0,0.026056824
1,007647,0,0.5748762
1,004876,0,0.10727731
1,004491,0,0.008172508
1,009039,1,0.012656379
1,004722,0,0.22057962
1,007522,0,0.051259615
1,001639,0,0.096196756
1,010597,0,0.7503966
1,010472,0,0.36701074
1,007059,0,0.01645329
1,002262,1,0.44041273
1,003806,0,0.22600779
1,007133,0,0.16415197
1,011212,0,0.06612382
1,009550,0,0.059150144
1,007913,0,0.08964881
1,000336,0,0.27714995
1,007917,0,0.1615492
1,000535,0,0.09833321
1,005095,0,0.031230172
1,004753,0,0.0612949
1,011190,0,0.06402613
1,005939,0,0.43066397
1,000574,0,0.09133852
1,011351,0,0.044485345
1,003223,0,0.10378348
1,008333,0,0.11371041
1,007185,0,0.054437704
1,002041,0,0.049489763
1,001742,0,0.0939232
1,002334,0,0.28500617
1,003183,0,0.36543953
1,008991,0,0.08947257
1,007383,0,0.12037389
1,011873,0,0.10476119
1,001978,0,0.040854406
1,004420,0,0.23534751
1,006485,0,0.09442052
1,009474,0,0.0640087
1,007553,0,0.04813672
1,002665,0,0.09816507
1,000159,0,0.1048131
1,000485,0,0.1512025
1,005327,0,0.09724219
1,003783,0,0.09325632
1,005530,0,0.19555385
1,007342,0,0.16044281
1,007757,0,0.020891344
1,003358,0,0.18931507
1,001265,0,0.20412523
1,008776,0,0.010369507
1,002442,0,0.38217178
1,007018,0,0.017013062
1,001673,0,0.032407753
1,004853,0,0.027380576
1,001477,0,0.15412696
1,006345,0,0.18718174
1,007720,0,0.09820507
1,008310,0,0.042458765
1,007692,0,0.107734025
1,010220,0,0.056699485
1,002116,0,0.14317806
1,000063,0,0.5079427
1,002535,0,0.05476556
1,005736,0,0.06657464
1,011119,0,0.034072332
1,008050,0,0.12997128
1,002984,1,0.5064198
1,011665,0,0.21273121
1,000503,0,0.09427297
1,006725,0,0.0062914756
1,003385,0,0.56376487
1,003120,0,0.029299602
1,010669,0,0.33254352
1,010548,0,0.21779162
1,003493,0,0.010547174
1,008060,0,0.054338504
1,001881,0,0.005842467
1,006175,0,0.2594048
1,002738,0,0.32615754
1,001432,0,0.12942125
1,001073,0,0.09051729
1,002085,0,0.12190679
1,009032,0,0.09128442
1,003753,0,0.10475161
1,010725,0,0.4515791
1,000828,0,0.09074898
1,002148,0,0.04904016
1,000673,0,0.28206596
1,010245,0,0.18920799
1,010443,0,0.06489208
1,008997,0,0.10477869
1,009740,0,0.17485
1,002533,0,0.14024113
1,001578,0,0.06175483
1,002660,0,0.42113075
1,009098,0,0.0046377876
1,000054,0,0.033576466
1,002021,0,0.014979852
1,007407,0,0.11098962
1,006392,0,0.04901565
1,000412,0,0.28049085
1,002798,0,0.016915198
1,011164,0,0.027436031
1,000845,0,0.28708547
1,009925,0,0.032093626
1,008159,0,0.059278276
1,001657,0,0.33754006
1,007174,0,0.058465406
1,011945,0,0.049481228
1,008081,0,0.2510095
1,007881,0,0.0763112
1,010275,0,0.16019881
1,006034,0,0.082335964
1,006816,0,0.054645296
1,002018,0,0.10164086
1,001625,0,0.1624638
1,011601,0,0.054072585
1,002845,0,0.20250286
1,011367,0,0.04070497
1,006283,0,0.030175984
1,010952,1,0.8209817
1,008796,0,0.058206815
1,003995,0,0.32228708
1,007501,0,0.60286707
1,003353,0,0.10028007
1,008759,0,0.06474106
1,004477,0,0.061077226
1,008703,0,0.27926728
1,000172,1,0.670525
1,000364,0,0.05870105
1,002058,0,0.19429009
1,001602,0,0.03667045
1,010716,0,0.09858992
1,008392,0,0.29847786
1,005642,0,0.12842007
1,001037,0,0.053540073
1,006144,0,0.03813204
1,011900,0,0.35552615
1,003065,0,0.2265002
1,004788,0,0.60949033
1,008190,0,0.18013646
1,004392,0,0.09508666
1,010286,0,0.036223326
1,003424,0,0.023771722
1,011260,0,0.31516102
1,002321,0,0.2045077
1,002693,0,0.0947947
1,001904,0,0.022641083
1,011851,0,0.0036495135
1,009260,0,0.05662598
1,010521,0,0.042881984
1,004646,0,0.43017134
1,001834,0,0.04608518
1,010281,0,0.012519093
1,006943,0,0.3142933
1,001878,0,0.2010289
1,011355,0,0.05783495
1,003300,0,0.14661264
1,003590,0,0.15714984
1,005999,0,0.09122955
1,005079,0,0.13951965
1,009676,0,0.09045795
1,009825,0,0.04200444
1,003276,0,0.041891318
1,008668,0,0.20608412
1,001008,0,0.22268046
1,009161,0,0.098631695
1,006648,0,0.035106562
1,007977,0,0.051859356
1,006318,0,0.005986325
1,003944,0,0.22457094
1,011315,0,0.13573517
1,002825,0,0.11441519
1,007565,0,0.3899194
1,011195,0,0.04151885
1,007615,0,0.01566345
1,003610,0,0.4571927
1,010553,0,0.7801511
1,010285,0,0.029101418
1,005240,0,0.09068068
1,006093,0,0.1215032
1,002915,0,0.2005762
1,010847,0,0.0110442145
1,007780,0,0.22149438
1,004503,0,0.014576591
1,003816,0,0.4422384
1,009295,0,0.038441405
1,008458,0,0.059525967
1,004540,0,0.14003271
1,009530,0,0.0510843
1,008943,0,0.07287833
1,008905,0,0.22729215
1,010313,0,0.05582917
1,008605,0,0.031848196
1,003675,0,0.07994788
1,008783,0,0.42789066
1,009377,0,0.019274257
1,011923,0,0.08957405
1,001066,0,0.11676658
1,005429,0,0.08398889
1,010856,0,0.50353104
1,001853,0,0.15374796
1,011590,0,0.06622154
1,004981,0,0.017515523
1,010766,0,0.21043973
1,011513,0,0.2459392
1,005691,1,0.13961278
1,004074,0,0.07026768
1,003674,0,0.08271616
1,011120,0,0.13280554
1,003192,0,0.103460774
1,001913,0,0.068826996
1,001404,0,0.04059895
1,005019,0,0.46454197
1,002191,0,0.011838023
1,011734,0,0.1278799
1,005611,0,0.0943462
1,004087,0,0.2273099
1,010320,0,0.43714267
1,005115,0,0.1663144
1,006986,0,0.21003868
1,007403,0,0.1458154
1,011994,0,0.05342949
1,004781,0,0.040831026
1,010756,0,0.1691631
1,000061,0,0.17554088
1,009466,0,0.1407785
1,001130,0,0.11163337
1,006277,0,0.06487116
1,004004,0,0.037165526
1,007102,0,0.089815706
1,004922,0,0.2948119
1,007733,0,0.037917092
1,008827,0,0.03498248
1,001378,0,0.5173333
1,008723,0,0.1907234
1,011572,0,0.23373146
1,010804,0,0.1038268
1,007487,0,0.08150114
1,003791,0,0.04610619
1,011344,0,0.01311321
1,000079,0,0.13414355
1,003114,0,0.12076655
1,007950,0,0.025693437
1,007267,0,0.295157
1,003917,0,0.25969976
1,008481,0,0.11553609
1,007322,0,0.52772766
1,010745,0,0.055812474
1,009919,0,0.31264392
1,002259,0,0.26936117
1,011875,0,0.08561759
1,000645,0,0.11717738
1,009219,0,0.041402806
1,010633,0,0.3127858
1,004553,0,0.2675354
1,009476,0,0.13882695
1,006372,0,0.13698785
1,011905,0,0.068033636
1,010823,0,0.16388755
1,007956,0,0.008314233
1,002565,0,0.1736179
1,007337,0,0.035017494
1,001088,0,0.14540312
1,004120,0,0.10780592
1,003711,0,0.18231358
1,001112,0,0.26333386
1,011563,0,0.2406884
1,008117,0,0.03010738
1,003900,0,0.09621372
1,004841,0,0.21624409
1,002709,0,0.122352146
1,005726,0,0.09177266
1,010231,0,0.040317167
1,010517,0,0.028291507
1,011709,0,0.18630378
1,010463,0,0.7571215
1,006293,0,0.23129115
1,002309,0,0.360787
1,006603,0,0.2389997
1,002110,0,0.5921917
1,000779,0,0.16580015
1,007640,0,0.010087782
1,007195,0,0.5401369
1,009502,0,0.25010344
1,000166,0,0.0111022955
1,005760,0,0.011843089
1,006877,0,0.094081365
1,002014,0,0.29476538
1,007633,0,0.078641005
1,000268,0,0.1010821
1,009396,0,0.13169946
1,005163,0,0.12955888
1,010999,0,0.024558786
1,010740,0,0.07793135
1,004780,0,0.04728925
1,003853,0,0.028532144
1,002677,0,0.022107165
1,005529,0,0.03906936
1,007065,0,0.27176413
1,007946,0,0.062099624
1,010837,0,0.015178895
1,004919,0,0.112965085
1,008858,0,0.03637404
1,008782,0,0.04965382
1,000053,0,0.15878895
1,004900,0,0.2099271
1,008484,0,0.010172519
1,006527,0,0.090014026
1,000895,0,0.47343463
1,001502,0,0.10134688
1,001212,0,0.021935703
1,003215,0,0.081788845
1,010491,0,0.1441129
1,006301,0,0.13566568
1,009210,0,0.109686
1,002223,0,0.13853863
1,002979,0,0.028749181
1,006693,0,0.14039049
1,010227,0,0.015505838
1,010089,0,0.51783365
1,005889,0,0.08539983
1,002193,0,0.496882
1,006867,0,0.09438583
1,005583,0,0.17362593
1,004643,0,0.21903583
1,002872,0,0.4533424
1,008749,0,0.09490775
1,003527,0,0.09706268
1,001831,0,0.2923072
1,001342,0,0.11874572
1,005951,0,0.119931094
1,000725,0,0.009001195
1,004042,0,0.02951759
1,008843,0,0.03897059
1,008051,0,0.10274468
1,010439,0,0.2733101
1,010467,0,0.116360806
1,007892,0,0.14957246
1,004344,0,0.038371418
1,007148,0,0.026501108
1,011803,0,0.049709424
1,000954,0,0.12026461
1,002720,0,0.07632563
1,001177,0,0.085445434
1,011863,0,0.036502987
1,003631,0,0.0638635
1,008385,0,0.23996653
1,006663,0,0.17588682
1,009195,0,0.08026291
1,002082,0,0.11096917
1,002545,0,0.31794614
1,007381,0,0.47125614
1,000769,0,0.19894366
1,002131,0,0.34297514
1,000198,0,0.017187918
1,010752,0,0.01953844
1,010961,0,0.23790942
1,003725,0,0.33005762
1,008354,0,0.025716659
1,007883,0,0.30214962
1,006732,0,0.0656255
1,008360,0,0.021991147
1,009266,0,0.15329581
1,002431,0,0.025715021
1,000147,0,0.06560363
1,005446,0,0.08112607
1,005690,0,0.16856349
1,002280,0,0.11402369
1,000410,0,0.22287646
1,000656,0,0.005370688
1,002689,0,0.14677155
1,000554,0,0.0715627
1,011270,0,0.07650999
1,002475,0,0.077040225
1,002064,0,0.097711846
1,004764,0,0.051190507
1,007068,0,0.31649825
1,009939,0,0.06977383
1,002373,0,0.16493185
1,011269,0,0.07532187
1,001398,0,0.08696441
1,001697,0,0.051556323
1,004180,0,0.1822203
1,011245,0,0.04192493
1,007136,0,0.047313616
1,006585,0,0.09541104
1,005267,0,0.13939403
1,001138,0,0.077115156
1,005697,0,0.104345545
1,005673,0,0.029690148
1,010637,0,0.28933537
1,001278,0,0.15261513
1,001089,0,0.21163324
1,002570,0,0.20419784
1,009194,0,0.049746145
1,001315,0,0.029570658
1,000177,0,0.13623653
1,010384,0,0.018546717
1,008577,0,0.07005769
1,011652,0,0.06818349
1,004523,0,0.112382896
1,009972,0,0.19050425
1,001207,0,0.1693128
1,005187,0,0.40938234
1,003814,0,0.09836799
1,004044,0,0.9250328
1,005651,0,0.03138077
1,004912,0,0.12122985
1,006039,0,0.18836041
1,002534,0,0.046074063
1,001156,0,0.47100788
1,009554,0,0.039119
1,006947,0,0.043471724
1,000905,0,0.1188683
1,009274,0,0.042030316
1,001424,0,0.24736576
1,006882,0,0.17084399
1,006458,0,0.48383626
1,002713,0,0.03979332
1,008221,0,0.06967835
1,011399,0,0.20901749
1,010676,0,0.13584217
1,004950,0,0.10398081
1,003281,0,0.16868214
1,006546,0,0.018478215
1,005821,0,0.10066916
1,003019,0,0.04493639
1,001416,0,0.20438002
1,003724,0,0.40563634
1,006266,0,0.3556554
1,010205,0,0.047887743
1,001364,0,0.014761262
1,011200,0,0.09912708
1,000922,0,0.10947666
1,005667,0,0.25819305
1,004375,0,0.046992116
1,005807,0,0.049228832
1,008492,0,0.026864594
1,010461,0,0.51318705
1,009808,0,0.35801366
1,002761,1,0.41774204
1,010643,0,0.40823215
1,010599,0,0.07192799
1,000021,0,0.15499617
1,008745,0,0.07261145
1,006423,0,0.27055675
1,007790,0,0.20216171
1,001235,0,0.12755355
1,001557,0,0.340442
1,000965,0,0.020998806
1,004292,0,0.054472115
1,009380,0,0.06638772
1,009677,0,0.16930301
1,008525,0,0.2444593
1,003937,0,0.2258756
1,008408,0,0.4568348
1,008182,0,0.35695094
1,008823,0,0.16813785
1,001520,0,0.091584444
1,010159,0,0.2027801
1,003082,0,0.28222433
1,008168,0,0.06026269
1,000024,0,0.14453122
1,001995,0,0.24928287
1,001645,0,0.41074026
1,003188,0,0.22004993
1,002210,0,0.09304531
1,001370,0,0.1639027
1,007382,0,0.27530876
1,000500,0,0.4610912
1,000097,0,0.0913824
1,008195,0,0.1269518
1,009221,0,0.32035962
1,001194,0,0.025310023
1,002323,0,0.22183089
1,000670,0,0.092186265
1,007760,0,0.33924484
1,006903,0,0.015465062
1,002571,0,0.21049365
1,002982,0,0.048161387
1,008433,0,0.08235261
1,007105,0,0.061548498
1,004537,0,0.14681908
1,000763,0,0.2590584
1,008103,0,0.10184125
1,009662,0,0.17357635
1,010165,0,0.13387537
1,004871,0,0.107022144
1,007097,0,0.05802626
1,003088,0,0.25927868
1,003686,0,0.24195941
1,010379,0,0.077021696
1,001506,0,0.050458007
1,004467,0,0.108835764
1,008290,0,0.15697081
1,010287,0,0.06667037
1,008282,0,0.17946808
1,003516,0,0.13721882
1,001468,0,0.1726901
1,002898,0,0.0488784
1,002649,0,0.0956053
1,009443,0,0.074832134
1,011548,0,0.23249605
1,008405,0,0.07326499
1,004974,0,0.15970267
1,005266,0,0.04899338
1,009456,0,0.083533555
1,009878,0,0.13004902
1,005254,0,0.06643601
1,002769,0,0.0802329
1,005374,0,0.16099995
1,001244,0,0.25689095
1,011725,0,0.37488532
1,006675,1,0.17712283
1,004869,0,0.061014753
1,002007,0,0.20933934
1,006084,0,0.017288944
1,006272,0,0.014708643
1,009475,0,0.31346622
1,010300,1,0.2221205
1,000203,0,0.002588985
1,003959,0,0.07067766
1,005504,0,0.05907835
1,001041,0,0.04609866
1,005714,0,0.015846431
1,000759,0,0.041745547
1,011676,0,0.53194535
1,002576,0,0.09278925
1,008210,1,0.08989821
1,006790,0,0.35821798
1,007187,0,0.12838039
1,004844,0,0.12208806
1,007890,0,0.07210595
1,003091,0,0.06845961
1,007250,0,0.3639297
1,006860,0,0.030875342
1,002164,0,0.11326018
1,011116,0,0.03410267
1,005510,0,0.07862148
1,005897,0,0.17602926
1,005481,0,0.05824225
1,006077,0,0.18530037
1,011490,0,0.15327142
1,002558,0,0.6244379
1,011633,0,0.035823986
1,010687,0,0.34185103
1,004658,0,0.077778414
1,007013,0,0.13701196
1,010526,0,0.19179916
1,000441,0,0.17848189
1,006565,0,0.29394814
1,006453,0,0.057890255
1,000527,0,0.03081107
1,006996,0,0.02369582
1,010618,0,0.15610155
1,002514,0,0.18601932
1,010818,0,0.047212016
1,003373,0,0.19233154
1,004325,1,0.16331914
1,007628,0,0.06301415
1,000865,0,0.07838724
1,008742,0,0.05861427
1,011162,0,0.04088519
1,011624,0,0.034415223
1,010115,0,0.067992054
1,001758,0,0.03448997
1,005978,0,0.059125777
1,001500,0,0.052226324
1,010996,0,0.17758618
1,006030,0,0.13681978
1,001814,0,0.04978559
1,001367,0,0.07447883
1,007905,0,0.14443916
1,005281,0,0.13552926
1,004415,0,0.38241
1,004455,0,0.02060194
1,002616,0,0.06528047
1,007675,0,0.100441776
1,011764,0,0.19207947
1,011876,0,0.17350195
1,008280,0,0.10540359
1,002113,0,0.08273177
1,010487,0,0.5649492
1,009741,0,0.13242099
1,005679,0,0.3540107
1,011224,0,0.5472723
1,005034,0,0.22203112
1,004043,0,0.029915087
1,011792,1,0.12140618
1,001132,0,0.015119364
1,003518,0,0.11712541
1,008831,0,0.09950783
1,003396,0,0.40395084
1,005013,0,0.24885555
1,007443,0,0.052347243
1,008516,0,0.14443465
1,000002,0,0.29832333
1,000621,0,0.1810906
1,010802,0,0.01123755
1,008563,0,0.08023018
1,011814,0,0.108320944
1,007227,0,0.16739877
1,008748,0,0.06874643
1,002494,0,0.06930139
1,000152,0,0.096572645
1,006539,0,0.22120115
1,006659,0,0.07496298
1,008630,0,0.36227506
1,000188,0,0.24451661
1,010056,0,0.120615326
1,011813,0,0.16582435
1,007880,0,0.2063986
1,010040,0,0.18134362
1,000543,0,0.08048955
1,003229,0,0.15434514
1,006760,0,0.22690418
1,005170,0,0.102301225
1,002682,0,0.046161808
1,004121,0,0.18435802
1,011829,0,0.19512056
1,001096,0,0.3086226
1,009365,0,0.014624249
1,005101,0,0.09435778
1,008791,0,0.064042546
1,011955,0,0.02293036
1,003488,0,0.119873345
1,009547,0,0.075462475
1,007347,0,0.09637725
1,004803,0,0.33380383
1,001202,0,0.2182144
1,006192,0,0.016590625
1,011509,0,0.054138705
1,009292,0,0.06956518
1,006975,0,0.20144434
1,005036,0,0.065574884
1,009113,0,0.011781429
1,002885,0,0.028351389
1,002843,0,0.16363265
1,006395,0,0.058186434
1,003232,0,0.15227039
1,009311,0,0.10936305
1,005257,0,0.031096965
1,011188,0,0.060039174
1,006466,0,0.019163532
1,000848,0,0.16335283
1,009035,0,0.15486525
1,008506,0,0.024171581
1,006998,0,0.07874276
1,008374,0,0.093286864
1,005775,0,0.060730375
1,007099,0,0.15426035
1,000822,0,0.6448767
1,006884,0,0.2597533
1,007610,0,0.11668025
1,003446,0,0.07189887
1,007483,0,0.03070428
1,005000,0,0.119810805
1,007922,1,0.9443403
1,010551,0,0.11308545
1,007351,0,0.123526335
1,008067,0,0.07318526
1,011462,0,0.4201421
1,009186,0,0.14765847
1,004532,0,0.28560364
1,007958,0,0.07576388
1,011424,0,0.30265757
1,009366,0,0.29778945
1,007826,0,0.04467147
1,008498,0,0.07326371
1,001601,0,0.24821448
1,000483,0,0.049374454
1,005542,0,0.3237774
1,007536,0,0.104725435
1,009604,0,0.04316902
1,010325,1,0.059456956
1,000894,0,0.33749065
1,004213,0,0.3384264
1,007864,0,0.15773791
1,006082,0,0.7495974
1,004184,0,0.013568013
1,003225,0,0.33520895
1,000986,0,0.42818135
1,011926,0,0.1332038
1,006879,0,0.02494898
1,009057,0,0.06943277
1,004270,0,0.23611142
1,010694,0,0.105737515
1,005378,0,0.0110438615
1,011009,0,0.03593878
1,000158,0,0.10265087
1,003790,0,0.060494635
1,007017,0,0.05243584
1,005894,0,0.4062999
1,006480,0,0.011492348
1,005804,0,0.12189232
1,004137,0,0.032384314
1,004695,0,0.06273911
1,009728,1,0.18040971
1,006679,0,0.032424677
1,009672,0,0.41134703
1,004617,0,0.0924612
1,010103,0,0.018514244
1,011614,0,0.3464851
1,007944,0,0.122317575
1,006348,0,0.2399366
1,006901,0,0.15369977
1,000019,0,0.77152276
1,007273,0,0.0289672
1,005372,0,0.2538405
1,004431,0,0.090745084
1,002889,0,0.104779385
1,006298,0,0.30911878
1,006334,0,0.19234149
1,009500,0,0.26493385
1,008777,0,0.51319784
1,002611,0,0.122034065
1,004575,0,0.14100656
1,009304,0,0.054906823
1,002353,0,0.22008005
1,008448,0,0.035655435
1,009230,0,0.043963745
1,006087,0,0.13966092
1,003172,0,0.11787774
1,004385,0,0.1998288
1,003052,0,0.19294529
1,001247,0,0.06775858
1,003337,0,0.13533622
1,000885,0,0.11210947
1,008016,0,0.09064416
1,009389,0,0.06608163
1,007203,0,0.079021856
1,001497,0,0.04056432
1,007804,0,0.043205425
1,008180,0,0.7645725
1,009054,0,0.15726203
1,003309,0,0.082684755
1,008853,0,0.22629194
1,011510,0,0.10692728
1,004427,0,0.16701627
1,011012,0,0.055496126
1,008825,0,0.20606132
1,007231,0,0.75827855
1,006239,0,0.08628089
1,007480,0,0.11978436
1,007152,0,0.17240983
1,006642,0,0.15246119
1,007308,0,0.12396839
1,005919,0,0.6252127
1,009908,0,0.1557884
1,002933,0,0.027007146
1,008567,0,0.01524079
1,006925,0,0.13398287
1,004211,0,0.31288633
1,010564,0,0.10350575
1,008061,0,0.03877552
1,000359,0,0.10259484
1,007903,0,0.11266427
1,007506,0,0.47010645
1,004425,0,0.107039146
1,006194,0,0.02818073
1,002098,0,0.1000625
1,008092,0,0.10525761
1,000248,0,0.15494645
1,003636,0,0.10607514
1,007489,0,0.52044356
1,004338,0,0.071247414
1,000603,0,0.051875774
1,000472,0,0.15588877
1,010563,0,0.024372969
1,008762,0,0.042259555
1,003295,0,0.10207914
1,002976,0,0.19632822
1,007114,0,0.09108652
1,002673,0,0.023992466
1,002954,0,0.13980915
1,006614,0,0.084869094
1,009407,0,0.04700314
1,002813,0,0.05927237
1,003978,0,0.070039004
1,004680,0,0.15405709
1,009688,0,0.13272624
1,009191,0,0.19235848
1,007352,0,0.054165144
1,006203,0,0.09372516
1,005720,0,0.20050244
1,005472,0,0.011361146
1,010450,0,0.03984735
1,002551,0,0.18123443
1,011183,0,0.08135582
1,004125,0,0.012605206
1,004492,0,0.0952934
1,005185,0,0.1659471
1,002415,0,0.040649474
1,009418,0,0.15964153
1,000478,0,0.061852366
1,001072,0,0.36000028
1,004808,0,0.056561895
1,003392,0,0.24216631
1,003407,0,0.06997974
1,006669,0,0.3287217
1,000218,0,0.060925804
1,006036,0,0.15806475
1,007798,0,0.029936802
1,001492,0,0.034122907
1,002101,0,0.43240774
1,003419,0,0.30197084
1,011380,0,0.09336599
1,006562,0,0.28860515
1,006184,0,0.16016307
1,000761,0,0.22986306
1,005983,0,0.1805878
1,009595,0,0.16087814
1,006792,1,0.4006661
1,008355,0,0.03683454
1,006779,0,0.080058135
1,005790,1,0.27572387
1,001297,0,0.13866094
1,007154,0,0.03888094
1,001186,0,0.05045874
1,004036,0,0.43917072
1,002548,0,0.21052699
1,010201,0,0.069369085
1,005188,0,0.043717735
1,009139,0,0.14793411
1,011216,0,0.11502794
1,006806,0,0.03697787
1,001822,0,0.05580422
1,008460,0,0.029878939
1,001769,0,0.23569766
1,008591,0,0.13261615
1,002609,0,0.0713245
1,005829,0,0.07507023
1,004189,0,0.048099328
1,008034,0,0.19699243
1,008326,0,0.13727966
1,011377,0,0.110778935
1,004648,0,0.14845476
1,003548,0,0.017780624
1,000709,0,0.05239409
1,010843,0,0.09186354
1,009970,0,0.29194227
1,000716,0,0.014913689
1,006100,0,0.09356246
1,002940,0,0.2073589
1,010144,0,0.0045038387
1,008253,0,0.009158209
1,004731,0,0.27325627
1,003457,0,0.23904131
1,007828,0,0.056521248
1,003708,0,0.06213616
1,008002,0,0.201163
1,003094,0,0.06596371
1,011939,0,0.020495705
1,002125,0,0.03468034
1,009368,0,0.21649422
1,011891,0,0.009583733
1,000738,0,0.021563036
1,011144,0,0.07266994
1,006477,0,0.031694036
1,007080,0,0.030802537
1,008426,0,0.100331485
1,010985,0,0.043847367
1,004361,0,0.15045834
1,010306,0,0.16180295
1,007645,0,0.017539581
1,009671,0,0.046944425
1,002903,0,0.016426452
1,011211,0,0.057235476
1,000739,0,0.035154194
1,005070,0,0.021793423
1,008708,0,0.3378325
1,004929,0,0.45878208
1,002653,0,0.03670553
1,010000,0,0.087039724
1,002887,0,0.062392004
1,001530,0,0.20119654
1,002097,0,0.02471305
1,004852,0,0.12678097
1,009902,0,0.08703781
1,003492,0,0.09074796
1,005320,0,0.33227494
1,006308,0,0.06639787
1,007426,0,0.026828647
1,006135,0,0.11588511
1,000658,1,0.47240272
1,010042,0,0.041074622
1,001301,0,0.062696956
1,006776,0,0.10867896
1,002124,0,0.19503222
1,000937,0,0.5765304
1,009746,0,0.1562223
1,007972,0,0.083538376
1,008434,0,0.06242591
1,004864,0,0.393269
1,001957,0,0.12107781
1,008661,0,0.08546634
1,010226,1,0.10276115
1,001561,0,0.5004216
1,010969,0,0.07608224
2,000024,1,5.0423573e-06
2,000056,1,0.9027275
2,000070,1,0.010098539
2,000123,1,0.18088497
2,000198,1,0.0002261696
2,000293,1,0.15940478
2,000298,1,0.032898054
2,000376,1,0.03205867
2,000431,1,0.09527069
2,000432,1,0.0009688691
2,000558,1,1.4449594e-05
2,000589,1,0.998728
2,000592,1,0.028333558
2,000691,1,0.05806794
2,000703,1,0.123192005
2,000727,1,0.0012328605
2,000743,1,0.13725306
2,000752,1,0.13616504
2,000764,1,0.0014968514
2,000765,1,0.00028649715
2,000809,1,0.00059987366
2,000834,1,0.29495645
2,000835,1,0.2767748
2,000870,1,0.0011617739
2,000872,1,0.65934604
2,000907,1,0.00015479363
2,001015,1,0.35923696
2,001123,1,2.9433555e-05
2,001125,1,0.03183435
2,001158,1,0.8987106
2,001176,1,0.00011037452
2,001267,1,0.004308103
2,001299,1,0.014001626
2,001350,1,0.0066723153
2,001380,1,0.55143327
2,001387,1,0.070151985
2,001408,1,0.0023777178
2,001437,1,0.00018784415
2,001451,1,0.040786464
2,001456,1,0.051390223
2,001492,1,0.396101
2,001715,1,0.021764286
2,001750,1,0.0012909626
2,001753,1,6.429716e-05
2,001874,1,0.00026227534
2,001951,1,0.0008264056
2,001972,1,0.16717845
2,001990,1,0.0031045822
2,002020,1,0.15904322
2,002035,1,0.04133094
2,002046,1,0.0023664369
2,002145,1,0.001274892
2,002158,1,0.0006102241
2,002159,1,0.0030924398
2,002169,1,0.37070754
2,002199,1,0.034698974
2,002225,1,0.0013202407
2,002303,1,0.002056754
2,002336,1,0.009591538
2,002337,1,0.21128476
2,002345,1,0.093442425
2,002398,1,0.0056284848
2,002469,1,0.001698626
2,002500,1,0.013647512
2,002563,1,0.061959796
2,002565,1,0.065536134
2,002631,1,0.5383287
2,002699,1,0.24953577
2,002721,1,1.9747608e-06
2,002851,1,0.00056021794
2,002957,1,0.0035155702
2,002978,1,0.110517636
2,003056,1,0.006942158
2,003077,1,9.744017e-05
2,003104,1,0.072219625
2,003109,1,0.1765537
2,003168,1,7.961438e-05
2,003180,1,0.005077305
2,003270,1,0.88605756
2,003325,1,0.000112737274
2,003420,1,0.19961381
2,003530,1,0.0331268
2,003537,1,0.004091791
2,003582,1,0.0008691094
2,003935,1,0.00480529
2,003959,1,0.054776236
2,003974,1,0.028810814
2,004020,1,0.08768842
2,004087,1,0.0048517874
2,004189,1,0.003838711
2,004301,1,0.3029211
2,004341,1,0.00048051265
2,004456,1,0.0060811066
2,004501,1,0.0021920467
2,004506,1,0.0006659625
2,004556,1,0.03436883
2,004600,1,0.112526774
2,004742,1,0.7835903
2,004812,1,0.7415745
2,004823,1,0.3293213
2,004826,1,0.00082747336
2,004855,1,0.0656672
2,004880,1,0.0005411583
2,004890,1,0.010999275
2,004930,1,0.19265014
2,004934,1,0.027347263
2,005039,1,0.54025066
2,005091,1,0.00025697876
2,005093,1,0.3236359
2,005095,1,0.050137606
2,005098,1,0.00048354868
2,005171,1,0.001053774
2,005335,1,0.020608662
2,005365,1,0.022908393
2,005373,1,0.07790572
2,005446,1,0.010146476
2,005457,1,0.15765576
2,005495,1,0.067076005
2,005534,1,0.0005580654
2,005548,1,0.0018686624
2,005618,1,0.00056778063
2,005623,1,0.18389663
2,005641,1,0.040580533
2,005716,1,6.290882e-05
2,005794,1,0.054715075
2,005806,1,4.316964e-06
2,005815,1,0.0014126941
2,005896,1,0.0009009784
2,005901,1,0.0019323013
2,005948,1,0.0044521526
2,006119,1,0.43468386
2,006143,1,0.0077561676
2,006159,1,0.119794324
2,006191,1,0.02749968
2,006291,1,0.023171272
2,006357,1,0.004398674
2,006409,1,0.00036991356
2,006430,1,0.86705816
2,006538,1,0.037151467
2,006561,1,0.049480043
2,006569,1,1.089476e-06
2,006580,1,0.0073902844
2,006622,1,0.5648282
2,006623,1,4.69079e-05
2,006666,1,0.00077250914
2,006679,1,0.00044217252
2,006686,1,0.9915822
2,006715,1,0.6766326
2,006768,1,0.5596572
2,006778,1,0.0018656612
2,006793,1,0.06708353
2,006796,1,0.035285313
2,006877,1,0.00024670802
2,006946,1,0.0002158508
2,007093,1,0.00029128257
2,007218,1,0.5824079
2,007634,1,0.0006684618
2,007636,1,0.0017930144
2,007645,1,0.035491414
2,007674,1,0.0022103072
2,007813,1,0.18726474
2,007852,1,0.000717217
2,007861,1,0.10700369
2,007891,1,0.00035908527
2,007900,1,0.00010592395
2,007903,1,1.0996263e-06
2,007963,1,0.23855177
2,008141,1,0.00034095976
2,008146,1,0.96017873
2,008253,1,0.079322994
2,008293,1,0.00059621315
2,008335,1,0.0052133184
2,008345,1,0.016678039
2,008392,1,0.001859192
2,008497,1,0.00033428817
2,008498,1,0.003996879
2,008580,1,0.00027453975
2,008612,1,0.051628303
2,008614,1,0.018953966
2,008683,1,0.83750343
2,008705,1,0.00012072927
2,008824,1,0.00020214177
2,008850,1,0.20984745
2,008957,1,0.00011976052
2,009007,1,0.0058338377
2,009128,1,0.0031166864
2,009163,1,0.004643479
2,009198,1,0.043559287
2,009296,1,0.53048205
2,009300,1,0.0014220962
2,009316,1,0.13364705
2,009332,1,0.044036552
2,009362,1,0.28913778
2,009395,1,0.00030148143
2,009466,1,0.009440146
2,009591,1,5.051256e-05
2,009637,1,0.013684303
2,009691,1,0.07617543
2,009697,1,5.587528e-05
2,009907,1,0.021495856
2,009953,1,0.044221096
2,009954,1,0.4729724
2,009970,1,0.04354472
2,009972,1,0.010341745
2,009978,1,0.1063343
2,009982,1,0.4525727
2,009992,1,1.0426232e-05
2,010052,1,0.00015049263
2,010213,1,0.0017228427
2,010222,1,0.0002545017
2,010229,1,0.0032268264
2,010305,1,0.09868223
2,010306,1,0.00015820765
2,010361,1,6.068351e-05
2,010369,1,0.14924479
2,010397,1,0.0021291138
2,010432,1,0.015214955
2,010467,1,0.09243157
2,010490,1,0.0063582393
2,010523,1,4.581175e-06
2,010536,1,8.4280065e-05
2,010929,1,0.0073332153
2,010944,1,0.03592967
2,011014,1,0.0013024359
2,011111,1,0.9951315
2,011139,1,5.222412e-05
2,011209,1,0.00032002907
2,011257,1,0.00026522018
2,011287,1,0.3226717
2,011493,1,0.3550292
2,011580,1,0.11112501
2,011637,1,0.0003172743
2,011691,1,0.004547083
2,011693,1,0.5452833
2,011761,1,0.022041261
2,011771,1,0.024197903
2,011870,1,0.043701034
2,011896,1,0.001285693
2,011950,1,0.9522539
2,011987,1,0.05474969
2,000000,0,5.6450972e-05
2,000001,0,0.00010122323
2,000002,0,0.005181244
2,000003,0,1.7731632e-05
2,000004,0,0.00014209977
2,000005,0,0.0011162439
2,000006,0,4.2145766e-05
2,000007,0,0.0017227016
2,000008,0,0.00016857478
2,000009,0,0.00013840261
2,000010,0,6.382688e-05
2,000011,0,1.5150832e-06
2,000012,0,4.3498865e-05
2,000013,0,0.0042443713
2,000014,0,0.019075364
2,000015,0,0.00072768657
2,000016,0,0.0047196904
2,000017,0,0.011521848
2,000018,0,0.009595544
2,000019,0,0.00011564498
2,000020,0,0.001485914
2,000021,0,0.00049160706
2,000022,0,0.00015198694
2,000023,0,0.0012980148
2,000025,0,0.0004792086
2,000026,0,7.5246484e-05
2,000027,0,9.920419e-06
2,000028,0,0.00024134414
2,000029,0,9.945387e-07
2,000030,0,0.008441264
2,000031,0,0.0010236781
2,000032,0,1.4061871e-05
2,000033,0,1.328899e-06
2,000034,0,4.038214e-05
2,000035,0,0.00628242
2,000036,0,0.005815059
2,000037,0,0.0005493373
2,000038,0,9.758709e-05
2,000039,0,0.011763189
2,000040,0,1.4714574e-05
2,000041,0,0.00010338339
2,000042,0,1.1166042e-05
2,000043,0,0.0021642065
2,000044,0,2.1274514e-05
2,000045,0,0.0009712207
2,000046,0,3.936997e-06
2,000047,0,0.00046187875
2,000048,0,0.0004374841
2,000049,0,0.00010782107
2,000050,0,0.010559707
2,000051,0,1.7205448e-05
2,000052,0,0.00048842083
2,000053,0,0.00010186114
2,000054,0,0.0012856948
2,000055,0,0.019618612
2,000057,0,0.024508104
2,000058,0,5.518284e-06
2,000059,0,2.400892e-05
2,000060,0,0.00090657437
2,000061,0,5.2415715e-05
2,000062,0,2.3617868e-05
2,000063,0,0.004291147
2,000064,0,0.0065520466
2,000065,0,0.00032166677
2,000066,0,4.3508113e-05
2,000067,0,0.0020329366
2,000068,0,0.0006773023
2,000069,0,0.0023250554
2,000071,0,0.0005041478
2,000072,0,0.0003608612
2,000073,0,0.0031258021
2,000074,0,2.2849583e-05
2,000075,0,0.00010984461
2,000076,0,0.0020643736
2,000077,0,0.003797449
2,000078,0,0.00032463172
2,000079,0,0.00029683454
2,000080,0,0.0031629212
2,000081,0,0.00019961623
2,000082,0,1.2760028e-05
2,000083,0,0.066037245
2,000084,0,2.8894101e-05
2,000085,0,0.00010211108
2,000086,0,0.0017565582
2,000087,0,4.481054e-05
2,000088,0,0.00025399626
2,000089,0,0.00024077162
2,000090,0,0.017873606
2,000091,0,0.00029684982
2,000092,0,0.042326342
2,000093,0,0.000105543026
2,000094,0,0.017931111
2,000095,0,0.00041232124
2,000096,0,2.5719346e-06
2,000097,0,0.37966606
2,000098,0,2.8591874e-05
2,000099,0,1.8804168e-06
2,000100,0,0.00046118055
2,000101,0,7.418227e-05
2,000102,0,6.165213e-05
2,000103,0,0.00042523205
2,000104,0,0.025752129
2,000105,0,0.015348642
2,000106,0,0.0018159999
2,000107,0,0.0031880855
2,000108,0,5.1347484e-07
2,000109,0,0.08437085
2,000110,0,1.2817166e-05
2,000111,0,0.060968217
2,000112,0,0.025082186
2,000113,0,5.3800115e-05
2,000114,0,0.00016617928
2,000115,0,6.520002e-07
2,000116,0,0.00051398244
2,000117,0,2.63097e-05
2,000118,0,0.0005775047
2,000119,0,0.00043515014
2,000120,0,1.1486053e-06
2,000121,0,0.0017515202
2,000122,0,0.00014426744
2,000124,0,0.007278051
2,000125,0,0.00030242626
2,000126,0,1.9171195e-05
2,000127,0,3.0071822e-05
2,000128,0,0.00019859015
2,000129,0,1.7484841e-05
2,000130,0,0.12389397
2,000131,0,0.0064919717
2,000132,0,0.0014004856
2,000133,0,0.052056573
2,000134,0,0.00019056918
2,000135,0,0.004150061
2,000136,0,0.02663512
2,000137,0,0.0036334153
2,000138,0,0.011109124
2,000139,0,2.5600646e-05
2,000140,0,2.4797848e-06
2,000141,0,0.00011786175
2,000142,0,1.4219271e-05
2,000143,0,0.00030379716
2,000144,0,0.0030885818
2,000145,0,2.9785837e-05
2,000146,0,0.041572414
2,000147,0,0.0045151454
2,000148,0,0.0016889216
2,000149,0,0.00037979835
2,000150,0,0.00091238203
2,000151,0,0.0001431199
2,000152,0,0.0018842663
2,000153,0,4.4927907e-05
2,000154,0,0.0021781405
2,000155,0,0.0027577665
2,000156,0,0.0010514876
2,000157,0,0.0054426813
2,000158,0,0.00011784725
2,000159,0,3.026322e-06
2,000160,0,0.030227354
2,000161,0,0.005840152
2,000162,0,0.013981279
2,000163,0,0.000135489
2,000164,0,5.1946372e-05
2,000165,0,0.00023726786
2,000166,0,0.00020772696
2,000167,0,0.0008465153
2,000168,0,0.001912086
2,000169,0,0.0022540896
2,000170,0,1.1634018e-05
2,000171,0,2.1176108e-06
2,000172,0,0.00018856772
2,000173,0,0.002448201
2,000174,0,1.5972385e-09
2,000175,0,2.648429e-06
2,000176,0,0.00085233146
2,000177,0,7.378409e-05
2,000178,0,0.00071154285
2,000179,0,0.0013475809
2,000180,0,0.00046344724
2,000181,0,0.0003469566
2,000182,0,0.0014489327
2,000183,0,0.022720123
2,000184,0,0.028972847
2,000185,0,0.008388827
2,000186,0,0.04225279
2,000187,0,0.0003348987
2,000188,0,8.2076025e-05
2,000189,0,0.002104406
2,000190,0,0.00012056971
2,000191,0,0.008675887
2,000192,0,0.010419144
2,000193,0,0.25754836
2,000194,0,0.00036764634
2,000195,0,0.015835535
2,000196,0,0.00010183093
2,000197,0,0.00041286697
2,000199,0,0.00016900901
2,000200,0,5.964843e-05
2,000201,0,0.010721023
2,000202,0,0.017097069
2,000203,0,1.087477e-05
2,000204,0,0.002069107
2,000205,0,0.0008561592
2,000206,0,0.0022561122
2,000207,0,3.2774212e-06
2,000208,0,5.7399637e-05
2,000209,0,2.6338446e-05
2,000210,0,7.1962306e-05
2,000211,0,0.0003760013
2,000212,0,0.000463239
2,000213,0,0.0003048338
2,000214,0,1.275327e-06
2,000215,0,0.001148284
2,000216,0,0.03445518
2,000217,0,7.649727e-05
2,000218,0,0.0006117247
2,000219,0,0.017541248
2,000220,0,0.00042771176
2,000221,0,0.0030928748
2,000222,0,0.0003674014
2,000223,0,0.018202709
2,000224,0,0.0008103353
2,000225,0,0.0043188934
2,000226,0,0.003731614
2,000227,0,0.00039432727
2,000228,0,0.0017007516
2,000229,0,0.0005384458
2,000230,0,0.0033059523
2,000231,0,1.686786e-05
2,000232,0,0.00037426737
2,000233,0,0.3548538
2,000234,0,7.249756e-05
2,000235,0,0.0026967097
2,000236,0,0.021647178
2,000237,0,0.00094310014
2,000238,0,0.049601067
2,000239,0,0.0002333311
2,000240,0,0.05028286
2,000241,0,0.002416067
2,000242,0,0.0008061708
2,000243,0,0.0018034144
2,000244,0,0.007387473
2,000245,0,0.00020663002
2,000246,0,4.8178666e-05
2,000247,0,8.801625e-05
2,000248,0,0.0017136697
2,000249,0,1.9809117e-06
2,000250,0,0.00047633855
2,000251,0,0.0009744184
2,000252,0,0.00016229152
2,000253,0,0.05215609
2,000254,0,0.0013031902
2,000255,0,0.00065563695
2,000256,0,7.816505e-05
2,000257,0,0.019218123
2,000258,0,0.0006845669
2,000259,0,0.004693369
2,000260,0,4.930397e-05
2,000261,0,4.483459e-06
2,000262,0,0.0002790587
2,000263,0,8.353261e-06
2,000264,0,0.0205468
2,000265,0,0.00015885191
2,000266,0,9.453669e-05
2,000267,0,0.0028470708
2,000268,0,1.0979561e-05
2,000269,0,0.022154365
2,000270,0,0.0010400238
2,000271,0,9.231156e-05
2,000272,0,0.00015576581
2,000273,0,0.00018967998
2,000274,0,2.7001599e-05
2,000275,0,1.4454228e-06
2,000276,0,0.01977981
2,000277,0,8.6990505e-05
2,000278,0,0.00062303816
2,000279,0,0.000119579076
2,000280,0,8.351101e-05
2,000281,0,0.00092647306
2,000282,0,2.219251e-05
2,000283,0,0.0017363102
2,000284,0,0.0015512023
2,000285,0,0.009328379
2,000286,0,0.0034234507
2,000287,0,0.00023467824
2,000288,0,3.0622163e-05
2,000289,0,0.0003729396
2,000290,0,7.93261e-05
2,000291,0,0.00543283
2,000292,0,0.0026447175
2,000294,0,0.00013090267
2,000295,0,0.0014431648
2,000296,0,0.005971648
2,000297,0,0.00060804177
2,000299,0,0.00078984455
2,000300,0,0.1612921
2,000301,0,7.090504e-05
2,000302,0,0.014099229
2,000303,0,0.004420533
2,000304,0,7.202952e-05
2,000305,0,3.3087075e-05
2,000306,0,0.004628202
2,000307,0,0.00068124186
2,000308,0,1.37378365e-05
2,000309,0,0.0037267846
2,000310,0,2.3432869e-05
2,000311,0,0.0016354534
2,000312,0,4.3707314e-05
2,000313,0,9.049189e-06
2,000314,0,0.00012549777
2,000315,0,6.73168e-05
2,000316,0,2.2477348e-05
2,000317,0,8.6785105e-05
2,000318,0,3.7442027e-05
2,000319,0,1.0592044e-07
2,000320,0,0.00060895894
2,000321,0,3.693461e-05
2,000322,0,0.0003643347
2,000323,0,0.00022999631
2,000324,0,0.00021814095
2,000325,0,0.0076108994
2,000326,0,0.000624982
2,000327,0,0.0012895303
2,000328,0,0.04101089
2,000329,0,5.300538e-05
2,000330,0,1.2022563e-05
2,000331,0,0.0004004049
2,000332,0,0.0011343716
2,000333,0,0.0005232802
2,000334,0,0.008502768
2,000335,0,5.0339395e-06
2,000336,0,0.0068449704
2,000337,0,0.00012365525
2,000338,0,0.04435348
2,000339,0,0.0007826471
2,000340,0,1.8676043e-05
2,000341,0,0.00024044266
2,000342,0,0.0010295141
2,000343,0,0.004972396
2,000344,0,0.0005091922
2,000345,0,5.4355103e-05
2,000346,0,0.045991696
2,000347,0,0.002440728
2,000348,0,0.0006342714
2,000349,0,0.078669146
2,000350,0,0.024878696
2,000351,0,6.5774824e-05
2,000352,0,0.00013602065
2,000353,0,4.134415e-05
2,000354,0,6.3870893e-06
2,000355,0,0.0014486043
2,000356,0,0.00070613937
2,000357,0,0.00016456208
2,000358,0,1.36055e-05
2,000359,0,7.382885e-05
2,000360,0,0.000532748
2,000361,0,0.0039447267
2,000362,0,2.5108275e-05
2,000363,0,2.4943147e-05
2,000364,0,0.00071343186
2,000365,0,4.4942863e-05
2,000366,0,0.000915927
2,000367,0,0.018143522
2,000368,0,0.029355813
2,000369,0,4.7677786e-05
2,000370,0,0.029202769
2,000371,0,0.00056689436
2,000372,0,4.9352988e-05
2,000373,0,0.0022449465
2,000374,0,0.00013163341
2,000375,0,0.00035232573
2,000377,0,9.765119e-06
2,000378,0,0.00033363292
2,000379,0,0.0008320299
2,000380,0,5.058776e-05
2,000381,0,0.0013897556
2,000382,0,3.9326118e-05
2,000383,0,0.0031932269
2,000384,0,0.00017738638
2,000385,0,0.00014035359
2,000386,0,6.616416e-06
2,000387,0,0.00012012353
2,000388,0,0.00036677587
2,000389,0,5.7228153e-06
2,000390,0,0.000228518
2,000391,0,0.00042969457
2,000392,0,1.2418885e-05
2,000393,0,4.3129373e-07
2,000394,0,2.3394543e-06
2,000395,0,0.00022917542
2,000396,0,1.5984506e-05
2,000397,0,0.0044085747
2,000398,0,0.034179717
2,000399,0,0.00024129491
2,000400,0,8.3911575e-05
2,000401,0,0.0025163204
2,000402,0,0.009306051
2,000403,0,0.0002258098
2,000404,0,0.0022093325
2,000405,0,2.4017438e-05
2,000406,0,0.0015260384
2,000407,0,0.0029455589
2,000408,0,0.0029856197
2,000409,0,9.2823975e-05
2,000410,0,0.00027228854
2,000411,0,0.0005290368
2,000412,0,0.006215308
2,000413,0,0.003560057
2,000414,0,0.0018778096
2,000415,0,0.008614688
2,000416,0,0.0018855025
2,000417,0,5.483758e-05
2,000418,0,0.00042456028
2,000419,0,1.5855458e-05
2,000420,0,0.022092521
2,000421,0,0.00034970435
2,000422,0,0.00038057182
2,000423,0,1.4206136e-05
2,000424,0,0.009495584
2,000425,0,2.8889526e-05
2,000426,0,3.7411508e-05
2,000427,0,0.00010910801
2,000428,0,0.0013844419
2,000429,0,0.014607472
2,000430,0,2.7068243e-05
2,000433,0,0.047206502
2,000434,0,0.0050489656
2,000435,0,0.002075906
2,000436,0,0.0033013066
2,000437,0,2.0263838e-06
2,000438,0,1.1993819e-05
2,000439,0,2.669178e-06
2,000440,0,4.6161145e-05
2,000441,0,0.00016611179
2,000442,0,0.35476187
2,000443,0,4.70296e-05
2,000444,0,0.0020370714
2,000445,0,0.002126112
2,000446,0,0.0035704074
2,000447,0,0.0003020479
2,000448,0,0.11120033
2,000449,0,0.0061105224
2,000450,0,0.00028697992
2,000451,0,0.008281903
2,000452,0,0.0017931005
2,000453,0,6.512379e-05
2,000454,0,0.39858708
2,000455,0,9.492454e-07
2,000456,0,0.0046560247
2,000457,0,0.012601984
2,000458,0,0.002202977
2,000459,0,0.000954503
2,000460,0,0.001185106
2,000461,0,2.2261663e-06
2,000462,0,9.3470255e-05
2,000463,0,0.008945916
2,000464,0,0.0007420487
2,000465,0,1.130097e-05
2,000466,0,0.10329011
2,000467,0,0.010163132
2,000468,0,0.0144240735
2,000469,0,2.3485398e-05
2,000470,0,0.013518318
2,000471,0,0.0001394196
2,000472,0,6.7683135e-07
2,000473,0,7.6076576e-05
2,000474,0,0.0052983356
2,000475,0,0.0003143244
2,000476,0,0.0021039175
2,000477,0,0.20423254
2,000478,0,5.186247e-05
2,000479,0,1.3062271e-05
2,000480,0,0.004222247
2,000481,0,2.0721263e-05
2,000482,0,0.012370372
2,000483,0,5.8048754e-06
2,000484,0,0.0003331279
2,000485,0,0.31445596
2,000486,0,0.004123849
2,000487,0,0.00036929766
2,000488,0,0.068210475
2,000489,0,0.020235758
2,000490,0,0.0026350329
2,000491,0,0.0006264936
2,000492,0,0.00027384408
2,000493,0,0.002411332
2,000494,0,0.071724884
2,000495,0,0.0041495585
2,000496,0,0.03248127
2,000497,0,0.0008914817
2,000498,0,0.0042903298
2,000499,0,0.0050359657
2,000500,0,0.17071816
2,000501,0,9.6895155e-06
2,000502,0,5.380249e-06
2,000503,0,0.0027128768
2,000504,0,2.0958598e-05
2,000505,0,3.7875016e-05
2,000506,0,8.354056e-05
2,000507,0,0.0016194454
2,000508,0,0.04715139
2,000509,0,0.009097164
2,000510,0,0.09208156
2,000511,0,6.0293255e-06
2,000512,0,0.00033427222
2,000513,0,7.175057e-05
2,000514,0,0.00020133524
2,000515,0,9.240817e-05
2,000516,0,0.0002798212
2,000517,0,0.00032048492
2,000518,0,0.00020598619
2,000519,0,0.00013409638
2,000520,0,0.000104460865
2,000521,0,0.0003141539
2,000522,0,0.010635523
2,000523,0,0.0009561322
2,000524,0,0.30540127
2,000525,0,0.5775578
2,000526,0,0.008845076
2,000527,0,5.7520567e-05
2,000528,0,1.7896477e-06
2,000529,0,7.27704e-06
2,000530,0,0.03954007
2,000531,0,0.017022347
2,000532,0,0.0041634184
2,000533,0,5.025771e-05
2,000534,0,0.0022737472
2,000535,0,1.2162749e-05
2,000536,0,0.0002812071
2,000537,0,0.0003634842
2,000538,0,0.00064508704
2,000539,0,0.033118226
2,000540,0,0.0012004217
2,000541,0,0.0029579112
2,000542,0,0.00012343023
2,000543,0,1.5532427e-05
2,000544,0,0.0009474173
2,000545,0,0.00065343524
2,000546,0,0.001563936
2,000547,0,0.00010956342
2,000548,0,0.00018750112
2,000549,0,0.0021132987
2,000550,0,0.3263288
2,000551,0,1.9658935e-05
2,000552,0,0.0011352136
2,000553,0,0.0036311704
2,000554,0,0.008078672
2,000555,0,0.004390614
2,000556,0,3.183909e-05
2,000557,0,0.015676506
2,000559,0,0.010121326
2,000560,0,3.0335603e-05
2,000561,0,0.0007526851
2,000562,0,0.046373334
2,000563,0,0.0007723792
2,000564,0,8.287453e-05
2,000565,0,0.09545053
2,000566,0,0.00010562045
2,000567,0,0.0023206607
2,000568,0,0.22597544
2,000569,0,0.00045036967
2,000570,0,0.0006694781
2,000571,0,0.000203331
2,000572,0,0.01374435
2,000573,0,6.225539e-05
2,000574,0,0.000563425
2,000575,0,0.035574324
2,000576,0,0.00010083374
2,000577,0,0.00037773585
2,000578,0,1.0830831e-06
2,000579,0,0.00024211277
2,000580,0,3.0332336e-05
2,000581,0,0.000602105
2,000582,0,9.9820034e-05
2,000583,0,0.00062413176
2,000584,0,2.9000378e-06
2,000585,0,0.00013697063
2,000586,0,0.033251885
2,000587,0,1.4292331e-06
2,000588,0,0.002188615
2,000590,0,0.0017725417
2,000591,0,0.0021158543
2,000593,0,4.707429e-05
2,000594,0,0.07175451
2,000595,0,0.00010497833
2,000596,0,0.0001276026
2,000597,0,0.021999072
2,000598,0,0.000101773854
2,000599,0,3.7554095e-05
2,000600,0,0.00970107
2,000601,0,0.004051468
2,000602,0,0.0021227289
2,000603,0,1.233562e-05
2,000604,0,0.0031580357
2,000605,0,0.00022002152
2,000606,0,0.0029172073
2,000607,0,0.004458881
2,000608,0,0.013733146
2,000609,0,3.4126475e-07
2,000610,0,0.00014041972
2,000611,0,0.00074130704
2,000612,0,3.0598694e-05
2,000613,0,8.9804875e-05
2,000614,0,0.0038844508
2,000615,0,0.00032420305
2,000616,0,0.0023477382
2,000617,0,8.004587e-06
2,000618,0,0.00013535393
2,000619,0,0.0010702586
2,000620,0,0.26370484
2,000621,0,0.00020520325
2,000622,0,1.19678025e-05
2,000623,0,4.789788e-06
2,000624,0,3.0226936e-05
2,000625,0,1.1579216e-05
2,000626,0,0.00015992885
2,000627,0,0.00016523174
2,000628,0,0.00036385396
2,000629,0,0.0038232212
2,000630,0,0.00041915695
2,000631,0,0.00083963753
2,000632,0,5.484851e-05
2,000633,0,0.00034669688
2,000634,0,7.4001427e-06
2,000635,0,2.480031e-05
2,000636,0,0.00012834748
2,000637,0,0.014977425
2,000638,0,0.0018324152
2,000639,0,0.00013558037
2,000640,0,6.797618e-06
2,000641,0,0.0003215659
2,000642,0,0.0003538003
2,000643,0,0.0021103192
2,000644,0,0.0021446957
2,000645,0,1.7271598e-06
2,000646,0,0.00010782672
2,000647,0,0.0001263056
2,000648,0,0.0009895429
2,000649,0,0.0034160973
2,000650,0,0.007896702
2,000651,0,0.053726625
2,000652,0,0.002161024
2,000653,0,0.0032090903
2,000654,0,6.8436702e-06
2,000655,0,9.98445e-05
2,000656,0,6.303486e-05
2,000657,0,0.00023295144
2,000658,0,0.00015396795
2,000659,0,0.00017924386
2,000660,0,0.00477399
2,000661,0,0.03288144
2,000662,0,0.0008283131
2,000663,0,5.225775e-05
2,000664,0,0.0010519315
2,000665,0,3.9382336e-05
2,000666,0,7.121586e-07
2,000667,0,0.00021696131
2,000668,0,0.007625395
2,000669,0,0.0005697031
2,000670,0,5.061716e-06
2,000671,0,0.018063765
2,000672,0,0.00454122
2,000673,0,0.0009580613
2,000674,0,0.0017043679
2,000675,0,1.4208128e-05
2,000676,0,0.0012214186
2,000677,0,2.7560463e-05
2,000678,0,0.04158909
2,000679,0,0.000513495
2,000680,0,0.00024145807
2,000681,0,0.004399593
2,000682,0,4.742308e-05
2,000683,0,0.00016895664
2,000684,0,0.0032409688
2,000685,0,0.0038451988
2,000686,0,0.0013707379
2,000687,0,0.0011124421
2,000688,0,3.3988887e-05
2,000689,0,9.608776e-05
2,000690,0,0.00012348074
2,000692,0,0.026967503
2,000693,0,0.00059995573
2,000694,0,0.0003019733
2,000695,0,0.0037143168
2,000696,0,0.004898481
2,000697,0,0.00075458543
2,000698,0,1.3481469e-05
2,000699,0,5.6129753e-05
2,000700,0,0.00020755135
2,000701,0,0.0033248684
2,000702,0,0.008305793
2,000704,0,0.00067047577
2,000705,0,0.021364765
2,000706,0,0.103313476
2,000707,0,0.00471052
2,000708,0,0.029699223
2,000709,0,0.00022127456
2,000710,0,9.2031616e-05
2,000711,0,0.0006180969
2,000712,0,0.0011925237
2,000713,0,0.0030853609
2,000714,0,0.009511136
2,000715,0,0.00016210515
2,000716,0,1.4848361e-05
2,000717,0,0.0014075622
2,000718,0,0.0037848065
2,000719,0,0.00062535924
2,000720,0,0.00016315684
2,000721,0,3.2748114e-05
2,000722,0,0.0017597835
2,000723,0,0.00012150932
2,000724,0,0.0001111908
2,000725,0,0.0008852489
2,000726,0,0.003191594
2,000728,0,0.007880721
2,000729,0,0.004948134
2,000730,0,0.00019840391
2,000731,0,0.050217934
2,000732,0,5.5347613e-05
2,000733,0,0.010682237
2,000734,0,0.0021613035
2,000735,0,0.0001178559
2,000736,0,0.0026266638
2,000737,0,0.101349704
2,000738,0,0.006619869
2,000739,0,3.5461675e-05
2,000740,0,0.00012182837
2,000741,0,2.107413e-06
2,000742,0,0.005363604
2,000744,0,0.001668798
2,000745,0,0.008792833
2,000746,0,0.00062150863
2,000747,0,0.00037979364
2,000748,0,2.216698e-05
2,000749,0,0.00026553796
2,000750,0,0.0006348917
2,000751,0,0.009393677
2,000753,0,0.0017265577
2,000754,0,0.0008817338
2,000755,0,1.3405688e-05
2,000756,0,0.0006307681
2,000757,0,0.00043694023
2,000758,0,0.00461847
2,000759,0,0.000113266244
2,000760,0,7.4776886e-05
2,000761,0,0.0006705182
2,000762,0,9.422843e-05
2,000763,0,0.003042952
2,000766,0,0.098127246
2,000767,0,1.9484349e-05
2,000768,0,0.13195263
2,000769,0,0.0004911321
2,000770,0,0.00018404183
2,000771,0,6.886157e-05
2,000772,0,0.07496458
2,000773,0,0.21464868
2,000774,0,0.0001287256
2,000775,0,0.00021105623
2,000776,0,0.0012097262
2,000777,0,0.00021122696
2,000778,0,1.7044057e-07
2,000779,0,6.0736544e-05
2,000780,0,3.527078e-05
2,000781,0,0.00030057968
2,000782,0,0.0016879049
2,000783,0,2.7352202e-05
2,000784,0,0.0035626476
2,000785,0,0.01632107
2,000786,0,0.05461875
2,000787,0,4.0135546e-05
2,000788,0,0.005508997
2,000789,0,0.00015107506
2,000790,0,0.0005979275
2,000791,0,0.00034054005
2,000792,0,8.655766e-05
2,000793,0,0.0076623936
2,000794,0,2.1833189e-06
2,000795,0,0.00010612899
2,000796,0,4.9068225e-05
2,000797,0,0.00029079505
2,000798,0,0.010197631
2,000799,0,0.0002926722
2,000800,0,0.009160344
2,000801,0,5.678237e-06
2,000802,0,0.001573071
2,000803,0,0.00028527467
2,000804,0,0.017995212
2,000805,0,8.819349e-06
2,000806,0,0.000102458296
2,000807,0,0.0003486601
2,000808,0,2.2371867e-06
2,000810,0,0.0041136863
2,000811,0,3.776268e-06
2,000812,0,0.0011950783
2,000813,0,0.009534276
2,000814,0,0.00021017026
2,000815,0,0.00055461074
2,000816,0,0.0005301102
2,000817,0,0.0006631536
2,000818,0,0.00015697548
2,000819,0,0.00030177415
2,000820,0,0.002331463
2,000821,0,0.000160243
2,000822,0,0.017115885
2,000823,0,0.0051282155
2,000824,0,0.0012449927
2,000825,0,0.00027060788
2,000826,0,0.018279161
2,000827,0,0.00019562825
2,000828,0,0.0007676508
2,000829,0,3.3021985e-05
2,000830,0,7.69473e-06
2,000831,0,0.00068752805
2,000832,0,0.00046699514
2,000833,0,0.00027312394
2,000836,0,0.000104815685
2,000837,0,0.00026811016
2,000838,0,0.17082588
2,000839,0,6.950891e-05
2,000840,0,0.0022117442
2,000841,0,0.0035346227
2,000842,0,0.0041929437
2,000843,0,0.001053209
2,000844,0,0.0024458312
2,000845,0,2.7570926e-05
2,000846,0,0.021755531
2,000847,0,1.9409254e-06
2,000848,0,0.0019996834
2,000849,0,0.00014153506
2,000850,0,0.00056487304
2,000851,0,8.792803e-06
2,000852,0,0.00048017778
2,000853,0,4.0650284e-05
2,000854,0,1.1351057e-06
2,000855,0,9.999504e-05
2,000856,0,0.005360951
2,000857,0,0.010111518
2,000858,0,0.014601434
2,000859,0,3.2015794e-06
2,000860,0,0.015379061
2,000861,0,0.06737142
2,000862,0,3.4007204e-05
2,000863,0,3.1208217e-06
2,000864,0,0.011520773
2,000865,0,0.00041439844
2,000866,0,0.019914707
2,000867,0,0.035954364
2,000868,0,6.303678e-05
2,000869,0,0.029074023
2,000871,0,0.004913466
2,000873,0,2.1737578e-05
2,000874,0,0.00028571318
2,000875,0,0.0009325458
2,000876,0,0.00086251035
2,000877,0,0.0042292112
2,000878,0,0.0031056083
2,000879,0,0.0005877886
2,000880,0,0.0003538371
2,000881,0,0.0025987988
2,000882,0,0.3497868
2,000883,0,0.004731449
2,000884,0,4.406077e-05
2,000885,0,0.0006855025
2,000886,0,0.00028741473
2,000887,0,0.0043801777
2,000888,0,1.849822e-05
2,000889,0,0.006056592
2,000890,0,0.0054277643
2,000891,0,0.0014439091
2,000892,0,0.006429696
2,000893,0,0.00030650452
2,000894,0,0.0046529057
2,000895,0,0.0010231887
2,000896,0,2.4578417e-06
2,000897,0,0.0016629968
2,000898,0,2.1557166e-06
2,000899,0,0.0011810254
2,000900,0,0.01089062
2,000901,0,0.0033922424
2,000902,0,0.00017979024
2,000903,0,3.3570595e-05
2,000904,0,9.8728735e-05
2,000905,0,0.0019128569
2,000906,0,0.0070392657
2,000908,0,0.0068443674
2,000909,0,0.0017274611
2,000910,0,1.1183764e-06
2,000911,0,0.0075598666
2,000912,0,0.07584388
2,000913,0,0.00011491847
2,000914,0,0.0005392606
2,000915,0,1.58062e-06
2,000916,0,0.00022903149
2,000917,0,0.0041978704
2,000918,0,0.0050028306
2,000919,0,0.011447495
2,000920,0,3.8171664e-05
2,000921,0,0.0006432652
2,000922,0,0.015632587
2,000923,0,0.12804158
2,000924,0,1.2517527e-05
2,000925,0,0.015438202
2,000926,0,0.0002659872
2,000927,0,0.0007698646
2,000928,0,0.0018286427
2,000929,0,0.0002058254
2,000930,0,0.18822227
2,000931,0,7.820196e-05
2,000932,0,0.0005979081
2,000933,0,9.638518e-07
2,000934,0,0.106248416
2,000935,0,0.011602441
2,000936,0,8.954731e-05
2,000937,0,0.0006258806
2,000938,0,8.051633e-06
2,000939,0,0.000852223
2,000940,0,6.349996e-05
2,000941,0,0.0001846611
2,000942,0,0.00094209076
2,000943,0,0.00028811707
2,000944,0,0.0007873613
2,000945,0,0.00043841402
2,000946,0,6.287337e-05
2,000947,0,0.006193518
2,000948,0,0.0018019447
2,000949,0,2.0417315e-06
2,000950,0,0.0012077448
2,000951,0,0.0029384939
2,000952,0,0.00026829782
2,000953,0,0.013246392
2,000954,0,2.9170826e-06
2,000955,0,8.361891e-05
2,000956,0,8.4826894e-07
2,000957,0,0.00039582263
2,000958,0,5.0791943e-05
2,000959,0,0.0026429687
2,000960,0,7.0433844e-06
2,000961,0,9.3913215e-05
2,000962,0,0.0551596
2,000963,0,0.003084525
2,000964,0,2.3893049e-06
2,000965,0,5.2953288e-05
2,000966,0,0.012225994
2,000967,0,0.013251111
2,000968,0,1.540158e-05
2,000969,0,0.004181249
2,000970,0,0.0606673
2,000971,0,0.00015657619
2,000972,0,0.042382322
2,000973,0,1.0282676e-05
2,000974,0,0.0027505844
2,000975,0,0.00015672586
2,000976,0,0.00034122006
2,000977,0,0.017894981
2,000978,0,0.020307967
2,000979,0,0.00038666598
2,000980,0,0.0001079437
2,000981,0,0.00012150725
2,000982,0,5.237823e-06
2,000983,0,0.0023017917
2,000984,0,0.003863872
2,000985,0,7.3260476e-06
2,000986,0,0.00013829785
2,000987,0,3.421735e-05
2,000988,0,0.00040329984
2,000989,0,0.00010379619
2,000990,0,0.058959655
2,000991,0,6.252622e-05
2,000992,0,0.0009734023
2,000993,0,0.00016237216
2,000994,0,0.011159662
2,000995,0,0.0001509672
2,000996,0,9.822999e-07
2,000997,0,2.457533e-05
2,000998,0,2.3243314e-07
2,000999,0,4.883938e-05
2,001000,0,0.0001303546
2,001001,0,6.5223117e-06
2,001002,0,8.908772e-05
2,001003,0,0.004371957
2,001004,0,0.00087231304
2,001005,0,0.013731848
2,001006,0,0.0008047298
2,001007,0,0.011072144
2,001008,0,2.8983903e-05
2,001009,0,0.003589316
2,001010,0,9.0073925e-05
2,001011,0,5.5426102e-05
2,001012,0,0.030906435
2,001013,0,0.0008404019
2,001014,0,0.00096761546
2,001016,0,0.014723916
2,001017,0,0.0034380269
2,001018,0,4.181118e-06
2,001019,0,2.4177429e-05
2,001020,0,5.50731e-05
2,001021,0,0.0058739083
2,001022,0,0.14441279
2,001023,0,0.0022765866
2,001024,0,0.011786421
2,001025,0,0.024264455
2,001026,0,0.43039683
2,001027,0,0.06285215
2,001028,0,8.938044e-05
2,001029,0,5.971969e-05
2,001030,0,0.011483516
2,001031,0,0.029379796
2,001032,0,0.00014219248
2,001033,0,0.014574776
2,001034,0,0.0035826508
2,001035,0,0.0014294996
2,001036,0,0.03741214
2,001037,0,0.00086829154
2,001038,0,7.940269e-05
2,001039,0,4.8768293e-06
2,001040,0,1.7386903e-05
2,001041,0,0.009298445
2,001042,0,0.000109515575
2,001043,0,1.4261411e-05
2,001044,0,0.00025794568
2,001045,0,5.4940858e-05
2,001046,0,0.029314552
2,001047,0,0.0046855104
2,001048,0,0.00016633734
2,001049,0,0.00045624087
2,001050,0,0.0012554415
2,001051,0,0.1128103
2,001052,0,0.03219626
2,001053,0,1.116978e-05
2,001054,0,0.003212611
2,001055,0,1.106006e-06
2,001056,0,0.0010489164
2,001057,0,0.005309432
2,001058,0,0.0024459846
2,001059,0,0.005763224
2,001060,0,0.0019017038
2,001061,0,2.9518053e-05
2,001062,0,5.989456e-07
2,001063,0,0.00021896488
2,001064,0,0.10765842
2,001065,0,4.86529e-06
2,001066,0,0.000115135095
2,001067,0,0.092748225
2,001068,0,0.00032814068
2,001069,0,0.001939113
2,001070,0,0.002493458
2,001071,0,0.00034110103
2,001072,0,0.00020713106
2,001073,0,5.5986915e-05
2,001074,0,0.0013927614
2,001075,0,1.0665828e-05
2,001076,0,2.4533614e-07
2,001077,0,0.0022880852
2,001078,0,1.4274732e-05
2,001079,0,0.010271486
2,001080,0,2.4815785e-05
2,001081,0,2.3452856e-05
2,001082,0,4.949269e-06
2,001083,0,0.00075385557
2,001084,0,0.0018613896
2,001085,0,0.0016418189
2,001086,0,0.008536829
2,001087,0,0.00037434086
2,001088,0,0.27609026
2,001089,0,0.00089730305
2,001090,0,9.993689e-05
2,001091,0,9.867386e-05
2,001092,0,0.00068063545
2,001093,0,0.0006016108
2,001094,0,0.0033953972
2,001095,0,0.0002862768
2,001096,0,0.23631144
2,001097,0,0.0007662899
2,001098,0,2.5820627e-05
2,001099,0,0.046346318
2,001100,0,0.17388992
2,001101,0,0.001897078
2,001102,0,2.0057567e-05
2,001103,0,0.00014251839
2,001104,0,0.00041825286
2,001105,0,0.01641774
2,001106,0,0.00037901694
2,001107,0,0.0033650433
2,001108,0,3.86614e-05
2,001109,0,0.005703635
2,001110,0,0.00645881
2,001111,0,1.7656325e-06
2,001112,0,6.618001e-05
2,001113,0,0.0004536192
2,001114,0,0.00012099665
2,001115,0,0.0016213523
2,001116,0,0.0010709495
2,001117,0,9.880257e-05
2,001118,0,0.00026263966
2,001119,0,2.5945005e-06
2,001120,0,0.0009846743
2,001121,0,0.57579
2,001122,0,0.0026061733
2,001124,0,6.343974e-05
2,001126,0,2.4263354e-05
2,001127,0,2.146629e-05
2,001128,0,0.0022274684
2,001129,0,0.0022742276
2,001130,0,4.2568913e-06
2,001131,0,0.00028962496
2,001132,0,0.0003045837
2,001133,0,0.008000822
2,001134,0,0.0003149402
2,001135,0,0.00030069432
2,001136,0,0.0011858733
2,001137,0,7.342241e-05
2,001138,0,2.2422348e-05
2,001139,0,1.7894696e-05
2,001140,0,0.00013354182
2,001141,0,1.1007323e-05
2,001142,0,0.00013452272
2,001143,0,0.004811154
2,001144,0,0.00014960156
2,001145,0,0.0004343261
2,001146,0,0.0002279094
2,001147,0,0.1374094
2,001148,0,0.00036664266
2,001149,0,0.00021275057
2,001150,0,0.0011687819
2,001151,0,0.022234315
2,001152,0,0.045979697
2,001153,0,0.0033462162
2,001154,0,0.00022981064
2,001155,0,0.0026528286
2,001156,0,0.006279899
2,001157,0,0.001727878
2,001159,0,0.00077959895
2,001160,0,1.345478e-05
2,001161,0,0.0071792467
2,001162,0,0.0003229974
2,001163,0,0.0040683444
2,001164,0,0.0020662793
2,001165,0,0.0029005706
2,001166,0,0.0013707464
2,001167,0,0.0048255203
2,001168,0,0.0034570324
2,001169,0,0.024252888
2,001170,0,0.00034610525
2,001171,0,4.0862924e-05
2,001172,0,0.00028754273
2,001173,0,4.6785495e-05
2,001174,0,3.5958806e-07
2,001175,0,0.00025098905
2,001177,0,0.00027955
2,001178,0,0.0006864615
2,001179,0,0.0032330898
2,001180,0,1.7865777e-05
2,001181,0,7.699024e-06
2,001182,0,1.5711696e-05
2,001183,0,0.00026154093
2,001184,0,2.7488466e-05
2,001185,0,9.499703e-05
2,001186,0,0.011971743
2,001187,0,6.500467e-05
2,001188,0,0.0025817684
2,001189,0,0.0076808445
2,001190,0,3.2628035e-05
2,001191,0,5.081166e-05
2,001192,0,0.03775715
2,001193,0,0.0031186205
2,001194,0,0.0016402986
2,001195,0,0.00040852383
2,001196,0,0.0048006475
2,001197,0,0.0009678058
2,001198,0,0.0044771386
2,001199,0,0.028102418
2,001200,0,6.646296e-05
2,001201,0,0.00014866742
2,001202,0,0.005189917
2,001203,0,0.0038815106
2,001204,0,0.009437921
2,001205,0,0.0024364684
2,001206,0,0.0012276004
2,001207,0,0.020488225
2,001208,0,1.6286355e-06
2,001209,0,0.00029302566
2,001210,0,0.0019235115
2,001211,0,0.0014557726
2,001212,0,0.02156264
2,001213,0,0.13777372
2,001214,0,0.22042781
2,001215,0,0.14038073
2,001216,0,0.09404446
2,001217,0,0.0017327714
2,001218,0,6.1549035e-05
2,001219,0,0.00020295
2,001220,0,0.0005407386
2,001221,0,0.00025481125
2,001222,0,0.00019812223
2,001223,0,2.63635e-05
2,001224,0,0.0031283516
2,001225,0,0.0034825106
2,001226,0,0.015647395
2,001227,0,0.0064925435
2,001228,0,3.8012302e-05
2,001229,0,7.1743794e-05
2,001230,0,0.09798435
2,001231,0,0.00076880195
2,001232,0,0.0014594571
2,001233,0,9.072545e-05
2,001234,0,0.0016387181
2,001235,0,0.00013547402
2,001236,0,0.00039601192
2,001237,0,4.7037985e-05
2,001238,0,0.001641582
2,001239,0,2.6743484e-05
2,001240,0,0.00012443723
2,001241,0,5.099019e-05
2,001242,0,0.00019150926
2,001243,0,0.00034634507
2,001244,0,0.02948685
2,001245,0,0.038802106
2,001246,0,0.15510654
2,001247,0,0.00027680345
2,001248,0,0.0002624439
2,001249,0,0.00038238577
2,001250,0,0.00016311485
2,001251,0,0.00018124882
2,001252,0,0.0010862874
2,001253,0,0.000100693745
2,001254,0,1.4211097e-05
2,001255,0,0.00012534445
2,001256,0,3.2711625e-05
2,001257,0,0.00036734345
2,001258,0,0.001531776
2,001259,0,0.00024769368
2,001260,0,0.0001720934
2,001261,0,5.7101657e-05
2,001262,0,0.0009423013
2,001263,0,0.00024438353
2,001264,0,3.1050673e-05
2,001265,0,9.79178e-06
2,001266,0,0.0037982191
2,001268,0,6.8765825e-05
2,001269,0,5.0968e-06
2,001270,0,0.001077148
2,001271,0,5.053409e-05
2,001272,0,0.0003127989
2,001273,0,0.00085848576
2,001274,0,7.948485e-06
2,001275,0,0.0016923831
2,001276,0,0.0059447484
2,001277,0,0.007298389
2,001278,0,0.0018157425
2,001279,0,0.0014624309
2,001280,0,0.0008030051
2,001281,0,0.0034251967
2,001282,0,0.00014736698
2,001283,0,5.345599e-05
2,001284,0,0.0005329799
2,001285,0,1.20201324e-08
2,001286,0,0.0006124513
2,001287,0,0.0003056935
2,001288,0,0.00012228345
2,001289,0,0.000490877
2,001290,0,2.2485325e-05
2,001291,0,0.00063841
2,001292,0,8.738017e-05
2,001293,0,0.0018333251
2,001294,0,0.0005373973
2,001295,0,0.019588314
2,001296,0,0.00012875433
2,001297,0,0.0006076924
2,001298,0,0.0001297211
2,001300,0,0.0013701408
2,001301,0,0.00051645073
2,001302,0,0.07580466
2,001303,0,1.2237676e-05
2,001304,0,0.006575671
2,001305,0,0.020126944
2,001306,0,0.004655154
2,001307,0,0.006278197
2,001308,0,6.951534e-05
2,001309,0,0.0005209042
2,001310,0,2.3827924e-05
2,001311,0,0.0010229684
2,001312,0,0.0003998766
2,001313,0,5.747407e-05
2,001314,0,0.0064344862
2,001315,0,0.0065204604
2,001316,0,0.00019448964
2,001317,0,0.00021229303
2,001318,0,0.000168946
2,001319,0,5.988027e-06
2,001320,0,0.0006314682
2,001321,0,0.0011813944
2,001322,0,0.006198331
2,001323,0,0.00055280974
2,001324,0,4.7950944e-06
2,001325,0,0.0001400389
2,001326,0,0.0025675003
2,001327,0,4.520588e-05
2,001328,0,0.0010524386
2,001329,0,0.0012909785
2,001330,0,2.341223e-05
2,001331,0,4.558337e-05
2,001332,0,0.0004555386
2,001333,0,0.025212506
2,001334,0,0.003538819
2,001335,0,0.00018553507
2,001336,0,0.024038048
2,001337,0,0.004032424
2,001338,0,1.5866302e-05
2,001339,0,7.418164e-05
2,001340,0,3.245286e-05
2,001341,0,0.0031408167
2,001342,0,4.550163e-05
2,001343,0,0.00025294043
2,001344,0,8.525474e-06
2,001345,0,0.0036319157
2,001346,0,0.000117573385
2,001347,0,1.321744e-05
2,001348,0,2.2714921e-05
2,001349,0,0.00093001744
2,001351,0,0.0020772605
2,001352,0,0.011842374
2,001353,0,0.004677516
2,001354,0,0.00055000134
2,001355,0,0.00039555068
2,001356,0,0.089550056
2,001357,0,0.00021858922
2,001358,0,0.016421407
2,001359,0,0.0016941492
2,001360,0,0.001997974
2,001361,0,4.1185485e-05
2,001362,0,0.0018406153
2,001363,0,0.0031312034
2,001364,0,8.551548e-06
2,001365,0,0.00063260697
2,001366,0,0.0003226613
2,001367,0,0.0006197716
2,001368,0,0.00023099822
2,001369,0,0.00023480156
2,001370,0,8.609017e-05
2,001371,0,0.0038254391
2,001372,0,0.00091280026
2,001373,0,4.805221e-05
2,001374,0,0.00032425465
2,001375,0,3.946535e-05
2,001376,0,0.005234666
2,001377,0,0.0034019172
2,001378,0,7.444994e-05
2,001379,0,0.001986265
2,001381,0,0.0030033148
2,001382,0,0.008898725
2,001383,0,0.0045318813
2,001384,0,4.236237e-06
2,001385,0,0.00034284015
2,001386,0,0.0033251434
2,001388,0,0.0011518587
2,001389,0,0.03956719
2,001390,0,0.004108963
2,001391,0,1.5867747e-06
2,001392,0,0.0029930738
2,001393,0,0.004929448
2,001394,0,0.0002549566
2,001395,0,8.726185e-05
2,001396,0,0.00017825652
2,001397,0,0.00306404
2,001398,0,0.21400756
2,001399,0,0.006768719
2,001400,0,0.014876438
2,001401,0,0.0028823016
2,001402,0,0.0014306171
2,001403,0,0.00015201491
2,001404,0,2.3986056e-05
2,001405,0,0.007757864
2,001406,0,0.00011788592
2,001407,0,0.0020228298
2,001409,0,0.00026901736
2,001410,0,0.0003514289
2,001411,0,6.4850996e-05
2,001412,0,0.026596429
2,001413,0,0.046548188
2,001414,0,8.025943e-07
2,001415,0,9.225005e-05
2,001416,0,0.00052928977
2,001417,0,0.0002657211
2,001418,0,0.0028681783
2,001419,0,0.00020538099
2,001420,0,1.9741212e-07
2,001421,0,3.0239853e-06
2,001422,0,0.009654429
2,001423,0,0.00012363319
2,001424,0,0.00067442056
2,001425,0,0.005426434
2,001426,0,0.010873258
2,001427,0,4.9060178e-05
2,001428,0,5.562206e-06
2,001429,0,1.8334376e-05
2,001430,0,0.0002211052
2,001431,0,0.00050868135
2,001432,0,0.004383783
2,001433,0,0.0047720056
2,001434,0,0.0036500285
2,001435,0,0.04818295
2,001436,0,0.00048716055
2,001438,0,8.160053e-05
2,001439,0,0.0007848839
2,001440,0,0.00092105445
2,001441,0,1.686215e-05
2,001442,0,0.012515786
2,001443,0,9.473215e-05
2,001444,0,0.002301726
2,001445,0,8.0106336e-05
2,001446,0,6.1198136e-07
2,001447,0,0.007489161
2,001448,0,5.7892237e-05
2,001449,0,0.00069296913
2,001450,0,0.027423391
2,001452,0,1.8194874e-05
2,001453,0,0.00017836838
2,001454,0,0.0002062757
2,001455,0,0.000114334456
2,001457,0,2.9132267e-05
2,001458,0,6.679361e-05
2,001459,0,1.3725737e-05
2,001460,0,7.710324e-06
2,001461,0,0.0029640798
2,001462,0,0.0021232995
2,001463,0,0.00095635216
2,001464,0,2.3576913e-05
2,001465,0,0.0040786243
2,001466,0,0.005650079
2,001467,0,0.0036339178
2,001468,0,7.814808e-06
2,001469,0,0.0025904065
2,001470,0,0.004647053
2,001471,0,0.00013286153
2,001472,0,0.06418054
2,001473,0,0.00032410416
2,001474,0,0.002238003
2,001475,0,0.00021702773
2,001476,0,4.721699e-05
2,001477,0,0.24759185
2,001478,0,0.00012996848
2,001479,0,0.0030038946
2,001480,0,0.00025265242
2,001481,0,0.005171569
2,001482,0,0.00083694275
2,001483,0,0.035811923
2,001484,0,1.0964117e-05
2,001485,0,0.0023073426
2,001486,0,0.01565951
2,001487,0,0.006996513
2,001488,0,0.0012286579
2,001489,0,0.0008181628
2,001490,0,6.495956e-05
2,001491,0,2.8282828e-05
2,001493,0,0.00036927
2,001494,0,0.0055927937
2,001495,0,0.0006322095
2,001496,0,7.261283e-05
2,001497,0,0.025483651
2,001498,0,0.0026018757
2,001499,0,7.494629e-05
2,001500,0,0.003257815
2,001501,0,4.139595e-05
2,001502,0,0.000100866724
2,001503,0,0.01510612
2,001504,0,0.00056723214
2,001505,0,0.0016595497
2,001506,0,4.405333e-05
2,001507,0,2.5455236e-05
2,001508,0,7.7863956e-07
2,001509,0,8.584629e-05
2,001510,0,0.029378505
2,001511,0,0.00064398476
2,001512,0,1.800018e-05
2,001513,0,0.0010436027
2,001514,0,0.0017984086
2,001515,0,0.0012450105
2,001516,0,0.020248517
2,001517,0,3.0366644e-07
2,001518,0,9.66512e-07
2,001519,0,4.0962805e-05
2,001520,0,0.00072982564
2,001521,0,0.00019526559
2,001522,0,0.082877494
2,001523,0,0.15195383
2,001524,0,4.576126e-07
2,001525,0,0.00069615466
2,001526,0,0.0016814219
2,001527,0,1.8946746e-05
2,001528,0,0.0001302655
2,001529,0,3.187366e-05
2,001530,0,1.8732969e-07
2,001531,0,0.00031444995
2,001532,0,0.0016726308
2,001533,0,0.0036681497
2,001534,0,8.532477e-05
2,001535,0,0.00931501
2,001536,0,0.002192131
2,001537,0,9.0386166e-05
2,001538,0,0.036618892
2,001539,0,0.00012297557
2,001540,0,0.06691503
2,001541,0,6.228235e-05
2,001542,0,0.004697699
2,001543,0,0.0084185125
2,001544,0,0.00014109576
2,001545,0,1.4419462e-06
2,001546,0,6.2929203e-06
2,001547,0,1.7237538e-05
2,001548,0,0.0025138657
2,001549,0,0.007850735
2,001550,0,0.0021456021
2,001551,0,0.0025043183
2,001552,0,9.157953e-06
2,001553,0,7.116896e-05
2,001554,0,0.0043338677
2,001555,0,0.0063879546
2,001556,0,0.006295138
2,001557,0,0.018259631
2,001558,0,7.8669436e-05
2,001559,0,0.0009820941
2,001560,0,0.009758012
2,001561,0,0.0039478396
2,001562,0,0.012956957
2,001563,0,0.0006053734
2,001564,0,2.0013926e-05
2,001565,0,0.009245531
2,001566,0,0.00023457175
2,001567,0,0.008239156
2,001568,0,1.5579975e-05
2,001569,0,9.339164e-06
2,001570,0,0.00023636468
2,001571,0,0.0003477734
2,001572,0,0.00046980762
2,001573,0,3.0865387e-05
2,001574,0,0.00019796759
2,001575,0,0.077287294
2,001576,0,0.004718618
2,001577,0,0.00073044904
2,001578,0,3.583453e-05
2,001579,0,0.010006483
2,001580,0,0.051798593
2,001581,0,0.0030055046
2,001582,0,0.009498428
2,001583,0,0.03669045
2,001584,0,3.5037552e-05
2,001585,0,0.00037372168
2,001586,0,0.0042822305
2,001587,0,0.06250399
2,001588,0,0.00011419684
2,001589,0,0.0053154235
2,001590,0,0.024845349
2,001591,0,5.9417653e-05
2,001592,0,0.0004464017
2,001593,0,0.00015111007
2,001594,0,0.27667785
2,001595,0,0.0030909744
2,001596,0,0.0010473377
2,001597,0,0.0004449263
2,001598,0,0.000114151335
2,001599,0,0.003998783
2,001600,0,0.0002257691
2,001601,0,0.00010062012
2,001602,0,0.012962544
2,001603,0,2.2012251e-05
2,001604,0,2.3299837e-05
2,001605,0,0.005995818
2,001606,0,0.0003409838
2,001607,0,0.00035882503
2,001608,0,1.0391509e-05
2,001609,0,0.00044550456
2,001610,0,0.00051415374
2,001611,0,4.9343296e-05
2,001612,0,0.00019210309
2,001613,0,1.6674558e-05
2,001614,0,7.049842e-05
2,001615,0,0.00011917929
2,001616,0,0.00013284317
2,001617,0,0.000336043
2,001618,0,2.6247308e-06
2,001619,0,0.00049862283
2,001620,0,3.2942185e-05
2,001621,0,0.019726854
2,001622,0,0.48556224
2,001623,0,7.2066694e-05
2,001624,0,0.00086365064
2,001625,0,0.031214293
2,001626,0,0.00633076
2,001627,0,6.469423e-05
2,001628,0,5.6898316e-06
2,001629,0,0.00035670665
2,001630,0,0.06921001
2,001631,0,0.00031469288
2,001632,0,0.0015130803
2,001633,0,0.028476803
2,001634,0,0.0016823041
2,001635,0,4.8343893e-05
2,001636,0,1.3403667e-05
2,001637,0,0.0001645511
2,001638,0,0.0013474977
2,001639,0,0.00010008491
2,001640,0,0.00035882948
2,001641,0,0.00024307266
2,001642,0,0.00078188896
2,001643,0,0.00031103395
2,001644,0,0.00012084204
2,001645,0,0.0009126459
2,001646,0,0.001205224
2,001647,0,0.00013432904
2,001648,0,8.14504e-05
2,001649,0,0.08488202
2,001650,0,0.0009305962
2,001651,0,0.00014026703
2,001652,0,3.8286084e-06
2,001653,0,0.00041679337
2,001654,0,0.00036296807
2,001655,0,3.6517973e-05
2,001656,0,1.0826374e-05
2,001657,0,0.0008896971
2,001658,0,0.000829386
2,001659,0,0.026067572
2,001660,0,0.03894588
2,001661,0,0.021169843
2,001662,0,0.000994082
2,001663,0,1.5595599e-05
2,001664,0,1.665107e-05
2,001665,0,0.00034049785
2,001666,0,0.0019224086
2,001667,0,0.00014189152
2,001668,0,1.5879623e-05
2,001669,0,5.4050863e-05
2,001670,0,0.079720475
2,001671,0,7.346816e-07
2,001672,0,0.033834323
2,001673,0,6.9819644e-06
2,001674,0,5.93767e-05
2,001675,0,0.0012012578
2,001676,0,2.8794746e-05
2,001677,0,0.0012039698
2,001678,0,0.004450718
2,001679,0,0.0019272785
2,001680,0,0.0026328934
2,001681,0,0.0005901325
2,001682,0,8.0367325e-05
2,001683,0,8.181768e-05
2,001684,0,1.2806537e-05
2,001685,0,0.0009400921
2,001686,0,0.00046512304
2,001687,0,0.0004791805
2,001688,0,0.00032428806
2,001689,0,0.0005273163
2,001690,0,3.896097e-05
2,001691,0,0.0012999685
2,001692,0,0.0013141787
2,001693,0,0.0043793586
2,001694,0,7.226123e-05
2,001695,0,0.0119155105
2,001696,0,0.0035520871
2,001697,0,0.00023152785
2,001698,0,0.00051573716
2,001699,0,0.004706534
2,001700,0,0.00064292445
2,001701,0,0.00044577534
2,001702,0,0.02229964
2,001703,0,0.00010628029
2,001704,0,5.3878568e-05
2,001705,0,0.00094508624
2,001706,0,0.00036801115
2,001707,0,0.0032552907
2,001708,0,2.5411466e-06
2,001709,0,0.00013809532
2,001710,0,0.0010582897
2,001711,0,0.00035800412
2,001712,0,0.00022946054
2,001713,0,0.076142125
2,001714,0,0.6049366
2,001716,0,0.0057747434
2,001717,0,0.004281785
2,001718,0,0.0003180723
2,001719,0,0.0021972195
2,001720,0,0.0015347828
2,001721,0,0.010053859
2,001722,0,0.00016508464
2,001723,0,0.0011132965
2,001724,0,1.0546265e-05
2,001725,0,0.2825586
2,001726,0,0.0007863539
2,001727,0,0.00019082245
2,001728,0,0.00012617429
2,001729,0,0.00032385797
2,001730,0,4.0784285e-05
2,001731,0,2.364511e-06
2,001732,0,0.0044859117
2,001733,0,0.007105556
2,001734,0,0.00038035217
2,001735,0,0.00013307543
2,001736,0,0.014200882
2,001737,0,0.0008263706
2,001738,0,5.4302986e-05
2,001739,0,0.019081807
2,001740,0,0.0016422957
2,001741,0,0.0053523416
2,001742,0,5.225187e-05
2,001743,0,0.004377587
2,001744,0,0.0011784992
2,001745,0,0.013389347
2,001746,0,0.0003866157
2,001747,0,4.408876e-05
2,001748,0,8.324402e-05
2,001749,0,7.689594e-05
2,001751,0,0.0005312187
2,001752,0,0.0037041898
2,001754,0,1.6192662e-05
2,001755,0,0.00039579434
2,001756,0,2.148835e-05
2,001757,0,0.0027849677
2,001758,0,6.2462634e-05
2,001759,0,0.0021192844
2,001760,0,0.00029475556
2,001761,0,0.0009194941
2,001762,0,0.00014892977
2,001763,0,0.00021784246
2,001764,0,0.80357194
2,001765,0,0.0011045466
2,001766,0,3.112339e-06
2,001767,0,0.00012527622
2,001768,0,0.0008088344
2,001769,0,0.00057698094
2,001770,0,0.07568325
2,001771,0,2.2072643e-05
2,001772,0,0.0111593045
2,001773,0,2.84869e-05
2,001774,0,0.1556816
2,001775,0,0.02044857
2,001776,0,2.1947271e-05
2,001777,0,1.9098969e-05
2,001778,0,0.00010096334
2,001779,0,0.00016988245
2,001780,0,0.00050829456
2,001781,0,0.016646584
2,001782,0,0.003957209
2,001783,0,0.00032281544
2,001784,0,0.00029738262
2,001785,0,9.016627e-06
2,001786,0,0.0036672072
2,001787,0,0.07267601
2,001788,0,0.004603435
2,001789,0,0.0006605331
2,001790,0,0.0011712288
2,001791,0,0.029229265
2,001792,0,6.069972e-05
2,001793,0,4.83261e-05
2,001794,0,6.214507e-05
2,001795,0,3.5127368e-06
2,001796,0,2.8726054e-06
2,001797,0,0.002287244
2,001798,0,0.0035079997
2,001799,0,0.00076813594
2,001800,0,0.012070861
2,001801,0,0.00062276836
2,001802,0,1.539086e-06
2,001803,0,0.00012854493
2,001804,0,0.0014757625
2,001805,0,4.4104825e-05
2,001806,0,0.0028760305
2,001807,0,0.0014172223
2,001808,0,0.0014900138
2,001809,0,0.00014559383
2,001810,0,0.00036151233
2,001811,0,1.1575919e-06
2,001812,0,0.0007876506
2,001813,0,0.00048048134
2,001814,0,1.0090325e-05
2,001815,0,0.00038072965
2,001816,0,0.0065791765
2,001817,0,1.4620658e-05
2,001818,0,0.00033681167
2,001819,0,0.0011910695
2,001820,0,0.00029364007
2,001821,0,0.009959652
2,001822,0,0.0020150517
2,001823,0,0.00036417824
2,001824,0,0.00040921583
2,001825,0,0.0012161857
2,001826,0,7.641311e-06
2,001827,0,0.0010604439
2,001828,0,0.0010062084
2,001829,0,0.03768533
2,001830,0,3.645555e-05
2,001831,0,5.0037248e-05
2,001832,0,0.00027051655
2,001833,0,0.003519137
2,001834,0,1.0783477e-05
2,001835,0,0.03666304
2,001836,0,0.00018094527
2,001837,0,0.057047565
2,001838,0,0.0027152463
2,001839,0,0.03475315
2,001840,0,0.096046895
2,001841,0,0.056103766
2,001842,0,0.12910745
2,001843,0,0.00048690452
2,001844,0,0.00019577323
2,001845,0,0.000108274304
2,001846,0,0.020572355
2,001847,0,3.075868e-06
2,001848,0,0.024522346
2,001849,0,0.00042955758
2,001850,0,0.0006807587
2,001851,0,0.005500576
2,001852,0,0.0010509439
2,001853,0,0.0007691196
2,001854,0,0.00013147773
2,001855,0,0.00010788359
2,001856,0,0.00020757965
2,001857,0,4.584104e-05
2,001858,0,0.004640128
2,001859,0,0.00030354183
2,001860,0,0.00010345873
2,001861,0,1.2054962e-05
2,001862,0,1.378238e-06
2,001863,0,0.0009013428
2,001864,0,0.00014584296
2,001865,0,0.0071809837
2,001866,0,0.0021106848
2,001867,0,0.0007767662
2,001868,0,0.00025325993
2,001869,0,0.004235479
2,001870,0,2.0476225e-05
2,001871,0,0.00073495763
2,001872,0,0.00040846912
2,001873,0,0.0009336563
2,001875,0,9.8001045e-05
2,001876,0,0.00028114626
2,001877,0,0.0012305147
2,001878,0,0.00019300162
2,001879,0,7.448639e-07
2,001880,0,1.153161e-05
2,001881,0,0.0024986952
2,001882,0,0.0021670288
2,001883,0,0.004425419
2,001884,0,0.0009089811
2,001885,0,0.000389026
2,001886,0,0.00051138876
2,001887,0,0.00012861923
2,001888,0,0.00012556168
2,001889,0,0.14050339
2,001890,0,0.00046869295
2,001891,0,3.5237936e-05
2,001892,0,2.6905539e-06
2,001893,0,5.9344916e-06
2,001894,0,0.03153949
2,001895,0,0.0037319935
2,001896,0,0.00061312586
2,001897,0,0.00030332137
2,001898,0,1.2369476e-05
2,001899,0,0.07801116
2,001900,0,0.0035965336
2,001901,0,0.001531445
2,001902,0,8.328705e-05
2,001903,0,0.004516286
2,001904,0,0.00028220864
2,001905,0,2.3900386e-05
2,001906,0,0.0003228028
2,001907,0,0.00012351913
2,001908,0,0.0059961476
2,001909,0,2.4831834e-05
2,001910,0,0.0004591052
2,001911,0,0.004426102
2,001912,0,3.7918434e-07
2,001913,0,0.0014547616
2,001914,0,5.0174094e-05
2,001915,0,1.4380817e-05
2,001916,0,0.00066855544
2,001917,0,0.0027561188
2,001918,0,0.0032139947
2,001919,0,0.00044757625
2,001920,0,0.009681223
2,001921,0,0.00011955343
2,001922,0,1.2464093e-06
2,001923,0,0.0033735908
2,001924,0,1.8949258e-05
2,001925,0,0.00022115413
2,001926,0,0.05474673
2,001927,0,0.0039206906
2,001928,0,3.1869982e-05
2,001929,0,1.6140073e-05
2,001930,0,0.0004285874
2,001931,0,0.00030699582
2,001932,0,4.4088214e-05
2,001933,0,0.007777074
2,001934,0,0.0009434386
2,001935,0,0.008875155
2,001936,0,4.1293692e-06
2,001937,0,0.038865287
2,001938,0,0.0021955508
2,001939,0,8.806054e-06
2,001940,0,0.03243304
2,001941,0,0.0014277671
2,001942,0,0.0015902475
2,001943,0,0.0030277674
2,001944,0,2.525318e-06
2,001945,0,8.8680456e-05
2,001946,0,0.0032308656
2,001947,0,1.5799851e-05
2,001948,0,0.0003492869
2,001949,0,0.00025388005
2,001950,0,0.0073376186
2,001952,0,0.00038760452
2,001953,0,0.0024131222
2,001954,0,0.009308539
2,001955,0,0.001310753
2,001956,0,0.00020320248
2,001957,0,0.00023977166
2,001958,0,0.00061261124
2,001959,0,0.002838308
2,001960,0,2.730092e-06
2,001961,0,6.5591385e-06
2,001962,0,0.001442006
2,001963,0,0.0011816421
2,001964,0,0.002028477
2,001965,0,0.011786826
2,001966,0,0.00052563596
2,001967,0,6.267678e-05
2,001968,0,0.00092138664
2,001969,0,0.00013639482
2,001970,0,0.0005608717
2,001971,0,0.0008090232
2,001973,0,0.0041355095
2,001974,0,1.2316719e-05
2,001975,0,0.00012958374
2,001976,0,0.0023163767
2,001977,0,3.0971387e-05
2,001978,0,0.0006255127
2,001979,0,0.011823919
2,001980,0,8.487031e-06
2,001981,0,0.00017039996
2,001982,0,0.003953358
2,001983,0,0.0017805268
2,001984,0,0.006823441
2,001985,0,2.7402748e-05
2,001986,0,0.0056450684
2,001987,0,8.9874615e-05
2,001988,0,0.13840802
2,001989,0,0.017961137
2,001991,0,0.0013922852
2,001992,0,6.158796e-05
2,001993,0,0.041099627
2,001994,0,3.2265485e-05
2,001995,0,0.00010581744
2,001996,0,0.0065240045
2,001997,0,8.431978e-06
2,001998,0,3.377096e-05
2,001999,0,0.087443754
2,002000,0,9.846711e-06
2,002001,0,0.0013310728
2,002002,0,0.0007254688
2,002003,0,1.4332309e-05
2,002004,0,9.8222125e-05
2,002005,0,9.3320894e-05
2,002006,0,6.6143664e-05
2,002007,0,7.4379027e-06
2,002008,0,3.841281e-06
2,002009,0,0.01721895
2,002010,0,0.0002983058
2,002011,0,0.0012634794
2,002012,0,0.0004432774
2,002013,0,1.782524e-05
2,002014,0,1.1780825e-07
2,002015,0,0.0022401582
2,002016,0,0.0005128588
2,002017,0,0.0005311506
2,002018,0,2.5165686e-05
2,002019,0,0.006120504
2,002021,0,0.001641007
2,002022,0,0.021958312
2,002023,0,0.027409317
2,002024,0,0.0017433255
2,002025,0,0.0032667583
2,002026,0,0.15049332
2,002027,0,0.00085363147
2,002028,0,0.0033873664
2,002029,0,0.0023536605
2,002030,0,0.00016485467
2,002031,0,0.0055943
2,002032,0,0.006734797
2,002033,0,0.00052017876
2,002034,0,0.0029054333
2,002036,0,0.001243024
2,002037,0,6.586157e-05
2,002038,0,0.024329998
2,002039,0,0.0059835594
2,002040,0,0.0039135762
2,002041,0,0.00046459664
2,002042,0,4.527107e-05
2,002043,0,0.0002898708
2,002044,0,4.9758408e-05
2,002045,0,0.006148474
2,002047,0,0.0007001828
2,002048,0,8.00425e-05
2,002049,0,0.0016499
2,002050,0,6.8966125e-05
2,002051,0,0.0005189815
2,002052,0,0.052440535
2,002053,0,0.0070492844
2,002054,0,5.525812e-05
2,002055,0,0.00023298032
2,002056,0,0.00017174701
2,002057,0,0.0004815244
2,002058,0,5.5266155e-06
2,002059,0,7.096443e-05
2,002060,0,3.3687713e-05
2,002061,0,0.00026159055
2,002062,0,0.0005335248
2,002063,0,1.3780392e-07
2,002064,0,1.2145836e-05
2,002065,0,0.00079610274
2,002066,0,1.0418628e-05
2,002067,0,5.161647e-06
2,002068,0,0.0015731414
2,002069,0,0.00035256648
2,002070,0,0.000693852
2,002071,0,0.003500929
2,002072,0,0.0001137686
2,002073,0,0.00057409465
2,002074,0,0.014677593
2,002075,0,0.30187175
2,002076,0,0.00035277696
2,002077,0,0.0011148427
2,002078,0,8.0065554e-05
2,002079,0,0.00011720835
2,002080,0,0.0003564369
2,002081,0,0.0017304568
2,002082,0,0.0012981527
2,002083,0,1.0958545e-05
2,002084,0,0.0025957983
2,002085,0,0.0002885231
2,002086,0,0.0026397111
2,002087,0,0.0035601703
2,002088,0,0.0011299982
2,002089,0,0.0011784435
2,002090,0,0.0020581393
2,002091,0,9.6517615e-05
2,002092,0,2.119392e-05
2,002093,0,0.0015031791
2,002094,0,0.027451195
2,002095,0,5.5806107e-05
2,002096,0,0.00012877226
2,002097,0,0.0005563452
2,002098,0,0.0017769242
2,002099,0,0.003649498
2,002100,0,0.010422921
2,002101,0,0.0010931044
2,002102,0,0.00041126253
2,002103,0,0.0014708472
2,002104,0,0.5795488
2,002105,0,0.00090252707
2,002106,0,0.17906444
2,002107,0,0.00013756251
2,002108,0,0.00013475998
2,002109,0,0.00047515583
2,002110,0,0.007322373
2,002111,0,0.00239259
2,002112,0,1.4447583e-05
2,002113,0,0.003298391
2,002114,0,4.4977976e-05
2,002115,0,0.0037471822
2,002116,0,0.0013691416
2,002117,0,0.0005060112
2,002118,0,0.0022979348
2,002119,0,0.0018843039
2,002120,0,1.3177403e-06
2,002121,0,0.0012706969
2,002122,0,7.700308e-05
2,002123,0,0.0234458
2,002124,0,6.0983202e-06
2,002125,0,0.012465957
2,002126,0,3.094227e-06
2,002127,0,0.016016772
2,002128,0,3.5828485e-05
2,002129,0,0.00059851044
2,002130,0,7.33383e-05
2,002131,0,0.01128858
2,002132,0,0.000115517025
2,002133,0,1.3033416e-05
2,002134,0,4.1968738e-06
2,002135,0,3.8266244e-05
2,002136,0,0.0009981699
2,002137,0,0.0009801787
2,002138,0,6.184274e-05
2,002139,0,0.020881014
2,002140,0,0.099874645
2,002141,0,9.307173e-06
2,002142,0,1.3614655e-06
2,002143,0,0.00014855222
2,002144,0,8.9272595e-05
2,002146,0,0.0021980926
2,002147,0,0.00089149654
2,002148,0,5.4660326e-05
2,002149,0,0.30601454
2,002150,0,0.00059090636
2,002151,0,3.7954636e-05
2,002152,0,0.0022245126
2,002153,0,0.010248176
2,002154,0,0.00086760684
2,002155,0,0.00022279967
2,002156,0,0.06685583
2,002157,0,0.0038304252
2,002160,0,0.0001535356
2,002161,0,0.003759687
2,002162,0,0.0035890262
2,002163,0,0.00069610757
2,002164,0,0.00017316693
2,002165,0,0.005319507
2,002166,0,0.000601148
2,002167,0,3.6946694e-05
2,002168,0,0.0007790613
2,002170,0,0.0002865616
2,002171,0,0.00087890244
2,002172,0,1.5119527e-05
2,002173,0,1.7779017e-07
2,002174,0,6.460422e-05
2,002175,0,0.592412
2,002176,0,0.000102525155
2,002177,0,0.0001106212
2,002178,0,0.0017711502
2,002179,0,0.1379294
2,002180,0,3.0025683e-05
2,002181,0,0.00017628397
2,002182,0,0.00012068359
2,002183,0,0.0019172262
2,002184,0,0.0002681099
2,002185,0,0.0025036002
2,002186,0,0.002399971
2,002187,0,0.0011121066
2,002188,0,0.00016367166
2,002189,0,0.0016798337
2,002190,0,0.000130288
2,002191,0,0.0024171108
2,002192,0,0.041603524
2,002193,0,0.24703497
2,002194,0,0.000777042
2,002195,0,0.0007809794
2,002196,0,5.3793192e-05
2,002197,0,3.149137e-05
2,002198,0,0.0017330502
2,002200,0,1.0789614e-06
2,002201,0,0.014733548
2,002202,0,0.00020953677
2,002203,0,0.40921476
2,002204,0,7.985366e-05
2,002205,0,6.5230764e-05
2,002206,0,6.1154475e-05
2,002207,0,0.0023539818
2,002208,0,6.793175e-05
2,002209,0,6.2336956e-05
2,002210,0,0.00979221
2,002211,0,4.7031124e-05
2,002212,0,2.780396e-06
2,002213,0,6.07651e-05
2,002214,0,0.00423987
2,002215,0,0.00045378465
2,002216,0,2.0966994e-05
2,002217,0,0.0042117704
2,002218,0,0.003844362
2,002219,0,1.409732e-05
2,002220,0,1.0590177e-05
2,002221,0,3.0512036e-05
2,002222,0,0.0027417722
2,002223,0,0.0029003792
2,002224,0,0.0001462662
2,002226,0,0.003793122
2,002227,0,0.01054106
2,002228,0,0.008279855
2,002229,0,0.0055675698
2,002230,0,0.012402536
2,002231,0,0.0023717857
2,002232,0,1.462953e-05
2,002233,0,0.0003038409
2,002234,0,0.009792786
2,002235,0,2.6760017e-05
2,002236,0,0.025965929
2,002237,0,0.0038544168
2,002238,0,8.269754e-05
2,002239,0,0.00025891868
2,002240,0,0.0037050308
2,002241,0,0.00034554116
2,002242,0,2.7233518e-06
2,002243,0,0.00014935427
2,002244,0,0.06542547
2,002245,0,0.0011598483
2,002246,0,0.00011784074
2,002247,0,0.0007970721
2,002248,0,0.00010260339
2,002249,0,3.497963e-05
2,002250,0,0.0008452534
2,002251,0,0.006098964
2,002252,0,0.003456247
2,002253,0,5.529707e-05
2,002254,0,4.6667497e-05
2,002255,0,4.3447042e-05
2,002256,0,0.00035613036
2,002257,0,0.024063585
2,002258,0,0.00023277203
2,002259,0,1.429462e-06
2,002260,0,0.0002172652
2,002261,0,0.00049301767
2,002262,0,0.0021975061
2,002263,0,1.505349e-05
2,002264,0,0.00047022855
2,002265,0,6.712898e-05
2,002266,0,4.790459e-06
2,002267,0,1.6017511e-05
2,002268,0,0.00019930243
2,002269,0,0.004777963
2,002270,0,2.7460518e-07
2,002271,0,0.00026241416
2,002272,0,0.0076112086
2,002273,0,0.0017058166
2,002274,0,0.0021036551
2,002275,0,0.006923649
2,002276,0,0.0003304358
2,002277,0,0.00023235806
2,002278,0,0.00028618184
2,002279,0,8.510773e-05
2,002280,0,0.00012756161
2,002281,0,0.010325882
2,002282,0,8.110565e-06
2,002283,0,0.0027450246
2,002284,0,0.06372805
2,002285,0,0.0003954962
2,002286,0,0.000178366
2,002287,0,0.024776133
2,002288,0,3.940593e-05
2,002289,0,0.00030159985
2,002290,0,3.133099e-05
2,002291,0,0.0053223134
2,002292,0,0.0027033172
2,002293,0,8.10799e-05
2,002294,0,0.004367144
2,002295,0,0.0010800271
2,002296,0,0.0011238037
2,002297,0,0.008933124
2,002298,0,0.0032972845
2,002299,0,0.00041748286
2,002300,0,0.011565549
2,002301,0,0.0024330358
2,002302,0,0.00018877801
2,002304,0,0.0012038128
2,002305,0,0.013350399
2,002306,0,0.004689228
2,002307,0,0.00027499555
2,002308,0,0.00012042816
2,002309,0,0.00010926263
2,002310,0,5.959947e-05
2,002311,0,0.0003763
2,002312,0,0.2026865
2,002313,0,0.00015530294
2,002314,0,1.3332277e-06
2,002315,0,0.00047760387
2,002316,0,0.00044869183
2,002317,0,3.96982e-06
2,002318,0,3.5877692e-06
2,002319,0,7.642659e-06
2,002320,0,7.336641e-05
2,002321,0,1.2520822e-05
2,002322,0,0.03208203
2,002323,0,0.0022740762
2,002324,0,0.00035592247
2,002325,0,3.6024333e-06
2,002326,0,0.007751263
2,002327,0,0.00025926848
2,002328,0,0.018969338
2,002329,0,0.00026580293
2,002330,0,0.010289423
2,002331,0,0.00013768364
2,002332,0,0.0018918135
2,002333,0,0.0004272926
2,002334,0,2.5002852e-05
2,002335,0,0.000161894
2,002338,0,5.7335244e-05
2,002339,0,0.0004494142
2,002340,0,0.008933757
2,002341,0,0.0004280866
2,002342,0,0.00020839948
2,002343,0,0.0063402317
2,002344,0,0.0016305939
2,002346,0,1.8994562e-05
2,002347,0,0.010429199
2,002348,0,4.4350136e-06
2,002349,0,8.376016e-05
2,002350,0,0.0005454435
2,002351,0,5.7441688e-05
2,002352,0,0.001026103
2,002353,0,8.745636e-05
2,002354,0,0.00034824404
2,002355,0,0.0007641908
2,002356,0,0.00061576144
2,002357,0,0.0001265892
2,002358,0,0.0003105566
2,002359,0,0.0021140238
2,002360,0,0.022546545
2,002361,0,0.00023996834
2,002362,0,0.000491215
2,002363,0,0.0021518592
2,002364,0,0.00047275462
2,002365,0,1.052898e-05
2,002366,0,4.0226205e-05
2,002367,0,0.00045633354
2,002368,0,0.12517011
2,002369,0,5.6379475e-05
2,002370,0,5.1549473e-06
2,002371,0,0.00090864854
2,002372,0,0.00032087287
2,002373,0,0.00030948312
2,002374,0,0.00094470097
2,002375,0,0.00031365684
2,002376,0,0.0006512375
2,002377,0,0.00022624187
2,002378,0,2.4339111e-05
2,002379,0,0.00012827726
2,002380,0,0.00010453202
2,002381,0,0.003928531
2,002382,0,0.010353137
2,002383,0,0.0009891188
2,002384,0,0.0018155253
2,002385,0,0.00016091732
2,002386,0,0.00049979036
2,002387,0,0.0005728342
2,002388,0,0.00042068868
2,002389,0,0.000106950465
2,002390,0,0.00017550158
2,002391,0,0.000653552
2,002392,0,1.2500837e-07
2,002393,0,0.0039604264
2,002394,0,5.7968147e-05
2,002395,0,0.0063429475
2,002396,0,8.4033934e-05
2,002397,0,1.6785363e-05
2,002399,0,0.00044992147
2,002400,0,0.0051217703
2,002401,0,0.0005060922
2,002402,0,0.2313529
2,002403,0,0.0008219398
2,002404,0,1.3630439e-06
2,002405,0,0.00016869746
2,002406,0,0.00058324175
2,002407,0,0.00029500606
2,002408,0,7.457465e-05
2,002409,0,0.006027
2,002410,0,8.801075e-06
2,002411,0,0.0024126032
2,002412,0,0.00027855844
2,002413,0,0.012556337
2,002414,0,4.8220634e-05
2,002415,0,0.016481906
2,002416,0,0.0010772711
2,002417,0,3.7001664e-05
2,002418,0,0.030398067
2,002419,0,0.00029157792
2,002420,0,0.0003301055
2,002421,0,0.00096359965
2,002422,0,0.0002885858
2,002423,0,0.83193904
2,002424,0,0.00034114052
2,002425,0,0.0011759144
2,002426,0,0.0002774751
2,002427,0,3.827546e-06
2,002428,0,4.248781e-05
2,002429,0,0.0015091958
2,002430,0,0.00075306284
2,002431,0,0.00021102466
2,002432,0,0.0001410834
2,002433,0,0.000704605
2,002434,0,2.6313515e-05
2,002435,0,0.001152582
2,002436,0,0.012549901
2,002437,0,0.0032289592
2,002438,0,1.9043151e-05
2,002439,0,2.8863935e-06
2,002440,0,0.00016598908
2,002441,0,0.004573189
2,002442,0,0.022694498
2,002443,0,0.0021627387
2,002444,0,0.013201579
2,002445,0,0.00014069433
2,002446,0,0.0003664508
2,002447,0,2.353212e-05
2,002448,0,0.0004574853
2,002449,0,0.0013606683
2,002450,0,9.488675e-05
2,002451,0,0.07270861
2,002452,0,2.8441647e-05
2,002453,0,0.00014840384
2,002454,0,0.0004316568
2,002455,0,0.011581674
2,002456,0,0.008139547
2,002457,0,0.02007425
2,002458,0,0.00016995666
2,002459,0,0.0047768
2,002460,0,0.00024086506
2,002461,0,0.00043369722
2,002462,0,0.0041714446
2,002463,0,0.0042055054
2,002464,0,0.004495291
2,002465,0,0.003008864
2,002466,0,0.0010289478
2,002467,0,8.029333e-05
2,002468,0,1.10724295e-05
2,002470,0,0.0009353319
2,002471,0,0.0013759094
2,002472,0,0.0001462729
2,002473,0,0.0017935289
2,002474,0,0.0030000769
2,002475,0,0.02466201
2,002476,0,0.00027013614
2,002477,0,0.06327003
2,002478,0,1.8928975e-05
2,002479,0,0.0011183758
2,002480,0,0.021707036
2,002481,0,0.00029424287
2,002482,0,2.6158841e-05
2,002483,0,0.00030756005
2,002484,0,0.00015581305
2,002485,0,2.0216728e-05
2,002486,0,0.0012842036
2,002487,0,1.8413381e-06
2,002488,0,0.0016873667
2,002489,0,1.43813795e-05
2,002490,0,2.0776946e-05
2,002491,0,4.687731e-05
2,002492,0,0.0055307727
2,002493,0,0.0031938006
2,002494,0,0.06754369
2,002495,0,3.361823e-05
2,002496,0,0.02057923
2,002497,0,0.0016566995
2,002498,0,0.0012690859
2,002499,0,0.0015561634
2,002501,0,5.062604e-06
2,002502,0,2.298572e-05
2,002503,0,0.00087885436
2,002504,0,0.0006590934
2,002505,0,0.3278675
2,002506,0,0.0006358463
2,002507,0,0.00083704485
2,002508,0,0.0026402548
2,002509,0,0.0003309882
2,002510,0,2.843983e-05
2,002511,0,0.00400105
2,002512,0,1.4580629e-06
2,002513,0,0.0006806072
2,002514,0,0.7358378
2,002515,0,4.8280817e-05
2,002516,0,0.0042365007
2,002517,0,0.023681682
2,002518,0,0.0031294553
2,002519,0,0.0014260196
2,002520,0,0.0010073219
2,002521,0,0.00026320395
2,002522,0,0.00034703963
2,002523,0,0.08425165
2,002524,0,0.0024050681
2,002525,0,5.865085e-05
2,002526,0,0.06757828
2,002527,0,0.0017179634
2,002528,0,7.551396e-05
2,002529,0,7.201425e-07
2,002530,0,3.6437476e-05
2,002531,0,6.728183e-05
2,002532,0,8.242618e-06
2,002533,0,0.0017430834
2,002534,0,5.668113e-07
2,002535,0,6.164929e-06
2,002536,0,0.0007513758
2,002537,0,9.800011e-06
2,002538,0,9.4945855e-05
2,002539,0,0.0028165528
2,002540,0,5.689907e-05
2,002541,0,3.7780255e-06
2,002542,0,0.0006800762
2,002543,0,6.875251e-05
2,002544,0,0.010510409
2,002545,0,0.0026480376
2,002546,0,0.07538508
2,002547,0,1.4636213e-05
2,002548,0,0.00151216
2,002549,0,0.00065911503
2,002550,0,5.6975194e-05
2,002551,0,0.008463295
2,002552,0,0.00023479217
2,002553,0,9.201327e-05
2,002554,0,0.037194423
2,002555,0,6.272468e-05
2,002556,0,0.0004135346
2,002557,0,0.0005767769
2,002558,0,0.02373512
2,002559,0,0.00024517538
2,002560,0,0.07104627
2,002561,0,1.7301225e-05
2,002562,0,9.9641715e-05
2,002564,0,0.00030021538
2,002566,0,0.00085316476
2,002567,0,0.008203899
2,002568,0,0.00018795255
2,002569,0,1.6878614e-06
2,002570,0,1.4400402e-05
2,002571,0,0.007702551
2,002572,0,0.0039024502
2,002573,0,0.001979895
2,002574,0,0.0012778316
2,002575,0,0.005388407
2,002576,0,6.183206e-05
2,002577,0,0.0013135744
2,002578,0,5.264139e-06
2,002579,0,0.0001920172
2,002580,0,0.0014721922
2,002581,0,0.00029159794
2,002582,0,0.005602872
2,002583,0,0.00037726478
2,002584,0,0.00065817346
2,002585,0,0.28615448
2,002586,0,0.0025369134
2,002587,0,0.81253844
2,002588,0,7.4558993e-06
2,002589,0,0.0009146381
2,002590,0,1.3306999e-06
2,002591,0,0.000109811626
2,002592,0,0.0061945813
2,002593,0,0.0005480369
2,002594,0,0.012487207
2,002595,0,0.0011731298
2,002596,0,0.0060282
2,002597,0,0.0070884465
2,002598,0,5.990026e-05
2,002599,0,0.0017902028
2,002600,0,1.9177887e-05
2,002601,0,2.1911828e-06
2,002602,0,0.002402541
2,002603,0,0.00028262113
2,002604,0,1.1425776e-05
2,002605,0,0.0045502717
2,002606,0,0.00050975644
2,002607,0,3.2727163e-05
2,002608,0,0.00217276
2,002609,0,0.0036877424
2,002610,0,0.004798251
2,002611,0,0.0010246875
2,002612,0,0.0024468596
2,002613,0,0.0027981885
2,002614,0,0.00040982934
2,002615,0,0.00013035398
2,002616,0,6.620374e-05
2,002617,0,6.3788495e-05
2,002618,0,0.0060773175
2,002619,0,0.003858643
2,002620,0,0.002748661
2,002621,0,0.0032927634
2,002622,0,0.00074396905
2,002623,0,0.01251096
2,002624,0,0.00028717288
2,002625,0,0.0002627732
2,002626,0,0.0005837398
2,002627,0,0.0003437477
2,002628,0,0.0009442578
2,002629,0,0.00056892744
2,002630,0,5.93289e-06
2,002632,0,0.0002545097
2,002633,0,0.00014470058
2,002634,0,0.022567527
2,002635,0,0.00028214703
2,002636,0,0.00030880052
2,002637,0,0.00089146645
2,002638,0,2.5008885e-05
2,002639,0,0.0008089153
2,002640,0,0.0012189059
2,002641,0,0.0011488321
2,002642,0,0.0001625889
2,002643,0,0.0005236868
2,002644,0,0.00030674657
2,002645,0,0.00042368638
2,002646,0,0.0010411667
2,002647,0,0.008922973
2,002648,0,0.0157223
2,002649,0,0.00011679689
2,002650,0,0.01368317
2,002651,0,0.0001988943
2,002652,0,0.13739276
2,002653,0,1.2840375e-05
2,002654,0,0.00021069271
2,002655,0,0.028389607
2,002656,0,0.000402557
2,002657,0,0.87395
2,002658,0,0.00022391666
2,002659,0,0.00022640351
2,002660,0,0.00031798045
2,002661,0,0.00011839095
2,002662,0,0.09405078
2,002663,0,0.5243484
2,002664,0,0.0012046696
2,002665,0,0.000696755
2,002666,0,0.0004024983
2,002667,0,0.000119813514
2,002668,0,0.017153533
2,002669,0,7.144375e-07
2,002670,0,0.0042390465
2,002671,0,0.008600695
2,002672,0,0.0007358557
2,002673,0,0.00017628784
2,002674,0,0.0053321295
2,002675,0,0.0009446406
2,002676,0,0.0070163854
2,002677,0,0.00022747
2,002678,0,0.0010454307
2,002679,0,0.004193306
2,002680,0,0.0010255397
2,002681,0,3.4840134e-05
2,002682,0,0.0007415045
2,002683,0,0.0155833615
2,002684,0,0.006549654
2,002685,0,0.00022455955
2,002686,0,3.937122e-05
2,002687,0,1.422589e-05
2,002688,0,0.00035373674
2,002689,0,6.3984975e-05
2,002690,0,0.006669225
2,002691,0,9.489409e-05
2,002692,0,3.3343902e-05
2,002693,0,0.006677627
2,002694,0,5.5385626e-05
2,002695,0,6.339874e-05
2,002696,0,0.00027928574
2,002697,0,2.8607924e-06
2,002698,0,0.013771687
2,002700,0,0.0002497861
2,002701,0,0.0035068279
2,002702,0,0.001651577
2,002703,0,0.0033487743
2,002704,0,0.000105801904
2,002705,0,1.0994188e-05
2,002706,0,0.0016043826
2,002707,0,0.08671645
2,002708,0,0.00017022101
2,002709,0,0.008852592
2,002710,0,2.1365472e-06
2,002711,0,3.0308247e-05
2,002712,0,0.1322082
2,002713,0,3.4069504e-07
2,002714,0,0.043757156
2,002715,0,0.00020312598
2,002716,0,0.0017322658
2,002717,0,1.1456556e-05
2,002718,0,0.0136616025
2,002719,0,0.00025029483
2,002720,0,0.021535719
2,002722,0,0.0007114242
2,002723,0,3.1520183e-05
2,002724,0,0.017493756
2,002725,0,0.00031085758
2,002726,0,0.00018400094
2,002727,0,0.24888775
2,002728,0,0.00023072859
2,002729,0,0.0011441289
2,002730,0,0.00024322336
2,002731,0,0.015574763
2,002732,0,0.04015864
2,002733,0,4.8486785e-05
2,002734,0,0.9822844
2,002735,0,0.00012371398
2,002736,0,0.00078500516
2,002737,0,1.0738179e-05
2,002738,0,0.0032116217
2,002739,0,0.00011027344
2,002740,0,0.004455692
2,002741,0,0.0024635342
2,002742,0,0.0005184742
2,002743,0,9.604635e-05
2,002744,0,0.0046291007
2,002745,0,0.012168062
2,002746,0,0.0008411081
2,002747,0,9.108884e-05
2,002748,0,0.0013015239
2,002749,0,1.713883e-05
2,002750,0,0.0010266227
2,002751,0,7.549911e-06
2,002752,0,0.000620122
2,002753,0,3.8027927e-05
2,002754,0,0.0005830417
2,002755,0,0.00023537381
2,002756,0,5.3841804e-06
2,002757,0,0.0005475983
2,002758,0,4.226168e-05
2,002759,0,0.0031583752
2,002760,0,0.00016237742
2,002761,0,0.00021709394
2,002762,0,0.00011670537
2,002763,0,0.00024419228
2,002764,0,0.0017544265
2,002765,0,0.0012726246
2,002766,0,0.0015744474
2,002767,0,0.0023006694
2,002768,0,0.002129826
2,002769,0,0.0032639215
2,002770,0,0.00035690342
2,002771,0,0.0007672825
2,002772,0,0.016373701
2,002773,0,8.303211e-05
2,002774,0,0.00089492125
2,002775,0,0.000416909
2,002776,0,2.4031388e-07
2,002777,0,5.5964603e-05
2,002778,0,0.00060170057
2,002779,0,0.0011172232
2,002780,0,0.0027201003
2,002781,0,9.545742e-05
2,002782,0,0.00025458107
2,002783,0,0.00045474162
2,002784,0,0.0042680134
2,002785,0,0.006758157
2,002786,0,0.032451667
2,002787,0,0.00011340651
2,002788,0,0.00011668935
2,002789,0,3.0404794e-05
2,002790,0,3.1578733e-05
2,002791,0,0.014795817
2,002792,0,0.00061177224
2,002793,0,0.0001048045
2,002794,0,3.6592017e-05
2,002795,0,0.00058985106
2,002796,0,8.602231e-05
2,002797,0,0.001229516
2,002798,0,2.9172609e-06
2,002799,0,6.5181455e-05
2,002800,0,0.0010929956
2,002801,0,0.0017078089
2,002802,0,0.016038995
2,002803,0,2.3596369e-05
2,002804,0,3.916556e-05
2,002805,0,0.0015695692
2,002806,0,4.559463e-05
2,002807,0,0.00023486852
2,002808,0,0.00075603544
2,002809,0,0.0005277017
2,002810,0,0.0050855204
2,002811,0,0.010234541
2,002812,0,0.4526721
2,002813,0,0.018450681
2,002814,0,1.4172606e-05
2,002815,0,0.005651507
2,002816,0,0.43808568
2,002817,0,0.00017293576
2,002818,0,4.377209e-05
2,002819,0,0.00013857652
2,002820,0,8.3819206e-05
2,002821,0,1.2087806e-05
2,002822,0,0.035323866
2,002823,0,0.00019346554
2,002824,0,0.000675461
2,002825,0,0.00018333826
2,002826,0,0.006320696
2,002827,0,2.5788073e-05
2,002828,0,0.00085956533
2,002829,0,0.00020289951
2,002830,0,0.0005489272
2,002831,0,0.0003180693
2,002832,0,0.00014701582
2,002833,0,0.00049552106
2,002834,0,0.001073944
2,002835,0,0.24100707
2,002836,0,0.0020572091
2,002837,0,0.0047199414
2,002838,0,0.019717067
2,002839,0,0.0021129127
2,002840,0,0.000785047
2,002841,0,0.00028932936
2,002842,0,0.000101412785
2,002843,0,0.008584451
2,002844,0,0.008284011
2,002845,0,1.29224845e-05
2,002846,0,0.000768936
2,002847,0,0.00085647457
2,002848,0,3.5389473e-06
2,002849,0,0.0012535421
2,002850,0,0.0017393485
2,002852,0,0.00032062887
2,002853,0,0.00084409845
2,002854,0,2.7391017e-05
2,002855,0,0.005119856
2,002856,0,0.0018904975
2,002857,0,0.000577133
2,002858,0,0.005362345
2,002859,0,0.042713627
2,002860,0,0.001263374
2,002861,0,7.667701e-05
2,002862,0,2.7907831e-06
2,002863,0,0.000336659
2,002864,0,1.1426048e-05
2,002865,0,1.4942599e-05
2,002866,0,0.00017685286
2,002867,0,0.012426125
2,002868,0,0.0043361685
2,002869,0,0.0013675048
2,002870,0,0.00015487365
2,002871,0,9.429729e-05
2,002872,0,0.002850278
2,002873,0,0.0021645434
2,002874,0,2.1895803e-05
2,002875,0,3.3440167e-06
2,002876,0,0.0013555482
2,002877,0,0.0016373105
2,002878,0,0.00020309945
2,002879,0,0.21613568
2,002880,0,0.00020309132
2,002881,0,0.001230042
2,002882,0,0.0019590268
2,002883,0,0.00020367812
2,002884,0,0.0002609969
2,002885,0,2.0584812e-05
2,002886,0,0.004320602
2,002887,0,0.027702143
2,002888,0,1.42052295e-05
2,002889,0,0.0004521641
2,002890,0,0.020297587
2,002891,0,5.13822e-05
2,002892,0,0.0004091168
2,002893,0,0.0020119336
2,002894,0,0.0007355287
2,002895,0,0.0026596007
2,002896,0,2.8454182e-05
2,002897,0,0.0034786337
2,002898,0,0.0011291186
2,002899,0,1.0534474e-05
2,002900,0,0.0060145785
2,002901,0,0.007337823
2,002902,0,0.0014619492
2,002903,0,0.0031002348
2,002904,0,3.6801753e-06
2,002905,0,0.005542442
2,002906,0,1.2113621e-05
2,002907,0,0.011741646
2,002908,0,0.2649216
2,002909,0,0.0036518916
2,002910,0,0.074799635
2,002911,0,0.017434666
2,002912,0,0.009657242
2,002913,0,0.0023355794
2,002914,0,0.00039696158
2,002915,0,0.0042956173
2,002916,0,0.027786275
2,002917,0,0.0030728637
2,002918,0,0.0007759084
2,002919,0,0.0043298677
2,002920,0,0.00037222105
2,002921,0,0.008569092
2,002922,0,0.0011539261
2,002923,0,0.000751466
2,002924,0,0.00040429222
2,002925,0,0.0063161813
2,002926,0,1.693663e-06
2,002927,0,0.15403539
2,002928,0,0.0018080627
2,002929,0,0.0006374682
2,002930,0,0.00048084604
2,002931,0,0.01835425
2,002932,0,0.007851196
2,002933,0,0.0014211892
2,002934,0,0.014383856
2,002935,0,0.042582154
2,002936,0,0.00069303653
2,002937,0,1.1582765e-06
2,002938,0,0.002350581
2,002939,0,0.00014817477
2,002940,0,1.1488307e-05
2,002941,0,0.14760968
2,002942,0,0.015352953
2,002943,0,0.0013419336
2,002944,0,0.0055754553
2,002945,0,0.09016929
2,002946,0,0.0022807613
2,002947,0,3.391435e-05
2,002948,0,0.00059649535
2,002949,0,0.00052976975
2,002950,0,3.6810416e-05
2,002951,0,0.0013816277
2,002952,0,0.0008508693
2,002953,0,3.4035722e-05
2,002954,0,5.515748e-06
2,002955,0,0.00023641967
2,002956,0,0.010249917
2,002958,0,0.000508629
2,002959,0,0.00063205586
2,002960,0,0.0003362662
2,002961,0,1.0994209e-05
2,002962,0,2.0126277e-05
2,002963,0,0.001015913
2,002964,0,5.909157e-06
2,002965,0,2.5910984e-05
2,002966,0,3.459161e-05
2,002967,0,4.834638e-05
2,002968,0,0.00030847272
2,002969,0,1.1124345e-06
2,002970,0,0.0105220545
2,002971,0,0.0044673597
2,002972,0,2.39738e-05
2,002973,0,0.026749145
2,002974,0,9.20069e-06
2,002975,0,0.16272877
2,002976,0,0.0013446228
2,002977,0,0.0035149774
2,002979,0,4.564799e-06
2,002980,0,0.00017005003
2,002981,0,0.077195585
2,002982,0,0.022753764
2,002983,0,0.00043840692
2,002984,0,9.342365e-05
2,002985,0,0.0017345755
2,002986,0,0.7011075
2,002987,0,0.0003839541
2,002988,0,0.0025831563
2,002989,0,9.828621e-05
2,002990,0,0.08964553
2,002991,0,0.0029126117
2,002992,0,0.0033747067
2,002993,0,0.00016993088
2,002994,0,0.0018216287
2,002995,0,7.5637196e-05
2,002996,0,4.5519813e-05
2,002997,0,1.2926305e-05
2,002998,0,0.034722283
2,002999,0,0.047129758
2,003000,0,0.0010756539
2,003001,0,0.021739276
2,003002,0,0.00021248845
2,003003,0,0.0017826621
2,003004,0,0.004364342
2,003005,0,0.007059673
2,003006,0,2.2917318e-05
2,003007,0,2.4149223e-05
2,003008,0,3.7893515e-05
2,003009,0,0.0003202131
2,003010,0,0.016185103
2,003011,0,4.601255e-05
2,003012,0,0.006746654
2,003013,0,0.0005692103
2,003014,0,2.9799276e-05
2,003015,0,0.018788189
2,003016,0,0.010413851
2,003017,0,0.00020606164
2,003018,0,0.0029794672
2,003019,0,0.000107491425
2,003020,0,0.0015090039
2,003021,0,0.010661258
2,003022,0,0.0023262878
2,003023,0,0.0053774547
2,003024,0,0.003124033
2,003025,0,5.3509542e-05
2,003026,0,0.0012892196
2,003027,0,4.1416442e-05
2,003028,0,0.0058744624
2,003029,0,0.00015738928
2,003030,0,0.007562826
2,003031,0,0.2993577
2,003032,0,0.0007225888
2,003033,0,0.00017763619
2,003034,0,0.00074776495
2,003035,0,0.0014442949
2,003036,0,0.00025705522
2,003037,0,0.015032474
2,003038,0,1.466458e-06
2,003039,0,8.554384e-05
2,003040,0,0.0007694414
2,003041,0,0.00030294075
2,003042,0,0.00013866746
2,003043,0,1.534781e-07
2,003044,0,0.00052750204
2,003045,0,5.6353656e-06
2,003046,0,3.513452e-05
2,003047,0,0.00021100654
2,003048,0,0.016612915
2,003049,0,1.3310831e-06
2,003050,0,0.035266787
2,003051,0,0.0013839488
2,003052,0,8.559249e-06
2,003053,0,0.0005430122
2,003054,0,0.0019291011
2,003055,0,1.7234706e-06
2,003057,0,3.794122e-06
2,003058,0,0.008253148
2,003059,0,0.00014097191
2,003060,0,0.0014304135
2,003061,0,0.0010745499
2,003062,0,4.728151e-05
2,003063,0,3.0549281e-06
2,003064,0,0.0014228006
2,003065,0,5.6361463e-05
2,003066,0,2.4312501e-05
2,003067,0,0.0009422447
2,003068,0,5.0512605e-05
2,003069,0,0.0018296936
2,003070,0,0.000476507
2,003071,0,0.00015829246
2,003072,0,3.084469e-06
2,003073,0,9.588447e-05
2,003074,0,0.0007661128
2,003075,0,0.0005356626
2,003076,0,0.0020240461
2,003078,0,0.0011154477
2,003079,0,0.016099513
2,003080,0,5.347763e-07
2,003081,0,0.002414631
2,003082,0,0.006563018
2,003083,0,2.0289292e-05
2,003084,0,0.0021249773
2,003085,0,0.00041119862
2,003086,0,0.0025984566
2,003087,0,0.013160085
2,003088,0,0.015572065
2,003089,0,0.004425999
2,003090,0,5.7051434e-06
2,003091,0,0.0011017743
2,003092,0,8.619431e-06
2,003093,0,0.0005351915
2,003094,0,0.00012810282
2,003095,0,0.011518834
2,003096,0,0.00021331912
2,003097,0,9.190893e-05
2,003098,0,0.000897009
2,003099,0,0.0019897986
2,003100,0,0.0014540469
2,003101,0,0.02069375
2,003102,0,0.00016293203
2,003103,0,1.1963581e-05
2,003105,0,4.3918935e-05
2,003106,0,0.0028856625
2,003107,0,0.00093976123
2,003108,0,3.0504515e-07
2,003110,0,2.9547287e-05
2,003111,0,3.8390004e-05
2,003112,0,0.004204683
2,003113,0,0.024555378
2,003114,0,0.0058507067
2,003115,0,0.0033084545
2,003116,0,0.004184125
2,003117,0,0.0019787014
2,003118,0,0.0011743109
2,003119,0,0.32819363
2,003120,0,0.0004744914
2,003121,0,0.00011914634
2,003122,0,0.00017443635
2,003123,0,0.00093414023
2,003124,0,0.010488557
2,003125,0,0.0013051771
2,003126,0,0.0006132141
2,003127,0,0.00030671878
2,003128,0,4.7680554e-05
2,003129,0,0.009504073
2,003130,0,0.00033644852
2,003131,0,0.0021966414
2,003132,0,0.00010576539
2,003133,0,0.22501355
2,003134,0,0.00070749363
2,003135,0,0.0013019664
2,003136,0,0.00033708502
2,003137,0,0.03732197
2,003138,0,0.006982316
2,003139,0,0.007802396
2,003140,0,0.00048655187
2,003141,0,8.2824125e-05
2,003142,0,0.00025642195
2,003143,0,0.0039279787
2,003144,0,0.0004586289
2,003145,0,0.0003127172
2,003146,0,3.3301126e-06
2,003147,0,0.00019422187
2,003148,0,0.0014471697
2,003149,0,0.0062047313
2,003150,0,0.00019949293
2,003151,0,0.056138396
2,003152,0,0.0023594596
2,003153,0,0.015194634
2,003154,0,0.0007066995
2,003155,0,1.3833861e-05
2,003156,0,0.00010193372
2,003157,0,0.006376694
2,003158,0,9.720417e-05
2,003159,0,0.00039276955
2,003160,0,2.3061777e-05
2,003161,0,4.6193336e-06
2,003162,0,6.374812e-07
2,003163,0,0.0009616214
2,003164,0,0.019586537
2,003165,0,6.4000524e-06
2,003166,0,0.015854673
2,003167,0,3.1089785e-05
2,003169,0,0.00081187556
2,003170,0,0.03373786
2,003171,0,0.000794983
2,003172,0,0.00031025623
2,003173,0,0.0006344344
2,003174,0,0.000564732
2,003175,0,0.0018769348
2,003176,0,8.978332e-06
2,003177,0,0.0006453127
2,003178,0,0.33919376
2,003179,0,0.0006538972
2,003181,0,0.22535203
2,003182,0,0.004858047
2,003183,0,0.00027211467
2,003184,0,0.00041342288
2,003185,0,0.00053536706
2,003186,0,0.0019604184
2,003187,0,0.0002688663
2,003188,0,0.000598999
2,003189,0,0.000495488
2,003190,0,1.1622152e-05
2,003191,0,3.0955474e-05
2,003192,0,0.0002486183
2,003193,0,0.002251243
2,003194,0,0.0022248991
2,003195,0,0.0001847275
2,003196,0,0.00013510764
2,003197,0,5.9059626e-06
2,003198,0,0.00010663895
2,003199,0,0.004911713
2,003200,0,0.00077369274
2,003201,0,0.0006573519
2,003202,0,0.01030262
2,003203,0,0.00010566962
2,003204,0,0.00041383866
2,003205,0,0.00035500887
2,003206,0,0.00038769728
2,003207,0,0.007217967
2,003208,0,4.463359e-05
2,003209,0,0.0005124029
2,003210,0,0.005528074
2,003211,0,0.021702146
2,003212,0,0.0003014754
2,003213,0,0.00044578916
2,003214,0,0.001061717
2,003215,0,1.7518707e-06
2,003216,0,0.0008562828
2,003217,0,0.06698771
2,003218,0,0.0021602004
2,003219,0,3.6171998e-05
2,003220,0,7.4917494e-05
2,003221,0,0.0021733597
2,003222,0,0.012581591
2,003223,0,0.003951188
2,003224,0,0.003067815
2,003225,0,9.144112e-06
2,003226,0,0.0013126226
2,003227,0,0.0015699489
2,003228,0,0.00011104108
2,003229,0,0.00065506174
2,003230,0,0.00013101693
2,003231,0,0.0028144899
2,003232,0,0.00010525258
2,003233,0,0.0003451568
2,003234,0,1.5125903e-05
2,003235,0,0.00047512684
2,003236,0,0.0003137935
2,003237,0,4.8073798e-05
2,003238,0,0.0016769095
2,003239,0,0.00067839795
2,003240,0,0.00037843638
2,003241,0,9.887674e-05
2,003242,0,0.0029459065
2,003243,0,0.0007249712
2,003244,0,0.015082117
2,003245,0,0.0017257886
2,003246,0,0.0078998655
2,003247,0,0.0003055781
2,003248,0,0.00013134816
2,003249,0,0.02774794
2,003250,0,9.097149e-05
2,003251,0,0.00012440198
2,003252,0,0.0015846845
2,003253,0,1.8220348e-05
2,003254,0,0.002204665
2,003255,0,0.011550994
2,003256,0,0.107794896
2,003257,0,0.01577198
2,003258,0,0.0001489275
2,003259,0,6.0587005e-05
2,003260,0,0.023477547
2,003261,0,5.177048e-06
2,003262,0,0.00025480567
2,003263,0,0.0036065816
2,003264,0,0.0568487
2,003265,0,0.0024597852
2,003266,0,0.0013588889
2,003267,0,0.009054545
2,003268,0,0.0009420826
2,003269,0,6.628201e-05
2,003271,0,0.00011341225
2,003272,0,0.00063091685
2,003273,0,0.0011705166
2,003274,0,0.005886993
2,003275,0,0.00040826376
2,003276,0,0.0003090544
2,003277,0,0.03847176
2,003278,0,7.4645155e-05
2,003279,0,0.052268982
2,003280,0,0.0015793354
2,003281,0,0.003592377
2,003282,0,0.00033404442
2,003283,0,0.0004082799
2,003284,0,0.00044211815
2,003285,0,0.0065732766
2,003286,0,0.00203154
2,003287,0,9.828782e-06
2,003288,0,1.600226e-05
2,003289,0,3.1147e-05
2,003290,0,4.9770388e-06
2,003291,0,4.1560575e-05
2,003292,0,0.0001467357
2,003293,0,9.515087e-05
2,003294,0,7.704966e-06
2,003295,0,0.001666798
2,003296,0,1.9006051e-05
2,003297,0,8.936099e-06
2,003298,0,0.01572329
2,003299,0,0.0037024072
2,003300,0,2.4195235e-05
2,003301,0,3.80787e-05
2,003302,0,0.0017384554
2,003303,0,0.0022649157
2,003304,0,0.01521507
2,003305,0,0.00083546195
2,003306,0,2.6993024e-05
2,003307,0,0.0008196196
2,003308,0,0.008756109
2,003309,0,0.002962043
2,003310,0,0.021057555
2,003311,0,1.3611811e-06
2,003312,0,0.00019436395
2,003313,0,0.001490546
2,003314,0,0.00018384012
2,003315,0,0.000563034
2,003316,0,2.206434e-06
2,003317,0,5.419631e-05
2,003318,0,1.2148478e-05
2,003319,0,0.00013987102
2,003320,0,0.006898818
2,003321,0,0.00013054529
2,003322,0,0.005309296
2,003323,0,0.07928604
2,003324,0,0.006929658
2,003326,0,9.643988e-05
2,003327,0,0.0015296574
2,003328,0,0.00020041206
2,003329,0,8.872867e-07
2,003330,0,3.716157e-05
2,003331,0,0.012452819
2,003332,0,0.012611825
2,003333,0,0.003065487
2,003334,0,0.00022022534
2,003335,0,0.00010178812
2,003336,0,0.0002312468
2,003337,0,2.1340005e-05
2,003338,0,1.2693317e-06
2,003339,0,0.0016948065
2,003340,0,0.006811492
2,003341,0,0.0005853452
2,003342,0,0.0001895039
2,003343,0,0.0038676437
2,003344,0,0.0008124297
2,003345,0,0.0015074672
2,003346,0,0.00021757388
2,003347,0,3.3867844e-05
2,003348,0,0.0043207393
2,003349,0,4.363816e-06
2,003350,0,3.943543e-06
2,003351,0,0.00093965686
2,003352,0,0.077493295
2,003353,0,2.1664337e-05
2,003354,0,5.2857345e-09
2,003355,0,3.945248e-05
2,003356,0,0.0002998641
2,003357,0,0.009172912
2,003358,0,0.0038743305
2,003359,0,7.995531e-05
2,003360,0,0.00013265252
2,003361,0,0.00070836395
2,003362,0,0.0011463243
2,003363,0,0.0005824602
2,003364,0,1.5421507e-07
2,003365,0,0.012667311
2,003366,0,0.00078749
2,003367,0,0.0002163812
2,003368,0,0.00011597307
2,003369,0,0.00032240886
2,003370,0,0.01387822
2,003371,0,3.2490887e-05
2,003372,0,0.0001734391
2,003373,0,0.011648179
2,003374,0,0.001476935
2,003375,0,1.9024928e-05
2,003376,0,0.0026602459
2,003377,0,8.591065e-05
2,003378,0,0.043998357
2,003379,0,0.005234172
2,003380,0,0.0032701062
2,003381,0,0.0024059333
2,003382,0,0.0015796061
2,003383,0,0.0005483606
2,003384,0,3.5078105e-05
2,003385,0,0.008078168
2,003386,0,8.4217645e-05
2,003387,0,0.0038164875
2,003388,0,8.745729e-05
2,003389,0,0.00033740397
2,003390,0,0.009617952
2,003391,0,0.042457223
2,003392,0,0.041288633
2,003393,0,0.014336417
2,003394,0,9.943976e-06
2,003395,0,0.0014113474
2,003396,0,0.007854484
2,003397,0,1.7569623e-07
2,003398,0,0.0017396839
2,003399,0,1.314432e-05
2,003400,0,0.02949485
2,003401,0,2.7703658e-05
2,003402,0,0.012727536
2,003403,0,0.001843992
2,003404,0,1.6756753e-06
2,003405,0,0.00010424185
2,003406,0,0.00044089239
2,003407,0,0.0005579713
2,003408,0,0.020066848
2,003409,0,0.24107412
2,003410,0,0.00028518194
2,003411,0,3.3581513e-05
2,003412,0,4.242611e-05
2,003413,0,0.0007130454
2,003414,0,0.004951323
2,003415,0,0.0049316864
2,003416,0,5.72388e-06
2,003417,0,1.7363092e-05
2,003418,0,0.00019381488
2,003419,0,0.0040771193
2,003421,0,0.00072575436
2,003422,0,0.3404265
2,003423,0,0.0019226987
2,003424,0,0.0012706285
2,003425,0,1.5743868e-05
2,003426,0,0.00015994716
2,003427,0,0.00025215835
2,003428,0,0.005684777
2,003429,0,0.0036894283
2,003430,0,0.000101641854
2,003431,0,0.0014767641
2,003432,0,6.800671e-07
2,003433,0,0.0022419025
2,003434,0,0.0019467089
2,003435,0,0.009152085
2,003436,0,0.0027989207
2,003437,0,0.0002913309
2,003438,0,0.14317544
2,003439,0,0.006482576
2,003440,0,0.09468388
2,003441,0,6.675746e-07
2,003442,0,0.0029977614
2,003443,0,1.1585855e-05
2,003444,0,0.0011176777
2,003445,0,0.0017768438
2,003446,0,6.9527276e-05
2,003447,0,0.006630617
2,003448,0,0.00023502488
2,003449,0,0.0048040133
2,003450,0,1.1901981e-05
2,003451,0,0.000147727
2,003452,0,0.0011281994
2,003453,0,0.0014664892
2,003454,0,0.0046991706
2,003455,0,1.6210908e-05
2,003456,0,2.7344848e-05
2,003457,0,0.0023499173
2,003458,0,0.023197541
2,003459,0,0.0034977912
2,003460,0,1.8260303e-05
2,003461,0,4.005378e-07
2,003462,0,0.006474998
2,003463,0,6.45387e-05
2,003464,0,0.00040470558
2,003465,0,0.00025794076
2,003466,0,0.006859521
2,003467,0,0.00020091527
2,003468,0,0.0012853305
2,003469,0,0.00014180172
2,003470,0,0.00075252703
2,003471,0,0.002486046
2,003472,0,0.0039386274
2,003473,0,0.0014967766
2,003474,0,0.009660016
2,003475,0,0.008043283
2,003476,0,0.0020082567
2,003477,0,0.0003831232
2,003478,0,0.013029759
2,003479,0,7.292699e-06
2,003480,0,0.17114379
2,003481,0,2.1656633e-05
2,003482,0,0.00017141686
2,003483,0,0.010897541
2,003484,0,1.2851646e-05
2,003485,0,0.0015646332
2,003486,0,0.0047891815
2,003487,0,2.5887271e-05
2,003488,0,0.021923574
2,003489,0,5.0134627e-06
2,003490,0,0.0009650306
2,003491,0,0.0007365822
2,003492,0,0.0077324607
2,003493,0,0.0011518439
2,003494,0,0.0047912686
2,003495,0,0.00025692116
2,003496,0,1.771958e-05
2,003497,0,0.002662519
2,003498,0,0.00025597765
2,003499,0,0.007779892
2,003500,0,0.01253637
2,003501,0,0.0019140145
2,003502,0,1.9270617e-05
2,003503,0,0.00085270475
2,003504,0,0.0075412607
2,003505,0,0.06493935
2,003506,0,1.1709016e-05
2,003507,0,1.4284865e-05
2,003508,0,0.00025436294
2,003509,0,0.00040220888
2,003510,0,6.3483916e-05
2,003511,0,3.7171515e-07
2,003512,0,0.0005706697
2,003513,0,0.034610998
2,003514,0,0.00011768958
2,003515,0,0.001963938
2,003516,0,1.1014189e-06
2,003517,0,2.4911817e-05
2,003518,0,9.569454e-06
2,003519,0,0.0003548243
2,003520,0,0.0011662146
2,003521,0,0.0003198003
2,003522,0,0.00075126946
2,003523,0,0.00018373464
2,003524,0,0.03892963
2,003525,0,0.00068137725
2,003526,0,0.005222944
2,003527,0,1.7384913e-05
2,003528,0,0.00036929554
2,003529,0,0.0008091824
2,003531,0,6.9826697e-06
2,003532,0,0.009965597
2,003533,0,0.000527396
2,003534,0,0.002766138
2,003535,0,0.011393681
2,003536,0,0.010057955
2,003538,0,6.365924e-05
2,003539,0,0.00030263216
2,003540,0,0.0007198241
2,003541,0,0.0048641525
2,003542,0,0.00021130673
2,003543,0,2.5235911e-05
2,003544,0,0.0005349118
2,003545,0,0.0010646847
2,003546,0,2.4543433e-05
2,003547,0,0.0027530994
2,003548,0,0.027453035
2,003549,0,0.0018942
2,003550,0,0.0015931596
2,003551,0,0.00010471788
2,003552,0,4.97478e-06
2,003553,0,0.00014149984
2,003554,0,0.00035895812
2,003555,0,6.6066066e-05
2,003556,0,0.00062402943
2,003557,0,0.0016465496
2,003558,0,0.00041968128
2,003559,0,0.025578124
2,003560,0,0.00014871945
2,003561,0,0.0007436359
2,003562,0,2.101137e-05
2,003563,0,0.00032254565
2,003564,0,0.000628707
2,003565,0,0.004284909
2,003566,0,0.00016948153
2,003567,0,7.6743134e-05
2,003568,0,0.0021096235
2,003569,0,0.00044395082
2,003570,0,0.00027221793
2,003571,0,0.00010346673
2,003572,0,0.00034266958
2,003573,0,0.0024928334
2,003574,0,0.027609836
2,003575,0,0.005302287
2,003576,0,0.009483796
2,003577,0,0.011590744
2,003578,0,0.00081729825
2,003579,0,1.9532647e-05
2,003580,0,0.0005176271
2,003581,0,5.13847e-05
2,003583,0,0.00042035515
2,003584,0,0.0005440665
2,003585,0,6.513255e-05
2,003586,0,0.0015509061
2,003587,0,1.0303977e-05
2,003588,0,0.033192676
2,003589,0,0.017053189
2,003590,0,0.006495162
2,003591,0,3.7738053e-07
2,003592,0,0.06383741
2,003593,0,0.0007637987
2,003594,0,0.009367595
2,003595,0,0.0010831899
2,003596,0,0.0021237482
2,003597,0,0.19333188
2,003598,0,0.10954276
2,003599,0,1.3659571e-05
2,003600,0,0.00013473544
2,003601,0,0.00050070416
2,003602,0,0.08724479
2,003603,0,0.013702908
2,003604,0,0.10539648
2,003605,0,0.00014506157
2,003606,0,0.037953794
2,003607,0,0.024509255
2,003608,0,7.5711446e-06
2,003609,0,0.0035747138
2,003610,0,0.023715127
2,003611,0,0.00031656967
2,003612,0,0.0014189266
2,003613,0,0.00016933776
2,003614,0,0.17062292
2,003615,0,1.6405484e-05
2,003616,0,1.34212805e-05
2,003617,0,0.0004835051
2,003618,0,0.00030167637
2,003619,0,0.0032076887
2,003620,0,0.00019564708
2,003621,0,0.0014433359
2,003622,0,2.5650937e-05
2,003623,0,0.00035733767
2,003624,0,7.458468e-05
2,003625,0,5.543799e-05
2,003626,0,0.40568703
2,003627,0,0.0005037942
2,003628,0,0.002118674
2,003629,0,0.000109112174
2,003630,0,0.00013948476
2,003631,0,1.9120802e-05
2,003632,0,0.012690155
2,003633,0,8.1133585e-06
2,003634,0,0.0002650205
2,003635,0,0.0006099406
2,003636,0,0.0019813597
2,003637,0,0.0001355284
2,003638,0,0.0001634686
2,003639,0,6.622786e-06
2,003640,0,3.643258e-05
2,003641,0,0.00082513917
2,003642,0,0.065500475
2,003643,0,0.019507334
2,003644,0,0.0007277684
2,003645,0,1.47685005e-05
2,003646,0,0.0006283144
2,003647,0,0.00032231756
2,003648,0,0.0011974239
2,003649,0,0.0027013626
2,003650,0,0.0002107749
2,003651,0,0.010646934
2,003652,0,0.0029128941
2,003653,0,0.00019245896
2,003654,0,0.0021198853
2,003655,0,0.007186871
2,003656,0,0.00029030032
2,003657,0,8.070778e-05
2,003658,0,0.000708151
2,003659,0,0.000237486
2,003660,0,0.00026545266
2,003661,0,0.16362132
2,003662,0,0.0024042423
2,003663,0,0.30729732
2,003664,0,0.00044107632
2,003665,0,0.0006913096
2,003666,0,9.913278e-05
2,003667,0,2.268996e-05
2,003668,0,0.00044667456
2,003669,0,6.0367045e-05
2,003670,0,1.8014262e-05
2,003671,0,0.0003693246
2,003672,0,0.003568372
2,003673,0,0.6435293
2,003674,0,0.0020886648
2,003675,0,0.01570301
2,003676,0,0.000258781
2,003677,0,0.00055829075
2,003678,0,0.000357948
2,003679,0,6.315014e-05
2,003680,0,0.0023943845
2,003681,0,1.4395377e-05
2,003682,0,0.00048548938
2,003683,0,2.9738462e-07
2,003684,0,0.0014262152
2,003685,0,9.9667566e-05
2,003686,0,0.0005038939
2,003687,0,0.00055188604
2,003688,0,0.0012657312
2,003689,0,5.880178e-07
2,003690,0,1.7074275e-05
2,003691,0,0.0008582379
2,003692,0,8.525946e-05
2,003693,0,3.6398467e-06
2,003694,0,5.950656e-05
2,003695,0,0.05315777
2,003696,0,0.0038306087
2,003697,0,0.00014663165
2,003698,0,9.374562e-06
2,003699,0,0.09865016
2,003700,0,0.0012638903
2,003701,0,0.016101386
2,003702,0,0.0004904825
2,003703,0,0.004120228
2,003704,0,0.1101354
2,003705,0,0.000284547
2,003706,0,0.012026894
2,003707,0,0.007226504
2,003708,0,0.10078418
2,003709,0,0.00018872385
2,003710,0,3.2933804e-07
2,003711,0,8.270929e-05
2,003712,0,1.6495392e-06
2,003713,0,0.83076423
2,003714,0,0.011934141
2,003715,0,2.8872177e-05
2,003716,0,0.013424106
2,003717,0,0.0002222917
2,003718,0,2.629914e-05
2,003719,0,0.0014219201
2,003720,0,4.6763456e-05
2,003721,0,0.026615273
2,003722,0,0.0037293758
2,003723,0,0.0015201219
2,003724,0,0.00039820644
2,003725,0,7.0358255e-05
2,003726,0,0.0023485145
2,003727,0,0.00013544662
2,003728,0,0.0021052053
2,003729,0,0.053902984
2,003730,0,0.00022507121
2,003731,0,0.0034372022
2,003732,0,0.00011988689
2,003733,0,0.003167153
2,003734,0,0.003407475
2,003735,0,5.6783283e-05
2,003736,0,0.00043398672
2,003737,0,7.09647e-05
2,003738,0,0.0035328416
2,003739,0,0.050411057
2,003740,0,0.00068688364
2,003741,0,0.0009326262
2,003742,0,0.0004221397
2,003743,0,3.1338297e-07
2,003744,0,0.0008034545
2,003745,0,1.5986945e-05
2,003746,0,0.0119054485
2,003747,0,0.00014809851
2,003748,0,0.01898434
2,003749,0,4.9402715e-06
2,003750,0,0.00017651019
2,003751,0,0.047457647
2,003752,0,0.00557212
2,003753,0,1.2602391e-05
2,003754,0,0.0009685521
2,003755,0,0.022403264
2,003756,0,0.00023160713
2,003757,0,0.004725715
2,003758,0,0.005201148
2,003759,0,0.001521197
2,003760,0,0.00090660417
2,003761,0,0.9290757
2,003762,0,2.3168323e-06
2,003763,0,0.017825365
2,003764,0,0.004493369
2,003765,0,1.1049003e-05
2,003766,0,0.0037444672
2,003767,0,0.58234525
2,003768,0,0.00032327248
2,003769,0,0.00021062985
2,003770,0,0.0052909395
2,003771,0,0.029914984
2,003772,0,0.00015312286
2,003773,0,0.00020096777
2,003774,0,0.0015195562
2,003775,0,2.103674e-06
2,003776,0,0.01603324
2,003777,0,0.0005360771
2,003778,0,0.0024464221
2,003779,0,8.1203245e-05
2,003780,0,0.0029465915
2,003781,0,4.3779895e-05
2,003782,0,0.2909678
2,003783,0,0.003021379
2,003784,0,0.0053450377
2,003785,0,2.5027044e-05
2,003786,0,0.00015252338
2,003787,0,0.005273559
2,003788,0,0.00034167123
2,003789,0,0.08071449
2,003790,0,0.00092222064
2,003791,0,0.00026020032
2,003792,0,0.0002078371
2,003793,0,0.00070115767
2,003794,0,0.0008039913
2,003795,0,0.0003198247
2,003796,0,0.00026304138
2,003797,0,0.00013951377
2,003798,0,0.0017032761
2,003799,0,0.0002203442
2,003800,0,5.3387487e-07
2,003801,0,0.00019093494
2,003802,0,0.00020420567
2,003803,0,3.8349485e-06
2,003804,0,0.00033496445
2,003805,0,0.0001010086
2,003806,0,0.00015700975
2,003807,0,0.008914594
2,003808,0,4.342356e-05
2,003809,0,0.03139212
2,003810,0,8.34526e-06
2,003811,0,0.0013681034
2,003812,0,0.0001110287
2,003813,0,0.0034253348
2,003814,0,0.00013075446
2,003815,0,0.08152914
2,003816,0,4.868333e-05
2,003817,0,0.002460802
2,003818,0,0.004257776
2,003819,0,0.013296777
2,003820,0,0.00077307585
2,003821,0,0.00010388977
2,003822,0,0.08790003
2,003823,0,0.2180664
2,003824,0,0.19097273
2,003825,0,0.017937208
2,003826,0,0.009989756
2,003827,0,0.00013881458
2,003828,0,8.799269e-07
2,003829,0,0.0047554616
2,003830,0,0.023607817
2,003831,0,0.001799537
2,003832,0,0.0013750645
2,003833,0,0.00022320643
2,003834,0,0.074599
2,003835,0,0.00069039804
2,003836,0,5.001524e-06
2,003837,0,0.021148896
2,003838,0,0.004883012
2,003839,0,0.0015869628
2,003840,0,5.8879723e-05
2,003841,0,7.177671e-05
2,003842,0,0.0036345082
2,003843,0,1.5729565e-05
2,003844,0,6.277565e-05
2,003845,0,0.00040408145
2,003846,0,0.0009096742
2,003847,0,0.004465954
2,003848,0,1.23748105e-05
2,003849,0,0.09609905
2,003850,0,0.00047041572
2,003851,0,0.0003390504
2,003852,0,0.14266221
2,003853,0,2.2584625e-06
2,003854,0,6.1628845e-07
2,003855,0,3.355875e-05
2,003856,0,0.24277566
2,003857,0,0.0796256
2,003858,0,0.006956005
2,003859,0,0.00094260694
2,003860,0,1.2067292e-05
2,003861,0,0.0002046573
2,003862,0,7.437501e-05
2,003863,0,0.04073068
2,003864,0,2.5842133e-05
2,003865,0,3.8519418e-05
2,003866,0,0.0002568678
2,003867,0,2.4217998e-05
2,003868,0,0.00010769057
2,003869,0,0.0006981914
2,003870,0,0.07842103
2,003871,0,0.00036316898
2,003872,0,6.200247e-06
2,003873,0,0.00044862833
2,003874,0,0.00091069535
2,003875,0,0.0004687003
2,003876,0,0.0012686816
2,003877,0,0.004811097
2,003878,0,9.23989e-06
2,003879,0,0.007330103
2,003880,0,0.0002758316
2,003881,0,0.008426381
2,003882,0,8.188941e-05
2,003883,0,0.008203298
2,003884,0,4.399099e-05
2,003885,0,8.2065846e-05
2,003886,0,2.2848142e-05
2,003887,0,0.00011533806
2,003888,0,0.0021113437
2,003889,0,0.00024112909
2,003890,0,0.00011612579
2,003891,0,0.00035798995
2,003892,0,0.002210203
2,003893,0,4.5530646e-06
2,003894,0,0.006800852
2,003895,0,0.00043998318
2,003896,0,0.00029410628
2,003897,0,0.00016534237
2,003898,0,0.00020884685
2,003899,0,0.000111783374
2,003900,0,0.00048805273
2,003901,0,0.0021857645
2,003902,0,0.000803886
2,003903,0,0.00040236596
2,003904,0,8.127963e-05
2,003905,0,0.0013619348
2,003906,0,0.0030974285
2,003907,0,0.0018832003
2,003908,0,0.0019483309
2,003909,0,0.0024220704
2,003910,0,0.08945476
2,003911,0,0.0020965482
2,003912,0,7.638497e-08
2,003913,0,0.00058719056
2,003914,0,0.00035335857
2,003915,0,0.0002474135
2,003916,0,9.332638e-06
2,003917,0,0.00015459818
2,003918,0,0.00057491654
2,003919,0,7.493536e-05
2,003920,0,1.4046151e-05
2,003921,0,6.417116e-06
2,003922,0,0.00016779444
2,003923,0,2.341409e-07
2,003924,0,0.0004394932
2,003925,0,2.7520204e-05
2,003926,0,0.00274217
2,003927,0,0.001603057
2,003928,0,0.00054395164
2,003929,0,0.000136811
2,003930,0,0.00016654015
2,003931,0,0.0001945974
2,003932,0,5.299203e-07
2,003933,0,0.0017930313
2,003934,0,0.0030915018
2,003936,0,0.00042758376
2,003937,0,3.886824e-06
2,003938,0,3.428725e-05
2,003939,0,0.02431475
2,003940,0,3.1695974e-05
2,003941,0,0.0029561566
2,003942,0,0.00018590855
2,003943,0,0.00016112137
2,003944,0,0.006984448
2,003945,0,0.00065116363
2,003946,0,8.222424e-06
2,003947,0,0.013057155
2,003948,0,0.039305612
2,003949,0,2.4978925e-05
2,003950,0,0.0032181893
2,003951,0,0.0036681723
2,003952,0,1.9570514e-05
2,003953,0,0.0006669473
2,003954,0,0.0002834212
2,003955,0,0.0054550585
2,003956,0,0.010051895
2,003957,0,0.0006155839
2,003958,0,0.0020005323
2,003960,0,0.00078786374
2,003961,0,0.002890492
2,003962,0,0.0015466316
2,003963,0,7.33837e-05
2,003964,0,0.14059487
2,003965,0,0.0021866467
2,003966,0,1.1281911e-06
2,003967,0,0.008304347
2,003968,0,0.13892566
2,003969,0,0.00034944926
2,003970,0,0.0014766713
2,003971,0,0.000288122
2,003972,0,0.050804254
2,003973,0,9.334907e-06
2,003975,0,0.00015416289
2,003976,0,0.0006511177
2,003977,0,0.00029631256
2,003978,0,0.018763024
2,003979,0,8.149212e-05
2,003980,0,0.037473638
2,003981,0,0.07996181
2,003982,0,0.033711575
2,003983,0,0.010481052
2,003984,0,0.00013017573
2,003985,0,0.0015878071
2,003986,0,0.0003838946
2,003987,0,0.0042342343
2,003988,0,0.000803536
2,003989,0,0.00014389827
2,003990,0,0.0011443599
2,003991,0,4.8776874e-05
2,003992,0,0.015629213
2,003993,0,4.1162868e-05
2,003994,0,0.00030830485
2,003995,0,0.005386583
2,003996,0,0.0002803756
2,003997,0,0.009623399
2,003998,0,0.003682046
2,003999,0,3.5899826e-05
2,004000,0,3.4803386e-06
2,004001,0,0.00014917138
2,004002,0,7.529027e-05
2,004003,0,2.9525907e-05
2,004004,0,0.0024274185
2,004005,0,0.046919703
2,004006,0,0.43415773
2,004007,0,0.0027755864
2,004008,0,0.0007708535
2,004009,0,5.1398867e-05
2,004010,0,0.17157915
2,004011,0,0.0035437408
2,004012,0,2.508006e-05
2,004013,0,7.513449e-05
2,004014,0,0.0005490054
2,004015,0,0.00032566892
2,004016,0,3.131946e-06
2,004017,0,0.0005905148
2,004018,0,0.14485444
2,004019,0,0.0014840927
2,004021,0,0.00026028717
2,004022,0,0.0040691635
2,004023,0,0.00021974334
2,004024,0,0.0007151483
2,004025,0,0.00033809367
2,004026,0,0.16241866
2,004027,0,0.017588852
2,004028,0,0.0004943534
2,004029,0,0.00015314667
2,004030,0,0.0013726288
2,004031,0,1.2365927e-05
2,004032,0,0.0037102445
2,004033,0,0.00016393501
2,004034,0,3.98121e-06
2,004035,0,6.1935975e-06
2,004036,0,3.870781e-05
2,004037,0,0.001866154
2,004038,0,0.0035503963
2,004039,0,0.0002484382
2,004040,0,0.5164934
2,004041,0,0.001206611
2,004042,0,0.007934086
2,004043,0,0.0012350143
2,004044,0,0.12536041
2,004045,0,0.0003778421
2,004046,0,1.1363099e-05
2,004047,0,0.00074570416
2,004048,0,3.6207202e-05
2,004049,0,7.028657e-05
2,004050,0,0.0026091335
2,004051,0,0.00024893924
2,004052,0,0.003154879
2,004053,0,0.00371662
2,004054,0,4.093606e-06
2,004055,0,0.0022619285
2,004056,0,0.0055816583
2,004057,0,3.27052e-05
2,004058,0,0.0009824281
2,004059,0,7.666683e-06
2,004060,0,0.0058641788
2,004061,0,0.016467804
2,004062,0,0.0011058031
2,004063,0,5.1995383e-05
2,004064,0,9.904972e-05
2,004065,0,0.22339876
2,004066,0,0.0006187877
2,004067,0,0.0012670164
2,004068,0,0.001998032
2,004069,0,0.005441125
2,004070,0,2.643293e-05
2,004071,0,0.00035062974
2,004072,0,0.00048488143
2,004073,0,6.433905e-05
2,004074,0,0.00035520928
2,004075,0,0.00032371722
2,004076,0,0.00028304502
2,004077,0,0.0019316181
2,004078,0,4.837004e-05
2,004079,0,0.0008179188
2,004080,0,9.146364e-05
2,004081,0,0.019068511
2,004082,0,0.7507195
2,004083,0,0.0003982503
2,004084,0,0.02664075
2,004085,0,0.0015935298
2,004086,0,0.0069218553
2,004088,0,0.022417454
2,004089,0,0.00013818358
2,004090,0,0.000933723
2,004091,0,0.0016712402
2,004092,0,1.8323973e-06
2,004093,0,0.00042384697
2,004094,0,4.3973414e-05
2,004095,0,0.008454728
2,004096,0,0.00015356064
2,004097,0,6.8255504e-06
2,004098,0,0.0035823956
2,004099,0,0.00026807692
2,004100,0,3.325692e-05
2,004101,0,7.229859e-05
2,004102,0,0.0036636651
2,004103,0,0.0018779554
2,004104,0,0.00018518319
2,004105,0,0.113652974
2,004106,0,0.0012583919
2,004107,0,0.00019240924
2,004108,0,1.9476398e-05
2,004109,0,9.048301e-06
2,004110,0,0.00026457565
2,004111,0,0.0008890455
2,004112,0,0.100122474
2,004113,0,0.0011169971
2,004114,0,0.0026126998
2,004115,0,0.00050343823
2,004116,0,0.00080728164
2,004117,0,0.00019220074
2,004118,0,0.001144397
2,004119,0,0.00022409073
2,004120,0,0.010698178
2,004121,0,0.0016302615
2,004122,0,0.00030242684
2,004123,0,3.0057397e-05
2,004124,0,0.00200816
2,004125,0,3.795402e-05
2,004126,0,0.0001829872
2,004127,0,0.0004921401
2,004128,0,0.002826658
2,004129,0,0.00038273024
2,004130,0,4.475502e-05
2,004131,0,0.0011616322
2,004132,0,0.0006414497
2,004133,0,0.0023484933
2,004134,0,0.0016524326
2,004135,0,5.4599273e-05
2,004136,0,0.31871745
2,004137,0,0.0073729767
2,004138,0,0.00090735167
2,004139,0,0.0006120746
2,004140,0,0.0057354216
2,004141,0,0.12057831
2,004142,0,0.045648847
2,004143,0,0.00028944662
2,004144,0,0.020745724
2,004145,0,0.002031456
2,004146,0,0.0004984328
2,004147,0,1.1701693e-05
2,004148,0,0.006684636
2,004149,0,9.1529946e-05
2,004150,0,0.0014316685
2,004151,0,5.446962e-05
2,004152,0,0.011650144
2,004153,0,0.00576748
2,004154,0,8.659e-07
2,004155,0,0.0012426552
2,004156,0,0.029461922
2,004157,0,1.496417e-06
2,004158,0,0.0021420901
2,004159,0,0.0011960651
2,004160,0,0.0004171674
2,004161,0,0.0016756798
2,004162,0,0.003638126
2,004163,0,0.00057878584
2,004164,0,7.0465753e-06
2,004165,0,3.5913352e-05
2,004166,0,3.498827e-05
2,004167,0,0.0013849805
2,004168,0,0.0047902046
2,004169,0,1.3768501e-05
2,004170,0,3.943035e-06
2,004171,0,1.9502138e-06
2,004172,0,1.7219263e-06
2,004173,0,0.0004470143
2,004174,0,1.34530865e-05
2,004175,0,0.041070715
2,004176,0,0.00067032274
2,004177,0,0.0026838214
2,004178,0,0.00040881737
2,004179,0,0.0004535133
2,004180,0,0.00019676863
2,004181,0,0.00047852116
2,004182,0,0.00012483238
2,004183,0,0.00015074697
2,004184,0,0.002800084
2,004185,0,0.0012408894
2,004186,0,0.0015192254
2,004187,0,0.0013586093
2,004188,0,0.0007606336
2,004190,0,0.00037747578
2,004191,0,2.3903896e-05
2,004192,0,0.00031573206
2,004193,0,0.00023365302
2,004194,0,0.0001322963
2,004195,0,0.0018121955
2,004196,0,0.0025117944
2,004197,0,0.0051539554
2,004198,0,5.5839108e-05
2,004199,0,0.098731935
2,004200,0,0.002387742
2,004201,0,0.16209315
2,004202,0,0.004000134
2,004203,0,0.0070795985
2,004204,0,0.00057554955
2,004205,0,0.034695942
2,004206,0,2.2720553e-06
2,004207,0,0.011860378
2,004208,0,0.00065844704
2,004209,0,0.002402572
2,004210,0,4.0788214e-05
2,004211,0,0.092328966
2,004212,0,0.003945525
2,004213,0,1.0236944e-05
2,004214,0,0.0002603969
2,004215,0,0.012232186
2,004216,0,0.008631536
2,004217,0,0.0013672939
2,004218,0,0.002910913
2,004219,0,0.00037982463
2,004220,0,0.00011271061
2,004221,0,2.4610723e-05
2,004222,0,1.0400244e-05
2,004223,0,2.5472695e-05
2,004224,0,0.00045770907
2,004225,0,0.00044704753
2,004226,0,0.09892346
2,004227,0,0.0002337622
2,004228,0,0.104251035
2,004229,0,1.5980893e-05
2,004230,0,0.025232764
2,004231,0,0.008776529
2,004232,0,4.5437973e-05
2,004233,0,0.16122344
2,004234,0,0.00048809737
2,004235,0,0.0002777795
2,004236,0,0.05286231
2,004237,0,5.5921028e-06
2,004238,0,0.002551018
2,004239,0,5.16174e-05
2,004240,0,0.00017411
2,004241,0,0.0002485979
2,004242,0,0.00072812533
2,004243,0,0.00027708942
2,004244,0,0.005215683
2,004245,0,0.00040197585
2,004246,0,2.625016e-06
2,004247,0,0.0002819819
2,004248,0,0.00014530799
2,004249,0,4.695467e-05
2,004250,0,0.00016205045
2,004251,0,0.0023395258
2,004252,0,0.0014455849
2,004253,0,2.8656214e-05
2,004254,0,0.0034715682
2,004255,0,0.00016257433
2,004256,0,0.00054419826
2,004257,0,0.002854355
2,004258,0,0.08883789
2,004259,0,0.0004416344
2,004260,0,0.050738025
2,004261,0,7.003955e-05
2,004262,0,0.0005465272
2,004263,0,3.2450076e-05
2,004264,0,0.0035930786
2,004265,0,0.00089500105
2,004266,0,0.00057820306
2,004267,0,0.0020884702
2,004268,0,0.007065598
2,004269,0,0.0003408689
2,004270,0,0.93935883
2,004271,0,0.0014577626
2,004272,0,0.00029086493
2,004273,0,4.423811e-06
2,004274,0,3.02567e-05
2,004275,0,0.0038595926
2,004276,0,0.00018054474
2,004277,0,0.0053161043
2,004278,0,1.3795451e-06
2,004279,0,5.9577993e-05
2,004280,0,0.00011195597
2,004281,0,0.00024057039
2,004282,0,0.011243898
2,004283,0,0.0042405785
2,004284,0,0.000565408
2,004285,0,0.13555712
2,004286,0,5.537517e-05
2,004287,0,0.009262849
2,004288,0,0.00018919139
2,004289,0,0.00027972306
2,004290,0,2.232419e-06
2,004291,0,0.00028563637
2,004292,0,0.0028445215
2,004293,0,0.0028137593
2,004294,0,0.00010482829
2,004295,0,9.65503e-05
2,004296,0,0.00049332017
2,004297,0,1.053799e-05
2,004298,0,0.0006187214
2,004299,0,4.935459e-05
2,004300,0,2.035516e-06
2,004302,0,1.8449174e-07
2,004303,0,0.0025686608
2,004304,0,0.090099126
2,004305,0,8.1595e-05
2,004306,0,0.008451631
2,004307,0,0.00034728108
2,004308,0,2.041035e-05
2,004309,0,0.7511669
2,004310,0,0.00018776681
2,004311,0,4.2043364e-05
2,004312,0,3.3221381e-06
2,004313,0,8.506829e-05
2,004314,0,9.809482e-06
2,004315,0,0.00043996223
2,004316,0,0.0021336095
2,004317,0,0.00015504609
2,004318,0,4.7469413e-05
2,004319,0,0.006245972
2,004320,0,0.007133955
2,004321,0,0.0011230166
2,004322,0,7.3718475e-05
2,004323,0,0.00016517613
2,004324,0,0.012792861
2,004325,0,0.00054267043
2,004326,0,0.017654434
2,004327,0,1.6438999e-05
2,004328,0,0.00019086011
2,004329,0,0.008367339
2,004330,0,0.113687195
2,004331,0,0.0012278465
2,004332,0,0.00024556046
2,004333,0,0.00017406816
2,004334,0,0.0030675468
2,004335,0,2.910625e-05
2,004336,0,0.00074286456
2,004337,0,9.2445014e-05
2,004338,0,4.8274927e-05
2,004339,0,1.751707e-05
2,004340,0,0.003048958
2,004342,0,0.0003862521
2,004343,0,0.0010622967
2,004344,0,0.00023771527
2,004345,0,2.7190488e-05
2,004346,0,0.0003961256
2,004347,0,2.703677e-05
2,004348,0,0.00024163148
2,004349,0,0.002371702
2,004350,0,0.019644147
2,004351,0,7.679013e-06
2,004352,0,5.3668835e-05
2,004353,0,4.6681387e-05
2,004354,0,0.00028457193
2,004355,0,0.0011747434
2,004356,0,0.00022135243
2,004357,0,2.9639426e-05
2,004358,0,0.009907761
2,004359,0,0.019015674
2,004360,0,0.002860187
2,004361,0,0.00016275673
2,004362,0,0.00018360575
2,004363,0,0.74650645
2,004364,0,0.0005169597
2,004365,0,0.02315896
2,004366,0,0.00078080746
2,004367,0,0.000412278
2,004368,0,0.02461385
2,004369,0,0.0012322295
2,004370,0,0.001435673
2,004371,0,0.00017184399
2,004372,0,3.6410107e-05
2,004373,0,0.011307606
2,004374,0,0.0050097355
2,004375,0,0.0010144584
2,004376,0,0.59587723
2,004377,0,9.701229e-05
2,004378,0,8.5707425e-06
2,004379,0,4.7419426e-06
2,004380,0,0.022228738
2,004381,0,3.0291201e-05
2,004382,0,0.00037844846
2,004383,0,0.001986492
2,004384,0,6.697373e-05
2,004385,0,2.197494e-05
2,004386,0,0.00073526346
2,004387,0,2.7722792e-05
2,004388,0,0.1338434
2,004389,0,1.3939568e-05
2,004390,0,0.0013656698
2,004391,0,0.0019511182
2,004392,0,8.000976e-05
2,004393,0,3.531881e-05
2,004394,0,3.8547052e-05
2,004395,0,0.00046283338
2,004396,0,0.0013437107
2,004397,0,7.3387906e-07
2,004398,0,2.503936e-05
2,004399,0,0.0036982954
2,004400,0,0.010356964
2,004401,0,0.0048126313
2,004402,0,0.0014595127
2,004403,0,0.002775126
2,004404,0,0.0006671822
2,004405,0,0.10550814
2,004406,0,0.0140217235
2,004407,0,0.0009988458
2,004408,0,0.00057600124
2,004409,0,0.00022492427
2,004410,0,4.3189022e-05
2,004411,0,0.00011639041
2,004412,0,0.001398846
2,004413,0,0.005672188
2,004414,0,0.0037779252
2,004415,0,0.00013118795
2,004416,0,0.0013447169
2,004417,0,0.0020983168
2,004418,0,2.8873195e-05
2,004419,0,0.0061334367
2,004420,0,0.0022352363
2,004421,0,0.010427747
2,004422,0,7.4472937e-06
2,004423,0,7.021803e-05
2,004424,0,0.0017186195
2,004425,0,2.7364855e-05
2,004426,0,0.0018158073
2,004427,0,2.5331296e-05
2,004428,0,0.070898704
2,004429,0,0.00017022036
2,004430,0,0.00029647732
2,004431,0,0.0012044602
2,004432,0,0.09755091
2,004433,0,0.000581213
2,004434,0,0.00041246667
2,004435,0,8.457822e-06
2,004436,0,0.00023800081
2,004437,0,1.0536483e-05
2,004438,0,0.001352264
2,004439,0,0.00047116473
2,004440,0,0.9581744
2,004441,0,0.00037289553
2,004442,0,0.0009762625
2,004443,0,0.0062770783
2,004444,0,0.0014600465
2,004445,0,8.431829e-07
2,004446,0,0.0037325006
2,004447,0,0.005170166
2,004448,0,0.00028748874
2,004449,0,0.0013507869
2,004450,0,0.34017295
2,004451,0,8.986906e-07
2,004452,0,0.0003312461
2,004453,0,7.6029435e-05
2,004454,0,0.0013183859
2,004455,0,0.0034276147
2,004457,0,6.6429775e-06
2,004458,0,0.00875771
2,004459,0,0.00080024987
2,004460,0,0.002523489
2,004461,0,4.7105274e-05
2,004462,0,9.183771e-06
2,004463,0,0.026882015
2,004464,0,0.00016596819
2,004465,0,0.0003326899
2,004466,0,0.0071359174
2,004467,0,0.003376593
2,004468,0,0.00017367525
2,004469,0,2.4912124e-05
2,004470,0,2.3375174e-05
2,004471,0,4.5306224e-05
2,004472,0,0.00017186103
2,004473,0,7.636127e-05
2,004474,0,4.3102493e-05
2,004475,0,0.007121607
2,004476,0,1.9209883e-05
2,004477,0,0.00017408592
2,004478,0,0.0010925865
2,004479,0,0.00014064243
2,004480,0,0.0013601468
2,004481,0,0.00017557289
2,004482,0,2.1114997e-07
2,004483,0,0.013427414
2,004484,0,0.0052061565
2,004485,0,0.0036196539
2,004486,0,0.005091036
2,004487,0,0.00038359372
2,004488,0,0.0024894255
2,004489,0,0.00024049677
2,004490,0,0.001548784
2,004491,0,0.00031413563
2,004492,0,0.00044177502
2,004493,0,0.0015799649
2,004494,0,0.00094383775
2,004495,0,0.0013806728
2,004496,0,8.466505e-06
2,004497,0,0.0012823334
2,004498,0,2.2015862e-05
2,004499,0,3.602363e-05
2,004500,0,0.003968704
2,004502,0,0.0020602196
2,004503,0,0.003408087
2,004504,0,0.0077253776
2,004505,0,0.08334256
2,004507,0,0.0012648875
2,004508,0,0.0054606213
2,004509,0,7.322683e-05
2,004510,0,0.008973145
2,004511,0,0.0017388907
2,004512,0,3.584058e-05
2,004513,0,0.0004083231
2,004514,0,7.652026e-05
2,004515,0,0.070201784
2,004516,0,0.006842011
2,004517,0,9.860087e-05
2,004518,0,0.0007979855
2,004519,0,6.844969e-05
2,004520,0,0.0017349799
2,004521,0,0.00030630353
2,004522,0,0.0010130927
2,004523,0,0.00026654953
2,004524,0,0.012879094
2,004525,0,0.0035818696
2,004526,0,3.2700926e-05
2,004527,0,4.0237887e-06
2,004528,0,0.000877398
2,004529,0,0.0006854848
2,004530,0,0.0022406548
2,004531,0,1.9007446e-05
2,004532,0,0.00032795427
2,004533,0,0.0003957306
2,004534,0,0.00018225204
2,004535,0,0.00013221636
2,004536,0,0.0002722836
2,004537,0,6.016148e-05
2,004538,0,5.019334e-05
2,004539,0,5.4871267e-05
2,004540,0,0.00017845412
2,004541,0,0.0009362556
2,004542,0,0.00024565693
2,004543,0,0.0002434549
2,004544,0,0.0003806939
2,004545,0,0.00015025961
2,004546,0,3.7442096e-05
2,004547,0,0.0025341662
2,004548,0,0.00014110115
2,004549,0,0.0022211284
2,004550,0,5.141769e-06
2,004551,0,0.000958981
2,004552,0,0.0036792553
2,004553,0,0.013183546
2,004554,0,0.001745011
2,004555,0,0.00029040218
2,004557,0,0.00013114093
2,004558,0,0.002220467
2,004559,0,0.010976915
2,004560,0,0.00010564483
2,004561,0,0.0035488682
2,004562,0,9.966376e-05
2,004563,0,0.000984264
2,004564,0,0.0013525918
2,004565,0,0.08518783
2,004566,0,0.00024385887
2,004567,0,7.4990237e-07
2,004568,0,0.0004736371
2,004569,0,0.0007811041
2,004570,0,8.727225e-05
2,004571,0,0.006594568
2,004572,0,0.00082020875
2,004573,0,0.0001586279
2,004574,0,0.0015103575
2,004575,0,0.00031949923
2,004576,0,0.002222157
2,004577,0,0.00038699218
2,004578,0,0.0002554756
2,004579,0,0.00012356012
2,004580,0,0.0030971533
2,004581,0,0.0025287468
2,004582,0,5.6921643e-05
2,004583,0,0.0014915925
2,004584,0,4.356433e-05
2,004585,0,0.0041230577
2,004586,0,0.00023367374
2,004587,0,4.0030554e-06
2,004588,0,2.9138157e-06
2,004589,0,0.021620562
2,004590,0,7.625147e-05
2,004591,0,0.0022161219
2,004592,0,3.3008935e-06
2,004593,0,0.0014978652
2,004594,0,0.016466383
2,004595,0,0.0004655145
2,004596,0,0.0045324317
2,004597,0,9.27692e-06
2,004598,0,0.0007495179
2,004599,0,0.0139344465
2,004601,0,1.7860053e-05
2,004602,0,4.2544576e-05
2,004603,0,4.037159e-05
2,004604,0,9.664924e-05
2,004605,0,0.09086045
2,004606,0,0.002836085
2,004607,0,0.008269959
2,004608,0,0.0066004815
2,004609,0,0.008148953
2,004610,0,0.005688784
2,004611,0,0.0001388633
2,004612,0,5.0301198e-05
2,004613,0,9.760374e-05
2,004614,0,3.3136745e-05
2,004615,0,0.0023025845
2,004616,0,0.00836747
2,004617,0,0.0673164
2,004618,0,0.021108553
2,004619,0,3.6715195e-05
2,004620,0,0.00015821008
2,004621,0,0.0001606184
2,004622,0,0.023373144
2,004623,0,0.31818467
2,004624,0,0.001581327
2,004625,0,0.0002490209
2,004626,0,1.4017928e-05
2,004627,0,1.9552419e-05
2,004628,0,0.00037713227
2,004629,0,0.00015415216
2,004630,0,0.00038303758
2,004631,0,0.00095487596
2,004632,0,2.63708e-06
2,004633,0,0.022099745
2,004634,0,0.04248536
2,004635,0,0.00043098786
2,004636,0,1.4044489e-05
2,004637,0,8.847352e-05
2,004638,0,0.00012893259
2,004639,0,0.007428893
2,004640,0,0.0001636659
2,004641,0,0.09986819
2,004642,0,0.0001385056
2,004643,0,0.021221863
2,004644,0,0.00987294
2,004645,0,0.00025917578
2,004646,0,0.004108805
2,004647,0,0.0059956536
2,004648,0,0.00086650805
2,004649,0,0.00070917653
2,004650,0,0.00016782004
2,004651,0,0.0010525229
2,004652,0,6.430428e-06
2,004653,0,0.00031061526
2,004654,0,0.040596846
2,004655,0,1.6221406e-06
2,004656,0,0.00047896954
2,004657,0,0.0028149516
2,004658,0,0.0015185949
2,004659,0,3.785816e-06
2,004660,0,0.037851498
2,004661,0,0.0012079623
2,004662,0,0.0017763526
2,004663,0,0.0022356662
2,004664,0,0.0040506967
2,004665,0,3.5727564e-06
2,004666,0,0.00836565
2,004667,0,0.0003973915
2,004668,0,2.3184559e-05
2,004669,0,0.00027730005
2,004670,0,0.00030886944
2,004671,0,6.60941e-06
2,004672,0,0.04741179
2,004673,0,0.0007856776
2,004674,0,0.00022447073
2,004675,0,0.0033887685
2,004676,0,0.00015540115
2,004677,0,0.00070690695
2,004678,0,2.9522341e-06
2,004679,0,6.929659e-06
2,004680,0,0.00036562257
2,004681,0,9.918517e-06
2,004682,0,2.7774471e-05
2,004683,0,0.0022246821
2,004684,0,0.00043687064
2,004685,0,0.00034818708
2,004686,0,0.00027921706
2,004687,0,0.0011752
2,004688,0,0.0002497687
2,004689,0,4.6795354e-05
2,004690,0,0.00031399372
2,004691,0,0.15876642
2,004692,0,4.1486608e-05
2,004693,0,8.19311e-06
2,004694,0,0.0011128124
2,004695,0,0.008900777
2,004696,0,0.0007920148
2,004697,0,0.019564966
2,004698,0,6.49994e-05
2,004699,0,6.46007e-05
2,004700,0,0.0004485736
2,004701,0,4.9539667e-05
2,004702,0,0.009503924
2,004703,0,0.0003223237
2,004704,0,0.0113376845
2,004705,0,0.011244646
2,004706,0,5.4225104e-05
2,004707,0,0.032896772
2,004708,0,0.0010863872
2,004709,0,0.069461845
2,004710,0,0.00084302056
2,004711,0,0.00026091578
2,004712,0,0.002580881
2,004713,0,0.020640176
2,004714,0,1.9683586e-05
2,004715,0,0.000104451705
2,004716,0,0.001517437
2,004717,0,9.735763e-06
2,004718,0,0.009650268
2,004719,0,0.0088679055
2,004720,0,0.00028429017
2,004721,0,0.006038411
2,004722,0,0.027413698
2,004723,0,0.05231699
2,004724,0,0.0015415673
2,004725,0,0.03412591
2,004726,0,3.9756364e-05
2,004727,0,2.340906e-05
2,004728,0,3.0452933e-05
2,004729,0,6.397606e-05
2,004730,0,2.887628e-05
2,004731,0,1.2851952e-05
2,004732,0,0.00042186535
2,004733,0,0.0037026042
2,004734,0,0.0070090406
2,004735,0,2.578263e-06
2,004736,0,5.592956e-06
2,004737,0,0.00013512709
2,004738,0,0.0008548447
2,004739,0,3.0095604e-05
2,004740,0,6.895356e-05
2,004741,0,0.01104771
2,004743,0,0.0014411543
2,004744,0,5.5385997e-05
2,004745,0,3.404299e-05
2,004746,0,0.0005478844
2,004747,0,0.07572735
2,004748,0,0.0005385592
2,004749,0,0.011621228
2,004750,0,0.0005410456
2,004751,0,0.00016739764
2,004752,0,0.00016046072
2,004753,0,0.0001168654
2,004754,0,1.3845898e-05
2,004755,0,0.007282497
2,004756,0,0.30375475
2,004757,0,0.0018398655
2,004758,0,0.0003760943
2,004759,0,0.01354263
2,004760,0,5.424e-05
2,004761,0,0.0041227858
2,004762,0,3.8234182e-05
2,004763,0,8.8485166e-08
2,004764,0,0.121215515
2,004765,0,0.1590725
2,004766,0,0.0014465082
2,004767,0,0.008606898
2,004768,0,1.1489954e-06
2,004769,0,4.906182e-05
2,004770,0,0.004731144
2,004771,0,0.015591783
2,004772,0,0.005229395
2,004773,0,0.00011227906
2,004774,0,1.8816774e-05
2,004775,0,8.1717015e-05
2,004776,0,2.7623103e-06
2,004777,0,0.025076903
2,004778,0,0.00044791217
2,004779,0,1.1999136e-06
2,004780,0,0.00022742468
2,004781,0,0.00015442772
2,004782,0,0.16675991
2,004783,0,0.00032563572
2,004784,0,2.0624452e-07
2,004785,0,4.9913815e-05
2,004786,0,0.013485101
2,004787,0,0.0022760103
2,004788,0,2.6665302e-05
2,004789,0,0.0015193716
2,004790,0,0.0009261708
2,004791,0,0.0051552975
2,004792,0,0.003052864
2,004793,0,0.13346893
2,004794,0,0.006053191
2,004795,0,0.00019934008
2,004796,0,3.954898e-06
2,004797,0,0.00015373323
2,004798,0,0.00011195085
2,004799,0,0.0017405098
2,004800,0,0.006195961
2,004801,0,0.0007406411
2,004802,0,0.00070370146
2,004803,0,0.0010428816
2,004804,0,0.0012586717
2,004805,0,1.9688487e-05
2,004806,0,0.032384392
2,004807,0,0.000273343
2,004808,0,0.00055398495
2,004809,0,0.0042320373
2,004810,0,0.00085813855
2,004811,0,0.00014742417
2,004813,0,0.08279929
2,004814,0,0.000109877095
2,004815,0,3.4157103e-05
2,004816,0,0.017954957
2,004817,0,0.00091933424
2,004818,0,8.398274e-05
2,004819,0,0.0028117197
2,004820,0,0.00025508399
2,004821,0,0.0025748597
2,004822,0,4.040047e-05
2,004824,0,0.0027039754
2,004825,0,0.0022363896
2,004827,0,0.0010220142
2,004828,0,1.5118169e-06
2,004829,0,0.0058468194
2,004830,0,0.0033938272
2,004831,0,0.0023769746
2,004832,0,0.003100755
2,004833,0,3.7800037e-05
2,004834,0,0.43090048
2,004835,0,0.00034925694
2,004836,0,0.0003341884
2,004837,0,0.007748161
2,004838,0,0.00045760046
2,004839,0,0.005789365
2,004840,0,0.000837983
2,004841,0,0.0004161145
2,004842,0,0.06693907
2,004843,0,0.00022883897
2,004844,0,0.009502991
2,004845,0,0.007842417
2,004846,0,0.03740129
2,004847,0,6.908487e-05
2,004848,0,2.1585968e-06
2,004849,0,0.04283802
2,004850,0,0.002587012
2,004851,0,0.025989765
2,004852,0,0.024343755
2,004853,0,0.37112552
2,004854,0,0.00027726914
2,004856,0,0.040768337
2,004857,0,1.787312e-05
2,004858,0,0.0002532551
2,004859,0,0.00070231565
2,004860,0,0.011165942
2,004861,0,7.378607e-06
2,004862,0,0.5624817
2,004863,0,0.0029461978
2,004864,0,0.0003111164
2,004865,0,0.0021745388
2,004866,0,0.0004707692
2,004867,0,0.0017459132
2,004868,0,9.355229e-05
2,004869,0,0.07883998
2,004870,0,0.000111294015
2,004871,0,0.019906526
2,004872,0,0.012870161
2,004873,0,0.00013450849
2,004874,0,0.00025066643
2,004875,0,1.2369372e-05
2,004876,0,0.00021628632
2,004877,0,0.004053616
2,004878,0,0.0040322575
2,004879,0,0.2433223
2,004881,0,0.0015217352
2,004882,0,2.055656e-06
2,004883,0,0.0040783067
2,004884,0,0.0023354793
2,004885,0,0.003780792
2,004886,0,0.00016684628
2,004887,0,0.00019093348
2,004888,0,0.00034630575
2,004889,0,0.00022528142
2,004891,0,5.6068933e-07
2,004892,0,5.130044e-05
2,004893,0,5.7098172e-05
2,004894,0,0.015416111
2,004895,0,0.006486177
2,004896,0,0.0065531014
2,004897,0,0.0011437704
2,004898,0,9.7335695e-05
2,004899,0,0.00015501711
2,004900,0,3.6232035e-05
2,004901,0,4.4382574e-05
2,004902,0,0.0012073605
2,004903,0,0.0026004815
2,004904,0,0.00032754213
2,004905,0,0.00081879186
2,004906,0,0.0024173777
2,004907,0,7.6303186e-05
2,004908,0,0.00040230458
2,004909,0,0.00016553988
2,004910,0,0.00012225815
2,004911,0,6.364789e-05
2,004912,0,0.0010783729
2,004913,0,0.00013209134
2,004914,0,3.6017136e-05
2,004915,0,2.8754817e-05
2,004916,0,0.008111132
2,004917,0,0.011490306
2,004918,0,0.0027928702
2,004919,0,4.462404e-06
2,004920,0,0.00018034327
2,004921,0,4.0674055e-05
2,004922,0,5.552559e-07
2,004923,0,5.5413468e-05
2,004924,0,0.0008199723
2,004925,0,0.0075350786
2,004926,0,0.005607228
2,004927,0,0.00010599387
2,004928,0,0.0025119535
2,004929,0,9.1087895e-05
2,004931,0,9.949296e-07
2,004932,0,0.010458792
2,004933,0,0.00016790071
2,004935,0,0.0004308839
2,004936,0,0.0008650392
2,004937,0,6.199833e-05
2,004938,0,0.00047766647
2,004939,0,5.0744788e-05
2,004940,0,0.0016156004
2,004941,0,0.0002543508
2,004942,0,0.00019508993
2,004943,0,7.969107e-06
2,004944,0,0.0004736423
2,004945,0,2.1569422e-06
2,004946,0,0.00016017456
2,004947,0,0.0012205977
2,004948,0,0.00030091428
2,004949,0,0.00096723525
2,004950,0,0.008857702
2,004951,0,0.00019988896
2,004952,0,0.0018693533
2,004953,0,4.5452252e-06
2,004954,0,0.00057732634
2,004955,0,0.00063746335
2,004956,0,0.08837517
2,004957,0,0.040328022
2,004958,0,0.0036171423
2,004959,0,0.9193256
2,004960,0,0.008539872
2,004961,0,0.00039290043
2,004962,0,0.00036157176
2,004963,0,0.00086574786
2,004964,0,0.010032937
2,004965,0,0.00025658924
2,004966,0,0.0015241222
2,004967,0,0.02203157
2,004968,0,4.743575e-06
2,004969,0,0.022384355
2,004970,0,3.000831e-05
2,004971,0,6.560394e-05
2,004972,0,0.0013728471
2,004973,0,0.002387323
2,004974,0,1.0362385e-05
2,004975,0,0.011893182
2,004976,0,0.009933839
2,004977,0,6.5056636e-05
2,004978,0,0.00045834022
2,004979,0,7.352771e-05
2,004980,0,0.00268964
2,004981,0,0.019398797
2,004982,0,0.0003779457
2,004983,0,0.0022685532
2,004984,0,0.00031137577
2,004985,0,0.0828536
2,004986,0,5.198993e-05
2,004987,0,0.0019921693
2,004988,0,0.00027596313
2,004989,0,0.0016583382
2,004990,0,1.1760169e-05
2,004991,0,5.3496733e-06
2,004992,0,0.000501823
2,004993,0,0.0029656528
2,004994,0,0.00029455556
2,004995,0,0.0029560006
2,004996,0,0.00045149136
2,004997,0,0.0007814361
2,004998,0,0.0012398958
2,004999,0,8.490337e-05
2,005000,0,0.00042427448
2,005001,0,0.30988654
2,005002,0,0.008119473
2,005003,0,5.1891904e-05
2,005004,0,0.0002458554
2,005005,0,0.0011716171
2,005006,0,0.0005544749
2,005007,0,0.0005678231
2,005008,0,6.2838412e-06
2,005009,0,0.00048155955
2,005010,0,5.5692176e-06
2,005011,0,0.009249415
2,005012,0,0.001885962
2,005013,0,0.005725869
2,005014,0,0.002048709
2,005015,0,0.00030450965
2,005016,0,0.002124862
2,005017,0,0.0022904528
2,005018,0,0.05054448
2,005019,0,0.00808581
2,005020,0,4.3692184e-05
2,005021,0,0.0037603981
2,005022,0,0.005106653
2,005023,0,0.001762487
2,005024,0,0.00044331164
2,005025,0,0.2890389
2,005026,0,0.0013868931
2,005027,0,6.875664e-05
2,005028,0,5.9131035e-06
2,005029,0,0.000121374986
2,005030,0,0.00024618214
2,005031,0,0.041185554
2,005032,0,0.0031864087
2,005033,0,0.0005882339
2,005034,0,0.0019508647
2,005035,0,1.6393486e-06
2,005036,0,0.0002540854
2,005037,0,0.00052212924
2,005038,0,0.0071452376
2,005040,0,0.0030665451
2,005041,0,0.0008412271
2,005042,0,0.0005618415
2,005043,0,0.025837176
2,005044,0,0.0003019198
2,005045,0,0.00048018436
2,005046,0,7.146998e-05
2,005047,0,0.004083665
2,005048,0,2.9075232e-05
2,005049,0,0.00089400256
2,005050,0,2.428806e-07
2,005051,0,0.00023501007
2,005052,0,0.00033308056
2,005053,0,0.0008859809
2,005054,0,0.095009424
2,005055,0,0.018958317
2,005056,0,0.023106296
2,005057,0,0.002305124
2,005058,0,0.00010021125
2,005059,0,0.00011118539
2,005060,0,0.010062714
2,005061,0,0.059503112
2,005062,0,0.0004945276
2,005063,0,0.00014506446
2,005064,0,0.026342
2,005065,0,0.0018323401
2,005066,0,4.0441795e-05
2,005067,0,1.5253419e-05
2,005068,0,0.14634772
2,005069,0,7.3521194e-05
2,005070,0,0.0049756905
2,005071,0,0.00080771674
2,005072,0,0.007369954
2,005073,0,0.00025788616
2,005074,0,3.126765e-05
2,005075,0,0.00026054142
2,005076,0,5.7447603e-05
2,005077,0,3.425503e-05
2,005078,0,0.11148647
2,005079,0,0.0007932735
2,005080,0,0.0026822367
2,005081,0,6.366246e-05
2,005082,0,0.034285367
2,005083,0,0.0055923136
2,005084,0,0.00019523413
2,005085,0,0.0005096355
2,005086,0,0.003997908
2,005087,0,3.6524207e-06
2,005088,0,0.03478321
2,005089,0,0.0010599212
2,005090,0,2.3631454e-05
2,005092,0,0.0023370285
2,005094,0,0.0013887897
2,005096,0,0.00492358
2,005097,0,1.3252276e-05
2,005099,0,0.00011195565
2,005100,0,0.0005481552
2,005101,0,7.4485455e-05
2,005102,0,2.2083635e-05
2,005103,0,0.0006363792
2,005104,0,0.0018837615
2,005105,0,0.014095181
2,005106,0,9.243662e-06
2,005107,0,0.00011176536
2,005108,0,3.5687513e-05
2,005109,0,0.07601856
2,005110,0,0.0044979104
2,005111,0,0.006509485
2,005112,0,0.00018671737
2,005113,0,0.00015140531
2,005114,0,0.0007567
2,005115,0,0.010962415
2,005116,0,3.213841e-05
2,005117,0,9.8631244e-05
2,005118,0,0.0013071819
2,005119,0,0.00047273794
2,005120,0,3.6479962e-06
2,005121,0,2.5433686e-05
2,005122,0,0.006039021
2,005123,0,0.0042561223
2,005124,0,0.009284316
2,005125,0,2.3885757e-05
2,005126,0,0.0052762586
2,005127,0,6.657531e-05
2,005128,0,4.916481e-05
2,005129,0,0.004591928
2,005130,0,8.435396e-06
2,005131,0,0.0021150461
2,005132,0,8.787595e-07
2,005133,0,0.057821896
2,005134,0,0.019852988
2,005135,0,6.613452e-05
2,005136,0,6.370479e-07
2,005137,0,0.0012342675
2,005138,0,2.9747742e-05
2,005139,0,0.02958591
2,005140,0,0.0008255973
2,005141,0,3.1353826e-05
2,005142,0,8.15292e-05
2,005143,0,0.0050688377
2,005144,0,0.0006856501
2,005145,0,0.00027508131
2,005146,0,0.03427386
2,005147,0,8.3405954e-05
2,005148,0,0.0007304918
2,005149,0,2.8589338e-05
2,005150,0,0.00062145706
2,005151,0,0.00083670404
2,005152,0,0.004751728
2,005153,0,0.00037700828
2,005154,0,0.0034140327
2,005155,0,0.025847452
2,005156,0,0.002204943
2,005157,0,6.433396e-05
2,005158,0,2.856563e-05
2,005159,0,8.916022e-05
2,005160,0,0.00071994757
2,005161,0,0.021456836
2,005162,0,1.4483328e-06
2,005163,0,0.00011772001
2,005164,0,5.0099658e-05
2,005165,0,0.0032510941
2,005166,0,0.00012547431
2,005167,0,0.00011444692
2,005168,0,1.7641987e-07
2,005169,0,0.1797042
2,005170,0,0.0007607721
2,005172,0,0.003835922
2,005173,0,4.023952e-05
2,005174,0,0.04127397
2,005175,0,0.0018126286
2,005176,0,9.052237e-05
2,005177,0,3.198007e-05
2,005178,0,6.742076e-06
2,005179,0,1.4424591e-05
2,005180,0,0.00032499927
2,005181,0,0.00059255544
2,005182,0,0.00010852414
2,005183,0,0.0016678815
2,005184,0,0.003161173
2,005185,0,0.27287123
2,005186,0,0.0047974293
2,005187,0,0.0059088077
2,005188,0,0.06456025
2,005189,0,0.012854165
2,005190,0,0.000112787704
2,005191,0,0.4852197
2,005192,0,1.9454921e-05
2,005193,0,0.023817133
2,005194,0,0.0005905877
2,005195,0,0.012867096
2,005196,0,0.017118284
2,005197,0,7.1596514e-05
2,005198,0,0.0013001275
2,005199,0,6.751945e-05
2,005200,0,0.074929
2,005201,0,0.093220115
2,005202,0,0.004949085
2,005203,0,0.003452432
2,005204,0,0.019275947
2,005205,0,3.3851422e-06
2,005206,0,2.4698581e-06
2,005207,0,0.003691904
2,005208,0,0.0026644594
2,005209,0,0.00068084756
2,005210,0,1.9061357e-05
2,005211,0,2.420883e-05
2,005212,0,8.728907e-05
2,005213,0,1.3602659e-05
2,005214,0,0.0012473596
2,005215,0,0.007973004
2,005216,0,0.035224546
2,005217,0,6.3385633e-06
2,005218,0,1.7212635e-05
2,005219,0,4.622978e-05
2,005220,0,0.002279736
2,005221,0,0.000317277
2,005222,0,0.00017874243
2,005223,0,3.3293636e-05
2,005224,0,0.0012100321
2,005225,0,0.00056338124
2,005226,0,0.04024284
2,005227,0,0.00025117432
2,005228,0,0.00041085872
2,005229,0,0.0021722286
2,005230,0,0.0015427545
2,005231,0,0.00019672043
2,005232,0,2.9886103e-05
2,005233,0,5.757534e-05
2,005234,0,1.5194967e-05
2,005235,0,0.00025438718
2,005236,0,0.0002109478
2,005237,0,7.5385535e-05
2,005238,0,0.00064595544
2,005239,0,0.00019858219
2,005240,0,6.010289e-06
2,005241,0,0.00010736277
2,005242,0,0.041576207
2,005243,0,0.00040135763
2,005244,0,0.00026992298
2,005245,0,0.002548663
2,005246,0,0.002273438
2,005247,0,1.4426999e-05
2,005248,0,0.0049231295
2,005249,0,0.022761023
2,005250,0,0.00693646
2,005251,0,0.0016138148
2,005252,0,9.092379e-05
2,005253,0,0.0046145674
2,005254,0,0.0015141714
2,005255,0,0.0001655525
2,005256,0,0.0024052043
2,005257,0,7.8033234e-05
2,005258,0,0.004243934
2,005259,0,0.011102416
2,005260,0,0.0063367775
2,005261,0,0.0064053624
2,005262,0,0.0003621496
2,005263,0,3.3627948e-05
2,005264,0,0.0005890247
2,005265,0,0.00026801098
2,005266,0,0.00064786116
2,005267,0,0.0037017427
2,005268,0,0.10870487
2,005269,0,0.00034407194
2,005270,0,9.407089e-06
2,005271,0,1.2212937e-05
2,005272,0,0.0017244049
2,005273,0,0.00017671278
2,005274,0,0.00012790265
2,005275,0,0.20121549
2,005276,0,0.0020239402
2,005277,0,0.0015507385
2,005278,0,0.020002007
2,005279,0,0.0008361365
2,005280,0,0.008515304
2,005281,0,4.1025276e-05
2,005282,0,3.118573e-05
2,005283,0,0.00050332403
2,005284,0,0.00328147
2,005285,0,0.004804713
2,005286,0,0.0011096272
2,005287,0,5.1419407e-05
2,005288,0,0.01507001
2,005289,0,0.00824664
2,005290,0,0.0005497327
2,005291,0,2.4316105e-06
2,005292,0,0.00024485416
2,005293,0,0.006572106
2,005294,0,0.0001239519
2,005295,0,0.0064908923
2,005296,0,0.0009207859
2,005297,0,0.0035137332
2,005298,0,0.8813856
2,005299,0,0.0002899269
2,005300,0,7.860312e-06
2,005301,0,2.1153455e-05
2,005302,0,3.5686255e-05
2,005303,0,0.0041104075
2,005304,0,8.359252e-05
2,005305,0,2.8527953e-05
2,005306,0,1.2883724e-05
2,005307,0,0.043032903
2,005308,0,0.015744852
2,005309,0,0.00010749758
2,005310,0,0.0054887617
2,005311,0,0.00066380773
2,005312,0,2.1129259e-05
2,005313,0,0.0020222226
2,005314,0,0.0011209016
2,005315,0,5.1243383e-05
2,005316,0,1.8893578e-06
2,005317,0,0.00020077739
2,005318,0,8.795676e-05
2,005319,0,6.969683e-06
2,005320,0,0.00010293286
2,005321,0,0.003368379
2,005322,0,1.5588314e-05
2,005323,0,0.0019583325
2,005324,0,0.0006120597
2,005325,0,5.6328014e-07
2,005326,0,0.0020442887
2,005327,0,0.015768094
2,005328,0,1.0659707e-05
2,005329,0,0.000109377914
2,005330,0,7.6293763e-06
2,005331,0,0.0011858428
2,005332,0,0.0014720487
2,005333,0,7.7709024e-05
2,005334,0,8.630305e-06
2,005336,0,0.02636538
2,005337,0,0.00031401287
2,005338,0,7.3069077e-06
2,005339,0,0.0009871526
2,005340,0,0.00053675607
2,005341,0,0.00070867286
2,005342,0,0.0011867665
2,005343,0,8.9406685e-06
2,005344,0,0.0008028923
2,005345,0,0.00011371036
2,005346,0,0.004750567
2,005347,0,5.5054223e-09
2,005348,0,0.0036806993
2,005349,0,0.00014426798
2,005350,0,0.003484853
2,005351,0,1.3462865e-05
2,005352,0,0.00022178296
2,005353,0,3.8680057e-05
2,005354,0,0.021087145
2,005355,0,2.6827084e-07
2,005356,0,5.7666657e-06
2,005357,0,7.895841e-05
2,005358,0,0.0006271964
2,005359,0,0.000382246
2,005360,0,0.025689492
2,005361,0,1.20585955e-05
2,005362,0,0.00015478978
2,005363,0,0.0008711008
2,005364,0,0.0010585362
2,005366,0,4.0352614e-05
2,005367,0,0.0014383784
2,005368,0,0.0008657962
2,005369,0,0.006461157
2,005370,0,0.00034248523
2,005371,0,0.00036119917
2,005372,0,0.00071790593
2,005374,0,0.018534154
2,005375,0,0.00085020997
2,005376,0,0.0003331663
2,005377,0,0.00032856298
2,005378,0,0.00019764827
2,005379,0,2.9984052e-05
2,005380,0,0.0043392
2,005381,0,0.0027765315
2,005382,0,7.8142475e-05
2,005383,0,0.23144318
2,005384,0,0.00537606
2,005385,0,0.0213755
2,005386,0,3.7456844e-05
2,005387,0,0.00018291587
2,005388,0,0.0019209353
2,005389,0,0.0012198066
2,005390,0,0.0004516771
2,005391,0,0.02785876
2,005392,0,7.157358e-06
2,005393,0,0.00040373855
2,005394,0,4.11689e-07
2,005395,0,0.005220673
2,005396,0,0.00073461176
2,005397,0,0.00010141124
2,005398,0,0.00019148554
2,005399,0,0.043085188
2,005400,0,0.00251474
2,005401,0,0.00031027486
2,005402,0,3.012265e-05
2,005403,0,0.006866928
2,005404,0,2.2796889e-05
2,005405,0,0.00054511917
2,005406,0,0.01042202
2,005407,0,0.00010256084
2,005408,0,0.0007461726
2,005409,0,3.7628193e-05
2,005410,0,0.013326276
2,005411,0,0.0003991334
2,005412,0,0.00021665597
2,005413,0,0.1353767
2,005414,0,3.2614284e-05
2,005415,0,0.022105727
2,005416,0,0.0002951456
2,005417,0,0.00014431421
2,005418,0,0.0017043418
2,005419,0,0.00018773261
2,005420,0,8.5151584e-07
2,005421,0,0.013184705
2,005422,0,8.507997e-05
2,005423,0,0.00015261167
2,005424,0,0.2983757
2,005425,0,0.0016762279
2,005426,0,0.00017088419
2,005427,0,0.00011884406
2,005428,0,7.672192e-05
2,005429,0,0.026307795
2,005430,0,0.032466933
2,005431,0,2.372392e-05
2,005432,0,0.00018401637
2,005433,0,0.13762358
2,005434,0,0.00658138
2,005435,0,6.596654e-05
2,005436,0,0.0011736131
2,005437,0,0.002074957
2,005438,0,6.1679944e-05
2,005439,0,0.0001957807
2,005440,0,8.815027e-06
2,005441,0,0.004320399
2,005442,0,0.00012899752
2,005443,0,1.9671165e-06
2,005444,0,0.00017247302
2,005445,0,0.00048575393
2,005447,0,0.00018387607
2,005448,0,0.00033570392
2,005449,0,1.883374e-05
2,005450,0,0.0024725797
2,005451,0,0.0001473244
2,005452,0,0.000818456
2,005453,0,0.00036720812
2,005454,0,0.0003092342
2,005455,0,0.0014316174
2,005456,0,2.8140344e-06
2,005458,0,0.00016276278
2,005459,0,0.017469237
2,005460,0,0.0026971996
2,005461,0,0.0016126313
2,005462,0,0.004783494
2,005463,0,4.419555e-07
2,005464,0,0.00014772925
2,005465,0,0.01591789
2,005466,0,5.964614e-06
2,005467,0,0.007286566
2,005468,0,0.0061905696
2,005469,0,4.9889735e-05
2,005470,0,3.2959215e-05
2,005471,0,0.031429622
2,005472,0,0.008160964
2,005473,0,3.3596214e-05
2,005474,0,0.0032274723
2,005475,0,0.00014600437
2,005476,0,0.0017795253
2,005477,0,1.7869083e-05
2,005478,0,0.00019333056
2,005479,0,0.0021530914
2,005480,0,0.0003713327
2,005481,0,0.0015510648
2,005482,0,0.007922332
2,005483,0,0.00324177
2,005484,0,0.0013258719
2,005485,0,0.00018409237
2,005486,0,0.0010223238
2,005487,0,0.0068962774
2,005488,0,8.524962e-06
2,005489,0,3.4197485e-05
2,005490,0,0.006042783
2,005491,0,0.0021035823
2,005492,0,4.7696612e-05
2,005493,0,8.285443e-06
2,005494,0,6.9251996e-07
2,005496,0,0.00037828056
2,005497,0,0.0003721648
2,005498,0,2.2362524e-06
2,005499,0,0.00049237214
2,005500,0,0.0011077336
2,005501,0,0.00017928539
2,005502,0,0.003734471
2,005503,0,0.003768164
2,005504,0,0.0026415586
2,005505,0,1.4240141e-05
2,005506,0,0.002119729
2,005507,0,2.4545165e-05
2,005508,0,0.0014343413
2,005509,0,0.0004114833
2,005510,0,1.3252726e-07
2,005511,0,3.8153248e-05
2,005512,0,0.00012746337
2,005513,0,9.659756e-07
2,005514,0,0.0009389056
2,005515,0,0.00010080576
2,005516,0,0.0153800445
2,005517,0,3.6714217e-05
2,005518,0,9.706094e-07
2,005519,0,0.00082587707
2,005520,0,0.0052024364
2,005521,0,0.0029301068
2,005522,0,1.9632618e-07
2,005523,0,0.000136213
2,005524,0,0.0033911625
2,005525,0,0.010041499
2,005526,0,0.0006915445
2,005527,0,0.002342263
2,005528,0,0.001557169
2,005529,0,0.0070163584
2,005530,0,0.0057817507
2,005531,0,0.013262938
2,005532,0,0.00024202508
2,005533,0,5.207801e-05
2,005535,0,0.0016476678
2,005536,0,0.00014946482
2,005537,0,0.003063497
2,005538,0,0.037280705
2,005539,0,1.4016765e-05
2,005540,0,2.8190303e-05
2,005541,0,5.124777e-06
2,005542,0,0.0006198201
2,005543,0,0.00036715213
2,005544,0,7.808251e-05
2,005545,0,8.208675e-05
2,005546,0,0.00061085017
2,005547,0,0.0010363813
2,005549,0,4.0710725e-05
2,005550,0,8.513029e-05
2,005551,0,6.394803e-08
2,005552,0,0.0021320577
2,005553,0,0.0002874923
2,005554,0,0.00047457643
2,005555,0,6.1780964e-05
2,005556,0,3.3720982e-05
2,005557,0,0.00023261807
2,005558,0,0.00025535238
2,005559,0,0.0006286073
2,005560,0,0.008563045
2,005561,0,1.5885696e-05
2,005562,0,7.914764e-06
2,005563,0,0.005420238
2,005564,0,2.5364448e-06
2,005565,0,0.033242077
2,005566,0,0.0009960206
2,005567,0,0.00067374314
2,005568,0,1.8305758e-05
2,005569,0,5.0234667e-07
2,005570,0,0.0022539361
2,005571,0,2.0454328e-05
2,005572,0,0.00013441732
2,005573,0,3.134046e-05
2,005574,0,0.0030610457
2,005575,0,0.0093582375
2,005576,0,1.4575777e-06
2,005577,0,0.000136037
2,005578,0,0.0003497962
2,005579,0,0.0007121568
2,005580,0,0.009182685
2,005581,0,0.017417846
2,005582,0,0.010647065
2,005583,0,0.003048409
2,005584,0,2.795957e-05
2,005585,0,0.0068887016
2,005586,0,0.00057998335
2,005587,0,0.00047943066
2,005588,0,0.008584556
2,005589,0,0.0012989474
2,005590,0,0.00040662853
2,005591,0,0.0011980742
2,005592,0,0.0008437374
2,005593,0,7.320226e-05
2,005594,0,0.00081728696
2,005595,0,1.8645113e-06
2,005596,0,0.02181338
2,005597,0,0.00054475013
2,005598,0,0.0065167607
2,005599,0,5.5897606e-05
2,005600,0,0.00012769147
2,005601,0,0.3146389
2,005602,0,0.0039179153
2,005603,0,1.9929343e-05
2,005604,0,0.03386238
2,005605,0,0.083625175
2,005606,0,1.7667104e-05
2,005607,0,4.4374367e-05
2,005608,0,0.00067026843
2,005609,0,0.0020272713
2,005610,0,4.6246447e-07
2,005611,0,0.003734228
2,005612,0,5.6193994e-06
2,005613,0,0.0074987574
2,005614,0,0.002364868
2,005615,0,0.00046386823
2,005616,0,0.0011176697
2,005617,0,0.0028942463
2,005619,0,0.02232308
2,005620,0,0.00025764678
2,005621,0,0.0028972547
2,005622,0,0.00010723477
2,005624,0,6.697303e-05
2,005625,0,0.029595185
2,005626,0,5.9093134e-05
2,005627,0,7.154232e-05
2,005628,0,4.6527757e-07
2,005629,0,0.0010032295
2,005630,0,3.5115423e-05
2,005631,0,3.0076899e-05
2,005632,0,5.391439e-05
2,005633,0,0.0008118555
2,005634,0,0.01564904
2,005635,0,0.0020263137
2,005636,0,0.0005241625
2,005637,0,5.5396667e-05
2,005638,0,0.00019898762
2,005639,0,0.023190668
2,005640,0,0.0053432486
2,005642,0,0.00041698333
2,005643,0,0.002126443
2,005644,0,0.0004656115
2,005645,0,0.00044369887
2,005646,0,0.00021354988
2,005647,0,1.3465898e-06
2,005648,0,0.0001258364
2,005649,0,1.5548152e-05
2,005650,0,3.4217155e-05
2,005651,0,5.7847923e-05
2,005652,0,0.0033324377
2,005653,0,0.0013238883
2,005654,0,5.6135537e-05
2,005655,0,0.0006763654
2,005656,0,7.426537e-05
2,005657,0,0.00055166753
2,005658,0,0.00014779645
2,005659,0,0.0010814962
2,005660,0,6.071535e-07
2,005661,0,0.0033710392
2,005662,0,0.00287261
2,005663,0,9.972517e-05
2,005664,0,0.000121127225
2,005665,0,0.23742852
2,005666,0,0.0060612354
2,005667,0,0.0004050908
2,005668,0,0.03448894
2,005669,0,0.00045693156
2,005670,0,0.0007030874
2,005671,0,0.17126653
2,005672,0,0.0017281093
2,005673,0,0.000608867
2,005674,0,6.4057436e-05
2,005675,0,0.050890367
2,005676,0,0.0002661648
2,005677,0,0.0001350556
2,005678,0,0.00023297165
2,005679,0,0.0002518172
2,005680,0,0.00020142511
2,005681,0,0.00010540564
2,005682,0,0.4632258
2,005683,0,4.2584517e-05
2,005684,0,0.0008108079
2,005685,0,0.00039300232
2,005686,0,0.29675397
2,005687,0,3.5995196e-05
2,005688,0,0.0052359723
2,005689,0,8.862027e-05
2,005690,0,0.0007065288
2,005691,0,7.5270385e-05
2,005692,0,0.029352628
2,005693,0,3.824616e-06
2,005694,0,0.0012361187
2,005695,0,0.0010417154
2,005696,0,5.9828504e-05
2,005697,0,0.00010910469
2,005698,0,0.36269358
2,005699,0,0.0026402124
2,005700,0,4.341811e-06
2,005701,0,0.04433989
2,005702,0,1.08838685e-05
2,005703,0,0.0005639878
2,005704,0,0.0003817413
2,005705,0,0.025390327
2,005706,0,0.0021331029
2,005707,0,1.5220508e-05
2,005708,0,0.004180973
2,005709,0,0.0037416418
2,005710,0,0.00015012528
2,005711,0,0.0141331125
2,005712,0,0.0032570874
2,005713,0,0.00012056225
2,005714,0,0.0018101663
2,005715,0,7.382372e-06
2,005717,0,0.0017490016
2,005718,0,0.0006012675
2,005719,0,5.1144714e-05
2,005720,0,0.016347809
2,005721,0,0.00041481425
2,005722,0,0.00025894362
2,005723,0,9.756448e-05
2,005724,0,0.0007517651
2,005725,0,8.556809e-06
2,005726,0,0.00042063015
2,005727,0,7.683443e-07
2,005728,0,6.648929e-06
2,005729,0,0.000953044
2,005730,0,0.00060891017
2,005731,0,0.000117637304
2,005732,0,6.174973e-06
2,005733,0,0.00031589376
2,005734,0,0.84919035
2,005735,0,0.0023849255
2,005736,0,1.1454732e-05
2,005737,0,4.7604502e-05
2,005738,0,0.00016201136
2,005739,0,0.002125396
2,005740,0,3.4296936e-05
2,005741,0,0.00088148646
2,005742,0,0.00029458813
2,005743,0,7.09686e-07
2,005744,0,6.493594e-06
2,005745,0,3.1474527e-05
2,005746,0,0.0004175129
2,005747,0,5.0422033e-05
2,005748,0,0.00023745907
2,005749,0,0.0063539026
2,005750,0,2.9521654e-05
2,005751,0,0.0015514955
2,005752,0,4.91246e-05
2,005753,0,0.002459654
2,005754,0,0.114185855
2,005755,0,0.00090775685
2,005756,0,0.00021913908
2,005757,0,0.0032466426
2,005758,0,0.05425105
2,005759,0,0.14849238
2,005760,0,0.00066310493
2,005761,0,2.2434753e-05
2,005762,0,5.837335e-06
2,005763,0,0.00016531133
2,005764,0,0.007899066
2,005765,0,5.6170717e-05
2,005766,0,7.74097e-05
2,005767,0,1.7778179e-05
2,005768,0,0.02162956
2,005769,0,1.1085827e-05
2,005770,0,0.04532605
2,005771,0,1.9432332e-06
2,005772,0,0.006262171
2,005773,0,0.0045056203
2,005774,0,0.0002443758
2,005775,0,0.027566083
2,005776,0,0.7516332
2,005777,0,0.00052619516
2,005778,0,0.0013047421
2,005779,0,0.18719305
2,005780,0,0.0007677261
2,005781,0,2.9899638e-06
2,005782,0,0.14442325
2,005783,0,2.8873467e-07
2,005784,0,0.024165541
2,005785,0,9.509509e-05
2,005786,0,1.1353848e-05
2,005787,0,0.00014392145
2,005788,0,0.0006543476
2,005789,0,0.002705268
2,005790,0,0.00019772687
2,005791,0,0.000646304
2,005792,0,0.00022539594
2,005793,0,0.0006860305
2,005795,0,0.00016368977
2,005796,0,4.8994443e-05
2,005797,0,1.0683511e-05
2,005798,0,0.00087923836
2,005799,0,7.697254e-05
2,005800,0,0.008370216
2,005801,0,0.0012583074
2,005802,0,0.001144608
2,005803,0,2.5838017e-05
2,005804,0,0.00014947994
2,005805,0,0.000500204
2,005807,0,0.00031249187
2,005808,0,0.02019702
2,005809,0,0.004245986
2,005810,0,0.000205582
2,005811,0,0.0002550283
2,005812,0,0.00030411856
2,005813,0,4.5900928e-05
2,005814,0,4.430278e-05
2,005816,0,2.1339142e-06
2,005817,0,1.3305107e-05
2,005818,0,0.0032111257
2,005819,0,0.009813945
2,005820,0,0.26766568
2,005821,0,0.038388528
2,005822,0,0.005243692
2,005823,0,1.3564384e-06
2,005824,0,0.01838745
2,005825,0,0.0002900754
2,005826,0,5.2193636e-06
2,005827,0,0.024194514
2,005828,0,0.012913378
2,005829,0,0.0016989552
2,005830,0,0.00016022466
2,005831,0,0.00049095193
2,005832,0,0.0001347186
2,005833,0,0.00036666644
2,005834,0,0.013133255
2,005835,0,0.02341258
2,005836,0,0.015943209
2,005837,0,5.1535946e-05
2,005838,0,9.4995903e-07
2,005839,0,0.0021185058
2,005840,0,0.0001888684
2,005841,0,7.284704e-05
2,005842,0,0.0004390694
2,005843,0,0.00721299
2,005844,0,5.246309e-07
2,005845,0,0.0075151604
2,005846,0,0.0007703809
2,005847,0,0.00034117483
2,005848,0,0.0010207692
2,005849,0,0.005811179
2,005850,0,0.002024154
2,005851,0,0.0011265235
2,005852,0,8.051514e-05
2,005853,0,0.0041001453
2,005854,0,4.760343e-06
2,005855,0,0.06867145
2,005856,0,0.031226084
2,005857,0,0.0022777142
2,005858,0,1.5629397e-05
2,005859,0,0.009576032
2,005860,0,0.00015365424
2,005861,0,8.6941445e-06
2,005862,0,2.0221432e-05
2,005863,0,0.001444548
2,005864,0,0.00016264334
2,005865,0,0.00078210694
2,005866,0,1.12907255e-05
2,005867,0,0.0015635474
2,005868,0,6.3948846e-06
2,005869,0,6.970386e-05
2,005870,0,0.0027071277
2,005871,0,0.00014467437
2,005872,0,8.53242e-05
2,005873,0,0.00014250033
2,005874,0,1.1707983e-06
2,005875,0,0.00016889737
2,005876,0,1.614674e-05
2,005877,0,0.0018794342
2,005878,0,0.017175937
2,005879,0,0.00023188067
2,005880,0,3.7155725e-05
2,005881,0,2.7233904e-05
2,005882,0,3.4910012e-05
2,005883,0,0.0014894181
2,005884,0,3.3559808e-09
2,005885,0,0.00015298481
2,005886,0,5.080635e-06
2,005887,0,0.0013999036
2,005888,0,0.0011260996
2,005889,0,7.3330793e-06
2,005890,0,1.6483911e-05
2,005891,0,0.0024005338
2,005892,0,0.00049664837
2,005893,0,0.0006417503
2,005894,0,0.0025100627
2,005895,0,0.011413043
2,005897,0,0.0019020957
2,005898,0,0.0031871053
2,005899,0,0.00017341346
2,005900,0,0.0012342505
2,005902,0,0.00026061
2,005903,0,5.8489695e-06
2,005904,0,2.4129244e-05
2,005905,0,0.0063387565
2,005906,0,0.00018899143
2,005907,0,0.00021349614
2,005908,0,1.0277549e-05
2,005909,0,0.0067815026
2,005910,0,0.0002788534
2,005911,0,4.1687363e-05
2,005912,0,0.0019281401
2,005913,0,0.017877877
2,005914,0,0.0021428843
2,005915,0,1.0665838e-05
2,005916,0,0.00018153196
2,005917,0,0.00073411304
2,005918,0,0.0033552865
2,005919,0,0.0049908864
2,005920,0,9.231989e-06
2,005921,0,0.005064965
2,005922,0,0.00021528333
2,005923,0,0.00028523715
2,005924,0,0.0001272164
2,005925,0,0.0011210461
2,005926,0,5.9493403e-05
2,005927,0,0.041132387
2,005928,0,0.00023083399
2,005929,0,0.0003682709
2,005930,0,0.0015714152
2,005931,0,0.0048902435
2,005932,0,0.00042296282
2,005933,0,3.2416825e-05
2,005934,0,7.6982156e-05
2,005935,0,0.0014514903
2,005936,0,0.0021364032
2,005937,0,0.30073705
2,005938,0,9.241443e-05
2,005939,0,9.744139e-07
2,005940,0,0.0040996545
2,005941,0,0.012171828
2,005942,0,0.0015626783
2,005943,0,2.8461185e-05
2,005944,0,1.1806771e-05
2,005945,0,0.0155751
2,005946,0,0.0008734471
2,005947,0,0.011205894
2,005949,0,0.0002431436
2,005950,0,0.00066770415
2,005951,0,6.26703e-06
2,005952,0,9.4881776e-05
2,005953,0,0.06624527
2,005954,0,4.4154523e-05
2,005955,0,0.048605144
2,005956,0,0.50618786
2,005957,0,0.019512516
2,005958,0,3.6079087e-05
2,005959,0,2.9459135e-05
2,005960,0,1.6609567e-05
2,005961,0,0.004178244
2,005962,0,0.02190418
2,005963,0,0.0021047667
2,005964,0,0.0019268135
2,005965,0,2.460401e-05
2,005966,0,0.0032095236
2,005967,0,0.00018365057
2,005968,0,0.00035264075
2,005969,0,8.985338e-06
2,005970,0,0.15039043
2,005971,0,0.097098045
2,005972,0,0.00034390617
2,005973,0,0.0002797121
2,005974,0,0.006472873
2,005975,0,0.00026259635
2,005976,0,1.530636e-05
2,005977,0,1.0277107e-05
2,005978,0,0.009512574
2,005979,0,5.815956e-05
2,005980,0,0.00013863771
2,005981,0,0.00080740784
2,005982,0,0.0054699127
2,005983,0,0.00019864581
2,005984,0,0.00064458774
2,005985,0,0.0028655953
2,005986,0,4.3540575e-05
2,005987,0,0.06983081
2,005988,0,5.399883e-05
2,005989,0,0.00046268228
2,005990,0,0.003711724
2,005991,0,0.0033861448
2,005992,0,2.0467754e-05
2,005993,0,0.00033011215
2,005994,0,1.5292133e-05
2,005995,0,0.08306774
2,005996,0,0.00010799085
2,005997,0,0.033659168
2,005998,0,1.8101935e-05
2,005999,0,5.0928327e-05
2,006000,0,0.0045352057
2,006001,0,1.0347907e-05
2,006002,0,2.7310967e-05
2,006003,0,0.00063301076
2,006004,0,2.6966292e-05
2,006005,0,5.7306326e-05
2,006006,0,0.0027790493
2,006007,0,4.7118652e-07
2,006008,0,0.001394241
2,006009,0,7.3612605e-06
2,006010,0,0.00075074023
2,006011,0,0.0054181563
2,006012,0,1.7712368e-06
2,006013,0,0.020606246
2,006014,0,0.000196057
2,006015,0,0.00028029352
2,006016,0,0.0366781
2,006017,0,0.004514895
2,006018,0,0.0037497126
2,006019,0,0.0011532492
2,006020,0,0.0050260955
2,006021,0,0.00015262405
2,006022,0,0.00013215383
2,006023,0,5.08745e-05
2,006024,0,0.0047288965
2,006025,0,0.005328658
2,006026,0,0.0013457047
2,006027,0,0.0004081513
2,006028,0,0.0006186465
2,006029,0,0.00022075405
2,006030,0,6.42527e-08
2,006031,0,0.17774317
2,006032,0,0.00018142172
2,006033,0,0.009679043
2,006034,0,0.0038245216
2,006035,0,0.0025332647
2,006036,0,0.012178457
2,006037,0,9.745587e-05
2,006038,0,0.002146281
2,006039,0,0.009637966
2,006040,0,0.00046033904
2,006041,0,0.00033240614
2,006042,0,0.0034708753
2,006043,0,1.6049908e-06
2,006044,0,0.0003428833
2,006045,0,3.5536998e-06
2,006046,0,3.0068237e-05
2,006047,0,0.0036523256
2,006048,0,0.00039528363
2,006049,0,8.664678e-06
2,006050,0,0.0022390403
2,006051,0,0.0013271252
2,006052,0,0.0018374554
2,006053,0,0.00031936736
2,006054,0,2.530803e-06
2,006055,0,0.00033816104
2,006056,0,0.19977935
2,006057,0,0.0008121012
2,006058,0,0.0008874844
2,006059,0,0.00080042944
2,006060,0,4.0732823e-05
2,006061,0,0.0011253608
2,006062,0,0.00032498193
2,006063,0,0.001429548
2,006064,0,0.0059675397
2,006065,0,0.00014842988
2,006066,0,0.0009224363
2,006067,0,0.08398449
2,006068,0,0.009100332
2,006069,0,0.001186149
2,006070,0,0.0037586852
2,006071,0,4.3125354e-05
2,006072,0,5.7877776e-05
2,006073,0,0.0001484265
2,006074,0,0.0009261867
2,006075,0,0.0020043135
2,006076,0,0.00017531995
2,006077,0,0.0038171802
2,006078,0,0.005471049
2,006079,0,0.00034826793
2,006080,0,0.008420289
2,006081,0,3.914575e-06
2,006082,0,0.00011586574
2,006083,0,0.16697285
2,006084,0,0.0002603125
2,006085,0,0.004611695
2,006086,0,4.6826094e-06
2,006087,0,3.5893603e-07
2,006088,0,0.0064908303
2,006089,0,0.00034376752
2,006090,0,6.886688e-05
2,006091,0,0.00301803
2,006092,0,0.21197146
2,006093,0,0.00026809174
2,006094,0,0.0045228316
2,006095,0,7.7842305e-05
2,006096,0,0.00020921874
2,006097,0,0.0005904107
2,006098,0,0.00079882017
2,006099,0,0.0062598656
2,006100,0,0.0009141472
2,006101,0,7.725721e-07
2,006102,0,1.0962705e-05
2,006103,0,0.00070185895
2,006104,0,0.0018863291
2,006105,0,0.00015097584
2,006106,0,0.0793808
2,006107,0,0.002676872
2,006108,0,0.00013217854
2,006109,0,0.00037602833
2,006110,0,0.00031576006
2,006111,0,0.22473606
2,006112,0,0.014551708
2,006113,0,6.4892505e-05
2,006114,0,0.00047972827
2,006115,0,0.024175368
2,006116,0,0.01221641
2,006117,0,0.006839378
2,006118,0,1.0001572e-05
2,006120,0,9.925452e-05
2,006121,0,0.0002524516
2,006122,0,0.008143756
2,006123,0,0.0030568037
2,006124,0,0.00073340436
2,006125,0,0.00019786625
2,006126,0,0.007955166
2,006127,0,0.030839898
2,006128,0,2.2350785e-05
2,006129,0,0.015455846
2,006130,0,0.004453243
2,006131,0,0.008702121
2,006132,0,6.3546395e-06
2,006133,0,4.204625e-05
2,006134,0,0.0010952657
2,006135,0,7.116862e-05
2,006136,0,0.0023844242
2,006137,0,4.4975516e-07
2,006138,0,5.248824e-06
2,006139,0,1.2093086e-05
2,006140,0,2.6721713e-05
2,006141,0,2.812336e-05
2,006142,0,3.1337743e-06
2,006144,0,0.0027199246
2,006145,0,0.00095272396
2,006146,0,4.51877e-06
2,006147,0,0.0008019446
2,006148,0,0.0013013986
2,006149,0,3.143538e-05
2,006150,0,0.0015875803
2,006151,0,0.0011082725
2,006152,0,6.821836e-05
2,006153,0,0.0028510534
2,006154,0,0.00988658
2,006155,0,0.002255319
2,006156,0,0.0007745964
2,006157,0,0.0007422401
2,006158,0,4.7761314e-06
2,006160,0,0.0061823195
2,006161,0,8.234924e-05
2,006162,0,0.0023925754
2,006163,0,0.0014075978
2,006164,0,0.0026434725
2,006165,0,0.01768485
2,006166,0,0.0003786121
2,006167,0,0.00020349739
2,006168,0,0.0025940016
2,006169,0,0.00011279953
2,006170,0,0.006669936
2,006171,0,9.167976e-06
2,006172,0,0.0015539911
2,006173,0,0.00030377487
2,006174,0,0.0053619556
2,006175,0,0.01951604
2,006176,0,0.03142682
2,006177,0,8.27324e-05
2,006178,0,3.1496893e-05
2,006179,0,1.43256275e-05
2,006180,0,1.6096956e-05
2,006181,0,1.9956678e-08
2,006182,0,0.003465542
2,006183,0,0.009231608
2,006184,0,0.00022740148
2,006185,0,0.00047339176
2,006186,0,0.0007497647
2,006187,0,0.00053589774
2,006188,0,0.0041156597
2,006189,0,0.08754567
2,006190,0,0.006370367
2,006192,0,0.0006223574
2,006193,0,0.0009362279
2,006194,0,0.003372212
2,006195,0,0.00030570256
2,006196,0,9.448519e-06
2,006197,0,3.9079428e-06
2,006198,0,0.005315721
2,006199,0,0.0024358172
2,006200,0,0.10499336
2,006201,0,0.048572842
2,006202,0,0.00028740978
2,006203,0,1.9428648e-05
2,006204,0,1.1203833e-05
2,006205,0,0.008504413
2,006206,0,0.00034809348
2,006207,0,0.007856469
2,006208,0,0.00020401651
2,006209,0,1.015512e-05
2,006210,0,6.739729e-05
2,006211,0,0.006643007
2,006212,0,6.495727e-05
2,006213,0,2.0913596e-05
2,006214,0,0.0014119988
2,006215,0,1.086457e-05
2,006216,0,0.005858503
2,006217,0,1.6844556e-06
2,006218,0,0.00013291133
2,006219,0,8.7240296e-05
2,006220,0,0.024463588
2,006221,0,0.0034956464
2,006222,0,0.00015624748
2,006223,0,0.0037741081
2,006224,0,6.839945e-05
2,006225,0,0.0011437137
2,006226,0,2.1647918e-05
2,006227,0,0.004418859
2,006228,0,0.0006832536
2,006229,0,0.0051084
2,006230,0,0.00012228462
2,006231,0,8.974556e-06
2,006232,0,0.0013348261
2,006233,0,8.469534e-06
2,006234,0,9.537766e-06
2,006235,0,0.0021879838
2,006236,0,0.00018807697
2,006237,0,0.0020605763
2,006238,0,0.00037379257
2,006239,0,3.3843757e-05
2,006240,0,1.856936e-05
2,006241,0,4.731137e-05
2,006242,0,0.011037587
2,006243,0,1.32822615e-05
2,006244,0,0.048042484
2,006245,0,0.28741473
2,006246,0,0.000115235714
2,006247,0,0.00073667313
2,006248,0,0.000100843354
2,006249,0,0.0016457848
2,006250,0,0.00019158561
2,006251,0,0.0012048435
2,006252,0,1.0262428e-06
2,006253,0,0.002209078
2,006254,0,0.00015285825
2,006255,0,0.00045829063
2,006256,0,0.0026877248
2,006257,0,0.009432262
2,006258,0,0.0032083413
2,006259,0,0.00029742828
2,006260,0,0.004242596
2,006261,0,0.00073198834
2,006262,0,0.6272784
2,006263,0,3.5962992e-06
2,006264,0,0.01708475
2,006265,0,0.0025665334
2,006266,0,9.163527e-05
2,006267,0,0.0001623446
2,006268,0,0.0041376585
2,006269,0,0.0027564254
2,006270,0,0.00030359073
2,006271,0,5.0948415e-06
2,006272,0,1.955677e-07
2,006273,0,0.0006095942
2,006274,0,4.9864845e-08
2,006275,0,3.9095183e-05
2,006276,0,0.0015625271
2,006277,0,0.0012387347
2,006278,0,8.802408e-07
2,006279,0,0.0018161875
2,006280,0,0.017249519
2,006281,0,5.999735e-07
2,006282,0,0.00035500448
2,006283,0,0.0005253855
2,006284,0,4.9393907e-06
2,006285,0,0.008052925
2,006286,0,0.009837925
2,006287,0,0.00017036358
2,006288,0,6.0099264e-05
2,006289,0,0.017861992
2,006290,0,2.1758276e-06
2,006292,0,0.00019618489
2,006293,0,0.0011283358
2,006294,0,0.0010203492
2,006295,0,8.416883e-05
2,006296,0,1.1040776e-05
2,006297,0,0.0025009173
2,006298,0,0.000107542386
2,006299,0,4.861309e-05
2,006300,0,0.0004680413
2,006301,0,0.0004597387
2,006302,0,0.0004356316
2,006303,0,0.0007564451
2,006304,0,0.0034205478
2,006305,0,0.00031996772
2,006306,0,0.0006438607
2,006307,0,0.00076845917
2,006308,0,0.0023528535
2,006309,0,2.3845883e-05
2,006310,0,0.004344574
2,006311,0,0.35191578
2,006312,0,0.00012433971
2,006313,0,0.002936659
2,006314,0,0.002858421
2,006315,0,1.1971616e-05
2,006316,0,0.0010893553
2,006317,0,2.8948656e-05
2,006318,0,0.0023345274
2,006319,0,0.0011448665
2,006320,0,1.4648921e-05
2,006321,0,0.001507531
2,006322,0,4.8996822e-05
2,006323,0,0.0015437978
2,006324,0,0.0028502468
2,006325,0,5.154224e-05
2,006326,0,0.00021473126
2,006327,0,3.125054e-05
2,006328,0,0.0035997664
2,006329,0,0.00018068252
2,006330,0,0.0049345726
2,006331,0,0.00027795119
2,006332,0,0.0008828851
2,006333,0,8.85006e-05
2,006334,0,9.6595295e-06
2,006335,0,0.0003396369
2,006336,0,5.5015513e-05
2,006337,0,0.00071578234
2,006338,0,0.002261255
2,006339,0,0.0009708988
2,006340,0,0.00010326142
2,006341,0,7.846711e-06
2,006342,0,3.570603e-05
2,006343,0,0.14582685
2,006344,0,0.00043298793
2,006345,0,8.044484e-05
2,006346,0,0.00029579294
2,006347,0,8.765817e-05
2,006348,0,0.00031172298
2,006349,0,1.146975e-07
2,006350,0,0.0034562438
2,006351,0,6.360536e-05
2,006352,0,5.676212e-05
2,006353,0,5.4472635e-05
2,006354,0,3.243788e-05
2,006355,0,0.00026876916
2,006356,0,0.0006336684
2,006358,0,0.0006844554
2,006359,0,0.015013134
2,006360,0,4.8039197e-05
2,006361,0,0.00082622137
2,006362,0,0.0009903328
2,006363,0,0.0001310143
2,006364,0,0.048697166
2,006365,0,0.0026661884
2,006366,0,4.0655823e-06
2,006367,0,5.3265576e-05
2,006368,0,0.017779624
2,006369,0,0.00016213453
2,006370,0,3.4904433e-06
2,006371,0,9.538499e-05
2,006372,0,0.0017933701
2,006373,0,0.0003882639
2,006374,0,0.00043199188
2,006375,0,0.0015690573
2,006376,0,0.00394545
2,006377,0,0.00072393933
2,006378,0,2.3463617e-05
2,006379,0,0.06780105
2,006380,0,0.0012310962
2,006381,0,3.086897e-08
2,006382,0,1.6824419e-05
2,006383,0,0.017357372
2,006384,0,0.0027388441
2,006385,0,0.00018621758
2,006386,0,0.010392889
2,006387,0,0.4180625
2,006388,0,0.00011923488
2,006389,0,5.8756035e-07
2,006390,0,0.0045013893
2,006391,0,4.414712e-06
2,006392,0,0.00052221963
2,006393,0,3.8322447e-05
2,006394,0,0.008899663
2,006395,0,0.0009723897
2,006396,0,0.00026286565
2,006397,0,0.00014068052
2,006398,0,0.0014492734
2,006399,0,0.003802588
2,006400,0,0.0021214655
2,006401,0,7.366731e-05
2,006402,0,5.5798657e-05
2,006403,0,0.001963963
2,006404,0,5.904211e-06
2,006405,0,0.00022705332
2,006406,0,0.001166654
2,006407,0,0.007949756
2,006408,0,0.023764612
2,006410,0,7.3822107e-06
2,006411,0,0.00045707318
2,006412,0,0.5028801
2,006413,0,6.849691e-06
2,006414,0,0.00092256645
2,006415,0,0.002507565
2,006416,0,1.9326751e-05
2,006417,0,0.00025139714
2,006418,0,0.06605128
2,006419,0,0.0044787964
2,006420,0,0.008497556
2,006421,0,0.0066993968
2,006422,0,0.0021500855
2,006423,0,0.0006410112
2,006424,0,0.0008715438
2,006425,0,0.0034114232
2,006426,0,5.0486266e-05
2,006427,0,5.377283e-05
2,006428,0,5.036062e-06
2,006429,0,0.006096444
2,006431,0,0.0019853408
2,006432,0,0.09224074
2,006433,0,0.003680736
2,006434,0,9.813721e-05
2,006435,0,1.3926746e-05
2,006436,0,0.0009754471
2,006437,0,0.00081504247
2,006438,0,0.22485045
2,006439,0,0.000710963
2,006440,0,0.0031399033
2,006441,0,0.00039713987
2,006442,0,0.0070340647
2,006443,0,0.019729113
2,006444,0,6.7811525e-06
2,006445,0,5.7439607e-05
2,006446,0,0.0026129321
2,006447,0,0.0012099964
2,006448,0,0.030301075
2,006449,0,0.0076475167
2,006450,0,5.807598e-05
2,006451,0,0.0048990767
2,006452,0,0.001249228
2,006453,0,0.00034945656
2,006454,0,0.000107776665
2,006455,0,2.7149083e-05
2,006456,0,0.0026896847
2,006457,0,0.011440083
2,006458,0,1.335773e-05
2,006459,0,0.00011723507
2,006460,0,0.016986033
2,006461,0,0.00042162652
2,006462,0,0.0002999616
2,006463,0,0.0010552704
2,006464,0,0.0014090523
2,006465,0,0.0040736627
2,006466,0,4.64984e-06
2,006467,0,4.843872e-05
2,006468,0,2.620823e-05
2,006469,0,0.0041042673
2,006470,0,0.0027685738
2,006471,0,0.00017501929
2,006472,0,1.0250308e-05
2,006473,0,0.00023239173
2,006474,0,0.011226327
2,006475,0,0.00029284105
2,006476,0,0.00016316416
2,006477,0,0.0068141725
2,006478,0,0.0022791375
2,006479,0,0.00027765587
2,006480,0,0.019455994
2,006481,0,0.0035516566
2,006482,0,2.0316826e-05
2,006483,0,2.8972461e-05
2,006484,0,3.1900785e-05
2,006485,0,5.931739e-05
2,006486,0,0.0040045665
2,006487,0,0.0005633069
2,006488,0,0.00025196755
2,006489,0,0.0031049808
2,006490,0,0.00012366314
2,006491,0,8.49228e-05
2,006492,0,0.012066039
2,006493,0,0.0001324589
2,006494,0,4.8226568e-05
2,006495,0,5.6635814e-05
2,006496,0,0.014808055
2,006497,0,0.0011214953
2,006498,0,0.0023014348
2,006499,0,0.0012562051
2,006500,0,0.00046736683
2,006501,0,0.0002642031
2,006502,0,0.00040222902
2,006503,0,0.0003048614
2,006504,0,0.029254306
2,006505,0,0.00047186343
2,006506,0,1.9769257e-05
2,006507,0,8.755643e-06
2,006508,0,0.000108276465
2,006509,0,0.0031018963
2,006510,0,0.0003712463
2,006511,0,0.008356383
2,006512,0,0.00021013258
2,006513,0,0.00021614552
2,006514,0,7.8786026e-05
2,006515,0,0.00094951066
2,006516,0,9.176425e-05
2,006517,0,0.00012747139
2,006518,0,0.18004858
2,006519,0,0.00022744658
2,006520,0,0.00036289508
2,006521,0,0.0021592292
2,006522,0,0.00106577
2,006523,0,0.0026900966
2,006524,0,1.9040672e-06
2,006525,0,2.0929638e-05
2,006526,0,0.00045182504
2,006527,0,0.00033390912
2,006528,0,0.00024023528
2,006529,0,2.774709e-06
2,006530,0,0.029292166
2,006531,0,0.0005041502
2,006532,0,1.3339817e-05
2,006533,0,6.274453e-05
2,006534,0,0.00019145467
2,006535,0,8.883223e-06
2,006536,0,0.014977242
2,006537,0,0.021575814
2,006539,0,3.516405e-05
2,006540,0,2.7114645e-06
2,006541,0,3.8331695e-05
2,006542,0,5.0272993e-06
2,006543,0,7.606758e-05
2,006544,0,0.00014532461
2,006545,0,2.2379472e-05
2,006546,0,0.00016270894
2,006547,0,0.13156836
2,006548,0,0.120131955
2,006549,0,0.011228101
2,006550,0,5.5131266e-05
2,006551,0,5.624077e-05
2,006552,0,5.5407443e-05
2,006553,0,0.000939481
2,006554,0,0.00016739988
2,006555,0,0.00014769306
2,006556,0,0.00011170314
2,006557,0,1.0519249e-06
2,006558,0,0.002912512
2,006559,0,9.036392e-06
2,006560,0,0.028746832
2,006562,0,0.00016313678
2,006563,0,0.050367735
2,006564,0,4.3588767e-05
2,006565,0,9.223791e-08
2,006566,0,1.6738863e-05
2,006567,0,0.0013322263
2,006568,0,7.466637e-05
2,006570,0,0.00012228065
2,006571,0,4.441331e-05
2,006572,0,0.000816686
2,006573,0,0.0004539977
2,006574,0,2.075069e-06
2,006575,0,0.00031644022
2,006576,0,3.1745887e-05
2,006577,0,0.0031916213
2,006578,0,0.0011913407
2,006579,0,1.5010837e-06
2,006581,0,0.00043216487
2,006582,0,0.0016019677
2,006583,0,0.008056834
2,006584,0,0.02125122
2,006585,0,0.0006551891
2,006586,0,3.9556195e-05
2,006587,0,0.004758401
2,006588,0,9.606558e-05
2,006589,0,0.07554455
2,006590,0,0.25266305
2,006591,0,0.022331797
2,006592,0,0.004265832
2,006593,0,0.0014987948
2,006594,0,3.2202279e-06
2,006595,0,2.254859e-07
2,006596,0,9.868535e-05
2,006597,0,0.00033655632
2,006598,0,0.0027537881
2,006599,0,0.0001070426
2,006600,0,0.0030918664
2,006601,0,3.9211376e-05
2,006602,0,0.0004384832
2,006603,0,0.0035699392
2,006604,0,1.6946316e-05
2,006605,0,0.031895697
2,006606,0,4.4150845e-08
2,006607,0,5.8285208e-05
2,006608,0,9.863212e-07
2,006609,0,8.46601e-05
2,006610,0,2.2863684e-05
2,006611,0,0.0008945513
2,006612,0,0.040769387
2,006613,0,2.5150523e-05
2,006614,0,0.0029597217
2,006615,0,0.00030948932
2,006616,0,2.8916368e-06
2,006617,0,1.0611832e-05
2,006618,0,0.00022512102
2,006619,0,0.00026446168
2,006620,0,7.456462e-05
2,006621,0,0.0024360928
2,006624,0,0.0018604279
2,006625,0,0.0016403205
2,006626,0,0.13144703
2,006627,0,3.7498262e-06
2,006628,0,0.006685833
2,006629,0,0.0004678783
2,006630,0,0.004984951
2,006631,0,7.692477e-05
2,006632,0,1.7444685e-05
2,006633,0,0.00045991797
2,006634,0,1.5278503e-05
2,006635,0,7.9853125e-05
2,006636,0,0.017802088
2,006637,0,0.0023463583
2,006638,0,0.0032162734
2,006639,0,0.00068774534
2,006640,0,0.018313618
2,006641,0,1.4528176e-06
2,006642,0,0.0030490335
2,006643,0,0.00051795354
2,006644,0,0.017044064
2,006645,0,0.00040399694
2,006646,0,0.07724032
2,006647,0,9.269704e-05
2,006648,0,0.24957046
2,006649,0,0.00060456013
2,006650,0,3.3840628e-05
2,006651,0,0.0029711046
2,006652,0,0.14659382
2,006653,0,2.0845269e-07
2,006654,0,1.9783722e-05
2,006655,0,0.0027033172
2,006656,0,0.0011504885
2,006657,0,0.00042561124
2,006658,0,0.00032818355
2,006659,0,3.811243e-07
2,006660,0,0.00933456
2,006661,0,0.016547658
2,006662,0,4.66837e-05
2,006663,0,0.0033103137
2,006664,0,0.00042396595
2,006665,0,0.00033018892
2,006667,0,0.0032870173
2,006668,0,0.0055196006
2,006669,0,0.0007088529
2,006670,0,0.0001167323
2,006671,0,0.00081208727
2,006672,0,0.0010808813
2,006673,0,0.00092001504
2,006674,0,0.00065395137
2,006675,0,0.0077670272
2,006676,0,0.0022562775
2,006677,0,0.0009215815
2,006678,0,8.851427e-05
2,006680,0,0.00019957265
2,006681,0,0.0004375233
2,006682,0,0.0015533358
2,006683,0,0.048573777
2,006684,0,0.00054024195
2,006685,0,0.00019814471
2,006687,0,1.974111e-05
2,006688,0,0.013164874
2,006689,0,0.00094678963
2,006690,0,0.00063664396
2,006691,0,7.934398e-06
2,006692,0,0.00139274
2,006693,0,0.0001217739
2,006694,0,0.0001593296
2,006695,0,0.00021865008
2,006696,0,0.0047991215
2,006697,0,0.02295351
2,006698,0,0.0002795708
2,006699,0,0.0004227478
2,006700,0,0.024139501
2,006701,0,4.6221405e-05
2,006702,0,0.0014622291
2,006703,0,4.0619816e-06
2,006704,0,0.0007970337
2,006705,0,0.00013465132
2,006706,0,0.006324605
2,006707,0,0.0015811711
2,006708,0,0.00046219036
2,006709,0,0.019201804
2,006710,0,0.0011293117
2,006711,0,3.782629e-05
2,006712,0,0.01843029
2,006713,0,1.0789357e-06
2,006714,0,7.6447686e-05
2,006716,0,0.001001087
2,006717,0,3.0999578e-05
2,006718,0,0.0007848096
2,006719,0,0.0024929766
2,006720,0,0.00026197068
2,006721,0,0.00010965247
2,006722,0,0.0037764395
2,006723,0,0.00043545576
2,006724,0,0.00018117297
2,006725,0,0.007652976
2,006726,0,8.792523e-05
2,006727,0,0.0028114014
2,006728,0,0.00031690698
2,006729,0,0.0025980673
2,006730,0,0.050848696
2,006731,0,0.00013438144
2,006732,0,0.002243864
2,006733,0,0.0005294868
2,006734,0,0.0011655344
2,006735,0,0.0002182791
2,006736,0,0.0012142672
2,006737,0,0.00013471721
2,006738,0,0.00096309814
2,006739,0,0.0148977265
2,006740,0,0.0016888813
2,006741,0,1.006767e-05
2,006742,0,0.02209179
2,006743,0,0.0016123088
2,006744,0,0.0044443165
2,006745,0,0.00090064795
2,006746,0,0.0005230727
2,006747,0,4.825196e-05
2,006748,0,4.371886e-05
2,006749,0,0.04402177
2,006750,0,1.3796734e-05
2,006751,0,4.702063e-05
2,006752,0,0.00021560995
2,006753,0,0.00020838914
2,006754,0,0.017969886
2,006755,0,0.00018620979
2,006756,0,0.01916069
2,006757,0,0.0006422355
2,006758,0,1.911576e-06
2,006759,0,1.9824176e-05
2,006760,0,0.0016318044
2,006761,0,0.00023344591
2,006762,0,0.00048930995
2,006763,0,0.0022374634
2,006764,0,0.001383159
2,006765,0,0.0521791
2,006766,0,4.3520147e-05
2,006767,0,0.00012170797
2,006769,0,0.006641421
2,006770,0,0.49886942
2,006771,0,0.00034058045
2,006772,0,0.0063649244
2,006773,0,0.00053021783
2,006774,0,8.2467295e-06
2,006775,0,0.00012516983
2,006776,0,5.949771e-05
2,006777,0,0.00038452682
2,006779,0,0.009793915
2,006780,0,2.0229102e-06
2,006781,0,0.00033005865
2,006782,0,0.0007739917
2,006783,0,0.00025641167
2,006784,0,0.0016006199
2,006785,0,0.002058114
2,006786,0,0.04853065
2,006787,0,0.00033972404
2,006788,0,0.00055856485
2,006789,0,0.0036960791
2,006790,0,0.0003422587
2,006791,0,4.564522e-05
2,006792,0,2.480435e-07
2,006794,0,0.06460558
2,006795,0,0.00016660878
2,006797,0,0.00096062786
2,006798,0,0.034294453
2,006799,0,6.118113e-05
2,006800,0,0.0006246527
2,006801,0,0.004236921
2,006802,0,0.0058229375
2,006803,0,2.3837221e-05
2,006804,0,7.514158e-05
2,006805,0,1.5476124e-05
2,006806,0,9.6439326e-05
2,006807,0,0.9438477
2,006808,0,0.012076901
2,006809,0,0.0018855302
2,006810,0,0.0023620517
2,006811,0,1.1744485e-06
2,006812,0,0.009140961
2,006813,0,0.0033078932
2,006814,0,0.7190961
2,006815,0,0.0059348936
2,006816,0,0.0008392303
2,006817,0,0.0024388083
2,006818,0,4.7683785e-05
2,006819,0,0.00051892287
2,006820,0,0.00022253385
2,006821,0,7.271497e-05
2,006822,0,0.002106075
2,006823,0,1.2447649e-05
2,006824,0,0.0001618341
2,006825,0,0.0014601932
2,006826,0,0.00024303906
2,006827,0,0.00017643314
2,006828,0,1.2221571e-05
2,006829,0,0.0025036656
2,006830,0,0.012340506
2,006831,0,0.0001082264
2,006832,0,0.0063666496
2,006833,0,2.0752985e-05
2,006834,0,0.00030557142
2,006835,0,0.002581346
2,006836,0,0.00063756236
2,006837,0,0.005314786
2,006838,0,0.0003044539
2,006839,0,0.04163857
2,006840,0,0.0053451243
2,006841,0,2.6034802e-05
2,006842,0,0.00015708762
2,006843,0,0.0030135352
2,006844,0,0.00013317101
2,006845,0,0.0008726281
2,006846,0,0.00019352736
2,006847,0,0.00019646963
2,006848,0,0.00030564136
2,006849,0,0.005880338
2,006850,0,0.0009695811
2,006851,0,0.0002822856
2,006852,0,7.841085e-06
2,006853,0,0.0003028677
2,006854,0,0.0004687754
2,006855,0,1.1434791e-05
2,006856,0,1.8271464e-06
2,006857,0,0.005462973
2,006858,0,6.6699155e-05
2,006859,0,0.001535823
2,006860,0,0.0015034612
2,006861,0,0.0001408769
2,006862,0,0.0005518261
2,006863,0,0.0057534506
2,006864,0,0.00025009137
2,006865,0,8.558138e-05
2,006866,0,0.00026858653
2,006867,0,0.0009386404
2,006868,0,7.2525014e-05
2,006869,0,3.3574423e-08
2,006870,0,6.368274e-05
2,006871,0,0.0010990645
2,006872,0,5.535336e-05
2,006873,0,6.944518e-05
2,006874,0,0.0011263738
2,006875,0,8.394128e-07
2,006876,0,0.00014212768
2,006878,0,4.9260634e-06
2,006879,0,0.0030276391
2,006880,0,0.053369567
2,006881,0,5.837237e-05
2,006882,0,0.0035574022
2,006883,0,1.8172868e-05
2,006884,0,0.005543991
2,006885,0,0.0001150428
2,006886,0,0.00022909873
2,006887,0,1.7424865e-05
2,006888,0,5.4237258e-05
2,006889,0,0.00046418162
2,006890,0,2.7327926e-05
2,006891,0,0.0056380443
2,006892,0,0.0002960234
2,006893,0,0.0003278427
2,006894,0,0.0018145664
2,006895,0,9.47457e-05
2,006896,0,0.00022853477
2,006897,0,7.662555e-05
2,006898,0,0.012075655
2,006899,0,0.00010720103
2,006900,0,2.9400311e-05
2,006901,0,5.4741286e-05
2,006902,0,0.00014602733
2,006903,0,0.0011028753
2,006904,0,0.108930185
2,006905,0,7.1464247e-06
2,006906,0,3.1258737e-06
2,006907,0,0.0026265974
2,006908,0,9.1477516e-05
2,006909,0,0.08240138
2,006910,0,0.008438107
2,006911,0,0.042193394
2,006912,0,8.3462925e-05
2,006913,0,0.0010844495
2,006914,0,0.018131353
2,006915,0,0.010989409
2,006916,0,0.00046542066
2,006917,0,0.1139493
2,006918,0,2.821088e-06
2,006919,0,0.007717661
2,006920,0,0.0016474851
2,006921,0,0.0024827444
2,006922,0,0.00016929788
2,006923,0,0.0015772945
2,006924,0,0.00022855615
2,006925,0,0.00089141255
2,006926,0,7.5915195e-06
2,006927,0,0.00013231208
2,006928,0,0.00053389964
2,006929,0,0.0025361064
2,006930,0,0.00014062152
2,006931,0,0.00777192
2,006932,0,0.002108296
2,006933,0,0.011452731
2,006934,0,0.0019401116
2,006935,0,0.0024540317
2,006936,0,0.000106288906
2,006937,0,0.00040020494
2,006938,0,8.050812e-06
2,006939,0,7.1953204e-06
2,006940,0,0.29839236
2,006941,0,0.05451919
2,006942,0,0.00085636234
2,006943,0,6.637537e-05
2,006944,0,0.0012218532
2,006945,0,0.002672444
2,006947,0,0.00096158934
2,006948,0,0.0054262844
2,006949,0,0.0077905445
2,006950,0,2.4659024e-05
2,006951,0,3.166224e-06
2,006952,0,6.5989065e-05
2,006953,0,2.1027949e-05
2,006954,0,2.143812e-05
2,006955,0,0.00036473677
2,006956,0,0.00018454035
2,006957,0,9.04548e-06
2,006958,0,9.867879e-07
2,006959,0,0.0020444365
2,006960,0,4.015507e-05
2,006961,0,0.0003076542
2,006962,0,0.004144059
2,006963,0,2.744289e-05
2,006964,0,0.002684388
2,006965,0,0.00013202096
2,006966,0,0.00010034292
2,006967,0,1.1579194e-05
2,006968,0,0.0003137178
2,006969,0,0.0010791097
2,006970,0,0.000815961
2,006971,0,0.003858049
2,006972,0,0.0010954901
2,006973,0,0.002769339
2,006974,0,0.00020341574
2,006975,0,3.2199212e-05
2,006976,0,4.016633e-05
2,006977,0,0.0012448244
2,006978,0,0.0013471608
2,006979,0,0.00018349793
2,006980,0,0.00084718707
2,006981,0,0.0009305452
2,006982,0,0.0037156208
2,006983,0,3.1270007e-05
2,006984,0,0.2996636
2,006985,0,0.0025313112
2,006986,0,0.00036328795
2,006987,0,0.00013528064
2,006988,0,0.00012377286
2,006989,0,0.06598873
2,006990,0,1.813798e-05
2,006991,0,0.0001661441
2,006992,0,0.009950388
2,006993,0,1.4523772e-06
2,006994,0,0.0006040084
2,006995,0,0.00076981366
2,006996,0,0.00010438161
2,006997,0,0.00018028205
2,006998,0,0.019283514
2,006999,0,1.5219578e-05
2,007000,0,0.005563996
2,007001,0,0.0020892771
2,007002,0,0.0077796937
2,007003,0,0.00016665531
2,007004,0,0.00013037636
2,007005,0,0.00025664136
2,007006,0,0.00048486248
2,007007,0,0.00022160816
2,007008,0,0.00010891561
2,007009,0,0.00029411862
2,007010,0,0.0026795238
2,007011,0,0.00053088437
2,007012,0,1.1713026e-05
2,007013,0,0.00063467625
2,007014,0,1.705761e-05
2,007015,0,0.0027796163
2,007016,0,0.00070442515
2,007017,0,0.0089973295
2,007018,0,0.0012215571
2,007019,0,0.0016437717
2,007020,0,1.1708804e-05
2,007021,0,6.447122e-05
2,007022,0,0.00024446507
2,007023,0,0.06096576
2,007024,0,6.9347166e-06
2,007025,0,0.0013289498
2,007026,0,0.004062379
2,007027,0,0.07170619
2,007028,0,4.325754e-06
2,007029,0,0.0025438475
2,007030,0,0.0010410805
2,007031,0,0.0001981313
2,007032,0,0.00020678928
2,007033,0,5.527192e-05
2,007034,0,0.57130325
2,007035,0,7.8982055e-05
2,007036,0,0.0004163484
2,007037,0,1.723366e-05
2,007038,0,0.00030833544
2,007039,0,0.0064629843
2,007040,0,0.000275366
2,007041,0,0.0005723106
2,007042,0,6.762461e-05
2,007043,0,0.0008951004
2,007044,0,0.0013093437
2,007045,0,0.00043296133
2,007046,0,0.0029629134
2,007047,0,0.0044278144
2,007048,0,0.022574645
2,007049,0,0.0019952613
2,007050,0,0.007194398
2,007051,0,0.0026139736
2,007052,0,9.839996e-05
2,007053,0,0.015993185
2,007054,0,0.008486856
2,007055,0,0.00022627252
2,007056,0,0.00015146814
2,007057,0,0.0015041284
2,007058,0,0.0012936526
2,007059,0,5.743391e-05
2,007060,0,0.010479207
2,007061,0,0.0026014699
2,007062,0,0.0015087381
2,007063,0,0.00047292793
2,007064,0,0.00015722384
2,007065,0,0.00020751632
2,007066,0,2.3183518e-05
2,007067,0,0.0010093696
2,007068,0,0.00284562
2,007069,0,0.00045243077
2,007070,0,9.574678e-05
2,007071,0,0.0035804387
2,007072,0,0.00037104977
2,007073,0,0.00048180265
2,007074,0,0.00059044984
2,007075,0,2.0398169e-05
2,007076,0,0.0012479579
2,007077,0,0.10853983
2,007078,0,0.0021842653
2,007079,0,0.01126994
2,007080,0,0.040401313
2,007081,0,0.0014408303
2,007082,0,2.1906266e-05
2,007083,0,0.00057894224
2,007084,0,1.808913e-05
2,007085,0,0.0017056016
2,007086,0,2.5335703e-06
2,007087,0,0.017009148
2,007088,0,0.010662944
2,007089,0,0.00012713138
2,007090,0,7.690576e-07
2,007091,0,0.010566549
2,007092,0,0.0012231924
2,007094,0,0.0035127534
2,007095,0,0.013429177
2,007096,0,0.00014158906
2,007097,0,0.00010180569
2,007098,0,0.00010293149
2,007099,0,0.00052672805
2,007100,0,4.456286e-05
2,007101,0,0.000335622
2,007102,0,0.0004548654
2,007103,0,0.00022718782
2,007104,0,0.06884885
2,007105,0,0.01967461
2,007106,0,0.004571774
2,007107,0,0.00070846383
2,007108,0,0.0048755542
2,007109,0,0.0009843952
2,007110,0,0.00374667
2,007111,0,0.0003219128
2,007112,0,0.000115602095
2,007113,0,0.00013838137
2,007114,0,0.0017612517
2,007115,0,0.0023640515
2,007116,0,0.00021302032
2,007117,0,0.1518736
2,007118,0,7.421836e-05
2,007119,0,0.00016366853
2,007120,0,0.002372992
2,007121,0,8.616474e-05
2,007122,0,0.00074970606
2,007123,0,0.0008902326
2,007124,0,4.646793e-05
2,007125,0,0.00046697402
2,007126,0,0.00017759741
2,007127,0,0.0005039472
2,007128,0,3.3540678e-06
2,007129,0,4.930613e-05
2,007130,0,0.0062465644
2,007131,0,0.0008044323
2,007132,0,0.03571142
2,007133,0,0.0059411
2,007134,0,0.00016119989
2,007135,0,5.150156e-06
2,007136,0,0.00022718476
2,007137,0,7.0901864e-05
2,007138,0,0.002999341
2,007139,0,0.2022501
2,007140,0,0.0006208506
2,007141,0,0.00015024772
2,007142,0,0.0010732849
2,007143,0,0.019865356
2,007144,0,0.00010281945
2,007145,0,3.682467e-05
2,007146,0,0.0076365704
2,007147,0,7.246404e-05
2,007148,0,9.5757634e-05
2,007149,0,0.0018734123
2,007150,0,2.1607162e-05
2,007151,0,3.7198693e-05
2,007152,0,0.0062848944
2,007153,0,0.0001014331
2,007154,0,0.043285184
2,007155,0,7.013031e-05
2,007156,0,0.00015908989
2,007157,0,0.00033086893
2,007158,0,0.00048665906
2,007159,0,2.0572095e-05
2,007160,0,0.0029221214
2,007161,0,0.0014909074
2,007162,0,2.3927457e-06
2,007163,0,0.0006964961
2,007164,0,0.0010930336
2,007165,0,0.012600223
2,007166,0,3.0648487e-05
2,007167,0,0.0026880775
2,007168,0,0.034456562
2,007169,0,0.005031356
2,007170,0,0.00029750372
2,007171,0,0.01684095
2,007172,0,0.009295471
2,007173,0,5.6954777e-06
2,007174,0,4.9612994e-05
2,007175,0,0.0001222064
2,007176,0,0.0049926015
2,007177,0,5.7790858e-06
2,007178,0,0.0017139651
2,007179,0,6.577834e-05
2,007180,0,0.00025554138
2,007181,0,4.6446086e-05
2,007182,0,0.0029848674
2,007183,0,0.0020652441
2,007184,0,4.5950715e-06
2,007185,0,0.0009262096
2,007186,0,0.00034834578
2,007187,0,4.73801e-06
2,007188,0,0.038249683
2,007189,0,0.00075906893
2,007190,0,1.7893849e-06
2,007191,0,0.45282555
2,007192,0,0.00030573958
2,007193,0,0.0023599188
2,007194,0,0.0013607136
2,007195,0,0.0009807298
2,007196,0,0.0023335181
2,007197,0,2.241956e-06
2,007198,0,0.0028778252
2,007199,0,7.3448384e-05
2,007200,0,5.601185e-05
2,007201,0,0.0010923669
2,007202,0,0.00012038796
2,007203,0,6.802572e-07
2,007204,0,0.0014755473
2,007205,0,0.00048315406
2,007206,0,4.734495e-05
2,007207,0,0.0006895104
2,007208,0,0.001271663
2,007209,0,0.00020933728
2,007210,0,0.00024091125
2,007211,0,0.036255892
2,007212,0,0.0048059584
2,007213,0,2.0892583e-05
2,007214,0,2.5459727e-05
2,007215,0,0.0020875162
2,007216,0,4.4376015e-05
2,007217,0,0.00018785331
2,007219,0,0.13351524
2,007220,0,7.325733e-06
2,007221,0,0.017951662
2,007222,0,0.054514192
2,007223,0,0.00082785153
2,007224,0,6.841928e-05
2,007225,0,3.8202e-05
2,007226,0,0.009876562
2,007227,0,6.051476e-07
2,007228,0,1.3711803e-05
2,007229,0,0.00025659802
2,007230,0,0.00057157164
2,007231,0,0.0024257554
2,007232,0,1.6199334e-05
2,007233,0,0.002375495
2,007234,0,0.025015913
2,007235,0,1.7560842e-05
2,007236,0,0.000110216664
2,007237,0,0.00025798305
2,007238,0,1.8030194e-05
2,007239,0,0.03406094
2,007240,0,0.0018227936
2,007241,0,8.924179e-05
2,007242,0,6.8884685e-05
2,007243,0,4.8455262e-05
2,007244,0,7.325002e-05
2,007245,0,0.0016674099
2,007246,0,0.0037577534
2,007247,0,0.0025089155
2,007248,0,0.0072539886
2,007249,0,0.0016131941
2,007250,0,0.047903582
2,007251,0,0.0044970196
2,007252,0,0.0007061495
2,007253,0,0.010223225
2,007254,0,0.0025443134
2,007255,0,0.09369159
2,007256,0,9.480581e-05
2,007257,0,0.010002317
2,007258,0,0.00011591249
2,007259,0,0.72683084
2,007260,0,0.0056969165
2,007261,0,0.0032774033
2,007262,0,0.010535348
2,007263,0,1.7630076e-05
2,007264,0,0.004589777
2,007265,0,0.000694415
2,007266,0,0.0022147843
2,007267,0,0.0035997834
2,007268,0,4.8301266e-05
2,007269,0,0.008210827
2,007270,0,0.00020949321
2,007271,0,3.9509858e-05
2,007272,0,0.0017403979
2,007273,0,0.00019732646
2,007274,0,0.012674709
2,007275,0,0.00096104393
2,007276,0,8.0575584e-05
2,007277,0,0.00035498923
2,007278,0,4.0808678e-05
2,007279,0,1.3411736e-05
2,007280,0,1.2841808e-05
2,007281,0,0.0016184496
2,007282,0,0.00058732997
2,007283,0,3.9425926e-05
2,007284,0,7.167453e-05
2,007285,0,4.2234282e-05
2,007286,0,0.0049794503
2,007287,0,0.0007009766
2,007288,0,0.119421564
2,007289,0,0.0008386104
2,007290,0,0.00020268043
2,007291,0,0.0008349617
2,007292,0,0.005857317
2,007293,0,0.00019376831
2,007294,0,0.00040114493
2,007295,0,1.6769314e-05
2,007296,0,6.96915e-05
2,007297,0,0.00060614414
2,007298,0,0.0043262797
2,007299,0,0.00012563715
2,007300,0,0.0038954644
2,007301,0,0.0036862763
2,007302,0,0.0020003354
2,007303,0,0.00054514775
2,007304,0,0.010373834
2,007305,0,5.9884387e-05
2,007306,0,0.083484694
2,007307,0,0.00089277717
2,007308,0,0.0061814263
2,007309,0,0.0026250277
2,007310,0,0.017107993
2,007311,0,0.0016791439
2,007312,0,0.059048444
2,007313,0,0.0047872276
2,007314,0,0.00013438554
2,007315,0,0.00023690413
2,007316,0,0.004140695
2,007317,0,1.06508764e-07
2,007318,0,0.000103921084
2,007319,0,0.00020888468
2,007320,0,0.0008142204
2,007321,0,6.4272885e-05
2,007322,0,0.0036201028
2,007323,0,0.058996025
2,007324,0,0.0038254084
2,007325,0,0.011090062
2,007326,0,4.4844994e-05
2,007327,0,0.00058924983
2,007328,0,0.0019725142
2,007329,0,0.0005372531
2,007330,0,7.494555e-07
2,007331,0,0.0016062978
2,007332,0,0.0007320634
2,007333,0,0.004002237
2,007334,0,7.4450063e-06
2,007335,0,0.0016428134
2,007336,0,0.00038149173
2,007337,0,0.00018872727
2,007338,0,9.401671e-05
2,007339,0,0.008329782
2,007340,0,1.7394632e-05
2,007341,0,0.0003608373
2,007342,0,0.00033336744
2,007343,0,2.7303207e-05
2,007344,0,0.0051440015
2,007345,0,0.00018979739
2,007346,0,2.3239634e-05
2,007347,0,2.6802056e-05
2,007348,0,0.00011279727
2,007349,0,2.1885846e-06
2,007350,0,0.0023246154
2,007351,0,1.8935421e-05
2,007352,0,9.500998e-05
2,007353,0,4.7649468e-05
2,007354,0,0.0002059858
2,007355,0,4.395646e-07
2,007356,0,0.0003208444
2,007357,0,3.8253216e-05
2,007358,0,3.225893e-05
2,007359,0,0.0053851423
2,007360,0,0.011630861
2,007361,0,0.0001489461
2,007362,0,0.00031131046
2,007363,0,1.07053465e-05
2,007364,0,0.0027777292
2,007365,0,0.0018875252
2,007366,0,0.0037173775
2,007367,0,1.3339933e-05
2,007368,0,0.0015613172
2,007369,0,0.005957137
2,007370,0,0.0034875069
2,007371,0,0.007991589
2,007372,0,0.0019072572
2,007373,0,0.01177316
2,007374,0,0.0021285545
2,007375,0,0.00024290006
2,007376,0,2.2566439e-05
2,007377,0,0.00045078824
2,007378,0,0.007950369
2,007379,0,0.010036243
2,007380,0,7.7687155e-06
2,007381,0,0.016184587
2,007382,0,0.00080065866
2,007383,0,0.025750076
2,007384,0,8.412686e-05
2,007385,0,0.00047891136
2,007386,0,0.0014060871
2,007387,0,0.00010883058
2,007388,0,0.0010297617
2,007389,0,0.0014286471
2,007390,0,0.0031104998
2,007391,0,0.003290284
2,007392,0,0.011050263
2,007393,0,0.0013390777
2,007394,0,0.00022694077
2,007395,0,1.46388375e-05
2,007396,0,0.00028550866
2,007397,0,0.0010775077
2,007398,0,0.0008311796
2,007399,0,0.005180602
2,007400,0,4.2073323e-05
2,007401,0,9.634965e-06
2,007402,0,0.06438436
2,007403,0,0.00090261566
2,007404,0,0.030703321
2,007405,0,5.704554e-05
2,007406,0,0.00021167495
2,007407,0,0.0003920545
2,007408,0,0.2189808
2,007409,0,0.025263986
2,007410,0,5.6302157e-05
2,007411,0,0.029548189
2,007412,0,2.7715338e-05
2,007413,0,0.10713093
2,007414,0,0.0008590512
2,007415,0,0.00010254402
2,007416,0,2.182132e-05
2,007417,0,4.4904304e-05
2,007418,0,5.1198982e-05
2,007419,0,0.00018723957
2,007420,0,0.00032831027
2,007421,0,0.00074085145
2,007422,0,1.701162e-05
2,007423,0,1.6073005e-06
2,007424,0,2.2193377e-05
2,007425,0,0.0018187785
2,007426,0,0.0013853025
2,007427,0,4.0594377e-06
2,007428,0,0.012126211
2,007429,0,0.008462927
2,007430,0,0.0041935113
2,007431,0,0.0003432303
2,007432,0,0.0011010546
2,007433,0,0.018304065
2,007434,0,5.2209383e-05
2,007435,0,0.00024162249
2,007436,0,0.000744119
2,007437,0,0.000704416
2,007438,0,0.0032409457
2,007439,0,0.014415109
2,007440,0,0.00026314022
2,007441,0,0.00018054077
2,007442,0,0.0018174406
2,007443,0,0.00035737737
2,007444,0,0.0003627676
2,007445,0,0.001657815
2,007446,0,0.0002198695
2,007447,0,0.0024419378
2,007448,0,0.0024914998
2,007449,0,0.0045262636
2,007450,0,0.00016073222
2,007451,0,0.0068878504
2,007452,0,0.0040098
2,007453,0,4.5592802e-05
2,007454,0,2.718297e-05
2,007455,0,0.035353728
2,007456,0,0.0010271545
2,007457,0,5.7980424e-06
2,007458,0,0.003741549
2,007459,0,1.724655e-05
2,007460,0,0.32790843
2,007461,0,0.00058935175
2,007462,0,0.005121102
2,007463,0,0.0009709108
2,007464,0,1.0041512e-05
2,007465,0,0.0006855338
2,007466,0,0.0015860179
2,007467,0,0.00025315516
2,007468,0,0.0009023723
2,007469,0,0.00035714544
2,007470,0,0.00056421635
2,007471,0,0.0007464507
2,007472,0,0.013559075
2,007473,0,0.0014190936
2,007474,0,0.010508639
2,007475,0,0.00077497255
2,007476,0,2.5563417e-05
2,007477,0,0.0030417964
2,007478,0,1.5145375e-05
2,007479,0,0.0036904379
2,007480,0,0.00015404563
2,007481,0,0.00165921
2,007482,0,0.004257026
2,007483,0,0.00024149605
2,007484,0,3.099216e-05
2,007485,0,1.0884129e-05
2,007486,0,0.00024414877
2,007487,0,1.8108323e-05
2,007488,0,3.2275776e-07
2,007489,0,0.00022473691
2,007490,0,0.0002347624
2,007491,0,0.011224126
2,007492,0,5.6936146e-06
2,007493,0,1.4307004e-05
2,007494,0,0.0009905603
2,007495,0,0.005245657
2,007496,0,0.00037208924
2,007497,0,0.0059725456
2,007498,0,0.0007283502
2,007499,0,0.009333726
2,007500,0,0.0029417188
2,007501,0,0.0010610087
2,007502,0,0.0036909413
2,007503,0,0.0005141363
2,007504,0,0.00032559413
2,007505,0,0.8205432
2,007506,0,0.011070557
2,007507,0,0.036266934
2,007508,0,1.4922421e-05
2,007509,0,0.00012791448
2,007510,0,0.00010860292
2,007511,0,0.10170324
2,007512,0,0.001999711
2,007513,0,8.007014e-05
2,007514,0,1.5827145e-05
2,007515,0,3.667908e-06
2,007516,0,0.0005812501
2,007517,0,0.00042823722
2,007518,0,0.00021868781
2,007519,0,6.5074506e-05
2,007520,0,0.003254904
2,007521,0,0.0025721719
2,007522,0,0.0042977305
2,007523,0,0.0004157396
2,007524,0,0.000909591
2,007525,0,5.0870905e-05
2,007526,0,1.50275855e-05
2,007527,0,0.0013388462
2,007528,0,5.9908147e-05
2,007529,0,0.009701062
2,007530,0,0.0033182036
2,007531,0,0.0032269552
2,007532,0,0.0001436289
2,007533,0,0.005518381
2,007534,0,3.4339705e-06
2,007535,0,0.0030207643
2,007536,0,6.605196e-05
2,007537,0,2.7989396e-05
2,007538,0,4.1775947e-05
2,007539,0,0.00086463045
2,007540,0,0.32264158
2,007541,0,0.0012269539
2,007542,0,0.29746878
2,007543,0,6.316387e-05
2,007544,0,0.0011380439
2,007545,0,0.00030583286
2,007546,0,0.00017105634
2,007547,0,7.550964e-05
2,007548,0,2.159081e-05
2,007549,0,0.107467204
2,007550,0,0.0019061811
2,007551,0,0.00038700068
2,007552,0,0.006793795
2,007553,0,0.002006564
2,007554,0,0.0005648658
2,007555,0,0.00063005637
2,007556,0,0.010179497
2,007557,0,0.00053077785
2,007558,0,4.3183463e-05
2,007559,0,5.0995055e-05
2,007560,0,0.022105372
2,007561,0,0.04737789
2,007562,0,0.0014850412
2,007563,0,0.0013066914
2,007564,0,0.008201583
2,007565,0,0.001955812
2,007566,0,0.0093358075
2,007567,0,0.0033747451
2,007568,0,6.918666e-05
2,007569,0,2.2072525e-06
2,007570,0,9.743943e-05
2,007571,0,0.05206991
2,007572,0,8.2869476e-05
2,007573,0,0.0046799653
2,007574,0,6.7296073e-06
2,007575,0,0.00032774862
2,007576,0,0.00041167968
2,007577,0,0.0011426258
2,007578,0,0.00022967724
2,007579,0,0.006673263
2,007580,0,1.7441991e-05
2,007581,0,0.00021967567
2,007582,0,0.0032126384
2,007583,0,0.00040038046
2,007584,0,0.12953328
2,007585,0,0.011923575
2,007586,0,0.0010606899
2,007587,0,0.010158269
2,007588,0,0.07828498
2,007589,0,1.0494445e-05
2,007590,0,0.0002032802
2,007591,0,0.0002208488
2,007592,0,6.321696e-05
2,007593,0,0.00014818806
2,007594,0,0.0008748727
2,007595,0,0.008660489
2,007596,0,0.0050559645
2,007597,0,0.0018475843
2,007598,0,2.72672e-07
2,007599,0,0.08477962
2,007600,0,3.759175e-05
2,007601,0,1.9519071e-05
2,007602,0,0.018899968
2,007603,0,0.025217827
2,007604,0,0.0106319515
2,007605,0,0.00027022578
2,007606,0,0.0010451016
2,007607,0,3.326815e-05
2,007608,0,0.00483328
2,007609,0,0.00012090601
2,007610,0,6.694264e-05
2,007611,0,1.8778412e-05
2,007612,0,2.5888976e-05
2,007613,0,0.0003320239
2,007614,0,0.0014130365
2,007615,0,0.00035400817
2,007616,0,0.0031787527
2,007617,0,0.0005569737
2,007618,0,0.0009248247
2,007619,0,0.00017675036
2,007620,0,0.013450693
2,007621,0,7.165956e-05
2,007622,0,0.014915638
2,007623,0,0.00044001904
2,007624,0,0.00263783
2,007625,0,0.00011991513
2,007626,0,0.022452295
2,007627,0,0.0061537446
2,007628,0,0.0015584484
2,007629,0,0.00010505384
2,007630,0,8.821985e-05
2,007631,0,0.00917866
2,007632,0,0.0014707356
2,007633,0,0.00093051424
2,007635,0,0.002976903
2,007637,0,0.0005635698
2,007638,0,0.0010461146
2,007639,0,0.00070118136
2,007640,0,1.700266e-07
2,007641,0,0.002966104
2,007642,0,0.00039697616
2,007643,0,6.279996e-05
2,007644,0,0.00042764732
2,007646,0,6.533317e-05
2,007647,0,0.00019435635
2,007648,0,0.0017480935
2,007649,0,1.6224936e-05
2,007650,0,0.0002791364
2,007651,0,0.002673245
2,007652,0,0.11974745
2,007653,0,6.389302e-05
2,007654,0,3.001867e-05
2,007655,0,0.0022656196
2,007656,0,1.1837309e-06
2,007657,0,0.0018448549
2,007658,0,0.23926778
2,007659,0,0.00032565463
2,007660,0,0.0008542552
2,007661,0,0.00019954449
2,007662,0,0.0002984062
2,007663,0,0.00019602166
2,007664,0,0.00021676632
2,007665,0,0.0028675634
2,007666,0,0.005089875
2,007667,0,0.00016914232
2,007668,0,0.0021821691
2,007669,0,0.0166854
2,007670,0,0.0013676123
2,007671,0,0.0003793898
2,007672,0,0.0021259352
2,007673,0,1.5485957e-06
2,007675,0,0.000449303
2,007676,0,0.00015281801
2,007677,0,0.00019945091
2,007678,0,0.00040296704
2,007679,0,0.0011590624
2,007680,0,0.00020996295
2,007681,0,5.124376e-06
2,007682,0,0.007346908
2,007683,0,3.980488e-05
2,007684,0,0.00018368436
2,007685,0,5.384571e-06
2,007686,0,0.00053028
2,007687,0,0.02101868
2,007688,0,0.10159313
2,007689,0,0.00015561438
2,007690,0,0.00010350522
2,007691,0,0.0010891015
2,007692,0,0.0033519045
2,007693,0,0.00046877604
2,007694,0,0.00133197
2,007695,0,0.020162504
2,007696,0,0.0017455417
2,007697,0,0.0017030402
2,007698,0,0.0013781408
2,007699,0,0.8700059
2,007700,0,0.00013865027
2,007701,0,0.00038872298
2,007702,0,0.006984726
2,007703,0,8.9703035e-06
2,007704,0,0.0005863039
2,007705,0,0.025165934
2,007706,0,0.001021201
2,007707,0,3.2927096e-06
2,007708,0,2.4166571e-05
2,007709,0,2.2080283e-07
2,007710,0,2.1339152e-05
2,007711,0,3.0813862e-05
2,007712,0,0.00094874244
2,007713,0,0.00057276926
2,007714,0,0.0008235721
2,007715,0,0.0007718653
2,007716,0,0.00023306052
2,007717,0,9.587971e-05
2,007718,0,1.1755874e-05
2,007719,0,0.0008049706
2,007720,0,6.451974e-05
2,007721,0,2.1860606e-05
2,007722,0,0.013237438
2,007723,0,6.156753e-05
2,007724,0,0.0009716409
2,007725,0,0.011557071
2,007726,0,0.00097473775
2,007727,0,0.0004110901
2,007728,0,0.0009342502
2,007729,0,0.0014674524
2,007730,0,0.006650364
2,007731,0,4.3920565e-05
2,007732,0,0.011816906
2,007733,0,3.096066e-06
2,007734,0,0.0152043495
2,007735,0,2.2904017e-06
2,007736,0,0.002763494
2,007737,0,0.0016133017
2,007738,0,0.0049119084
2,007739,0,9.316257e-06
2,007740,0,8.529289e-06
2,007741,0,0.27609497
2,007742,0,0.0012031192
2,007743,0,4.1494323e-07
2,007744,0,0.00075819594
2,007745,0,2.3715302e-05
2,007746,0,0.00025058305
2,007747,0,0.00044674374
2,007748,0,0.008043606
2,007749,0,3.9037895e-06
2,007750,0,0.0003662699
2,007751,0,3.8776638e-05
2,007752,0,0.00051131734
2,007753,0,0.024011541
2,007754,0,0.00017996157
2,007755,0,3.691542e-05
2,007756,0,2.3476801e-05
2,007757,0,1.9856627e-05
2,007758,0,2.5068965e-05
2,007759,0,3.0187498e-06
2,007760,0,6.06196e-05
2,007761,0,0.0133625325
2,007762,0,2.7122738e-05
2,007763,0,5.247633e-05
2,007764,0,0.017927928
2,007765,0,0.014068912
2,007766,0,0.04113263
2,007767,0,0.00015977354
2,007768,0,0.0017690262
2,007769,0,0.0001887296
2,007770,0,0.0022313953
2,007771,0,0.00022783727
2,007772,0,0.0046832627
2,007773,0,0.004311856
2,007774,0,0.0017165745
2,007775,0,5.673203e-05
2,007776,0,0.0011357361
2,007777,0,3.7546677e-06
2,007778,0,0.0005848266
2,007779,0,6.4014994e-06
2,007780,0,9.012462e-05
2,007781,0,6.112683e-05
2,007782,0,0.0043835416
2,007783,0,4.419982e-06
2,007784,0,4.5591194e-05
2,007785,0,0.0040094117
2,007786,0,0.0003105276
2,007787,0,8.0849134e-08
2,007788,0,0.0008696578
2,007789,0,8.541682e-07
2,007790,0,0.008564544
2,007791,0,0.008125447
2,007792,0,0.000690552
2,007793,0,0.0017882083
2,007794,0,5.0921382e-05
2,007795,0,0.0032680398
2,007796,0,3.843256e-06
2,007797,0,0.00092046714
2,007798,0,0.0033121314
2,007799,0,0.00020899346
2,007800,0,0.00024251407
2,007801,0,0.0006523348
2,007802,0,0.00021298054
2,007803,0,3.3218406e-05
2,007804,0,0.001228353
2,007805,0,0.00011124012
2,007806,0,0.007620611
2,007807,0,0.010825942
2,007808,0,4.9236925e-05
2,007809,0,0.00013541512
2,007810,0,0.0001829443
2,007811,0,0.0003570957
2,007812,0,0.0036939338
2,007814,0,0.019748054
2,007815,0,0.00044377372
2,007816,0,0.00049025746
2,007817,0,5.039685e-07
2,007818,0,0.00026943497
2,007819,0,0.0008916486
2,007820,0,0.00060791685
2,007821,0,0.0006865423
2,007822,0,6.118615e-05
2,007823,0,0.009474676
2,007824,0,4.6319237e-06
2,007825,0,0.01562501
2,007826,0,0.00014101386
2,007827,0,0.0007947376
2,007828,0,0.0021852613
2,007829,0,0.00055301766
2,007830,0,1.0220058e-05
2,007831,0,0.039212637
2,007832,0,3.0226187e-05
2,007833,0,0.0005343067
2,007834,0,0.0010304418
2,007835,0,5.6341418e-05
2,007836,0,0.5297609
2,007837,0,0.0003836844
2,007838,0,8.4592575e-06
2,007839,0,4.8088878e-06
2,007840,0,1.7629253e-06
2,007841,0,9.420804e-05
2,007842,0,6.455692e-05
2,007843,0,0.00042514023
2,007844,0,1.7366683e-06
2,007845,0,0.000179941
2,007846,0,0.0032805654
2,007847,0,0.0021185663
2,007848,0,0.009107249
2,007849,0,0.00023682103
2,007850,0,0.18365395
2,007851,0,0.00010519498
2,007853,0,0.008974735
2,007854,0,5.221574e-06
2,007855,0,0.11249379
2,007856,0,0.00013435492
2,007857,0,0.0011967323
2,007858,0,0.001208875
2,007859,0,0.06808177
2,007860,0,0.0002064079
2,007862,0,0.010000424
2,007863,0,0.00064785377
2,007864,0,0.0052922294
2,007865,0,0.00042501825
2,007866,0,0.0027586848
2,007867,0,0.041783914
2,007868,0,3.4381752e-05
2,007869,0,0.0054624705
2,007870,0,0.00017648899
2,007871,0,0.08222857
2,007872,0,0.0018432321
2,007873,0,0.0040154406
2,007874,0,0.00012213756
2,007875,0,0.00013805108
2,007876,0,3.4184475e-05
2,007877,0,0.00020504756
2,007878,0,0.0004134089
2,007879,0,0.0010611841
2,007880,0,0.00013112416
2,007881,0,7.5358304e-07
2,007882,0,0.0009077439
2,007883,0,5.683345e-05
2,007884,0,4.0278104e-05
2,007885,0,0.0034394632
2,007886,0,9.2151575e-05
2,007887,0,1.0170055e-05
2,007888,0,6.379214e-05
2,007889,0,0.00021582817
2,007890,0,0.010311754
2,007892,0,9.105741e-05
2,007893,0,0.0027966497
2,007894,0,0.009584525
2,007895,0,0.0002915015
2,007896,0,0.00018572251
2,007897,0,0.006605874
2,007898,0,9.653651e-07
2,007899,0,0.00016405009
2,007901,0,0.0011454299
2,007902,0,6.935967e-05
2,007904,0,0.0036052042
2,007905,0,0.00043390875
2,007906,0,1.0970277e-05
2,007907,0,0.0014530593
2,007908,0,0.00050908665
2,007909,0,0.0014240558
2,007910,0,0.00012663701
2,007911,0,0.0007337742
2,007912,0,0.00087697885
2,007913,0,0.0033074892
2,007914,0,0.0003960083
2,007915,0,9.237972e-05
2,007916,0,0.0018033708
2,007917,0,2.1346255e-05
2,007918,0,0.09184539
2,007919,0,0.00017652719
2,007920,0,0.000117876145
2,007921,0,0.1468396
2,007922,0,6.0338186e-07
2,007923,0,0.0011202071
2,007924,0,0.015778176
2,007925,0,0.0010828226
2,007926,0,0.001028814
2,007927,0,0.0008769997
2,007928,0,0.002647705
2,007929,0,0.0009397487
2,007930,0,0.0012217363
2,007931,0,0.00014688032
2,007932,0,9.450541e-05
2,007933,0,5.9687976e-05
2,007934,0,0.0023305248
2,007935,0,0.0018060636
2,007936,0,0.0002922314
2,007937,0,0.0039176433
2,007938,0,0.0047899703
2,007939,0,0.00014669682
2,007940,0,6.163649e-05
2,007941,0,1.1933998e-05
2,007942,0,5.848654e-05
2,007943,0,0.00015259058
2,007944,0,6.982877e-07
2,007945,0,0.0041013546
2,007946,0,0.0008157476
2,007947,0,0.0029846232
2,007948,0,1.6195052e-06
2,007949,0,5.1373678e-05
2,007950,0,1.0394354e-05
2,007951,0,0.00020166588
2,007952,0,1.7033615e-05
2,007953,0,0.00021034306
2,007954,0,0.00028811104
2,007955,0,0.00018486069
2,007956,0,6.322263e-05
2,007957,0,0.0046033603
2,007958,0,2.7249647e-05
2,007959,0,0.013313736
2,007960,0,1.8594984e-06
2,007961,0,0.00016855227
2,007962,0,8.289878e-06
2,007964,0,0.0019329865
2,007965,0,0.002212525
2,007966,0,0.00020272043
2,007967,0,3.0308738e-05
2,007968,0,0.0001271395
2,007969,0,1.670697e-07
2,007970,0,0.0025508385
2,007971,0,0.00016603245
2,007972,0,0.003679561
2,007973,0,0.0534306
2,007974,0,0.00010895591
2,007975,0,0.00016516211
2,007976,0,0.0030785103
2,007977,0,4.4221997e-06
2,007978,0,0.0024049354
2,007979,0,0.00013664881
2,007980,0,0.0038969542
2,007981,0,7.765417e-07
2,007982,0,0.00016407529
2,007983,0,0.00092768716
2,007984,0,0.01510036
2,007985,0,0.0021937245
2,007986,0,0.00038458346
2,007987,0,3.7443846e-05
2,007988,0,1.9110028e-05
2,007989,0,1.296951e-05
2,007990,0,4.5906695e-06
2,007991,0,9.367601e-06
2,007992,0,4.029447e-05
2,007993,0,0.009020476
2,007994,0,2.8699835e-05
2,007995,0,0.00014616636
2,007996,0,0.00015466024
2,007997,0,5.53025e-05
2,007998,0,7.9101905e-05
2,007999,0,4.1617688e-05
2,008000,0,0.025934918
2,008001,0,0.009136686
2,008002,0,1.31522565e-05
2,008003,0,0.0010294067
2,008004,0,0.00069996255
2,008005,0,3.921057e-06
2,008006,0,0.0038119906
2,008007,0,0.0034642792
2,008008,0,0.0009090985
2,008009,0,0.007404454
2,008010,0,9.968766e-07
2,008011,0,0.00051542954
2,008012,0,0.0020403555
2,008013,0,0.00015305207
2,008014,0,3.6990867e-05
2,008015,0,0.00053144054
2,008016,0,0.0029019115
2,008017,0,0.00013899604
2,008018,0,0.0016355453
2,008019,0,0.00015386888
2,008020,0,0.002189064
2,008021,0,2.2966611e-05
2,008022,0,0.0032293627
2,008023,0,0.000589359
2,008024,0,0.015494814
2,008025,0,0.019590378
2,008026,0,0.001083403
2,008027,0,5.8715657e-05
2,008028,0,1.6794233e-05
2,008029,0,0.060367875
2,008030,0,6.485367e-08
2,008031,0,0.00074984436
2,008032,0,0.0057122083
2,008033,0,0.001194767
2,008034,0,0.00011892091
2,008035,0,5.313081e-06
2,008036,0,0.00010076875
2,008037,0,8.265035e-06
2,008038,0,0.00026476997
2,008039,0,7.19831e-05
2,008040,0,0.00037530565
2,008041,0,0.0007401888
2,008042,0,0.0011388964
2,008043,0,5.3620082e-05
2,008044,0,0.04880015
2,008045,0,2.0496072e-06
2,008046,0,0.8145062
2,008047,0,0.0031730554
2,008048,0,1.1449544e-05
2,008049,0,6.1046216e-05
2,008050,0,0.0004898702
2,008051,0,0.002322083
2,008052,0,1.3579471e-05
2,008053,0,0.002465221
2,008054,0,0.00035610746
2,008055,0,0.0027043857
2,008056,0,0.12888898
2,008057,0,1.3466422e-05
2,008058,0,0.03711183
2,008059,0,0.0012993254
2,008060,0,0.00019084156
2,008061,0,0.008168498
2,008062,0,0.00021651226
2,008063,0,0.0016190683
2,008064,0,0.0002916074
2,008065,0,0.0058359727
2,008066,0,0.00028426608
2,008067,0,0.0019454967
2,008068,0,0.004053281
2,008069,0,0.0013655182
2,008070,0,0.00050596247
2,008071,0,0.01724867
2,008072,0,0.000446648
2,008073,0,0.00015379715
2,008074,0,0.0001209173
2,008075,0,0.0005526177
2,008076,0,0.00015600007
2,008077,0,0.005778359
2,008078,0,0.018238744
2,008079,0,1.8209106e-07
2,008080,0,0.008582077
2,008081,0,0.5742177
2,008082,0,1.3114695e-05
2,008083,0,1.0832237e-06
2,008084,0,0.028749108
2,008085,0,0.005250915
2,008086,0,0.002610951
2,008087,0,5.302924e-07
2,008088,0,0.13871379
2,008089,0,3.391471e-05
2,008090,0,5.1124125e-06
2,008091,0,0.00098016
2,008092,0,0.0010138202
2,008093,0,0.0032737525
2,008094,0,0.006411186
2,008095,0,0.0003385454
2,008096,0,0.0024523747
2,008097,0,0.0061196596
2,008098,0,0.00053627306
2,008099,0,0.0035494568
2,008100,0,1.9421572e-05
2,008101,0,0.00021347417
2,008102,0,0.0023875968
2,008103,0,1.4713773e-05
2,008104,0,0.036738187
2,008105,0,0.001113975
2,008106,0,0.00116544
2,008107,0,0.023988292
2,008108,0,0.00018035977
2,008109,0,0.00113338
2,008110,0,3.272095e-07
2,008111,0,0.0045559085
2,008112,0,0.00029771795
2,008113,0,0.0042394507
2,008114,0,9.5662814e-05
2,008115,0,0.01222201
2,008116,0,0.00014262742
2,008117,0,0.00064250024
2,008118,0,6.572203e-05
2,008119,0,3.7978978e-06
2,008120,0,4.1865e-06
2,008121,0,0.00072728755
2,008122,0,0.00011608371
2,008123,0,0.00020474632
2,008124,0,0.018450271
2,008125,0,0.0004998037
2,008126,0,6.1313534e-05
2,008127,0,0.0008585398
2,008128,0,0.0002297758
2,008129,0,7.082505e-06
2,008130,0,2.2122587e-05
2,008131,0,0.004499849
2,008132,0,0.00031040536
2,008133,0,0.00026492754
2,008134,0,0.014136523
2,008135,0,0.00015202926
2,008136,0,0.022937335
2,008137,0,0.00024334814
2,008138,0,1.3965564e-06
2,008139,0,0.011201214
2,008140,0,8.413601e-05
2,008142,0,0.00050048635
2,008143,0,0.0011890047
2,008144,0,0.0009815037
2,008145,0,1.26869345e-05
2,008147,0,1.5803014e-05
2,008148,0,0.0005858936
2,008149,0,0.0011236753
2,008150,0,9.606128e-05
2,008151,0,6.973212e-05
2,008152,0,0.020870663
2,008153,0,0.008233769
2,008154,0,0.014606279
2,008155,0,0.019212194
2,008156,0,0.00015447824
2,008157,0,0.07508895
2,008158,0,0.045737185
2,008159,0,0.00013828151
2,008160,0,0.0005960978
2,008161,0,0.00048700965
2,008162,0,1.3969765e-05
2,008163,0,1.9362164e-06
2,008164,0,3.4359462e-05
2,008165,0,0.0019508583
2,008166,0,3.355933e-05
2,008167,0,3.2221084e-05
2,008168,0,0.00036789736
2,008169,0,0.00016202433
2,008170,0,0.01862421
2,008171,0,2.1007823e-05
2,008172,0,0.00040175114
2,008173,0,0.021816881
2,008174,0,0.0005215781
2,008175,0,0.00019811411
2,008176,0,4.580145e-05
2,008177,0,0.00014623022
2,008178,0,0.00053350185
2,008179,0,0.00017705787
2,008180,0,5.056361e-06
2,008181,0,0.00012852825
2,008182,0,3.537858e-05
2,008183,0,0.00038481285
2,008184,0,0.06991509
2,008185,0,6.2206386e-06
2,008186,0,0.00018129757
2,008187,0,0.0015371565
2,008188,0,0.0050332975
2,008189,0,1.2400032e-05
2,008190,0,0.014862232
2,008191,0,0.008156947
2,008192,0,0.0027902073
2,008193,0,0.0058002826
2,008194,0,0.00090644177
2,008195,0,0.009357697
2,008196,0,0.0075544845
2,008197,0,0.04339541
2,008198,0,0.0021236066
2,008199,0,2.7259708e-05
2,008200,0,0.00025019297
2,008201,0,0.10512898
2,008202,0,0.00082722266
2,008203,0,0.009324634
2,008204,0,0.0008160181
2,008205,0,0.0026129186
2,008206,0,0.0003515951
2,008207,0,0.09377671
2,008208,0,0.001973713
2,008209,0,0.00082093
2,008210,0,6.9064314e-05
2,008211,0,5.5485114e-05
2,008212,0,0.4705569
2,008213,0,4.752698e-05
2,008214,0,0.00090692425
2,008215,0,9.288056e-06
2,008216,0,0.00062467507
2,008217,0,0.00031434445
2,008218,0,0.00055788836
2,008219,0,0.0016974856
2,008220,0,1.7232061e-06
2,008221,0,8.509725e-05
2,008222,0,0.0009777821
2,008223,0,1.8625547e-05
2,008224,0,3.5076733e-05
2,008225,0,0.0018966023
2,008226,0,0.0008419717
2,008227,0,0.0016742097
2,008228,0,4.760724e-06
2,008229,0,3.1210988e-05
2,008230,0,0.036200993
2,008231,0,8.797459e-06
2,008232,0,0.0048722588
2,008233,0,2.8066643e-05
2,008234,0,0.0010302308
2,008235,0,0.00010774717
2,008236,0,0.0026029712
2,008237,0,0.0036887466
2,008238,0,0.00015052491
2,008239,0,1.65807e-05
2,008240,0,6.7983183e-06
2,008241,0,0.024754936
2,008242,0,0.006995937
2,008243,0,3.8320766e-05
2,008244,0,1.3169526e-06
2,008245,0,0.004411039
2,008246,0,0.005768688
2,008247,0,0.0014492439
2,008248,0,0.02268814
2,008249,0,3.8595344e-06
2,008250,0,1.6005662e-05
2,008251,0,0.0001872903
2,008252,0,0.0046880683
2,008254,0,0.057025444
2,008255,0,0.00061881513
2,008256,0,0.012147245
2,008257,0,0.001128237
2,008258,0,0.00016973396
2,008259,0,0.68526185
2,008260,0,0.00021812286
2,008261,0,4.8464517e-06
2,008262,0,0.00030581275
2,008263,0,0.0056028212
2,008264,0,0.00052706606
2,008265,0,0.0006236736
2,008266,0,0.00750734
2,008267,0,0.00022545182
2,008268,0,0.0017374238
2,008269,0,0.34411138
2,008270,0,0.0033651632
2,008271,0,0.0001184936
2,008272,0,0.00392746
2,008273,0,0.0018866829
2,008274,0,0.010562921
2,008275,0,3.8338917e-06
2,008276,0,0.0067478362
2,008277,0,0.000732048
2,008278,0,0.00031651265
2,008279,0,3.958762e-06
2,008280,0,5.057956e-05
2,008281,0,2.6765887e-05
2,008282,0,3.2541957e-05
2,008283,0,4.1972457e-05
2,008284,0,7.937831e-05
2,008285,0,7.3669344e-06
2,008286,0,0.0491693
2,008287,0,0.0010222966
2,008288,0,4.1649848e-05
2,008289,0,0.002101588
2,008290,0,4.3493845e-05
2,008291,0,0.0003904274
2,008292,0,0.00027206301
2,008294,0,0.017145922
2,008295,0,0.013519557
2,008296,0,0.0021545864
2,008297,0,3.8697697e-05
2,008298,0,3.7396803e-06
2,008299,0,0.0442268
2,008300,0,0.00033186594
2,008301,0,0.0024745446
2,008302,0,0.00046123948
2,008303,0,0.00048786617
2,008304,0,0.00022768982
2,008305,0,5.326807e-08
2,008306,0,5.883504e-05
2,008307,0,0.00016743867
2,008308,0,0.001192643
2,008309,0,0.00044694077
2,008310,0,8.176609e-06
2,008311,0,0.003349731
2,008312,0,0.0047688293
2,008313,0,0.0005298306
2,008314,0,0.00018398165
2,008315,0,1.1909577e-05
2,008316,0,0.00043729227
2,008317,0,0.000113040616
2,008318,0,9.821118e-06
2,008319,0,0.01312292
2,008320,0,0.00010517231
2,008321,0,0.0006841234
2,008322,0,0.0009063511
2,008323,0,0.0022750848
2,008324,0,0.0021770254
2,008325,0,0.0023579448
2,008326,0,3.583543e-06
2,008327,0,0.00031171704
2,008328,0,4.7175854e-05
2,008329,0,0.00042955598
2,008330,0,0.039724313
2,008331,0,0.0001589551
2,008332,0,0.0041227327
2,008333,0,0.0032510727
2,008334,0,9.197067e-06
2,008336,0,1.4532484e-05
2,008337,0,0.0015243407
2,008338,0,6.493837e-05
2,008339,0,0.030119134
2,008340,0,0.0010085645
2,008341,0,2.7283815e-05
2,008342,0,0.00066372106
2,008343,0,2.5923514e-06
2,008344,0,0.009199464
2,008346,0,0.110668294
2,008347,0,0.00020904707
2,008348,0,2.7351105e-05
2,008349,0,0.0007765619
2,008350,0,0.0007439623
2,008351,0,1.629409e-06
2,008352,0,0.00088316033
2,008353,0,0.0007641191
2,008354,0,0.0039619072
2,008355,0,6.144324e-05
2,008356,0,0.0010532005
2,008357,0,0.0004968773
2,008358,0,0.0064004054
2,008359,0,0.0009226412
2,008360,0,0.015293389
2,008361,0,0.00014612959
2,008362,0,4.3937034e-05
2,008363,0,0.00026412652
2,008364,0,0.0019818472
2,008365,0,0.0004821318
2,008366,0,6.6278344e-06
2,008367,0,9.845787e-05
2,008368,0,0.0010970775
2,008369,0,0.0048146187
2,008370,0,0.00030296648
2,008371,0,2.3756476e-05
2,008372,0,1.4216424e-05
2,008373,0,0.0077465265
2,008374,0,0.0020967906
2,008375,0,5.414811e-05
2,008376,0,9.3889576e-05
2,008377,0,0.002204002
2,008378,0,0.010347129
2,008379,0,0.0010937403
2,008380,0,0.002304771
2,008381,0,0.0051425453
2,008382,0,0.17020915
2,008383,0,0.0030446723
2,008384,0,2.6636964e-05
2,008385,0,1.6655982e-06
2,008386,0,7.4192954e-05
2,008387,0,0.0033349695
2,008388,0,0.008459159
2,008389,0,0.0003626122
2,008390,0,4.3568485e-05
2,008391,0,1.911977e-06
2,008393,0,0.00047903755
2,008394,0,0.003084563
2,008395,0,0.00034168083
2,008396,0,0.030115325
2,008397,0,0.0004372356
2,008398,0,2.0376815e-06
2,008399,0,0.0004807145
2,008400,0,6.452928e-05
2,008401,0,0.033374183
2,008402,0,0.00027049464
2,008403,0,0.00032735264
2,008404,0,0.062540114
2,008405,0,0.0042292112
2,008406,0,0.00082879234
2,008407,0,4.922265e-06
2,008408,0,1.7593931e-05
2,008409,0,0.00012472791
2,008410,0,0.5229636
2,008411,0,0.031776875
2,008412,0,0.0015156183
2,008413,0,0.00015649469
2,008414,0,0.0006848253
2,008415,0,0.00028191687
2,008416,0,0.00065082364
2,008417,0,0.0021457707
2,008418,0,0.025909796
2,008419,0,0.00028545017
2,008420,0,0.03462162
2,008421,0,0.007278499
2,008422,0,0.002141714
2,008423,0,0.012363441
2,008424,0,9.754066e-05
2,008425,0,0.0006820688
2,008426,0,3.729684e-05
2,008427,0,0.0016125452
2,008428,0,0.00032025887
2,008429,0,9.406531e-05
2,008430,0,0.022612395
2,008431,0,0.0069981264
2,008432,0,0.0022330224
2,008433,0,2.2823165e-06
2,008434,0,0.043282248
2,008435,0,0.0005446676
2,008436,0,0.0019242028
2,008437,0,0.014613822
2,008438,0,0.00094750396
2,008439,0,0.028653603
2,008440,0,2.3156547e-06
2,008441,0,0.004345851
2,008442,0,2.5958816e-05
2,008443,0,2.1802146e-06
2,008444,0,0.0014418729
2,008445,0,0.0033236013
2,008446,0,0.00069371384
2,008447,0,0.0035335904
2,008448,0,0.000118346354
2,008449,0,0.0031695475
2,008450,0,0.0016600443
2,008451,0,0.0056058485
2,008452,0,0.0031056614
2,008453,0,0.000109142566
2,008454,0,0.0007194764
2,008455,0,1.8171691e-05
2,008456,0,0.07807235
2,008457,0,4.071985e-05
2,008458,0,3.402102e-05
2,008459,0,0.005632727
2,008460,0,0.00038027603
2,008461,0,0.031443328
2,008462,0,9.843472e-06
2,008463,0,0.009155492
2,008464,0,0.11186954
2,008465,0,0.00015317296
2,008466,0,0.0003154685
2,008467,0,0.00044101576
2,008468,0,0.02781797
2,008469,0,1.1044534e-06
2,008470,0,0.0023040639
2,008471,0,5.579094e-05
2,008472,0,0.0008250908
2,008473,0,5.502524e-06
2,008474,0,1.1523431e-05
2,008475,0,3.336553e-05
2,008476,0,0.0023868359
2,008477,0,0.4615915
2,008478,0,0.00013410508
2,008479,0,4.756856e-05
2,008480,0,9.59344e-06
2,008481,0,0.024130197
2,008482,0,2.8860117e-05
2,008483,0,0.0043706493
2,008484,0,9.6284035e-05
2,008485,0,1.2912629e-05
2,008486,0,0.00010182521
2,008487,0,4.2079864e-05
2,008488,0,0.03706918
2,008489,0,0.0001895715
2,008490,0,0.0009309935
2,008491,0,7.2881434e-05
2,008492,0,0.0012812469
2,008493,0,2.758092e-05
2,008494,0,0.00017778021
2,008495,0,0.0008361082
2,008496,0,0.0006684653
2,008499,0,0.00016119097
2,008500,0,0.000616353
2,008501,0,0.00078200706
2,008502,0,0.00037567917
2,008503,0,0.0024070423
2,008504,0,0.027491374
2,008505,0,7.152056e-05
2,008506,0,6.299081e-06
2,008507,0,0.003006895
2,008508,0,0.00025083715
2,008509,0,0.00061858987
2,008510,0,0.0008282042
2,008511,0,0.0036797624
2,008512,0,0.023305304
2,008513,0,0.014860662
2,008514,0,0.00024149976
2,008515,0,0.12519333
2,008516,0,7.2188705e-05
2,008517,0,6.4428646e-06
2,008518,0,0.012486389
2,008519,0,1.4461105e-05
2,008520,0,0.022669839
2,008521,0,0.011056054
2,008522,0,0.00026249248
2,008523,0,0.012502468
2,008524,0,7.95935e-05
2,008525,0,0.0018473582
2,008526,0,0.00021086153
2,008527,0,0.002616592
2,008528,0,0.0032173223
2,008529,0,8.623978e-06
2,008530,0,0.0007170017
2,008531,0,0.0006508513
2,008532,0,0.0036152387
2,008533,0,4.9217113e-05
2,008534,0,0.0012854665
2,008535,0,0.0004103923
2,008536,0,0.013325047
2,008537,0,2.6576308e-06
2,008538,0,3.6903216e-06
2,008539,0,0.00044606676
2,008540,0,2.7418822e-05
2,008541,0,0.0007892765
2,008542,0,8.7769666e-05
2,008543,0,0.020162476
2,008544,0,4.3200722e-05
2,008545,0,0.0005178529
2,008546,0,0.001213411
2,008547,0,1.46779785e-05
2,008548,0,0.0013886661
2,008549,0,0.0049698628
2,008550,0,0.0005401552
2,008551,0,0.0088317925
2,008552,0,0.017548664
2,008553,0,0.0005074539
2,008554,0,5.244316e-06
2,008555,0,9.136635e-05
2,008556,0,0.066088215
2,008557,0,0.0014826059
2,008558,0,0.0018944371
2,008559,0,0.001975166
2,008560,0,0.0020886161
2,008561,0,0.0035463872
2,008562,0,0.0003277483
2,008563,0,3.6841495e-05
2,008564,0,0.007281529
2,008565,0,0.017981678
2,008566,0,0.000108333894
2,008567,0,0.0003006998
2,008568,0,1.6865688e-05
2,008569,0,0.0001281033
2,008570,0,0.00019361298
2,008571,0,0.00019186696
2,008572,0,9.475735e-06
2,008573,0,1.6296051e-05
2,008574,0,1.2937298e-07
2,008575,0,0.009465484
2,008576,0,2.063434e-05
2,008577,0,0.00024936136
2,008578,0,0.0020539546
2,008579,0,0.00053690444
2,008581,0,0.030972457
2,008582,0,0.08989336
2,008583,0,0.052182432
2,008584,0,0.00038892034
2,008585,0,0.001591535
2,008586,0,0.0002665493
2,008587,0,0.40841737
2,008588,0,0.00017867734
2,008589,0,0.00055441516
2,008590,0,3.2807286e-05
2,008591,0,0.008406202
2,008592,0,0.0009958835
2,008593,0,2.2882052e-05
2,008594,0,0.15805733
2,008595,0,9.632693e-05
2,008596,0,0.0023349228
2,008597,0,9.291368e-05
2,008598,0,0.0023631915
2,008599,0,0.00012425687
2,008600,0,0.036928724
2,008601,0,0.0058859047
2,008602,0,8.968943e-05
2,008603,0,0.003302394
2,008604,0,0.08708536
2,008605,0,0.005456619
2,008606,0,0.00012059362
2,008607,0,0.0020418144
2,008608,0,2.0171904e-06
2,008609,0,0.0075148507
2,008610,0,0.00023982607
2,008611,0,0.00045718494
2,008613,0,0.00048175323
2,008615,0,2.649643e-05
2,008616,0,1.2515199e-05
2,008617,0,6.6096945e-05
2,008618,0,0.00010539972
2,008619,0,0.18622118
2,008620,0,1.0418294e-06
2,008621,0,0.00042454532
2,008622,0,0.22246222
2,008623,0,2.0019119e-05
2,008624,0,6.0810842e-05
2,008625,0,0.013159764
2,008626,0,0.014266408
2,008627,0,0.022951921
2,008628,0,0.0006284117
2,008629,0,5.301023e-05
2,008630,0,0.00086588523
2,008631,0,0.011204731
2,008632,0,5.777973e-06
2,008633,0,3.7329326e-05
2,008634,0,0.0007746595
2,008635,0,0.00048733354
2,008636,0,0.02283495
2,008637,0,0.0045035183
2,008638,0,3.554184e-05
2,008639,0,9.557036e-05
2,008640,0,0.016028058
2,008641,0,0.20110337
2,008642,0,0.00078621414
2,008643,0,0.044338487
2,008644,0,0.00032582358
2,008645,0,0.00028613652
2,008646,0,0.025111673
2,008647,0,0.00064696494
2,008648,0,0.0009253876
2,008649,0,3.416626e-05
2,008650,0,0.011729402
2,008651,0,0.004353223
2,008652,0,0.00038885674
2,008653,0,0.005399428
2,008654,0,0.0039895526
2,008655,0,0.07566736
2,008656,0,0.00043094842
2,008657,0,0.00031883345
2,008658,0,6.502867e-05
2,008659,0,0.0021547957
2,008660,0,0.0049964827
2,008661,0,0.006064281
2,008662,0,9.7549455e-06
2,008663,0,0.0058067557
2,008664,0,0.00010682653
2,008665,0,1.478984e-05
2,008666,0,0.0019842396
2,008667,0,1.3103567e-06
2,008668,0,9.2040955e-06
2,008669,0,4.4246117e-05
2,008670,0,1.3733015e-05
2,008671,0,1.2068662e-05
2,008672,0,4.7481917e-06
2,008673,0,4.809223e-05
2,008674,0,0.00014242886
2,008675,0,0.0014420898
2,008676,0,3.0698477e-05
2,008677,0,0.0034289325
2,008678,0,0.00016050969
2,008679,0,0.0009008294
2,008680,0,5.360122e-06
2,008681,0,0.0005459514
2,008682,0,2.3098935e-06
2,008684,0,0.0016372513
2,008685,0,0.008321577
2,008686,0,4.238985e-06
2,008687,0,0.0013342191
2,008688,0,0.00023760332
2,008689,0,0.021092303
2,008690,0,0.0007062976
2,008691,0,0.05159938
2,008692,0,2.9583111e-07
2,008693,0,0.002538341
2,008694,0,0.007382635
2,008695,0,8.867462e-05
2,008696,0,6.883622e-05
2,008697,0,0.00018420018
2,008698,0,0.00018255015
2,008699,0,0.0013379367
2,008700,0,2.009126e-05
2,008701,0,0.0012966853
2,008702,0,2.6947703e-06
2,008703,0,0.0012381491
2,008704,0,0.002478394
2,008706,0,8.200436e-05
2,008707,0,0.106312454
2,008708,0,3.0028457e-06
2,008709,0,0.00013709634
2,008710,0,6.7083034e-05
2,008711,0,0.00037869674
2,008712,0,0.00029385573
2,008713,0,0.0007965144
2,008714,0,2.6919812e-05
2,008715,0,5.4306816e-05
2,008716,0,0.0010092263
2,008717,0,0.008096322
2,008718,0,0.049616132
2,008719,0,0.00018066942
2,008720,0,0.0008950159
2,008721,0,1.8378525e-05
2,008722,0,0.00022111724
2,008723,0,0.00013781394
2,008724,0,0.0008692709
2,008725,0,7.526887e-05
2,008726,0,0.00018986237
2,008727,0,0.00021212165
2,008728,0,0.007143097
2,008729,0,0.013884303
2,008730,0,0.0005470299
2,008731,0,7.952776e-06
2,008732,0,0.016179053
2,008733,0,2.8449378e-05
2,008734,0,0.002995824
2,008735,0,0.0015668581
2,008736,0,0.00025877258
2,008737,0,0.00011899918
2,008738,0,0.03149797
2,008739,0,3.9426905e-05
2,008740,0,2.8666711e-05
2,008741,0,0.0030987246
2,008742,0,0.000972632
2,008743,0,0.00094807695
2,008744,0,0.0015260697
2,008745,0,0.00019762623
2,008746,0,0.0065958085
2,008747,0,0.0008372603
2,008748,0,0.0031879537
2,008749,0,0.0149683105
2,008750,0,0.0042735576
2,008751,0,0.00025113963
2,008752,0,0.0016802802
2,008753,0,0.00018231689
2,008754,0,0.0017851935
2,008755,0,0.005894901
2,008756,0,0.0019993484
2,008757,0,2.1122813e-05
2,008758,0,0.0018096657
2,008759,0,0.0011861771
2,008760,0,0.00019424502
2,008761,0,0.0051709604
2,008762,0,0.045674674
2,008763,0,5.6612694e-06
2,008764,0,4.0605224e-05
2,008765,0,0.0005481053
2,008766,0,0.00021755915
2,008767,0,0.00013809834
2,008768,0,5.997651e-05
2,008769,0,0.0008517055
2,008770,0,0.0010881372
2,008771,0,0.0075683533
2,008772,0,9.7336066e-05
2,008773,0,0.0009023852
2,008774,0,0.00038689905
2,008775,0,0.0055127367
2,008776,0,0.0031716425
2,008777,0,0.003619267
2,008778,0,0.002541047
2,008779,0,0.9403062
2,008780,0,0.00041720658
2,008781,0,8.031609e-07
2,008782,0,0.057265006
2,008783,0,0.04978669
2,008784,0,0.00017950314
2,008785,0,3.091839e-05
2,008786,0,0.009975467
2,008787,0,1.088961e-05
2,008788,0,0.16522922
2,008789,0,0.038174596
2,008790,0,0.0012208237
2,008791,0,6.480784e-05
2,008792,0,0.007554731
2,008793,0,0.007744873
2,008794,0,0.020547805
2,008795,0,8.514888e-05
2,008796,0,0.00024988424
2,008797,0,0.0027625875
2,008798,0,0.027364442
2,008799,0,0.0008776367
2,008800,0,0.00046630745
2,008801,0,0.08309616
2,008802,0,0.0003684818
2,008803,0,0.00011924249
2,008804,0,0.00045091007
2,008805,0,0.010144556
2,008806,0,0.001979844
2,008807,0,9.962509e-05
2,008808,0,0.0012320194
2,008809,0,0.001261813
2,008810,0,5.3077154e-05
2,008811,0,2.2728877e-05
2,008812,0,0.0003846984
2,008813,0,0.14802659
2,008814,0,0.0021363492
2,008815,0,2.6713578e-06
2,008816,0,0.0010470593
2,008817,0,0.011840382
2,008818,0,0.004085684
2,008819,0,0.006822003
2,008820,0,6.958088e-06
2,008821,0,0.000102638325
2,008822,0,0.00055476854
2,008823,0,0.40978655
2,008825,0,4.365441e-05
2,008826,0,1.0024815e-05
2,008827,0,5.910352e-06
2,008828,0,0.00019784228
2,008829,0,0.0012959383
2,008830,0,0.033525135
2,008831,0,0.00032560248
2,008832,0,0.00035007863
2,008833,0,0.0003856474
2,008834,0,3.945534e-05
2,008835,0,0.00061994477
2,008836,0,0.00012480965
2,008837,0,0.17945856
2,008838,0,7.280309e-05
2,008839,0,1.4937569e-05
2,008840,0,0.00012912146
2,008841,0,2.583686e-05
2,008842,0,0.0034454651
2,008843,0,0.0032565272
2,008844,0,0.08483479
2,008845,0,1.0881451e-05
2,008846,0,0.00021673719
2,008847,0,4.184361e-05
2,008848,0,0.035506822
2,008849,0,5.1854986e-08
2,008851,0,4.8741582e-05
2,008852,0,0.00014697628
2,008853,0,0.00033201565
2,008854,0,0.1993457
2,008855,0,0.0024397355
2,008856,0,0.00036190354
2,008857,0,0.0005847162
2,008858,0,0.0008083994
2,008859,0,0.011091882
2,008860,0,0.0014394713
2,008861,0,0.0004960284
2,008862,0,0.002312304
2,008863,0,0.0020406642
2,008864,0,0.0001301421
2,008865,0,0.00074319984
2,008866,0,9.29216e-07
2,008867,0,5.407958e-05
2,008868,0,0.0024129692
2,008869,0,3.3763714e-05
2,008870,0,1.14851955e-05
2,008871,0,0.00060713314
2,008872,0,5.316239e-06
2,008873,0,3.87399e-06
2,008874,0,0.0022160893
2,008875,0,0.0005558152
2,008876,0,3.013587e-05
2,008877,0,0.0006983701
2,008878,0,0.001234524
2,008879,0,0.0001584418
2,008880,0,0.00023082452
2,008881,0,0.0016323763
2,008882,0,2.527055e-06
2,008883,0,0.0072455322
2,008884,0,0.03938697
2,008885,0,0.0010063536
2,008886,0,0.0073932023
2,008887,0,0.0027564608
2,008888,0,0.00021034728
2,008889,0,0.0005011793
2,008890,0,0.00026889658
2,008891,0,0.00021729732
2,008892,0,2.9297453e-05
2,008893,0,0.00018752867
2,008894,0,2.336294e-05
2,008895,0,0.0013021835
2,008896,0,0.0002048459
2,008897,0,0.0014583819
2,008898,0,1.3322854e-07
2,008899,0,0.0006046422
2,008900,0,0.0404942
2,008901,0,0.00066846085
2,008902,0,0.0010251987
2,008903,0,0.071558684
2,008904,0,0.025033403
2,008905,0,0.036450207
2,008906,0,2.7271692e-05
2,008907,0,0.00029410995
2,008908,0,0.00020132642
2,008909,0,5.3832755e-05
2,008910,0,0.13877536
2,008911,0,1.3044729e-06
2,008912,0,0.015456797
2,008913,0,0.009468327
2,008914,0,0.00725334
2,008915,0,0.0020211383
2,008916,0,1.7241633e-05
2,008917,0,0.0016009811
2,008918,0,0.0021142128
2,008919,0,0.0039483295
2,008920,0,1.5467389e-05
2,008921,0,0.0010183108
2,008922,0,0.0031364276
2,008923,0,0.0002985613
2,008924,0,0.00086213776
2,008925,0,0.0002976067
2,008926,0,0.000108454726
2,008927,0,0.00022709707
2,008928,0,0.0031475557
2,008929,0,0.008739145
2,008930,0,0.0003499288
2,008931,0,4.5372994e-06
2,008932,0,1.2322218e-06
2,008933,0,9.794938e-05
2,008934,0,0.0017338746
2,008935,0,8.073739e-06
2,008936,0,2.2695497e-06
2,008937,0,0.0025752932
2,008938,0,6.052285e-05
2,008939,0,0.0011359936
2,008940,0,0.0018265437
2,008941,0,0.00016580021
2,008942,0,6.107411e-06
2,008943,0,0.0001937914
2,008944,0,0.00658535
2,008945,0,0.0010684483
2,008946,0,0.0023220244
2,008947,0,0.00015622782
2,008948,0,0.00020203367
2,008949,0,4.306995e-05
2,008950,0,2.338425e-05
2,008951,0,0.0094398465
2,008952,0,0.025974898
2,008953,0,9.269924e-05
2,008954,0,0.045943808
2,008955,0,0.00016940817
2,008956,0,1.1656144e-06
2,008958,0,0.0025024393
2,008959,0,0.003436157
2,008960,0,0.00018960024
2,008961,0,0.0005705941
2,008962,0,0.0019826482
2,008963,0,8.581956e-06
2,008964,0,0.0010801685
2,008965,0,4.494175e-05
2,008966,0,0.00087056065
2,008967,0,0.013323981
2,008968,0,0.0007628862
2,008969,0,5.2670606e-05
2,008970,0,0.0002876321
2,008971,0,0.00080902595
2,008972,0,0.00037232216
2,008973,0,0.0016424974
2,008974,0,0.0062968563
2,008975,0,0.13842358
2,008976,0,0.0020831213
2,008977,0,0.00010778221
2,008978,0,0.0056250645
2,008979,0,0.022184946
2,008980,0,0.0001233807
2,008981,0,0.01543465
2,008982,0,0.00090176286
2,008983,0,0.00074712426
2,008984,0,0.0005587134
2,008985,0,2.0026337e-05
2,008986,0,0.009973456
2,008987,0,0.0001474194
2,008988,0,0.0017738052
2,008989,0,0.008532535
2,008990,0,1.3914408e-06
2,008991,0,0.0063212346
2,008992,0,0.0003124728
2,008993,0,0.00051219587
2,008994,0,0.015040636
2,008995,0,0.0015977503
2,008996,0,0.00662658
2,008997,0,0.00074319314
2,008998,0,0.032579508
2,008999,0,0.003380236
2,009000,0,0.00066802395
2,009001,0,0.00037700305
2,009002,0,0.00034325485
2,009003,0,0.005482079
2,009004,0,0.019638674
2,009005,0,0.00021430112
2,009006,0,8.136159e-05
2,009008,0,9.869099e-05
2,009009,0,1.1829871e-06
2,009010,0,0.0060118907
2,009011,0,0.0020820047
2,009012,0,0.00063914113
2,009013,0,0.00064365217
2,009014,0,9.6896365e-05
2,009015,0,0.00090936094
2,009016,0,0.22554082
2,009017,0,0.0012979883
2,009018,0,0.022846006
2,009019,0,0.036533758
2,009020,0,0.034230914
2,009021,0,0.00018313418
2,009022,0,4.9336002e-05
2,009023,0,0.0003853198
2,009024,0,0.42534852
2,009025,0,0.002193669
2,009026,0,0.0006432287
2,009027,0,0.008794487
2,009028,0,8.014049e-05
2,009029,0,0.00013592832
2,009030,0,0.0005847472
2,009031,0,0.00041904027
2,009032,0,9.864783e-07
2,009033,0,0.007803187
2,009034,0,0.0026599902
2,009035,0,0.00056794955
2,009036,0,6.473669e-05
2,009037,0,0.0074432525
2,009038,0,1.2942798e-05
2,009039,0,0.00031765472
2,009040,0,0.0026213112
2,009041,0,0.000704368
2,009042,0,0.00067057606
2,009043,0,0.006320537
2,009044,0,4.7726593e-05
2,009045,0,4.5035104e-05
2,009046,0,6.0469545e-05
2,009047,0,0.0004221246
2,009048,0,0.0001861109
2,009049,0,2.6011821e-05
2,009050,0,0.0007420516
2,009051,0,0.00940555
2,009052,0,0.008583566
2,009053,0,1.3426669e-05
2,009054,0,0.0002476573
2,009055,0,0.0002121785
2,009056,0,0.000257821
2,009057,0,0.00013316072
2,009058,0,0.00022317833
2,009059,0,0.0011285137
2,009060,0,0.00091874663
2,009061,0,3.1974937e-06
2,009062,0,0.00015731952
2,009063,0,0.032561477
2,009064,0,9.914139e-06
2,009065,0,0.021476509
2,009066,0,3.141078e-05
2,009067,0,4.073581e-06
2,009068,0,0.04802042
2,009069,0,0.0005538693
2,009070,0,0.0015801695
2,009071,0,0.0051563103
2,009072,0,0.013394727
2,009073,0,9.4690595e-06
2,009074,0,8.741543e-05
2,009075,0,0.0066734715
2,009076,0,0.019690657
2,009077,0,3.5801637e-05
2,009078,0,0.0034257127
2,009079,0,0.00019441734
2,009080,0,1.1541583e-08
2,009081,0,0.0014148786
2,009082,0,0.0020580324
2,009083,0,3.5621582e-05
2,009084,0,3.1625295e-05
2,009085,0,0.00036612226
2,009086,0,3.4523622e-05
2,009087,0,0.11549532
2,009088,0,0.00054492336
2,009089,0,0.0025451789
2,009090,0,3.0641718e-06
2,009091,0,0.0064885896
2,009092,0,5.3965286e-06
2,009093,0,0.00017378987
2,009094,0,0.00013640914
2,009095,0,0.0078238435
2,009096,0,0.16353108
2,009097,0,0.13356459
2,009098,0,0.00018519696
2,009099,0,0.0035734246
2,009100,0,7.5935036e-06
2,009101,0,0.001404645
2,009102,0,5.4991874e-06
2,009103,0,5.3032985e-05
2,009104,0,0.007935625
2,009105,0,0.00029352252
2,009106,0,0.00018791921
2,009107,0,0.00032070864
2,009108,0,0.0101676565
2,009109,0,0.0011693889
2,009110,0,0.00043856222
2,009111,0,5.2108262e-05
2,009112,0,4.650255e-05
2,009113,0,1.8414594e-06
2,009114,0,0.0009710417
2,009115,0,0.00047764825
2,009116,0,6.5028726e-05
2,009117,0,0.013393827
2,009118,0,0.0001324008
2,009119,0,4.0474233e-06
2,009120,0,0.0031175476
2,009121,0,0.0012549118
2,009122,0,0.00015065142
2,009123,0,0.00044914414
2,009124,0,0.0056657023
2,009125,0,0.044769064
2,009126,0,0.025158351
2,009127,0,4.494132e-05
2,009129,0,9.750181e-07
2,009130,0,3.7688493e-05
2,009131,0,8.131234e-05
2,009132,0,0.0009665577
2,009133,0,8.461071e-05
2,009134,0,0.0021142594
2,009135,0,4.4740125e-05
2,009136,0,2.5088532e-06
2,009137,0,0.00015865981
2,009138,0,0.011250633
2,009139,0,0.0068144957
2,009140,0,0.0016694791
2,009141,0,3.9328108e-05
2,009142,0,0.0005755279
2,009143,0,0.0010379549
2,009144,0,7.1655546e-07
2,009145,0,0.00053595984
2,009146,0,1.4331776e-05
2,009147,0,8.605009e-06
2,009148,0,0.0055387197
2,009149,0,6.3323464e-06
2,009150,0,0.00015359373
2,009151,0,5.483601e-05
2,009152,0,1.5220971e-05
2,009153,0,3.150158e-05
2,009154,0,0.0021246325
2,009155,0,0.04198233
2,009156,0,0.0014329057
2,009157,0,0.001195523
2,009158,0,2.4757801e-05
2,009159,0,0.00028056867
2,009160,0,0.002336895
2,009161,0,0.0054763863
2,009162,0,7.5824387e-06
2,009164,0,0.0018565967
2,009165,0,0.00017721459
2,009166,0,0.00064189336
2,009167,0,3.1262493e-06
2,009168,0,0.00085560745
2,009169,0,0.0007268899
2,009170,0,0.011881464
2,009171,0,1.4150172e-05
2,009172,0,0.8533307
2,009173,0,0.0689027
2,009174,0,0.0005983188
2,009175,0,0.00052087236
2,009176,0,0.00037029356
2,009177,0,0.0001790978
2,009178,0,0.0005692735
2,009179,0,0.60228664
2,009180,0,2.2335485e-05
2,009181,0,0.00012808316
2,009182,0,2.4220999e-05
2,009183,0,2.6168049e-05
2,009184,0,0.0049118153
2,009185,0,0.000976797
2,009186,0,0.0001123806
2,009187,0,0.0025257189
2,009188,0,0.00026919335
2,009189,0,0.0015992633
2,009190,0,4.7189213e-05
2,009191,0,0.006943874
2,009192,0,0.0015700617
2,009193,0,5.522833e-06
2,009194,0,7.3469826e-05
2,009195,0,0.003683094
2,009196,0,3.9039634e-05
2,009197,0,0.0067694653
2,009199,0,0.00077668705
2,009200,0,0.00070238224
2,009201,0,0.029100094
2,009202,0,0.038782153
2,009203,0,0.00021929313
2,009204,0,1.8319638e-06
2,009205,0,0.0008616844
2,009206,0,2.568712e-05
2,009207,0,2.8530817e-06
2,009208,0,1.0856032e-06
2,009209,0,0.0012600932
2,009210,0,0.008191128
2,009211,0,0.0034800326
2,009212,0,0.028564032
2,009213,0,3.7447267e-06
2,009214,0,0.010821546
2,009215,0,0.00020184286
2,009216,0,0.00014097501
2,009217,0,0.0050592734
2,009218,0,4.2576194e-05
2,009219,0,0.004185989
2,009220,0,0.00047688687
2,009221,0,0.00011759951
2,009222,0,0.00084906764
2,009223,0,0.00045440707
2,009224,0,0.00021982193
2,009225,0,1.3360978e-05
2,009226,0,0.0016362431
2,009227,0,0.00019354082
2,009228,0,0.0026242912
2,009229,0,0.00047717817
2,009230,0,0.0347687
2,009231,0,0.0006385661
2,009232,0,0.00011879499
2,009233,0,0.00012121203
2,009234,0,0.00029802864
2,009235,0,0.00049350644
2,009236,0,1.394463e-06
2,009237,0,8.099098e-08
2,009238,0,8.828539e-06
2,009239,0,6.375827e-05
2,009240,0,0.09589996
2,009241,0,0.021691123
2,009242,0,0.00018596208
2,009243,0,1.6826087e-05
2,009244,0,0.0004851771
2,009245,0,0.115461126
2,009246,0,0.0001323344
2,009247,0,0.0008111263
2,009248,0,0.01836867
2,009249,0,1.5910273e-05
2,009250,0,0.016410204
2,009251,0,0.06371487
2,009252,0,0.06849878
2,009253,0,0.001074425
2,009254,0,0.00014152103
2,009255,0,0.001080187
2,009256,0,0.00020041608
2,009257,0,9.000086e-05
2,009258,0,0.0016273733
2,009259,0,0.005939726
2,009260,0,0.0010655776
2,009261,0,0.0006897318
2,009262,0,0.00032855984
2,009263,0,0.01950549
2,009264,0,0.00059289247
2,009265,0,0.33813068
2,009266,0,3.893587e-06
2,009267,0,0.00016780932
2,009268,0,0.00090046687
2,009269,0,4.709193e-06
2,009270,0,5.602595e-05
2,009271,0,0.0034382343
2,009272,0,0.0014391142
2,009273,0,0.00022347792
2,009274,0,7.535305e-05
2,009275,0,0.023701385
2,009276,0,0.0013328393
2,009277,0,0.0020731152
2,009278,0,0.014369127
2,009279,0,0.0037869613
2,009280,0,0.0006009641
2,009281,0,0.004093659
2,009282,0,0.014310244
2,009283,0,0.00079199404
2,009284,0,0.00016021947
2,009285,0,2.954413e-05
2,009286,0,0.0006062031
2,009287,0,8.605693e-05
2,009288,0,0.0029320898
2,009289,0,0.0038621766
2,009290,0,0.00030671645
2,009291,0,0.027702285
2,009292,0,0.00058676116
2,009293,0,0.00038872036
2,009294,0,6.479641e-05
2,009295,0,0.00014513075
2,009297,0,9.473667e-05
2,009298,0,0.0005298488
2,009299,0,0.0154428035
2,009301,0,0.0006208195
2,009302,0,0.00015427744
2,009303,0,6.547581e-07
2,009304,0,0.00097333745
2,009305,0,8.349261e-05
2,009306,0,0.002862232
2,009307,0,6.916364e-05
2,009308,0,0.0002367754
2,009309,0,7.966227e-07
2,009310,0,3.2344782e-05
2,009311,0,0.00088430796
2,009312,0,0.0001335548
2,009313,0,0.0015394196
2,009314,0,1.00078405e-05
2,009315,0,0.00029319304
2,009317,0,0.0001058675
2,009318,0,0.0004931077
2,009319,0,0.00027914305
2,009320,0,0.00064532197
2,009321,0,0.0002955339
2,009322,0,1.1098394e-05
2,009323,0,1.5028459e-05
2,009324,0,0.0018855402
2,009325,0,4.842229e-06
2,009326,0,4.938637e-06
2,009327,0,0.0119457515
2,009328,0,0.0010324026
2,009329,0,5.8605907e-05
2,009330,0,0.0053778016
2,009331,0,0.0074941246
2,009333,0,0.00036196236
2,009334,0,0.00017678087
2,009335,0,0.0035513025
2,009336,0,0.0001532704
2,009337,0,0.00020609386
2,009338,0,0.00758592
2,009339,0,0.0023283695
2,009340,0,0.15694594
2,009341,0,1.1874647e-05
2,009342,0,0.003087133
2,009343,0,1.8764735e-05
2,009344,0,0.005036092
2,009345,0,0.002560021
2,009346,0,0.001075986
2,009347,0,0.0001563263
2,009348,0,2.3664397e-06
2,009349,0,0.015775755
2,009350,0,0.008403114
2,009351,0,0.00093147403
2,009352,0,0.00038046335
2,009353,0,0.006978461
2,009354,0,5.2898954e-06
2,009355,0,0.00837978
2,009356,0,1.2327154e-05
2,009357,0,0.024104284
2,009358,0,5.8486374e-05
2,009359,0,0.008036129
2,009360,0,1.7738419e-06
2,009361,0,0.000906238
2,009363,0,0.00027502282
2,009364,0,0.022837145
2,009365,0,9.661173e-05
2,009366,0,6.563954e-05
2,009367,0,0.005002178
2,009368,0,0.0007449119
2,009369,0,0.0003061348
2,009370,0,0.0018266671
2,009371,0,1.9173459e-07
2,009372,0,6.5034146e-07
2,009373,0,0.00025660195
2,009374,0,0.00908733
2,009375,0,0.0018968948
2,009376,0,0.00020130261
2,009377,0,0.00024462573
2,009378,0,0.0040663453
2,009379,0,2.0808951e-05
2,009380,0,0.010547722
2,009381,0,0.27431563
2,009382,0,0.0038150107
2,009383,0,4.168748e-05
2,009384,0,8.781906e-05
2,009385,0,2.2175234e-06
2,009386,0,0.0005771712
2,009387,0,0.0008590847
2,009388,0,0.027536375
2,009389,0,0.0011396761
2,009390,0,0.27983534
2,009391,0,0.0008992382
2,009392,0,9.080854e-05
2,009393,0,0.0015989763
2,009394,0,0.00030600085
2,009396,0,0.00029607452
2,009397,0,0.00010159602
2,009398,0,0.00037904366
2,009399,0,0.11413584
2,009400,0,0.042136308
2,009401,0,1.1486587e-05
2,009402,0,5.5767432e-05
2,009403,0,0.00040117613
2,009404,0,0.006459232
2,009405,0,0.13558134
2,009406,0,0.036772516
2,009407,0,0.002143642
2,009408,0,0.00016090611
2,009409,0,6.0638446e-05
2,009410,0,0.000504503
2,009411,0,1.762315e-05
2,009412,0,5.5819473e-06
2,009413,0,9.24427e-06
2,009414,0,1.3436699e-05
2,009415,0,0.0037683968
2,009416,0,0.00044798752
2,009417,0,0.0033594668
2,009418,0,2.389134e-05
2,009419,0,2.6213454e-05
2,009420,0,1.9503255e-05
2,009421,0,0.0007192625
2,009422,0,0.25392216
2,009423,0,5.5501787e-05
2,009424,0,0.00011439651
2,009425,0,0.00087256037
2,009426,0,0.00010861006
2,009427,0,0.0009601832
2,009428,0,8.378968e-06
2,009429,0,0.0010763105
2,009430,0,0.0015010871
2,009431,0,0.0010632348
2,009432,0,7.688539e-06
2,009433,0,0.00028312276
2,009434,0,6.5520676e-06
2,009435,0,6.661887e-05
2,009436,0,0.021828001
2,009437,0,0.0022818586
2,009438,0,0.0051209736
2,009439,0,0.00022761211
2,009440,0,5.6775218e-05
2,009441,0,0.00016857301
2,009442,0,0.0017900068
2,009443,0,5.5639037e-05
2,009444,0,0.016702823
2,009445,0,1.3270778e-05
2,009446,0,0.00050664705
2,009447,0,5.0950723e-05
2,009448,0,3.4141143e-05
2,009449,0,0.0011958834
2,009450,0,0.00011045613
2,009451,0,0.0009446366
2,009452,0,0.00014499518
2,009453,0,0.078064695
2,009454,0,2.2337117e-06
2,009455,0,9.273178e-05
2,009456,0,0.004598447
2,009457,0,8.651216e-07
2,009458,0,0.0017076357
2,009459,0,0.000737806
2,009460,0,0.0006212572
2,009461,0,2.5573388e-05
2,009462,0,0.1543646
2,009463,0,0.0024021503
2,009464,0,4.696412e-05
2,009465,0,0.0016315138
2,009467,0,5.7408047e-06
2,009468,0,0.049823765
2,009469,0,0.011542721
2,009470,0,0.0002934512
2,009471,0,0.0006177341
2,009472,0,0.0072106137
2,009473,0,3.0854872e-06
2,009474,0,0.01405592
2,009475,0,0.007092011
2,009476,0,0.008227666
2,009477,0,0.0016093005
2,009478,0,0.0013547925
2,009479,0,0.0001368654
2,009480,0,0.005566168
2,009481,0,0.00075568573
2,009482,0,0.0069552534
2,009483,0,0.0006178189
2,009484,0,9.981327e-05
2,009485,0,0.001022173
2,009486,0,2.8384584e-05
2,009487,0,0.002462063
2,009488,0,6.158714e-05
2,009489,0,0.001650211
2,009490,0,4.572447e-05
2,009491,0,0.00027601313
2,009492,0,0.039522875
2,009493,0,0.012492153
2,009494,0,0.00011767905
2,009495,0,0.005412144
2,009496,0,0.009703156
2,009497,0,9.978326e-06
2,009498,0,0.03136252
2,009499,0,7.341464e-05
2,009500,0,0.01051404
2,009501,0,2.1873306e-05
2,009502,0,0.0011111319
2,009503,0,1.7053217e-05
2,009504,0,0.00011560915
2,009505,0,9.621768e-05
2,009506,0,0.0071596084
2,009507,0,0.0016768402
2,009508,0,0.0006597309
2,009509,0,0.0008783277
2,009510,0,0.019341672
2,009511,0,0.00048884144
2,009512,0,0.00068282103
2,009513,0,0.0038666625
2,009514,0,0.00010745126
2,009515,0,0.051976904
2,009516,0,0.00070670893
2,009517,0,0.0038040713
2,009518,0,6.4659194e-05
2,009519,0,0.00010165086
2,009520,0,5.784473e-05
2,009521,0,0.0015510102
2,009522,0,0.010732033
2,009523,0,4.701126e-05
2,009524,0,0.011242249
2,009525,0,0.0024321123
2,009526,0,0.0001451356
2,009527,0,0.0025458666
2,009528,0,9.867358e-05
2,009529,0,1.973328e-05
2,009530,0,0.00081357744
2,009531,0,0.00030997064
2,009532,0,0.00018925057
2,009533,0,0.02134948
2,009534,0,1.5439447e-05
2,009535,0,6.189359e-05
2,009536,0,3.4334535e-05
2,009537,0,6.218651e-06
2,009538,0,0.00019341685
2,009539,0,0.0003390418
2,009540,0,0.00015760359
2,009541,0,6.618983e-07
2,009542,0,0.0010950086
2,009543,0,0.008278036
2,009544,0,0.00053419033
2,009545,0,0.0004887035
2,009546,0,0.010413812
2,009547,0,0.011768872
2,009548,0,0.016877228
2,009549,0,0.0004361965
2,009550,0,4.1282336e-05
2,009551,0,2.953706e-05
2,009552,0,0.0004217972
2,009553,0,7.937786e-05
2,009554,0,0.00037796405
2,009555,0,0.0002562091
2,009556,0,0.00025894016
2,009557,0,0.0056639514
2,009558,0,0.008276771
2,009559,0,0.004464943
2,009560,0,0.0007331864
2,009561,0,0.00015233413
2,009562,0,0.002146372
2,009563,0,0.008032401
2,009564,0,0.015545609
2,009565,0,3.951569e-06
2,009566,0,0.033713058
2,009567,0,0.0007504695
2,009568,0,0.0004704375
2,009569,0,0.00013999765
2,009570,0,0.005614677
2,009571,0,0.00025222905
2,009572,0,7.69674e-05
2,009573,0,0.00011859522
2,009574,0,0.0057374123
2,009575,0,0.0012599503
2,009576,0,0.008611318
2,009577,0,0.0028153986
2,009578,0,1.0238223e-05
2,009579,0,0.0031867537
2,009580,0,8.617e-05
2,009581,0,6.130933e-05
2,009582,0,7.815575e-06
2,009583,0,0.0039833216
2,009584,0,0.0006914242
2,009585,0,0.0024214736
2,009586,0,0.5275553
2,009587,0,3.5146848e-05
2,009588,0,4.992467e-05
2,009589,0,9.288463e-05
2,009590,0,0.0004666029
2,009592,0,2.8667958e-07
2,009593,0,0.0008442734
2,009594,0,0.00028090243
2,009595,0,0.000496588
2,009596,0,4.660623e-07
2,009597,0,3.8779228e-05
2,009598,0,0.0030815352
2,009599,0,0.0015025131
2,009600,0,0.008735564
2,009601,0,6.811331e-05
2,009602,0,2.1191354e-05
2,009603,0,0.0002436604
2,009604,0,6.41199e-06
2,009605,0,0.045116443
2,009606,0,0.00034047427
2,009607,0,4.182637e-06
2,009608,0,0.0036700272
2,009609,0,0.00081979303
2,009610,0,0.00046510203
2,009611,0,9.195381e-05
2,009612,0,0.00093783095
2,009613,0,5.959146e-05
2,009614,0,0.001055192
2,009615,0,0.00013364908
2,009616,0,0.014214179
2,009617,0,0.041814096
2,009618,0,0.0074591464
2,009619,0,0.001464771
2,009620,0,7.53833e-05
2,009621,0,1.1936306e-06
2,009622,0,0.0009378555
2,009623,0,5.062719e-05
2,009624,0,0.0006713402
2,009625,0,3.0096982e-05
2,009626,0,0.0016593948
2,009627,0,0.00045669777
2,009628,0,1.5303776e-05
2,009629,0,0.016664775
2,009630,0,0.0012065305
2,009631,0,3.7368175e-06
2,009632,0,0.00036019253
2,009633,0,0.008736299
2,009634,0,0.0003364068
2,009635,0,4.232897e-06
2,009636,0,0.0085882945
2,009638,0,0.00038913803
2,009639,0,2.7579657e-05
2,009640,0,8.196504e-07
2,009641,0,7.0179453e-06
2,009642,0,0.010794685
2,009643,0,0.0005380525
2,009644,0,0.00058499636
2,009645,0,0.00031517568
2,009646,0,0.0076623172
2,009647,0,0.005496518
2,009648,0,0.0018851488
2,009649,0,0.005602707
2,009650,0,0.0005244191
2,009651,0,0.0003887376
2,009652,0,2.6170545e-05
2,009653,0,4.3774876e-06
2,009654,0,0.003057981
2,009655,0,0.08158453
2,009656,0,0.0154352095
2,009657,0,4.25449e-05
2,009658,0,0.0011388796
2,009659,0,7.769463e-06
2,009660,0,0.019837916
2,009661,0,6.280462e-06
2,009662,0,0.00035284524
2,009663,0,0.0013129745
2,009664,0,2.461591e-05
2,009665,0,0.017130274
2,009666,0,0.023490418
2,009667,0,7.046374e-05
2,009668,0,0.0016772602
2,009669,0,0.007377842
2,009670,0,0.0004381675
2,009671,0,0.009317259
2,009672,0,0.00022750993
2,009673,0,0.00012848353
2,009674,0,1.13255155e-05
2,009675,0,0.10960061
2,009676,0,0.0071347146
2,009677,0,2.7441685e-05
2,009678,0,0.00014677811
2,009679,0,0.0004988275
2,009680,0,0.010950633
2,009681,0,0.0033426748
2,009682,0,2.0239154e-06
2,009683,0,0.0005411317
2,009684,0,0.019092716
2,009685,0,0.0028586537
2,009686,0,3.8212565e-05
2,009687,0,5.50354e-05
2,009688,0,0.0010299658
2,009689,0,0.0002610698
2,009690,0,0.0001671461
2,009692,0,0.0008056317
2,009693,0,9.932515e-05
2,009694,0,0.00156222
2,009695,0,0.0045805885
2,009696,0,0.00719437
2,009698,0,0.00077273295
2,009699,0,0.003995514
2,009700,0,0.0006432152
2,009701,0,2.2074664e-05
2,009702,0,4.8544527e-05
2,009703,0,0.0007225175
2,009704,0,4.0903004e-05
2,009705,0,0.002190069
2,009706,0,2.440582e-05
2,009707,0,0.005812361
2,009708,0,0.00017235991
2,009709,0,0.00094388495
2,009710,0,1.4598422e-05
2,009711,0,0.0044089076
2,009712,0,0.00037856787
2,009713,0,0.0012202988
2,009714,0,0.0003107011
2,009715,0,0.00020292988
2,009716,0,6.004324e-05
2,009717,0,0.3789964
2,009718,0,0.0002932853
2,009719,0,0.04345962
2,009720,0,0.00025147674
2,009721,0,1.8516805e-05
2,009722,0,0.004858833
2,009723,0,0.00032089796
2,009724,0,0.026442066
2,009725,0,0.0007291638
2,009726,0,0.00016702423
2,009727,0,0.00010136725
2,009728,0,0.000695957
2,009729,0,0.00014310108
2,009730,0,0.0014220346
2,009731,0,1.911907e-05
2,009732,0,2.0788799e-05
2,009733,0,0.011667397
2,009734,0,0.0059264014
2,009735,0,0.021151224
2,009736,0,0.00032733017
2,009737,0,0.0017922651
2,009738,0,4.7497804e-05
2,009739,0,0.00021106511
2,009740,0,0.0006583579
2,009741,0,0.0031183239
2,009742,0,0.011954299
2,009743,0,0.004099707
2,009744,0,0.0039529507
2,009745,0,0.0016342868
2,009746,0,0.00086865405
2,009747,0,0.0041790004
2,009748,0,6.3914094e-06
2,009749,0,0.00028349957
2,009750,0,0.00045520958
2,009751,0,1.00301795e-05
2,009752,0,0.07591195
2,009753,0,0.005844608
2,009754,0,0.015941832
2,009755,0,0.00067937234
2,009756,0,0.004687663
2,009757,0,1.3377374e-05
2,009758,0,6.869687e-05
2,009759,0,0.00022594504
2,009760,0,0.0032257147
2,009761,0,0.00017810734
2,009762,0,0.0055841072
2,009763,0,0.00833607
2,009764,0,0.008697897
2,009765,0,0.008094217
2,009766,0,0.0014088462
2,009767,0,0.00035380185
2,009768,0,0.0018954508
2,009769,0,2.4762145e-05
2,009770,0,0.027056264
2,009771,0,0.0015453149
2,009772,0,0.005344077
2,009773,0,8.3141524e-05
2,009774,0,0.00084422156
2,009775,0,0.029956548
2,009776,0,0.0022709311
2,009777,0,0.56916857
2,009778,0,0.0021025473
2,009779,0,0.0003541631
2,009780,0,0.21612024
2,009781,0,0.14146267
2,009782,0,8.917552e-05
2,009783,0,8.62444e-05
2,009784,0,0.007468861
2,009785,0,0.0004162813
2,009786,0,0.00012204174
2,009787,0,0.00010056832
2,009788,0,0.0007385049
2,009789,0,0.028403368
2,009790,0,0.0010132297
2,009791,0,0.00010622932
2,009792,0,0.00048596048
2,009793,0,0.0002951079
2,009794,0,3.0370052e-06
2,009795,0,0.00015139997
2,009796,0,0.030083433
2,009797,0,7.754466e-06
2,009798,0,5.0713534e-05
2,009799,0,0.39620376
2,009800,0,0.014104977
2,009801,0,0.0061057834
2,009802,0,0.039867092
2,009803,0,0.044466674
2,009804,0,0.0025685546
2,009805,0,0.00010716189
2,009806,0,3.2712655e-05
2,009808,0,9.499349e-05
2,009809,0,0.0007357085
2,009810,0,0.0005637062
2,009811,0,3.05753e-05
2,009812,0,0.011989912
2,009813,0,0.00075199903
2,009814,0,4.3987492e-07
2,009815,0,0.003388688
2,009816,0,0.00033020435
2,009817,0,0.0003631098
2,009818,0,1.890298e-05
2,009819,0,8.995761e-05
2,009820,0,0.0005944428
2,009821,0,0.00998242
2,009822,0,5.918903e-06
2,009823,0,0.0004796208
2,009824,0,0.007922441
2,009825,0,0.010969832
2,009826,0,0.0019632687
2,009827,0,3.399978e-05
2,009828,0,0.049936477
2,009829,0,0.0004197439
2,009830,0,0.0012077343
2,009831,0,0.0062425397
2,009832,0,0.0014060435
2,009833,0,0.0021679045
2,009834,0,0.007703932
2,009835,0,2.3625234e-05
2,009836,0,3.8125243e-05
2,009837,0,7.156293e-05
2,009838,0,0.00041554705
2,009839,0,1.0535649e-05
2,009840,0,0.031248622
2,009841,0,7.30733e-05
2,009842,0,0.00012837
2,009843,0,0.25502414
2,009844,0,0.00033409984
2,009845,0,9.454679e-05
2,009846,0,0.0002824832
2,009847,0,3.8532056e-05
2,009848,0,0.00038972645
2,009849,0,0.00010999146
2,009850,0,0.00012777148
2,009851,0,3.6065463e-05
2,009852,0,0.00011829525
2,009853,0,0.025627688
2,009854,0,2.2104854e-05
2,009855,0,0.0044098995
2,009856,0,7.0918904e-05
2,009857,0,0.00015529599
2,009858,0,0.059251677
2,009859,0,2.7351312e-05
2,009860,0,0.019277299
2,009861,0,0.0003851261
2,009862,0,0.0025686752
2,009863,0,9.905398e-05
2,009864,0,0.05196437
2,009865,0,0.0017037708
2,009866,0,0.0038737403
2,009867,0,2.8816581e-05
2,009868,0,0.0020353186
2,009869,0,4.1388845e-05
2,009870,0,2.349678e-05
2,009871,0,0.00017011052
2,009872,0,0.00048429088
2,009873,0,0.001038352
2,009874,0,0.00086987077
2,009875,0,0.000672589
2,009876,0,0.0014950581
2,009877,0,0.0055346056
2,009878,0,0.00020189348
2,009879,0,0.005189378
2,009880,0,0.007372669
2,009881,0,0.019640552
2,009882,0,0.02895426
2,009883,0,0.00025992238
2,009884,0,0.0004997051
2,009885,0,2.3937453e-05
2,009886,0,6.6503475e-05
2,009887,0,0.0001366677
2,009888,0,0.00010921826
2,009889,0,5.7685804e-05
2,009890,0,0.01891982
2,009891,0,3.5370143e-05
2,009892,0,7.447707e-05
2,009893,0,0.0001269648
2,009894,0,0.000118514734
2,009895,0,9.855204e-06
2,009896,0,0.00021962749
2,009897,0,0.0017738855
2,009898,0,0.00058226177
2,009899,0,0.02862153
2,009900,0,0.00735724
2,009901,0,0.023952518
2,009902,0,0.0041475887
2,009903,0,0.0019012205
2,009904,0,0.00016015166
2,009905,0,0.011810782
2,009906,0,0.0007600826
2,009908,0,6.5034114e-06
2,009909,0,0.024830688
2,009910,0,0.042231888
2,009911,0,0.0043960745
2,009912,0,0.013148133
2,009913,0,7.7330715e-06
2,009914,0,0.00014019308
2,009915,0,9.493436e-05
2,009916,0,0.00043171275
2,009917,0,6.554362e-06
2,009918,0,0.008523061
2,009919,0,4.9636044e-05
2,009920,0,1.2272294e-06
2,009921,0,0.00017890663
2,009922,0,0.008796483
2,009923,0,0.00024206383
2,009924,0,0.0001279767
2,009925,0,1.0570122e-06
2,009926,0,0.005306003
2,009927,0,0.0001258837
2,009928,0,0.00021856169
2,009929,0,0.00010562761
2,009930,0,2.0456748e-05
2,009931,0,0.010748707
2,009932,0,0.0007364752
2,009933,0,2.3516326e-05
2,009934,0,4.0054027e-05
2,009935,0,1.7495233e-05
2,009936,0,0.010085744
2,009937,0,1.7278833e-05
2,009938,0,7.4573325e-07
2,009939,0,2.9615412e-05
2,009940,0,0.0009086065
2,009941,0,1.1022029e-05
2,009942,0,0.0007742259
2,009943,0,0.010743125
2,009944,0,3.2855784e-05
2,009945,0,0.0023593262
2,009946,0,0.0022378222
2,009947,0,0.00012930368
2,009948,0,7.128606e-05
2,009949,0,6.28663e-05
2,009950,0,3.0346395e-05
2,009951,0,5.2023584e-06
2,009952,0,0.0011125867
2,009955,0,0.00067266147
2,009956,0,6.123086e-05
2,009957,0,0.008306723
2,009958,0,0.0021163446
2,009959,0,3.89813e-05
2,009960,0,0.0076497174
2,009961,0,0.0039381897
2,009962,0,1.1359241e-05
2,009963,0,1.1740089e-05
2,009964,0,0.007549652
2,009965,0,9.371684e-06
2,009966,0,0.0009842869
2,009967,0,0.0023378113
2,009968,0,0.0001970916
2,009969,0,0.0014925522
2,009971,0,0.00043338622
2,009973,0,0.00010801536
2,009974,0,4.736166e-05
2,009975,0,0.00013581496
2,009976,0,0.0023319821
2,009977,0,0.0005684702
2,009979,0,3.781381e-05
2,009980,0,4.8839524e-05
2,009981,0,0.0054806415
2,009983,0,0.00062875374
2,009984,0,0.0015709896
2,009985,0,7.659567e-05
2,009986,0,2.8788842e-05
2,009987,0,0.0010737471
2,009988,0,0.00012166666
2,009989,0,8.236542e-05
2,009990,0,0.0014809762
2,009991,0,0.0026051435
2,009993,0,0.0043827905
2,009994,0,0.0011048554
2,009995,0,0.00039037698
2,009996,0,0.0017015622
2,009997,0,0.00026255153
2,009998,0,0.011963206
2,009999,0,0.00015285052
2,010000,0,0.018795962
2,010001,0,0.95226693
2,010002,0,0.00015828431
2,010003,0,0.0017415795
2,010004,0,4.0295604e-06
2,010005,0,0.00016245904
2,010006,0,0.000109036875
2,010007,0,4.1198684e-05
2,010008,0,0.0155824395
2,010009,0,0.00011764617
2,010010,0,0.0014881166
2,010011,0,0.00010141753
2,010012,0,0.0033130036
2,010013,0,2.7205535e-06
2,010014,0,0.00010964714
2,010015,0,0.041522797
2,010016,0,0.0022824535
2,010017,0,0.0051872246
2,010018,0,0.0009939957
2,010019,0,0.0005834164
2,010020,0,0.0011971605
2,010021,0,0.0077216164
2,010022,0,7.761319e-05
2,010023,0,3.8993244e-06
2,010024,0,0.00044009186
2,010025,0,3.9490198e-05
2,010026,0,5.509521e-05
2,010027,0,0.0015259265
2,010028,0,0.00021809166
2,010029,0,0.009276152
2,010030,0,0.0013256264
2,010031,0,0.0024630222
2,010032,0,0.10284555
2,010033,0,0.0050560893
2,010034,0,0.00065492536
2,010035,0,0.020076348
2,010036,0,0.00023191803
2,010037,0,0.00018630337
2,010038,0,0.0046691876
2,010039,0,0.00093266444
2,010040,0,0.007284687
2,010041,0,4.4830413e-05
2,010042,0,0.00041396296
2,010043,0,5.5750148e-05
2,010044,0,1.3097607e-06
2,010045,0,2.456058e-07
2,010046,0,5.490807e-05
2,010047,0,0.0031936427
2,010048,0,0.0021857657
2,010049,0,0.00010014409
2,010050,0,0.0019061955
2,010051,0,0.024691632
2,010053,0,0.0014837555
2,010054,0,0.00014443425
2,010055,0,0.0034467622
2,010056,0,1.3042827e-05
2,010057,0,2.4697409e-05
2,010058,0,0.001692885
2,010059,0,0.011486959
2,010060,0,0.00042324595
2,010061,0,0.0023184945
2,010062,0,0.018323934
2,010063,0,0.0007968796
2,010064,0,7.967998e-06
2,010065,0,0.0018701988
2,010066,0,0.00041098899
2,010067,0,0.006164264
2,010068,0,1.1215336e-05
2,010069,0,0.010559797
2,010070,0,0.007691694
2,010071,0,4.0915955e-05
2,010072,0,0.0022240535
2,010073,0,8.356727e-06
2,010074,0,1.1976844e-06
2,010075,0,9.792108e-05
2,010076,0,0.0021221673
2,010077,0,0.008079834
2,010078,0,0.025144385
2,010079,0,0.00093033374
2,010080,0,0.16234191
2,010081,0,0.0011014605
2,010082,0,9.40003e-05
2,010083,0,8.143658e-05
2,010084,0,0.00014909318
2,010085,0,0.0002198498
2,010086,0,0.0071253884
2,010087,0,0.0014043648
2,010088,0,0.00013106754
2,010089,0,2.8857937e-06
2,010090,0,0.0019963374
2,010091,0,0.004089122
2,010092,0,0.031570576
2,010093,0,0.005808719
2,010094,0,0.00093150587
2,010095,0,9.865832e-08
2,010096,0,0.0019048007
2,010097,0,0.00059081515
2,010098,0,0.0072695776
2,010099,0,0.0002778513
2,010100,0,0.0013190334
2,010101,0,0.0020784242
2,010102,0,5.404772e-05
2,010103,0,0.002510637
2,010104,0,9.96542e-07
2,010105,0,5.5623655e-05
2,010106,0,0.0001387041
2,010107,0,0.0002205687
2,010108,0,2.5006258e-07
2,010109,0,0.00034515598
2,010110,0,3.8118626e-05
2,010111,0,0.00010739093
2,010112,0,0.31229994
2,010113,0,0.00017580172
2,010114,0,0.002715692
2,010115,0,0.0035574243
2,010116,0,0.0004021874
2,010117,0,0.0012113769
2,010118,0,0.43212163
2,010119,0,0.040195588
2,010120,0,0.0015106085
2,010121,0,0.00022407898
2,010122,0,0.00993157
2,010123,0,0.00019013791
2,010124,0,0.48686737
2,010125,0,5.380879e-05
2,010126,0,0.0012333674
2,010127,0,2.3319111e-05
2,010128,0,0.0015911927
2,010129,0,0.0031371359
2,010130,0,0.0062468955
2,010131,0,0.0029060675
2,010132,0,0.013715043
2,010133,0,1.4396131e-05
2,010134,0,0.0028355967
2,010135,0,1.9552568e-05
2,010136,0,6.141874e-07
2,010137,0,6.126e-05
2,010138,0,0.003310438
2,010139,0,0.00024370711
2,010140,0,0.012389763
2,010141,0,0.0030982445
2,010142,0,0.003185341
2,010143,0,0.0012040214
2,010144,0,0.00041750376
2,010145,0,8.5507645e-06
2,010146,0,4.2858287e-06
2,010147,0,0.0010976634
2,010148,0,8.262699e-05
2,010149,0,0.014815089
2,010150,0,8.230952e-05
2,010151,0,0.00051569904
2,010152,0,0.004098339
2,010153,0,0.010863461
2,010154,0,6.9070944e-07
2,010155,0,0.0904779
2,010156,0,0.0020397983
2,010157,0,3.498143e-05
2,010158,0,2.9237559e-05
2,010159,0,8.730038e-06
2,010160,0,0.00016239261
2,010161,0,4.8992482e-05
2,010162,0,0.00037803414
2,010163,0,0.0043728
2,010164,0,0.00052866834
2,010165,0,0.0013740858
2,010166,0,0.0006211098
2,010167,0,0.0005542575
2,010168,0,0.013047229
2,010169,0,1.1181717e-05
2,010170,0,7.123176e-05
2,010171,0,0.000108168635
2,010172,0,1.7429319e-06
2,010173,0,0.0011512055
2,010174,0,0.00014847504
2,010175,0,0.00018068338
2,010176,0,3.7763793e-06
2,010177,0,0.0003712219
2,010178,0,1.157353e-05
2,010179,0,5.8698465e-06
2,010180,0,0.001863087
2,010181,0,0.00023532154
2,010182,0,0.0016737833
2,010183,0,0.0045300983
2,010184,0,0.0001673453
2,010185,0,3.7168804e-05
2,010186,0,0.00017197036
2,010187,0,3.2724074e-05
2,010188,0,0.00019004114
2,010189,0,2.5539039e-06
2,010190,0,0.00049338816
2,010191,0,8.547804e-05
2,010192,0,1.5645428e-05
2,010193,0,6.5730906e-06
2,010194,0,0.16054302
2,010195,0,0.0039427937
2,010196,0,2.632178e-06
2,010197,0,0.0078564985
2,010198,0,0.00057039753
2,010199,0,0.01289427
2,010200,0,0.00040874683
2,010201,0,0.0067588235
2,010202,0,0.00054636475
2,010203,0,0.000108356006
2,010204,0,0.034932546
2,010205,0,0.037164897
2,010206,0,0.00015717947
2,010207,0,0.001968624
2,010208,0,0.0015843668
2,010209,0,2.5412799e-06
2,010210,0,0.00022265695
2,010211,0,0.00012987359
2,010212,0,0.0014040612
2,010214,0,0.00084234605
2,010215,0,1.6549092e-07
2,010216,0,0.0048510483
2,010217,0,0.0013219801
2,010218,0,0.013106566
2,010219,0,0.016717507
2,010220,0,5.037229e-06
2,010221,0,0.006069946
2,010223,0,0.00046669165
2,010224,0,0.043747388
2,010225,0,0.0010630216
2,010226,0,0.0021843652
2,010227,0,6.165619e-05
2,010228,0,0.00048543268
2,010230,0,0.00054106006
2,010231,0,0.0020372819
2,010232,0,0.00056555134
2,010233,0,0.007781251
2,010234,0,0.0005421555
2,010235,0,6.517484e-07
2,010236,0,1.5196936e-06
2,010237,0,0.00042389848
2,010238,0,2.2029744e-05
2,010239,0,0.0022991246
2,010240,0,6.486497e-05
2,010241,0,0.018360307
2,010242,0,0.0018816036
2,010243,0,4.6528676e-05
2,010244,0,0.039782297
2,010245,0,0.04771448
2,010246,0,0.000495044
2,010247,0,0.0014893564
2,010248,0,0.0069338526
2,010249,0,0.00013715727
2,010250,0,0.010356195
2,010251,0,5.42058e-06
2,010252,0,0.0003163428
2,010253,0,0.0008598632
2,010254,0,0.00056455954
2,010255,0,0.00018570569
2,010256,0,0.00019876784
2,010257,0,0.007112675
2,010258,0,8.3973755e-06
2,010259,0,1.63472e-05
2,010260,0,2.2265496e-05
2,010261,0,0.00018902622
2,010262,0,0.0001002082
2,010263,0,0.0004936203
2,010264,0,3.6807603e-05
2,010265,0,0.005352722
2,010266,0,6.4211374e-05
2,010267,0,3.3390646e-05
2,010268,0,0.034326445
2,010269,0,0.0077220476
2,010270,0,0.0008912337
2,010271,0,0.00037905088
2,010272,0,0.9549458
2,010273,0,6.1206454e-05
2,010274,0,0.004135987
2,010275,0,0.0035185013
2,010276,0,0.0023833956
2,010277,0,8.079649e-05
2,010278,0,0.00038139024
2,010279,0,0.00058657496
2,010280,0,2.9046741e-05
2,010281,0,6.861255e-05
2,010282,0,3.0784067e-06
2,010283,0,0.0014110968
2,010284,0,9.81243e-06
2,010285,0,0.18492383
2,010286,0,3.0512936e-05
2,010287,0,0.0003493072
2,010288,0,2.8246652e-05
2,010289,0,5.224699e-05
2,010290,0,0.0006774121
2,010291,0,0.00068296486
2,010292,0,4.584444e-06
2,010293,0,0.028133314
2,010294,0,1.1100945e-05
2,010295,0,0.00093819783
2,010296,0,0.004704908
2,010297,0,0.00014159242
2,010298,0,0.00010289606
2,010299,0,0.0042355475
2,010300,0,0.026141556
2,010301,0,0.000954493
2,010302,0,6.665046e-05
2,010303,0,5.0295585e-05
2,010304,0,0.0011908914
2,010307,0,0.0044062855
2,010308,0,2.195186e-06
2,010309,0,3.612128e-06
2,010310,0,8.833374e-05
2,010311,0,0.00034532827
2,010312,0,5.2944102e-05
2,010313,0,0.009081715
2,010314,0,0.00033237765
2,010315,0,0.00030874403
2,010316,0,0.0010770997
2,010317,0,2.8011318e-05
2,010318,0,0.006213768
2,010319,0,0.00025520026
2,010320,0,6.0902184e-06
2,010321,0,0.0009776661
2,010322,0,0.0052567893
2,010323,0,0.099807024
2,010324,0,2.6531548e-05
2,010325,0,0.00240753
2,010326,0,6.0018283e-05
2,010327,0,0.00026701475
2,010328,0,0.0033544654
2,010329,0,0.00024641934
2,010330,0,0.0002136619
2,010331,0,0.0012190314
2,010332,0,7.7059936e-05
2,010333,0,9.280972e-05
2,010334,0,0.0038758016
2,010335,0,0.004553664
2,010336,0,0.0005482093
2,010337,0,3.9237543e-06
2,010338,0,0.004055599
2,010339,0,0.0002379028
2,010340,0,6.282093e-05
2,010341,0,2.181764e-05
2,010342,0,9.229316e-05
2,010343,0,0.019067232
2,010344,0,1.4346408e-05
2,010345,0,0.00018710947
2,010346,0,0.0034828598
2,010347,0,0.0031698882
2,010348,0,0.00397871
2,010349,0,0.020362537
2,010350,0,1.7106693e-05
2,010351,0,0.00023409385
2,010352,0,8.8950155e-06
2,010353,0,0.551343
2,010354,0,5.0792933e-06
2,010355,0,3.652501e-05
2,010356,0,4.607442e-05
2,010357,0,0.0063410457
2,010358,0,0.01046272
2,010359,0,2.954239e-06
2,010360,0,0.3090358
2,010362,0,0.035155796
2,010363,0,1.4953489e-05
2,010364,0,0.0011812341
2,010365,0,0.0046540364
2,010366,0,9.6538795e-05
2,010367,0,0.00011496275
2,010368,0,0.00036256554
2,010370,0,8.053902e-05
2,010371,0,0.00012292904
2,010372,0,6.449458e-07
2,010373,0,7.584201e-07
2,010374,0,2.0253316e-05
2,010375,0,0.00025635914
2,010376,0,0.029435715
2,010377,0,0.00019850647
2,010378,0,4.7315432e-05
2,010379,0,0.015427855
2,010380,0,0.003933499
2,010381,0,6.835041e-05
2,010382,0,0.0023448898
2,010383,0,0.00017891312
2,010384,0,0.005842173
2,010385,0,0.00058924756
2,010386,0,0.00095022377
2,010387,0,9.747455e-05
2,010388,0,0.003829532
2,010389,0,0.005773865
2,010390,0,0.00019942998
2,010391,0,0.0005247214
2,010392,0,0.0035129853
2,010393,0,2.226382e-05
2,010394,0,4.065637e-05
2,010395,0,0.0038258228
2,010396,0,0.0013696972
2,010398,0,0.0046097385
2,010399,0,0.028026225
2,010400,0,1.24994785e-05
2,010401,0,0.03047084
2,010402,0,0.002968926
2,010403,0,5.8634134e-05
2,010404,0,0.14030086
2,010405,0,6.745549e-06
2,010406,0,0.0067545734
2,010407,0,2.3205316e-06
2,010408,0,4.5444172e-05
2,010409,0,9.219227e-05
2,010410,0,9.033283e-05
2,010411,0,0.005031609
2,010412,0,4.2460353e-05
2,010413,0,2.8457576e-05
2,010414,0,0.0026757123
2,010415,0,0.00013957298
2,010416,0,2.8065677e-05
2,010417,0,0.00026481212
2,010418,0,9.456049e-05
2,010419,0,4.818358e-07
2,010420,0,1.585396e-05
2,010421,0,0.011001963
2,010422,0,0.0031825805
2,010423,0,0.0014045379
2,010424,0,2.2133392e-05
2,010425,0,0.02581014
2,010426,0,0.006448078
2,010427,0,0.0005646007
2,010428,0,0.0026851797
2,010429,0,0.00041400263
2,010430,0,1.4544185e-05
2,010431,0,4.749152e-06
2,010433,0,0.000651933
2,010434,0,0.00011170622
2,010435,0,6.885943e-06
2,010436,0,0.00043211295
2,010437,0,0.00025630512
2,010438,0,3.262701e-05
2,010439,0,3.9398907e-05
2,010440,0,0.0003321242
2,010441,0,4.6558835e-06
2,010442,0,9.116645e-05
2,010443,0,0.00064380374
2,010444,0,0.00017821912
2,010445,0,0.052009158
2,010446,0,0.0004412487
2,010447,0,0.0049747443
2,010448,0,1.0657786e-05
2,010449,0,0.0021084284
2,010450,0,0.07787917
2,010451,0,0.00014102703
2,010452,0,2.2308875e-05
2,010453,0,0.0013937698
2,010454,0,0.0049140533
2,010455,0,6.5450215e-05
2,010456,0,2.7698206e-06
2,010457,0,9.480635e-05
2,010458,0,8.157216e-06
2,010459,0,0.5076513
2,010460,0,1.3788736e-05
2,010461,0,0.2385823
2,010462,0,0.00013434122
2,010463,0,0.09331615
2,010464,0,2.2414286e-05
2,010465,0,0.0015373199
2,010466,0,3.5274952e-05
2,010468,0,0.00046458223
2,010469,0,0.011242483
2,010470,0,0.0011915613
2,010471,0,0.0011721317
2,010472,0,0.00011188031
2,010473,0,0.0037062315
2,010474,0,0.0019605956
2,010475,0,3.295427e-06
2,010476,0,1.8676024e-05
2,010477,0,0.04734735
2,010478,0,0.00042654423
2,010479,0,0.00010717527
2,010480,0,0.0021446538
2,010481,0,0.003299887
2,010482,0,0.002170782
2,010483,0,0.0004115771
2,010484,0,0.0004140713
2,010485,0,4.791291e-06
2,010486,0,0.30331025
2,010487,0,0.1534021
2,010488,0,0.0005046057
2,010489,0,6.4483174e-06
2,010491,0,3.19841e-05
2,010492,0,0.0005543914
2,010493,0,1.349952e-05
2,010494,0,0.0011864773
2,010495,0,0.0029300482
2,010496,0,3.4347242e-05
2,010497,0,3.098317e-08
2,010498,0,0.00022303518
2,010499,0,0.00025380432
2,010500,0,0.004674218
2,010501,0,0.0012383702
2,010502,0,8.101568e-05
2,010503,0,0.00028634942
2,010504,0,0.002630269
2,010505,0,0.0025498439
2,010506,0,0.00014186608
2,010507,0,0.0008071524
2,010508,0,0.000111216665
2,010509,0,0.004638518
2,010510,0,0.00013467442
2,010511,0,0.00029717942
2,010512,0,0.00011083923
2,010513,0,0.007085236
2,010514,0,0.00017392516
2,010515,0,0.0015303049
2,010516,0,0.043313377
2,010517,0,0.0011313149
2,010518,0,0.008939506
2,010519,0,0.0036093965
2,010520,0,5.1189167e-05
2,010521,0,0.00015886902
2,010522,0,0.001268374
2,010524,0,0.009782573
2,010525,0,0.005626358
2,010526,0,0.08865037
2,010527,0,4.6042e-05
2,010528,0,0.024837779
2,010529,0,4.7716945e-05
2,010530,0,0.006492307
2,010531,0,0.0018907901
2,010532,0,0.0020910534
2,010533,0,0.015518546
2,010534,0,1.37295065e-05
2,010535,0,2.4372232e-05
2,010537,0,0.00032243988
2,010538,0,0.00076150685
2,010539,0,0.00047088185
2,010540,0,0.0007338962
2,010541,0,0.009653832
2,010542,0,0.0028670551
2,010543,0,0.004010617
2,010544,0,0.0054383595
2,010545,0,0.0001913886
2,010546,0,3.3838918e-05
2,010547,0,0.0033490448
2,010548,0,0.0002345872
2,010549,0,0.005301993
2,010550,0,0.0011454233
2,010551,0,4.3306485e-05
2,010552,0,0.00013238439
2,010553,0,0.00048982166
2,010554,0,0.0012170103
2,010555,0,1.7990913e-05
2,010556,0,0.00039113747
2,010557,0,0.00045804647
2,010558,0,0.00011606756
2,010559,0,1.45589365e-05
2,010560,0,0.0003545651
2,010561,0,6.983374e-05
2,010562,0,0.0003309497
2,010563,0,2.8898317e-05
2,010564,0,0.0017952371
2,010565,0,0.004110552
2,010566,0,0.029436512
2,010567,0,0.0039698556
2,010568,0,0.07506931
2,010569,0,0.00058918016
2,010570,0,4.5991495e-05
2,010571,0,0.008813745
2,010572,0,7.87809e-06
2,010573,0,0.000120538105
2,010574,0,0.00053440523
2,010575,0,0.023285171
2,010576,0,9.959061e-05
2,010577,0,0.008386519
2,010578,0,0.001061527
2,010579,0,2.3218014e-05
2,010580,0,0.014257969
2,010581,0,0.0023883157
2,010582,0,0.00013006605
2,010583,0,0.0022923585
2,010584,0,0.0014195862
2,010585,0,0.008843187
2,010586,0,0.00012902028
2,010587,0,0.0017682625
2,010588,0,1.406953e-05
2,010589,0,0.013470942
2,010590,0,0.00010958254
2,010591,0,0.036261868
2,010592,0,0.017638654
2,010593,0,0.0029216032
2,010594,0,0.00020471058
2,010595,0,0.0014351043
2,010596,0,0.00034581387
2,010597,0,1.1896989e-05
2,010598,0,6.933057e-05
2,010599,0,0.006762871
2,010600,0,0.00025469175
2,010601,0,0.00075922656
2,010602,0,3.8925988e-05
2,010603,0,0.0121203065
2,010604,0,3.0967905e-05
2,010605,0,8.485162e-06
2,010606,0,1.9440542e-06
2,010607,0,6.5571665e-05
2,010608,0,0.00084058853
2,010609,0,0.0028285459
2,010610,0,4.540891e-05
2,010611,0,0.00022287872
2,010612,0,0.00022604912
2,010613,0,0.33810118
2,010614,0,3.1649154e-07
2,010615,0,0.03244046
2,010616,0,0.012330094
2,010617,0,0.012928508
2,010618,0,0.00059568207
2,010619,0,0.19529198
2,010620,0,0.00553109
2,010621,0,0.0019328422
2,010622,0,0.14970125
2,010623,0,0.0061686034
2,010624,0,0.00024399563
2,010625,0,1.9814179e-05
2,010626,0,0.00033582444
2,010627,0,0.00289363
2,010628,0,0.12611261
2,010629,0,0.00050904637
2,010630,0,9.1161974e-07
2,010631,0,5.9360453e-05
2,010632,0,0.0026951265
2,010633,0,0.015387577
2,010634,0,3.7559825e-05
2,010635,0,0.00010619013
2,010636,0,0.0009553723
2,010637,0,0.00028566387
2,010638,0,0.00024178957
2,010639,0,0.00050924823
2,010640,0,0.00033238714
2,010641,0,0.00033748808
2,010642,0,0.00018011213
2,010643,0,2.6270864e-05
2,010644,0,0.009493221
2,010645,0,0.00087556324
2,010646,0,0.06016447
2,010647,0,0.0008853531
2,010648,0,0.0004759775
2,010649,0,0.110201664
2,010650,0,0.00035333348
2,010651,0,0.013077651
2,010652,0,0.003086037
2,010653,0,0.002658794
2,010654,0,0.000401288
2,010655,0,0.00018517613
2,010656,0,0.00034879093
2,010657,0,0.00011956506
2,010658,0,0.0004843486
2,010659,0,0.00090060884
2,010660,0,0.0023154821
2,010661,0,0.0004125351
2,010662,0,1.4971235e-06
2,010663,0,2.2619804e-06
2,010664,0,0.00018567931
2,010665,0,0.00032108647
2,010666,0,8.030749e-05
2,010667,0,0.0020342323
2,010668,0,0.013877391
2,010669,0,0.1848091
2,010670,0,2.2089891e-05
2,010671,0,8.0478676e-05
2,010672,0,0.0003863467
2,010673,0,0.0002471683
2,010674,0,0.0025185237
2,010675,0,0.00011511622
2,010676,0,5.9813727e-05
2,010677,0,0.000651506
2,010678,0,0.025895618
2,010679,0,6.35102e-05
2,010680,0,3.7569423e-06
2,010681,0,3.1100783e-06
2,010682,0,0.00019987565
2,010683,0,2.6570734e-07
2,010684,0,1.990027e-06
2,010685,0,0.0018662616
2,010686,0,1.2657314e-05
2,010687,0,0.0011900748
2,010688,0,0.0020614425
2,010689,0,0.0006149163
2,010690,0,3.9784362e-07
2,010691,0,1.6898298e-07
2,010692,0,0.011076939
2,010693,0,0.003696713
2,010694,0,0.0015731518
2,010695,0,0.0023732518
2,010696,0,4.1009942e-05
2,010697,0,0.006917671
2,010698,0,0.003938201
2,010699,0,0.0022071158
2,010700,0,4.293884e-06
2,010701,0,0.00082687
2,010702,0,0.34579813
2,010703,0,0.0003034388
2,010704,0,6.1388426e-05
2,010705,0,0.001309441
2,010706,0,0.13791767
2,010707,0,5.189402e-07
2,010708,0,0.0017313747
2,010709,0,0.00091251894
2,010710,0,0.08041549
2,010711,0,0.00013421266
2,010712,0,0.009002246
2,010713,0,0.009340065
2,010714,0,0.0023567944
2,010715,0,0.028406216
2,010716,0,0.009681232
2,010717,0,3.4523717e-05
2,010718,0,8.868148e-06
2,010719,0,9.5111776e-05
2,010720,0,0.019006893
2,010721,0,1.0947346e-06
2,010722,0,0.00010694843
2,010723,0,3.6035555e-05
2,010724,0,0.010791717
2,010725,0,0.15472668
2,010726,0,0.01665304
2,010727,0,0.002682048
2,010728,0,5.385838e-05
2,010729,0,3.870312e-05
2,010730,0,9.691677e-06
2,010731,0,0.006238196
2,010732,0,0.00034806263
2,010733,0,0.14277762
2,010734,0,0.001259909
2,010735,0,4.1923192e-07
2,010736,0,0.00026403536
2,010737,0,2.4795889e-05
2,010738,0,0.0043150587
2,010739,0,0.0011702859
2,010740,0,0.013486288
2,010741,0,0.06579657
2,010742,0,8.929039e-05
2,010743,0,0.040665954
2,010744,0,0.00048101196
2,010745,0,1.4172226e-05
2,010746,0,9.822025e-05
2,010747,0,0.010769474
2,010748,0,2.1067068e-05
2,010749,0,7.313841e-05
2,010750,0,2.6013507e-07
2,010751,0,0.0051680007
2,010752,0,0.104081616
2,010753,0,2.8838485e-06
2,010754,0,0.018042097
2,010755,0,0.0018121136
2,010756,0,0.00049046805
2,010757,0,4.9042123e-05
2,010758,0,0.00034431
2,010759,0,0.00053191616
2,010760,0,0.00032333596
2,010761,0,0.009313717
2,010762,0,0.0005719384
2,010763,0,4.5429974e-06
2,010764,0,0.0009822471
2,010765,0,0.0018561683
2,010766,0,0.0005762557
2,010767,0,0.0002966246
2,010768,0,0.004159707
2,010769,0,0.0016517091
2,010770,0,0.022604346
2,010771,0,7.46465e-05
2,010772,0,0.10361722
2,010773,0,8.19112e-05
2,010774,0,0.020224046
2,010775,0,5.613961e-07
2,010776,0,0.0026289595
2,010777,0,0.00015147131
2,010778,0,0.0006743749
2,010779,0,0.00015691516
2,010780,0,2.341893e-05
2,010781,0,5.6177574e-05
2,010782,0,0.0017973243
2,010783,0,0.0014532917
2,010784,0,0.00010663692
2,010785,0,2.9202529e-05
2,010786,0,0.011608857
2,010787,0,0.0026865043
2,010788,0,0.022418411
2,010789,0,0.00077023264
2,010790,0,4.1744242e-06
2,010791,0,0.0010567417
2,010792,0,4.028187e-05
2,010793,0,0.022570342
2,010794,0,0.001440936
2,010795,0,0.016110407
2,010796,0,0.00065523497
2,010797,0,8.724263e-05
2,010798,0,0.000116853254
2,010799,0,1.1541313e-05
2,010800,0,3.6650792e-05
2,010801,0,2.0114753e-06
2,010802,0,0.0012909723
2,010803,0,0.0006693958
2,010804,0,0.0012573058
2,010805,0,0.00029267638
2,010806,0,0.001755851
2,010807,0,0.00012341529
2,010808,0,0.004929595
2,010809,0,0.0005104107
2,010810,0,0.0027173157
2,010811,0,0.0013834691
2,010812,0,0.006333674
2,010813,0,4.5010587e-05
2,010814,0,0.0023485057
2,010815,0,4.4681015e-06
2,010816,0,0.062706076
2,010817,0,0.0010676414
2,010818,0,0.0012642033
2,010819,0,0.0115189655
2,010820,0,0.00047281498
2,010821,0,0.003888176
2,010822,0,0.0008796565
2,010823,0,0.05533964
2,010824,0,0.0024134961
2,010825,0,0.0014474149
2,010826,0,0.0035037997
2,010827,0,0.052285172
2,010828,0,0.0035261652
2,010829,0,0.0011602974
2,010830,0,0.00020736422
2,010831,0,0.0018212342
2,010832,0,0.0014996621
2,010833,0,0.00011043591
2,010834,0,0.0006679081
2,010835,0,0.00015796993
2,010836,0,0.00074377726
2,010837,0,0.00014303588
2,010838,0,1.7652772e-05
2,010839,0,0.036929403
2,010840,0,0.00041075476
2,010841,0,0.00042728952
2,010842,0,0.00030442196
2,010843,0,3.0864112e-06
2,010844,0,4.7504738e-08
2,010845,0,0.003316644
2,010846,0,0.00019512099
2,010847,0,0.00030232564
2,010848,0,0.01100503
2,010849,0,0.000842662
2,010850,0,1.1272661e-05
2,010851,0,3.855264e-05
2,010852,0,0.00020568336
2,010853,0,2.0905184e-06
2,010854,0,8.303131e-05
2,010855,0,0.0016529968
2,010856,0,0.0011873116
2,010857,0,4.5014276e-06
2,010858,0,0.0028628744
2,010859,0,0.00020688138
2,010860,0,0.00015052162
2,010861,0,0.0053113615
2,010862,0,0.0074695116
2,010863,0,0.008646683
2,010864,0,0.00076575484
2,010865,0,0.0006446019
2,010866,0,0.00094294024
2,010867,0,0.0025322528
2,010868,0,4.9371814e-05
2,010869,0,0.00073143607
2,010870,0,4.568139e-06
2,010871,0,0.00051421765
2,010872,0,0.016170144
2,010873,0,0.00073533907
2,010874,0,3.5397636e-07
2,010875,0,0.023104768
2,010876,0,2.3760213e-05
2,010877,0,0.004043589
2,010878,0,0.0003323523
2,010879,0,0.00035800258
2,010880,0,1.0492224e-05
2,010881,0,3.389088e-05
2,010882,0,2.8355182e-06
2,010883,0,0.028817337
2,010884,0,8.332193e-05
2,010885,0,9.364976e-05
2,010886,0,0.013752399
2,010887,0,0.0063068476
2,010888,0,0.050018128
2,010889,0,0.00061424944
2,010890,0,0.00036476407
2,010891,0,6.42605e-05
2,010892,0,0.003132235
2,010893,0,0.00024913822
2,010894,0,0.00016094986
2,010895,0,1.40982465e-05
2,010896,0,2.1670328e-05
2,010897,0,9.241954e-05
2,010898,0,0.0008400756
2,010899,0,0.0048688496
2,010900,0,0.00038883023
2,010901,0,7.8800455e-05
2,010902,0,0.0007326709
2,010903,0,0.00023858515
2,010904,0,0.09507771
2,010905,0,0.32717994
2,010906,0,0.13661176
2,010907,0,0.0041934694
2,010908,0,0.0019495692
2,010909,0,0.02620082
2,010910,0,0.00027111222
2,010911,0,0.00064153253
2,010912,0,0.01425384
2,010913,0,0.37789553
2,010914,0,9.17521e-06
2,010915,0,0.028906994
2,010916,0,0.0012140255
2,010917,0,0.00015936211
2,010918,0,0.0007935332
2,010919,0,1.4934237e-05
2,010921,0,0.00032756306
2,010922,0,0.0013678877
2,010923,0,0.0011237717
2,010924,0,0.0007791151
2,010925,0,0.00014004357
2,010926,0,0.5073162
2,010927,0,0.0005990429
2,010928,0,0.009514129
2,010930,0,0.06620584
2,010931,0,5.3233975e-06
2,010932,0,0.011814679
2,010933,0,0.0013761583
2,010934,0,0.00597921
2,010935,0,0.0012352619
2,010936,0,0.012915275
2,010937,0,0.0014289198
2,010938,0,7.9102065e-06
2,010939,0,0.01588587
2,010940,0,4.1523167e-06
2,010941,0,0.00016473871
2,010942,0,0.0004688576
2,010943,0,5.881995e-06
2,010945,0,0.303085
2,010946,0,0.0520673
2,010947,0,7.083104e-05
2,010948,0,0.0004946438
2,010949,0,0.16079114
2,010950,0,3.0741116e-06
2,010951,0,0.0007710566
2,010952,0,0.053986322
2,010953,0,0.056508042
2,010954,0,0.0001857032
2,010955,0,0.0006332576
2,010956,0,0.00014369041
2,010957,0,0.0003997232
2,010958,0,0.0033896947
2,010959,0,0.025813518
2,010960,0,0.0012296787
2,010961,0,0.057268716
2,010962,0,1.431013e-05
2,010963,0,0.05975881
2,010964,0,0.00017337363
2,010965,0,2.675404e-06
2,010966,0,0.000630196
2,010967,0,0.0021004374
2,010968,0,4.9098046e-05
2,010969,0,2.2802737e-05
2,010970,0,5.61157e-06
2,010971,0,0.0008937628
2,010972,0,7.301521e-05
2,010973,0,7.2985415e-05
2,010974,0,0.19959515
2,010975,0,0.0060183164
2,010976,0,0.00032348087
2,010977,0,0.00059241825
2,010978,0,7.5409334e-05
2,010979,0,0.02643034
2,010980,0,0.0010449996
2,010981,0,0.005668755
2,010982,0,0.010846059
2,010983,0,6.489814e-05
2,010984,0,7.3956246e-05
2,010985,0,0.00046758802
2,010986,0,0.0008206724
2,010987,0,1.18400585e-07
2,010988,0,0.030426314
2,010989,0,0.00086774695
2,010990,0,1.5051993e-06
2,010991,0,0.029359035
2,010992,0,0.00037238927
2,010993,0,0.0005707165
2,010994,0,0.0015159624
2,010995,0,0.0696322
2,010996,0,6.9913025e-05
2,010997,0,6.108348e-05
2,010998,0,0.026340712
2,010999,0,0.0004018925
2,011000,0,0.0005957096
2,011001,0,0.019684901
2,011002,0,0.00011708848
2,011003,0,0.075316355
2,011004,0,0.0039846576
2,011005,0,0.00037706416
2,011006,0,0.15064439
2,011007,0,1.1431401e-05
2,011008,0,0.0009252531
2,011009,0,0.015886616
2,011010,0,0.0027610338
2,011011,0,5.880761e-05
2,011012,0,0.0006291254
2,011013,0,3.1460153e-05
2,011015,0,0.023069235
2,011016,0,0.00021958836
2,011017,0,0.029066889
2,011018,0,0.009652564
2,011019,0,1.8788015e-06
2,011020,0,0.00028363042
2,011021,0,0.34881195
2,011022,0,0.00972595
2,011023,0,1.0200574e-05
2,011024,0,0.0010580024
2,011025,0,0.063263535
2,011026,0,0.00038387082
2,011027,0,0.020990761
2,011028,0,1.6072315e-06
2,011029,0,0.0006418017
2,011030,0,0.02142642
2,011031,0,0.00062184845
2,011032,0,2.3255929e-05
2,011033,0,0.00041004526
2,011034,0,4.739858e-06
2,011035,0,0.00027478902
2,011036,0,0.0020886539
2,011037,0,0.0028768978
2,011038,0,3.9454626e-05
2,011039,0,4.5280394e-05
2,011040,0,0.0012645562
2,011041,0,2.4507094e-07
2,011042,0,0.00039472122
2,011043,0,0.0009326294
2,011044,0,1.4081573e-05
2,011045,0,3.1610427e-05
2,011046,0,0.0055710366
2,011047,0,1.9892032e-05
2,011048,0,1.1369083e-05
2,011049,0,2.7381307e-06
2,011050,0,0.004667572
2,011051,0,0.0043320674
2,011052,0,6.614025e-06
2,011053,0,0.0009699396
2,011054,0,3.1035954e-06
2,011055,0,0.0002962716
2,011056,0,0.0076877237
2,011057,0,0.01379757
2,011058,0,2.0436079e-05
2,011059,0,1.3560694e-05
2,011060,0,6.306414e-05
2,011061,0,0.0001255016
2,011062,0,4.814032e-05
2,011063,0,0.004808552
2,011064,0,0.28739533
2,011065,0,2.9703124e-05
2,011066,0,0.00022225482
2,011067,0,1.2625378e-05
2,011068,0,0.0004825739
2,011069,0,0.0023964
2,011070,0,9.9265024e-05
2,011071,0,0.009143937
2,011072,0,0.0031839951
2,011073,0,1.1138538e-05
2,011074,0,0.0017393294
2,011075,0,8.994252e-05
2,011076,0,6.6530897e-06
2,011077,0,2.6836883e-06
2,011078,0,0.0009977059
2,011079,0,0.0011089942
2,011080,0,8.147503e-05
2,011081,0,0.010989393
2,011082,0,0.00039112067
2,011083,0,0.0019078674
2,011084,0,0.0008675572
2,011085,0,6.9963617e-06
2,011086,0,2.8660634e-07
2,011087,0,0.0025580868
2,011088,0,1.5008737e-05
2,011089,0,0.0006726807
2,011090,0,0.004192408
2,011091,0,0.14766681
2,011092,0,0.00030077202
2,011093,0,0.00013725317
2,011094,0,0.00025342975
2,011095,0,0.0025090766
2,011096,0,0.016063418
2,011097,0,1.16849205e-05
2,011098,0,0.00034132012
2,011099,0,4.077534e-06
2,011100,0,0.0011265439
2,011101,0,0.0036347501
2,011102,0,3.4771132e-05
2,011103,0,0.00012435656
2,011104,0,3.728265e-05
2,011105,0,0.0026674187
2,011106,0,3.815243e-06
2,011107,0,0.00024228412
2,011108,0,0.00976122
2,011109,0,1.330153e-05
2,011110,0,0.001210642
2,011112,0,5.0187737e-05
2,011113,0,1.12738e-05
2,011114,0,0.00018273998
2,011115,0,0.005478916
2,011116,0,0.0544913
2,011117,0,0.006224704
2,011118,0,0.0010901843
2,011119,0,0.00031127513
2,011120,0,0.0014726284
2,011121,0,0.00022003477
2,011122,0,0.00020727409
2,011123,0,4.4775337e-05
2,011124,0,5.9112695e-05
2,011125,0,0.050669145
2,011126,0,0.008257079
2,011127,0,0.0019115228
2,011128,0,0.01870556
2,011129,0,0.00082975044
2,011130,0,4.950949e-05
2,011131,0,0.00022984615
2,011132,0,5.302487e-06
2,011133,0,2.2253185e-05
2,011134,0,0.00013780211
2,011135,0,0.0013598455
2,011136,0,0.00058744557
2,011137,0,0.00041896358
2,011138,0,0.011564192
2,011140,0,0.0009966324
2,011141,0,4.151356e-05
2,011142,0,0.0019605146
2,011143,0,8.418544e-06
2,011144,0,0.0013937637
2,011145,0,8.032587e-05
2,011146,0,0.000103736624
2,011147,0,9.971034e-05
2,011148,0,3.0482894e-05
2,011149,0,5.0381368e-05
2,011150,0,9.5213445e-06
2,011151,0,0.123809986
2,011152,0,0.017133133
2,011153,0,0.021630151
2,011154,0,0.0013856178
2,011155,0,0.004465939
2,011156,0,2.867163e-05
2,011157,0,0.0037028876
2,011158,0,5.3059033e-05
2,011159,0,8.028415e-06
2,011160,0,0.0057346085
2,011161,0,1.3521308e-05
2,011162,0,1.636807e-05
2,011163,0,3.461524e-06
2,011164,0,0.000824756
2,011165,0,0.07118292
2,011166,0,0.00671943
2,011167,0,6.553722e-05
2,011168,0,0.00010111836
2,011169,0,0.0003284496
2,011170,0,0.0077558784
2,011171,0,0.0011171806
2,011172,0,0.0013009692
2,011173,0,0.00014241501
2,011174,0,0.003553088
2,011175,0,0.00070653827
2,011176,0,0.0017078096
2,011177,0,0.040233366
2,011178,0,1.3642399e-05
2,011179,0,9.350359e-05
2,011180,0,1.5881486e-05
2,011181,0,0.0008243745
2,011182,0,0.0004971033
2,011183,0,8.611278e-07
2,011184,0,0.004680918
2,011185,0,0.00038441888
2,011186,0,2.0825975e-07
2,011187,0,0.0048457915
2,011188,0,0.00012396574
2,011189,0,0.0017228139
2,011190,0,0.006831427
2,011191,0,0.00019750076
2,011192,0,0.002210265
2,011193,0,0.0015620377
2,011194,0,0.00038450025
2,011195,0,1.2915954e-05
2,011196,0,0.05301342
2,011197,0,0.001047935
2,011198,0,0.001625255
2,011199,0,0.00028247028
2,011200,0,0.00020530327
2,011201,0,0.037630018
2,011202,0,0.0052014124
2,011203,0,2.707263e-06
2,011204,0,0.0061269463
2,011205,0,0.00028685984
2,011206,0,0.00566397
2,011207,0,0.0027322657
2,011208,0,0.0005856538
2,011210,0,0.018146403
2,011211,0,0.2027073
2,011212,0,0.009908335
2,011213,0,2.013409e-05
2,011214,0,5.3969074e-05
2,011215,0,4.383934e-06
2,011216,0,7.693196e-05
2,011217,0,0.0008804741
2,011218,0,2.3054741e-05
2,011219,0,2.2506454e-05
2,011220,0,0.00012629152
2,011221,0,0.003350503
2,011222,0,0.0072258846
2,011223,0,0.005373743
2,011224,0,0.006567325
2,011225,0,8.33945e-05
2,011226,0,0.0012544494
2,011227,0,0.000733323
2,011228,0,5.1944335e-05
2,011229,0,0.0061480952
2,011230,0,0.002033246
2,011231,0,0.027281923
2,011232,0,0.0008993864
2,011233,0,0.010691074
2,011234,0,0.005645026
2,011235,0,0.0003026795
2,011236,0,0.0005834372
2,011237,0,9.025784e-05
2,011238,0,1.0318128e-05
2,011239,0,5.1436036e-05
2,011240,0,3.1243685e-06
2,011241,0,0.0027763494
2,011242,0,0.00091959006
2,011243,0,0.0014804016
2,011244,0,0.0021661639
2,011245,0,1.7232329e-05
2,011246,0,0.041642215
2,011247,0,0.7896526
2,011248,0,0.00015057545
2,011249,0,0.0007081051
2,011250,0,0.005656064
2,011251,0,0.022820026
2,011252,0,0.00025834586
2,011253,0,0.010796854
2,011254,0,0.00018535226
2,011255,0,0.0008882022
2,011256,0,0.0033922375
2,011258,0,0.055292558
2,011259,0,0.00031598983
2,011260,0,0.00029127425
2,011261,0,0.00020069872
2,011262,0,6.789075e-05
2,011263,0,1.9677655e-05
2,011264,0,3.8190745e-05
2,011265,0,0.00012306849
2,011266,0,0.00042147163
2,011267,0,0.0017701379
2,011268,0,4.2373886e-06
2,011269,0,1.1724783e-05
2,011270,0,0.0009927867
2,011271,0,0.0009796087
2,011272,0,0.0014845307
2,011273,0,0.0012960908
2,011274,0,0.00012536501
2,011275,0,2.9683668e-05
2,011276,0,0.0002246146
2,011277,0,3.399838e-05
2,011278,0,0.07399681
2,011279,0,6.6630014e-06
2,011280,0,5.5973993e-05
2,011281,0,0.0002138286
2,011282,0,0.00025781017
2,011283,0,0.00020088021
2,011284,0,0.00013576809
2,011285,0,3.0246458e-05
2,011286,0,0.00041535616
2,011288,0,0.00027204253
2,011289,0,0.012432412
2,011290,0,2.2169283e-05
2,011291,0,0.00041386313
2,011292,0,0.0006121773
2,011293,0,1.0224656e-07
2,011294,0,6.271552e-05
2,011295,0,0.002429074
2,011296,0,0.0004805553
2,011297,0,0.033347588
2,011298,0,0.0002038384
2,011299,0,5.4940905e-05
2,011300,0,0.003578449
2,011301,0,0.007579677
2,011302,0,0.00015280272
2,011303,0,0.005216257
2,011304,0,0.00061227765
2,011305,0,0.0007430791
2,011306,0,3.833848e-06
2,011307,0,0.31119126
2,011308,0,0.003037002
2,011309,0,9.622162e-05
2,011310,0,0.0009124563
2,011311,0,9.462138e-05
2,011312,0,5.8040438e-05
2,011313,0,0.00062513544
2,011314,0,6.7706196e-06
2,011315,0,0.0034633758
2,011316,0,1.2661648e-05
2,011317,0,0.0023679594
2,011318,0,0.00018959175
2,011319,0,0.2688436
2,011320,0,0.0010331972
2,011321,0,0.00017562698
2,011322,0,0.0025763628
2,011323,0,0.01146797
2,011324,0,0.0011332375
2,011325,0,0.0016129607
2,011326,0,0.000827238
2,011327,0,1.604165e-05
2,011328,0,1.0339643e-06
2,011329,0,0.0017041529
2,011330,0,0.004949538
2,011331,0,0.0019965302
2,011332,0,0.0024584725
2,011333,0,0.004554645
2,011334,0,0.0039615515
2,011335,0,0.00083071284
2,011336,0,5.26579e-05
2,011337,0,0.00014270429
2,011338,0,0.00036356045
2,011339,0,0.0007769346
2,011340,0,0.006892777
2,011341,0,0.00040712382
2,011342,0,0.0008293323
2,011343,0,0.06395103
2,011344,0,0.00045999995
2,011345,0,0.004404696
2,011346,0,0.0917662
2,011347,0,0.00030132165
2,011348,0,0.02739469
2,011349,0,1.622718e-05
2,011350,0,0.00013587532
2,011351,0,2.954193e-05
2,011352,0,0.002207038
2,011353,0,0.105123654
2,011354,0,0.00032412424
2,011355,0,0.005362279
2,011356,0,0.002160728
2,011357,0,0.02288702
2,011358,0,0.0028157574
2,011359,0,0.00086348393
2,011360,0,0.00010057427
2,011361,0,3.4881927e-05
2,011362,0,4.473639e-07
2,011363,0,2.156157e-05
2,011364,0,1.0239347e-06
2,011365,0,0.024156941
2,011366,0,5.7476195e-06
2,011367,0,0.0064058057
2,011368,0,0.00013944993
2,011369,0,0.010102973
2,011370,0,2.7102262e-05
2,011371,0,0.0027051086
2,011372,0,6.98067e-05
2,011373,0,0.0010081192
2,011374,0,0.00013576396
2,011375,0,0.00040840486
2,011376,0,0.0013960188
2,011377,0,0.06879659
2,011378,0,0.023586603
2,011379,0,0.0016251303
2,011380,0,1.27252e-05
2,011381,0,0.0042992695
2,011382,0,4.6082154e-05
2,011383,0,0.00039428272
2,011384,0,0.00061879895
2,011385,0,6.229566e-05
2,011386,0,0.020077398
2,011387,0,0.00317763
2,011388,0,0.0004078699
2,011389,0,1.5722202e-05
2,011390,0,0.00012322231
2,011391,0,0.0029152078
2,011392,0,0.0016590047
2,011393,0,0.05356279
2,011394,0,0.013532193
2,011395,0,0.0018292007
2,011396,0,0.01897303
2,011397,0,0.0015766001
2,011398,0,0.0002331183
2,011399,0,1.1969097e-07
2,011400,0,0.00026440088
2,011401,0,0.0006681867
2,011402,0,0.00048774065
2,011403,0,0.00025708904
2,011404,0,0.0007574362
2,011405,0,0.018217064
2,011406,0,0.0003798107
2,011407,0,0.019559896
2,011408,0,4.6070465e-05
2,011409,0,0.0004192846
2,011410,0,0.003629037
2,011411,0,0.0008047309
2,011412,0,6.711361e-06
2,011413,0,0.00096437114
2,011414,0,0.0013305297
2,011415,0,5.3848984e-05
2,011416,0,0.18879199
2,011417,0,7.001869e-10
2,011418,0,0.00047503106
2,011419,0,2.0472087e-05
2,011420,0,0.035525434
2,011421,0,0.00025192453
2,011422,0,0.000306449
2,011423,0,0.00075983134
2,011424,0,0.00036671886
2,011425,0,0.0010577786
2,011426,0,0.002424024
2,011427,0,0.00019759439
2,011428,0,0.006688934
2,011429,0,0.0012675148
2,011430,0,0.0134315025
2,011431,0,2.4412475e-05
2,011432,0,0.012497
2,011433,0,0.006247849
2,011434,0,0.00011188031
2,011435,0,4.1044027e-06
2,011436,0,0.0008732853
2,011437,0,0.0007451405
2,011438,0,0.0011218704
2,011439,0,0.000535659
2,011440,0,0.0074107787
2,011441,0,5.992489e-05
2,011442,0,0.00015743943
2,011443,0,0.044362567
2,011444,0,0.0039991173
2,011445,0,3.7275847e-06
2,011446,0,0.0039787954
2,011447,0,0.034002814
2,011448,0,0.008523215
2,011449,0,3.150801e-05
2,011450,0,0.002927862
2,011451,0,0.0012304367
2,011452,0,1.8811015e-05
2,011453,0,3.6035828e-05
2,011454,0,0.00041435048
2,011455,0,0.0022990315
2,011456,0,0.00016778611
2,011457,0,0.46422392
2,011458,0,0.031247221
2,011459,0,0.00029464852
2,011460,0,1.7843011e-05
2,011461,0,0.00011443655
2,011462,0,0.0003926784
2,011463,0,0.059768416
2,011464,0,0.0024784165
2,011465,0,0.0015742839
2,011466,0,0.0008733852
2,011467,0,0.0004261784
2,011468,0,0.00050050905
2,011469,0,0.0010365798
2,011470,0,0.014789577
2,011471,0,0.011894285
2,011472,0,0.0002848059
2,011473,0,8.609239e-05
2,011474,0,4.5869685e-05
2,011475,0,1.4936288e-05
2,011476,0,0.0021762797
2,011477,0,1.5691405e-05
2,011478,0,1.9035053e-05
2,011479,0,0.00025481562
2,011480,0,0.00069824664
2,011481,0,5.7942287e-08
2,011482,0,0.002264099
2,011483,0,0.12471228
2,011484,0,0.0008977789
2,011485,0,3.148137e-05
2,011486,0,0.00020539058
2,011487,0,0.0070397686
2,011488,0,0.00067790935
2,011489,0,9.154139e-05
2,011490,0,0.00033089574
2,011491,0,0.00054804527
2,011492,0,4.13748e-05
2,011494,0,0.7485316
2,011495,0,0.013678254
2,011496,0,4.150335e-05
2,011497,0,0.002382261
2,011498,0,0.005439283
2,011499,0,7.570532e-05
2,011500,0,3.099485e-05
2,011501,0,2.5481697e-06
2,011502,0,0.0006465631
2,011503,0,0.010263156
2,011504,0,0.006553692
2,011505,0,5.2968644e-05
2,011506,0,0.0063982955
2,011507,0,0.0002606644
2,011508,0,3.5387286e-05
2,011509,0,0.011085979
2,011510,0,0.0020928422
2,011511,0,0.00028744515
2,011512,0,0.00034960054
2,011513,0,3.9355684e-05
2,011514,0,0.0005326967
2,011515,0,0.00044805562
2,011516,0,0.00012256562
2,011517,0,0.0011028942
2,011518,0,0.0016311232
2,011519,0,0.0013720492
2,011520,0,0.05233982
2,011521,0,6.141237e-05
2,011522,0,0.5117544
2,011523,0,0.002208787
2,011524,0,0.007257925
2,011525,0,0.007177497
2,011526,0,0.0008604799
2,011527,0,0.00042947062
2,011528,0,0.00012692425
2,011529,0,0.0032409967
2,011530,0,0.049224257
2,011531,0,0.0028936684
2,011532,0,0.008754372
2,011533,0,0.0069007725
2,011534,0,0.0047581075
2,011535,0,0.00020371212
2,011536,0,0.0023614417
2,011537,0,2.2797562e-05
2,011538,0,0.0002350343
2,011539,0,0.0010638022
2,011540,0,0.0002109299
2,011541,0,0.0030017945
2,011542,0,3.4642343e-07
2,011543,0,0.00019197383
2,011544,0,3.768267e-05
2,011545,0,0.0010198886
2,011546,0,0.001452091
2,011547,0,0.20730853
2,011548,0,0.0004532784
2,011549,0,0.0002571746
2,011550,0,0.00011541904
2,011551,0,0.0014105318
2,011552,0,0.00039157397
2,011553,0,0.008246215
2,011554,0,0.00014960043
2,011555,0,0.0008026154
2,011556,0,2.3751492e-05
2,011557,0,0.0014139054
2,011558,0,0.00027323826
2,011559,0,0.00020222989
2,011560,0,0.0069749765
2,011561,0,0.0015398726
2,011562,0,5.212506e-05
2,011563,0,3.5840992e-05
2,011564,0,0.0058111898
2,011565,0,1.7581503e-06
2,011566,0,0.049291473
2,011567,0,0.0003614544
2,011568,0,0.00081953296
2,011569,0,0.00027407787
2,011570,0,0.012455412
2,011571,0,0.0001706157
2,011572,0,0.029237296
2,011573,0,0.085919715
2,011574,0,0.0007900441
2,011575,0,0.00014516244
2,011576,0,0.00013099895
2,011577,0,4.715795e-05
2,011578,0,0.00025408203
2,011579,0,0.00023688088
2,011581,0,0.0004940557
2,011582,0,0.00022036818
2,011583,0,0.00021876226
2,011584,0,0.00029172585
2,011585,0,0.0005162718
2,011586,0,1.0607031e-06
2,011587,0,0.00019145741
2,011588,0,4.4620483e-05
2,011589,0,0.04251995
2,011590,0,0.001566372
2,011591,0,0.00016144848
2,011592,0,0.0002525645
2,011593,0,7.095898e-06
2,011594,0,0.0059191245
2,011595,0,0.00022814942
2,011596,0,0.006613124
2,011597,0,6.08186e-06
2,011598,0,0.0009182474
2,011599,0,0.00068968907
2,011600,0,0.00055853423
2,011601,0,0.00024988852
2,011602,0,0.0016892867
2,011603,0,0.047777485
2,011604,0,0.0004369427
2,011605,0,0.00012186521
2,011606,0,0.035008542
2,011607,0,6.418505e-05
2,011608,0,8.034732e-05
2,011609,0,0.0112305945
2,011610,0,8.270523e-06
2,011611,0,0.00030579173
2,011612,0,0.016837666
2,011613,0,0.13913755
2,011614,0,0.00042753603
2,011615,0,0.00016929254
2,011616,0,0.0015471634
2,011617,0,1.9354136e-06
2,011618,0,0.030287474
2,011619,0,0.000423623
2,011620,0,0.0004738674
2,011621,0,0.51959616
2,011622,0,5.531623e-08
2,011623,0,3.6547273e-05
2,011624,0,0.014013361
2,011625,0,1.68129e-05
2,011626,0,7.473925e-05
2,011627,0,0.00017348524
2,011628,0,0.016316142
2,011629,0,5.484103e-05
2,011630,0,0.00034384357
2,011631,0,0.00015109681
2,011632,0,0.0001685481
2,011633,0,0.00018844496
2,011634,0,0.0017304989
2,011635,0,0.00025191566
2,011636,0,1.3078526e-05
2,011638,0,0.024682188
2,011639,0,0.00013480418
2,011640,0,0.00052579807
2,011641,0,2.4562609e-05
2,011642,0,0.007164634
2,011643,0,0.0019478551
2,011644,0,6.642963e-05
2,011645,0,0.00039932408
2,011646,0,0.051506065
2,011647,0,0.0017642179
2,011648,0,0.011034714
2,011649,0,1.6249216e-05
2,011650,0,6.0816586e-05
2,011651,0,1.7227432e-05
2,011652,0,3.3848984e-05
2,011653,0,0.00053038565
2,011654,0,0.0002563144
2,011655,0,2.3458024e-05
2,011656,0,0.029592996
2,011657,0,0.00042618654
2,011658,0,0.003906593
2,011659,0,0.014829824
2,011660,0,0.0006213102
2,011661,0,0.0005053065
2,011662,0,5.451207e-06
2,011663,0,2.1116055e-06
2,011664,0,0.0005338992
2,011665,0,0.00081871374
2,011666,0,0.00036526987
2,011667,0,0.0014473281
2,011668,0,0.0041977507
2,011669,0,0.00043436687
2,011670,0,0.0018292468
2,011671,0,8.118567e-06
2,011672,0,0.08539795
2,011673,0,0.00038998196
2,011674,0,1.17520976e-07
2,011675,0,0.00013814708
2,011676,0,4.888736e-06
2,011677,0,0.00017094448
2,011678,0,4.858482e-05
2,011679,0,9.730575e-06
2,011680,0,0.0016608394
2,011681,0,0.055756465
2,011682,0,4.13137e-06
2,011683,0,0.00019709273
2,011684,0,1.0062726e-05
2,011685,0,0.0004141615
2,011686,0,9.1475675e-05
2,011687,0,9.394743e-05
2,011688,0,1.2882458e-05
2,011689,0,0.036410194
2,011690,0,0.0014146907
2,011692,0,0.0010341234
2,011694,0,3.7333775e-05
2,011695,0,0.0015362157
2,011696,0,0.0060302294
2,011697,0,0.0008269554
2,011698,0,0.0003034278
2,011699,0,2.437354e-07
2,011700,0,0.000116259966
2,011701,0,0.00030615638
2,011702,0,0.0041291867
2,011703,0,8.22088e-05
2,011704,0,0.4134333
2,011705,0,0.01164358
2,011706,0,0.00017707222
2,011707,0,0.0012927449
2,011708,0,0.006966569
2,011709,0,2.144662e-06
2,011710,0,0.007929748
2,011711,0,0.00022847859
2,011712,0,4.808407e-05
2,011713,0,0.007169567
2,011714,0,0.0758827
2,011715,0,0.016660962
2,011716,0,0.0009628371
2,011717,0,0.0049751736
2,011718,0,0.0026940603
2,011719,0,7.880217e-06
2,011720,0,4.5753564e-05
2,011721,0,0.00041982732
2,011722,0,9.733866e-05
2,011723,0,0.00079374085
2,011724,0,0.0010299805
2,011725,0,0.016116744
2,011726,0,0.01022034
2,011727,0,0.00025094167
2,011728,0,0.00012038911
2,011729,0,0.0007315926
2,011730,0,5.791157e-06
2,011731,0,0.0051170276
2,011732,0,0.005480894
2,011733,0,0.00043931685
2,011734,0,0.00010522408
2,011735,0,0.00018948692
2,011736,0,0.0025800844
2,011737,0,0.012298081
2,011738,0,0.0012262709
2,011739,0,0.0021004835
2,011740,0,0.00053008646
2,011741,0,0.000108053064
2,011742,0,0.008770113
2,011743,0,1.8810315e-05
2,011744,0,0.000108748834
2,011745,0,0.043694973
2,011746,0,0.00013976848
2,011747,0,7.1371695e-05
2,011748,0,0.00043691814
2,011749,0,0.0016846916
2,011750,0,0.17871243
2,011751,0,0.00082559575
2,011752,0,0.0006001862
2,011753,0,0.29184374
2,011754,0,0.00014339804
2,011755,0,0.0043883575
2,011756,0,0.00018111391
2,011757,0,0.032154948
2,011758,0,0.00016694923
2,011759,0,0.0024052947
2,011760,0,0.28074718
2,011762,0,0.0001018087
2,011763,0,0.0003406615
2,011764,0,3.6273168e-06
2,011765,0,1.2771484e-05
2,011766,0,4.1688392e-05
2,011767,0,0.0006674678
2,011768,0,5.1361967e-06
2,011769,0,0.003714047
2,011770,0,0.00045386096
2,011772,0,0.016121803
2,011773,0,0.002420131
2,011774,0,0.0009758422
2,011775,0,0.00043740674
2,011776,0,6.65529e-05
2,011777,0,8.362688e-05
2,011778,0,0.00034337136
2,011779,0,0.00384586
2,011780,0,1.04619385e-05
2,011781,0,0.00046208178
2,011782,0,0.0011300159
2,011783,0,1.1611683e-05
2,011784,0,0.0025138967
2,011785,0,9.448982e-05
2,011786,0,0.008212326
2,011787,0,0.0050463
2,011788,0,6.6096065e-05
2,011789,0,0.05673132
2,011790,0,0.00022639615
2,011791,0,0.000447169
2,011792,0,0.0039847237
2,011793,0,0.0018661594
2,011794,0,0.012139865
2,011795,0,3.101374e-05
2,011796,0,1.1650071e-05
2,011797,0,0.00011454136
2,011798,0,0.008513528
2,011799,0,0.00033601947
2,011800,0,3.0450758e-05
2,011801,0,0.0032506972
2,011802,0,0.00015352477
2,011803,0,0.0010344229
2,011804,0,1.7264108e-05
2,011805,0,7.580501e-05
2,011806,0,0.0022298924
2,011807,0,0.0002114454
2,011808,0,0.00013492032
2,011809,0,0.0001372838
2,011810,0,3.0770698e-05
2,011811,0,8.969729e-05
2,011812,0,0.0031589095
2,011813,0,0.011142899
2,011814,0,0.0011179306
2,011815,0,0.00062879093
2,011816,0,0.04421763
2,011817,0,0.00063023536
2,011818,0,0.012004036
2,011819,0,4.641089e-05
2,011820,0,3.4906861e-06
2,011821,0,0.0016030563
2,011822,0,0.0001276603
2,011823,0,8.883831e-05
2,011824,0,9.214385e-05
2,011825,0,1.8047184e-07
2,011826,0,0.045522004
2,011827,0,0.0005474712
2,011828,0,0.056975223
2,011829,0,0.0016592424
2,011830,0,0.00014160648
2,011831,0,0.00035931778
2,011832,0,6.2580504e-05
2,011833,0,0.00010606949
2,011834,0,0.000568616
2,011835,0,0.0423057
2,011836,0,0.0038484987
2,011837,0,0.0001290791
2,011838,0,3.122078e-05
2,011839,0,0.0006508268
2,011840,0,8.549802e-06
2,011841,0,0.0067928135
2,011842,0,0.013853495
2,011843,0,0.00016551604
2,011844,0,0.00016084814
2,011845,0,0.1559234
2,011846,0,0.0006829623
2,011847,0,0.00025577637
2,011848,0,0.0027549171
2,011849,0,3.0825886e-05
2,011850,0,0.004201284
2,011851,0,0.00016016142
2,011852,0,0.00024090067
2,011853,0,4.6297017e-05
2,011854,0,0.00024337134
2,011855,0,0.067644574
2,011856,0,0.002639523
2,011857,0,0.00645836
2,011858,0,9.608179e-05
2,011859,0,2.3360913e-05
2,011860,0,4.057124e-05
2,011861,0,5.2126055e-05
2,011862,0,0.0008369875
2,011863,0,0.0037066417
2,011864,0,0.000845819
2,011865,0,0.0004671363
2,011866,0,8.753296e-06
2,011867,0,3.2214844e-05
2,011868,0,8.82311e-06
2,011869,0,0.0003759665
2,011871,0,0.00021228656
2,011872,0,0.021428775
2,011873,0,0.0058045597
2,011874,0,0.0028268208
2,011875,0,9.314291e-05
2,011876,0,0.0117085045
2,011877,0,1.234573e-05
2,011878,0,0.102909364
2,011879,0,0.0036295075
2,011880,0,1.9764488e-05
2,011881,0,6.145942e-05
2,011882,0,1.5578537e-06
2,011883,0,0.00057623594
2,011884,0,0.016484449
2,011885,0,0.008607073
2,011886,0,0.00018728849
2,011887,0,0.02896258
2,011888,0,0.00342007
2,011889,0,0.020716876
2,011890,0,0.00073819107
2,011891,0,0.00027786984
2,011892,0,0.000112124355
2,011893,0,0.0056644375
2,011894,0,7.344011e-06
2,011895,0,0.0070685158
2,011897,0,0.02949887
2,011898,0,5.6990622e-05
2,011899,0,4.520455e-05
2,011900,0,0.0013449704
2,011901,0,0.0022104112
2,011902,0,0.0013802607
2,011903,0,0.00843051
2,011904,0,0.0023634937
2,011905,0,0.0004923163
2,011906,0,0.001006042
2,011907,0,0.0006345583
2,011908,0,0.003038501
2,011909,0,0.015511145
2,011910,0,0.021701306
2,011911,0,0.00031978718
2,011912,0,0.0030207715
2,011913,0,0.034293886
2,011914,0,1.6814446e-06
2,011915,0,0.0005341705
2,011916,0,0.00015395929
2,011917,0,0.0029638305
2,011918,0,0.0054121725
2,011919,0,0.0004108967
2,011920,0,0.00018235044
2,011921,0,0.0039902744
2,011922,0,0.0065064207
2,011923,0,0.000120539364
2,011924,0,1.3777433e-05
2,011925,0,0.0013493006
2,011926,0,1.5950098e-07
2,011927,0,7.227563e-05
2,011928,0,0.0010209044
2,011929,0,1.5038892e-06
2,011930,0,0.009106982
2,011931,0,2.946807e-05
2,011932,0,1.8960827e-05
2,011933,0,0.0001049383
2,011934,0,0.00013959294
2,011935,0,0.0016631403
2,011936,0,0.35994533
2,011937,0,0.022175722
2,011938,0,0.00042505717
2,011939,0,0.00017568376
2,011940,0,0.30506563
2,011941,0,0.0004618684
2,011942,0,0.00060450885
2,011943,0,0.015783997
2,011944,0,0.00052536547
2,011945,0,0.0013433044
2,011946,0,0.007670254
2,011947,0,0.00012474589
2,011948,0,0.00011861694
2,011949,0,0.027869958
2,011951,0,0.0721086
2,011952,0,6.613376e-06
2,011953,0,0.006720805
2,011954,0,0.00067016203
2,011955,0,0.10121749
2,011956,0,0.0058033955
2,011957,0,0.02006381
2,011958,0,0.0021716438
2,011959,0,1.8132325e-05
2,011960,0,0.009708462
2,011961,0,0.7470726
2,011962,0,0.0014630584
2,011963,0,0.00068805605
2,011964,0,0.0032471085
2,011965,0,0.00030730153
2,011966,0,0.0056737373
2,011967,0,0.00023217822
2,011968,0,0.0017008018
2,011969,0,0.0009887593
2,011970,0,1.9728803e-05
2,011971,0,0.00038065182
2,011972,0,0.00069385464
2,011973,0,0.09539852
2,011974,0,0.00019664598
2,011975,0,0.00083127466
2,011976,0,5.478249e-05
2,011977,0,0.01227449
2,011978,0,0.005625614
2,011979,0,0.08813058
2,011980,0,0.04730373
2,011981,0,8.372327e-05
2,011982,0,0.046237387
2,011983,0,0.006215688
2,011984,0,5.97386e-05
2,011985,0,0.00016459692
2,011986,0,0.012897183
2,011988,0,1.6238462e-06
2,011989,0,0.006461901
2,011990,0,0.0019377493
2,011991,0,0.01520609
2,011992,0,0.00076935126
2,011993,0,0.0016635268
2,011994,0,5.3901076e-05
2,011995,0,0.0005584597
2,011996,0,9.264066e-05
2,011997,0,0.0001786978
2,011998,0,0.0049878065
2,011999,0,0.0016188379
