fold,seq_id,label,prediction
1,000293,1,0.5045527119291334
1,000376,1,0.5042683514389339
1,000691,1,0.500792065280032
1,000835,1,0.57906617849331
1,001125,1,0.503153635162984
1,001387,1,0.5010054853324378
1,001408,1,0.504611962962964
1,001437,1,0.5006082279504808
1,001492,1,0.5006865639664493
1,001753,1,0.5028231667597898
1,001951,1,0.5014485699591333
1,001972,1,0.5029367779716819
1,001990,1,0.5022434808931787
1,002020,1,0.5007882722752999
1,002199,1,0.5004487056738759
1,002225,1,0.5064577557686458
1,002469,1,0.5077790205040532
1,002565,1,0.5032778374367977
1,003270,1,0.501710796216387
1,003420,1,0.5028578490417789
1,004341,1,0.5002744265815957
1,004456,1,0.5014059504115931
1,004501,1,0.5012578369795091
1,005495,1,0.5022362346228564
1,005948,1,0.5004718936880672
1,006159,1,0.500237844282043
1,006357,1,0.5008754449658663
1,006666,1,0.5007679000239923
1,006686,1,0.5007838466608582
1,006946,1,0.5004658610220837
1,007813,1,0.5060550369866836
1,007852,1,0.5009833608871759
1,008253,1,0.5002315294724403
1,008335,1,0.5015129007534205
1,008705,1,0.5001172806603441
1,008824,1,0.5061780779287263
1,009163,1,0.5001212739306709
1,009296,1,0.5013044727607862
1,009300,1,0.5015177150514287
1,009316,1,0.5020616479024179
1,009637,1,0.510790244342266
1,009954,1,0.5058601319207928
1,009978,1,0.500041358208864
1,009992,1,0.5023120147604204
1,010222,1,0.5012136596349013
1,011014,1,0.5017081506210209
1,011139,1,0.5002341283265439
1,011987,1,0.5005369942741893
1,000012,0,0.5000665404281466
1,000013,0,0.500170551125751
1,000028,0,0.5018835209276844
1,000030,0,0.5005469623149573
1,000031,0,0.5021150665104576
1,000033,0,0.5142858139106521
1,000037,0,0.5001980450095092
1,000044,0,0.5007637562631297
1,000047,0,0.5005546902991777
1,000058,0,0.5006560025233509
1,000063,0,0.5024299227418169
1,000082,0,0.5003614292650033
1,000088,0,0.5001316185265242
1,000095,0,0.5002092459158816
1,000102,0,0.5006049571174006
1,000105,0,0.5007466610956448
1,000111,0,0.502211973060935
1,000113,0,0.5005380702926423
1,000119,0,0.5002436576609086
1,000122,0,0.5024790538998667
1,000124,0,0.5003471924403605
1,000125,0,0.5008576892836237
1,000126,0,0.5000416039608439
1,000128,0,0.50054703680324
1,000130,0,0.5067181800344477
1,000132,0,0.5018938741468892
1,000138,0,0.5006015956418052
1,000150,0,0.5001611226922129
1,000154,0,0.5001858734366323
1,000158,0,0.5014268571056434
1,000166,0,0.5010785340974852
1,000168,0,0.5016542085593417
1,000173,0,0.5002894695288292
1,000175,0,0.5084687778936895
1,000176,0,0.5009266680071452
1,000182,0,0.5015195466283185
1,000188,0,0.5008755187795432
1,000191,0,0.504100714988283
1,000197,0,0.5005448802655005
1,000204,0,0.5004789323554736
1,000219,0,0.5016404321536774
1,000221,0,0.5007623376918118
1,000231,0,0.5005213026443842
1,000242,0,0.5007694252041304
1,000249,0,0.5001976912285603
1,000252,0,0.5003485817603285
1,000256,0,0.501967137472474
1,000258,0,0.5002758666317816
1,000267,0,0.5098933017438815
1,000271,0,0.5023909098620203
1,000275,0,0.5023930879204398
1,000279,0,0.5018952775008173
1,000280,0,0.5015162247407272
1,000282,0,0.5034587198075116
1,000283,0,0.5029024157860797
1,000285,0,0.5007826808878977
1,000288,0,0.5009351515411633
1,000296,0,0.5001412137419345
1,000299,0,0.5008252744795513
1,000319,0,0.5002700871136876
1,000321,0,0.5010159789545106
1,000322,0,0.5000715807288013
1,000325,0,0.5004689377588907
1,000343,0,0.5003480955420353
1,000345,0,0.5414427846300849
1,000346,0,0.5024489550125858
1,000354,0,0.5027912959238319
1,000355,0,0.5001577850422112
1,000357,0,0.5003110550777369
1,000362,0,0.5034365002786582
1,000364,0,0.5004348706358553
1,000381,0,0.500321859724028
1,000383,0,0.5003847028274822
1,000386,0,0.5011009239830798
1,000412,0,0.5001262488950333
1,000413,0,0.5005952505150693
1,000415,0,0.5024133531388761
1,000422,0,0.5005371030712933
1,000424,0,0.5002490294594208
1,000426,0,0.5021423436150224
1,000429,0,0.5027556555069101
1,000433,0,0.5023300589968843
1,000440,0,0.5007058346229821
1,000449,0,0.5067904241768467
1,000451,0,0.5003050224713289
1,000452,0,0.5000660738991969
1,000455,0,0.5003515014945147
1,000469,0,0.5004864507867666
1,000475,0,0.5002886180481805
1,000477,0,0.5020658029357581
1,000480,0,0.5022484446073959
1,000505,0,0.5004518633005223
1,000510,0,0.5002073488261206
1,000512,0,0.5006575694206898
1,000513,0,0.5046905921460452
1,000518,0,0.5012919999581505
1,000524,0,0.5017127202878747
1,000525,0,0.5011358114387342
1,000528,0,0.5003217666737807
1,000552,0,0.5013401147315504
1,000559,0,0.50090464011911
1,000562,0,0.5001640144431774
1,000563,0,0.5003217686603009
1,000567,0,0.5003264595989845
1,000568,0,0.500248707389248
1,000573,0,0.5002062673165429
1,000575,0,0.5006363434174499
1,000577,0,0.5023761854434433
1,000582,0,0.5011432077758649
1,000588,0,0.500089966258924
1,000593,0,0.5132102596925057
1,000605,0,0.5004790151985025
1,000613,0,0.5001178180947013
1,000620,0,0.5008110849788875
1,000621,0,0.5019766455010459
1,000623,0,0.5010170741793419
1,000625,0,0.5015264069705387
1,000629,0,0.5000545604338693
1,000637,0,0.5031732309920751
1,000641,0,0.5029564798950527
1,000646,0,0.5002601255467669
1,000648,0,0.5004624532068123
1,000653,0,0.5000565398508208
1,000657,0,0.5001409704427845
1,000658,0,0.5015550025184259
1,000663,0,0.5010653768711486
1,000670,0,0.5009591142333528
1,000695,0,0.5005784486489325
1,000696,0,0.5017326369703056
1,000702,0,0.5010052089767238
1,000711,0,0.5001055545547776
1,000712,0,0.5002617836604691
1,000715,0,0.5015988092845953
1,000718,0,0.5017093727633429
1,000723,0,0.5009209196101752
1,000725,0,0.5062283754452749
1,000726,0,0.5009163591016619
1,000728,0,0.50395065349266
1,000732,0,0.5019205532727057
1,000736,0,0.5003356309932234
1,000744,0,0.5003243823112868
1,000748,0,0.5003237237478362
1,000757,0,0.503560672115694
1,000759,0,0.5014079304226932
1,000760,0,0.5033802469868295
1,000766,0,0.5010894444007475
1,000767,0,0.5004290580680215
1,000770,0,0.5018915817051973
1,000772,0,0.5033169730121816
1,000774,0,0.5003429717858143
1,000779,0,0.5023295289746409
1,000781,0,0.5000630086635646
1,000784,0,0.5016214335056534
1,000786,0,0.5012630103282407
1,000793,0,0.5007761022542805
1,000794,0,0.5000762706608574
1,000798,0,0.5008981869622363
1,000799,0,0.5004045305325026
1,000802,0,0.5001912039656075
1,000812,0,0.5041369261625838
1,000813,0,0.5054933849504737
1,000817,0,0.5024537124188252
1,000821,0,0.5001207835181742
1,000824,0,0.5002850069937133
1,000841,0,0.5009110683384228
1,000843,0,0.5004865537959162
1,000844,0,0.5001069599683082
1,000850,0,0.5004786047946305
1,000851,0,0.5033970447621235
1,000852,0,0.5009589211048471
1,000855,0,0.5013676894675811
1,000857,0,0.5003462168191001
1,000859,0,0.5010540135742779
1,000862,0,0.50051486500978
1,000873,0,0.5036471667798033
1,000877,0,0.5003543994797942
1,000879,0,0.500150640983021
1,000880,0,0.5002266614304552
1,000890,0,0.5067064007723285
1,000894,0,0.5004422724387368
1,000900,0,0.5007424711107635
1,000901,0,0.5122275153324742
1,000916,0,0.5026838716979005
1,000928,0,0.5003377191694574
1,000930,0,0.5012811781684078
1,000931,0,0.5205988803108711
1,000934,0,0.5008787093034256
1,000935,0,0.5004421644915982
1,000953,0,0.5073172490559924
1,000960,0,0.5021777295607507
1,000964,0,0.5012540866862051
1,000970,0,0.5029135323984799
1,000971,0,0.5002409421176071
1,000976,0,0.5017220956804469
1,000978,0,0.5030633686449459
1,000983,0,0.5018255671408419
1,000987,0,0.5021970687573679
1,000995,0,0.500537035307713
1,000997,0,0.5000626537874162
1,001000,0,0.5013045715721318
1,001008,0,0.5015876644997088
1,001010,0,0.5003824730983973
1,001011,0,0.5104091443589552
1,001014,0,0.5038168981586076
1,001018,0,0.5011487375903366
1,001023,0,0.5005795718297146
1,001033,0,0.5014099910896194
1,001036,0,0.5005910111039051
1,001044,0,0.5000776476145163
1,001054,0,0.5003556200985164
1,001055,0,0.5004827254058691
1,001060,0,0.5002279989542051
1,001064,0,0.5000911662176666
1,001068,0,0.5023063202670951
1,001069,0,0.5016158673441479
1,001070,0,0.5006653295838909
1,001073,0,0.5002659934282646
1,001079,0,0.5003538480327532
1,001080,0,0.5009367070566467
1,001081,0,0.5015672865340703
1,001082,0,0.5082225454562578
1,001087,0,0.5018146283075381
1,001094,0,0.5012863064625487
1,001095,0,0.500062512646075
1,001099,0,0.5020633924726307
1,001106,0,0.5006899235622859
1,001111,0,0.5004751365965826
1,001116,0,0.5007818246109081
1,001131,0,0.5016104015259544
1,001140,0,0.5017754336593505
1,001143,0,0.5011806606689575
1,001150,0,0.5001577958658913
1,001152,0,0.500870651950585
1,001160,0,0.5005688762746365
1,001170,0,0.5005713157073767
1,001182,0,0.502904066829329
1,001185,0,0.5021616496566528
1,001187,0,0.5006974650509531
1,001189,0,0.5005234597358423
1,001198,0,0.5010475869624995
1,001201,0,0.5062574134404374
1,001205,0,0.5001968560429146
1,001206,0,0.5003406505987705
1,001208,0,0.5001022638255788
1,001209,0,0.5003254891657051
1,001210,0,0.50441324353829
1,001211,0,0.5017851469353788
1,001214,0,0.500358076448558
1,001222,0,0.500472313167065
1,001224,0,0.5062813607943949
1,001226,0,0.5045434749098461
1,001227,0,0.5002382281652848
1,001228,0,0.5106390326709328
1,001232,0,0.5009982565792416
1,001234,0,0.5005040349116843
1,001236,0,0.5005069123105841
1,001237,0,0.5001899933108884
1,001253,0,0.5006580742205278
1,001254,0,0.5001449610179481
1,001259,0,0.500684834221947
1,001261,0,0.5034376297534573
1,001265,0,0.5004436058798589
1,001266,0,0.5013834675793977
1,001268,0,0.5000595949793457
1,001270,0,0.5020620894163683
1,001295,0,0.5003144339328476
1,001298,0,0.5003145626573353
1,001300,0,0.5002681727081809
1,001304,0,0.5002653616772604
1,001309,0,0.500107216683523
1,001314,0,0.500110977494104
1,001317,0,0.5069839466076866
1,001335,0,0.5006322237760831
1,001337,0,0.5144930954678755
1,001343,0,0.5001202224033867
1,001352,0,0.5018895249890417
1,001358,0,0.5002006175628261
1,001361,0,0.5006032044503965
1,001363,0,0.50024369978143
1,001364,0,0.5001254587989389
1,001376,0,0.5001913890655941
1,001382,0,0.5004315536122561
1,001388,0,0.5043991090809311
1,001394,0,0.5009152377989734
1,001398,0,0.5034672814144703
1,001399,0,0.5029017532815255
1,001412,0,0.5003756234770185
1,001416,0,0.5001152109245355
1,001418,0,0.5071868189432148
1,001421,0,0.5011119672595717
1,001424,0,0.5001251587618787
1,001428,0,0.5017283498167531
1,001434,0,0.5003231931716248
1,001436,0,0.5001634359208086
1,001452,0,0.5004700592725436
1,001453,0,0.5003025429128398
1,001458,0,0.5001406234672339
1,001460,0,0.5008836825590437
1,001479,0,0.5021171848984644
1,001484,0,0.5004580928180724
1,001485,0,0.500238707026372
1,001491,0,0.5005912805090382
1,001503,0,0.5031786695842807
1,001506,0,0.5003214011126367
1,001507,0,0.5008553427683728
1,001508,0,0.500173273017594
1,001512,0,0.5006925056050162
1,001514,0,0.5004308811977818
1,001517,0,0.5016316141212251
1,001524,0,0.5008494665011837
1,001533,0,0.5000790168286194
1,001538,0,0.5001353531261142
1,001543,0,0.512444443485262
1,001546,0,0.5004368895846374
1,001554,0,0.5001993835932125
1,001566,0,0.5018185815926158
1,001568,0,0.5006014346934605
1,001569,0,0.5006977255613823
1,001571,0,0.5126743815621319
1,001574,0,0.5005383255323902
1,001575,0,0.5004134178488981
1,001577,0,0.5002413369781687
1,001578,0,0.500950843639042
1,001582,0,0.5000753912646843
1,001587,0,0.5010196506460631
1,001589,0,0.5006588257987855
1,001590,0,0.5045528601665158
1,001591,0,0.501266906425522
1,001598,0,0.5019649508390803
1,001599,0,0.5014964657873873
1,001601,0,0.5004943433283457
1,001612,0,0.500822970207386
1,001617,0,0.5114648716363165
1,001620,0,0.5002890113782735
1,001623,0,0.5016285992379893
1,001635,0,0.5031409414324739
1,001636,0,0.5016625778671299
1,001637,0,0.5010842414925929
1,001648,0,0.5001020508537031
1,001650,0,0.5003505748027071
1,001652,0,0.5000788967458991
1,001654,0,0.5001352508835746
1,001661,0,0.5005338720491439
1,001662,0,0.500732070637702
1,001663,0,0.5039019396771856
1,001664,0,0.5002954525655487
1,001665,0,0.5002927539156191
1,001666,0,0.500818074430133
1,001669,0,0.5068518636402799
1,001673,0,0.5004534861102224
1,001679,0,0.5009619133632236
1,001683,0,0.5017929776047614
1,001701,0,0.5002174653339156
1,001706,0,0.500282227085607
1,001708,0,0.5002854611744059
1,001710,0,0.5053953973097608
1,001713,0,0.5006078192999809
1,001718,0,0.5004746306255107
1,001720,0,0.5007959257053957
1,001721,0,0.5003300447450203
1,001723,0,0.5050548000886516
1,001728,0,0.5001570099740417
1,001735,0,0.500228910445012
1,001743,0,0.5008178461487885
1,001747,0,0.5019184600412746
1,001751,0,0.5003167905603212
1,001757,0,0.5006156354362998
1,001758,0,0.500464379536836
1,001759,0,0.5004817489464565
1,001760,0,0.501459818471063
1,001761,0,0.5007429809166623
1,001784,0,0.501332303467062
1,001787,0,0.5007830489672287
1,001815,0,0.5024882099547173
1,001818,0,0.5011381997639064
1,001822,0,0.5001513016882685
1,001825,0,0.50196549161553
1,001826,0,0.501273249785424
1,001828,0,0.5006703051526029
1,001833,0,0.5015237670382586
1,001834,0,0.5006073598199898
1,001836,0,0.5019855471030097
1,001839,0,0.5000828123807128
1,001840,0,0.5016430123143899
1,001841,0,0.5000946913113135
1,001843,0,0.5003155743347824
1,001844,0,0.5048858727990706
1,001846,0,0.5018913174351712
1,001858,0,0.527772559358203
1,001862,0,0.5002836354655376
1,001865,0,0.5013142132051521
1,001870,0,0.5004005673555536
1,001882,0,0.5005246084245917
1,001890,0,0.5016976583545929
1,001904,0,0.5009794939549187
1,001909,0,0.5024325416944502
1,001921,0,0.5045802408647463
1,001925,0,0.5002474335254381
1,001946,0,0.5001475231890031
1,001948,0,0.5022770022997024
1,001964,0,0.5352660054145206
1,001970,0,0.5044983874966465
1,001986,0,0.5013813372448096
1,001989,0,0.5014381025026582
1,001996,0,0.5005167022516351
1,002006,0,0.5008192920758984
1,002010,0,0.501369191728772
1,002011,0,0.500505256238486
1,002018,0,0.5087742343672428
1,002021,0,0.5007317646946257
1,002034,0,0.5027521406370832
1,002036,0,0.5009144281449845
1,002042,0,0.5016958128217569
1,002043,0,0.5009042606443804
1,002047,0,0.5011930949936432
1,002053,0,0.5007488981803975
1,002057,0,0.500257014070983
1,002062,0,0.50236167552471
1,002080,0,0.5012666413054808
1,002083,0,0.5002542170377126
1,002085,0,0.5022188870515673
1,002093,0,0.5012844693615524
1,002096,0,0.5027507123738479
1,002100,0,0.5064835920798357
1,002109,0,0.5000494260851636
1,002110,0,0.5005558304077352
1,002111,0,0.5004460771274241
1,002112,0,0.5000836454587593
1,002113,0,0.5007645482118677
1,002116,0,0.5032255453920121
1,002117,0,0.5002569602430663
1,002125,0,0.5142025805123531
1,002128,0,0.5001590093437579
1,002132,0,0.5000475083849016
1,002134,0,0.5043888920584542
1,002135,0,0.5014735492883509
1,002137,0,0.5011528836226631
1,002144,0,0.5003085099087645
1,002153,0,0.5002648633721251
1,002156,0,0.5004651843803992
1,002173,0,0.5005160176443223
1,002178,0,0.5012340625810408
1,002182,0,0.5004070949286576
1,002194,0,0.5014125856757771
1,002201,0,0.5025568778204071
1,002204,0,0.5009365407830063
1,002210,0,0.5145564761949982
1,002216,0,0.5002983864543028
1,002226,0,0.5015356475096135
1,002234,0,0.5006382288911454
1,002240,0,0.5000752480386106
1,002241,0,0.5002301435364973
1,002249,0,0.5013263416291869
1,002250,0,0.5019641938296576
1,002260,0,0.5005632305605717
1,002265,0,0.5005706955885555
1,002273,0,0.5036792481186704
1,002285,0,0.5003778333840839
1,002288,0,0.5020545464984473
1,002289,0,0.5009279110976187
1,002295,0,0.5051074841721613
1,002300,0,0.500244391053575
1,002302,0,0.500258123928327
1,002312,0,0.5037112927514826
1,002316,0,0.5018758514213336
1,002318,0,0.5000845097972034
1,002319,0,0.50066228245048
1,002320,0,0.5001826876032593
1,002329,0,0.5000350363711332
1,002330,0,0.5007804624976798
1,002342,0,0.5001781110035356
1,002344,0,0.5005168544790025
1,002346,0,0.5177579745972446
1,002351,0,0.5004522369292879
1,002354,0,0.5004042717561222
1,002357,0,0.5002217940843495
1,002361,0,0.5001433915490601
1,002364,0,0.5002364268098376
1,002365,0,0.5034552621705851
1,002367,0,0.5015505599674239
1,002369,0,0.5023758177459012
1,002372,0,0.5013641861581527
1,002377,0,0.5003273885314092
1,002378,0,0.5019638116777019
1,002385,0,0.5003901856274792
1,002397,0,0.5005397360956946
1,002400,0,0.5001404971420024
1,002406,0,0.5005664387073494
1,002408,0,0.5002314424628398
1,002409,0,0.5009280140337872
1,002411,0,0.5003047268129749
1,002415,0,0.500085542331821
1,002425,0,0.5001485812060702
1,002430,0,0.5040862188589147
1,002433,0,0.5046172058634472
1,002436,0,0.5005664704296879
1,002450,0,0.5009249266610978
1,002452,0,0.5005648468929131
1,002458,0,0.5005773577301698
1,002460,0,0.5000568023513289
1,002467,0,0.5000772201812008
1,002484,0,0.5011066649321544
1,002487,0,0.5002765892128374
1,002497,0,0.5005971299672752
1,002499,0,0.5018162239244449
1,002507,0,0.5033742429514163
1,002508,0,0.5043012989704185
1,002510,0,0.5001955811015816
1,002517,0,0.5019479971779071
1,002520,0,0.5025172203409863
1,002522,0,0.500190055839511
1,002528,0,0.5000862018621761
1,002529,0,0.5006777572486254
1,002530,0,0.5001297609280694
1,002531,0,0.5064904888969879
1,002535,0,0.5033523295456974
1,002537,0,0.501236917045792
1,002539,0,0.5175352749369151
1,002540,0,0.5008478436294688
1,002544,0,0.5001160417738191
1,002552,0,0.5033705641556798
1,002561,0,0.5102242636522812
1,002573,0,0.5038864816564744
1,002581,0,0.5009803226870201
1,002582,0,0.5007000399561927
1,002584,0,0.5041158594228964
1,002586,0,0.503609692178257
1,002593,0,0.5009680366632961
1,002594,0,0.5010372664386152
1,002596,0,0.5084937080306795
1,002599,0,0.5010079888501031
1,002600,0,0.5005672321244319
1,002608,0,0.5001273913318578
1,002614,0,0.5008451748300119
1,002616,0,0.527505686913879
1,002621,0,0.5069207477824098
1,002638,0,0.500316056334613
1,002642,0,0.5025493841063225
1,002647,0,0.509790719745547
1,002648,0,0.5020195195815838
1,002649,0,0.5001057226129277
1,002650,0,0.5146532093430898
1,002653,0,0.5030513405055081
1,002658,0,0.5001234581438843
1,002661,0,0.5001457377662141
1,002664,0,0.5007479583189703
1,002671,0,0.5003090357310017
1,002674,0,0.5018351421756535
1,002677,0,0.5022807101577688
1,002691,0,0.5009034135164175
1,002692,0,0.5007464992250291
1,002694,0,0.5015799016982994
1,002696,0,0.5029449583763669
1,002700,0,0.5007567775864316
1,002706,0,0.5002469060989937
1,002707,0,0.5012407794942081
1,002708,0,0.5060764752250883
1,002709,0,0.5001081555045085
1,002710,0,0.5026947637507162
1,002713,0,0.5003165150373413
1,002716,0,0.5028710094503221
1,002720,0,0.501117693140561
1,002728,0,0.500957516459915
1,002736,0,0.5010409668416599
1,002743,0,0.5002275283283427
1,002746,0,0.5002808789324275
1,002760,0,0.5000828117665158
1,002761,0,0.5010666030199948
1,002763,0,0.500160790120748
1,002776,0,0.5060918216460352
1,002790,0,0.501657230443227
1,002792,0,0.5024509325896531
1,002794,0,0.5004914527627803
1,002795,0,0.5005639174172142
1,002800,0,0.5000744626277877
1,002801,0,0.5001546742374465
1,002802,0,0.5039906154112858
1,002825,0,0.5001268511959215
1,002829,0,0.5002261134826457
1,002840,0,0.5022892740531417
1,002850,0,0.5015721727053352
1,002854,0,0.5017742044107513
1,002855,0,0.5003293083850522
1,002856,0,0.5002115727297113
1,002857,0,0.5016698629948138
1,002859,0,0.501017649134714
1,002866,0,0.5001578956164192
1,002876,0,0.500061475294534
1,002878,0,0.5039239268932185
1,002883,0,0.5002818727107771
1,002888,0,0.5002628720148491
1,002893,0,0.500086746181924
1,002898,0,0.5002677741258182
1,002907,0,0.5012026568511967
1,002909,0,0.5133507842548943
1,002922,0,0.500438729330049
1,002928,0,0.5003228504080772
1,002935,0,0.5033327427927772
1,002936,0,0.5000552567310906
1,002940,0,0.5003552217520019
1,002950,0,0.5005457627801001
1,002960,0,0.500169797404002
1,002961,0,0.5033189607772054
1,002962,0,0.5008668337673026
1,002966,0,0.5019725231763404
1,002967,0,0.5026150141102091
1,002975,0,0.5001818848058616
1,002976,0,0.5018517255362658
1,002980,0,0.5005813289191172
1,002986,0,0.500190670933348
1,002987,0,0.50179110670641
1,002989,0,0.5020870382447694
1,002991,0,0.5002144467363439
1,002994,0,0.5010759132851107
1,002998,0,0.5002555270919392
1,003008,0,0.5001952142023314
1,003022,0,0.5029512571851168
1,003023,0,0.5004488852291619
1,003025,0,0.5001108579419702
1,003026,0,0.5261144161139624
1,003035,0,0.5002515930087701
1,003043,0,0.5005001987794908
1,003052,0,0.5009940000314036
1,003055,0,0.5004245983173317
1,003057,0,0.5000418191507155
1,003058,0,0.501768589518376
1,003059,0,0.5002579850418433
1,003061,0,0.5013500804588178
1,003064,0,0.5050927483142311
1,003065,0,0.5004765853843339
1,003068,0,0.5002991481234799
1,003069,0,0.5003002721972376
1,003072,0,0.5004446067930822
1,003074,0,0.50183068612381
1,003081,0,0.5011569131141671
1,003094,0,0.5128860097648976
1,003096,0,0.500432739754467
1,003123,0,0.5006822218724951
1,003125,0,0.5000701666493912
1,003129,0,0.5002956636737111
1,003133,0,0.5002657104235033
1,003144,0,0.501909612923774
1,003145,0,0.5008011415314965
1,003150,0,0.5003167622518951
1,003151,0,0.5040867571329049
1,003153,0,0.5001189755797321
1,003158,0,0.5015517468787024
1,003159,0,0.5016742050969141
1,003163,0,0.5009524003597638
1,003164,0,0.5000632970058541
1,003177,0,0.5009013028541079
1,003184,0,0.5000647816520648
1,003211,0,0.5011134360278752
1,003214,0,0.5007343313763364
1,003222,0,0.5005011159369295
1,003223,0,0.5069806673238406
1,003224,0,0.5011381343208748
1,003225,0,0.5006584806688203
1,003226,0,0.5000437841042291
1,003232,0,0.5012002884390976
1,003236,0,0.5005841434553049
1,003239,0,0.5011319610413698
1,003245,0,0.5003556690479202
1,003249,0,0.5022465952045139
1,003251,0,0.5005846143156405
1,003257,0,0.5001504384348905
1,003268,0,0.5028244124788143
1,003269,0,0.5014207971009058
1,003276,0,0.5005936844998751
1,003278,0,0.5026169499476545
1,003286,0,0.5006439898053462
1,003290,0,0.5008207196386333
1,003295,0,0.5001378741477013
1,003297,0,0.500098606883768
1,003300,0,0.5007969197588366
1,003308,0,0.5003373259132717
1,003317,0,0.500361313995912
1,003319,0,0.5002022726712881
1,003322,0,0.5003375472279254
1,003329,0,0.5002881647256636
1,003338,0,0.5049760412807586
1,003351,0,0.5013332856046108
1,003352,0,0.5024861638299726
1,003354,0,0.5001801487010891
1,003359,0,0.5008096718653618
1,003360,0,0.5026573230306508
1,003361,0,0.5002859931168911
1,003365,0,0.5040487391415301
1,003366,0,0.5006046168906785
1,003375,0,0.5002065581805457
1,003377,0,0.5034136744859147
1,003380,0,0.5002350282938619
1,003383,0,0.5005925386542088
1,003388,0,0.5003820452684252
1,003393,0,0.5001825423450031
1,003395,0,0.5041737528547597
1,003417,0,0.5008598038584466
1,003418,0,0.5001346223378073
1,003425,0,0.5021861986842601
1,003427,0,0.5001076848412791
1,003430,0,0.5005420876607855
1,003440,0,0.5006825512167871
1,003444,0,0.5004792750787909
1,003446,0,0.5003602124654821
1,003448,0,0.5002638457019347
1,003450,0,0.5028769133186483
1,003456,0,0.5025605053367681
1,003465,0,0.5011832534611667
1,003470,0,0.5002576550889122
1,003477,0,0.5004136683381626
1,003498,0,0.5002361780741557
1,003499,0,0.5105442686310002
1,003502,0,0.5005100144888199
1,003504,0,0.5007578039034349
1,003510,0,0.5012359992537558
1,003511,0,0.5002991476095218
1,003514,0,0.5008545200666794
1,003517,0,0.5025451671833789
1,003521,0,0.5009349942448111
1,003525,0,0.5001500429388276
1,003535,0,0.5007608921799048
1,003536,0,0.5057341107933307
1,003538,0,0.5050211466882119
1,003554,0,0.500966601659161
1,003556,0,0.5001338863139514
1,003560,0,0.5002708881427734
1,003561,0,0.5022787126948272
1,003567,0,0.5151161495836193
1,003575,0,0.5006783052448854
1,003581,0,0.5160912471216356
1,003587,0,0.5010404800999696
1,003591,0,0.5014024190306623
1,003599,0,0.5008101819254098
1,003601,0,0.5013754735773652
1,003604,0,0.5029984518152294
1,003605,0,0.5006776739743167
1,003610,0,0.5000979402812366
1,003611,0,0.501738657193539
1,003615,0,0.5013683186408481
1,003619,0,0.5010438345184275
1,003640,0,0.5003994705191805
1,003645,0,0.5018789628028785
1,003650,0,0.5011544969492884
1,003651,0,0.5005852796745132
1,003655,0,0.5020741922989636
1,003669,0,0.5002655614185071
1,003673,0,0.5076803013005914
1,003675,0,0.5000253611194901
1,003680,0,0.5001179946907734
1,003683,0,0.5000898975281706
1,003684,0,0.5045878092280568
1,003685,0,0.5014350158344815
1,003687,0,0.5003602854094046
1,003690,0,0.5000669178275559
1,003696,0,0.502038074969135
1,003697,0,0.5000578930884507
1,003699,0,0.500196711907487
1,003700,0,0.5007053232500495
1,003702,0,0.5009538035045503
1,003705,0,0.5017512752525645
1,003712,0,0.5037768610172856
1,003716,0,0.50245384040584
1,003717,0,0.5010183203021316
1,003721,0,0.5003565787422074
1,003727,0,0.5001825860561215
1,003730,0,0.5004035467996073
1,003732,0,0.5008180477040671
1,003735,0,0.5014867284707402
1,003737,0,0.5083137089110106
1,003743,0,0.5003446618026366
1,003745,0,0.5014614603536509
1,003748,0,0.5024036938459543
1,003752,0,0.5026382919896317
1,003757,0,0.5006126764986004
1,003761,0,0.5021643048495504
1,003775,0,0.5006114871546139
1,003782,0,0.5003519602334684
1,003783,0,0.5040009327023793
1,003788,0,0.5012886527666763
1,003792,0,0.5001534114632886
1,003796,0,0.5008264919371489
1,003830,0,0.5008074963213608
1,003850,0,0.5004407459936112
1,003851,0,0.5005852893151725
1,003854,0,0.500189917729982
1,003856,0,0.501141262363447
1,003857,0,0.5029921104408176
1,003859,0,0.5009732028535542
1,003861,0,0.5021527115939305
1,003874,0,0.5005810750575025
1,003885,0,0.5000757778634831
1,003888,0,0.5004835615222906
1,003890,0,0.5002373989692211
1,003894,0,0.503111113841391
1,003898,0,0.5011037597492766
1,003903,0,0.5013678777422527
1,003909,0,0.5002086236258911
1,003910,0,0.501629345456002
1,003921,0,0.5002942648189433
1,003931,0,0.5010130785983028
1,003941,0,0.5004295339229338
1,003948,0,0.5021069111397746
1,003955,0,0.5032360187163458
1,003958,0,0.5000605352022737
1,003960,0,0.5002715937973838
1,003983,0,0.5004426315293415
1,003987,0,0.5002218132453711
1,003988,0,0.5004189238271798
1,003989,0,0.5013717439524287
1,003996,0,0.5039603715551677
1,004003,0,0.5098903337505132
1,004005,0,0.5016929613830732
1,004012,0,0.5010823842388543
1,004017,0,0.5015377061132641
1,004026,0,0.50395869500754
1,004027,0,0.5003563620599307
1,004037,0,0.5001143360550862
1,004038,0,0.500522056819585
1,004039,0,0.5003620580392348
1,004042,0,0.500446070619304
1,004044,0,0.5003210636520535
1,004047,0,0.5015853586248868
1,004050,0,0.506824189851572
1,004052,0,0.5007992305715726
1,004056,0,0.5008444129429437
1,004060,0,0.5010510691679808
1,004066,0,0.5013028030574411
1,004067,0,0.5048652915654566
1,004071,0,0.5005047382286235
1,004077,0,0.5042029860054739
1,004078,0,0.5008731146057148
1,004082,0,0.50009689849013
1,004086,0,0.503224588459049
1,004093,0,0.5036242095992925
1,004094,0,0.5003919299510449
1,004096,0,0.5047598295421396
1,004097,0,0.5000997007604501
1,004098,0,0.5011898458102729
1,004104,0,0.5032247087772541
1,004106,0,0.5007627460055397
1,004108,0,0.5012010812941895
1,004109,0,0.5009240856516981
1,004110,0,0.5004424183647538
1,004116,0,0.5003689405264222
1,004117,0,0.501852139337858
1,004119,0,0.5002497784488528
1,004123,0,0.5004859467710587
1,004130,0,0.5023194771380901
1,004131,0,0.5004875880100293
1,004136,0,0.5017908921463184
1,004149,0,0.5007576224680358
1,004161,0,0.5027666281555424
1,004174,0,0.5007721978041083
1,004175,0,0.5011883854624096
1,004180,0,0.5005878933130875
1,004182,0,0.5007729257976477
1,004196,0,0.5042353882751243
1,004199,0,0.5012816839062795
1,004208,0,0.5012272160276193
1,004209,0,0.5002939539616816
1,004210,0,0.5003919513603594
1,004226,0,0.5033668925329414
1,004227,0,0.5001311735589262
1,004229,0,0.5001567884574398
1,004230,0,0.5003471199233559
1,004233,0,0.5007717429023549
1,004236,0,0.5004541549262655
1,004239,0,0.5001488652671251
1,004242,0,0.5002001436750597
1,004259,0,0.500071412688711
1,004260,0,0.5011260876703869
1,004263,0,0.500466439350413
1,004264,0,0.5002535943730465
1,004266,0,0.5009029414217896
1,004277,0,0.5023817885181096
1,004282,0,0.5027638388338113
1,004283,0,0.5001485356671116
1,004303,0,0.5001349002829069
1,004311,0,0.5009034238131723
1,004316,0,0.5031829256931871
1,004320,0,0.500259535681829
1,004325,0,0.5002044633346804
1,004337,0,0.5007172240687598
1,004339,0,0.5002065410585497
1,004345,0,0.5002119429819
1,004347,0,0.5045152345277252
1,004354,0,0.500627838394867
1,004356,0,0.5003610180814841
1,004357,0,0.5002833594969
1,004362,0,0.500605740778053
1,004374,0,0.5017964399753325
1,004383,0,0.5005496782343957
1,004384,0,0.5002485085184912
1,004392,0,0.5003306299643381
1,004408,0,0.5009310254264575
1,004413,0,0.5018426288194312
1,004425,0,0.5024576023445375
1,004431,0,0.5019761326858684
1,004437,0,0.5002015786361881
1,004450,0,0.5012136032900047
1,004451,0,0.5002524684052311
1,004467,0,0.5011636210004585
1,004471,0,0.5003572700420534
1,004479,0,0.5012092042353363
1,004488,0,0.5013415510262551
1,004500,0,0.5007352415525541
1,004505,0,0.500324558190224
1,004507,0,0.5001429423460687
1,004509,0,0.501899808158653
1,004512,0,0.5005625833690517
1,004517,0,0.500127616416432
1,004518,0,0.5029442236827505
1,004532,0,0.5029901711613336
1,004538,0,0.5005838791121296
1,004543,0,0.5005757353864542
1,004551,0,0.5001052862919021
1,004555,0,0.5002557079765714
1,004559,0,0.5006335600097461
1,004566,0,0.5016698220102257
1,004567,0,0.5025983152200787
1,004571,0,0.5013262403887493
1,004579,0,0.5005540209682857
1,004581,0,0.5001454509540345
1,004586,0,0.5002622156359194
1,004588,0,0.5004894498003167
1,004593,0,0.5002954816588521
1,004596,0,0.5074522436670941
1,004598,0,0.5082150023208689
1,004606,0,0.5003507408977771
1,004607,0,0.5383188779177703
1,004609,0,0.5001346877020291
1,004617,0,0.500350005809955
1,004621,0,0.500333015743634
1,004623,0,0.5049335857244541
1,004626,0,0.5005473846503125
1,004627,0,0.5005603265643246
1,004634,0,0.5024494200860565
1,004636,0,0.500336795852175
1,004638,0,0.5000576391060705
1,004645,0,0.5003095950233283
1,004646,0,0.502139490965572
1,004658,0,0.5051218881124351
1,004667,0,0.5019959644360973
1,004680,0,0.5001527109840025
1,004681,0,0.5000916325883007
1,004707,0,0.5005481189818315
1,004708,0,0.5003755185074508
1,004717,0,0.501126454712351
1,004720,0,0.503481311365062
1,004727,0,0.501396517931042
1,004728,0,0.5006698686304494
1,004729,0,0.5006138021962757
1,004759,0,0.5007119874517223
1,004761,0,0.5006389889841503
1,004767,0,0.500211266947079
1,004778,0,0.5030231732796442
1,004785,0,0.5007931186003642
1,004809,0,0.5009927137674922
1,004813,0,0.5002011151433837
1,004835,0,0.5028378352206563
1,004837,0,0.5011976982729903
1,004838,0,0.5007414081703893
1,004842,0,0.5085512438960058
1,004853,0,0.5027559948169936
1,004866,0,0.5030074500200152
1,004869,0,0.5037261897952172
1,004872,0,0.5002761059883715
1,004877,0,0.5003828900901336
1,004878,0,0.5001952062282349
1,004897,0,0.5003037011500245
1,004899,0,0.5010777706936771
1,004902,0,0.5030775006175259
1,004904,0,0.5015021925382422
1,004918,0,0.5011311688996856
1,004920,0,0.5012353234615506
1,004921,0,0.5004209879722527
1,004924,0,0.5006877015514273
1,004927,0,0.5014215103142542
1,004948,0,0.5002358282692593
1,004957,0,0.5052287505648441
1,004961,0,0.5006024134815737
1,004963,0,0.5004576347438415
1,004967,0,0.5004822398129619
1,004970,0,0.5010828790286046
1,004978,0,0.500625449117379
1,004984,0,0.5030439093359204
1,004988,0,0.501342005578429
1,004991,0,0.5034078501731436
1,004995,0,0.500348205786807
1,005002,0,0.5053435654017955
1,005018,0,0.500528512598663
1,005021,0,0.5035829298145309
1,005027,0,0.5002556019225086
1,005031,0,0.5028869638432366
1,005033,0,0.5010030721651066
1,005034,0,0.5007417569608095
1,005044,0,0.5002005368957543
1,005045,0,0.5002239334587746
1,005048,0,0.5182214898872847
1,005051,0,0.5003075520628478
1,005075,0,0.5001872495188686
1,005076,0,0.5003536330637885
1,005084,0,0.5007206217257898
1,005085,0,0.5005334852386983
1,005089,0,0.5009288710583015
1,005092,0,0.5003583401122661
1,005101,0,0.5018627967148827
1,005104,0,0.5003237077469324
1,005105,0,0.5006494980360456
1,005110,0,0.5004854259758853
1,005114,0,0.5008825406127001
1,005115,0,0.5008289183115457
1,005123,0,0.5007085837519666
1,005125,0,0.5028144997326728
1,005133,0,0.5003948738072519
1,005136,0,0.5133218599209654
1,005138,0,0.5037487412699947
1,005142,0,0.5014219137136414
1,005145,0,0.5003331521618706
1,005148,0,0.5008074666644587
1,005159,0,0.5011192988576452
1,005161,0,0.500060835586512
1,005165,0,0.5115644998769381
1,005166,0,0.5011907189541057
1,005168,0,0.5002025697046787
1,005174,0,0.5038426336595826
1,005179,0,0.5002668275164668
1,005184,0,0.5007489741489809
1,005190,0,0.5032693550396377
1,005194,0,0.5007635844623451
1,005196,0,0.5003298445440498
1,005198,0,0.5001863100613538
1,005201,0,0.5008079206170224
1,005207,0,0.5003584946955519
1,005210,0,0.5016898679578984
1,005212,0,0.5017929295323414
1,005218,0,0.5009455354629021
1,005219,0,0.5196068952054217
1,005225,0,0.5004516583621129
1,005230,0,0.5017420041028241
1,005243,0,0.5009538197696064
1,005246,0,0.5010946227744895
1,005250,0,0.5003856231219456
1,005255,0,0.5007020897291431
1,005263,0,0.501532910529296
1,005264,0,0.500260822684076
1,005266,0,0.5006940032016767
1,005271,0,0.5007952503076896
1,005280,0,0.5011615478592435
1,005282,0,0.5010115841825507
1,005291,0,0.5008339631990015
1,005299,0,0.5015291791179772
1,005300,0,0.501705842781594
1,005301,0,0.5019728300596494
1,005314,0,0.5013175908195665
1,005316,0,0.5009153688295336
1,005318,0,0.5008631180502526
1,005319,0,0.5008464145413372
1,005328,0,0.5003222689033923
1,005339,0,0.5002146765766454
1,005340,0,0.5010065958893021
1,005350,0,0.5025329587087813
1,005353,0,0.5017399954940746
1,005356,0,0.5004880816328807
1,005360,0,0.5001992432741383
1,005363,0,0.5004130432324119
1,005364,0,0.5003197923298237
1,005371,0,0.5015095452886484
1,005375,0,0.5022139222769717
1,005377,0,0.5005245352774005
1,005379,0,0.5002609790678421
1,005382,0,0.5026976839902588
1,005392,0,0.5002837834048709
1,005397,0,0.5001149958651124
1,005404,0,0.5000912316526944
1,005406,0,0.5019694781066503
1,005409,0,0.5007146775922999
1,005411,0,0.5002556076894982
1,005412,0,0.5042628809020793
1,005426,0,0.5004479046939476
1,005427,0,0.5032816524674204
1,005429,0,0.5003850145371721
1,005432,0,0.5022492646386342
1,005450,0,0.500683381544722
1,005455,0,0.5004915495993041
1,005456,0,0.5085861555379805
1,005458,0,0.5001014655105752
1,005491,0,0.502437053826237
1,005494,0,0.5011093191227188
1,005507,0,0.5002099308402367
1,005508,0,0.5002458245207426
1,005511,0,0.5002244836558561
1,005512,0,0.5009550069489583
1,005523,0,0.5010920267848241
1,005524,0,0.5002734535854879
1,005526,0,0.5021649307256382
1,005529,0,0.5002497041994712
1,005531,0,0.5009483303855434
1,005532,0,0.5009544051467719
1,005533,0,0.5024019321409203
1,005540,0,0.5048348511927884
1,005543,0,0.5009819966295374
1,005547,0,0.500371919938827
1,005567,0,0.5026765524662334
1,005568,0,0.5002383470622597
1,005570,0,0.5011156533577178
1,005571,0,0.500397846910597
1,005573,0,0.5094973650183154
1,005577,0,0.5007721646810586
1,005579,0,0.5001234115637118
1,005580,0,0.5008979061066149
1,005593,0,0.500393812148571
1,005598,0,0.5062122689662182
1,005605,0,0.5084660427176585
1,005609,0,0.5000786165423081
1,005622,0,0.5003609217529028
1,005625,0,0.5006079181369076
1,005630,0,0.5017208623441742
1,005635,0,0.5172315071744672
1,005636,0,0.5010505523882887
1,005640,0,0.5006655087391032
1,005649,0,0.5028735346522766
1,005653,0,0.5003937195904617
1,005656,0,0.5033920919789526
1,005661,0,0.5003347116286243
1,005664,0,0.5001110314103591
1,005667,0,0.5035502626980791
1,005681,0,0.5032256655298886
1,005695,0,0.5001785221212784
1,005697,0,0.5002783043096601
1,005698,0,0.5002457258098998
1,005700,0,0.5009345717055608
1,005703,0,0.5015389459384835
1,005714,0,0.5002749303540732
1,005715,0,0.5016685543469542
1,005717,0,0.5005007017714367
1,005725,0,0.5007344091324984
1,005730,0,0.5011267123280699
1,005731,0,0.5001063029230945
1,005733,0,0.50454577799681
1,005735,0,0.5002800701869293
1,005737,0,0.5001634854959188
1,005751,0,0.5014443412254892
1,005757,0,0.5004474986123996
1,005768,0,0.5004404482804611
1,005769,0,0.5018668538769553
1,005771,0,0.5001019162016965
1,005772,0,0.5039558530864009
1,005776,0,0.5040541592690342
1,005780,0,0.5244177120049711
1,005783,0,0.5006874735848976
1,005791,0,0.5020672613953486
1,005793,0,0.5007904813227081
1,005795,0,0.5006934311408656
1,005799,0,0.5008557374714799
1,005804,0,0.5000560968770454
1,005805,0,0.5000307854547299
1,005817,0,0.5029184406178259
1,005818,0,0.5004714376660936
1,005819,0,0.500104281111347
1,005822,0,0.522539240100497
1,005833,0,0.5001573454765236
1,005840,0,0.5013793855923545
1,005841,0,0.5001715006859664
1,005843,0,0.5005873794535574
1,005847,0,0.5008757372930578
1,005855,0,0.5005263673044535
1,005858,0,0.5000281640790527
1,005864,0,0.5002758680098173
1,005865,0,0.5008326390760017
1,005888,0,0.5017676686517315
1,005889,0,0.5003086809073672
1,005891,0,0.5001952978335891
1,005894,0,0.5004179929812794
1,005899,0,0.5023337431432902
1,005905,0,0.5046953080700445
1,005918,0,0.5013250551100894
1,005938,0,0.5004617683355852
1,005939,0,0.5022590049680591
1,005943,0,0.5005479059172842
1,005950,0,0.501208058171183
1,005958,0,0.502088381605238
1,005959,0,0.5002590006528526
1,005968,0,0.5005308371677005
1,005969,0,0.5003836625319248
1,005971,0,0.5020904179895609
1,005983,0,0.5000882226989373
1,005991,0,0.5005985889435319
1,005994,0,0.5000968390992876
1,005996,0,0.5003558349668253
1,005999,0,0.5003807146819086
1,006008,0,0.5009188892254175
1,006009,0,0.5006168495653027
1,006018,0,0.500135109183009
1,006025,0,0.5001522965207524
1,006032,0,0.5001480549864681
1,006033,0,0.5011343344233821
1,006044,0,0.5008817643841856
1,006046,0,0.5001111760187013
1,006048,0,0.5002256420521437
1,006052,0,0.5010519612879132
1,006056,0,0.5062289403254778
1,006060,0,0.5003607284406442
1,006062,0,0.5006333491594668
1,006065,0,0.5006896514617053
1,006071,0,0.5001269063458652
1,006073,0,0.5072340306771889
1,006080,0,0.5061612731232249
1,006081,0,0.5027356374782778
1,006086,0,0.5001053780623048
1,006092,0,0.5074873253608114
1,006094,0,0.5001174584186626
1,006095,0,0.5003511226865488
1,006098,0,0.5001131324252046
1,006102,0,0.500978979012963
1,006108,0,0.5000644616949915
1,006111,0,0.5005819428172888
1,006112,0,0.502488950070395
1,006117,0,0.5017594947072386
1,006122,0,0.5010259657118957
1,006123,0,0.5004438419732384
1,006129,0,0.501360483747324
1,006131,0,0.5001035759126354
1,006139,0,0.5004367313303395
1,006140,0,0.5021896368140092
1,006141,0,0.5008992920691315
1,006146,0,0.500141692621731
1,006151,0,0.5038633188662742
1,006153,0,0.5007507595011784
1,006156,0,0.5004550955839491
1,006160,0,0.5015586680004748
1,006162,0,0.50099736450966
1,006163,0,0.5007945949948704
1,006165,0,0.5006936940621705
1,006166,0,0.5001153175718591
1,006174,0,0.5006722453969434
1,006179,0,0.5044083001917421
1,006180,0,0.5000358048107414
1,006181,0,0.5012660764576569
1,006188,0,0.5039210579484872
1,006190,0,0.5001766866577916
1,006195,0,0.5006057542402726
1,006213,0,0.50629665277792
1,006215,0,0.5012931397212507
1,006221,0,0.501461058461524
1,006228,0,0.5000932361060547
1,006244,0,0.5001384072613055
1,006252,0,0.5004428905570752
1,006257,0,0.5043501214747084
1,006259,0,0.5006441726704052
1,006262,0,0.5025706057195333
1,006265,0,0.5004823390139322
1,006267,0,0.5041824096416221
1,006269,0,0.5001102267956171
1,006280,0,0.50076007607423
1,006293,0,0.5016670945602109
1,006299,0,0.5002681662243896
1,006305,0,0.5007010103873806
1,006310,0,0.5012789885990193
1,006312,0,0.5002941497757805
1,006313,0,0.5002653268723045
1,006322,0,0.500903746640253
1,006336,0,0.5012776724594432
1,006337,0,0.5002306766575431
1,006339,0,0.5019295577548092
1,006343,0,0.5032183134978057
1,006345,0,0.5009688747143594
1,006349,0,0.5005485614474099
1,006358,0,0.5002134332167767
1,006360,0,0.5006880949812259
1,006369,0,0.5014343075605597
1,006376,0,0.5007775878434464
1,006378,0,0.5003736344683002
1,006380,0,0.5012753325102395
1,006389,0,0.500280675355125
1,006394,0,0.5007933528179231
1,006399,0,0.5054256261443903
1,006402,0,0.5032655961570521
1,006405,0,0.5001735207104722
1,006406,0,0.5002677206486199
1,006415,0,0.5020914269766866
1,006423,0,0.5028418018877221
1,006425,0,0.5006459347637885
1,006426,0,0.50085433987695
1,006440,0,0.5011022335831393
1,006442,0,0.5167823650503744
1,006446,0,0.5011400542643468
1,006447,0,0.5001075796607739
1,006450,0,0.5011774509858475
1,006453,0,0.5000955587354681
1,006459,0,0.5016689817894863
1,006460,0,0.5015754841941327
1,006462,0,0.5031573512449603
1,006464,0,0.5008132530555061
1,006467,0,0.5002798885203307
1,006468,0,0.5004215891664893
1,006472,0,0.5001920489710159
1,006474,0,0.5002843514031672
1,006475,0,0.5002334433104096
1,006476,0,0.5027684527547857
1,006477,0,0.5009277810199523
1,006484,0,0.500933083468602
1,006490,0,0.5006449027932595
1,006491,0,0.5000198879886877
1,006492,0,0.5004094859607622
1,006494,0,0.5004025736633713
1,006501,0,0.5000575571471884
1,006502,0,0.5016873661890562
1,006518,0,0.5007968004166843
1,006520,0,0.500344948225241
1,006521,0,0.5008201276041636
1,006522,0,0.5044027460662663
1,006527,0,0.5006084997549957
1,006529,0,0.5000281969894392
1,006542,0,0.5000253081780234
1,006545,0,0.5024836646424486
1,006555,0,0.5010765045973937
1,006557,0,0.5005008292865398
1,006558,0,0.5001998287840169
1,006559,0,0.5007925739977679
1,006574,0,0.5006994382893311
1,006576,0,0.5015460637670921
1,006577,0,0.5002186428178084
1,006579,0,0.5011621625395368
1,006581,0,0.502367357285248
1,006582,0,0.5001706080530245
1,006585,0,0.5006778901782686
1,006593,0,0.5011835693731965
1,006595,0,0.500429100239256
1,006598,0,0.5003407988027384
1,006599,0,0.5024438354407709
1,006601,0,0.5009593925788492
1,006611,0,0.5014043032535768
1,006613,0,0.5010201982851671
1,006621,0,0.5005340113221086
1,006624,0,0.5005061834072911
1,006630,0,0.5003270696875158
1,006633,0,0.5002445692765779
1,006637,0,0.5030520121179844
1,006638,0,0.501024578200346
1,006639,0,0.5016091833445591
1,006640,0,0.501737604197581
1,006648,0,0.5009143568883301
1,006651,0,0.5013510081315459
1,006654,0,0.502471520055302
1,006655,0,0.5003990222007427
1,006676,0,0.5004419167067271
1,006677,0,0.5001627189735274
1,006680,0,0.5003011774808588
1,006683,0,0.5006463044716437
1,006689,0,0.5004317444893358
1,006692,0,0.5014113793505367
1,006695,0,0.5053228054433366
1,006701,0,0.5010056969412674
1,006703,0,0.500392971002836
1,006716,0,0.5073573953491008
1,006727,0,0.5000880127660107
1,006733,0,0.5005137097577986
1,006738,0,0.5016002374460369
1,006743,0,0.5036276368900173
1,006745,0,0.5001816583245853
1,006771,0,0.5003834392295147
1,006776,0,0.5016224957223281
1,006797,0,0.5004196339522189
1,006807,0,0.5001750858720545
1,006808,0,0.5008831417525769
1,006818,0,0.5007678602921303
1,006821,0,0.5037847560858009
1,006822,0,0.5001004809463657
1,006829,0,0.5001581940802272
1,006834,0,0.5021809150361387
1,006839,0,0.5021413295903763
1,006841,0,0.5000586996795927
1,006843,0,0.5018614487727928
1,006844,0,0.500146055654585
1,006850,0,0.5008938198232895
1,006862,0,0.5004650860972326
1,006863,0,0.506396513301454
1,006869,0,0.5002154361702438
1,006871,0,0.5001808052780454
1,006879,0,0.5003844940200582
1,006882,0,0.5004069738629708
1,006890,0,0.5010094895749959
1,006895,0,0.5004806347662962
1,006903,0,0.5010326160469373
1,006911,0,0.5004068491743958
1,006918,0,0.5012229267303989
1,006920,0,0.509706518879026
1,006926,0,0.5002075280606658
1,006933,0,0.500181267217064
1,006939,0,0.5024674948498663
1,006945,0,0.505197365521768
1,006950,0,0.5008802152256799
1,006956,0,0.501566229714985
1,006960,0,0.5000817802371922
1,006964,0,0.5001910582958862
1,006965,0,0.5004686955131561
1,006966,0,0.5020594173714749
1,006977,0,0.5012821600917386
1,006979,0,0.5001398656522785
1,006981,0,0.5009687115123078
1,006988,0,0.5003058450773847
1,006990,0,0.5030792515156002
1,006993,0,0.5003788808121474
1,006994,0,0.5002804053925494
1,006999,0,0.500013434342863
1,007012,0,0.5008430240480413
1,007014,0,0.5002306490162443
1,007017,0,0.5006994691817112
1,007029,0,0.5000858232208579
1,007036,0,0.5001308718015696
1,007047,0,0.5005551347517557
1,007055,0,0.5005685962415137
1,007056,0,0.5000388900732728
1,007078,0,0.5036292473908336
1,007080,0,0.5001803388995305
1,007089,0,0.5001602692023883
1,007091,0,0.500551244402762
1,007096,0,0.5006542465648245
1,007097,0,0.5001591048153433
1,007098,0,0.5001207316034859
1,007099,0,0.5002315929704829
1,007103,0,0.5012514158355245
1,007108,0,0.5011630137456684
1,007110,0,0.5004941226007177
1,007117,0,0.5074156605144894
1,007123,0,0.5013972045515404
1,007124,0,0.5013270088259156
1,007130,0,0.5011147196183173
1,007133,0,0.5007641405667476
1,007135,0,0.5011651859667894
1,007145,0,0.5035024175901824
1,007151,0,0.5012425158456872
1,007153,0,0.501455263103987
1,007154,0,0.5002572414255301
1,007158,0,0.5063863557974216
1,007175,0,0.5012775686874716
1,007187,0,0.5005336931440195
1,007190,0,0.5000391092513579
1,007207,0,0.5013759613271326
1,007208,0,0.5008001975374337
1,007213,0,0.5030171826766663
1,007215,0,0.5006434724071532
1,007217,0,0.5003925978469506
1,007224,0,0.500830756863073
1,007227,0,0.5004914617799913
1,007238,0,0.5003755890565811
1,007239,0,0.500530250208542
1,007244,0,0.5024420046854379
1,007253,0,0.5002300001956448
1,007257,0,0.5008868204756258
1,007263,0,0.5012532440808739
1,007265,0,0.5009082323327304
1,007270,0,0.502829995435987
1,007272,0,0.5003127265725665
1,007273,0,0.5001985388314922
1,007277,0,0.5011733652382763
1,007280,0,0.501270602276846
1,007283,0,0.501521410855944
1,007289,0,0.5001180588635123
1,007290,0,0.5010355561745193
1,007293,0,0.5062051956941583
1,007296,0,0.5001069150683568
1,007297,0,0.503810685844971
1,007305,0,0.5005690072832416
1,007307,0,0.5000911610126996
1,007308,0,0.5009833322964533
1,007310,0,0.5014677615055213
1,007315,0,0.5015442758429411
1,007320,0,0.508480876972945
1,007322,0,0.5014728946056094
1,007323,0,0.5015801370401071
1,007332,0,0.5027959416462766
1,007334,0,0.5008731198197082
1,007344,0,0.5023472564622651
1,007346,0,0.500940843121299
1,007347,0,0.5003106081539413
1,007348,0,0.5003693476833516
1,007352,0,0.5075907142655512
1,007358,0,0.5001792554572025
1,007365,0,0.5003302120938308
1,007366,0,0.5111974461837081
1,007372,0,0.5004805683369329
1,007386,0,0.5007985796968776
1,007397,0,0.5007092689835695
1,007420,0,0.5012580474649785
1,007421,0,0.5005801343232016
1,007423,0,0.5003881954370487
1,007426,0,0.5002224336737667
1,007431,0,0.5004478895790797
1,007443,0,0.5007720293493166
1,007446,0,0.5002543289166352
1,007448,0,0.5004495573133309
1,007450,0,0.5018911674907018
1,007452,0,0.5012503940780195
1,007470,0,0.5002087624226971
1,007473,0,0.5015716918944509
1,007474,0,0.5006535996836661
1,007484,0,0.5009757336337093
1,007490,0,0.5007954541885582
1,007497,0,0.501165633925569
1,007504,0,0.5009919392295867
1,007509,0,0.500489449364427
1,007522,0,0.5005769619835287
1,007529,0,0.5008714999233239
1,007534,0,0.5000858257389593
1,007535,0,0.5011966461471069
1,007536,0,0.5002394415010922
1,007537,0,0.5011172806712504
1,007541,0,0.5001368167106954
1,007544,0,0.5002031069917071
1,007559,0,0.5013735780474506
1,007565,0,0.5001115977468836
1,007566,0,0.500672665524826
1,007567,0,0.5009761704042531
1,007569,0,0.5002557090462246
1,007575,0,0.5056810238549522
1,007577,0,0.501780363370249
1,007584,0,0.5013854425627442
1,007587,0,0.5010528019800778
1,007592,0,0.5031826467641759
1,007597,0,0.5031031130933366
1,007598,0,0.5010940924456104
1,007604,0,0.5002879067842654
1,007615,0,0.5027062868371752
1,007618,0,0.5001062446714831
1,007635,0,0.500203445318242
1,007639,0,0.5014055371497197
1,007647,0,0.5004299240808573
1,007658,0,0.500244444524211
1,007665,0,0.506299406530316
1,007668,0,0.5000810605515461
1,007670,0,0.5002913493021747
1,007675,0,0.5019893240273666
1,007685,0,0.5001218741352932
1,007687,0,0.5000955300745329
1,007693,0,0.5061934080573418
1,007695,0,0.5002567322676903
1,007700,0,0.5002956360797227
1,007701,0,0.5002537954971717
1,007708,0,0.5016331750860322
1,007714,0,0.5003482696716699
1,007724,0,0.5018665974306036
1,007734,0,0.5008466205173663
1,007741,0,0.5016563140895071
1,007746,0,0.5003131222479229
1,007748,0,0.5049424656474004
1,007750,0,0.5012763728408505
1,007766,0,0.500392802073272
1,007775,0,0.501632275496066
1,007782,0,0.5005008527970233
1,007787,0,0.5005240675427325
1,007792,0,0.5007925951162513
1,007793,0,0.5004912817345019
1,007795,0,0.5004565072682358
1,007797,0,0.5002357718017896
1,007803,0,0.5044443243404428
1,007810,0,0.5009398869086272
1,007812,0,0.500627808569645
1,007816,0,0.5001793240643201
1,007817,0,0.5010639324425844
1,007821,0,0.5001737467918929
1,007825,0,0.5002147864578356
1,007839,0,0.5002599734176532
1,007843,0,0.5015628739423056
1,007848,0,0.5003270737568712
1,007853,0,0.5002017949488169
1,007862,0,0.5003148314602689
1,007863,0,0.5002564658215531
1,007864,0,0.5001316012845126
1,007866,0,0.5016012197781644
1,007872,0,0.5000474577401606
1,007873,0,0.5005181820556316
1,007874,0,0.5021463204559174
1,007886,0,0.5010181021502649
1,007889,0,0.5009180451832697
1,007894,0,0.5001670177540485
1,007899,0,0.509936761490651
1,007901,0,0.5012097607237748
1,007902,0,0.500282839435032
1,007907,0,0.5078560532796025
1,007911,0,0.5003652409964726
1,007916,0,0.5043959325907057
1,007917,0,0.5007540493534339
1,007922,0,0.5006917663008162
1,007930,0,0.5008951478732235
1,007934,0,0.5002174011162118
1,007935,0,0.5006788434393468
1,007946,0,0.5002877108497834
1,007953,0,0.500948899444079
1,007956,0,0.500086691369312
1,007958,0,0.5003120409805399
1,007971,0,0.5003175786066043
1,007975,0,0.5020455725022619
1,007976,0,0.5021917939786756
1,007983,0,0.5000671365274324
1,008004,0,0.5013295084245215
1,008005,0,0.5003957795990487
1,008009,0,0.5055781581771769
1,008015,0,0.5007133513106531
1,008018,0,0.5004243502982488
1,008024,0,0.5004685484691477
1,008026,0,0.5007935765603239
1,008034,0,0.5000373042606703
1,008036,0,0.502365900015008
1,008040,0,0.5001081424617574
1,008042,0,0.5019977725682964
1,008048,0,0.5050347190340617
1,008052,0,0.5015104690953242
1,008053,0,0.5009082405072219
1,008074,0,0.5007122397579655
1,008077,0,0.5002221390579284
1,008081,0,0.506327436358038
1,008086,0,0.5009872216224918
1,008094,0,0.500831408378018
1,008100,0,0.5007806371873598
1,008109,0,0.5036552625309876
1,008113,0,0.50199852381635
1,008115,0,0.5002313319887327
1,008119,0,0.5001046156475187
1,008125,0,0.5002967044283396
1,008128,0,0.502925145816706
1,008129,0,0.5023037452110245
1,008130,0,0.5012753290527228
1,008131,0,0.5006408134295596
1,008139,0,0.5006505455459561
1,008143,0,0.5004147754793965
1,008149,0,0.5004038967963995
1,008153,0,0.5001840120134621
1,008159,0,0.5001121939608548
1,008162,0,0.5010364668677036
1,008180,0,0.5046560393307116
1,008182,0,0.5003125926806133
1,008185,0,0.5000880464470431
1,008192,0,0.500337847486004
1,008193,0,0.5003615198540012
1,008194,0,0.5005190152889907
1,008195,0,0.5005411669034434
1,008202,0,0.5038287162567697
1,008214,0,0.5003278002832979
1,008226,0,0.5002297006126479
1,008233,0,0.5040605261797491
1,008234,0,0.5002861986404568
1,008238,0,0.5022592735382367
1,008249,0,0.505329389792755
1,008250,0,0.5016311732472523
1,008254,0,0.5007524246110087
1,008263,0,0.5005946832915887
1,008264,0,0.5025677204546051
1,008271,0,0.5014376587724546
1,008276,0,0.5018457018378393
1,008284,0,0.5005000741789927
1,008286,0,0.5005444164335529
1,008290,0,0.5009620840175456
1,008302,0,0.5000571157114503
1,008303,0,0.5017498979934384
1,008304,0,0.5002854823716272
1,008310,0,0.5003123950260457
1,008311,0,0.5005430458452935
1,008319,0,0.5007831095876646
1,008320,0,0.5003274195724334
1,008323,0,0.5007187596023446
1,008351,0,0.5087908796706679
1,008360,0,0.5002804009972887
1,008372,0,0.5006998432318237
1,008383,0,0.5006504786388201
1,008387,0,0.5034927924638085
1,008395,0,0.501017183316595
1,008409,0,0.5001599055633092
1,008412,0,0.5001024218340511
1,008416,0,0.5002795762725116
1,008420,0,0.500379096718146
1,008426,0,0.5004219302537752
1,008435,0,0.5001829926647615
1,008438,0,0.5002263748349238
1,008445,0,0.5002648403364591
1,008447,0,0.5002823714631895
1,008454,0,0.5003030053109588
1,008458,0,0.5007888041959222
1,008462,0,0.5040854578701442
1,008463,0,0.5001501324869301
1,008465,0,0.5029719866368777
1,008473,0,0.5008219668041949
1,008486,0,0.5006907698153713
1,008495,0,0.5003207726372483
1,008507,0,0.5013075842338813
1,008519,0,0.5008563014384839
1,008520,0,0.5075573315280428
1,008521,0,0.5004029837465679
1,008529,0,0.5005310801142591
1,008534,0,0.5009475703039227
1,008535,0,0.500201635974912
1,008537,0,0.5009537765426813
1,008542,0,0.5003260827158639
1,008546,0,0.5013516519016458
1,008552,0,0.5001148083321103
1,008562,0,0.5031814265335713
1,008564,0,0.5004053344589338
1,008567,0,0.5012733009122191
1,008573,0,0.5000965935258939
1,008589,0,0.5049355475700196
1,008598,0,0.502325086388884
1,008599,0,0.5004994085645933
1,008601,0,0.5005319020070212
1,008605,0,0.5005919980896579
1,008611,0,0.5008431862347532
1,008617,0,0.5007120022684829
1,008619,0,0.5005252420468772
1,008624,0,0.5002037770916471
1,008627,0,0.5014057962333406
1,008632,0,0.5008735433291993
1,008633,0,0.5015514459196374
1,008634,0,0.5003750507945255
1,008637,0,0.5009688101306362
1,008643,0,0.5017218175209086
1,008654,0,0.5003950148523142
1,008679,0,0.5001698214237015
1,008687,0,0.5001197000205133
1,008688,0,0.5001164504732364
1,008700,0,0.5010932520947299
1,008703,0,0.5035051011364586
1,008707,0,0.5004844866294255
1,008710,0,0.5006484324284709
1,008711,0,0.5065859716873414
1,008714,0,0.500151486183552
1,008715,0,0.5014771446784956
1,008719,0,0.5008727844805203
1,008721,0,0.5063426220091356
1,008730,0,0.5000510098718698
1,008731,0,0.500971808906302
1,008737,0,0.5001789921080585
1,008739,0,0.501476524536101
1,008741,0,0.5004734799945479
1,008752,0,0.5004940063452746
1,008759,0,0.5010594432414376
1,008761,0,0.5015169424632346
1,008764,0,0.5006333848871667
1,008766,0,0.5009623367118882
1,008768,0,0.5028957905089495
1,008770,0,0.5009859242410145
1,008771,0,0.5008549936272751
1,008775,0,0.5007183454725584
1,008776,0,0.500439078875877
1,008780,0,0.5030221197771481
1,008787,0,0.5116534565043337
1,008789,0,0.5003370218008167
1,008802,0,0.500548459504053
1,008807,0,0.500370460054815
1,008816,0,0.5002464848759558
1,008819,0,0.5015342858463205
1,008828,0,0.5010110992827377
1,008831,0,0.5002407798674094
1,008832,0,0.5003149145960961
1,008837,0,0.5001189497292328
1,008844,0,0.5006780026104332
1,008848,0,0.5034885701577618
1,008849,0,0.5001834629164874
1,008851,0,0.5017887287130949
1,008853,0,0.5000769221202621
1,008868,0,0.500327977569818
1,008875,0,0.5007378305651119
1,008878,0,0.5004364325187971
1,008879,0,0.5004940774849695
1,008882,0,0.500387121449371
1,008889,0,0.5003512449476645
1,008904,0,0.5006631414700805
1,008910,0,0.5015307592752337
1,008912,0,0.5006939641163157
1,008915,0,0.500711800401825
1,008918,0,0.5010070934811685
1,008927,0,0.5001910175788123
1,008928,0,0.5006818755739509
1,008930,0,0.5038849372111677
1,008939,0,0.5009431879148822
1,008941,0,0.501266965193954
1,008942,0,0.504830704890624
1,008950,0,0.5003236801178673
1,008951,0,0.502988937216416
1,008964,0,0.51393311877477
1,008966,0,0.5019311734351011
1,008968,0,0.5001433681783647
1,008969,0,0.5010072195430204
1,008976,0,0.5038822256159563
1,008979,0,0.5004650116487429
1,008990,0,0.5000995835879981
1,008991,0,0.5067565829945214
1,008992,0,0.5019752864862019
1,008993,0,0.5004519943967762
1,008994,0,0.500409089857199
1,008997,0,0.5015768111600702
1,009006,0,0.5003554241270262
1,009012,0,0.5014946470614856
1,009024,0,0.5014711601058192
1,009026,0,0.5008602581986326
1,009030,0,0.5005378303064815
1,009040,0,0.5011583953021543
1,009041,0,0.5000305842052744
1,009045,0,0.5002721403815354
1,009049,0,0.5004040806037485
1,009054,0,0.5002629741986051
1,009055,0,0.5017232176162945
1,009057,0,0.5031232631730929
1,009066,0,0.5023005108659967
1,009073,0,0.5017507900348905
1,009077,0,0.502487333251743
1,009084,0,0.5000496914399079
1,009089,0,0.5000559981495003
1,009103,0,0.5033378796118376
1,009105,0,0.5003382080086459
1,009123,0,0.5035675689987786
1,009127,0,0.5000892057210573
1,009130,0,0.500362298629804
1,009138,0,0.5009704465476273
1,009140,0,0.5020319271928384
1,009143,0,0.5009343580881546
1,009145,0,0.5003745260022746
1,009147,0,0.500467306826374
1,009149,0,0.5004770632964889
1,009154,0,0.5007757705454468
1,009160,0,0.5006665329266544
1,009166,0,0.5075644625232032
1,009168,0,0.5015560680203183
1,009176,0,0.5026289005754623
1,009178,0,0.5001307425531314
1,009190,0,0.5002809277874942
1,009196,0,0.5014671381819893
1,009197,0,0.5007378767133599
1,009200,0,0.5003432528561785
1,009211,0,0.5005446347941914
1,009213,0,0.5022105156763679
1,009214,0,0.5000728303825194
1,009217,0,0.5014694295317416
1,009220,0,0.5041534365611239
1,009222,0,0.5002368876645689
1,009223,0,0.5018061227660734
1,009224,0,0.5020929927127192
1,009229,0,0.5005377626123326
1,009230,0,0.5086505319835312
1,009241,0,0.5035157619892737
1,009247,0,0.5053450677260309
1,009254,0,0.500186712549404
1,009264,0,0.5003922304311439
1,009277,0,0.5006351295254892
1,009287,0,0.5005791087071921
1,009322,0,0.5018779452957276
1,009331,0,0.5001088789770401
1,009333,0,0.5001222921259759
1,009335,0,0.5003550268390804
1,009338,0,0.5003070678967535
1,009340,0,0.5047179988564873
1,009359,0,0.5027789777003066
1,009368,0,0.5022231058976337
1,009375,0,0.5021217020401618
1,009376,0,0.500855370962727
1,009380,0,0.5009308226610736
1,009381,0,0.5145067415528173
1,009394,0,0.5008209423572569
1,009404,0,0.5011839517261255
1,009407,0,0.500400490563848
1,009409,0,0.500061222242395
1,009419,0,0.5012665103156473
1,009423,0,0.5013101417340675
1,009424,0,0.5001554558188942
1,009427,0,0.5001289204947265
1,009438,0,0.5001205352940561
1,009447,0,0.5002092775795703
1,009459,0,0.5031409218424008
1,009462,0,0.5019817052637054
1,009473,0,0.5025410832903248
1,009481,0,0.5005517425073982
1,009485,0,0.5083739606653406
1,009488,0,0.5006082711812624
1,009494,0,0.5012390528269837
1,009504,0,0.5000768826166297
1,009506,0,0.5005594750813108
1,009513,0,0.5006391468813514
1,009529,0,0.5037426740739808
1,009534,0,0.502437645164275
1,009537,0,0.5018994118553081
1,009541,0,0.5004068280060477
1,009542,0,0.5006469859473631
1,009555,0,0.5005586999058175
1,009565,0,0.5002873908061692
1,009567,0,0.503044980700732
1,009573,0,0.5009325518034319
1,009575,0,0.5009292921579618
1,009579,0,0.5007603478495435
1,009586,0,0.5001994608971488
1,009597,0,0.5003771133361465
1,009610,0,0.5002421134861187
1,009613,0,0.5000866807794988
1,009616,0,0.5005558231575011
1,009620,0,0.5050218139381977
1,009621,0,0.5003949562460878
1,009623,0,0.5002903566972288
1,009626,0,0.5001628555498339
1,009627,0,0.5006726076475684
1,009628,0,0.5010255334800339
1,009638,0,0.5005486442173492
1,009640,0,0.5007261874965383
1,009646,0,0.5005369385870904
1,009652,0,0.5002056548924418
1,009657,0,0.5010540540405524
1,009661,0,0.5006527441609633
1,009663,0,0.5000816744915502
1,009666,0,0.500976536758
1,009667,0,0.5009250580049328
1,009668,0,0.5015240799832683
1,009674,0,0.5002830944746824
1,009685,0,0.5150597462612044
1,009687,0,0.5003357197506709
1,009692,0,0.5000263001558658
1,009694,0,0.5023916012048139
1,009708,0,0.5017424877742045
1,009709,0,0.501352050136497
1,009711,0,0.5009887852108289
1,009715,0,0.5033613653897785
1,009717,0,0.5210396995661631
1,009723,0,0.5004819695510487
1,009746,0,0.5007361288112249
1,009749,0,0.5008610026664352
1,009753,0,0.5012153268439475
1,009759,0,0.5006339335996822
1,009760,0,0.5002395897433453
1,009766,0,0.500708796742859
1,009777,0,0.5005338252342914
1,009780,0,0.5005413676745789
1,009781,0,0.5001682294425698
1,009786,0,0.5007043768073112
1,009794,0,0.5002004148726154
1,009800,0,0.5001463929647013
1,009801,0,0.500070910591878
1,009802,0,0.5000928225335031
1,009809,0,0.5021953737926285
1,009815,0,0.5011309064847097
1,009816,0,0.5002525682473815
1,009829,0,0.5019479367390979
1,009837,0,0.5014366657391794
1,009839,0,0.5002247043853426
1,009848,0,0.5008441375973782
1,009857,0,0.5012134495552599
1,009858,0,0.5003687046000269
1,009869,0,0.5002325965908231
1,009877,0,0.5003773121997547
1,009878,0,0.5013052744968902
1,009883,0,0.500821381640634
1,009887,0,0.5011793720332207
1,009898,0,0.5002255319628781
1,009900,0,0.5013091081710259
1,009902,0,0.5027333564139297
1,009903,0,0.5004607302344964
1,009906,0,0.5001552236562661
1,009914,0,0.5005042084549132
1,009915,0,0.5003997103752018
1,009920,0,0.5011986637852032
1,009928,0,0.5016747356362402
1,009930,0,0.5031214460635773
1,009931,0,0.501409514081956
1,009933,0,0.5001262218059201
1,009934,0,0.5005806670311389
1,009938,0,0.5001251963645624
1,009941,0,0.500234963846206
1,009942,0,0.5002510452623673
1,009963,0,0.5009146031394468
1,009964,0,0.5113415263180666
1,009976,0,0.5003740936933605
1,009977,0,0.5080132270243449
1,009979,0,0.5003109558926744
1,009980,0,0.5001025759213164
1,009981,0,0.500542273892982
1,009986,0,0.5039980277197786
1,009987,0,0.5057182447868951
1,009988,0,0.5029244195016471
1,009991,0,0.5143182790599814
1,009993,0,0.5006818343251348
1,009997,0,0.5019850169279866
1,009999,0,0.5003829351011588
1,010015,0,0.5011614652274323
1,010018,0,0.500043147449913
1,010025,0,0.5002561509809671
1,010027,0,0.5001912522621285
1,010034,0,0.5003332413005361
1,010044,0,0.5003272944523798
1,010049,0,0.500835765899546
1,010054,0,0.5009000575393688
1,010059,0,0.5060604322671123
1,010062,0,0.5031022439305093
1,010063,0,0.5059247711434627
1,010066,0,0.5004755383697944
1,010067,0,0.5003008786834279
1,010070,0,0.5001445380950476
1,010076,0,0.5106665593535388
1,010097,0,0.5024103829580149
1,010098,0,0.508109783171437
1,010101,0,0.5038674767865354
1,010102,0,0.5023850989180171
1,010103,0,0.5019272921685417
1,010108,0,0.5085408379580922
1,010110,0,0.5001908390584392
1,010111,0,0.500269863361023
1,010114,0,0.5004988699866746
1,010115,0,0.5002464683145392
1,010129,0,0.5001296980351223
1,010130,0,0.5008868041114806
1,010131,0,0.5002315230647709
1,010140,0,0.5086403340271112
1,010144,0,0.500060197872184
1,010145,0,0.5004547763719699
1,010155,0,0.5121695653512565
1,010156,0,0.5060487199584727
1,010157,0,0.5005321503632515
1,010162,0,0.5006182036945196
1,010164,0,0.5004971569350648
1,010165,0,0.5012324660917337
1,010166,0,0.5134663682986111
1,010167,0,0.5007578608600558
1,010168,0,0.5000484339826174
1,010169,0,0.5021224671247808
1,010170,0,0.5011633128087676
1,010172,0,0.5057429296897098
1,010174,0,0.500105179168855
1,010177,0,0.5002210104912646
1,010178,0,0.5011067965590214
1,010197,0,0.5258367430165624
1,010200,0,0.5001053926245479
1,010201,0,0.5008627462293307
1,010208,0,0.5006655886477799
1,010209,0,0.5002683380943476
1,010211,0,0.5000755805691193
1,010212,0,0.5002050552143682
1,010216,0,0.5019833978532876
1,010227,0,0.5008619767152096
1,010228,0,0.5001977245325326
1,010232,0,0.5029921706869152
1,010234,0,0.5001974103658718
1,010235,0,0.5004002560729556
1,010238,0,0.5004097664486968
1,010251,0,0.5021899056184032
1,010255,0,0.5011037767148262
1,010256,0,0.5008820333661833
1,010257,0,0.5012219445375757
1,010260,0,0.5016406399359974
1,010268,0,0.5002259379848415
1,010269,0,0.5006689865060756
1,010270,0,0.5034570198754157
1,010271,0,0.500197039346214
1,010276,0,0.5007356109587037
1,010286,0,0.5001029468578805
1,010287,0,0.5005878193658297
1,010290,0,0.5003270731901646
1,010298,0,0.5003809205805839
1,010307,0,0.5006065862461684
1,010310,0,0.5003385178967246
1,010322,0,0.5069715667766094
1,010324,0,0.5002374008172685
1,010331,0,0.5024758631985977
1,010333,0,0.5007874691702799
1,010335,0,0.5015407716508221
1,010338,0,0.5001025184018544
1,010376,0,0.5032761068982798
1,010378,0,0.5004507214981767
1,010380,0,0.5003043820030304
1,010381,0,0.5009836168748507
1,010388,0,0.501743768759004
1,010392,0,0.5003883016872126
1,010398,0,0.5005707173431705
1,010400,0,0.5002768256138261
1,010409,0,0.5029420133661525
1,010410,0,0.5008194648860854
1,010420,0,0.5001175558040656
1,010427,0,0.5009075013528619
1,010430,0,0.500158019803429
1,010431,0,0.5004282817937765
1,010436,0,0.5024680908086231
1,010448,0,0.5005459557650416
1,010455,0,0.5004727368969125
1,010463,0,0.5018745389712409
1,010480,0,0.5008497951522936
1,010481,0,0.5008728696811977
1,010494,0,0.5001724870503383
1,010495,0,0.5000945507273477
1,010500,0,0.5005785980543114
1,010513,0,0.5003146852367273
1,010518,0,0.500212986631877
1,010520,0,0.5053236299382925
1,010533,0,0.502930443580496
1,010534,0,0.5028317144901502
1,010537,0,0.5002389585095022
1,010538,0,0.5002253451670392
1,010541,0,0.5001050427986055
1,010543,0,0.5073911495349844
1,010544,0,0.5015179472389077
1,010554,0,0.5004184413768493
1,010556,0,0.5003207313410105
1,010569,0,0.5008674408853825
1,010571,0,0.5001195694133521
1,010572,0,0.5079242455972984
1,010573,0,0.500106915940983
1,010590,0,0.5004080854759468
1,010598,0,0.5012626031339856
1,010603,0,0.5013457635424907
1,010609,0,0.5005082962387831
1,010610,0,0.500885714208985
1,010612,0,0.5000966228547541
1,010618,0,0.5126522304371347
1,010629,0,0.5000441427392743
1,010633,0,0.5087323635099539
1,010634,0,0.5003656955862225
1,010637,0,0.5007701008756263
1,010649,0,0.5009192156499366
1,010660,0,0.5037016107464635
1,010663,0,0.500077554525563
1,010669,0,0.5011422112426872
1,010673,0,0.501423093416904
1,010676,0,0.5021991583395349
1,010684,0,0.5001657967077927
1,010687,0,0.5011911860780595
1,010689,0,0.5001765327298869
1,010691,0,0.5002701255738863
1,010700,0,0.5006111805170003
1,010704,0,0.5011307748378263
1,010711,0,0.5009400704429787
1,010712,0,0.5019656264964897
1,010715,0,0.5005141016453615
1,010725,0,0.5000250883540474
1,010731,0,0.5010851440598951
1,010735,0,0.5007461352685237
1,010742,0,0.5001109353088394
1,010745,0,0.5009252733194282
1,010749,0,0.5030067231984776
1,010753,0,0.5013192570529287
1,010758,0,0.5005290259261203
1,010762,0,0.5014179703951338
1,010774,0,0.5033701722731502
1,010778,0,0.5003577187566169
1,010780,0,0.5002262574813798
1,010788,0,0.5000952828648093
1,010794,0,0.5002354902397245
1,010806,0,0.5018758018664068
1,010807,0,0.5000303101465422
1,010808,0,0.5030128656159601
1,010818,0,0.5021035265416852
1,010819,0,0.5069731958382073
1,010830,0,0.5010919267413304
1,010833,0,0.5007652354800264
1,010835,0,0.5002892001802185
1,010839,0,0.5001382643294383
1,010845,0,0.5010086850532173
1,010850,0,0.5005743396665775
1,010854,0,0.5003450171271178
1,010856,0,0.5008179842655741
1,010857,0,0.5004383067371181
1,010858,0,0.51205896836528
1,010859,0,0.5001949276407348
1,010860,0,0.5015755197592813
1,010861,0,0.5035597991255598
1,010878,0,0.500456995614281
1,010887,0,0.5013113673673779
1,010892,0,0.5081695991894944
1,010893,0,0.5002782662677917
1,010898,0,0.5023524969801549
1,010903,0,0.5008771171292642
1,010904,0,0.5003667224926724
1,010906,0,0.5052554115339475
1,010909,0,0.5001648411321551
1,010916,0,0.5002504171322478
1,010926,0,0.5011108186395415
1,010934,0,0.5001714906442323
1,010940,0,0.5003108153344753
1,010948,0,0.5006524761303277
1,010949,0,0.5012644071344091
1,010951,0,0.50210880836409
1,010966,0,0.5003623251367187
1,010971,0,0.5007450896279037
1,010981,0,0.5003703585506917
1,010984,0,0.5039553479925304
1,010998,0,0.5005223103134756
1,011012,0,0.5001438441046822
1,011015,0,0.5047882884449916
1,011017,0,0.5017789052672578
1,011032,0,0.5101450556227163
1,011034,0,0.5037048142343887
1,011035,0,0.500054332585861
1,011041,0,0.5008628484774752
1,011043,0,0.5007743100155506
1,011044,0,0.5012696467345257
1,011056,0,0.5002327843053886
1,011061,0,0.5013159924583201
1,011074,0,0.5000558466948398
1,011081,0,0.5008981903137905
1,011085,0,0.500312350117554
1,011086,0,0.5002601880548854
1,011091,0,0.5004148547125891
1,011095,0,0.5000566490792095
1,011102,0,0.503319510884607
1,011116,0,0.5009809337883007
1,011117,0,0.5010538841795598
1,011118,0,0.5000858543695149
1,011119,0,0.5022782895849663
1,011123,0,0.5014424905280542
1,011126,0,0.5004297738588174
1,011127,0,0.5020093396579861
1,011140,0,0.5002182295615192
1,011154,0,0.500785895586692
1,011155,0,0.500173279060898
1,011168,0,0.5003275604256436
1,011169,0,0.5003270253792854
1,011170,0,0.5023792938981111
1,011175,0,0.5101625572696256
1,011177,0,0.500811118806282
1,011180,0,0.5003161749007199
1,011191,0,0.5008911763303857
1,011192,0,0.5001304580967255
1,011195,0,0.5004985645450185
1,011196,0,0.5024781476896808
1,011199,0,0.5002998876246703
1,011200,0,0.5001367063790259
1,011204,0,0.5006562944861506
1,011205,0,0.5013212211115664
1,011208,0,0.5179842075397996
1,011214,0,0.5011611533305552
1,011216,0,0.5030866291459175
1,011218,0,0.5016720950582058
1,011222,0,0.5013685758078045
1,011234,0,0.5004288533747187
1,011242,0,0.5039509233663992
1,011252,0,0.5000474079730634
1,011253,0,0.5002135375092892
1,011254,0,0.500501046095332
1,011263,0,0.5150071900288469
1,011270,0,0.5003367559194186
1,011286,0,0.5004774352022117
1,011298,0,0.5045208191688986
1,011300,0,0.5019521863969361
1,011322,0,0.5005985323828311
1,011333,0,0.5003901629893933
1,011344,0,0.5017354598507932
1,011345,0,0.500451769717174
1,011361,0,0.50175199791102
1,011367,0,0.5006902214739462
1,011371,0,0.500752782843872
1,011377,0,0.5000302005749042
1,011384,0,0.5003311586333835
1,011387,0,0.5004937627157494
1,011403,0,0.5000432847426238
1,011406,0,0.5030880468753378
1,011408,0,0.5005015410573105
1,011415,0,0.500260354251426
1,011419,0,0.5019176132079751
1,011420,0,0.5008438585552115
1,011421,0,0.5002258589913556
1,011425,0,0.5185342336580853
1,011426,0,0.5022098184713866
1,011437,0,0.5025220941994448
1,011443,0,0.5006460305274202
1,011445,0,0.5025813810186992
1,011447,0,0.500163840160837
1,011452,0,0.5007740031557173
1,011454,0,0.5013374256104093
1,011459,0,0.5026883156305876
1,011462,0,0.5002410075626894
1,011467,0,0.5020918622259076
1,011474,0,0.5061413588449404
1,011479,0,0.5007226461856331
1,011482,0,0.5019172075699676
1,011488,0,0.509222874140908
1,011491,0,0.5010696637413257
1,011496,0,0.5003813354923418
1,011498,0,0.5028886358620007
1,011499,0,0.5016095838476229
1,011505,0,0.5006385870435268
1,011511,0,0.5027265052223925
1,011518,0,0.5011672116937382
1,011524,0,0.5001431499704372
1,011525,0,0.5038393419678436
1,011528,0,0.5012362388997879
1,011533,0,0.5000882340222812
1,011542,0,0.5001951388501118
1,011553,0,0.5003677021181617
1,011559,0,0.5001758065794926
1,011567,0,0.5008824530495716
1,011568,0,0.5003586390558281
1,011584,0,0.500427040483122
1,011585,0,0.502632857839524
1,011589,0,0.5000793646221803
1,011593,0,0.5001094050117627
1,011604,0,0.5002195023880216
1,011609,0,0.5003307987604768
1,011616,0,0.5004019886163575
1,011620,0,0.500916113857809
1,011624,0,0.5007068870624218
1,011625,0,0.5013251549747452
1,011630,0,0.5007086938088178
1,011633,0,0.5002928491977093
1,011635,0,0.5000976273560229
1,011650,0,0.5007829945875758
1,011653,0,0.5004078817208246
1,011658,0,0.5149274444765579
1,011667,0,0.5159546368050137
1,011672,0,0.5081252019673681
1,011676,0,0.500493300169002
1,011681,0,0.5001673812470059
1,011683,0,0.5002821125950724
1,011689,0,0.5006509135430739
1,011701,0,0.5002477637109927
1,011704,0,0.5006615148461181
1,011709,0,0.5001846043586257
1,011713,0,0.5002309691516347
1,011714,0,0.5005994105699006
1,011722,0,0.5019938101428011
1,011739,0,0.500152266451716
1,011751,0,0.5016067487908124
1,011754,0,0.5006274259275834
1,011759,0,0.5006859086791251
1,011763,0,0.5005812174347108
1,011779,0,0.5068312416173946
1,011780,0,0.5002956667552035
1,011784,0,0.5007589023788303
1,011788,0,0.5010167437899165
1,011798,0,0.5001908469401172
1,011800,0,0.5002673004936941
1,011807,0,0.5003616463471331
1,011809,0,0.5019274126084434
1,011810,0,0.5014204048065417
1,011811,0,0.5004463745958786
1,011827,0,0.5004473247836231
1,011828,0,0.5003982968349938
1,011830,0,0.5005096581535735
1,011835,0,0.5008315127742996
1,011840,0,0.5179109791580165
1,011852,0,0.5017193484087551
1,011861,0,0.5139649110041712
1,011877,0,0.5000947966853573
1,011893,0,0.5003047235252832
1,011894,0,0.5006885813311313
1,011897,0,0.5031783156465447
1,011903,0,0.5000332546978267
1,011904,0,0.5000895832596701
1,011912,0,0.5011606205372617
1,011914,0,0.5011631181040314
1,011918,0,0.5000376615874821
1,011923,0,0.5004782615658206
1,011933,0,0.5010357485089285
1,011940,0,0.5013031732976523
1,011948,0,0.5005372693469412
1,011960,0,0.502689969300158
1,011966,0,0.5006213197864244
1,011972,0,0.5004362635061173
1,011973,0,0.5007372082278542
1,011982,0,0.5002089254892296
1,011983,0,0.5011432583202394
1,011990,0,0.500217215903815
2,000070,1,0.5012541565602361
2,000123,1,0.5007054086917089
2,000298,1,0.5024012656962298
2,000752,1,0.5202094762325659
2,001015,1,0.500327378237002
2,001158,1,0.5010328900114912
2,001350,1,0.5093677912829917
2,001715,1,0.5004954769617128
2,001750,1,0.5007964149635957
2,001874,1,0.5004971074629412
2,002046,1,0.500393987838325
2,002159,1,0.5008927912128137
2,002169,1,0.5004267890229165
2,002337,1,0.5002617886360701
2,003077,1,0.5001939890532273
2,003530,1,0.502846523955819
2,003582,1,0.5001219095732924
2,003959,1,0.5004547882621142
2,003974,1,0.5006656640597594
2,004600,1,0.502120525115072
2,004812,1,0.500120735855357
2,004823,1,0.5032912009021376
2,004890,1,0.5009520248212481
2,005171,1,0.5006804349079771
2,005446,1,0.5010612045458976
2,005806,1,0.5005883997489428
2,006569,1,0.5003154486103246
2,006778,1,0.5012521491918451
2,006796,1,0.5000958450659869
2,007093,1,0.5001401686308148
2,007218,1,0.5217579559573278
2,007636,1,0.5003287086840197
2,007891,1,0.5003949433734476
2,008683,1,0.5042282428628266
2,009007,1,0.5001184857458587
2,009128,1,0.5059448187070762
2,009198,1,0.5022052414801891
2,009362,1,0.5016821649854802
2,009970,1,0.5003699878864348
2,009982,1,0.5134922879457007
2,010052,1,0.5011822576127637
2,010213,1,0.5005486532172246
2,010306,1,0.5003434839787594
2,010369,1,0.5035295580745737
2,010397,1,0.5006289384698489
2,011257,1,0.5001614609532848
2,011691,1,0.5010091481534832
2,011870,1,0.5075545523390439
2,000000,0,0.506580040194573
2,000011,0,0.5024267257327049
2,000014,0,0.5010067095391206
2,000017,0,0.5023719254225251
2,000018,0,0.5007800486236617
2,000019,0,0.5005170756049596
2,000038,0,0.5002670212079496
2,000039,0,0.501817395386296
2,000041,0,0.5007934624805661
2,000042,0,0.5002658232503339
2,000045,0,0.5000512644912939
2,000050,0,0.5002123071296005
2,000051,0,0.5017233231286155
2,000052,0,0.5020557373196666
2,000054,0,0.5001386607843583
2,000066,0,0.5003888939519198
2,000075,0,0.5017095280742476
2,000077,0,0.5005098719544279
2,000084,0,0.5002356721881905
2,000092,0,0.5130166147377383
2,000094,0,0.5161870175799862
2,000110,0,0.5002427448140097
2,000118,0,0.5002030322516986
2,000131,0,0.5010546034284415
2,000143,0,0.5009390878235676
2,000145,0,0.5015709702865382
2,000147,0,0.5008195851696944
2,000155,0,0.5012144872537292
2,000159,0,0.5000916821744658
2,000160,0,0.5012512290071623
2,000161,0,0.5053895423599851
2,000162,0,0.5003164280600677
2,000167,0,0.500480072202169
2,000169,0,0.5001764094882363
2,000171,0,0.5002195390353125
2,000172,0,0.5035812008364208
2,000181,0,0.5003436489786615
2,000186,0,0.5001999209849955
2,000189,0,0.5009378526870052
2,000190,0,0.5004842418835382
2,000199,0,0.5039250643038269
2,000205,0,0.5020979390195544
2,000207,0,0.5016709595403047
2,000212,0,0.5012386197530339
2,000214,0,0.5004609355459196
2,000218,0,0.5004357787033427
2,000222,0,0.5005110825826852
2,000223,0,0.5073231141068439
2,000224,0,0.5002465161125956
2,000226,0,0.5007147525858908
2,000227,0,0.5000987888483591
2,000229,0,0.5006210194111528
2,000233,0,0.5003183523110405
2,000239,0,0.500331093897233
2,000240,0,0.5005961807850885
2,000243,0,0.5002243645735586
2,000248,0,0.5002789192515116
2,000254,0,0.5001541150661852
2,000257,0,0.5013277458954415
2,000259,0,0.5002014502900801
2,000263,0,0.5006512879409274
2,000273,0,0.5001476761009129
2,000276,0,0.5013938880613581
2,000286,0,0.5004408160822175
2,000294,0,0.5015301428643747
2,000297,0,0.5062725487174841
2,000314,0,0.5001101262528358
2,000317,0,0.5001687675628698
2,000318,0,0.5000649824849501
2,000327,0,0.500769724290783
2,000331,0,0.5002788344843261
2,000332,0,0.50105973889036
2,000333,0,0.5001346411080596
2,000340,0,0.5002193796800432
2,000350,0,0.5003225599819456
2,000351,0,0.5004991149546886
2,000358,0,0.5012557532894274
2,000360,0,0.5033159329284264
2,000363,0,0.50174945280213
2,000365,0,0.5002228444676537
2,000372,0,0.5004212067845905
2,000374,0,0.5044923795964162
2,000380,0,0.5001638166208093
2,000390,0,0.5001940851154576
2,000395,0,0.5002728009951992
2,000396,0,0.500121264010543
2,000397,0,0.5008837126991714
2,000398,0,0.5112030708972827
2,000399,0,0.5011326262445263
2,000407,0,0.5010774655850992
2,000409,0,0.5001900967273444
2,000425,0,0.5000960659400783
2,000428,0,0.5149059628545386
2,000446,0,0.5003225898455028
2,000461,0,0.5000333595849699
2,000487,0,0.500043443701955
2,000488,0,0.501995093504882
2,000491,0,0.5092450800219135
2,000496,0,0.5001506698058472
2,000497,0,0.5004351693925209
2,000498,0,0.5023748155147268
2,000500,0,0.5009866567271816
2,000501,0,0.500586872953592
2,000502,0,0.5007071992040103
2,000506,0,0.5010810489777535
2,000514,0,0.5002025840486801
2,000517,0,0.5014071141950343
2,000522,0,0.5002051597531579
2,000532,0,0.5000349365333849
2,000533,0,0.5006733182006229
2,000542,0,0.5001537517452533
2,000544,0,0.5017686887190558
2,000553,0,0.5005038521018595
2,000560,0,0.5004183557996758
2,000561,0,0.5004683907333504
2,000565,0,0.5001820414074214
2,000570,0,0.5005892522070788
2,000572,0,0.5084095589945914
2,000576,0,0.5002172944570246
2,000581,0,0.5020700852074963
2,000585,0,0.5011635642446313
2,000586,0,0.502329506027688
2,000590,0,0.5022801851768436
2,000597,0,0.5017536740370219
2,000602,0,0.5032915062889732
2,000607,0,0.5016296016115647
2,000616,0,0.500312654349
2,000630,0,0.5006329538289482
2,000634,0,0.5131905495783236
2,000645,0,0.5002785801148504
2,000655,0,0.50147641691005
2,000664,0,0.5005213605012926
2,000668,0,0.5012847323037846
2,000671,0,0.5013697038228714
2,000677,0,0.5092220643455454
2,000684,0,0.5003983455379201
2,000685,0,0.5003288073906274
2,000692,0,0.5016805988462338
2,000707,0,0.5023164700735843
2,000710,0,0.5034733881173489
2,000714,0,0.501367982652476
2,000719,0,0.5004700812586946
2,000720,0,0.5003007768328411
2,000724,0,0.5012333854439363
2,000730,0,0.5007069463062641
2,000742,0,0.5002986183501336
2,000746,0,0.5006526958243593
2,000758,0,0.5010572829361966
2,000761,0,0.501221228403784
2,000769,0,0.5019722207981151
2,000771,0,0.5005314432082885
2,000776,0,0.5003914689066588
2,000777,0,0.5003920184652235
2,000783,0,0.5017145159238521
2,000787,0,0.5014499130954826
2,000788,0,0.5003804686145925
2,000792,0,0.503786923218714
2,000801,0,0.5011359477547693
2,000805,0,0.5002894404633925
2,000810,0,0.5000121857165756
2,000825,0,0.5007615450841622
2,000828,0,0.500074029532853
2,000832,0,0.5017127663690365
2,000846,0,0.5026556921261045
2,000853,0,0.5010381726072072
2,000860,0,0.5000719792029416
2,000865,0,0.5049359729147055
2,000871,0,0.5003190848159976
2,000881,0,0.50169726109626
2,000882,0,0.5040734743440399
2,000884,0,0.5033906306395527
2,000887,0,0.5022927044720705
2,000888,0,0.5014013575244608
2,000889,0,0.5002765303946286
2,000891,0,0.5011844724198807
2,000895,0,0.5093147796093307
2,000902,0,0.5001358967251923
2,000910,0,0.5006787125034743
2,000913,0,0.5001155020412568
2,000918,0,0.5023349906905097
2,000922,0,0.5016954008228814
2,000932,0,0.5002910372459246
2,000933,0,0.5002349798855396
2,000938,0,0.5002617388694092
2,000941,0,0.501246466030356
2,000949,0,0.5001539531124592
2,000950,0,0.5001392233129981
2,000956,0,0.5008429820597575
2,000957,0,0.5003727167126134
2,000965,0,0.5006401438882124
2,000966,0,0.5009001285693446
2,000967,0,0.5018398157158906
2,000968,0,0.5000868045649715
2,000977,0,0.5001907788788689
2,000979,0,0.5001133923866081
2,000988,0,0.5006944174073907
2,000990,0,0.5012601166828697
2,000992,0,0.5005393127874306
2,000993,0,0.501080329292517
2,000994,0,0.5051520781434022
2,001004,0,0.5015309053260791
2,001007,0,0.512140447758143
2,001020,0,0.5002095825351405
2,001025,0,0.5070680243003116
2,001026,0,0.5007306782741366
2,001047,0,0.5006912518270372
2,001052,0,0.5019533220971408
2,001056,0,0.5008570838280494
2,001062,0,0.5027957746046626
2,001063,0,0.5010622077548209
2,001065,0,0.5010635067409714
2,001066,0,0.5003769652608295
2,001083,0,0.5013916980344987
2,001093,0,0.5021341444603364
2,001097,0,0.5004221636276658
2,001100,0,0.5010782793278584
2,001101,0,0.5006436263564826
2,001102,0,0.5011398702951504
2,001103,0,0.502210343916484
2,001108,0,0.5016216463933713
2,001110,0,0.5008311282295597
2,001112,0,0.5002986286598311
2,001113,0,0.5005711203680129
2,001120,0,0.5000926756881986
2,001127,0,0.5037653704210369
2,001135,0,0.50158210321469
2,001138,0,0.5004711029277865
2,001146,0,0.5027979695998108
2,001147,0,0.5006060504174926
2,001155,0,0.5023813538628228
2,001159,0,0.5013089136571401
2,001161,0,0.5002977192670635
2,001162,0,0.5006079800764742
2,001164,0,0.502407869309625
2,001165,0,0.5000992219319453
2,001168,0,0.5002508085415162
2,001172,0,0.5011197013708896
2,001173,0,0.5027898608398389
2,001175,0,0.5004435310227459
2,001177,0,0.500780621778274
2,001186,0,0.5009504173796941
2,001188,0,0.5089747671137229
2,001192,0,0.5003275295463537
2,001194,0,0.500358666524895
2,001195,0,0.5001568539245252
2,001197,0,0.5007259592931819
2,001199,0,0.5031298730224566
2,001207,0,0.5003389579095525
2,001215,0,0.5037501120151139
2,001219,0,0.5006896647140305
2,001220,0,0.500383298282154
2,001230,0,0.5012356199292523
2,001242,0,0.502464061827722
2,001243,0,0.5005626523990006
2,001246,0,0.5020965384404144
2,001248,0,0.5008572357762642
2,001256,0,0.5009135995470624
2,001258,0,0.5001799686017178
2,001262,0,0.5006823212943642
2,001272,0,0.5011777856565762
2,001273,0,0.5009322726165836
2,001276,0,0.5005192754858715
2,001280,0,0.5002978492297981
2,001284,0,0.5062464065583734
2,001286,0,0.5003298001889855
2,001287,0,0.5007077632646186
2,001292,0,0.5042193573006316
2,001294,0,0.500244112812575
2,001296,0,0.502244569545928
2,001303,0,0.5022149579619594
2,001305,0,0.5003997401514642
2,001307,0,0.5021278767477353
2,001328,0,0.5002651883861716
2,001342,0,0.5000552342878326
2,001345,0,0.500377819386188
2,001346,0,0.5000980015524029
2,001351,0,0.5002657740490352
2,001355,0,0.5006255226362852
2,001357,0,0.501410237970408
2,001367,0,0.5003225345948822
2,001369,0,0.5015322528096956
2,001372,0,0.5004100910469303
2,001378,0,0.5005922604037317
2,001389,0,0.5001752337775908
2,001392,0,0.5000757657596198
2,001397,0,0.5053721590415117
2,001400,0,0.5046288303582862
2,001401,0,0.5014074774269888
2,001405,0,0.5012227819461178
2,001406,0,0.5022949767627692
2,001410,0,0.5000523237012859
2,001411,0,0.5003899491642801
2,001422,0,0.5005272333621289
2,001425,0,0.5003818350066848
2,001430,0,0.5012697554413518
2,001432,0,0.5006028326046904
2,001442,0,0.500489382132325
2,001443,0,0.5008835945834356
2,001445,0,0.5001990300926251
2,001447,0,0.5015908052774489
2,001449,0,0.5001823950581533
2,001454,0,0.5001125966058724
2,001457,0,0.5012470510866363
2,001462,0,0.5016219733864822
2,001464,0,0.5006454835209365
2,001470,0,0.500650729700885
2,001474,0,0.500115525113306
2,001476,0,0.5002975303205479
2,001480,0,0.5008657287233946
2,001481,0,0.5006617230358471
2,001482,0,0.5002212082787378
2,001483,0,0.5034973090121979
2,001493,0,0.5004578110348368
2,001500,0,0.5003504417469548
2,001501,0,0.5135666703074935
2,001510,0,0.500449141717297
2,001515,0,0.5004747556852857
2,001520,0,0.5002329885423753
2,001521,0,0.5004496574922325
2,001522,0,0.500657025759654
2,001527,0,0.5015252973235669
2,001528,0,0.5023311040336681
2,001530,0,0.5007232303975667
2,001536,0,0.5006713004682645
2,001544,0,0.5010495685896751
2,001545,0,0.5003700119559088
2,001547,0,0.5004277299015447
2,001548,0,0.5000965096663524
2,001558,0,0.506671619730868
2,001559,0,0.5027345563768675
2,001560,0,0.500174910322455
2,001562,0,0.5001834695414507
2,001563,0,0.5002365604218799
2,001564,0,0.5012357605391248
2,001580,0,0.5146292905313173
2,001583,0,0.5001435520635459
2,001606,0,0.5003765659145213
2,001608,0,0.5002493354709068
2,001622,0,0.5003207356283578
2,001629,0,0.5001414326021649
2,001632,0,0.5010429685997788
2,001634,0,0.50006963418987
2,001641,0,0.5006217877270779
2,001642,0,0.5044195087517153
2,001649,0,0.5001182508699566
2,001675,0,0.5017119734518325
2,001676,0,0.5007533921139614
2,001678,0,0.5000706539538816
2,001681,0,0.5046049030916
2,001684,0,0.5003532446212668
2,001693,0,0.5000720934157744
2,001695,0,0.5003280606404639
2,001711,0,0.5016357214854704
2,001714,0,0.5063007214231775
2,001726,0,0.5010993555671747
2,001730,0,0.5000812837222485
2,001731,0,0.5000382536540421
2,001742,0,0.5011781317974005
2,001754,0,0.5002893680820071
2,001772,0,0.5001060378113407
2,001777,0,0.5002444110190518
2,001782,0,0.5013324800288523
2,001789,0,0.5006455934291756
2,001794,0,0.5000563888074467
2,001797,0,0.5010387377474232
2,001802,0,0.5007742585318022
2,001816,0,0.5003436309075548
2,001823,0,0.5007096688106241
2,001824,0,0.5006552651288899
2,001829,0,0.5003758455051829
2,001847,0,0.5000909622300842
2,001854,0,0.5002881713694507
2,001861,0,0.5011204852462791
2,001863,0,0.5002206724989221
2,001864,0,0.5000869411843145
2,001866,0,0.5008136620092398
2,001871,0,0.5024571322655162
2,001875,0,0.5008937297680714
2,001878,0,0.5022608057276938
2,001880,0,0.5000890617448737
2,001884,0,0.5002110670576851
2,001888,0,0.5000685076914847
2,001893,0,0.5004158451933293
2,001900,0,0.5001114920427375
2,001903,0,0.5027836554519364
2,001918,0,0.5013950621637342
2,001919,0,0.5004524628534518
2,001942,0,0.5008725511583931
2,001955,0,0.500345015559026
2,001960,0,0.5015698870181794
2,001962,0,0.5007562744582226
2,001963,0,0.500263702092572
2,001968,0,0.502594403267011
2,001971,0,0.5001546114056163
2,001974,0,0.5001475914002256
2,001977,0,0.5002610737234142
2,001980,0,0.5013661893701025
2,001983,0,0.5014587117050404
2,001984,0,0.5008875810525357
2,001987,0,0.5007883117081647
2,001992,0,0.5003259341802567
2,001994,0,0.5004077347051107
2,001998,0,0.5001657611262713
2,002005,0,0.5005866595345724
2,002024,0,0.5000367824198186
2,002025,0,0.5003563474611308
2,002032,0,0.5013298709880516
2,002033,0,0.5008926010368198
2,002045,0,0.50110659650465
2,002049,0,0.5005438128917776
2,002059,0,0.5001022141761717
2,002068,0,0.5012768474480442
2,002070,0,0.5101568577822285
2,002074,0,0.5014957100405552
2,002075,0,0.5031687027262751
2,002084,0,0.5002959881513889
2,002086,0,0.5013653662257764
2,002088,0,0.5003538696644854
2,002090,0,0.5000713926085788
2,002095,0,0.5002075275764052
2,002103,0,0.5005489899083906
2,002105,0,0.5004203577054611
2,002115,0,0.5010037901616456
2,002120,0,0.5003175615893318
2,002121,0,0.5004195560482345
2,002122,0,0.5007265235806898
2,002129,0,0.5001606334534736
2,002140,0,0.5000564000573489
2,002149,0,0.5006616704037876
2,002150,0,0.5001089530192896
2,002157,0,0.5002575296009127
2,002163,0,0.5017698970644985
2,002166,0,0.5009362895703986
2,002170,0,0.5006267338643887
2,002171,0,0.5009959840510977
2,002176,0,0.5002069364414173
2,002185,0,0.5000658450494673
2,002193,0,0.5593653259853274
2,002197,0,0.5000657033335549
2,002198,0,0.5007108449088998
2,002205,0,0.5004150399731853
2,002209,0,0.5015866946307527
2,002218,0,0.5056547829254665
2,002219,0,0.5001399512858378
2,002222,0,0.5015293933304117
2,002235,0,0.5015380417674475
2,002243,0,0.5028255067125917
2,002245,0,0.5014309046585896
2,002248,0,0.5002752389600116
2,002253,0,0.5008652893871365
2,002254,0,0.5008547299679774
2,002255,0,0.5009414973580255
2,002261,0,0.5003287448976058
2,002262,0,0.5016067904662758
2,002263,0,0.5024869041448388
2,002264,0,0.5012118500537097
2,002266,0,0.502044078642719
2,002267,0,0.5012513770797297
2,002272,0,0.5108064336359414
2,002274,0,0.5011196099458842
2,002277,0,0.5026197248444224
2,002278,0,0.5024882782409845
2,002283,0,0.5002306407726226
2,002284,0,0.5002811155127018
2,002292,0,0.5003686447248458
2,002301,0,0.5005176297251757
2,002307,0,0.5053069630291944
2,002308,0,0.5027289527601925
2,002310,0,0.5003105646751488
2,002314,0,0.5009539843788173
2,002323,0,0.5012373380273913
2,002324,0,0.5005190559080834
2,002326,0,0.5037280901029915
2,002331,0,0.5003831108877018
2,002352,0,0.5001284681257568
2,002355,0,0.5031259978786832
2,002358,0,0.5000388170257918
2,002374,0,0.5074393506076977
2,002376,0,0.5005916969622103
2,002379,0,0.5005579785216814
2,002388,0,0.5000983338127917
2,002392,0,0.5001638425097816
2,002395,0,0.5001000763873221
2,002396,0,0.5004050367078977
2,002405,0,0.5035396509427795
2,002407,0,0.5007096452711178
2,002410,0,0.5008182108597947
2,002412,0,0.5000893336434582
2,002422,0,0.5000904212416697
2,002432,0,0.5008297740168587
2,002435,0,0.5097186801839042
2,002440,0,0.5003633326710851
2,002448,0,0.5004438755998198
2,002457,0,0.5005116246661144
2,002461,0,0.5021802800446359
2,002464,0,0.5013117406219649
2,002480,0,0.5001127517502005
2,002481,0,0.5012136774059023
2,002482,0,0.5025035520886546
2,002483,0,0.5014644367494332
2,002494,0,0.5003253604685797
2,002509,0,0.5003458776678456
2,002515,0,0.5007982612348219
2,002518,0,0.5057826065027877
2,002519,0,0.5007126886304171
2,002538,0,0.5006445652924412
2,002541,0,0.5010784082059605
2,002545,0,0.5038320189943036
2,002547,0,0.5015848368955352
2,002550,0,0.5013035793003026
2,002555,0,0.5002800784128545
2,002557,0,0.5003504571914333
2,002560,0,0.5036979635415147
2,002583,0,0.5001483299762198
2,002587,0,0.5005382948354902
2,002589,0,0.5001260359767685
2,002597,0,0.5005399604730343
2,002605,0,0.5001417356366402
2,002611,0,0.5006805473628735
2,002613,0,0.5002301308309944
2,002623,0,0.5005819021203443
2,002628,0,0.5002448141855945
2,002633,0,0.5004456820757075
2,002639,0,0.5004721062690253
2,002646,0,0.5070717464601501
2,002665,0,0.5005091669407831
2,002673,0,0.5009505359282201
2,002675,0,0.5000384067284095
2,002685,0,0.5005483070487735
2,002687,0,0.5001872740136634
2,002688,0,0.5020571830119062
2,002689,0,0.5027256063559309
2,002693,0,0.5008311488214356
2,002695,0,0.5006110422823453
2,002697,0,0.5001226824470574
2,002698,0,0.5034108032936339
2,002701,0,0.500716138677451
2,002704,0,0.5006832765218965
2,002712,0,0.5104694961402867
2,002717,0,0.5000805355061695
2,002724,0,0.5004639382678389
2,002732,0,0.5002019204374131
2,002734,0,0.5039684754260313
2,002735,0,0.5035646738578297
2,002744,0,0.501267880031442
2,002748,0,0.5006053571587387
2,002753,0,0.5001836857592385
2,002756,0,0.5006268270745048
2,002758,0,0.5012141398710017
2,002767,0,0.5005056888765383
2,002772,0,0.50170832158692
2,002780,0,0.5004671440337074
2,002781,0,0.5008351104277584
2,002784,0,0.5003586435917728
2,002788,0,0.5007668837880878
2,002793,0,0.5005604173017555
2,002798,0,0.5009826872359548
2,002805,0,0.502589213763365
2,002809,0,0.5002482113566069
2,002810,0,0.5011741650372328
2,002811,0,0.5003800191693581
2,002814,0,0.5027943761369407
2,002819,0,0.5004509985808434
2,002820,0,0.5044245790998546
2,002821,0,0.500390454429091
2,002826,0,0.5010147419343723
2,002827,0,0.5009373477668302
2,002834,0,0.501450147213852
2,002836,0,0.501278853746508
2,002842,0,0.5018520068995252
2,002847,0,0.5012718628097288
2,002848,0,0.5001979368310193
2,002849,0,0.5000748476193293
2,002853,0,0.5001794162951395
2,002860,0,0.5095316863396675
2,002862,0,0.502455813272609
2,002864,0,0.5005901374003756
2,002865,0,0.5009874380601498
2,002872,0,0.5003950987112066
2,002881,0,0.5002942837236757
2,002884,0,0.5008297885903756
2,002895,0,0.5042761331183604
2,002897,0,0.5021384669365055
2,002899,0,0.500357245149716
2,002901,0,0.505069340547417
2,002903,0,0.5008100784427262
2,002905,0,0.5001432790620415
2,002914,0,0.5004184430966903
2,002918,0,0.5007818801796727
2,002923,0,0.5081111685447883
2,002924,0,0.5003740314504316
2,002929,0,0.503090603376289
2,002931,0,0.5001138022156117
2,002932,0,0.5014269324949824
2,002933,0,0.5057218578398425
2,002939,0,0.5010869346918781
2,002947,0,0.5008493643446764
2,002949,0,0.5002769948333311
2,002951,0,0.5012902947670091
2,002963,0,0.5197010952280431
2,002972,0,0.5006822330889935
2,002973,0,0.5114215784422212
2,002974,0,0.5002659935980835
2,002977,0,0.500949643165105
2,002983,0,0.5007159976286413
2,002996,0,0.5001595309851615
2,002997,0,0.5022349859987778
2,003001,0,0.5001389530614031
2,003007,0,0.5002504832817529
2,003011,0,0.5006237293434498
2,003015,0,0.5047929680134355
2,003017,0,0.5018329267233788
2,003027,0,0.5002083984396908
2,003028,0,0.5006162963751674
2,003031,0,0.5000873436226291
2,003032,0,0.5001383367042034
2,003045,0,0.5002712882545142
2,003053,0,0.5000888641680373
2,003054,0,0.5006650403639142
2,003066,0,0.5007197533051739
2,003071,0,0.5006882217701775
2,003086,0,0.501260465452847
2,003088,0,0.5055043428647756
2,003098,0,0.50026355832856
2,003102,0,0.5027120744571069
2,003108,0,0.5007778671790877
2,003113,0,0.5013874889513874
2,003116,0,0.5002546389240623
2,003118,0,0.5007447874680415
2,003127,0,0.5021143444650401
2,003136,0,0.5007479061178023
2,003140,0,0.5038094925441186
2,003156,0,0.5002373651618621
2,003167,0,0.5039229736076938
2,003170,0,0.5032760010326524
2,003173,0,0.5000888483474707
2,003178,0,0.500713237661299
2,003179,0,0.5004804113621285
2,003183,0,0.5013313330482592
2,003197,0,0.5002587881653289
2,003200,0,0.5009815120141621
2,003203,0,0.5005386393733247
2,003207,0,0.5002676812283483
2,003212,0,0.5002082002467323
2,003213,0,0.5004025419281187
2,003227,0,0.50024041425667
2,003235,0,0.5001724460962265
2,003237,0,0.5001823469206895
2,003253,0,0.500222998045058
2,003255,0,0.5005231701626677
2,003258,0,0.501115393121026
2,003259,0,0.5026202711813891
2,003262,0,0.5056988802286352
2,003264,0,0.5001449792075867
2,003267,0,0.5006386133285691
2,003281,0,0.5001766983076155
2,003293,0,0.50007190836672
2,003294,0,0.5019632963512088
2,003298,0,0.5020541185811503
2,003299,0,0.5003316667414912
2,003301,0,0.5001849423038098
2,003306,0,0.500327142880617
2,003309,0,0.5004037545358917
2,003313,0,0.500208675346274
2,003314,0,0.5064217410814246
2,003315,0,0.5004941693704525
2,003316,0,0.500995950298133
2,003320,0,0.5024206453314909
2,003323,0,0.5010616483018804
2,003326,0,0.5005469720110636
2,003333,0,0.5000777834262574
2,003336,0,0.5026214059692435
2,003340,0,0.50129524331185
2,003342,0,0.5002207221354354
2,003344,0,0.5000773479553001
2,003349,0,0.5016314005910049
2,003353,0,0.5006156870628653
2,003355,0,0.5003137398677532
2,003357,0,0.5003854441397358
2,003362,0,0.5002170344488784
2,003368,0,0.5015532138339344
2,003369,0,0.5010162357722343
2,003371,0,0.5006321037993806
2,003376,0,0.500150156589265
2,003378,0,0.5011937117245268
2,003379,0,0.500183901259958
2,003386,0,0.5007508088700108
2,003391,0,0.5012894560599173
2,003392,0,0.5001655698566625
2,003396,0,0.5001113911830223
2,003403,0,0.5007382203052521
2,003404,0,0.500104029518096
2,003406,0,0.5018805286607616
2,003408,0,0.5004670609617076
2,003412,0,0.50082490395827
2,003414,0,0.5005687823140289
2,003419,0,0.5006036338481102
2,003426,0,0.5012387235739516
2,003437,0,0.503459399860813
2,003442,0,0.5021116622685626
2,003452,0,0.5001915425384817
2,003464,0,0.5008940022949999
2,003471,0,0.5000954464689779
2,003473,0,0.5007802310642943
2,003474,0,0.5001473608921747
2,003476,0,0.5006722631599726
2,003478,0,0.5013753925733475
2,003481,0,0.5005104948430581
2,003482,0,0.5002595031672588
2,003491,0,0.5007419833907754
2,003493,0,0.5003115693525322
2,003497,0,0.5003704081558402
2,003500,0,0.5000453436460143
2,003505,0,0.5000417631043012
2,003507,0,0.5005597230105413
2,003515,0,0.5012581306934436
2,003527,0,0.5004772746866648
2,003543,0,0.5002927805171323
2,003549,0,0.5003285275707312
2,003559,0,0.5015734688113317
2,003564,0,0.5001072714807326
2,003565,0,0.5050442374631554
2,003568,0,0.5001190986866832
2,003571,0,0.5020777377330171
2,003572,0,0.5009125612480567
2,003573,0,0.5012940258687665
2,003583,0,0.5005475797025424
2,003595,0,0.50512405830501
2,003596,0,0.504803805769265
2,003598,0,0.5021510907657446
2,003603,0,0.5011258416078611
2,003609,0,0.5002792466009635
2,003624,0,0.5035274257801691
2,003627,0,0.5002810736856201
2,003628,0,0.5007663552636701
2,003635,0,0.5001252009818417
2,003636,0,0.5024086680698848
2,003639,0,0.5001330393597204
2,003641,0,0.5086496481114763
2,003649,0,0.5042074667045402
2,003657,0,0.5002758284112042
2,003660,0,0.501555011507993
2,003676,0,0.5003053674467969
2,003678,0,0.5032388213031659
2,003682,0,0.5022873195710618
2,003688,0,0.500247275875505
2,003689,0,0.5000612863507967
2,003692,0,0.5017247351965486
2,003695,0,0.5011119217832826
2,003698,0,0.5001797012600486
2,003703,0,0.5012358041552267
2,003709,0,0.5024287508917133
2,003713,0,0.5018044722840085
2,003714,0,0.5003043568993316
2,003722,0,0.5083168976672797
2,003734,0,0.5010680204073743
2,003739,0,0.5015226401560186
2,003749,0,0.5013844154999062
2,003751,0,0.5004916602043301
2,003768,0,0.50056264729222
2,003770,0,0.5011025681515737
2,003773,0,0.5003448511196744
2,003786,0,0.5002322149727141
2,003787,0,0.5012778867575691
2,003791,0,0.5006503495217806
2,003794,0,0.5003610392007395
2,003798,0,0.5008141948410931
2,003799,0,0.5005748791896916
2,003800,0,0.5007051025919923
2,003801,0,0.5009640850899181
2,003802,0,0.5001578313566784
2,003804,0,0.5001868596952482
2,003807,0,0.500136028852809
2,003808,0,0.5023005337370438
2,003811,0,0.5011635333871302
2,003812,0,0.500568340425854
2,003813,0,0.5010995541002499
2,003814,0,0.5002314730098331
2,003818,0,0.5002635840403885
2,003821,0,0.5003447916034708
2,003823,0,0.501218558932551
2,003825,0,0.5010935019620152
2,003828,0,0.5002104503727931
2,003832,0,0.5057370750952964
2,003839,0,0.500834317296028
2,003840,0,0.5024820728095831
2,003864,0,0.5019140209459567
2,003865,0,0.5008864765094698
2,003867,0,0.5003233978404636
2,003869,0,0.5007186704336439
2,003873,0,0.5005606289305186
2,003876,0,0.5001834668546119
2,003880,0,0.5011930927656847
2,003892,0,0.5004095386381994
2,003896,0,0.5030387144003163
2,003902,0,0.5012616919871199
2,003905,0,0.5005524921049829
2,003907,0,0.5005292737098959
2,003911,0,0.5006640691594573
2,003912,0,0.5002833320476616
2,003923,0,0.5004889409949559
2,003927,0,0.5004265821089232
2,003929,0,0.5013818512311815
2,003937,0,0.5004913699840059
2,003940,0,0.5017080711623231
2,003942,0,0.5005969405560156
2,003944,0,0.5063214021758868
2,003945,0,0.503485875744771
2,003949,0,0.5001792355379163
2,003966,0,0.5003498052138634
2,003967,0,0.5009493563267016
2,003972,0,0.501457609925529
2,003992,0,0.5004113026509491
2,003994,0,0.5001682859862301
2,004015,0,0.5020698161204492
2,004018,0,0.5003691262964314
2,004022,0,0.5013141150129113
2,004028,0,0.5004932775241063
2,004036,0,0.500311116820944
2,004043,0,0.5001391044122504
2,004049,0,0.5007920693835732
2,004054,0,0.5005953638429149
2,004055,0,0.5008785727647502
2,004065,0,0.5064417750320865
2,004069,0,0.507139137238325
2,004084,0,0.5007338828754291
2,004090,0,0.5013494227374085
2,004091,0,0.5006401401103983
2,004092,0,0.5002504725435685
2,004095,0,0.5188117986200286
2,004099,0,0.5024929655411603
2,004105,0,0.5038075838079269
2,004115,0,0.5003498346113389
2,004127,0,0.5009791863713399
2,004129,0,0.5057739161064074
2,004135,0,0.5001964688575108
2,004142,0,0.5002325283156764
2,004158,0,0.5001903301557219
2,004166,0,0.5002736341126558
2,004169,0,0.5004209937531027
2,004171,0,0.5003307914358293
2,004178,0,0.5004006332080903
2,004185,0,0.5004273855027683
2,004206,0,0.5004086930929986
2,004214,0,0.501010172585093
2,004215,0,0.5002090030876023
2,004216,0,0.5020985311506537
2,004223,0,0.5002206051323372
2,004224,0,0.5007201458012808
2,004244,0,0.5060150413554201
2,004250,0,0.5014271779611863
2,004251,0,0.5003172059780958
2,004270,0,0.5047645731248391
2,004271,0,0.5003930296630461
2,004272,0,0.5072313933909489
2,004276,0,0.5002091836351207
2,004280,0,0.5003113022902657
2,004284,0,0.5016482874772599
2,004288,0,0.5010639038646932
2,004290,0,0.5002450913337374
2,004296,0,0.5039592995129618
2,004297,0,0.5049436645437279
2,004299,0,0.502085802086722
2,004306,0,0.507572311062899
2,004312,0,0.5002399335625344
2,004315,0,0.5052628026704443
2,004329,0,0.5018688642197983
2,004332,0,0.5124947723330546
2,004333,0,0.5001688003452233
2,004336,0,0.5001772651164855
2,004340,0,0.5068121140361843
2,004363,0,0.5007011096977811
2,004364,0,0.5059878921561486
2,004369,0,0.501709383992166
2,004370,0,0.5001068427940059
2,004378,0,0.5001522135202842
2,004380,0,0.5004024554017351
2,004398,0,0.5004108951243802
2,004403,0,0.5001177228140391
2,004409,0,0.5003642370789367
2,004410,0,0.50122943788145
2,004412,0,0.5009173684391389
2,004419,0,0.5014344087066174
2,004428,0,0.500564835976756
2,004433,0,0.50188723046245
2,004435,0,0.5001623017530793
2,004441,0,0.5001064406737236
2,004443,0,0.502942353721117
2,004447,0,0.5011869558474962
2,004449,0,0.5004455429888018
2,004455,0,0.5172303458325296
2,004460,0,0.5000681754201748
2,004468,0,0.5038798269346207
2,004472,0,0.5066546624167547
2,004474,0,0.5003869309640699
2,004485,0,0.5000837079514532
2,004495,0,0.5062501770738159
2,004496,0,0.5008499700757818
2,004498,0,0.5000476997536925
2,004514,0,0.5011811876094132
2,004520,0,0.5001695861561867
2,004521,0,0.5004878950129094
2,004524,0,0.5000668685316051
2,004525,0,0.5001716529320944
2,004527,0,0.5001499760106245
2,004528,0,0.5001799988855344
2,004535,0,0.5003852980640053
2,004537,0,0.5017401034409007
2,004541,0,0.5018952627156908
2,004542,0,0.5003009984769871
2,004545,0,0.5031901290510169
2,004546,0,0.5002565938237328
2,004549,0,0.5024185544295264
2,004552,0,0.5003684769337983
2,004560,0,0.50112128129367
2,004562,0,0.5002343205049005
2,004569,0,0.5000638216815924
2,004573,0,0.5008275628693734
2,004574,0,0.5017659702337453
2,004590,0,0.5011193170704221
2,004595,0,0.5003894466675666
2,004597,0,0.5004785022271571
2,004599,0,0.5001901938624165
2,004601,0,0.5001142802035631
2,004612,0,0.5005284902067518
2,004618,0,0.5022430068942411
2,004620,0,0.5002469439662137
2,004624,0,0.5007194261287363
2,004637,0,0.5004825388742544
2,004644,0,0.5000594239801781
2,004647,0,0.500293967270736
2,004652,0,0.5006344024148892
2,004653,0,0.5002613938119017
2,004655,0,0.5004366048222089
2,004660,0,0.501307056413152
2,004661,0,0.5029551459681186
2,004663,0,0.5011471791198281
2,004666,0,0.5075564166292587
2,004669,0,0.5002840256019526
2,004673,0,0.50030500655331
2,004677,0,0.5001050573041582
2,004685,0,0.5028716865746765
2,004693,0,0.5005361555038296
2,004697,0,0.5001500395401985
2,004700,0,0.5001884317264692
2,004703,0,0.5003181459486769
2,004705,0,0.5021277240438596
2,004709,0,0.503691055711167
2,004716,0,0.5000881795244746
2,004718,0,0.5009306891828386
2,004721,0,0.5002728849707453
2,004724,0,0.5009383073166312
2,004730,0,0.5016527807444304
2,004737,0,0.505102557506351
2,004755,0,0.5025108698601136
2,004770,0,0.5003609911176502
2,004776,0,0.5002228407849378
2,004782,0,0.5006446157843196
2,004791,0,0.5003713532224302
2,004793,0,0.500411395349823
2,004798,0,0.5005697598262485
2,004803,0,0.5003534166277507
2,004818,0,0.5012512920474521
2,004819,0,0.5004856569776777
2,004824,0,0.5002075676644966
2,004825,0,0.5003640537085879
2,004828,0,0.5003038178562476
2,004831,0,0.5001179518011662
2,004833,0,0.5014348256915983
2,004840,0,0.5005721077442038
2,004844,0,0.5015736611530407
2,004846,0,0.5000784024648828
2,004848,0,0.5087014504966844
2,004850,0,0.5110471140967433
2,004851,0,0.5005481674283435
2,004863,0,0.5006247069523354
2,004865,0,0.5019840102592052
2,004885,0,0.5004629458693794
2,004886,0,0.5005610524526428
2,004892,0,0.5027975247500804
2,004903,0,0.5000673154839931
2,004909,0,0.5013501891293328
2,004910,0,0.5003068541309315
2,004916,0,0.5014424014357428
2,004923,0,0.5016438375559716
2,004933,0,0.5018133673175931
2,004935,0,0.5010799755176553
2,004944,0,0.5027689527269256
2,004958,0,0.5000961519636418
2,004962,0,0.5003571776035005
2,004965,0,0.5014143944606522
2,004969,0,0.5006855088322953
2,004973,0,0.5001038222528826
2,004974,0,0.50003081661348
2,004976,0,0.500817815670508
2,004977,0,0.5015211076758259
2,004981,0,0.5115143368007437
2,004983,0,0.5069628864752536
2,004990,0,0.501616940791688
2,004994,0,0.5017913717009707
2,004997,0,0.5001070376981299
2,005000,0,0.5012187333315415
2,005009,0,0.5001098103805446
2,005012,0,0.5007730447333133
2,005013,0,0.5151818709311884
2,005014,0,0.5001032198206917
2,005015,0,0.5000619404315374
2,005022,0,0.500110858004923
2,005025,0,0.5011220949219362
2,005035,0,0.5003197426767797
2,005037,0,0.5025041225970702
2,005038,0,0.5006279602914975
2,005053,0,0.5001379499318843
2,005054,0,0.5009151553897968
2,005055,0,0.5001500227785765
2,005057,0,0.5081058999782687
2,005060,0,0.5002301902487027
2,005071,0,0.5016094994842695
2,005077,0,0.5005232866145056
2,005080,0,0.5001626799807165
2,005083,0,0.5001195985776391
2,005086,0,0.5001477704234255
2,005088,0,0.5021240956484657
2,005109,0,0.5032975501250982
2,005111,0,0.5003448499152306
2,005112,0,0.5009203889346984
2,005124,0,0.500590169973571
2,005140,0,0.502759244065233
2,005144,0,0.5007786132813352
2,005149,0,0.5019081080205123
2,005151,0,0.5001552088041338
2,005153,0,0.5044432916827197
2,005155,0,0.5024874279226609
2,005156,0,0.5007272448662057
2,005158,0,0.5043383527986997
2,005162,0,0.5003875737518483
2,005167,0,0.5011523204852657
2,005170,0,0.5002632092611432
2,005172,0,0.5003757282703966
2,005180,0,0.503615344462798
2,005217,0,0.5013670597248949
2,005229,0,0.5065802591352324
2,005233,0,0.5060432157197862
2,005239,0,0.5012700379422715
2,005240,0,0.5011094168106123
2,005242,0,0.5015299668320754
2,005251,0,0.501076617831166
2,005254,0,0.5004543989267688
2,005259,0,0.5010144722672191
2,005261,0,0.5003839002858276
2,005267,0,0.5011198306957657
2,005272,0,0.5022898974045693
2,005279,0,0.5001018603584612
2,005281,0,0.5055549701153356
2,005283,0,0.5000920966200693
2,005288,0,0.5003684390978048
2,005293,0,0.5023493314824891
2,005302,0,0.5012114595949579
2,005305,0,0.5002262327939906
2,005307,0,0.5117179769051223
2,005315,0,0.5004356924230615
2,005317,0,0.5010200598898676
2,005325,0,0.5003296050298175
2,005331,0,0.5004681677541898
2,005344,0,0.500662733542339
2,005354,0,0.5003946027261174
2,005359,0,0.5003716747016422
2,005361,0,0.5007046460490169
2,005383,0,0.5055865482453457
2,005389,0,0.5003440907805903
2,005395,0,0.5009106632089793
2,005403,0,0.5047986269424943
2,005408,0,0.5079784201765404
2,005415,0,0.5003099987201258
2,005417,0,0.5018920359217223
2,005420,0,0.5004241251082322
2,005430,0,0.5004868124487268
2,005434,0,0.5031115168648355
2,005437,0,0.500163745846235
2,005438,0,0.5020407411892325
2,005441,0,0.5003700257563646
2,005442,0,0.5002216820654064
2,005443,0,0.5023110343867434
2,005447,0,0.500816319911995
2,005454,0,0.500286878098895
2,005459,0,0.5059542428159434
2,005461,0,0.500088450364325
2,005462,0,0.5000860642482158
2,005463,0,0.5001767298757239
2,005464,0,0.5004115441271151
2,005468,0,0.5004264581079865
2,005472,0,0.5017197583939813
2,005476,0,0.5010809622620855
2,005478,0,0.5002780526254776
2,005479,0,0.5001084410857797
2,005480,0,0.5017704265133834
2,005481,0,0.5015992616082103
2,005487,0,0.5006432285344868
2,005496,0,0.5004591138290779
2,005497,0,0.5000134583310836
2,005499,0,0.5005285875911946
2,005505,0,0.5000532602689046
2,005513,0,0.5038232522607085
2,005521,0,0.5009126847233873
2,005522,0,0.500454706368687
2,005525,0,0.5008287836252112
2,005528,0,0.5016485447134571
2,005530,0,0.5015145521124511
2,005535,0,0.5000268912544
2,005537,0,0.5001945925500747
2,005539,0,0.5009985216152094
2,005542,0,0.5004894892875039
2,005549,0,0.5001955660505104
2,005559,0,0.5002208117559505
2,005562,0,0.5004655047414861
2,005563,0,0.5013786929825991
2,005576,0,0.5036597371029652
2,005581,0,0.5000943204071211
2,005582,0,0.5004032081081647
2,005589,0,0.5000848500474632
2,005599,0,0.5002083785294618
2,005600,0,0.5003674953926834
2,005602,0,0.5006307695139183
2,005608,0,0.5010028689925095
2,005614,0,0.5006793325998246
2,005615,0,0.5005338597752147
2,005621,0,0.5004136621093356
2,005626,0,0.5002799687069548
2,005633,0,0.5000757941805528
2,005634,0,0.5003720072895533
2,005647,0,0.5000736793055017
2,005654,0,0.5003314353624716
2,005655,0,0.5001067459145795
2,005659,0,0.5003477979760431
2,005676,0,0.5008795458524179
2,005677,0,0.5000233134411116
2,005683,0,0.5006967062226755
2,005690,0,0.5009483037662406
2,005691,0,0.5003989308916678
2,005692,0,0.5008698966780222
2,005707,0,0.5002664970925212
2,005708,0,0.5003745536905622
2,005710,0,0.5003086835414222
2,005711,0,0.5006627688657568
2,005712,0,0.5001836835836572
2,005713,0,0.5029179062280993
2,005718,0,0.5007334946609283
2,005719,0,0.5003969705496635
2,005720,0,0.5007798866231352
2,005726,0,0.5025011394681673
2,005727,0,0.5001092354185431
2,005744,0,0.500596683579997
2,005749,0,0.503132522990586
2,005753,0,0.503360650716464
2,005756,0,0.5002050686246553
2,005758,0,0.500048634907217
2,005761,0,0.5001660355628498
2,005765,0,0.5016242723603123
2,005777,0,0.5020070233479221
2,005781,0,0.5055730585905286
2,005782,0,0.5039674498322112
2,005787,0,0.5018146277477681
2,005792,0,0.5001788889799613
2,005812,0,0.5042016313917268
2,005814,0,0.5008949139703909
2,005820,0,0.5047522339894982
2,005827,0,0.5002960005912428
2,005836,0,0.5018676091316105
2,005845,0,0.5001019712875393
2,005851,0,0.5012772925006143
2,005854,0,0.5008091022051776
2,005856,0,0.5005725398929993
2,005857,0,0.5010373311468078
2,005859,0,0.5031954654176662
2,005868,0,0.5001205347314014
2,005872,0,0.5005716249857188
2,005875,0,0.5002479529613131
2,005880,0,0.5057921284245364
2,005881,0,0.5008600002376181
2,005885,0,0.502845403713038
2,005886,0,0.5012595091119553
2,005892,0,0.5021121109234145
2,005902,0,0.5002050221067068
2,005906,0,0.5039839989608275
2,005907,0,0.5013560086424096
2,005908,0,0.5003420842023959
2,005911,0,0.50054415983084
2,005926,0,0.505324977015585
2,005928,0,0.5004099793212469
2,005930,0,0.5013518282746646
2,005935,0,0.5006028707667021
2,005936,0,0.5001408012749351
2,005937,0,0.5034366385944818
2,005942,0,0.5009826801195031
2,005947,0,0.5007394384655667
2,005954,0,0.5015648470509773
2,005956,0,0.500272621232776
2,005962,0,0.5007356496136764
2,005963,0,0.5001223833772699
2,005970,0,0.5006832069364752
2,005973,0,0.501128651663582
2,005974,0,0.5004988132027108
2,005977,0,0.5002349350518926
2,005984,0,0.5038700094044171
2,005985,0,0.5046517928682269
2,005988,0,0.5009473869350449
2,005990,0,0.5006250173042901
2,005997,0,0.5003928052886415
2,006003,0,0.5001885618099065
2,006015,0,0.5003610032004482
2,006016,0,0.5000766224715752
2,006024,0,0.500625977303517
2,006028,0,0.5000723626448026
2,006035,0,0.5000980884279359
2,006036,0,0.5006304381749224
2,006040,0,0.5338967984736838
2,006043,0,0.5000424770673384
2,006051,0,0.5004391091524236
2,006075,0,0.5004980512815997
2,006079,0,0.5002889106708807
2,006082,0,0.5001256248080843
2,006083,0,0.5004288454532553
2,006088,0,0.5009384617157121
2,006096,0,0.5001624038376233
2,006104,0,0.5015500191338513
2,006110,0,0.501253179292801
2,006116,0,0.5003483794349595
2,006120,0,0.500454019502833
2,006126,0,0.5001526501272426
2,006127,0,0.5002892182893693
2,006132,0,0.5010008859664046
2,006134,0,0.5003376208079786
2,006137,0,0.5011577617317576
2,006138,0,0.5007437698001372
2,006145,0,0.5005845059613523
2,006154,0,0.5006846645514383
2,006158,0,0.5008452512091219
2,006164,0,0.5025750641149317
2,006170,0,0.5002234312175312
2,006171,0,0.5000597988825526
2,006182,0,0.5018326215739507
2,006194,0,0.5001187434553155
2,006201,0,0.5006786519913862
2,006203,0,0.5003025919716744
2,006204,0,0.501057909734582
2,006211,0,0.500707731036128
2,006212,0,0.5005045458211291
2,006229,0,0.5027653742618118
2,006231,0,0.5016411406540537
2,006241,0,0.5103646638198742
2,006247,0,0.5001614183487478
2,006249,0,0.5004116830478235
2,006253,0,0.5002166322247691
2,006255,0,0.5009764928467613
2,006256,0,0.5000365782286237
2,006264,0,0.5002864694398205
2,006266,0,0.5012724116958143
2,006272,0,0.5007546272609057
2,006273,0,0.5000739735476047
2,006277,0,0.5003226528936318
2,006279,0,0.5001447551988389
2,006284,0,0.5011359477167218
2,006285,0,0.5003381595819744
2,006295,0,0.5000636255171639
2,006301,0,0.5012982131304308
2,006302,0,0.5003256537527945
2,006307,0,0.5007398688991033
2,006315,0,0.5002345014985345
2,006318,0,0.5070951486251661
2,006319,0,0.5005800712571044
2,006326,0,0.5007022912969279
2,006330,0,0.5000607610765041
2,006331,0,0.5013800566510691
2,006338,0,0.5004101719707861
2,006342,0,0.5001385688263986
2,006347,0,0.5015214233516079
2,006351,0,0.5005142437838515
2,006354,0,0.504563087702269
2,006364,0,0.5002770224087386
2,006366,0,0.5004300658775649
2,006373,0,0.5004760725928071
2,006392,0,0.5005115894832637
2,006395,0,0.5000679428324935
2,006398,0,0.5005771266878415
2,006404,0,0.5007342794246167
2,006408,0,0.5002953197825422
2,006424,0,0.5005058833837396
2,006427,0,0.5034297824111459
2,006428,0,0.5000525203462173
2,006435,0,0.5002665461414741
2,006439,0,0.5004259126455342
2,006444,0,0.5010861172987197
2,006469,0,0.5004306621309768
2,006486,0,0.5001697859577301
2,006499,0,0.5015681174597212
2,006503,0,0.501493330321296
2,006505,0,0.5005013952382766
2,006507,0,0.5005313498487463
2,006512,0,0.5002223416740934
2,006513,0,0.5025379691526987
2,006515,0,0.50024713123187
2,006528,0,0.5003932934854299
2,006548,0,0.5003689637777935
2,006553,0,0.5004573784208469
2,006564,0,0.5003643950450488
2,006565,0,0.5002094483306812
2,006566,0,0.5001029907827103
2,006584,0,0.5024088303910518
2,006590,0,0.507522651633444
2,006594,0,0.5004530092161327
2,006600,0,0.5003020051839736
2,006603,0,0.5023004905086428
2,006606,0,0.5011451600080538
2,006612,0,0.5003868813465846
2,006616,0,0.5009838620480477
2,006660,0,0.500611878045912
2,006665,0,0.5008447834579003
2,006668,0,0.5008378827141688
2,006669,0,0.5004671514268139
2,006674,0,0.5006221968574788
2,006682,0,0.5007982347083146
2,006696,0,0.5002226079405436
2,006699,0,0.5007047963946974
2,006700,0,0.5010398665247814
2,006711,0,0.5014640273149122
2,006717,0,0.5019181349698606
2,006720,0,0.5001778643363428
2,006721,0,0.5044478320117084
2,006724,0,0.5005314564318128
2,006728,0,0.5004514814221538
2,006729,0,0.5011891888324137
2,006730,0,0.5005111179699785
2,006731,0,0.5061776766932301
2,006736,0,0.5010495492966242
2,006737,0,0.5062021734590494
2,006739,0,0.5011092381732852
2,006747,0,0.5055623089861534
2,006752,0,0.5005073702000586
2,006755,0,0.5011646954122079
2,006764,0,0.5004649956617003
2,006772,0,0.5001053138472759
2,006773,0,0.5002825599830184
2,006777,0,0.5001997761417247
2,006788,0,0.5004189166921643
2,006792,0,0.5010987972850921
2,006800,0,0.5001243654601347
2,006801,0,0.5000839882047394
2,006803,0,0.5006100595938058
2,006809,0,0.5018766453897996
2,006814,0,0.5012638828083792
2,006826,0,0.5023943735109608
2,006830,0,0.5001621293825999
2,006836,0,0.5003273014719285
2,006845,0,0.5002009589238273
2,006848,0,0.5005113011959481
2,006851,0,0.5007457861064031
2,006859,0,0.5006920164638093
2,006866,0,0.5004598379397012
2,006874,0,0.5009940841487646
2,006876,0,0.501716466598939
2,006878,0,0.5004834388242885
2,006881,0,0.500681477508664
2,006891,0,0.5006679719799652
2,006893,0,0.5009228146016385
2,006901,0,0.5005547757636947
2,006906,0,0.5011307456604573
2,006907,0,0.5007188894999381
2,006912,0,0.5021986017476444
2,006919,0,0.5023556779520758
2,006921,0,0.5000981359144585
2,006934,0,0.5052978638403859
2,006937,0,0.5000904364954427
2,006938,0,0.5006826192736299
2,006943,0,0.5035334796370179
2,006947,0,0.5000930975663587
2,006948,0,0.5016257394082966
2,006955,0,0.5004133396459308
2,006957,0,0.5003989549613109
2,006958,0,0.5001076287132936
2,006962,0,0.500522812467973
2,006968,0,0.5036644436168721
2,006974,0,0.5006883327154269
2,006975,0,0.500091295852735
2,006976,0,0.5018511387029533
2,006983,0,0.5003890716468165
2,006985,0,0.5000443613244633
2,006989,0,0.5007286398766888
2,006991,0,0.5000229687174484
2,006995,0,0.5012257827504806
2,006998,0,0.501500622258883
2,007002,0,0.5005509121190506
2,007005,0,0.5000494553927918
2,007022,0,0.5003468671237765
2,007023,0,0.5015019174180078
2,007032,0,0.5007572514786128
2,007043,0,0.5006075683759146
2,007045,0,0.500267672305239
2,007049,0,0.5001341556487428
2,007050,0,0.5002663669710569
2,007053,0,0.5009821722214625
2,007065,0,0.5002390713276076
2,007068,0,0.5009957924287606
2,007075,0,0.5029963027019998
2,007086,0,0.5003193278658954
2,007095,0,0.5007700806438042
2,007100,0,0.5012997424918202
2,007109,0,0.5018891491786488
2,007111,0,0.500201189264482
2,007115,0,0.5095504670066966
2,007116,0,0.500978840929558
2,007120,0,0.5005517289119994
2,007126,0,0.5002283747060693
2,007129,0,0.5007191175202548
2,007131,0,0.5040766231556641
2,007143,0,0.5017527809261769
2,007146,0,0.500411737352563
2,007149,0,0.5038989577597622
2,007155,0,0.5018170204844074
2,007157,0,0.5003764360669735
2,007163,0,0.500127830027936
2,007164,0,0.5004544002800616
2,007165,0,0.5000898764893982
2,007170,0,0.5000313248065482
2,007172,0,0.5004338261705816
2,007173,0,0.5001102677518098
2,007174,0,0.5001841682661302
2,007176,0,0.5027690843364151
2,007181,0,0.5004749380145116
2,007186,0,0.5001653409704233
2,007189,0,0.5000435366317115
2,007199,0,0.5003177776046857
2,007200,0,0.5006852824514467
2,007204,0,0.5010298303957558
2,007206,0,0.5007971784735841
2,007214,0,0.5008855840215954
2,007216,0,0.5001623421101287
2,007221,0,0.5005005997892102
2,007223,0,0.5031794624015555
2,007237,0,0.5004965996318717
2,007242,0,0.5058922428208582
2,007249,0,0.5011401033571187
2,007276,0,0.5001011728265295
2,007279,0,0.5023742689776614
2,007281,0,0.500180599126401
2,007285,0,0.5176805281906611
2,007286,0,0.5010189612504719
2,007314,0,0.5003931819364995
2,007336,0,0.5005690267234288
2,007337,0,0.5003034667697948
2,007351,0,0.5008692656002053
2,007356,0,0.5001987905933936
2,007364,0,0.5011493685738613
2,007369,0,0.5007114121519065
2,007371,0,0.5008537397661346
2,007373,0,0.5001725916530492
2,007377,0,0.5002550167352261
2,007378,0,0.5043833196117591
2,007379,0,0.5003097282786689
2,007389,0,0.5001516427925611
2,007391,0,0.5003354649392583
2,007392,0,0.5003256920309597
2,007393,0,0.5002111288530492
2,007399,0,0.5002520175880815
2,007401,0,0.5115300451585242
2,007406,0,0.5001664353040758
2,007407,0,0.501093327771947
2,007410,0,0.500767528009641
2,007412,0,0.5017127396647763
2,007414,0,0.5004490337767465
2,007415,0,0.5004842818208407
2,007433,0,0.5007818065698557
2,007434,0,0.5009261110354881
2,007435,0,0.5004361339372201
2,007436,0,0.5034584523305726
2,007441,0,0.5003464950087103
2,007453,0,0.5036383903880636
2,007457,0,0.5025316175309201
2,007458,0,0.5001522584402125
2,007459,0,0.5005090252342638
2,007462,0,0.5000756974244163
2,007477,0,0.5024077896851997
2,007480,0,0.5013719150650773
2,007481,0,0.5021513571376369
2,007489,0,0.501897453069617
2,007493,0,0.5004468884431144
2,007494,0,0.5002520400345861
2,007501,0,0.5002968192062051
2,007507,0,0.5012585610386839
2,007508,0,0.5001910748576982
2,007511,0,0.5003417196268374
2,007512,0,0.5002230742996708
2,007514,0,0.5001969175757408
2,007515,0,0.5006969601875213
2,007521,0,0.50135730253262
2,007524,0,0.5008032768220129
2,007530,0,0.5009707098189263
2,007532,0,0.5002477729250853
2,007543,0,0.5002613813692296
2,007554,0,0.5001709814231763
2,007555,0,0.5041383941047248
2,007564,0,0.5024112512521456
2,007568,0,0.5011306169515145
2,007576,0,0.5002297374580204
2,007579,0,0.5003532360535071
2,007585,0,0.5001906764311183
2,007588,0,0.5005972181913999
2,007599,0,0.5001845694817939
2,007601,0,0.5025821793687005
2,007609,0,0.5004764018369635
2,007611,0,0.5013035376224271
2,007613,0,0.5001417033853458
2,007617,0,0.5010238083744604
2,007627,0,0.5054275783618517
2,007629,0,0.5001534720124416
2,007630,0,0.5009036429275034
2,007642,0,0.5004743529709111
2,007651,0,0.5001941679382939
2,007667,0,0.515134289263362
2,007669,0,0.5012553694182259
2,007672,0,0.5004994235752919
2,007677,0,0.5009682444029019
2,007679,0,0.5000648237154514
2,007684,0,0.5002882461713238
2,007688,0,0.5004516013884716
2,007690,0,0.5002616468593335
2,007699,0,0.5003943795830172
2,007702,0,0.501191710387698
2,007713,0,0.5004607130724901
2,007721,0,0.5003274637865804
2,007726,0,0.5037738191359283
2,007727,0,0.50042600108843
2,007732,0,0.5011681988666137
2,007736,0,0.5003305583378899
2,007742,0,0.501483822802611
2,007744,0,0.5002299628303405
2,007756,0,0.5009375993377074
2,007758,0,0.5003535412680531
2,007761,0,0.5012038577700582
2,007763,0,0.5005985101235324
2,007774,0,0.5003182952053212
2,007786,0,0.500822941079989
2,007800,0,0.5002079608430063
2,007804,0,0.5000987542199921
2,007805,0,0.5000782355603889
2,007806,0,0.5000774220922156
2,007807,0,0.5029101123376141
2,007811,0,0.5010291463270492
2,007818,0,0.5003183933527947
2,007829,0,0.5014408839922289
2,007832,0,0.5003003634590296
2,007833,0,0.5002383077152599
2,007835,0,0.5011937802489804
2,007844,0,0.500874221624835
2,007851,0,0.5000212249310269
2,007854,0,0.5009406743727681
2,007860,0,0.5007913229770612
2,007867,0,0.500329708841549
2,007870,0,0.5002777765512669
2,007875,0,0.5022626079937665
2,007876,0,0.5081670485867741
2,007877,0,0.5002254342346754
2,007878,0,0.5013748339571095
2,007888,0,0.5001314080240341
2,007895,0,0.5003311537013017
2,007904,0,0.5020410409617243
2,007915,0,0.5008796155789746
2,007919,0,0.500216122504791
2,007931,0,0.5005060971154534
2,007937,0,0.5017424448569683
2,007949,0,0.5036948250392295
2,007970,0,0.5027151715086632
2,007978,0,0.5002451698117474
2,007980,0,0.5009003811567339
2,007981,0,0.5002428838179295
2,007984,0,0.500167642767156
2,007985,0,0.500410777024566
2,007988,0,0.5010804059678075
2,007999,0,0.5035396405811866
2,008003,0,0.5004892596367609
2,008006,0,0.5015012408951556
2,008011,0,0.5006178370346782
2,008013,0,0.5007167116283215
2,008017,0,0.5012480895382933
2,008037,0,0.5003137805434926
2,008041,0,0.5006667766431189
2,008046,0,0.500939477690644
2,008049,0,0.5001459126943383
2,008050,0,0.5004246613559034
2,008054,0,0.5001603494657535
2,008056,0,0.5005213018487239
2,008067,0,0.5005066901556684
2,008070,0,0.5002259543249622
2,008075,0,0.5002842898815509
2,008078,0,0.5033876107966794
2,008079,0,0.5002374446330489
2,008082,0,0.5000865959479802
2,008083,0,0.5042739803665398
2,008084,0,0.5014127446376498
2,008089,0,0.5083346894270112
2,008090,0,0.5003568298583697
2,008098,0,0.5000537876659344
2,008102,0,0.508452041318644
2,008103,0,0.5017768893424334
2,008104,0,0.5000801731336797
2,008105,0,0.5031353632502599
2,008107,0,0.5023985311586816
2,008112,0,0.5007185605443683
2,008121,0,0.500126956863995
2,008122,0,0.5001911532939566
2,008124,0,0.5020464488747919
2,008126,0,0.53676766504773
2,008132,0,0.5001261897687606
2,008133,0,0.5002606780888225
2,008140,0,0.5065823142768063
2,008145,0,0.5004758635504268
2,008148,0,0.5005598612652754
2,008164,0,0.5003801631717467
2,008165,0,0.5001714704151854
2,008169,0,0.5003600999499914
2,008170,0,0.5016940343980432
2,008172,0,0.5008313916638606
2,008189,0,0.5009797464171775
2,008197,0,0.5005198093309728
2,008204,0,0.5001730016616143
2,008205,0,0.5001062910556044
2,008206,0,0.5003314372263067
2,008210,0,0.5001666010678271
2,008211,0,0.5011516968652594
2,008213,0,0.5011325023305596
2,008215,0,0.5021300452197455
2,008216,0,0.5001733908044249
2,008217,0,0.5001421623275857
2,008224,0,0.5011353138089281
2,008227,0,0.5001124193333748
2,008231,0,0.5003509913041407
2,008235,0,0.5006148417617996
2,008240,0,0.500852189960609
2,008241,0,0.5002535964250997
2,008248,0,0.5005884832953441
2,008259,0,0.500919463104174
2,008262,0,0.5004476921021985
2,008266,0,0.5003456480510236
2,008269,0,0.500179729769589
2,008270,0,0.5024979810467544
2,008272,0,0.501385587721972
2,008274,0,0.5001104776595733
2,008275,0,0.5015169419517904
2,008279,0,0.5090247357112597
2,008288,0,0.5004789343544916
2,008291,0,0.500114990270308
2,008294,0,0.5025029675228871
2,008299,0,0.500074215136534
2,008317,0,0.5023459393387033
2,008321,0,0.5004973410830308
2,008322,0,0.500575203819881
2,008324,0,0.5013816545670562
2,008325,0,0.5006307913686728
2,008330,0,0.5008331017611658
2,008332,0,0.5001540276886359
2,008337,0,0.5082449550591709
2,008339,0,0.5003839451360927
2,008344,0,0.5008071325849448
2,008346,0,0.5002946464365524
2,008352,0,0.5019848754744123
2,008365,0,0.5031138319329945
2,008366,0,0.500243385781376
2,008375,0,0.5001264995018632
2,008376,0,0.5021075264579627
2,008382,0,0.5009688447556213
2,008393,0,0.5000610151928322
2,008396,0,0.5002152405136381
2,008398,0,0.5003081725122344
2,008402,0,0.5094533744006674
2,008406,0,0.5037734545417013
2,008408,0,0.5003846396034459
2,008413,0,0.5020577769023511
2,008414,0,0.5001551217071756
2,008415,0,0.5102417082854432
2,008419,0,0.500077101276597
2,008421,0,0.5001697104739793
2,008422,0,0.5005707021170938
2,008431,0,0.5001952281923202
2,008439,0,0.500063267219079
2,008440,0,0.5004036384119135
2,008442,0,0.5006248709911383
2,008455,0,0.5002762438330604
2,008469,0,0.5032322181497484
2,008475,0,0.5010087540597538
2,008483,0,0.5005490407396789
2,008489,0,0.5041171367732692
2,008496,0,0.5003625579113972
2,008501,0,0.5050481970858248
2,008506,0,0.5014846662933541
2,008510,0,0.5001590544422103
2,008518,0,0.5005636429974981
2,008522,0,0.5083209438717264
2,008527,0,0.5011197163455917
2,008532,0,0.5044724786925835
2,008544,0,0.5003272605055962
2,008548,0,0.509789005897603
2,008550,0,0.500385407428177
2,008551,0,0.5032901441882115
2,008563,0,0.5006306868509397
2,008569,0,0.501283734542395
2,008576,0,0.5004099826451885
2,008578,0,0.5003651059128664
2,008591,0,0.5090091404072646
2,008596,0,0.5037902126788131
2,008604,0,0.5000797113302624
2,008608,0,0.500360075764266
2,008616,0,0.505409370401996
2,008618,0,0.5003826370903062
2,008621,0,0.5001880322578337
2,008623,0,0.5063911859909145
2,008628,0,0.5004808310263641
2,008629,0,0.5023020587685806
2,008630,0,0.5002111103829913
2,008635,0,0.5006430133638726
2,008641,0,0.5006491551557557
2,008651,0,0.5010172899404348
2,008652,0,0.5003407128772194
2,008655,0,0.5037569535552426
2,008665,0,0.5016825965205761
2,008666,0,0.5004779131512674
2,008668,0,0.501002789970575
2,008670,0,0.5003322468348124
2,008672,0,0.500093370793635
2,008678,0,0.5000299414214433
2,008680,0,0.5003516173894479
2,008704,0,0.5041700388938243
2,008708,0,0.5000859268326251
2,008720,0,0.501392169167865
2,008724,0,0.5023380792344964
2,008728,0,0.5008637520862085
2,008740,0,0.5061380202105051
2,008743,0,0.5000269128343566
2,008755,0,0.5027950021220084
2,008760,0,0.500229975684348
2,008769,0,0.5000776556438397
2,008779,0,0.5007020519329799
2,008785,0,0.5005992283409696
2,008798,0,0.5021161871330971
2,008803,0,0.5004388409724502
2,008806,0,0.5003165865437046
2,008809,0,0.5016946066882946
2,008813,0,0.5034264202399563
2,008821,0,0.5038491263285887
2,008823,0,0.5000828240868219
2,008825,0,0.5005354645942806
2,008833,0,0.5002630001210403
2,008840,0,0.5011411330976454
2,008843,0,0.5003079487084207
2,008845,0,0.5005502845410479
2,008854,0,0.5003131687652537
2,008855,0,0.5019443729548626
2,008857,0,0.500154008593716
2,008864,0,0.5003538740443542
2,008865,0,0.5005432258302365
2,008869,0,0.5000817895909218
2,008870,0,0.5019054496802016
2,008874,0,0.5014353138913777
2,008877,0,0.5000802640034762
2,008885,0,0.5027031639076126
2,008890,0,0.5003639761456008
2,008892,0,0.500203483301897
2,008893,0,0.5001621810971751
2,008894,0,0.5005024728401278
2,008903,0,0.5001286302941909
2,008905,0,0.5001520363543501
2,008906,0,0.5017698158065496
2,008911,0,0.5018632065157776
2,008916,0,0.5004541505331906
2,008924,0,0.5025866345194581
2,008932,0,0.5003948959278548
2,008934,0,0.5001252413590286
2,008947,0,0.5014978801887955
2,008960,0,0.5009347836831706
2,008970,0,0.5008262498417526
2,008972,0,0.5001367604450689
2,008973,0,0.5109598842811911
2,008974,0,0.5000780633222075
2,008987,0,0.5043062441440207
2,008988,0,0.5000861840672312
2,008996,0,0.5004649055039363
2,009001,0,0.5002550829131662
2,009009,0,0.5020967174163163
2,009011,0,0.5005416435766743
2,009015,0,0.5001437409617355
2,009019,0,0.5003791164083072
2,009020,0,0.5007271330760732
2,009021,0,0.5010158131747315
2,009023,0,0.5000835290298347
2,009043,0,0.5005692604844459
2,009046,0,0.5012704918518626
2,009047,0,0.5004981033639744
2,009051,0,0.500161022212835
2,009061,0,0.5001385323259452
2,009062,0,0.5014433312868591
2,009063,0,0.5000459876295272
2,009072,0,0.5000920893104207
2,009074,0,0.5050256817384006
2,009086,0,0.5034367184107891
2,009087,0,0.5001025294976366
2,009088,0,0.5002985779941189
2,009091,0,0.5061720202069238
2,009092,0,0.503127656415334
2,009094,0,0.5006506392881591
2,009095,0,0.5008038047669846
2,009097,0,0.5009449636731474
2,009100,0,0.5003853339077764
2,009101,0,0.5008990599203634
2,009108,0,0.5011548887527548
2,009111,0,0.5008575443064583
2,009113,0,0.5015681572727774
2,009122,0,0.5002579569015937
2,009125,0,0.5008021506075586
2,009126,0,0.5019918761885837
2,009135,0,0.5002652791855908
2,009148,0,0.5007875513066417
2,009152,0,0.5004524518495921
2,009169,0,0.5012359943035524
2,009171,0,0.5009906385463894
2,009175,0,0.5004788335240276
2,009177,0,0.5015453360800526
2,009187,0,0.50144656361892
2,009203,0,0.5002558561327116
2,009206,0,0.5007228919355491
2,009215,0,0.5002139905001215
2,009221,0,0.5001324293330729
2,009232,0,0.5003783927831413
2,009245,0,0.5007850611886842
2,009249,0,0.5002700186787539
2,009252,0,0.5007380375351598
2,009255,0,0.5006182662523437
2,009260,0,0.5002996366217387
2,009263,0,0.5002885186439365
2,009266,0,0.5013145072424218
2,009273,0,0.5050495930052622
2,009288,0,0.5002298973132439
2,009293,0,0.5005750317849468
2,009298,0,0.500392158204323
2,009308,0,0.5142363406793486
2,009309,0,0.5006303917546624
2,009311,0,0.5003383705256212
2,009315,0,0.5001381756466686
2,009328,0,0.5003847618497121
2,009329,0,0.5003374875525545
2,009330,0,0.5011374556239581
2,009334,0,0.5001148668891338
2,009342,0,0.5008904327102255
2,009343,0,0.5004180094118228
2,009351,0,0.5004432783631173
2,009352,0,0.5004419378937371
2,009354,0,0.509990906561432
2,009357,0,0.5012578345464773
2,009363,0,0.5001678401455095
2,009367,0,0.5007023251891991
2,009370,0,0.500344344212569
2,009390,0,0.5151574918108436
2,009402,0,0.5004714721056547
2,009408,0,0.5001373161322396
2,009412,0,0.500918617041703
2,009413,0,0.5004475761850681
2,009417,0,0.5002227452520638
2,009421,0,0.5002193566996807
2,009422,0,0.5001558863147236
2,009426,0,0.5007487978935428
2,009431,0,0.5045199597358434
2,009437,0,0.5023220210465558
2,009445,0,0.5004820077455454
2,009451,0,0.5001195282278205
2,009452,0,0.500507583408201
2,009456,0,0.5006585721550794
2,009457,0,0.5001179076959138
2,009458,0,0.5242031418367207
2,009463,0,0.5002330140802215
2,009467,0,0.5001447160152994
2,009475,0,0.5013625240364317
2,009477,0,0.5004864169900354
2,009482,0,0.5035032678663894
2,009497,0,0.5010153746376007
2,009499,0,0.5053419012307618
2,009500,0,0.5007751300383473
2,009503,0,0.5020241195566132
2,009508,0,0.5041603061464184
2,009509,0,0.5007927863962088
2,009526,0,0.500376404950541
2,009533,0,0.5035063483749448
2,009538,0,0.5038137530584231
2,009540,0,0.5001935324620366
2,009544,0,0.5000752187376631
2,009546,0,0.5223213761835294
2,009547,0,0.5008345902959486
2,009557,0,0.5002128516474901
2,009558,0,0.5007759115365068
2,009563,0,0.501118023536577
2,009569,0,0.5043420807020909
2,009574,0,0.5037138562828909
2,009580,0,0.5060856960113821
2,009581,0,0.5010766963436555
2,009587,0,0.5003054120757462
2,009592,0,0.5005713527117203
2,009604,0,0.501481582112916
2,009606,0,0.5002548755481817
2,009607,0,0.5006860067043599
2,009619,0,0.5007768453869952
2,009625,0,0.5001484800338201
2,009630,0,0.5005200564758722
2,009645,0,0.501029942906615
2,009647,0,0.500853926911215
2,009649,0,0.5043003419487951
2,009655,0,0.5002434111282373
2,009665,0,0.5005771139983042
2,009669,0,0.5001660707343839
2,009671,0,0.500176231055451
2,009688,0,0.5002101198883488
2,009696,0,0.50315801597197
2,009702,0,0.5009799624015467
2,009706,0,0.5015368984945463
2,009707,0,0.52308364317882
2,009710,0,0.5014140142336073
2,009720,0,0.5001825524763831
2,009727,0,0.501251009791453
2,009730,0,0.5059526765817025
2,009731,0,0.5003895873206846
2,009739,0,0.5002770102405483
2,009740,0,0.5008791562433056
2,009752,0,0.500921357810561
2,009762,0,0.5001934391414179
2,009767,0,0.5018247477144495
2,009769,0,0.5003365724252044
2,009771,0,0.5005332967282601
2,009775,0,0.5007389189691692
2,009790,0,0.5005941332801864
2,009796,0,0.5001629715682758
2,009799,0,0.5003584446180634
2,009804,0,0.5157141888702185
2,009813,0,0.5004156696231956
2,009822,0,0.5003693960441348
2,009823,0,0.5004767799547793
2,009824,0,0.5060938477660715
2,009835,0,0.501027567036333
2,009840,0,0.5003199985479377
2,009850,0,0.5004089720076118
2,009851,0,0.502805970849722
2,009859,0,0.5002367263310045
2,009861,0,0.5003332719571151
2,009864,0,0.5006915904799364
2,009866,0,0.5052475464333944
2,009875,0,0.5027541626194596
2,009879,0,0.5034265198335403
2,009895,0,0.5003485555023928
2,009904,0,0.500108006839174
2,009912,0,0.501141706304914
2,009916,0,0.5023973447174261
2,009922,0,0.5045903700897356
2,009925,0,0.5002624627387199
2,009929,0,0.500571747079556
2,009943,0,0.500199262854826
2,009965,0,0.5002750320513054
2,009969,0,0.5001389847000122
2,009973,0,0.5000718556765973
2,009995,0,0.5001677906410567
2,009998,0,0.5006456781194397
2,010000,0,0.5017101802980909
2,010010,0,0.5003631440781925
2,010022,0,0.5004449535862531
2,010023,0,0.5004012537909657
2,010032,0,0.5001583036312204
2,010036,0,0.5013412541639226
2,010040,0,0.5030566313086808
2,010045,0,0.5003363610172525
2,010047,0,0.500066731169242
2,010051,0,0.5036984698846727
2,010053,0,0.5141055088039362
2,010055,0,0.5026155004335632
2,010060,0,0.5002976730395965
2,010069,0,0.5007479347796365
2,010077,0,0.5030417014411396
2,010085,0,0.5008541071425092
2,010093,0,0.5016887174404808
2,010094,0,0.5003394503312235
2,010104,0,0.5002070279827202
2,010106,0,0.5001568590832324
2,010107,0,0.5007282219358148
2,010117,0,0.5004705507012119
2,010122,0,0.5014356401324247
2,010143,0,0.5015153558092429
2,010146,0,0.5009581587758114
2,010147,0,0.5002049350644596
2,010151,0,0.5005952720009043
2,010153,0,0.5002826854436765
2,010158,0,0.5062914061735939
2,010159,0,0.5004503982861018
2,010160,0,0.501092500649804
2,010175,0,0.5012915032168624
2,010190,0,0.5019415890195529
2,010191,0,0.5003651524954897
2,010193,0,0.5043840234053966
2,010195,0,0.5003285639975835
2,010202,0,0.5002368160057944
2,010203,0,0.5001002298115484
2,010204,0,0.5005869290770305
2,010214,0,0.5010421976253292
2,010218,0,0.5002969454121595
2,010221,0,0.5004310999927171
2,010230,0,0.5002990046058315
2,010240,0,0.5008674903031718
2,010246,0,0.5010118455161532
2,010249,0,0.5009307862392932
2,010253,0,0.5024661139623915
2,010263,0,0.5007415573732005
2,010272,0,0.5001984647841817
2,010280,0,0.5013988548881998
2,010292,0,0.5017278207871565
2,010294,0,0.500223747919979
2,010301,0,0.5005283691813217
2,010302,0,0.5002794827899164
2,010304,0,0.5002957569017039
2,010308,0,0.5048571487227084
2,010319,0,0.5027904991293412
2,010327,0,0.5004651184193987
2,010343,0,0.5000947919292048
2,010346,0,0.5004344539866211
2,010352,0,0.5004671489672526
2,010354,0,0.5010746815487773
2,010355,0,0.5008197173443769
2,010356,0,0.5002575101705592
2,010359,0,0.5015422006552458
2,010368,0,0.501649630380604
2,010373,0,0.5002715133619449
2,010382,0,0.5017786075120263
2,010389,0,0.5004152492912359
2,010390,0,0.5004281001289187
2,010399,0,0.5002254384385902
2,010402,0,0.500111338098482
2,010407,0,0.5004649623861152
2,010414,0,0.5006185633472798
2,010416,0,0.5002043236540133
2,010417,0,0.50088293126183
2,010418,0,0.5004317140440024
2,010425,0,0.5001844802328355
2,010429,0,0.5005299175819619
2,010435,0,0.5002830165253224
2,010446,0,0.5003088153296829
2,010451,0,0.5028622025632835
2,010452,0,0.5003738636593165
2,010456,0,0.5000724083299568
2,010460,0,0.5006062234419161
2,010462,0,0.5000946103031413
2,010465,0,0.5041144250185646
2,010469,0,0.500993592241642
2,010474,0,0.5000813809729734
2,010476,0,0.5002339774637963
2,010482,0,0.5000767340924753
2,010492,0,0.5001518386282958
2,010496,0,0.5013121025489903
2,010508,0,0.5002124945870878
2,010510,0,0.5002543483141553
2,010511,0,0.5476226901915113
2,010515,0,0.5033029770356492
2,010516,0,0.5009247938169146
2,010519,0,0.5000181052933766
2,010521,0,0.5009152822141208
2,010522,0,0.5010338031025484
2,010539,0,0.5009582010731183
2,010545,0,0.5020331085790178
2,010548,0,0.5002016933259931
2,010557,0,0.5020203382633758
2,010559,0,0.500248782107242
2,010560,0,0.5008702988059626
2,010564,0,0.5008600797563442
2,010565,0,0.5007466413752709
2,010570,0,0.5004654428407526
2,010579,0,0.5005504517839893
2,010582,0,0.5009769209283657
2,010583,0,0.505371840422195
2,010586,0,0.5006581681516301
2,010588,0,0.5042698586121326
2,010599,0,0.500880068224354
2,010608,0,0.5018440128339074
2,010611,0,0.5001835429966411
2,010614,0,0.5008434759211181
2,010615,0,0.5005308487790289
2,010616,0,0.5000810083040154
2,010619,0,0.500302302525676
2,010622,0,0.500215448506528
2,010624,0,0.5003629779485316
2,010625,0,0.5012552878700897
2,010626,0,0.5008526009113958
2,010641,0,0.5014964822230873
2,010643,0,0.5006960280188787
2,010647,0,0.5035898290106567
2,010653,0,0.5027633039350361
2,010654,0,0.5013612320743668
2,010657,0,0.5000270488304228
2,010662,0,0.5010863979436696
2,010668,0,0.501759246862234
2,010675,0,0.5003548586016732
2,010677,0,0.5001291417341875
2,010681,0,0.5003870201118975
2,010686,0,0.5017776227047847
2,010696,0,0.5007504914351395
2,010698,0,0.5008571521010876
2,010703,0,0.5002554035676301
2,010706,0,0.501401984935278
2,010718,0,0.5000957651457938
2,010720,0,0.5000603424374367
2,010723,0,0.5001853301611425
2,010728,0,0.5018414458751889
2,010738,0,0.5009058305951578
2,010740,0,0.5003140408050077
2,010743,0,0.5000911440538479
2,010744,0,0.5000688606020625
2,010746,0,0.5029445487939818
2,010751,0,0.501241879776
2,010755,0,0.5001401778517115
2,010756,0,0.5006507015405259
2,010759,0,0.5002174248463694
2,010764,0,0.5016012790485314
2,010775,0,0.5001121744162313
2,010783,0,0.5003225586130302
2,010784,0,0.5011638893025708
2,010787,0,0.5001817568451328
2,010791,0,0.5003991573770743
2,010793,0,0.5004595801783702
2,010800,0,0.5002103765603368
2,010804,0,0.5003154036738747
2,010823,0,0.5001407216578015
2,010826,0,0.5003706988766925
2,010828,0,0.5002603900190107
2,010834,0,0.5039496949079485
2,010838,0,0.501069126988895
2,010853,0,0.5016160901432877
2,010855,0,0.5154321491673387
2,010867,0,0.5005991872417995
2,010885,0,0.5003980183237084
2,010889,0,0.500685077898668
2,010897,0,0.5003692531566627
2,010901,0,0.5010052205228359
2,010902,0,0.5005831612408047
2,010905,0,0.5004385733271262
2,010911,0,0.5017811181078339
2,010913,0,0.5002820706475042
2,010915,0,0.5014430813230406
2,010921,0,0.5017620984931332
2,010938,0,0.5003837519850337
2,010942,0,0.5002194958499024
2,010945,0,0.5007778367764023
2,010950,0,0.5036146258011299
2,010953,0,0.5019408781500581
2,010957,0,0.5058540418648224
2,010959,0,0.500275620367489
2,010960,0,0.5001743141633137
2,010961,0,0.5029173906832556
2,010963,0,0.5007117379778786
2,010965,0,0.5000846410682184
2,010973,0,0.5003046180727648
2,010975,0,0.5000914512994155
2,010978,0,0.5002135153693884
2,010982,0,0.5036512770783593
2,010986,0,0.5001997403124004
2,010993,0,0.5003160102047215
2,010996,0,0.5002922775162647
2,011018,0,0.5043910721568603
2,011021,0,0.5059354324004924
2,011022,0,0.5003305053598476
2,011031,0,0.500115164886778
2,011055,0,0.5001234056442969
2,011069,0,0.5005200537978156
2,011070,0,0.5010685482197588
2,011071,0,0.5045809569828459
2,011072,0,0.5002836712169001
2,011073,0,0.5030010569170176
2,011076,0,0.5015168922001417
2,011082,0,0.5002102578831196
2,011092,0,0.5002262479569706
2,011094,0,0.502350880084847
2,011099,0,0.5000713893860456
2,011105,0,0.504318375813818
2,011108,0,0.5017322388177844
2,011110,0,0.5015020026155057
2,011112,0,0.5027411349770246
2,011113,0,0.5003641482610945
2,011114,0,0.5001222774388726
2,011121,0,0.5116474382584165
2,011128,0,0.5018267897010745
2,011129,0,0.5008378167044129
2,011133,0,0.5002049318943758
2,011134,0,0.5004179145300709
2,011136,0,0.5005441999062126
2,011138,0,0.5012567933068113
2,011143,0,0.501039762092219
2,011148,0,0.5002942664682152
2,011149,0,0.5026508580580029
2,011160,0,0.5003977003587312
2,011166,0,0.5005900596335787
2,011167,0,0.5002651340887878
2,011173,0,0.5018608083157869
2,011179,0,0.5005503496208356
2,011183,0,0.5008683899089793
2,011194,0,0.5002682986885973
2,011198,0,0.5000648795514211
2,011206,0,0.5007027199937503
2,011207,0,0.5004203114570251
2,011212,0,0.5005581611147961
2,011224,0,0.5043853575328736
2,011225,0,0.500251003293047
2,011228,0,0.5001489696918083
2,011231,0,0.5029197161415352
2,011233,0,0.5002711250906892
2,011241,0,0.5002227129048128
2,011245,0,0.5000275265553841
2,011246,0,0.5008856674773562
2,011248,0,0.5001350467725885
2,011251,0,0.5009721415253744
2,011265,0,0.5009109004354179
2,011266,0,0.5017119966052697
2,011274,0,0.5001286213950804
2,011275,0,0.5000362393607988
2,011278,0,0.5000522880686841
2,011281,0,0.5001942457943913
2,011284,0,0.5010071635971501
2,011296,0,0.5001474871116414
2,011302,0,0.5019140882721033
2,011305,0,0.5019577316997429
2,011306,0,0.5002230741495819
2,011310,0,0.5009001479191257
2,011318,0,0.5007468573150536
2,011320,0,0.5002200801332668
2,011323,0,0.5005456736761185
2,011327,0,0.500257796611978
2,011332,0,0.5008382624651585
2,011336,0,0.5031039982560022
2,011337,0,0.5006979601350613
2,011346,0,0.5011074016667131
2,011349,0,0.5002037704796671
2,011352,0,0.5002187945862667
2,011364,0,0.5012080661404404
2,011370,0,0.5019968790513675
2,011379,0,0.5005212055939628
2,011380,0,0.5008104593466783
2,011394,0,0.5026719109484556
2,011397,0,0.5011956552167013
2,011398,0,0.5005911034142365
2,011401,0,0.5003871344326414
2,011402,0,0.5024271390051244
2,011405,0,0.5017884607510316
2,011407,0,0.5036766197724397
2,011413,0,0.5002349859329235
2,011429,0,0.5010941881455537
2,011433,0,0.501033819033673
2,011440,0,0.5022008613374533
2,011442,0,0.5007261383460532
2,011444,0,0.5003585710013287
2,011446,0,0.5011906240144212
2,011453,0,0.5013399738579792
2,011455,0,0.5005968920430941
2,011461,0,0.5001310404791302
2,011463,0,0.5001049391029208
2,011481,0,0.502416603331963
2,011492,0,0.5000371810083393
2,011500,0,0.5009105019482188
2,011501,0,0.5015565373811505
2,011502,0,0.5011067348004143
2,011504,0,0.5001438035490237
2,011506,0,0.5037737713988448
2,011514,0,0.5008965292487126
2,011523,0,0.5012818302151181
2,011529,0,0.5006216324058694
2,011535,0,0.5005350508247444
2,011536,0,0.5001686103258325
2,011538,0,0.5009978708230305
2,011540,0,0.500209519861643
2,011550,0,0.5008321921100707
2,011555,0,0.5026587400450998
2,011556,0,0.5005301492179107
2,011561,0,0.5018734039684075
2,011575,0,0.5017110042903241
2,011578,0,0.5002165229143565
2,011579,0,0.5011331628723201
2,011597,0,0.5004115109385485
2,011602,0,0.5013309777700645
2,011607,0,0.5018132729298144
2,011617,0,0.5003712623304218
2,011618,0,0.5006203349716236
2,011619,0,0.5006257191758554
2,011621,0,0.5017332772605677
2,011622,0,0.5028470879910196
2,011626,0,0.5002368245942191
2,011634,0,0.5007897191462529
2,011636,0,0.5012401602210801
2,011646,0,0.5012188733723619
2,011652,0,0.5004728831880434
2,011657,0,0.5004151709860978
2,011661,0,0.5005285558006357
2,011662,0,0.5001078553594316
2,011665,0,0.5003850316700044
2,011697,0,0.505560959753717
2,011706,0,0.5007616657586497
2,011712,0,0.5002719982477757
2,011716,0,0.5013836338532047
2,011721,0,0.500499613213072
2,011724,0,0.5032225931956713
2,011731,0,0.5025556500250515
2,011734,0,0.500165380729079
2,011736,0,0.5008132819045531
2,011737,0,0.5011502419713253
2,011740,0,0.5003902395998344
2,011749,0,0.5006592412843157
2,011753,0,0.5001827881385553
2,011755,0,0.5137634427779121
2,011757,0,0.5002340873751364
2,011765,0,0.5012706338785806
2,011766,0,0.5005508516950922
2,011769,0,0.510944874774416
2,011796,0,0.5005768585406875
2,011819,0,0.5004075199945983
2,011826,0,0.5007123046566015
2,011829,0,0.5002435807397679
2,011831,0,0.5061165040076762
2,011833,0,0.5008012202880046
2,011838,0,0.5006065506126512
2,011848,0,0.5010850921425487
2,011849,0,0.5024527864579905
2,011853,0,0.5015356568316054
2,011856,0,0.5002564285968242
2,011864,0,0.5024169476993264
2,011869,0,0.5029679048551784
2,011876,0,0.5003898474408152
2,011879,0,0.5005884412942148
2,011883,0,0.5001490127260101
2,011886,0,0.5015315294291786
2,011890,0,0.500201758206225
2,011891,0,0.5003515273361544
2,011892,0,0.500348464106792
2,011902,0,0.5013817524060256
2,011908,0,0.5009090786208793
2,011913,0,0.5005435651671798
2,011928,0,0.5001375074901409
2,011935,0,0.5005241666057479
2,011937,0,0.5022434767855287
2,011945,0,0.5025092119470783
2,011946,0,0.5000867870586013
2,011955,0,0.5003034044527446
2,011956,0,0.5003660574554853
2,011959,0,0.5008495607727871
2,011965,0,0.5011429257313933
2,011974,0,0.500633759606117
2,011981,0,0.5004165131988854
2,011986,0,0.5003296270617462
2,011997,0,0.5003438547303047
3,000589,1,0.5018962651692498
3,000743,1,0.500090123544587
3,000765,1,0.5004765369349471
3,000809,1,0.5012807616393553
3,000834,1,0.506519559792353
3,000870,1,0.5003634929874364
3,001456,1,0.5060683487338488
3,002303,1,0.5040334393357422
3,002336,1,0.5048351902038213
3,002345,1,0.5006454636183783
3,002978,1,0.5308943973517349
3,003168,1,0.5004686906583793
3,004189,1,0.5001786804187874
3,004301,1,0.5042370695795572
3,004556,1,0.5070919527943917
3,004880,1,0.5005971055002364
3,004934,1,0.5001628423030103
3,005091,1,0.5014480233732952
3,005093,1,0.5002020713821578
3,005098,1,0.5006968238957965
3,005335,1,0.5006786772088277
3,005365,1,0.5095074714083929
3,005815,1,0.5011284872657681
3,006291,1,0.5011607796921539
3,006793,1,0.5012733727174721
3,007645,1,0.5044105362905105
3,007861,1,0.5681505853622253
3,008141,1,0.5050953838759381
3,008146,1,0.5013082509199901
3,008293,1,0.5003558109864085
3,008392,1,0.5085596624133094
3,008580,1,0.5001567545702424
3,008612,1,0.5016479622555325
3,008957,1,0.504172815820902
3,009466,1,0.5049224121904758
3,009691,1,0.5017200585434867
3,009907,1,0.5003747465727891
3,009972,1,0.5016048883208107
3,010305,1,0.5003802521057811
3,010361,1,0.5106529635752598
3,010432,1,0.5011241707539703
3,010523,1,0.5068581173726007
3,010944,1,0.5012477450831689
3,011209,1,0.5034818452949305
3,011493,1,0.5113297247546819
3,011693,1,0.5017832371201618
3,011771,1,0.50060735202326
3,011896,1,0.5006304937492021
3,000004,0,0.505967993783763
3,000005,0,0.5044257211064026
3,000006,0,0.5014281275299063
3,000007,0,0.500233527476696
3,000010,0,0.5005996019961115
3,000015,0,0.5001067610096963
3,000021,0,0.5045765331220303
3,000025,0,0.5005528783280226
3,000027,0,0.5004211184009988
3,000029,0,0.5000901804074406
3,000032,0,0.5019845177413031
3,000034,0,0.5010937104313623
3,000040,0,0.5001527028325286
3,000043,0,0.5004740722443026
3,000057,0,0.500078012697317
3,000062,0,0.5018434148001504
3,000068,0,0.5088149632043848
3,000078,0,0.500143741159166
3,000079,0,0.5008950730407823
3,000080,0,0.5013201582663516
3,000085,0,0.5016934306246363
3,000090,0,0.5020723918187665
3,000100,0,0.500094039063867
3,000103,0,0.5004926134507262
3,000106,0,0.5091046488223805
3,000107,0,0.5003745302362386
3,000108,0,0.5008921014168911
3,000109,0,0.5001574415661114
3,000115,0,0.5004909676412285
3,000116,0,0.5000819404730001
3,000127,0,0.5016250670662677
3,000129,0,0.5007311796769703
3,000135,0,0.50262313352954
3,000137,0,0.5005815825079369
3,000142,0,0.5005774906334401
3,000149,0,0.5018384356375983
3,000152,0,0.5005836028125659
3,000170,0,0.500187096557864
3,000177,0,0.50683387004442
3,000178,0,0.5040895574477444
3,000183,0,0.5042996516349791
3,000184,0,0.5003950914215369
3,000187,0,0.5005766704008067
3,000192,0,0.5027041502200078
3,000193,0,0.5023444063168447
3,000194,0,0.5004760582098993
3,000200,0,0.5105721101446892
3,000202,0,0.5006413698573271
3,000208,0,0.500655401575296
3,000225,0,0.5024862290616051
3,000228,0,0.5010696068150872
3,000238,0,0.5017008726808369
3,000245,0,0.5019520969379994
3,000247,0,0.5019940033891643
3,000264,0,0.5012725122366553
3,000269,0,0.500063332784119
3,000277,0,0.5003645342396429
3,000278,0,0.501345030255667
3,000281,0,0.5003414513943893
3,000289,0,0.5020944079882488
3,000291,0,0.5008254711886795
3,000295,0,0.5002645183070541
3,000300,0,0.5007246886262715
3,000302,0,0.5226586084796974
3,000305,0,0.5042783229564068
3,000306,0,0.5006170094698738
3,000308,0,0.5005688735000074
3,000311,0,0.502018255122521
3,000316,0,0.5002475961507752
3,000320,0,0.5024475579171404
3,000334,0,0.5003777807337482
3,000335,0,0.5003975699642071
3,000337,0,0.5002687579187525
3,000341,0,0.5008624184075301
3,000348,0,0.5027663991900723
3,000352,0,0.5000787806996801
3,000359,0,0.5012926671122159
3,000366,0,0.5011110999859071
3,000368,0,0.5003504183396849
3,000373,0,0.500616495605121
3,000375,0,0.5001300625171422
3,000379,0,0.5010802586038355
3,000382,0,0.5020040403555693
3,000384,0,0.5014100686832588
3,000387,0,0.500493425601838
3,000391,0,0.5004280425517811
3,000392,0,0.50176364558813
3,000402,0,0.5004792866453146
3,000403,0,0.5004287206049142
3,000404,0,0.5005235751940023
3,000406,0,0.5066331776619453
3,000408,0,0.5001434928986368
3,000411,0,0.5009154526384103
3,000417,0,0.5003556405830413
3,000430,0,0.5022930680886428
3,000436,0,0.5004828890128308
3,000437,0,0.500549529612058
3,000441,0,0.5000979106601989
3,000447,0,0.5008041191926994
3,000450,0,0.5040473171552237
3,000460,0,0.504757507325859
3,000462,0,0.5005441430718877
3,000464,0,0.5002161987333922
3,000466,0,0.5005115756598357
3,000473,0,0.5042053017883491
3,000474,0,0.5013373783822588
3,000484,0,0.5025111734743993
3,000489,0,0.5012717671580362
3,000490,0,0.5002456504071578
3,000493,0,0.5003644730739008
3,000494,0,0.5014312305396064
3,000495,0,0.5010151123673818
3,000508,0,0.5001808657729918
3,000509,0,0.5009394306245939
3,000515,0,0.5001301246447338
3,000516,0,0.500541417917723
3,000526,0,0.5006670740340857
3,000527,0,0.5006962342461432
3,000529,0,0.5006012110222345
3,000538,0,0.5008508311500178
3,000550,0,0.5013139579409276
3,000551,0,0.5007488702498689
3,000555,0,0.500714405216291
3,000564,0,0.5096196917737871
3,000569,0,0.5010323238153377
3,000574,0,0.5000855587957626
3,000578,0,0.5002317258712368
3,000579,0,0.5002130906094154
3,000580,0,0.5069077846012017
3,000594,0,0.5024632681997393
3,000600,0,0.5001077305965536
3,000601,0,0.5002231600141015
3,000603,0,0.5006792434203403
3,000604,0,0.5015406257508398
3,000608,0,0.5002404013670945
3,000610,0,0.5002342543762902
3,000614,0,0.5137144117573608
3,000617,0,0.500661380209708
3,000624,0,0.5041544415649047
3,000628,0,0.5001871342529227
3,000636,0,0.5128739204284879
3,000643,0,0.5026768848634926
3,000659,0,0.5002102573625632
3,000666,0,0.500391608514517
3,000669,0,0.5009813003731964
3,000672,0,0.5001992756989094
3,000674,0,0.5023362215715492
3,000679,0,0.5012863221938392
3,000683,0,0.5004160821728995
3,000687,0,0.5011093026566551
3,000689,0,0.5032880285519304
3,000690,0,0.5016480499553624
3,000693,0,0.5063549531930764
3,000697,0,0.5023795066367465
3,000704,0,0.5005336438847479
3,000706,0,0.5004884641840163
3,000708,0,0.5002463292120379
3,000722,0,0.5039195338176822
3,000739,0,0.5003108772419593
3,000741,0,0.5003134414329296
3,000749,0,0.5009096393457924
3,000750,0,0.5002545061227127
3,000751,0,0.5060109350941319
3,000754,0,0.5001052725607358
3,000762,0,0.5043233154295891
3,000763,0,0.5001309273738601
3,000773,0,0.5033629098887317
3,000775,0,0.5008994618860588
3,000780,0,0.5003411977379062
3,000782,0,0.5003293458190884
3,000796,0,0.5004745945206338
3,000803,0,0.501721557915393
3,000814,0,0.5003614571257595
3,000815,0,0.5000349035333699
3,000818,0,0.5015300383115925
3,000822,0,0.5006916452700405
3,000823,0,0.5000436018084592
3,000826,0,0.500878996194119
3,000827,0,0.5001731908666329
3,000829,0,0.5045549108032178
3,000837,0,0.5010324314464388
3,000842,0,0.5017042638270668
3,000856,0,0.5043244958822637
3,000858,0,0.5012057191555481
3,000893,0,0.5029161870419966
3,000896,0,0.5011115741301446
3,000903,0,0.5007679467308382
3,000905,0,0.5001348260494419
3,000906,0,0.5009904506823603
3,000911,0,0.5011226374800013
3,000914,0,0.5001165769745101
3,000919,0,0.5006340978796311
3,000923,0,0.5001051781275818
3,000925,0,0.5002306529719532
3,000927,0,0.5004983055162631
3,000929,0,0.5002302148513346
3,000936,0,0.5004460841011631
3,000944,0,0.5002165667543453
3,000948,0,0.500047250791325
3,000951,0,0.5001421458530523
3,000952,0,0.5001149273319456
3,000959,0,0.5000890831477393
3,000969,0,0.5001277042911509
3,000972,0,0.5021515763968528
3,000996,0,0.500275579454007
3,000998,0,0.5005483176800447
3,001003,0,0.5012468354969273
3,001009,0,0.5003006606740189
3,001012,0,0.5003544395760774
3,001019,0,0.5005997523673903
3,001022,0,0.500923366709329
3,001028,0,0.5001218650913879
3,001035,0,0.5021962718794611
3,001037,0,0.5003229725709817
3,001040,0,0.5006296491654812
3,001043,0,0.5009263576427161
3,001045,0,0.5012240953794589
3,001050,0,0.5077072651194521
3,001053,0,0.5006837118929808
3,001074,0,0.5002079274502816
3,001077,0,0.5014631627408236
3,001078,0,0.5003891386881564
3,001084,0,0.5047729085918307
3,001086,0,0.5001429378154336
3,001096,0,0.500211019468725
3,001104,0,0.5035560906490963
3,001107,0,0.5003534494925292
3,001109,0,0.5012473996338552
3,001114,0,0.5012300666675349
3,001115,0,0.5006788433612266
3,001124,0,0.5008139859181947
3,001132,0,0.500536962256404
3,001134,0,0.5006331092656198
3,001136,0,0.5005255637206857
3,001139,0,0.5002871257553607
3,001142,0,0.5003260997246896
3,001151,0,0.5009986540542134
3,001156,0,0.5005564310506276
3,001166,0,0.500424814089797
3,001167,0,0.5005207205721862
3,001171,0,0.5001762135479989
3,001174,0,0.5004056147679149
3,001178,0,0.5078078123233015
3,001181,0,0.5001667921580237
3,001184,0,0.5013901405858981
3,001203,0,0.5019819862260613
3,001204,0,0.5013995543133397
3,001213,0,0.5040498933080856
3,001216,0,0.5002601412595473
3,001229,0,0.5011848996558734
3,001231,0,0.5224405583088536
3,001241,0,0.5056740701676564
3,001251,0,0.5017450016225319
3,001252,0,0.5029064556862858
3,001257,0,0.5009739226222271
3,001260,0,0.5039957586149892
3,001263,0,0.5021989489361317
3,001264,0,0.5005545524119964
3,001269,0,0.5074936982347014
3,001277,0,0.5004278415118909
3,001289,0,0.5004418064069747
3,001291,0,0.5006475973762928
3,001306,0,0.5003181167417845
3,001308,0,0.5002403861205775
3,001312,0,0.5002103158866565
3,001319,0,0.5001587122835985
3,001320,0,0.500401383676334
3,001327,0,0.5001035624900854
3,001329,0,0.500946038602106
3,001331,0,0.500171839734332
3,001333,0,0.5003738557660404
3,001336,0,0.5014861015760418
3,001338,0,0.5022058379314508
3,001371,0,0.5001173215916679
3,001374,0,0.5004249454760689
3,001381,0,0.500451337801246
3,001383,0,0.5004574738340851
3,001391,0,0.5024712746114999
3,001414,0,0.5009492555727731
3,001438,0,0.5009359305334846
3,001439,0,0.5004426593946931
3,001465,0,0.5001862381576354
3,001467,0,0.5005867844582437
3,001473,0,0.501377791772429
3,001478,0,0.5011796284877226
3,001486,0,0.5033630912079403
3,001489,0,0.5000860097185579
3,001497,0,0.5010765346041473
3,001499,0,0.5001383592412351
3,001504,0,0.5000794762460833
3,001513,0,0.5007469776635456
3,001526,0,0.5017181807461758
3,001531,0,0.5006735235600583
3,001532,0,0.5002900910424212
3,001534,0,0.5012260366061122
3,001540,0,0.5027143184113705
3,001541,0,0.5005715317679008
3,001542,0,0.5002808072384423
3,001552,0,0.5013851973505465
3,001555,0,0.5004381525110868
3,001557,0,0.5015161013621682
3,001584,0,0.5008761888095747
3,001592,0,0.5003071122484388
3,001593,0,0.5019928838794837
3,001595,0,0.5048811420328332
3,001596,0,0.5020687359089439
3,001597,0,0.5000672808238008
3,001614,0,0.5004671522247285
3,001616,0,0.5005957349156522
3,001619,0,0.5037727120470463
3,001627,0,0.5012133226567573
3,001628,0,0.5005227861155296
3,001631,0,0.5001112893491584
3,001639,0,0.5021763772871665
3,001647,0,0.5025705044238343
3,001653,0,0.5006077683949987
3,001658,0,0.5008004895871598
3,001660,0,0.5063218573257736
3,001687,0,0.5080911675480178
3,001691,0,0.500118887482888
3,001699,0,0.5049889206816721
3,001702,0,0.5012446798225326
3,001712,0,0.5001500459773801
3,001717,0,0.5051607458368421
3,001727,0,0.5001506151796724
3,001736,0,0.5006020010996375
3,001744,0,0.5017258275987768
3,001748,0,0.5008450565874677
3,001755,0,0.5000965095247797
3,001766,0,0.5003309445592903
3,001767,0,0.5001374899627411
3,001768,0,0.5059067977941029
3,001773,0,0.5015626428053311
3,001776,0,0.5011519051849145
3,001781,0,0.5010043308358857
3,001783,0,0.5005243909217643
3,001788,0,0.5001241079980981
3,001790,0,0.5002754589029357
3,001792,0,0.5093490571964396
3,001798,0,0.501027841986563
3,001800,0,0.5057560766753721
3,001801,0,0.5001208262387203
3,001808,0,0.5009281274220202
3,001820,0,0.5007666633410556
3,001827,0,0.501458293929361
3,001831,0,0.500521919627222
3,001835,0,0.5006707854698502
3,001838,0,0.5008017494305615
3,001842,0,0.5004934138315851
3,001850,0,0.5003290965820009
3,001855,0,0.5017720957183499
3,001859,0,0.5006577023043554
3,001869,0,0.5003197034521331
3,001873,0,0.5001285098095408
3,001876,0,0.5029335169391727
3,001877,0,0.5006312419919263
3,001883,0,0.5008041205964465
3,001889,0,0.5008130559846282
3,001891,0,0.5004878303489445
3,001894,0,0.5001455555326338
3,001896,0,0.5001084755948396
3,001897,0,0.5020945042254795
3,001906,0,0.5007169732543998
3,001911,0,0.5009761743789573
3,001913,0,0.5003063914491334
3,001915,0,0.5006747082302713
3,001922,0,0.5028072888715852
3,001924,0,0.5021839715848504
3,001929,0,0.5021409054151661
3,001930,0,0.5013264372232229
3,001937,0,0.5003101098476919
3,001940,0,0.5007094298590333
3,001952,0,0.5002720204180159
3,001953,0,0.5004714875222867
3,001954,0,0.5086599002228038
3,001961,0,0.502597368309773
3,001966,0,0.5012716884027801
3,001969,0,0.5065437998813064
3,001979,0,0.5001303194656888
3,001981,0,0.5003373981451811
3,001991,0,0.5013147076433458
3,001995,0,0.5000744851424811
3,002000,0,0.500056836118708
3,002007,0,0.5000786017141562
3,002008,0,0.5018841864821891
3,002019,0,0.5014996030034207
3,002023,0,0.5004555079893279
3,002027,0,0.5019518092233446
3,002037,0,0.5002122442501619
3,002039,0,0.5006334702122104
3,002041,0,0.5001261623826996
3,002048,0,0.5025556306837958
3,002050,0,0.5005377812221062
3,002051,0,0.5006036368680868
3,002065,0,0.5005497902038213
3,002066,0,0.503767460707494
3,002069,0,0.5003340713075631
3,002072,0,0.5009014974655476
3,002076,0,0.5003216546288436
3,002077,0,0.5014991023395482
3,002092,0,0.5027861746489247
3,002094,0,0.5032592430023345
3,002102,0,0.5080752041640958
3,002107,0,0.5019684701420796
3,002130,0,0.5004283309979889
3,002136,0,0.5009860933640139
3,002141,0,0.5010695016229156
3,002142,0,0.5007527614658479
3,002152,0,0.5002671938681894
3,002154,0,0.5011986192141636
3,002160,0,0.500289975813204
3,002161,0,0.5006045442212839
3,002162,0,0.50183881911564
3,002168,0,0.5001587558568127
3,002175,0,0.504268558249947
3,002181,0,0.5137428964994748
3,002184,0,0.505049534461922
3,002191,0,0.5001060337560131
3,002200,0,0.5001194536485009
3,002208,0,0.5005582677567895
3,002211,0,0.5001716598376286
3,002213,0,0.5000876959144952
3,002215,0,0.5013658892309453
3,002229,0,0.5004949870858875
3,002230,0,0.5006738786433312
3,002242,0,0.5014757054480886
3,002271,0,0.5011340042255841
3,002275,0,0.5001076867018965
3,002279,0,0.500296139159135
3,002280,0,0.5007393266189973
3,002287,0,0.5028674454811038
3,002293,0,0.5030437709750982
3,002306,0,0.5002006417631006
3,002313,0,0.5004241951448691
3,002325,0,0.5002981628253765
3,002328,0,0.5015229375455315
3,002332,0,0.5011867389356093
3,002333,0,0.5002330250386989
3,002338,0,0.5011306517565197
3,002356,0,0.500153105750077
3,002360,0,0.5002957137690162
3,002368,0,0.5011330066588978
3,002371,0,0.50028681582346
3,002373,0,0.5004023215407606
3,002375,0,0.504497572258965
3,002384,0,0.5005365074363146
3,002402,0,0.5002673800283395
3,002419,0,0.5005944701524989
3,002420,0,0.5005833324937674
3,002427,0,0.5002265533099913
3,002438,0,0.5007218835617718
3,002442,0,0.5001681210361014
3,002447,0,0.5002264968630974
3,002449,0,0.5003343480378496
3,002451,0,0.5085753457155163
3,002455,0,0.5002191724379689
3,002456,0,0.5112688424854436
3,002466,0,0.5024554501226894
3,002468,0,0.5007553044508014
3,002470,0,0.501666861721458
3,002472,0,0.5012757306236515
3,002477,0,0.5007927839668135
3,002479,0,0.5006326108656238
3,002485,0,0.5008276595468181
3,002490,0,0.5000656648552095
3,002496,0,0.5007908696819828
3,002498,0,0.5082800643067096
3,002502,0,0.500354670712713
3,002504,0,0.5004852538709995
3,002511,0,0.5008534294534215
3,002512,0,0.5009825294683298
3,002526,0,0.5016246186435238
3,002533,0,0.504645202975972
3,002534,0,0.5005957111515813
3,002543,0,0.5004150057606993
3,002548,0,0.5020089213880253
3,002549,0,0.5005931932992924
3,002556,0,0.5013556069740914
3,002558,0,0.5010982207393316
3,002562,0,0.5037755505713364
3,002567,0,0.5010997196664719
3,002568,0,0.500399137349864
3,002574,0,0.5012492882646307
3,002585,0,0.502317065031558
3,002588,0,0.501708418834631
3,002591,0,0.503678944326859
3,002603,0,0.5026469174237087
3,002610,0,0.5054480042625727
3,002612,0,0.500933534418834
3,002619,0,0.5015757263408562
3,002625,0,0.5010573174903377
3,002626,0,0.5029191012214844
3,002629,0,0.5006760028304563
3,002634,0,0.5001148130708879
3,002635,0,0.5018259556386601
3,002641,0,0.5012505063955631
3,002645,0,0.5003920654228148
3,002654,0,0.501293950341537
3,002655,0,0.5007508992353263
3,002656,0,0.5009180429353296
3,002660,0,0.5014018423802302
3,002670,0,0.5111069780731202
3,002681,0,0.5004924808999459
3,002705,0,0.5002701287905377
3,002714,0,0.5004306448538618
3,002718,0,0.5000622762379454
3,002726,0,0.5002834583080029
3,002731,0,0.5011837711591793
3,002738,0,0.5006361957763408
3,002741,0,0.5021544650662216
3,002745,0,0.5006908462944085
3,002749,0,0.5006768732998181
3,002750,0,0.5009440719906264
3,002752,0,0.5009466842489125
3,002754,0,0.5003031521640463
3,002755,0,0.5003025232251828
3,002773,0,0.500201897774198
3,002774,0,0.5000915696789133
3,002777,0,0.500228890425601
3,002779,0,0.5013599245951053
3,002782,0,0.5012799272186348
3,002803,0,0.5000489990886532
3,002815,0,0.5012708108534041
3,002822,0,0.502664253376736
3,002823,0,0.5001923066362122
3,002828,0,0.5003135849609545
3,002833,0,0.5133383883804913
3,002838,0,0.500529441654994
3,002843,0,0.5002398391725821
3,002861,0,0.5001222438830747
3,002877,0,0.5035656441694
3,002879,0,0.5076034061793465
3,002880,0,0.5000512769653896
3,002894,0,0.5009734954593018
3,002904,0,0.5043641559000713
3,002906,0,0.5029641895571472
3,002908,0,0.5044501080166162
3,002913,0,0.5002382456959389
3,002919,0,0.500664460627021
3,002920,0,0.5010715207596642
3,002925,0,0.5017351103031362
3,002926,0,0.5001471366590303
3,002945,0,0.5001278727304902
3,002946,0,0.5046502707477483
3,002953,0,0.5023288590928732
3,002955,0,0.5001791202592785
3,002958,0,0.5004330990876489
3,002965,0,0.5058441147538317
3,002971,0,0.5003187681076193
3,002981,0,0.5002256910734627
3,002982,0,0.5008002667104732
3,002985,0,0.5010953886328539
3,002988,0,0.501812865881181
3,002990,0,0.5014720346593056
3,003000,0,0.5007746005620692
3,003003,0,0.5000595720552631
3,003009,0,0.5002445750484996
3,003016,0,0.5001207730431952
3,003024,0,0.5013962241212574
3,003036,0,0.5006279831316652
3,003037,0,0.5352110645511136
3,003039,0,0.5008484231981298
3,003041,0,0.5004373567016612
3,003042,0,0.5018550137944411
3,003046,0,0.5023871992892103
3,003048,0,0.5045887866320148
3,003049,0,0.503560636319952
3,003060,0,0.5002482163715429
3,003079,0,0.5005294707175979
3,003080,0,0.5001913945135884
3,003082,0,0.5004023457798847
3,003085,0,0.5053493447013837
3,003089,0,0.5029510172700264
3,003099,0,0.5003715058036814
3,003101,0,0.5001115429668719
3,003103,0,0.5001501190674231
3,003105,0,0.5003944307408029
3,003111,0,0.5007295866815381
3,003120,0,0.5002336552225931
3,003122,0,0.5006306744404136
3,003124,0,0.5030170443335172
3,003126,0,0.5005820008476753
3,003134,0,0.500103693815278
3,003138,0,0.5002481575857921
3,003139,0,0.5003237834747349
3,003141,0,0.5001461993381837
3,003152,0,0.5002471545680457
3,003161,0,0.5007781174982419
3,003169,0,0.5027110997383968
3,003171,0,0.5008856525585968
3,003175,0,0.5009266108976446
3,003182,0,0.5013505496668059
3,003185,0,0.5009191177148234
3,003187,0,0.5057495850414992
3,003192,0,0.5019155495617376
3,003202,0,0.5016470339374507
3,003206,0,0.5000769250692435
3,003208,0,0.5026292532886243
3,003216,0,0.5000478607052302
3,003220,0,0.5003228778467037
3,003229,0,0.5009755981282802
3,003233,0,0.5001828174993359
3,003243,0,0.5002586297903873
3,003248,0,0.5005657473598701
3,003252,0,0.5002725600483425
3,003260,0,0.5014522898691749
3,003271,0,0.5101759433278092
3,003275,0,0.5019306468262607
3,003279,0,0.5006016782053451
3,003280,0,0.5003807570280497
3,003284,0,0.5003683101402778
3,003287,0,0.5015925191063593
3,003302,0,0.500075270911296
3,003303,0,0.5003516079075837
3,003321,0,0.5014565363456721
3,003324,0,0.5003528878239898
3,003327,0,0.5012499693612077
3,003332,0,0.5020060045263549
3,003334,0,0.500455047865106
3,003335,0,0.5017307997506062
3,003337,0,0.5004033377945013
3,003341,0,0.5002734840993915
3,003346,0,0.5001350993734397
3,003350,0,0.501285904699052
3,003363,0,0.5009845315243199
3,003374,0,0.5005692695498404
3,003384,0,0.5001347168195427
3,003389,0,0.5008675109043099
3,003397,0,0.5012988500222209
3,003401,0,0.5041080865947232
3,003410,0,0.5013028332042999
3,003411,0,0.5006482261558698
3,003413,0,0.5008856070730701
3,003421,0,0.5003955254582279
3,003423,0,0.5000766562793378
3,003424,0,0.5000580295365227
3,003431,0,0.5022719090917893
3,003432,0,0.5005219473598981
3,003434,0,0.5015009681571608
3,003436,0,0.5013075435687792
3,003439,0,0.5084462452059689
3,003447,0,0.501217952521006
3,003451,0,0.5011926461593967
3,003457,0,0.5019364013418985
3,003458,0,0.500545257047003
3,003460,0,0.500252821805191
3,003472,0,0.5003121766892541
3,003475,0,0.5051036235844456
3,003479,0,0.5017822745908743
3,003480,0,0.5004349061553842
3,003484,0,0.5002235212709223
3,003486,0,0.5007090398818588
3,003488,0,0.500062471901945
3,003489,0,0.5001335805535375
3,003492,0,0.5009098817386963
3,003496,0,0.5001434294300513
3,003503,0,0.5001091195568067
3,003506,0,0.5086433251913958
3,003508,0,0.5123738888945435
3,003512,0,0.5001486380534435
3,003516,0,0.5002322324303958
3,003519,0,0.5001947715991327
3,003520,0,0.5011473554393537
3,003523,0,0.5006973139633981
3,003526,0,0.5009230973516747
3,003529,0,0.5030441897337268
3,003533,0,0.5005828848955562
3,003540,0,0.5001123360900305
3,003541,0,0.5005331744234364
3,003544,0,0.5004553785776358
3,003552,0,0.5002737157189875
3,003562,0,0.5000952221765931
3,003566,0,0.5008211861603948
3,003578,0,0.500352997104287
3,003580,0,0.5005333337693979
3,003589,0,0.5007464967950985
3,003592,0,0.5015131839827095
3,003600,0,0.5047018803807964
3,003616,0,0.5008271277043412
3,003620,0,0.5006000544855139
3,003621,0,0.501000305928375
3,003623,0,0.5014765049248529
3,003630,0,0.5072172586104174
3,003634,0,0.5002572509542181
3,003642,0,0.5028057130346226
3,003654,0,0.5013436734966817
3,003658,0,0.5002821670253982
3,003659,0,0.5019300902100617
3,003662,0,0.5001489162383695
3,003667,0,0.5005406360645048
3,003670,0,0.5005193512741295
3,003679,0,0.5004868727941684
3,003706,0,0.5008138837841272
3,003710,0,0.5002912423130244
3,003719,0,0.5001978594141953
3,003723,0,0.5006159864360784
3,003738,0,0.5022430953854476
3,003750,0,0.5003684906260488
3,003753,0,0.50052600509919
3,003754,0,0.5004743765293962
3,003755,0,0.5010784678924568
3,003756,0,0.502595874523459
3,003762,0,0.5003650018836693
3,003763,0,0.5001293963531014
3,003764,0,0.5035886447381983
3,003765,0,0.5011180624183342
3,003777,0,0.5006062791391682
3,003778,0,0.5001894827383176
3,003781,0,0.500394990256618
3,003785,0,0.5006390476321374
3,003803,0,0.501703344384336
3,003806,0,0.5011858207425707
3,003820,0,0.5008105899467508
3,003822,0,0.5013317389202615
3,003826,0,0.5014209570332746
3,003831,0,0.5007098230899873
3,003837,0,0.5001928580893482
3,003838,0,0.5011654600482789
3,003841,0,0.5003809266396031
3,003847,0,0.5004337897834523
3,003849,0,0.5056600033668843
3,003852,0,0.5007799988538131
3,003855,0,0.5001840337963919
3,003868,0,0.5045090182322728
3,003871,0,0.5014490458246876
3,003878,0,0.5013610655647024
3,003882,0,0.5003783027384725
3,003883,0,0.5019185124969076
3,003884,0,0.5005458240784505
3,003889,0,0.5006650457638588
3,003891,0,0.5002221221221922
3,003893,0,0.5002164281374195
3,003895,0,0.5047965703280011
3,003913,0,0.5026646415360144
3,003919,0,0.5001755653188188
3,003924,0,0.501071161360288
3,003926,0,0.5033025347829604
3,003938,0,0.5002709352002829
3,003939,0,0.5003396070470423
3,003950,0,0.5010318569821135
3,003953,0,0.5003278132367589
3,003956,0,0.5015205444701248
3,003957,0,0.5011125069635195
3,003962,0,0.5033677662938457
3,003968,0,0.5002846552787119
3,003969,0,0.5025096784942743
3,003975,0,0.5002209633187755
3,003980,0,0.5006400338754619
3,003984,0,0.5006778858019957
3,003986,0,0.5024224980525478
3,003991,0,0.5024767861115146
3,003995,0,0.5000186752324515
3,003998,0,0.5009621119357873
3,004011,0,0.5032268921095989
3,004013,0,0.501038635290037
3,004016,0,0.5000764813164349
3,004019,0,0.5018899144745419
3,004024,0,0.5005170045884261
3,004030,0,0.5185917674624454
3,004032,0,0.5061506274239855
3,004034,0,0.5011030092042179
3,004040,0,0.5031307895774478
3,004041,0,0.5010448441445484
3,004053,0,0.5001452366516468
3,004057,0,0.500637934326164
3,004062,0,0.5008512031182453
3,004064,0,0.5008992593988953
3,004068,0,0.5020677121367216
3,004079,0,0.5004981249383385
3,004089,0,0.5009222220383769
3,004101,0,0.5007191586121696
3,004102,0,0.5007563946939456
3,004113,0,0.500607792571922
3,004114,0,0.5018849170718809
3,004125,0,0.5005934063762433
3,004133,0,0.503074044484136
3,004141,0,0.5003050741103655
3,004146,0,0.5069317096909266
3,004147,0,0.5002991785523795
3,004150,0,0.5006227390147074
3,004154,0,0.501093855403141
3,004155,0,0.5007213378745029
3,004156,0,0.502057695394423
3,004159,0,0.5045135272186019
3,004160,0,0.500134164835286
3,004162,0,0.5016475046881248
3,004165,0,0.5006272725618823
3,004183,0,0.5003836673005989
3,004192,0,0.5021113137432314
3,004193,0,0.5079935383374224
3,004195,0,0.500829063925099
3,004203,0,0.5011125873784247
3,004220,0,0.5006650155556502
3,004228,0,0.50379945977118
3,004234,0,0.5005838237798225
3,004238,0,0.5001172987058533
3,004241,0,0.5035951062713767
3,004245,0,0.5005493939278539
3,004246,0,0.5000378904677972
3,004247,0,0.5016552238968216
3,004254,0,0.5005253554983922
3,004265,0,0.5007461093778798
3,004268,0,0.5009774451617454
3,004274,0,0.5013989674911975
3,004281,0,0.5023379292121137
3,004287,0,0.5005314331280845
3,004289,0,0.5002220072940702
3,004304,0,0.5124337009577521
3,004308,0,0.500330532905731
3,004309,0,0.5002375077555146
3,004314,0,0.5000654146766154
3,004317,0,0.5002236080748971
3,004318,0,0.5000820103766228
3,004321,0,0.5007244624723195
3,004323,0,0.5111840602604
3,004324,0,0.5001574039992146
3,004327,0,0.5000363845643085
3,004328,0,0.5001612915090402
3,004335,0,0.5005154511973251
3,004338,0,0.502147213759487
3,004349,0,0.5005604244045331
3,004350,0,0.5003836286040126
3,004353,0,0.5112383660233728
3,004358,0,0.5008660881054684
3,004359,0,0.5007814882971934
3,004360,0,0.500056600177914
3,004361,0,0.500871477266304
3,004372,0,0.5023151869852234
3,004387,0,0.5002111901047699
3,004391,0,0.5007202341559651
3,004393,0,0.502935846455265
3,004399,0,0.5124096687276435
3,004404,0,0.5006128827097878
3,004406,0,0.5009038755556726
3,004415,0,0.5129746630427773
3,004417,0,0.5004189153068231
3,004430,0,0.5020000695862584
3,004434,0,0.500064616771405
3,004439,0,0.5019055824646779
3,004440,0,0.5010431655794352
3,004442,0,0.5002062606195932
3,004446,0,0.5001341177032501
3,004463,0,0.5000683768810157
3,004464,0,0.5002821605198349
3,004465,0,0.5002936783026297
3,004475,0,0.502030774126095
3,004487,0,0.5000766889909722
3,004493,0,0.5004618081079867
3,004499,0,0.503061229379174
3,004503,0,0.5003583845970601
3,004508,0,0.5000874055773482
3,004523,0,0.5006231968907094
3,004526,0,0.5007162556593527
3,004530,0,0.5001556250463436
3,004531,0,0.503493147601904
3,004533,0,0.5003314538666335
3,004534,0,0.5018110170536682
3,004547,0,0.5003807048743782
3,004557,0,0.5017169151168631
3,004578,0,0.5023231272922818
3,004580,0,0.5016148943411451
3,004582,0,0.5005105349748707
3,004584,0,0.5005150921059228
3,004585,0,0.5004586033432626
3,004587,0,0.5041963953284657
3,004614,0,0.5004538836815062
3,004616,0,0.5004629019969553
3,004629,0,0.5039587252802102
3,004630,0,0.5094776612425699
3,004631,0,0.5000576560177497
3,004632,0,0.502174125338942
3,004640,0,0.5003477274499692
3,004651,0,0.5003843165976255
3,004664,0,0.500108998032728
3,004674,0,0.5016329765322182
3,004675,0,0.5018465198099061
3,004678,0,0.502125246751697
3,004679,0,0.5011711334234195
3,004684,0,0.5004985268643575
3,004686,0,0.5006881145863392
3,004688,0,0.5005459016192606
3,004689,0,0.5001089497741034
3,004690,0,0.5010667699747678
3,004695,0,0.5002804172914113
3,004699,0,0.501216029649073
3,004701,0,0.5013298565685068
3,004714,0,0.5000561216146729
3,004719,0,0.5031861858833171
3,004741,0,0.5016104994387719
3,004743,0,0.5006341242544986
3,004746,0,0.5003121296498833
3,004760,0,0.5003274523821303
3,004769,0,0.5004806184236334
3,004775,0,0.5015993757780747
3,004781,0,0.5038223878603538
3,004788,0,0.5005062710404832
3,004789,0,0.5000767871065465
3,004792,0,0.5025841485012383
3,004796,0,0.5008211643094135
3,004797,0,0.5009054161012303
3,004799,0,0.5008817720408634
3,004804,0,0.5006846642439864
3,004806,0,0.500400881335313
3,004808,0,0.5024864703261969
3,004814,0,0.5003057072408746
3,004820,0,0.5000410458660524
3,004836,0,0.5002617753118296
3,004839,0,0.5008759869751677
3,004841,0,0.500290218267956
3,004843,0,0.5006664777995042
3,004854,0,0.5007717977948978
3,004858,0,0.5129915759583582
3,004860,0,0.5003038358164171
3,004861,0,0.5002697608616113
3,004862,0,0.5014048381439963
3,004864,0,0.5019484613339714
3,004870,0,0.5002581640689551
3,004873,0,0.5015031735854618
3,004874,0,0.5002440644303449
3,004881,0,0.5001857777466591
3,004882,0,0.5017371204114549
3,004894,0,0.5002009959607395
3,004895,0,0.5033984478525755
3,004905,0,0.5002335940519214
3,004906,0,0.5004253021471634
3,004913,0,0.5012756589243326
3,004914,0,0.5003580134370581
3,004928,0,0.501278991478107
3,004929,0,0.5007922973174553
3,004931,0,0.5012241232440923
3,004936,0,0.5000732686377425
3,004940,0,0.50075266973429
3,004953,0,0.5007539642681934
3,004959,0,0.5005996879682768
3,004964,0,0.5008092016417798
3,004968,0,0.5000840948454487
3,004971,0,0.500414268368303
3,004982,0,0.5026327851586274
3,004986,0,0.5000706484635906
3,005006,0,0.5005153038917438
3,005010,0,0.5012867860994824
3,005016,0,0.5016071622563832
3,005019,0,0.5000493759578225
3,005024,0,0.5006842884583886
3,005028,0,0.5029874504251358
3,005043,0,0.509168402724053
3,005046,0,0.5011937105221134
3,005058,0,0.5007404906366791
3,005072,0,0.5077248940176298
3,005079,0,0.5002543571230219
3,005094,0,0.5048884406739965
3,005096,0,0.5002072101618956
3,005100,0,0.5021508778806806
3,005116,0,0.5051843768591024
3,005119,0,0.5020423901041354
3,005121,0,0.5002570190507196
3,005134,0,0.5010243688923417
3,005135,0,0.5002009175195566
3,005141,0,0.5001779696752006
3,005143,0,0.5023272932953645
3,005152,0,0.5001726586205938
3,005160,0,0.5002211990917004
3,005164,0,0.5003171321660373
3,005178,0,0.5018610327930563
3,005183,0,0.5008593587227494
3,005185,0,0.5007394892281394
3,005186,0,0.5015519929009733
3,005189,0,0.5035879387860195
3,005197,0,0.5010850804718592
3,005209,0,0.5013114443224232
3,005215,0,0.5010258325737229
3,005216,0,0.5037181148796358
3,005222,0,0.5041389104388593
3,005223,0,0.5041275817307312
3,005224,0,0.5005689590622837
3,005227,0,0.500662895478888
3,005234,0,0.5000345675281775
3,005236,0,0.5005190681753147
3,005238,0,0.5001961713701297
3,005241,0,0.5000399592662685
3,005249,0,0.5002928871148389
3,005252,0,0.5004110187467044
3,005257,0,0.5021825730268631
3,005258,0,0.5051507944852274
3,005260,0,0.5004405695866229
3,005268,0,0.5038362054959723
3,005274,0,0.5002384992711342
3,005275,0,0.5003898130508617
3,005276,0,0.5010076993292519
3,005277,0,0.5010553445478657
3,005278,0,0.5007734129787137
3,005284,0,0.5005126470667524
3,005286,0,0.5002780546301394
3,005287,0,0.5011663872300551
3,005294,0,0.50495838135401
3,005297,0,0.5309847221243549
3,005298,0,0.5072859136670052
3,005304,0,0.500525687856583
3,005306,0,0.5007710551159986
3,005310,0,0.5001543983449571
3,005313,0,0.5017122335093347
3,005321,0,0.500464581826058
3,005323,0,0.5001436571917172
3,005324,0,0.5000673077705685
3,005326,0,0.50014548862409
3,005334,0,0.5005590734898814
3,005337,0,0.500605207866533
3,005345,0,0.5001486627319215
3,005346,0,0.5008327096688777
3,005348,0,0.5001703384656682
3,005349,0,0.5019301342003356
3,005351,0,0.5015616730540127
3,005366,0,0.5008450874439971
3,005367,0,0.5006498842911442
3,005372,0,0.5007553685454125
3,005374,0,0.5020232952211163
3,005381,0,0.5000401675004013
3,005391,0,0.5004733193175003
3,005394,0,0.5002652671687724
3,005399,0,0.5010302385149733
3,005401,0,0.500225247419253
3,005418,0,0.5008184293979465
3,005422,0,0.502570932336103
3,005423,0,0.5002518079034931
3,005433,0,0.5052124000927458
3,005439,0,0.5026942696472804
3,005445,0,0.5002152265898325
3,005448,0,0.5035105970996641
3,005452,0,0.5041866325762484
3,005470,0,0.5008619685152659
3,005477,0,0.5006553874009342
3,005485,0,0.5002596259067512
3,005488,0,0.5012394923306317
3,005498,0,0.5018080795372664
3,005501,0,0.5002085480785727
3,005503,0,0.501057779608239
3,005509,0,0.5006348010023763
3,005527,0,0.5014582553613397
3,005538,0,0.5013594136753793
3,005541,0,0.5017450216511259
3,005545,0,0.5004349414717428
3,005546,0,0.500765942769917
3,005550,0,0.5006170992786789
3,005555,0,0.5002868191021697
3,005556,0,0.5008002154557245
3,005560,0,0.5068812201822529
3,005564,0,0.5004660714255922
3,005565,0,0.5013227091404399
3,005566,0,0.5061433275164284
3,005572,0,0.5013429724466786
3,005575,0,0.5032667946010368
3,005578,0,0.5013480666782429
3,005583,0,0.5003510115486001
3,005587,0,0.5008031483361499
3,005588,0,0.5006183397655484
3,005590,0,0.5002156577410523
3,005592,0,0.5004871060492649
3,005594,0,0.503048469399014
3,005601,0,0.5033770765123001
3,005606,0,0.5002724017566121
3,005607,0,0.5074963373896938
3,005611,0,0.5008968917931065
3,005612,0,0.5003869783581757
3,005619,0,0.5005068712035414
3,005624,0,0.5026925900125736
3,005628,0,0.5013587051882241
3,005638,0,0.5013688328409833
3,005648,0,0.5006730474907829
3,005651,0,0.5005277079716689
3,005652,0,0.5000368435259489
3,005657,0,0.5008923337951824
3,005663,0,0.5079896989501859
3,005665,0,0.5012133253157096
3,005666,0,0.500458555531985
3,005668,0,0.5057559284751317
3,005671,0,0.500255097109511
3,005674,0,0.5031234910319039
3,005678,0,0.5003157773000514
3,005682,0,0.5001424819160819
3,005686,0,0.5001146908668893
3,005696,0,0.5001064894590979
3,005699,0,0.5003319059655734
3,005705,0,0.5074685349761431
3,005721,0,0.500123701677824
3,005722,0,0.5034773644549724
3,005724,0,0.5015330640226016
3,005732,0,0.5001586861033803
3,005734,0,0.5019352761437784
3,005736,0,0.5000689445798837
3,005738,0,0.5000719860673645
3,005741,0,0.5001210382212701
3,005748,0,0.5007759408821487
3,005750,0,0.5003692375874862
3,005755,0,0.500622798764855
3,005760,0,0.5096493594003823
3,005763,0,0.5005970673315143
3,005764,0,0.5018872473082918
3,005774,0,0.5001400074314163
3,005775,0,0.5007025647457588
3,005778,0,0.5009257920833464
3,005786,0,0.5007269331297093
3,005798,0,0.5033604518022629
3,005802,0,0.5002793267718743
3,005813,0,0.5002759511669409
3,005821,0,0.5005114584183593
3,005823,0,0.5019549894034162
3,005824,0,0.5003676963132152
3,005826,0,0.5005241836288065
3,005830,0,0.5000822725474449
3,005834,0,0.5006878636424172
3,005837,0,0.5006343525823067
3,005842,0,0.5001146192186121
3,005866,0,0.5014270359918634
3,005871,0,0.5000632957533561
3,005877,0,0.5010597586814101
3,005882,0,0.5002454113244772
3,005883,0,0.5004418612428005
3,005884,0,0.5015271090340868
3,005895,0,0.500185636477346
3,005900,0,0.5006176336306718
3,005910,0,0.5002961108540215
3,005914,0,0.5003046795664116
3,005921,0,0.5002840939603772
3,005924,0,0.5025850024455522
3,005925,0,0.5003479245456984
3,005927,0,0.5005164298070879
3,005933,0,0.5001688164592233
3,005934,0,0.502114440222697
3,005940,0,0.5002925071168012
3,005941,0,0.5002105372505871
3,005946,0,0.5001521236362857
3,005964,0,0.5019427074819103
3,005965,0,0.5027276725112467
3,005975,0,0.503958398420056
3,005976,0,0.5002889576823604
3,005986,0,0.5029140406261733
3,006001,0,0.5006566734142454
3,006021,0,0.5016550917927931
3,006022,0,0.5001216599537993
3,006027,0,0.5003317131388054
3,006041,0,0.500218068406187
3,006042,0,0.5000637286903716
3,006045,0,0.50034199131423
3,006047,0,0.5002524381675755
3,006050,0,0.5006889829676632
3,006053,0,0.5002433693601992
3,006063,0,0.5000436117443973
3,006064,0,0.5033518347880654
3,006068,0,0.5001574138678889
3,006070,0,0.5017889055902343
3,006076,0,0.5005289169875935
3,006078,0,0.5007457245978544
3,006084,0,0.502810745938983
3,006089,0,0.5002586855962932
3,006099,0,0.5009793633000494
3,006105,0,0.5001984690535133
3,006106,0,0.500626403707577
3,006113,0,0.5082826243915397
3,006114,0,0.5030555156669028
3,006115,0,0.5008383223140997
3,006124,0,0.5002248915263913
3,006128,0,0.5046081710785137
3,006136,0,0.5005692342913617
3,006142,0,0.5020452402950398
3,006148,0,0.5000772547343473
3,006155,0,0.5016334075159353
3,006161,0,0.5018583630308254
3,006169,0,0.5017758036056155
3,006173,0,0.5002786016500502
3,006175,0,0.5235493390941846
3,006183,0,0.500248137091983
3,006185,0,0.5002173844665748
3,006196,0,0.5024618137858158
3,006209,0,0.5002257961801594
3,006218,0,0.5001189263661536
3,006219,0,0.5002266591613861
3,006224,0,0.5008762763184385
3,006225,0,0.5001122828860202
3,006226,0,0.5009235531391829
3,006230,0,0.5024213445064408
3,006233,0,0.5002060980358026
3,006234,0,0.5006380175254367
3,006236,0,0.5011536226731238
3,006243,0,0.5005118460794415
3,006246,0,0.500234043001002
3,006248,0,0.5001340596965076
3,006251,0,0.5014179629114286
3,006258,0,0.5015553227073019
3,006263,0,0.50031566819686
3,006268,0,0.5001383904635917
3,006278,0,0.500334826644455
3,006281,0,0.5004684446023935
3,006282,0,0.5005373616367264
3,006283,0,0.5013627572294252
3,006286,0,0.5010141215250179
3,006292,0,0.5008842791759521
3,006298,0,0.5012188607135116
3,006300,0,0.5017294207682905
3,006304,0,0.5008098888626158
3,006306,0,0.5006528788900054
3,006324,0,0.5006870005325109
3,006329,0,0.5002650995597863
3,006340,0,0.5019889256325163
3,006341,0,0.5023652901323483
3,006356,0,0.5004369603485801
3,006367,0,0.5003028219551244
3,006370,0,0.5035304097975597
3,006372,0,0.5001495594859591
3,006379,0,0.5021822935456263
3,006384,0,0.5003031454979663
3,006386,0,0.5002128371620583
3,006390,0,0.5001745810725333
3,006391,0,0.5001406608874336
3,006397,0,0.501694563126305
3,006407,0,0.5020283388328064
3,006410,0,0.5024030154417918
3,006413,0,0.5007503843725011
3,006417,0,0.5000749989880324
3,006418,0,0.5006662307373861
3,006421,0,0.5003099487541284
3,006422,0,0.50024614432537
3,006429,0,0.5005336347162794
3,006433,0,0.5007883123483916
3,006434,0,0.5004770145647425
3,006441,0,0.5005615397226847
3,006443,0,0.5031363939917369
3,006452,0,0.5003624131669259
3,006465,0,0.5008971304896391
3,006471,0,0.5001888469918155
3,006493,0,0.500917102595115
3,006496,0,0.5015609484498234
3,006498,0,0.5019308011050408
3,006500,0,0.5008314978218433
3,006506,0,0.506674073861583
3,006510,0,0.5002205208781544
3,006514,0,0.5006284257776747
3,006517,0,0.5021812014462006
3,006524,0,0.5009321874715075
3,006534,0,0.5000762768271555
3,006536,0,0.5021246757371596
3,006537,0,0.5110684201366423
3,006544,0,0.5001271374063414
3,006549,0,0.500402319878041
3,006552,0,0.5004507679083957
3,006562,0,0.5005893214908894
3,006568,0,0.5000496377558538
3,006572,0,0.5021892588088048
3,006586,0,0.5005428170993573
3,006588,0,0.5014252352768007
3,006610,0,0.5002814728087898
3,006618,0,0.5009677209068091
3,006629,0,0.5003890719298516
3,006632,0,0.500692825025329
3,006643,0,0.501842047861111
3,006644,0,0.5008447169716831
3,006645,0,0.500628131665794
3,006656,0,0.5007299937305804
3,006662,0,0.5028639870831786
3,006664,0,0.5001028501850164
3,006667,0,0.5002265599953895
3,006672,0,0.5000497960087424
3,006675,0,0.5001524360219483
3,006684,0,0.5003064089186938
3,006687,0,0.5001737592608413
3,006688,0,0.5034064253241185
3,006690,0,0.500108943257415
3,006694,0,0.5017729353771235
3,006697,0,0.5002779429684414
3,006705,0,0.5001147316367835
3,006706,0,0.5001526213688897
3,006710,0,0.500282260412705
3,006714,0,0.5005041468343429
3,006726,0,0.5002692144089003
3,006735,0,0.5005605750313148
3,006740,0,0.5007782111965148
3,006741,0,0.5049356566216743
3,006742,0,0.5004049818042298
3,006748,0,0.5065787691763224
3,006753,0,0.5002630027709191
3,006759,0,0.5001037694654832
3,006760,0,0.5001168739476297
3,006761,0,0.5011240651543267
3,006765,0,0.5017164840674911
3,006769,0,0.5011513625960183
3,006770,0,0.5029442104179198
3,006774,0,0.5001414653519366
3,006775,0,0.500148102753408
3,006780,0,0.5074481066638453
3,006781,0,0.5004279822760505
3,006783,0,0.5000644355342121
3,006785,0,0.5020937783720653
3,006789,0,0.5001396007144471
3,006790,0,0.5004504088364303
3,006802,0,0.5012978535459791
3,006804,0,0.5044306326481179
3,006812,0,0.500044721607262
3,006813,0,0.5014717989057011
3,006817,0,0.5002122264335038
3,006820,0,0.501399149077117
3,006824,0,0.5008386706556365
3,006835,0,0.5003473261332668
3,006838,0,0.5002762137633259
3,006840,0,0.5005242974285323
3,006852,0,0.5003177668878261
3,006853,0,0.504202174312264
3,006854,0,0.5014016105543105
3,006856,0,0.5001455106071018
3,006857,0,0.5002147052263183
3,006861,0,0.5003139714019528
3,006864,0,0.5002251662577435
3,006865,0,0.5002158768298773
3,006872,0,0.5020575312255102
3,006875,0,0.5024491446836332
3,006883,0,0.5013565552144911
3,006884,0,0.5011099670701675
3,006885,0,0.5000568279457368
3,006897,0,0.5006993297142912
3,006899,0,0.5005389862419911
3,006904,0,0.5007167385336949
3,006905,0,0.5001925417086178
3,006908,0,0.5003647915574395
3,006916,0,0.5001287688044807
3,006922,0,0.5003776644389063
3,006923,0,0.5004489210266316
3,006927,0,0.5003881713123427
3,006928,0,0.5006120692353034
3,006942,0,0.5001948996582375
3,006951,0,0.5003710077416678
3,006963,0,0.5000523362825935
3,006972,0,0.5015545380268519
3,006980,0,0.5025360035556706
3,006984,0,0.5004325636172807
3,006986,0,0.5005389742707966
3,006992,0,0.5003348622279211
3,006997,0,0.5001417669807823
3,007004,0,0.5002449266373663
3,007009,0,0.5034449623602131
3,007013,0,0.5014523039760486
3,007015,0,0.5004306993981181
3,007024,0,0.5002830215874092
3,007025,0,0.5085734399213934
3,007026,0,0.500837573066989
3,007030,0,0.5135451874021943
3,007035,0,0.5003477287128195
3,007046,0,0.5001869310667186
3,007051,0,0.5056779503616764
3,007054,0,0.5056213355292448
3,007066,0,0.5001134216682466
3,007072,0,0.5001395376262915
3,007076,0,0.5002075465944728
3,007081,0,0.501905118916977
3,007084,0,0.5009541651220812
3,007087,0,0.500873324475026
3,007102,0,0.5008717764066167
3,007104,0,0.5013365645652325
3,007119,0,0.5013795923238387
3,007121,0,0.5002895701953664
3,007122,0,0.5001727326430377
3,007127,0,0.50236826660109
3,007128,0,0.500137839755183
3,007134,0,0.5009400913401771
3,007136,0,0.5008550037148738
3,007141,0,0.5004180712572324
3,007147,0,0.5003250140373849
3,007148,0,0.5246030469944664
3,007152,0,0.5008942532190919
3,007156,0,0.5007112950894375
3,007159,0,0.5002217176323493
3,007162,0,0.5000618681762048
3,007168,0,0.5000422297307989
3,007169,0,0.5020248086845558
3,007171,0,0.5039428560425357
3,007178,0,0.5005049838655159
3,007179,0,0.5018086954876211
3,007182,0,0.5004955046370113
3,007193,0,0.5008471021551657
3,007196,0,0.5004682121855263
3,007203,0,0.5001729647340217
3,007205,0,0.5015185362231455
3,007209,0,0.5000342226303565
3,007212,0,0.5002177414880151
3,007219,0,0.501257197640575
3,007220,0,0.5007281604149054
3,007222,0,0.5017768576091368
3,007225,0,0.5006423955468695
3,007230,0,0.5013829879611272
3,007233,0,0.5004639933215269
3,007234,0,0.5011229076893637
3,007235,0,0.5005053947503946
3,007240,0,0.5000673578214637
3,007241,0,0.5002490904026589
3,007248,0,0.5009722714892466
3,007254,0,0.5001692007616616
3,007255,0,0.5008878150649565
3,007258,0,0.5000515088663662
3,007260,0,0.5008124377100744
3,007266,0,0.5005087550018275
3,007267,0,0.5029690892050813
3,007268,0,0.5150824420587312
3,007269,0,0.5004940160618446
3,007271,0,0.5003828640509751
3,007274,0,0.5019723575891107
3,007282,0,0.5009450967535464
3,007284,0,0.5010968956733713
3,007294,0,0.5001225497280283
3,007300,0,0.5003820339321206
3,007303,0,0.5012382418687734
3,007306,0,0.5028148934902367
3,007309,0,0.5008412634528553
3,007313,0,0.5007459561313893
3,007321,0,0.5006707668391497
3,007326,0,0.5006524777318887
3,007327,0,0.5004575956181994
3,007330,0,0.5004982748078525
3,007333,0,0.5001834134821078
3,007345,0,0.5003364186578892
3,007349,0,0.5002434030799525
3,007354,0,0.503013101886376
3,007355,0,0.500530021623909
3,007360,0,0.5000497738627077
3,007361,0,0.5013072145998342
3,007362,0,0.5002955775160753
3,007363,0,0.5026044629549948
3,007370,0,0.5004661955208206
3,007375,0,0.5007537054466243
3,007376,0,0.500176867252951
3,007380,0,0.5015434965380944
3,007402,0,0.5028947245211219
3,007405,0,0.501687000978403
3,007408,0,0.5166169339871901
3,007411,0,0.5016055295139287
3,007413,0,0.5002687921958737
3,007429,0,0.5035101644985527
3,007438,0,0.5000806430789587
3,007461,0,0.5014274642494172
3,007465,0,0.5000651602051795
3,007475,0,0.5005945966183847
3,007482,0,0.5003532001202046
3,007487,0,0.5003722414517602
3,007506,0,0.5048572306006394
3,007510,0,0.5002842266422795
3,007513,0,0.5003491771194362
3,007516,0,0.5005725148995783
3,007517,0,0.5015353788038188
3,007519,0,0.5003322722573068
3,007526,0,0.5018890197863948
3,007527,0,0.5021337092017749
3,007533,0,0.501517036970939
3,007539,0,0.5001592965654333
3,007549,0,0.5007606604535039
3,007556,0,0.5684924340789899
3,007558,0,0.5013576501604117
3,007561,0,0.5009520315384695
3,007562,0,0.5022095190854399
3,007563,0,0.5001387968185066
3,007571,0,0.501233387188449
3,007581,0,0.5009700684545508
3,007583,0,0.5003307784243783
3,007594,0,0.5002145533228699
3,007595,0,0.5009838052811257
3,007596,0,0.5009282811374062
3,007608,0,0.5004085279718045
3,007612,0,0.500217139033403
3,007621,0,0.5016596784780303
3,007632,0,0.5014294608166042
3,007633,0,0.5001984075137447
3,007637,0,0.5005779932021553
3,007638,0,0.5001588692559779
3,007643,0,0.5003702408030227
3,007644,0,0.5003410886672226
3,007648,0,0.5162990084539822
3,007653,0,0.5000952424379165
3,007678,0,0.5001286842383489
3,007682,0,0.5113375230640655
3,007689,0,0.5009055820583701
3,007694,0,0.5005249891501357
3,007696,0,0.5001347898362314
3,007703,0,0.5085641384701393
3,007704,0,0.5005952065455158
3,007705,0,0.5003085609688299
3,007711,0,0.5002367041502584
3,007715,0,0.5003456771724433
3,007718,0,0.501530817720902
3,007719,0,0.5013262416088176
3,007729,0,0.5050990709292339
3,007733,0,0.5001752138124417
3,007735,0,0.5007350462513682
3,007743,0,0.5012473122838871
3,007745,0,0.5002263245451272
3,007747,0,0.5048080024711646
3,007751,0,0.5005812782931521
3,007753,0,0.5013938036976393
3,007757,0,0.5006019591310833
3,007759,0,0.503502747241757
3,007762,0,0.50159410122765
3,007765,0,0.5005631934591939
3,007768,0,0.5005586507393908
3,007781,0,0.5001812913068229
3,007783,0,0.502691586063387
3,007784,0,0.5006403212911602
3,007794,0,0.5054884847734884
3,007802,0,0.5001827888341449
3,007808,0,0.5003156465219579
3,007809,0,0.5007828802861839
3,007819,0,0.5023927551833225
3,007820,0,0.5007695234671845
3,007826,0,0.501272786321331
3,007828,0,0.5002327297625151
3,007837,0,0.5001110051798368
3,007840,0,0.5010285177814691
3,007847,0,0.5004294748749492
3,007856,0,0.5001248386428344
3,007859,0,0.5004210110828553
3,007865,0,0.5011044484918884
3,007879,0,0.5020618711400663
3,007884,0,0.5009093852975408
3,007893,0,0.5002745364806558
3,007905,0,0.5000833566808024
3,007908,0,0.5006210858740198
3,007909,0,0.500294176720877
3,007924,0,0.500673066565618
3,007925,0,0.5031842880496203
3,007926,0,0.5008985229295204
3,007927,0,0.5004768966207516
3,007932,0,0.5003968310970952
3,007933,0,0.5019284555031976
3,007938,0,0.5013600796464538
3,007939,0,0.500574103513394
3,007942,0,0.5003005305784041
3,007944,0,0.5019804833935619
3,007945,0,0.5003761042039432
3,007950,0,0.5003647342123856
3,007952,0,0.5004140887388628
3,007955,0,0.5015074042501058
3,007957,0,0.5002621518852616
3,007959,0,0.5008942006718469
3,007960,0,0.5127358692985523
3,007967,0,0.5026412774459039
3,007969,0,0.5013400193174186
3,007982,0,0.5007386185519591
3,007996,0,0.5016600471861863
3,007997,0,0.5020745762921072
3,008007,0,0.5001557619494309
3,008021,0,0.5000271335927765
3,008028,0,0.5016808715032357
3,008029,0,0.5003629811617913
3,008032,0,0.5002540745965658
3,008035,0,0.5005886331349746
3,008039,0,0.50014614453814
3,008043,0,0.500520023306992
3,008044,0,0.5005135979038208
3,008047,0,0.5311589874500803
3,008059,0,0.5002467617448413
3,008060,0,0.5008449854998963
3,008066,0,0.5006029488692167
3,008076,0,0.5008237615934005
3,008080,0,0.5010467454682266
3,008088,0,0.5004633815990519
3,008091,0,0.5007706064474713
3,008101,0,0.5001921410450686
3,008110,0,0.5003280117184962
3,008111,0,0.5026658145874172
3,008135,0,0.5002751581396049
3,008137,0,0.5001165097637997
3,008151,0,0.5004998559256898
3,008152,0,0.500259794613621
3,008157,0,0.5004988803360582
3,008158,0,0.5025308099116359
3,008160,0,0.5001797121287339
3,008168,0,0.5002781382882866
3,008173,0,0.5001390293328437
3,008174,0,0.5023582896864865
3,008175,0,0.5005011360564721
3,008176,0,0.5001135241775043
3,008177,0,0.5022292503147954
3,008179,0,0.5003968383804184
3,008181,0,0.50034584441556
3,008183,0,0.5002779970194206
3,008198,0,0.5002873610235379
3,008200,0,0.5004369151137343
3,008201,0,0.5003461336349854
3,008203,0,0.5053543928696407
3,008208,0,0.5012792370856735
3,008218,0,0.5000918316227979
3,008223,0,0.5001835666930252
3,008225,0,0.500597883937015
3,008239,0,0.5010536321137677
3,008242,0,0.5043925859379776
3,008256,0,0.500132449156595
3,008261,0,0.5006180570662025
3,008265,0,0.50012198716751
3,008267,0,0.5008987540820102
3,008277,0,0.5001860043373028
3,008280,0,0.5003885922326099
3,008281,0,0.5006876611738129
3,008282,0,0.5003221337870596
3,008285,0,0.5009483150266103
3,008289,0,0.5012062444403717
3,008296,0,0.5000467422274886
3,008300,0,0.5001509158579772
3,008307,0,0.5095754527540604
3,008308,0,0.5007500634703212
3,008312,0,0.5007805201036317
3,008315,0,0.5009518905314293
3,008328,0,0.5053019479747889
3,008333,0,0.512119071326185
3,008340,0,0.5002375677391983
3,008341,0,0.5006840583513633
3,008350,0,0.5052000900803317
3,008353,0,0.5012976933091874
3,008355,0,0.500230201509784
3,008358,0,0.5004690322158176
3,008359,0,0.5000713214676533
3,008362,0,0.5001416904259732
3,008364,0,0.5010288481015924
3,008369,0,0.5006687293116131
3,008374,0,0.5006164214122013
3,008377,0,0.5002851452180311
3,008381,0,0.5008763438964319
3,008384,0,0.5038266447843713
3,008390,0,0.501969264861947
3,008391,0,0.5012803069310002
3,008397,0,0.5005614405254487
3,008400,0,0.5004381825847399
3,008407,0,0.5010679582244365
3,008423,0,0.5032807312511149
3,008424,0,0.5002363420869176
3,008425,0,0.5011955959472084
3,008427,0,0.5015145449993209
3,008428,0,0.5008024736703364
3,008430,0,0.5014406011664466
3,008437,0,0.5011168855512964
3,008444,0,0.5001392556302395
3,008449,0,0.5009800252408685
3,008452,0,0.5001253084031598
3,008457,0,0.5090466852670437
3,008459,0,0.5003106325365301
3,008472,0,0.500444856251022
3,008476,0,0.500647813492516
3,008479,0,0.5017270733905258
3,008481,0,0.5003727552412324
3,008482,0,0.5013232804408809
3,008492,0,0.5011183965446149
3,008502,0,0.5003246509487608
3,008517,0,0.5010890820274483
3,008524,0,0.5010248110976598
3,008526,0,0.5020331864434734
3,008530,0,0.5028898150573717
3,008538,0,0.5000765661371777
3,008539,0,0.5010292874453107
3,008540,0,0.5028961277750006
3,008543,0,0.5000696978168482
3,008554,0,0.5007578909944764
3,008557,0,0.5010300843334263
3,008558,0,0.5003064190899458
3,008570,0,0.5016668809248723
3,008584,0,0.516340632661366
3,008585,0,0.5007306946140282
3,008588,0,0.5017815521549341
3,008590,0,0.5007227079429979
3,008594,0,0.5100539045672188
3,008595,0,0.5003329579860514
3,008602,0,0.5001618917599033
3,008607,0,0.501569297403921
3,008620,0,0.5017279660976062
3,008625,0,0.5005775279760065
3,008631,0,0.5002158611595606
3,008636,0,0.5004798922954468
3,008649,0,0.5001927263508247
3,008650,0,0.5002908682764453
3,008659,0,0.5031308368779407
3,008663,0,0.5015837977330071
3,008664,0,0.5012002908458779
3,008674,0,0.5039836230164986
3,008677,0,0.5026402172474184
3,008682,0,0.5001908489858924
3,008684,0,0.5022577775437141
3,008689,0,0.5028394376984227
3,008690,0,0.5009062608924478
3,008691,0,0.500678938593475
3,008694,0,0.5019896234113135
3,008696,0,0.5002830623093205
3,008697,0,0.5001392068752216
3,008698,0,0.5002353635238511
3,008699,0,0.5001199172800945
3,008702,0,0.5009446088334273
3,008706,0,0.5014609479300379
3,008712,0,0.5073165608287715
3,008713,0,0.5044403467446551
3,008716,0,0.5022089437926169
3,008735,0,0.5002113756063632
3,008745,0,0.5012186200348645
3,008746,0,0.50206005731648
3,008747,0,0.5158240025622848
3,008748,0,0.5016752545023171
3,008749,0,0.5007542370094651
3,008751,0,0.5009579888317848
3,008754,0,0.5000430340128793
3,008756,0,0.5006080319442562
3,008758,0,0.5002965705670116
3,008763,0,0.5002938694198915
3,008765,0,0.501083137966259
3,008772,0,0.501144277286
3,008786,0,0.5003864191199956
3,008790,0,0.5021681022959815
3,008792,0,0.5006718542876157
3,008794,0,0.5020607885793131
3,008795,0,0.5118625664023819
3,008797,0,0.503210683007764
3,008799,0,0.5018406015735348
3,008814,0,0.5009164065794863
3,008815,0,0.5005827407617104
3,008820,0,0.5054626856405509
3,008826,0,0.5012072870144859
3,008827,0,0.5003278660531326
3,008834,0,0.5000678180484843
3,008838,0,0.5004101542000435
3,008841,0,0.5003392316285267
3,008859,0,0.5001806416951035
3,008862,0,0.5022878182352396
3,008871,0,0.5002997736119782
3,008880,0,0.5018462041250713
3,008884,0,0.5022512958579255
3,008887,0,0.5034025443355331
3,008898,0,0.5002544773608567
3,008899,0,0.5014021295886766
3,008901,0,0.5005160973508012
3,008908,0,0.5014938015958511
3,008914,0,0.5005390687817901
3,008917,0,0.5001033037929744
3,008919,0,0.507361825733382
3,008922,0,0.5006982525761905
3,008926,0,0.5002087842900879
3,008929,0,0.5026389391123225
3,008938,0,0.5025380582362761
3,008940,0,0.5012838454478201
3,008943,0,0.5027695058469589
3,008944,0,0.5041413379994376
3,008946,0,0.5007025769341386
3,008948,0,0.5000793880441612
3,008953,0,0.5026594553261019
3,008954,0,0.5005337576162241
3,008955,0,0.5022900965928815
3,008956,0,0.5165827945956369
3,008959,0,0.5020099153148306
3,008963,0,0.5002120576449899
3,008975,0,0.5014905207724979
3,008978,0,0.5006878825616176
3,008984,0,0.502475102675615
3,008998,0,0.5003794180319798
3,008999,0,0.500534320915815
3,009004,0,0.5002072837298898
3,009005,0,0.5006301849720727
3,009022,0,0.5015963132773192
3,009025,0,0.5025894411243778
3,009032,0,0.5001448773801296
3,009034,0,0.5006672234838125
3,009037,0,0.5004056514378368
3,009042,0,0.5007735981740494
3,009048,0,0.5006842351770858
3,009050,0,0.502067443499743
3,009056,0,0.5004603575205656
3,009060,0,0.5019331562439951
3,009068,0,0.5016902370688331
3,009075,0,0.503996380338168
3,009079,0,0.5005595812539662
3,009082,0,0.5000463805729959
3,009093,0,0.5012669857109808
3,009096,0,0.5003135694502006
3,009112,0,0.502693142704877
3,009119,0,0.5001865970210038
3,009120,0,0.5028835324118586
3,009121,0,0.5002090861613943
3,009129,0,0.500903496742351
3,009131,0,0.5006886765269584
3,009137,0,0.500848152783116
3,009141,0,0.5001142770059559
3,009144,0,0.5014770310567376
3,009146,0,0.5042977673378984
3,009156,0,0.5027965585044494
3,009157,0,0.5005841674497734
3,009182,0,0.5007870616827564
3,009185,0,0.5008285568224291
3,009186,0,0.5035052415581798
3,009189,0,0.5003529847284314
3,009191,0,0.5007166672599765
3,009204,0,0.5009535087616719
3,009205,0,0.5053588413620971
3,009207,0,0.5000275743790527
3,009212,0,0.50027635124941
3,009233,0,0.5014480302594125
3,009236,0,0.5000377249567457
3,009237,0,0.5006906243536405
3,009239,0,0.5002889814960114
3,009256,0,0.5016004892328376
3,009257,0,0.5000746440345176
3,009259,0,0.500231612883975
3,009268,0,0.5003859275246688
3,009270,0,0.5000875977160104
3,009271,0,0.5014914098077183
3,009275,0,0.5010487863779692
3,009281,0,0.5001735267853001
3,009284,0,0.5000819597503684
3,009286,0,0.5007263117977888
3,009289,0,0.5003747078847355
3,009294,0,0.5002166535329307
3,009295,0,0.5002837468652828
3,009301,0,0.5006095120150222
3,009303,0,0.5012129428575457
3,009305,0,0.5002440587892445
3,009307,0,0.5022208178497753
3,009312,0,0.5002657658788902
3,009314,0,0.5000899448678477
3,009317,0,0.5003371626524082
3,009321,0,0.5002613171243818
3,009325,0,0.5003776460222812
3,009337,0,0.502731150007688
3,009345,0,0.5007599605329436
3,009347,0,0.5021738290441037
3,009353,0,0.5026578538655343
3,009356,0,0.5002393295484372
3,009360,0,0.5006581916884079
3,009366,0,0.5005455443456418
3,009374,0,0.5017219197239434
3,009378,0,0.500999241424265
3,009384,0,0.5001471467444312
3,009392,0,0.5024928869954907
3,009393,0,0.5001376537950978
3,009396,0,0.5012697620778898
3,009397,0,0.5007294261062365
3,009398,0,0.5009634168347458
3,009416,0,0.5009910837232994
3,009420,0,0.5001084335883482
3,009425,0,0.5003092894513641
3,009434,0,0.5003917571464225
3,009439,0,0.5001843596813439
3,009443,0,0.5001424199383692
3,009444,0,0.5003620918401434
3,009448,0,0.506972373053948
3,009449,0,0.5008976919341507
3,009450,0,0.5002225292673725
3,009465,0,0.504278753237435
3,009479,0,0.5031163600866555
3,009480,0,0.5014843580811575
3,009487,0,0.5006068974510862
3,009498,0,0.5069677841376914
3,009507,0,0.5012382739141155
3,009516,0,0.500992791533884
3,009519,0,0.5039532270800731
3,009523,0,0.50027111792629
3,009525,0,0.5200223317856979
3,009528,0,0.5016911997827543
3,009530,0,0.5008606944691075
3,009532,0,0.5009588280502054
3,009535,0,0.5003348895630054
3,009536,0,0.5001124213401862
3,009543,0,0.5004354970807782
3,009545,0,0.500388646049177
3,009551,0,0.5001637336435779
3,009553,0,0.5002130851960404
3,009554,0,0.5020964497684067
3,009556,0,0.5005111770371927
3,009560,0,0.5001116124548133
3,009562,0,0.5013079044419104
3,009564,0,0.5003723829622629
3,009566,0,0.5003047228447044
3,009571,0,0.5001073383883587
3,009572,0,0.5000884130716301
3,009584,0,0.5029510051735141
3,009590,0,0.5057973922742142
3,009594,0,0.5003313478204253
3,009596,0,0.5024740813267158
3,009601,0,0.5007468992721912
3,009602,0,0.50019368958444
3,009612,0,0.5046012129649394
3,009618,0,0.5002185119784234
3,009624,0,0.5001858728324915
3,009629,0,0.5003565117093397
3,009632,0,0.5004064288314645
3,009634,0,0.5010476138863063
3,009635,0,0.5001691068806917
3,009639,0,0.5051768859828283
3,009644,0,0.5002881240994288
3,009650,0,0.5003577888552115
3,009654,0,0.5022750085295575
3,009670,0,0.5017901313844297
3,009672,0,0.5010452639967019
3,009673,0,0.5016028879856458
3,009678,0,0.5017010239175473
3,009680,0,0.5018374378236329
3,009684,0,0.5006969319998187
3,009700,0,0.5001876110233506
3,009701,0,0.500502466396645
3,009713,0,0.5009576670103578
3,009714,0,0.500799717139566
3,009724,0,0.503978621484136
3,009728,0,0.5048175170606775
3,009729,0,0.5015563288185924
3,009733,0,0.5003468473430014
3,009738,0,0.5003368087778584
3,009741,0,0.500367359431783
3,009742,0,0.5010594885063471
3,009747,0,0.50015871253876
3,009754,0,0.502298675428969
3,009757,0,0.5001867328447767
3,009764,0,0.5006073410303361
3,009765,0,0.501223986025657
3,009768,0,0.5003112589934572
3,009772,0,0.5001098821296039
3,009776,0,0.5004126546915424
3,009783,0,0.5022140772763943
3,009784,0,0.500772590248987
3,009795,0,0.501288375745339
3,009797,0,0.5018957953111307
3,009798,0,0.5000483740694077
3,009806,0,0.5001468104554022
3,009811,0,0.5021939759708223
3,009812,0,0.5001271615533022
3,009820,0,0.5003535548556632
3,009821,0,0.5000570740942056
3,009825,0,0.5001036843051603
3,009831,0,0.5002050285141117
3,009833,0,0.5002070153682371
3,009834,0,0.5016817122121565
3,009836,0,0.5021633572856086
3,009838,0,0.500123581277535
3,009841,0,0.5006683218869443
3,009842,0,0.5002509651956748
3,009843,0,0.5011850906810952
3,009844,0,0.5011142518977368
3,009846,0,0.5013098065861861
3,009847,0,0.5013427146771074
3,009849,0,0.5001392180646342
3,009852,0,0.5003745114379263
3,009854,0,0.500317644253626
3,009855,0,0.5015961022830997
3,009856,0,0.5007965438121181
3,009863,0,0.5009030929385604
3,009865,0,0.5002976898421528
3,009868,0,0.5003115617308613
3,009870,0,0.5001791015829506
3,009873,0,0.5010120677085823
3,009882,0,0.5000432956031149
3,009890,0,0.5003065860697627
3,009891,0,0.500065622833066
3,009892,0,0.5061130541451329
3,009896,0,0.5006412019224431
3,009899,0,0.500311562014168
3,009909,0,0.5017245103644015
3,009913,0,0.5000303246277016
3,009917,0,0.5017502836420266
3,009918,0,0.500251351843613
3,009924,0,0.5015391622334247
3,009927,0,0.5003017961705684
3,009932,0,0.5001355295695039
3,009939,0,0.503621158491021
3,009944,0,0.5019144484901591
3,009945,0,0.5000943784004145
3,009950,0,0.5053856511122509
3,009961,0,0.5004229287959426
3,009971,0,0.5012362518267546
3,009985,0,0.5000680193772935
3,009994,0,0.5005575107376072
3,009996,0,0.5011273623218081
3,010001,0,0.5010497163541615
3,010002,0,0.5031225193875367
3,010004,0,0.5001641888442702
3,010005,0,0.5009841995000653
3,010006,0,0.5006472911179847
3,010008,0,0.5023668671408005
3,010011,0,0.5029361836447688
3,010013,0,0.5038523420109352
3,010021,0,0.5166808952621975
3,010026,0,0.5005593757600367
3,010038,0,0.5008553556502294
3,010039,0,0.5019123710181739
3,010042,0,0.5030461812654429
3,010050,0,0.50008086015474
3,010065,0,0.5024837019099482
3,010068,0,0.5005669862408667
3,010073,0,0.5051208042754326
3,010083,0,0.5008143224131958
3,010084,0,0.5013923281572963
3,010086,0,0.5022780246799173
3,010088,0,0.5004418384441626
3,010089,0,0.5001766895824156
3,010091,0,0.5003033542602667
3,010095,0,0.5013816659034072
3,010099,0,0.5051641786746691
3,010105,0,0.5003049851522535
3,010119,0,0.5002750002297158
3,010121,0,0.5005928248398452
3,010125,0,0.5013046932755493
3,010133,0,0.5001101851918144
3,010135,0,0.502374547861618
3,010137,0,0.5002931164285019
3,010149,0,0.5054940167121017
3,010150,0,0.5009208915456476
3,010154,0,0.5010791596002006
3,010161,0,0.5007657710082105
3,010173,0,0.5001380062627662
3,010184,0,0.5000822537664754
3,010188,0,0.5003170515966374
3,010205,0,0.5012056474417266
3,010219,0,0.5002363817725164
3,010220,0,0.500188174937997
3,010223,0,0.5038053535144684
3,010233,0,0.500391039837271
3,010239,0,0.5003287305297658
3,010242,0,0.5007421765565723
3,010243,0,0.5001430657616055
3,010244,0,0.501380210093338
3,010245,0,0.5017249154003586
3,010250,0,0.5002673872391776
3,010275,0,0.5010457354617722
3,010277,0,0.5006276211152536
3,010278,0,0.5000771890685362
3,010279,0,0.5002834592187626
3,010283,0,0.5015431919141285
3,010285,0,0.5029302120393672
3,010291,0,0.5011817852880545
3,010296,0,0.5001819227980479
3,010297,0,0.5008832785476328
3,010299,0,0.5002787643846491
3,010312,0,0.500189414914936
3,010316,0,0.5004404934983993
3,010320,0,0.5039907906557434
3,010329,0,0.5051401214279904
3,010334,0,0.501816340433905
3,010337,0,0.500411501470077
3,010342,0,0.5003125659412404
3,010344,0,0.500318932422777
3,010349,0,0.500133110207233
3,010353,0,0.5026781324677108
3,010358,0,0.5009047271815378
3,010363,0,0.5004033694787889
3,010367,0,0.5004772716859999
3,010371,0,0.5003594089178446
3,010375,0,0.5004443950497084
3,010385,0,0.5005794532004749
3,010391,0,0.5005056865212052
3,010396,0,0.5024187097147133
3,010405,0,0.5004698699362813
3,010406,0,0.5039423550638588
3,010408,0,0.5002532091437448
3,010411,0,0.5001856657069986
3,010413,0,0.5007038935315851
3,010419,0,0.5020247228760484
3,010421,0,0.5011051932453743
3,010426,0,0.5001901817591363
3,010428,0,0.5015833125325887
3,010433,0,0.5002366603018079
3,010438,0,0.5010543510674196
3,010440,0,0.5005608576905449
3,010444,0,0.504250956939931
3,010445,0,0.5004644617097312
3,010447,0,0.5028543499195229
3,010449,0,0.5018979063526562
3,010453,0,0.5045699565265109
3,010461,0,0.5008669774132549
3,010470,0,0.5047016053016127
3,010478,0,0.5025817500991229
3,010483,0,0.50071690841808
3,010488,0,0.5031569632119341
3,010493,0,0.5035225283696996
3,010501,0,0.5031692214573381
3,010503,0,0.5003358750165814
3,010506,0,0.501028643636964
3,010509,0,0.5004752447182778
3,010512,0,0.5034577128663483
3,010526,0,0.5006278935938575
3,010528,0,0.5007249936195272
3,010530,0,0.5001265916583078
3,010540,0,0.5009228845686876
3,010546,0,0.500255386839073
3,010547,0,0.5016723786114086
3,010553,0,0.500067518907224
3,010555,0,0.5008246983120594
3,010558,0,0.5042891012310021
3,010568,0,0.5009219824013329
3,010591,0,0.5031917011633761
3,010597,0,0.5005131262450728
3,010601,0,0.5002596497193462
3,010635,0,0.5007705400706841
3,010638,0,0.5013495735490147
3,010639,0,0.5016266498067328
3,010642,0,0.5008087283214488
3,010644,0,0.5011061107413309
3,010646,0,0.5022210917672839
3,010659,0,0.500166544931737
3,010664,0,0.501305895326524
3,010666,0,0.5000697221265843
3,010671,0,0.5001528006876677
3,010679,0,0.5025674147893764
3,010688,0,0.5007414555102746
3,010692,0,0.5011592467417222
3,010695,0,0.5022997027055199
3,010697,0,0.5005863706642067
3,010701,0,0.5000357098667897
3,010707,0,0.500689560090673
3,010708,0,0.5004826129401423
3,010719,0,0.5130824166158106
3,010721,0,0.504587547988545
3,010722,0,0.5011992927259096
3,010726,0,0.5017362575116724
3,010729,0,0.5003530315105952
3,010730,0,0.5047694462294582
3,010754,0,0.5004698107866461
3,010776,0,0.5010375118200204
3,010777,0,0.500068960141419
3,010779,0,0.5019018387238425
3,010786,0,0.5002261863803038
3,010799,0,0.5003216986419421
3,010803,0,0.5018636755125216
3,010811,0,0.5006628765974432
3,010812,0,0.5037164302191371
3,010814,0,0.502887852841856
3,010815,0,0.5000877933621771
3,010821,0,0.5024312233397858
3,010822,0,0.5008861071531563
3,010824,0,0.5008949157189317
3,010827,0,0.5042434311380255
3,010829,0,0.5008717447819907
3,010832,0,0.5009331786367416
3,010840,0,0.5038080827322228
3,010846,0,0.5006764876398827
3,010848,0,0.5057640968507009
3,010852,0,0.5002432189651335
3,010865,0,0.5005034361112669
3,010869,0,0.5002880010641674
3,010876,0,0.5000778477521433
3,010880,0,0.5007899545130781
3,010882,0,0.5041169806129217
3,010910,0,0.5003852230543577
3,010914,0,0.5006768441027448
3,010917,0,0.5008740116835465
3,010919,0,0.5007986336061899
3,010922,0,0.5007552786336771
3,010924,0,0.5002863396117118
3,010927,0,0.504371595143214
3,010933,0,0.5015539229057242
3,010936,0,0.5008911473674587
3,010937,0,0.5001865956521078
3,010939,0,0.5001105476777884
3,010958,0,0.5000896675602642
3,010967,0,0.5002860088777136
3,010972,0,0.5001281140336414
3,010976,0,0.5013506712254666
3,010983,0,0.5000689926457853
3,010985,0,0.5019936305260922
3,010987,0,0.500130744511959
3,010990,0,0.5002702137816285
3,010991,0,0.5025644830151417
3,010997,0,0.5012897742440853
3,010999,0,0.5028531113049646
3,011000,0,0.5000484278246795
3,011002,0,0.5012181363403008
3,011003,0,0.5002891035076565
3,011006,0,0.5001921578838083
3,011008,0,0.5003561343096894
3,011013,0,0.5016574703239646
3,011030,0,0.5063528772007712
3,011033,0,0.500602874247952
3,011038,0,0.514740226266954
3,011045,0,0.5001851338888486
3,011049,0,0.5001559532667985
3,011050,0,0.5025534645236224
3,011051,0,0.5017431400816003
3,011054,0,0.5014618453237811
3,011059,0,0.504489495909201
3,011064,0,0.5013004710925163
3,011068,0,0.5004148485884415
3,011080,0,0.5001205217471323
3,011084,0,0.5006890233473349
3,011087,0,0.5018970707481648
3,011088,0,0.5028563170633423
3,011089,0,0.5005665019739651
3,011090,0,0.5006798647975006
3,011093,0,0.5012011194637298
3,011100,0,0.5010135484985695
3,011101,0,0.5001365026594544
3,011104,0,0.5003997006079298
3,011109,0,0.500361728865026
3,011120,0,0.5011198170673273
3,011122,0,0.5003455227838313
3,011124,0,0.5048640988492251
3,011125,0,0.5015679321060557
3,011132,0,0.5002850728947058
3,011142,0,0.5005744558037474
3,011144,0,0.5005489594454889
3,011151,0,0.5091051536243096
3,011152,0,0.5000548002055566
3,011162,0,0.5002050190957537
3,011171,0,0.5007360733506019
3,011174,0,0.5007827458072772
3,011176,0,0.5011396869859787
3,011181,0,0.5004024301830947
3,011186,0,0.5004489259965105
3,011187,0,0.500642711094788
3,011197,0,0.5001389087598777
3,011210,0,0.5018994321082252
3,011213,0,0.5014261860278382
3,011217,0,0.5005901332270898
3,011220,0,0.5017057955285513
3,011239,0,0.5017297632177591
3,011244,0,0.5047787919177547
3,011247,0,0.5023700818614568
3,011260,0,0.5001430188327337
3,011264,0,0.5020097635339387
3,011271,0,0.5021284255577916
3,011277,0,0.504369069373677
3,011280,0,0.5018061015488064
3,011289,0,0.500382509208066
3,011293,0,0.500602035317318
3,011294,0,0.5014697256619933
3,011314,0,0.5022601952687865
3,011317,0,0.5007244305153737
3,011324,0,0.5005246392634193
3,011330,0,0.5003353431954631
3,011331,0,0.5008863220007698
3,011339,0,0.5008747270997957
3,011340,0,0.5002295936512964
3,011341,0,0.500251059147739
3,011355,0,0.5001631471316054
3,011360,0,0.5002758173177737
3,011363,0,0.5020194623800053
3,011365,0,0.5100631666585934
3,011366,0,0.5004858838413363
3,011374,0,0.5019045581443091
3,011375,0,0.5038715410579011
3,011376,0,0.5000904293944275
3,011385,0,0.5002817577831203
3,011386,0,0.5014191378988799
3,011389,0,0.5005359143477561
3,011390,0,0.5012592753101069
3,011404,0,0.5002038910422943
3,011412,0,0.5001145496707279
3,011414,0,0.5006245575138544
3,011416,0,0.5011058880300207
3,011424,0,0.5003614881575957
3,011428,0,0.5020350382555394
3,011431,0,0.5002988918049307
3,011434,0,0.5012740537504994
3,011441,0,0.5013446766885549
3,011458,0,0.5014863743312581
3,011464,0,0.5004691789310716
3,011466,0,0.5024944274672988
3,011468,0,0.500327998024088
3,011469,0,0.5001437475625675
3,011477,0,0.5006605789181137
3,011478,0,0.5005281262404967
3,011486,0,0.5016734495861912
3,011490,0,0.5019461975987801
3,011512,0,0.50334641610345
3,011517,0,0.5003323539603453
3,011519,0,0.500250011448492
3,011520,0,0.5041270222106489
3,011526,0,0.5002443705986792
3,011530,0,0.5005552160140584
3,011532,0,0.5010528724821419
3,011534,0,0.5000795880309736
3,011544,0,0.500445003575612
3,011548,0,0.500513546856267
3,011554,0,0.5027326841422467
3,011558,0,0.5012052552983184
3,011564,0,0.5015904792149105
3,011577,0,0.5006105129456332
3,011592,0,0.507865267263843
3,011594,0,0.5187357008525693
3,011605,0,0.5007966352982814
3,011606,0,0.501025621195767
3,011623,0,0.5034333078283336
3,011627,0,0.500115333072135
3,011632,0,0.5011439914194582
3,011639,0,0.5022537806015014
3,011642,0,0.5007766749052528
3,011654,0,0.5002341903278381
3,011656,0,0.5008800672836781
3,011663,0,0.5021156516894068
3,011669,0,0.5132333469210515
3,011680,0,0.5008686897282209
3,011685,0,0.5005786308816024
3,011686,0,0.5025913551098011
3,011695,0,0.501389655556564
3,011696,0,0.5001899533816535
3,011699,0,0.5001146087464337
3,011700,0,0.500493343626119
3,011702,0,0.5001338124062437
3,011703,0,0.5002404296348245
3,011710,0,0.5021332095353137
3,011711,0,0.5001970836138108
3,011723,0,0.5024000463911483
3,011730,0,0.5003196480309036
3,011732,0,0.5023272522461637
3,011744,0,0.5002347426281103
3,011747,0,0.5002483103390308
3,011756,0,0.5001256606620312
3,011767,0,0.5000573941225117
3,011770,0,0.5003777774953807
3,011775,0,0.5017697089475164
3,011776,0,0.5007384777015713
3,011777,0,0.5003521401770374
3,011783,0,0.5018973155036279
3,011789,0,0.5005918590420442
3,011791,0,0.5002842828434797
3,011794,0,0.5004184313153723
3,011799,0,0.5003517409531757
3,011801,0,0.5009884513051827
3,011805,0,0.5018263610278553
3,011812,0,0.5001875400465848
3,011818,0,0.5000450546395575
3,011820,0,0.5004929787617102
3,011821,0,0.500312913758958
3,011823,0,0.5031483068771767
3,011834,0,0.5001171162967888
3,011836,0,0.5046696445306245
3,011839,0,0.5009576185595666
3,011842,0,0.5002365140464387
3,011850,0,0.5004742885137444
3,011857,0,0.5018162879596296
3,011858,0,0.500522500970111
3,011860,0,0.5017575187464829
3,011862,0,0.5018109462113538
3,011863,0,0.5010724575120922
3,011865,0,0.5002520060202438
3,011873,0,0.5003554861665278
3,011874,0,0.5100771766094035
3,011878,0,0.5018570728333258
3,011880,0,0.5000763564477244
3,011882,0,0.5016767407584761
3,011915,0,0.5001587757894285
3,011920,0,0.50114637626704
3,011926,0,0.500994675235558
3,011927,0,0.500633018470772
3,011931,0,0.5001575326850255
3,011941,0,0.5012776726133408
3,011942,0,0.5003939130458548
3,011949,0,0.502619645267398
3,011952,0,0.5032344204040433
3,011954,0,0.5003838522098981
3,011961,0,0.5045375974816615
3,011962,0,0.5010285511002021
3,011964,0,0.5008518112250099
3,011971,0,0.5006191025704781
3,011975,0,0.5005419100452012
3,011977,0,0.50061174444056
3,011979,0,0.5001006238335537
3,011980,0,0.5002382301127755
3,011985,0,0.5028063420614896
3,011988,0,0.5006503858298798
3,011995,0,0.5003059958475253
3,011998,0,0.5000213294847617
4,000431,1,0.5012629996467558
4,001123,1,0.5007752858872961
4,001176,1,0.5000985396782429
4,001380,1,0.5159867337719445
4,001451,1,0.5941473240387365
4,002035,1,0.5082362710186018
4,002145,1,0.5072250196162943
4,002158,1,0.5021114839127685
4,002500,1,0.500817321230856
4,002631,1,0.5082345455650179
4,002699,1,0.5032834294554956
4,002721,1,0.500518729901043
4,002851,1,0.5005169917478176
4,002957,1,0.50051009730814
4,003056,1,0.5024499379584555
4,003104,1,0.5022616288296353
4,003935,1,0.5077698573813403
4,004087,1,0.5002757838481344
4,004506,1,0.5001436814365116
4,004855,1,0.505008338518967
4,004930,1,0.5005566966976068
4,005457,1,0.500445393652235
4,005534,1,0.5002156455708128
4,005618,1,0.5002376850020225
4,005623,1,0.502813876815602
4,005641,1,0.5006996593706823
4,005896,1,0.5014459413531245
4,005901,1,0.5000685568008695
4,006143,1,0.5013023786506947
4,006538,1,0.5060275738714141
4,006561,1,0.5031340637208214
4,006623,1,0.5094619840400607
4,006679,1,0.5043220503775716
4,006768,1,0.5033925925920995
4,006877,1,0.5007763165555392
4,007674,1,0.5005861791488848
4,007900,1,0.5006470924072904
4,007903,1,0.501573654042681
4,007963,1,0.5048604220243874
4,008497,1,0.5034625896779565
4,008498,1,0.5000339096103349
4,009395,1,0.5004874757631633
4,009697,1,0.5004608364053008
4,010467,1,0.5004476448357147
4,010490,1,0.5005350714907286
4,010929,1,0.5019359567054594
4,011111,1,0.5118453822578946
4,011580,1,0.5009908913593901
4,000002,0,0.5009394955809333
4,000003,0,0.5002960034537778
4,000008,0,0.5015161722926434
4,000009,0,0.5033752713284573
4,000020,0,0.5013884751902709
4,000026,0,0.5003230505726579
4,000048,0,0.5002462159773049
4,000049,0,0.5009964530134415
4,000053,0,0.5015080409532088
4,000059,0,0.5001468216799078
4,000061,0,0.5061255571428108
4,000065,0,0.5001098021994427
4,000071,0,0.501436442979855
4,000083,0,0.5009137990112066
4,000087,0,0.5005386467611807
4,000097,0,0.5021190152141811
4,000114,0,0.5000871672752994
4,000117,0,0.5001484071654737
4,000120,0,0.5005976235023862
4,000133,0,0.5008532686684521
4,000134,0,0.5001450537679625
4,000139,0,0.5003290195598022
4,000141,0,0.5007453856774635
4,000144,0,0.5004149578955855
4,000148,0,0.5007267699567698
4,000151,0,0.5007430914151179
4,000153,0,0.501580398185399
4,000164,0,0.5002477522188907
4,000196,0,0.5051571473492958
4,000203,0,0.5007463079691604
4,000209,0,0.5005955794511469
4,000210,0,0.5010600679877439
4,000213,0,0.5004582411835935
4,000220,0,0.5038622860979242
4,000237,0,0.5009882561758712
4,000260,0,0.5041208989490753
4,000265,0,0.5018380589125436
4,000268,0,0.5018435371094584
4,000287,0,0.5009746964636084
4,000290,0,0.5004820623568235
4,000303,0,0.500108592535832
4,000304,0,0.5022857888574239
4,000307,0,0.5042952390687164
4,000309,0,0.500269599640405
4,000310,0,0.5002378500615551
4,000315,0,0.5006307330380583
4,000323,0,0.501981480960692
4,000326,0,0.5008365874483325
4,000329,0,0.5018793959097211
4,000330,0,0.50084428310507
4,000339,0,0.5030409181617179
4,000342,0,0.5002393030309092
4,000344,0,0.5010479500367653
4,000353,0,0.5004015742992501
4,000356,0,0.5005778036878492
4,000377,0,0.5006858251633395
4,000400,0,0.5001345405626407
4,000401,0,0.5096916355721239
4,000405,0,0.5038278884921489
4,000410,0,0.5011752089585751
4,000419,0,0.5005161001503631
4,000420,0,0.5005230333751031
4,000427,0,0.5003817506090652
4,000439,0,0.5004799605390128
4,000442,0,0.5060857569961308
4,000443,0,0.5005088261543303
4,000444,0,0.5066251694122743
4,000445,0,0.5007709231219101
4,000453,0,0.5011173006560585
4,000456,0,0.5010984342381963
4,000457,0,0.5001815256771056
4,000458,0,0.5032423740188967
4,000459,0,0.502496580934954
4,000476,0,0.5021605533205159
4,000478,0,0.5027799758015902
4,000483,0,0.5003445790697436
4,000486,0,0.5005269679584359
4,000507,0,0.5002736624162494
4,000511,0,0.5022661295435015
4,000519,0,0.50022051467782
4,000523,0,0.5004478030073998
4,000530,0,0.5104177038868968
4,000531,0,0.5004215333103648
4,000540,0,0.5013725276714797
4,000545,0,0.5001462962821197
4,000566,0,0.5002421320635062
4,000571,0,0.5018681263895589
4,000583,0,0.5020176297835062
4,000584,0,0.5002961523765314
4,000587,0,0.5002247380973339
4,000595,0,0.5002838657404564
4,000596,0,0.5027756457391015
4,000598,0,0.5048509393547104
4,000599,0,0.5009652938783905
4,000618,0,0.5050439332176482
4,000619,0,0.5000900848094578
4,000626,0,0.5014371454897149
4,000631,0,0.5010512735190676
4,000632,0,0.5007080440773022
4,000633,0,0.5008003509019506
4,000635,0,0.5007117345735926
4,000638,0,0.5053907157414701
4,000640,0,0.5026547848886165
4,000642,0,0.5005148431564252
4,000647,0,0.5008383961733692
4,000650,0,0.5004353960897305
4,000656,0,0.5001999273254202
4,000661,0,0.5005585410096484
4,000662,0,0.5002110879446131
4,000667,0,0.5014297305474154
4,000675,0,0.5020736689779121
4,000676,0,0.5001858920567634
4,000681,0,0.5004455294415
4,000688,0,0.5003108568705701
4,000698,0,0.5006322130021347
4,000700,0,0.5006387211649456
4,000701,0,0.5153693110706087
4,000709,0,0.500233503055559
4,000716,0,0.5003414942089993
4,000721,0,0.5010324906603432
4,000729,0,0.5000945737870169
4,000731,0,0.5009926156125317
4,000733,0,0.5004721385771816
4,000735,0,0.5016146108263527
4,000737,0,0.5008843938755829
4,000738,0,0.5007380637465447
4,000740,0,0.500198347510232
4,000747,0,0.5015072117806133
4,000753,0,0.5006766521837903
4,000785,0,0.5001238142564988
4,000789,0,0.5093160162295055
4,000790,0,0.5005477416438091
4,000791,0,0.5003387960274038
4,000797,0,0.501120852331244
4,000800,0,0.5000776167473886
4,000806,0,0.5015958297801075
4,000808,0,0.5004014988185218
4,000830,0,0.5007141600804577
4,000831,0,0.501070165688776
4,000833,0,0.5021531031562656
4,000838,0,0.5002634862199122
4,000839,0,0.5002229195920153
4,000845,0,0.501583438800098
4,000847,0,0.5012224878106579
4,000861,0,0.5020020426403669
4,000866,0,0.5004045096202169
4,000867,0,0.501759786966173
4,000868,0,0.5003672485028741
4,000869,0,0.5012412199850665
4,000876,0,0.5003092450305564
4,000878,0,0.5013637352094792
4,000883,0,0.5064321314831686
4,000885,0,0.5019769400250683
4,000886,0,0.5001026303115551
4,000892,0,0.5001205288509611
4,000898,0,0.5004222635081896
4,000912,0,0.5022325449982749
4,000915,0,0.5005457354540844
4,000917,0,0.5003209679769653
4,000920,0,0.5009678853766975
4,000921,0,0.5012802413187813
4,000926,0,0.5002007291421371
4,000939,0,0.5038190400803735
4,000943,0,0.5019041535588147
4,000946,0,0.500609875270866
4,000947,0,0.500681007389833
4,000954,0,0.5003408185510723
4,000961,0,0.502803544628723
4,000963,0,0.5013651060770523
4,000973,0,0.5025268085458166
4,000974,0,0.5001916258053448
4,000980,0,0.5005018688128972
4,000985,0,0.5000477340318237
4,000989,0,0.5012641237034351
4,000991,0,0.5016480361976384
4,000999,0,0.5017937183660349
4,001005,0,0.5056464821331305
4,001006,0,0.5009926816206668
4,001016,0,0.5001778560124426
4,001017,0,0.5004138063888659
4,001024,0,0.5002702249942532
4,001029,0,0.5002520571086924
4,001030,0,0.5087123266323161
4,001034,0,0.5002314123628433
4,001038,0,0.5002230629724854
4,001039,0,0.5003650278364625
4,001041,0,0.5006600310610655
4,001042,0,0.5011262537334147
4,001048,0,0.5001021286479652
4,001051,0,0.5007640764928654
4,001059,0,0.500359119985014
4,001061,0,0.5005236308307389
4,001071,0,0.5012730711128828
4,001072,0,0.5014039424220263
4,001075,0,0.5004461841131546
4,001085,0,0.5006333345710086
4,001088,0,0.509836436790441
4,001089,0,0.5042180494479218
4,001092,0,0.507893616418854
4,001098,0,0.5052107284752326
4,001121,0,0.5014320819692891
4,001128,0,0.5004093868349744
4,001129,0,0.5001975888806767
4,001130,0,0.5002475109067013
4,001145,0,0.5003346271334032
4,001148,0,0.5001804865209594
4,001163,0,0.5005151093817971
4,001169,0,0.5079443846574896
4,001190,0,0.5002278562959309
4,001191,0,0.5010716866519374
4,001193,0,0.5009388474999636
4,001196,0,0.5002045891098612
4,001202,0,0.5001780807716916
4,001217,0,0.5003851953800027
4,001218,0,0.5001870604234869
4,001221,0,0.5001762549591418
4,001235,0,0.5006928336020453
4,001238,0,0.5008950358091074
4,001244,0,0.5001034926388236
4,001247,0,0.5016927272738928
4,001271,0,0.502783876846693
4,001278,0,0.5009875593724176
4,001282,0,0.5005612107091251
4,001283,0,0.5004730217826738
4,001285,0,0.5006375930546721
4,001288,0,0.5013266562915129
4,001297,0,0.500036497222627
4,001302,0,0.5033640526019887
4,001315,0,0.5006764410399214
4,001323,0,0.5005258571672531
4,001324,0,0.501208358860241
4,001325,0,0.5022154631165653
4,001326,0,0.5000657199160825
4,001332,0,0.5002848689205807
4,001334,0,0.5017285340212262
4,001340,0,0.5006539358139352
4,001341,0,0.5001182506221943
4,001348,0,0.5008146287744218
4,001353,0,0.5014306207996255
4,001359,0,0.5000596811686191
4,001362,0,0.5005629521421601
4,001365,0,0.5033153150392684
4,001366,0,0.5029247397528337
4,001368,0,0.5001567434732394
4,001379,0,0.5075252134577117
4,001384,0,0.50030565112154
4,001386,0,0.5004526531182746
4,001395,0,0.5004632935251223
4,001402,0,0.5000836504077912
4,001407,0,0.5014621679115944
4,001409,0,0.5001112804543705
4,001420,0,0.5002080032672632
4,001423,0,0.5005909181071608
4,001426,0,0.5001204213466239
4,001429,0,0.5006603483302038
4,001431,0,0.5011529944144179
4,001440,0,0.500303353619289
4,001441,0,0.5001941382307311
4,001444,0,0.5014575575101049
4,001446,0,0.5001664545238368
4,001448,0,0.5111007107440473
4,001455,0,0.5002976625173322
4,001459,0,0.5002032235024458
4,001461,0,0.5009533299846917
4,001466,0,0.5003171918520793
4,001469,0,0.5015814956995431
4,001471,0,0.5006006773014847
4,001472,0,0.5001912880982693
4,001487,0,0.5044369656285019
4,001494,0,0.5002779691248709
4,001495,0,0.500258238788646
4,001505,0,0.501887605015257
4,001516,0,0.5011525448596075
4,001518,0,0.5010868726345669
4,001519,0,0.501880275446969
4,001525,0,0.5003559651223368
4,001529,0,0.5003633231051511
4,001537,0,0.5012547245327683
4,001539,0,0.5003384041014852
4,001551,0,0.5010702969261358
4,001556,0,0.5001318940074508
4,001561,0,0.5004362672417078
4,001565,0,0.5007542103413378
4,001567,0,0.5006264052660189
4,001576,0,0.5012922679177493
4,001579,0,0.5007070082551223
4,001585,0,0.5017117554241175
4,001586,0,0.5027727756629701
4,001594,0,0.5000928690855874
4,001600,0,0.5004423341419797
4,001602,0,0.502311382538687
4,001604,0,0.5241114093542034
4,001607,0,0.5006407671246605
4,001609,0,0.5001664781909438
4,001610,0,0.5008112606680809
4,001613,0,0.5015820573763285
4,001615,0,0.5002289746728567
4,001618,0,0.5001234907002565
4,001621,0,0.5003691208241462
4,001624,0,0.5006229754873384
4,001626,0,0.5013962375069477
4,001630,0,0.5000924929820149
4,001638,0,0.5000881834523667
4,001646,0,0.5006624855079643
4,001651,0,0.501380771087664
4,001657,0,0.5012245818161208
4,001667,0,0.5022126533486468
4,001670,0,0.5007878906720749
4,001671,0,0.5002974674182407
4,001672,0,0.5027016619656571
4,001674,0,0.5021434256790765
4,001677,0,0.5009996243759846
4,001685,0,0.5016057301851826
4,001688,0,0.5005383884593312
4,001692,0,0.5010124056942425
4,001694,0,0.5002606045348769
4,001698,0,0.5003917266590019
4,001703,0,0.5000554755145827
4,001705,0,0.5001057369958918
4,001707,0,0.5008510925726234
4,001709,0,0.5015260125472737
4,001722,0,0.500654598277801
4,001729,0,0.5002579311446745
4,001733,0,0.5012729645142545
4,001738,0,0.5006119996512693
4,001739,0,0.5004592084579853
4,001741,0,0.5001529460655539
4,001749,0,0.500370492524939
4,001752,0,0.5010927564411197
4,001762,0,0.5002545717275011
4,001763,0,0.5009173071212997
4,001764,0,0.5018526638502856
4,001769,0,0.5023132380165104
4,001770,0,0.5012332267811084
4,001771,0,0.5030416176480517
4,001774,0,0.5086641928092468
4,001778,0,0.5005261195341243
4,001780,0,0.5005044238392277
4,001791,0,0.5006728505558931
4,001793,0,0.500582387684449
4,001804,0,0.5000533751235453
4,001806,0,0.5010284875378329
4,001807,0,0.5009854242243912
4,001814,0,0.5024145190041481
4,001819,0,0.5014363231685653
4,001821,0,0.5002471229950534
4,001837,0,0.5190986075584543
4,001845,0,0.5021252404059241
4,001848,0,0.5002293839475167
4,001851,0,0.5011399774747476
4,001857,0,0.5004381361391101
4,001872,0,0.5009497410045105
4,001879,0,0.502085654809411
4,001886,0,0.5015855200779619
4,001887,0,0.5024577622133769
4,001895,0,0.5002661173958566
4,001898,0,0.50020809767557
4,001899,0,0.5005896909493833
4,001905,0,0.5009115630924682
4,001910,0,0.5004229675886948
4,001912,0,0.5007847944862632
4,001917,0,0.5001862547988895
4,001923,0,0.5051510089332204
4,001926,0,0.5003692708079215
4,001931,0,0.5000826507909861
4,001932,0,0.5033175320997535
4,001933,0,0.5253445227810392
4,001941,0,0.5023678309083579
4,001945,0,0.5029405995689059
4,001947,0,0.5006487162411338
4,001949,0,0.5010870547532297
4,001959,0,0.5005229488166868
4,001965,0,0.5008031813192525
4,001973,0,0.5005823388473548
4,001978,0,0.5015192174336569
4,001982,0,0.5002247144163732
4,001985,0,0.5049491731456492
4,001993,0,0.5004560708230745
4,001997,0,0.5002920561958254
4,002001,0,0.5002193782950558
4,002003,0,0.5012372980781871
4,002013,0,0.5023401274457715
4,002028,0,0.5004465198993244
4,002029,0,0.5016107809890136
4,002030,0,0.500588475187141
4,002038,0,0.5033510387283352
4,002040,0,0.500857002812248
4,002044,0,0.5003777626204077
4,002052,0,0.5065361502673157
4,002054,0,0.5001892584751468
4,002056,0,0.5006884638102934
4,002058,0,0.5026044252766005
4,002061,0,0.5017378605777213
4,002078,0,0.5022285067456305
4,002082,0,0.5000844349073625
4,002089,0,0.5002100842844014
4,002097,0,0.5010767671502454
4,002101,0,0.5021329852157593
4,002106,0,0.5001689200733805
4,002126,0,0.5082729833371497
4,002131,0,0.5008399892334576
4,002133,0,0.5048152074471007
4,002139,0,0.5006612549842476
4,002143,0,0.509851011613008
4,002147,0,0.5027793589953796
4,002148,0,0.5006726010447894
4,002167,0,0.500601832431939
4,002172,0,0.5002463133925931
4,002174,0,0.5014753498168313
4,002187,0,0.5007041625004787
4,002188,0,0.500500985566108
4,002196,0,0.5007604468359428
4,002202,0,0.5002122182953022
4,002203,0,0.5001327297162877
4,002212,0,0.5010625649422992
4,002214,0,0.5006399064916236
4,002217,0,0.5006571214929807
4,002221,0,0.500291084308476
4,002227,0,0.5111573491707165
4,002236,0,0.5006907537003227
4,002237,0,0.5005934297188336
4,002238,0,0.5009651144790297
4,002246,0,0.5012393124265567
4,002251,0,0.5005496380922555
4,002256,0,0.5012163035943203
4,002258,0,0.5000684996666177
4,002259,0,0.5002410920440638
4,002268,0,0.5002214861366853
4,002269,0,0.500653237916692
4,002286,0,0.5013744939092617
4,002290,0,0.5045630395420294
4,002291,0,0.5044795485006235
4,002294,0,0.5004336578973598
4,002297,0,0.5004431875288728
4,002299,0,0.5008136899686103
4,002305,0,0.5004771784205286
4,002309,0,0.5000697480254297
4,002311,0,0.5002326899739302
4,002317,0,0.5016038964688289
4,002322,0,0.5024301489737387
4,002334,0,0.500022524416143
4,002339,0,0.5005498135169025
4,002340,0,0.5002666778494994
4,002353,0,0.5005195471364355
4,002362,0,0.5023282745564388
4,002370,0,0.5003553798507098
4,002380,0,0.5004009379939556
4,002382,0,0.5003238610130848
4,002386,0,0.5004158436233962
4,002387,0,0.5006173088348912
4,002391,0,0.5004697165657733
4,002393,0,0.5005221133973649
4,002401,0,0.5002858214891907
4,002403,0,0.501425476474539
4,002404,0,0.5014759778234888
4,002421,0,0.501719481643004
4,002423,0,0.517785945617027
4,002426,0,0.5010445703196333
4,002437,0,0.501522812094869
4,002439,0,0.5002997133724644
4,002444,0,0.5001995325639894
4,002445,0,0.5004480093391039
4,002446,0,0.5004073465245609
4,002453,0,0.505192783323666
4,002459,0,0.5001744986524854
4,002463,0,0.5019198937840377
4,002471,0,0.5008421948801842
4,002473,0,0.5011868387808592
4,002474,0,0.5054750877127031
4,002486,0,0.5002989283905774
4,002488,0,0.5007305825911152
4,002493,0,0.5067210099944748
4,002503,0,0.5000558474453057
4,002516,0,0.5002437745645724
4,002525,0,0.500927741139741
4,002527,0,0.5002863086712964
4,002532,0,0.5008816840364909
4,002536,0,0.5002658320978733
4,002542,0,0.5003323322395384
4,002551,0,0.5005336134195741
4,002554,0,0.5021222781393938
4,002564,0,0.5027337067495425
4,002575,0,0.5001909735319082
4,002579,0,0.5000723510570236
4,002580,0,0.5027609873657166
4,002592,0,0.5004753951979746
4,002598,0,0.5135854566977719
4,002601,0,0.500215099759649
4,002604,0,0.5006545937686047
4,002607,0,0.5011458472878217
4,002609,0,0.5004334154779265
4,002617,0,0.5004043964981136
4,002622,0,0.500542425561035
4,002632,0,0.5022847795168555
4,002636,0,0.5006432585591899
4,002643,0,0.50025667080823
4,002644,0,0.5005569501449032
4,002651,0,0.5003002094423853
4,002659,0,0.5008251557212976
4,002667,0,0.5001418280190331
4,002669,0,0.5008402053158744
4,002672,0,0.5016491509175592
4,002676,0,0.5002355255794226
4,002679,0,0.5004076041213892
4,002684,0,0.5000361792046726
4,002686,0,0.500063235967418
4,002703,0,0.500679227995328
4,002725,0,0.5002974995241493
4,002727,0,0.5000963037134033
4,002729,0,0.5005433919136314
4,002733,0,0.5006516135180522
4,002737,0,0.5011831523498619
4,002739,0,0.5001318149679063
4,002740,0,0.5003382181788724
4,002742,0,0.5016340921118912
4,002751,0,0.5013266725485219
4,002757,0,0.5000336324977315
4,002762,0,0.5024760603754482
4,002771,0,0.500120854085867
4,002775,0,0.5002060642935353
4,002778,0,0.500303453804379
4,002789,0,0.5003869484649573
4,002797,0,0.5006125286009062
4,002804,0,0.5002241561733644
4,002806,0,0.5013127786643001
4,002812,0,0.5024455028133343
4,002813,0,0.5003241436967945
4,002816,0,0.5002173844744052
4,002817,0,0.5011302894778459
4,002824,0,0.5027197753641538
4,002832,0,0.5047439164732084
4,002835,0,0.501139391870094
4,002837,0,0.5014083408113622
4,002839,0,0.5011385627253937
4,002844,0,0.5004019906522397
4,002846,0,0.5060029059982589
4,002863,0,0.5005230090804506
4,002867,0,0.5008659298906402
4,002868,0,0.5012047426928815
4,002870,0,0.5008805640749482
4,002873,0,0.500579963531495
4,002874,0,0.5010040586279157
4,002875,0,0.500083366398663
4,002900,0,0.5005173959652519
4,002902,0,0.500560130800764
4,002910,0,0.5006372118716983
4,002915,0,0.5001755946609018
4,002916,0,0.500509623639152
4,002921,0,0.5240528569378442
4,002927,0,0.5044839461011251
4,002934,0,0.500204079680927
4,002937,0,0.5006764036013729
4,002938,0,0.5017139596245157
4,002943,0,0.5010600388416836
4,002948,0,0.5005063029766167
4,002952,0,0.5034024037676652
4,002964,0,0.5013442622062946
4,002968,0,0.5001531890744628
4,002970,0,0.5045373615661692
4,002993,0,0.5003932150580969
4,002999,0,0.5001015716040075
4,003002,0,0.5001136431986304
4,003005,0,0.5012075586657266
4,003010,0,0.501641057186956
4,003012,0,0.5020668211729751
4,003013,0,0.5002961231817696
4,003020,0,0.500299198485158
4,003021,0,0.5005078499693635
4,003030,0,0.5002348066811085
4,003033,0,0.5011484223191416
4,003034,0,0.5029733572014271
4,003038,0,0.5000367775444416
4,003050,0,0.5006872692259242
4,003067,0,0.5005400677454227
4,003070,0,0.50093372666315
4,003073,0,0.5005945880539133
4,003075,0,0.5047306519532762
4,003076,0,0.5006587372823174
4,003078,0,0.5005391549929893
4,003084,0,0.5071112528352864
4,003087,0,0.5019415747826118
4,003092,0,0.5009399445836007
4,003093,0,0.5002419498330393
4,003097,0,0.5000698029226841
4,003100,0,0.5069678115866854
4,003107,0,0.5005093154457668
4,003110,0,0.5001540974089742
4,003114,0,0.5000808181024936
4,003117,0,0.5001005417037999
4,003121,0,0.5004017420063882
4,003128,0,0.5008712482292835
4,003132,0,0.500101253686885
4,003137,0,0.501517965481379
4,003142,0,0.5003463891775393
4,003147,0,0.5003183795619406
4,003149,0,0.5011730888430148
4,003155,0,0.5006150276648595
4,003157,0,0.5006330181258283
4,003160,0,0.501971683920299
4,003162,0,0.5003310148777798
4,003166,0,0.500837929608783
4,003172,0,0.5007334845737204
4,003174,0,0.5007369100821497
4,003176,0,0.5009294691194593
4,003190,0,0.5004928832956362
4,003193,0,0.5002503079173188
4,003198,0,0.5004055507961757
4,003205,0,0.500433851915629
4,003217,0,0.5021736795641722
4,003219,0,0.5003944373909074
4,003238,0,0.5092256975190118
4,003240,0,0.5004151363360725
4,003241,0,0.5003377090087707
4,003242,0,0.5004012749439303
4,003247,0,0.501583857907324
4,003250,0,0.5001510697055639
4,003254,0,0.5036588713195352
4,003261,0,0.500640756423618
4,003266,0,0.5018862237098719
4,003277,0,0.5042442153714212
4,003283,0,0.5007340123528934
4,003285,0,0.5037043690572076
4,003288,0,0.5002213440577944
4,003289,0,0.501571294496139
4,003292,0,0.5001852673432389
4,003304,0,0.5024568150439916
4,003305,0,0.5119832953673357
4,003310,0,0.5043207467692524
4,003311,0,0.5004919984143144
4,003312,0,0.5039616451681823
4,003318,0,0.5002428727588841
4,003330,0,0.5005063988770762
4,003331,0,0.5005956431639569
4,003339,0,0.5001989332934613
4,003343,0,0.5057728698220523
4,003345,0,0.5021590078272928
4,003367,0,0.500733294948056
4,003373,0,0.5015936808066053
4,003381,0,0.5028227816059285
4,003390,0,0.500312175286959
4,003394,0,0.5005641035634922
4,003398,0,0.5001602721683008
4,003399,0,0.5011282738547436
4,003407,0,0.5011886005225662
4,003422,0,0.5026698655221598
4,003428,0,0.5036924612106358
4,003435,0,0.5004116915658844
4,003445,0,0.500150287878769
4,003453,0,0.5018851676942924
4,003454,0,0.5017875152392395
4,003455,0,0.5001232822826056
4,003462,0,0.500436452749475
4,003463,0,0.5001750507010752
4,003466,0,0.500907307506845
4,003467,0,0.5128010108099165
4,003468,0,0.5202914076877115
4,003469,0,0.502035879222374
4,003485,0,0.5013579533360015
4,003487,0,0.5011308743537197
4,003501,0,0.5013786835407913
4,003509,0,0.5024552424405974
4,003513,0,0.5010999637463919
4,003518,0,0.5002039071322643
4,003522,0,0.5017923701901771
4,003524,0,0.5007609960337605
4,003531,0,0.5016206455521435
4,003534,0,0.5050881967131882
4,003545,0,0.5010709756859342
4,003547,0,0.5003627659266211
4,003548,0,0.5009060598237096
4,003553,0,0.5024727540683637
4,003555,0,0.5064956936188276
4,003557,0,0.5004106393794243
4,003558,0,0.5002395385546342
4,003563,0,0.5013622933606643
4,003570,0,0.5001097833452127
4,003574,0,0.5007170014966414
4,003576,0,0.5014598531293626
4,003577,0,0.5001377433841467
4,003579,0,0.5007702456517453
4,003585,0,0.5012381811033064
4,003597,0,0.5008777436977684
4,003606,0,0.5019880629423357
4,003608,0,0.501424900076539
4,003612,0,0.5000247770352475
4,003622,0,0.5022803085075958
4,003626,0,0.5078668924733643
4,003629,0,0.5001687969346283
4,003631,0,0.5003912385553807
4,003633,0,0.5012111971547139
4,003637,0,0.5003265460550483
4,003643,0,0.5007368824496726
4,003644,0,0.5000790290380475
4,003646,0,0.5012915723507143
4,003647,0,0.5002303522495827
4,003652,0,0.5018647511427181
4,003653,0,0.5001135918068341
4,003661,0,0.5003601450899384
4,003664,0,0.5004910484397892
4,003666,0,0.5083369648739955
4,003668,0,0.5002060400627243
4,003672,0,0.5002443175776593
4,003677,0,0.5003477045584088
4,003681,0,0.500381101524861
4,003686,0,0.5006815847001392
4,003691,0,0.5012068920741893
4,003693,0,0.5143107817534068
4,003704,0,0.5041632518600268
4,003707,0,0.5131484281388929
4,003708,0,0.5093908669157633
4,003718,0,0.5003838992199197
4,003725,0,0.5001120647994508
4,003728,0,0.5011525820159777
4,003729,0,0.5006557214377556
4,003733,0,0.5003064259777414
4,003736,0,0.5006030281517831
4,003740,0,0.5001847558623002
4,003741,0,0.5004804524908393
4,003744,0,0.5000902848321612
4,003746,0,0.5002597507775361
4,003747,0,0.5005091147704717
4,003760,0,0.5001291580839922
4,003767,0,0.5004289243371657
4,003769,0,0.5002948277838096
4,003771,0,0.500196190838077
4,003772,0,0.5007693295008453
4,003780,0,0.500679726799918
4,003809,0,0.5038504129782504
4,003810,0,0.5006884301977488
4,003815,0,0.5005370353527394
4,003817,0,0.5007167246891372
4,003843,0,0.5003933546227103
4,003848,0,0.5023474373776208
4,003853,0,0.5004807177544269
4,003858,0,0.5014944084215183
4,003860,0,0.500077419166801
4,003862,0,0.5009646642575601
4,003863,0,0.5000835147398283
4,003866,0,0.5002139361909658
4,003870,0,0.5003809840470175
4,003872,0,0.5005302773593531
4,003875,0,0.5007683606678658
4,003877,0,0.5016660216483945
4,003879,0,0.5010292606249211
4,003881,0,0.5001068409062402
4,003886,0,0.5014586292901618
4,003897,0,0.500352562067552
4,003899,0,0.500395655788769
4,003900,0,0.502891635428226
4,003904,0,0.5014170482558995
4,003908,0,0.500422310551505
4,003914,0,0.5059104154248306
4,003920,0,0.5002662171229857
4,003922,0,0.5003654377251839
4,003925,0,0.5000688408083294
4,003930,0,0.5000808536734522
4,003932,0,0.5003548450230766
4,003933,0,0.5004282563353797
4,003934,0,0.5008503122043304
4,003936,0,0.5010815835428255
4,003943,0,0.5100548159015859
4,003946,0,0.5008749469705456
4,003951,0,0.5006522436144031
4,003954,0,0.5003197055867069
4,003963,0,0.5039443849414341
4,003964,0,0.5018687763705859
4,003965,0,0.5002530304856545
4,003970,0,0.5022458685284901
4,003976,0,0.5051308835384812
4,003977,0,0.5011883005420888
4,003979,0,0.5004543465293642
4,003993,0,0.500363410687036
4,003997,0,0.5071210234032916
4,004004,0,0.5000948804952
4,004006,0,0.5180818655811795
4,004009,0,0.5008886586517302
4,004010,0,0.5008995990799036
4,004023,0,0.5003090709932915
4,004025,0,0.5014849943844755
4,004029,0,0.5012495304608694
4,004035,0,0.5279840193808728
4,004046,0,0.5001188928005185
4,004048,0,0.500498337979076
4,004051,0,0.5003827171971844
4,004058,0,0.5002724057516317
4,004059,0,0.5002881788600049
4,004070,0,0.5007563195677306
4,004076,0,0.5017390271184871
4,004080,0,0.5016334765069344
4,004088,0,0.5004696058611046
4,004100,0,0.5015727909605119
4,004107,0,0.5001408537986111
4,004111,0,0.5003038988865867
4,004112,0,0.5016159446917998
4,004118,0,0.500658337834898
4,004128,0,0.5013580260681673
4,004137,0,0.501723090372588
4,004139,0,0.5000450630276181
4,004144,0,0.500449426171458
4,004145,0,0.5059734325278462
4,004148,0,0.5014383025736848
4,004152,0,0.5005293868226729
4,004153,0,0.5000608437226713
4,004157,0,0.5004745775042881
4,004163,0,0.5172165234331307
4,004170,0,0.5003642198369685
4,004172,0,0.500729885121624
4,004176,0,0.5008522957704894
4,004177,0,0.5002722658404388
4,004179,0,0.5002248523093681
4,004186,0,0.5010864869513267
4,004187,0,0.501737517436989
4,004188,0,0.5004181274613664
4,004194,0,0.5019113611113251
4,004197,0,0.500618707215551
4,004200,0,0.5006559413648042
4,004201,0,0.507721017236631
4,004202,0,0.500225148797053
4,004204,0,0.5000818555731485
4,004225,0,0.5003938540501416
4,004231,0,0.5005433458415515
4,004237,0,0.5000438466918253
4,004240,0,0.5000322213376255
4,004249,0,0.5018039426589866
4,004252,0,0.5001672724483653
4,004255,0,0.500138935058082
4,004256,0,0.5002815112966217
4,004257,0,0.5025695761684386
4,004258,0,0.5021505989248459
4,004267,0,0.5008150106272055
4,004275,0,0.5004185335272027
4,004278,0,0.5009293503090269
4,004279,0,0.5001592017017267
4,004291,0,0.5001103266765017
4,004292,0,0.5022548193540538
4,004294,0,0.5004340627771325
4,004298,0,0.5000870737016921
4,004307,0,0.5002319529745453
4,004310,0,0.5014254935901005
4,004313,0,0.504855465735169
4,004319,0,0.5001593440071593
4,004322,0,0.5004029560527389
4,004331,0,0.5009770315254842
4,004351,0,0.501645933137676
4,004352,0,0.5003222034953452
4,004366,0,0.5019288272695142
4,004368,0,0.5163452813827765
4,004377,0,0.5001260033823982
4,004379,0,0.500497803271676
4,004382,0,0.5003999720731384
4,004386,0,0.5006814631338052
4,004389,0,0.5001243963929428
4,004390,0,0.5008298473210857
4,004396,0,0.5002412950136798
4,004397,0,0.5031630010598386
4,004402,0,0.5003941928263118
4,004405,0,0.5026327252320373
4,004407,0,0.5021565359416386
4,004414,0,0.500412455409201
4,004421,0,0.5004407438712783
4,004423,0,0.5003447750471702
4,004427,0,0.5003672712416131
4,004432,0,0.5066328636176485
4,004436,0,0.5007599522303413
4,004448,0,0.5009627043761274
4,004452,0,0.5019853423732729
4,004454,0,0.5019540171863665
4,004459,0,0.5008647185316668
4,004470,0,0.5022127506245195
4,004473,0,0.5013617775804666
4,004476,0,0.5004261497718985
4,004480,0,0.502813346227082
4,004482,0,0.5015445073554619
4,004484,0,0.5002273532175401
4,004486,0,0.5015157469835642
4,004489,0,0.5044420134681711
4,004490,0,0.5008341942550685
4,004492,0,0.5008776875194901
4,004494,0,0.5006015316894009
4,004497,0,0.5008542087313067
4,004513,0,0.5007738834832821
4,004515,0,0.503903723846701
4,004522,0,0.5059596220554009
4,004529,0,0.5003630068626237
4,004539,0,0.5583800666227683
4,004540,0,0.5001341916293655
4,004544,0,0.5002518418269445
4,004548,0,0.5023791464441009
4,004553,0,0.5003416961959951
4,004554,0,0.5007963442079962
4,004558,0,0.5009804531096037
4,004561,0,0.5008544856918707
4,004563,0,0.5008071047694045
4,004564,0,0.5003416209394769
4,004565,0,0.5004150859402405
4,004568,0,0.5001805375162166
4,004570,0,0.500257547073167
4,004575,0,0.5006025491551729
4,004583,0,0.5004233073379918
4,004594,0,0.500604982156329
4,004605,0,0.5013701765792459
4,004608,0,0.5001894100436195
4,004611,0,0.5001802136351248
4,004615,0,0.5004863501778954
4,004619,0,0.500061114792016
4,004622,0,0.5007019974997003
4,004625,0,0.5004772467013018
4,004633,0,0.5001577570256127
4,004635,0,0.5003898916923324
4,004643,0,0.5005218886111569
4,004657,0,0.500686839628222
4,004659,0,0.5007793128068346
4,004665,0,0.5003338695737216
4,004668,0,0.502225559434091
4,004670,0,0.501293164018788
4,004672,0,0.5009511647869334
4,004691,0,0.500198648272202
4,004694,0,0.5011190471669523
4,004696,0,0.5005344605049549
4,004704,0,0.5001892951470011
4,004710,0,0.5012452387041831
4,004711,0,0.5005336248736909
4,004712,0,0.5001811419750654
4,004715,0,0.5002164973091228
4,004722,0,0.5003178603542137
4,004723,0,0.5033121859356493
4,004725,0,0.5009857384451005
4,004726,0,0.5013989989563797
4,004733,0,0.5005045847780976
4,004735,0,0.5020295073447038
4,004739,0,0.5023692296669261
4,004744,0,0.5005452934538237
4,004747,0,0.5002050237133228
4,004748,0,0.5001125752430637
4,004749,0,0.5009801351582287
4,004750,0,0.5002724690877511
4,004751,0,0.5002564316596183
4,004762,0,0.500420120658797
4,004764,0,0.5013963861722238
4,004765,0,0.5001765330243003
4,004766,0,0.5023992348740101
4,004768,0,0.5006299129931173
4,004773,0,0.5004091970161145
4,004774,0,0.5019730650575829
4,004784,0,0.5006343066869003
4,004787,0,0.5001981417496458
4,004790,0,0.500855454311121
4,004794,0,0.500244615553437
4,004795,0,0.500639207067584
4,004802,0,0.500995897850162
4,004805,0,0.5006327466388019
4,004807,0,0.5001520147882406
4,004810,0,0.5012363678664874
4,004832,0,0.5000608791327622
4,004834,0,0.5011125860273975
4,004847,0,0.5029109476828837
4,004852,0,0.5002878582425462
4,004857,0,0.5014403852454462
4,004859,0,0.5008369848701162
4,004868,0,0.5028162137264107
4,004875,0,0.5108284019588821
4,004876,0,0.5034703265297782
4,004883,0,0.5009892303685776
4,004888,0,0.5000972201570785
4,004891,0,0.5163807436360996
4,004898,0,0.5003644464453751
4,004900,0,0.5001578012804903
4,004901,0,0.5003863774126498
4,004908,0,0.503864322691655
4,004911,0,0.5003649719693771
4,004915,0,0.5015053749941082
4,004919,0,0.5008921694659355
4,004926,0,0.5005989630655338
4,004932,0,0.5004047706284298
4,004939,0,0.5003539577617613
4,004945,0,0.5008196326891193
4,004949,0,0.5002616707540549
4,004951,0,0.5003409589571254
4,004952,0,0.501067713970871
4,004954,0,0.5010324344585034
4,004972,0,0.5001795721515396
4,004980,0,0.5003232901850011
4,004987,0,0.5008857731147242
4,004999,0,0.5036692897326696
4,005001,0,0.5002960402612713
4,005003,0,0.5003785553727988
4,005008,0,0.5003495949118479
4,005017,0,0.5033843542105736
4,005020,0,0.500434717918242
4,005026,0,0.500217346340276
4,005029,0,0.5000963187747475
4,005032,0,0.5001477252809946
4,005036,0,0.5004274779005745
4,005040,0,0.5056398832456114
4,005041,0,0.5016969766723937
4,005042,0,0.5018419077392148
4,005047,0,0.5004240969911488
4,005050,0,0.5101804002408902
4,005052,0,0.5016182606274341
4,005059,0,0.5025539570844096
4,005062,0,0.5019180697313805
4,005063,0,0.500365267598949
4,005065,0,0.5006544261419924
4,005068,0,0.5009979244948267
4,005069,0,0.5059456250776903
4,005073,0,0.5004331050532966
4,005074,0,0.501871144607465
4,005097,0,0.5007446330840503
4,005099,0,0.5036647716385699
4,005102,0,0.5042846261346934
4,005106,0,0.5000865773538186
4,005108,0,0.5004090791361898
4,005117,0,0.5007480853636864
4,005126,0,0.5018487644531235
4,005127,0,0.500280403024704
4,005137,0,0.501236975578001
4,005139,0,0.5001616011184816
4,005150,0,0.5028307524327853
4,005176,0,0.500520951865646
4,005177,0,0.500189361637596
4,005181,0,0.500656669719857
4,005182,0,0.5034094822019408
4,005187,0,0.5058798102418621
4,005192,0,0.5000741682206589
4,005200,0,0.5001742936502174
4,005203,0,0.5001235854311347
4,005204,0,0.5001763422730293
4,005208,0,0.5104289963485532
4,005211,0,0.5007050937602368
4,005213,0,0.5014703885488281
4,005220,0,0.501216098914601
4,005221,0,0.5004157135457493
4,005226,0,0.501032882721902
4,005228,0,0.5006612078593031
4,005231,0,0.5007359920241202
4,005235,0,0.5017364764621064
4,005245,0,0.5007791119630702
4,005247,0,0.5055819835290665
4,005256,0,0.5005288578965287
4,005262,0,0.5002571288081679
4,005269,0,0.5006148074551449
4,005270,0,0.5003317700455323
4,005285,0,0.501629525255516
4,005290,0,0.5026663513013765
4,005292,0,0.5054842732099768
4,005295,0,0.500578984741348
4,005296,0,0.5001997078732295
4,005309,0,0.5000658052218958
4,005311,0,0.5028844188642191
4,005312,0,0.5003068100677537
4,005329,0,0.5072844018611635
4,005330,0,0.5016075757492903
4,005333,0,0.5004168707401109
4,005338,0,0.500728111808295
4,005341,0,0.5017497848549152
4,005343,0,0.5000736449924129
4,005347,0,0.5036805915334299
4,005355,0,0.5014129448303598
4,005357,0,0.501209945791064
4,005358,0,0.5003124407895394
4,005362,0,0.5043732096621594
4,005369,0,0.5061470172430221
4,005370,0,0.5004361934710313
4,005386,0,0.5024048205180134
4,005400,0,0.5025338077632606
4,005402,0,0.5006276200996045
4,005405,0,0.5014124537082971
4,005407,0,0.5001672341814206
4,005410,0,0.5008000053672853
4,005419,0,0.5001341926336667
4,005421,0,0.5017490112489823
4,005424,0,0.500309351563138
4,005425,0,0.5007277110940421
4,005428,0,0.5004672818934355
4,005431,0,0.5002919647275913
4,005435,0,0.5004416173561836
4,005436,0,0.500154152719585
4,005440,0,0.5004647892465597
4,005444,0,0.5002460604412103
4,005449,0,0.5001546395325812
4,005469,0,0.5024083081711133
4,005473,0,0.5013250371097225
4,005475,0,0.5010150339674965
4,005484,0,0.5001987435736982
4,005486,0,0.5003922086631868
4,005489,0,0.5008766158062125
4,005490,0,0.5003176972782534
4,005492,0,0.5005914198945883
4,005500,0,0.5011082774358434
4,005504,0,0.5011712833637118
4,005506,0,0.502179357106685
4,005510,0,0.5018922138862077
4,005516,0,0.500335521833288
4,005517,0,0.5005202978492246
4,005520,0,0.5010360725512334
4,005536,0,0.5001688852564345
4,005551,0,0.5014240031227215
4,005552,0,0.5009057566324033
4,005554,0,0.5016895984756691
4,005558,0,0.5003083103910303
4,005574,0,0.5001442375931632
4,005591,0,0.5052188454236903
4,005595,0,0.5007200834464589
4,005603,0,0.5007064850090299
4,005604,0,0.5000244136822867
4,005610,0,0.5003136156207378
4,005613,0,0.5022437627794196
4,005616,0,0.5009933468610741
4,005617,0,0.5020294858285447
4,005629,0,0.5003430076545425
4,005632,0,0.5009545280092191
4,005637,0,0.5031550729724994
4,005642,0,0.500245077330657
4,005643,0,0.5006628617865541
4,005644,0,0.5015485256233155
4,005646,0,0.5011376218652738
4,005658,0,0.5001451932393048
4,005673,0,0.5051355476947631
4,005675,0,0.5001137910431684
4,005679,0,0.5006032132069835
4,005680,0,0.5026019147689404
4,005684,0,0.5035127680565047
4,005688,0,0.500115065552089
4,005693,0,0.5007900119228889
4,005702,0,0.5001436277089415
4,005704,0,0.5031080584814863
4,005709,0,0.5009140778669223
4,005742,0,0.5005360227398044
4,005743,0,0.5004367382621816
4,005745,0,0.5012966786925176
4,005747,0,0.5005182525474668
4,005752,0,0.5003759768038606
4,005779,0,0.5003701914562082
4,005789,0,0.5005075783827138
4,005790,0,0.5005704223401928
4,005796,0,0.5021131641995644
4,005797,0,0.5003055929522405
4,005801,0,0.5001415122684278
4,005803,0,0.5009158303325967
4,005811,0,0.5001342925754161
4,005825,0,0.5012763856391697
4,005828,0,0.5008132570727759
4,005829,0,0.5000697130302048
4,005835,0,0.5039267983051415
4,005838,0,0.5009834805895741
4,005839,0,0.5013960167248338
4,005844,0,0.5004728162030746
4,005846,0,0.5012080868772011
4,005852,0,0.5004967455325684
4,005853,0,0.501404705951685
4,005870,0,0.5003714669290695
4,005873,0,0.5014610899963341
4,005874,0,0.5002356769984496
4,005876,0,0.5002135489637927
4,005878,0,0.5002167322699774
4,005879,0,0.5036568994565861
4,005898,0,0.5002013734217141
4,005904,0,0.5006451638897822
4,005915,0,0.5157702870478948
4,005916,0,0.5000311764014441
4,005919,0,0.5024298867999167
4,005920,0,0.5003893366265674
4,005922,0,0.5012469513268731
4,005923,0,0.5001235651857604
4,005931,0,0.5004173979104222
4,005952,0,0.5001382925509923
4,005957,0,0.5012653489051204
4,005960,0,0.5003931874330912
4,005966,0,0.5354942809019136
4,005972,0,0.5246737568468932
4,005979,0,0.5001031569157361
4,005981,0,0.5009353332202697
4,005982,0,0.5008540143253992
4,005987,0,0.5002575863352585
4,005998,0,0.5014009345019216
4,006000,0,0.5005696115727386
4,006004,0,0.5016587918973079
4,006006,0,0.5004500283097696
4,006011,0,0.503672707512379
4,006012,0,0.501199071399486
4,006013,0,0.5000299003630241
4,006019,0,0.500643021209704
4,006020,0,0.504623784482453
4,006023,0,0.5002841436070622
4,006029,0,0.50033246302283
4,006031,0,0.5153861442773803
4,006034,0,0.5004589290994644
4,006039,0,0.5033033731781074
4,006049,0,0.5018563274892034
4,006054,0,0.5007955875357258
4,006059,0,0.5017704925072843
4,006061,0,0.500518272671423
4,006069,0,0.5009102791926762
4,006077,0,0.5020378414414359
4,006085,0,0.5012307053122087
4,006091,0,0.5011776117507336
4,006093,0,0.5003620924788598
4,006107,0,0.5005272721949244
4,006109,0,0.5003051223780203
4,006121,0,0.5011741903204702
4,006125,0,0.5002349144235696
4,006133,0,0.5055017808575323
4,006147,0,0.5011985528812246
4,006152,0,0.5024385389918314
4,006157,0,0.5000933735381506
4,006167,0,0.5002985269178166
4,006168,0,0.5000326701627654
4,006172,0,0.5002461694258036
4,006176,0,0.5008088586165376
4,006178,0,0.5009532637820351
4,006186,0,0.5001266897496255
4,006187,0,0.5003125948189813
4,006193,0,0.5008125684971914
4,006197,0,0.500284631185502
4,006198,0,0.5010726105750226
4,006199,0,0.5000925785948307
4,006200,0,0.500274309760401
4,006202,0,0.500967922702834
4,006205,0,0.500591750579236
4,006206,0,0.5025463657998337
4,006208,0,0.5001863259396997
4,006216,0,0.5012395659792295
4,006220,0,0.5010097413792046
4,006223,0,0.5002077071723909
4,006227,0,0.5006220456971829
4,006232,0,0.5014669781358136
4,006235,0,0.5001059755386922
4,006237,0,0.5006751379472267
4,006238,0,0.5010491017242307
4,006240,0,0.5000813547508902
4,006242,0,0.500977948697575
4,006250,0,0.5004162091778794
4,006260,0,0.500800119406758
4,006261,0,0.5002699313305946
4,006274,0,0.5002888348913431
4,006290,0,0.500540750359853
4,006294,0,0.5047953732601703
4,006296,0,0.5002336503254122
4,006308,0,0.5006478921343281
4,006317,0,0.5012083840995268
4,006321,0,0.5013534549198376
4,006323,0,0.5043796179371555
4,006332,0,0.5002058315313981
4,006333,0,0.5013300497028955
4,006335,0,0.5000801950078692
4,006346,0,0.5061550147813374
4,006348,0,0.5001334365766394
4,006350,0,0.500799764002764
4,006355,0,0.5001332258075349
4,006362,0,0.5048034916556022
4,006363,0,0.5003355773715825
4,006365,0,0.5004599732416415
4,006368,0,0.5017518277567249
4,006377,0,0.5030744712725255
4,006382,0,0.5058521390679291
4,006387,0,0.5008675220005245
4,006393,0,0.5001965317045003
4,006401,0,0.5004974186751715
4,006403,0,0.5013222637623563
4,006411,0,0.5011136575035221
4,006412,0,0.5021289494944678
4,006432,0,0.5005774483331087
4,006437,0,0.5002517001598921
4,006445,0,0.5052564521435738
4,006449,0,0.5014481826017678
4,006456,0,0.5009885540900256
4,006457,0,0.5000933768033654
4,006461,0,0.500305845473771
4,006470,0,0.5003332374847131
4,006473,0,0.5020853608164746
4,006478,0,0.5001713798693325
4,006483,0,0.5001459401255055
4,006487,0,0.5087656044710781
4,006488,0,0.5001754003897861
4,006497,0,0.5003850467740458
4,006504,0,0.5004556269076164
4,006508,0,0.502797450517627
4,006523,0,0.5026736343111412
4,006525,0,0.5001271222309688
4,006533,0,0.5001625124921587
4,006539,0,0.5005167425563255
4,006550,0,0.5007004759617193
4,006556,0,0.5002517830811912
4,006570,0,0.500315037892446
4,006573,0,0.5003390099580318
4,006578,0,0.5011695388197741
4,006589,0,0.5075081282242656
4,006591,0,0.5004449166372119
4,006592,0,0.5001545157583549
4,006596,0,0.5000738343992988
4,006602,0,0.5007845961491483
4,006604,0,0.5005377649260642
4,006607,0,0.5008471243478421
4,006608,0,0.5034062237547247
4,006609,0,0.50053079220781
4,006626,0,0.5004261866038384
4,006627,0,0.5005672596805074
4,006635,0,0.5031959405485101
4,006636,0,0.5009145785434909
4,006641,0,0.5005600601614232
4,006649,0,0.500419606406503
4,006653,0,0.5001511684694999
4,006657,0,0.5011240264809874
4,006659,0,0.5001181633694953
4,006663,0,0.5001041335907229
4,006678,0,0.5023441965250589
4,006685,0,0.5032904398814264
4,006704,0,0.5001305599979734
4,006708,0,0.5001866311760653
4,006709,0,0.5001497346388383
4,006713,0,0.5004280102309995
4,006725,0,0.5007205063958858
4,006732,0,0.5003229779858227
4,006734,0,0.5007534353830245
4,006744,0,0.50014438037408
4,006746,0,0.5001353334172066
4,006754,0,0.5013169277481396
4,006756,0,0.5011894003945692
4,006762,0,0.500902098900503
4,006763,0,0.5008963090148668
4,006766,0,0.5004053349924139
4,006784,0,0.50025709734223
4,006787,0,0.5001748668633207
4,006791,0,0.5059066371991533
4,006795,0,0.5000676102508628
4,006810,0,0.5029467618246051
4,006811,0,0.501854157246823
4,006815,0,0.500756390501008
4,006819,0,0.5002301770869005
4,006823,0,0.5001722855595014
4,006827,0,0.5019821345173614
4,006828,0,0.5041465391310465
4,006831,0,0.5010762825508651
4,006837,0,0.5018575659515797
4,006847,0,0.5005391513065948
4,006849,0,0.500100903774497
4,006855,0,0.5001275175085154
4,006858,0,0.5004668698558179
4,006867,0,0.5000738911917217
4,006873,0,0.5002764294017754
4,006880,0,0.5017809628388219
4,006886,0,0.5003397987934524
4,006887,0,0.5001321696673093
4,006889,0,0.500498684009763
4,006909,0,0.5022671802619513
4,006914,0,0.5005037311229701
4,006925,0,0.5003472180855624
4,006929,0,0.5018919650563927
4,006930,0,0.5002867912692807
4,006931,0,0.5008703827342341
4,006932,0,0.5006530038929569
4,006936,0,0.5001700075228368
4,006952,0,0.5001612604300902
4,006961,0,0.5005105953098944
4,006967,0,0.5017900579713411
4,006970,0,0.5016731958995125
4,006982,0,0.5023684825505201
4,007000,0,0.5053690157712084
4,007001,0,0.5018042973866744
4,007003,0,0.5004305706418279
4,007006,0,0.5014666096544786
4,007011,0,0.5019404360491383
4,007019,0,0.5001350289952738
4,007027,0,0.5015493816991796
4,007028,0,0.5011760734741865
4,007033,0,0.5006981386531899
4,007034,0,0.5004231132911637
4,007040,0,0.5003216371795145
4,007042,0,0.5001033929629207
4,007057,0,0.5032777177165526
4,007058,0,0.501966379192713
4,007059,0,0.5016889915811599
4,007060,0,0.5023294598542172
4,007061,0,0.5002123664997907
4,007063,0,0.5012157197654291
4,007064,0,0.5000611679722239
4,007074,0,0.5000785795323718
4,007079,0,0.5005530310342733
4,007082,0,0.5029571263760682
4,007088,0,0.5119444621624027
4,007092,0,0.502058442814065
4,007094,0,0.5005301033740143
4,007106,0,0.5004446917298896
4,007107,0,0.5058802912696101
4,007113,0,0.5009127060940912
4,007114,0,0.5003877780455537
4,007125,0,0.5001576659936835
4,007132,0,0.5008080340795705
4,007138,0,0.5002314842805617
4,007140,0,0.5007025927327297
4,007142,0,0.5006691219474488
4,007144,0,0.5007776146835954
4,007160,0,0.5022492722258156
4,007166,0,0.5003990709604378
4,007167,0,0.5002251658354752
4,007180,0,0.5000389553300018
4,007183,0,0.5003578813142527
4,007191,0,0.5008499355963338
4,007192,0,0.5007429579016156
4,007194,0,0.5004185346549387
4,007195,0,0.5014066363102808
4,007197,0,0.5001254897138885
4,007201,0,0.5002031034260086
4,007202,0,0.5004506922854506
4,007210,0,0.5002108522727536
4,007232,0,0.5006007166935686
4,007250,0,0.5001048625929247
4,007252,0,0.5004716640926087
4,007292,0,0.5008798534797859
4,007295,0,0.5003350390620326
4,007299,0,0.5002756826333564
4,007301,0,0.506166652096541
4,007302,0,0.5028907061734579
4,007304,0,0.5006664972051655
4,007317,0,0.5002172063350646
4,007318,0,0.5008015609366923
4,007319,0,0.5001323371387926
4,007324,0,0.5002978997999233
4,007331,0,0.5011333835446893
4,007341,0,0.5004372063784184
4,007342,0,0.5012616631406396
4,007343,0,0.500303535720957
4,007350,0,0.5003884866164433
4,007367,0,0.5007054793652188
4,007382,0,0.5050644170336837
4,007383,0,0.5009010684413574
4,007385,0,0.5001451850716392
4,007388,0,0.5001822141563319
4,007394,0,0.5001104174422646
4,007398,0,0.5014897758198527
4,007403,0,0.5006046692015047
4,007417,0,0.500249802016412
4,007418,0,0.5001562038339721
4,007419,0,0.5018434785788924
4,007425,0,0.5015294202392568
4,007427,0,0.5000810264053999
4,007430,0,0.5014747120072781
4,007432,0,0.5001074148202135
4,007439,0,0.5030691425914502
4,007440,0,0.500624965175721
4,007445,0,0.5016658130492115
4,007447,0,0.5007015747887328
4,007449,0,0.5057624002892316
4,007451,0,0.507689458640592
4,007456,0,0.5006414739928601
4,007467,0,0.5000423469635811
4,007468,0,0.5002510354293194
4,007472,0,0.5010679177869333
4,007476,0,0.5000651551367602
4,007478,0,0.5002593631807001
4,007479,0,0.5000389406773216
4,007485,0,0.5005116318584097
4,007486,0,0.5004426524864093
4,007488,0,0.5025343864282226
4,007491,0,0.5004288096633444
4,007495,0,0.5010461324144452
4,007496,0,0.5005103748656772
4,007498,0,0.500149559786241
4,007499,0,0.5004829906655124
4,007502,0,0.5000689284562906
4,007505,0,0.5006596257031769
4,007523,0,0.5066467476881976
4,007525,0,0.5002405285551424
4,007531,0,0.5006920838711634
4,007538,0,0.5013238901248233
4,007546,0,0.5011122222856164
4,007550,0,0.500329664472259
4,007552,0,0.5030538611087
4,007553,0,0.5000911506275402
4,007560,0,0.5009514819175662
4,007572,0,0.5006721151104057
4,007578,0,0.5024356759449339
4,007582,0,0.5002056357484445
4,007586,0,0.5031382270996466
4,007591,0,0.5011604686352438
4,007602,0,0.5001332562341612
4,007605,0,0.5007287493455732
4,007607,0,0.5001369570262222
4,007614,0,0.5120056912385422
4,007619,0,0.5013901998782674
4,007622,0,0.501125235899109
4,007624,0,0.5016695157665777
4,007625,0,0.5005678136016684
4,007626,0,0.5007186225757753
4,007631,0,0.501577228912973
4,007640,0,0.5005353949313411
4,007646,0,0.5000628882746891
4,007649,0,0.5008025599156121
4,007650,0,0.5006494764394647
4,007652,0,0.5040410376590011
4,007654,0,0.500153429595787
4,007659,0,0.5061627685121651
4,007660,0,0.5001733523014912
4,007661,0,0.5003067727307096
4,007663,0,0.5002735404509009
4,007664,0,0.5001696437270147
4,007666,0,0.5002274686688426
4,007686,0,0.5002236584289882
4,007707,0,0.5011905680655041
4,007710,0,0.501592638195597
4,007716,0,0.501696763683381
4,007717,0,0.501263692981265
4,007723,0,0.5019168537539788
4,007737,0,0.5003068732105679
4,007738,0,0.5016402056195004
4,007740,0,0.500401107901067
4,007754,0,0.5022367175441087
4,007755,0,0.5024879613966227
4,007764,0,0.5031092829604809
4,007767,0,0.5001726982689021
4,007771,0,0.5000565994288046
4,007772,0,0.504488954662621
4,007776,0,0.5004691376413695
4,007777,0,0.5002801165694177
4,007779,0,0.5004590255828756
4,007785,0,0.5054685675017527
4,007788,0,0.5004639376257595
4,007789,0,0.5037683010258265
4,007790,0,0.5004331741496479
4,007791,0,0.5001603983375977
4,007796,0,0.5009039641182704
4,007798,0,0.5005824777298897
4,007799,0,0.5012441385641687
4,007801,0,0.5001481746645365
4,007814,0,0.5029543559731564
4,007815,0,0.5015811377646242
4,007824,0,0.5004962192557973
4,007830,0,0.5122795018487839
4,007838,0,0.5021727691249417
4,007845,0,0.5005838649669381
4,007849,0,0.500338518112042
4,007855,0,0.5006697482306566
4,007868,0,0.501335106482145
4,007880,0,0.5002804822788837
4,007887,0,0.5048133115545462
4,007892,0,0.5012957150749321
4,007906,0,0.5017542756636565
4,007910,0,0.5030178519790789
4,007918,0,0.5000907587726354
4,007921,0,0.5026909700479678
4,007923,0,0.5008579336762764
4,007928,0,0.5022275161714089
4,007943,0,0.5027156394937038
4,007954,0,0.5003044543600877
4,007966,0,0.5002913830769152
4,007968,0,0.5000779243709156
4,007973,0,0.5001959299184984
4,007974,0,0.5011652435106392
4,007989,0,0.5013696461870935
4,007991,0,0.5002993553222783
4,007992,0,0.5003385926087279
4,007998,0,0.5003536345776938
4,008001,0,0.5005478953593636
4,008008,0,0.5020398354456513
4,008010,0,0.5008315848081262
4,008012,0,0.5014404771809323
4,008014,0,0.5002092457881169
4,008019,0,0.5024083223029518
4,008020,0,0.5003203980721682
4,008025,0,0.5017202795507965
4,008027,0,0.50085915070236
4,008033,0,0.5029340157764004
4,008038,0,0.5034859652598029
4,008051,0,0.5008810701928874
4,008057,0,0.5007285572084181
4,008058,0,0.5017073539107543
4,008061,0,0.5005566341441814
4,008062,0,0.5067088144646011
4,008063,0,0.500178790543989
4,008064,0,0.5003447009767436
4,008065,0,0.5004010589465111
4,008068,0,0.5011104732756391
4,008071,0,0.5013139410620493
4,008073,0,0.5007863048870463
4,008087,0,0.5001426197575108
4,008092,0,0.5063456801764085
4,008093,0,0.5004274634702722
4,008096,0,0.5010261356929092
4,008097,0,0.5004662674348405
4,008108,0,0.5008869412300119
4,008116,0,0.5006774205219777
4,008117,0,0.5000462806443877
4,008118,0,0.5010030332094777
4,008120,0,0.501393683617741
4,008134,0,0.5002224497542443
4,008144,0,0.5009837768561027
4,008147,0,0.5018825233517675
4,008150,0,0.5003106738571791
4,008154,0,0.500733635095969
4,008155,0,0.5004719261006698
4,008163,0,0.5009482125340473
4,008166,0,0.5019486677949474
4,008186,0,0.5003568985592193
4,008188,0,0.5004345345176883
4,008196,0,0.5017563370523973
4,008199,0,0.5059718532005326
4,008220,0,0.5002099670790341
4,008222,0,0.5017089328867647
4,008229,0,0.5003904467934943
4,008230,0,0.5025784633380345
4,008232,0,0.5027483112158806
4,008237,0,0.5009527966803904
4,008243,0,0.5001624740349891
4,008244,0,0.5012493227603736
4,008247,0,0.5007988677540249
4,008251,0,0.5008420567204082
4,008255,0,0.5016674126376709
4,008258,0,0.5004371642177649
4,008260,0,0.5006569981375596
4,008273,0,0.5027960342069001
4,008278,0,0.5026056809501298
4,008283,0,0.5010071683083182
4,008287,0,0.5003522123860367
4,008292,0,0.5049415217226795
4,008295,0,0.5000671101703331
4,008305,0,0.5010271421059165
4,008309,0,0.5003140342080774
4,008313,0,0.5112301004607929
4,008314,0,0.5006088429785969
4,008318,0,0.5009151506670805
4,008326,0,0.5002086333016557
4,008329,0,0.5011965415235995
4,008331,0,0.5000910443852821
4,008342,0,0.5003059076294069
4,008349,0,0.5007453774715364
4,008361,0,0.5009687964184699
4,008363,0,0.5001629116338531
4,008368,0,0.5003665431575971
4,008370,0,0.5012528439004578
4,008371,0,0.5058595086364274
4,008378,0,0.5006474475811544
4,008379,0,0.5001594853662201
4,008386,0,0.5018905721518031
4,008388,0,0.5002182760665024
4,008394,0,0.500974617889856
4,008399,0,0.5002678197344409
4,008403,0,0.500404214091556
4,008404,0,0.507219374106292
4,008410,0,0.5010160369020323
4,008411,0,0.5001815852912679
4,008418,0,0.5009103970607597
4,008432,0,0.5013880884106543
4,008434,0,0.5000829602158045
4,008436,0,0.502335858290988
4,008446,0,0.5002785500065376
4,008451,0,0.5001896011590308
4,008453,0,0.5036276839718277
4,008456,0,0.5011377527940885
4,008461,0,0.5022926467871253
4,008464,0,0.5001517465620904
4,008470,0,0.5085214892984191
4,008474,0,0.5236750728676344
4,008477,0,0.5011920860605795
4,008478,0,0.5064993692421222
4,008487,0,0.5004051661365356
4,008488,0,0.5005100686279924
4,008490,0,0.5004650848791256
4,008491,0,0.5026504562539282
4,008494,0,0.5014949991927466
4,008500,0,0.5048942302762885
4,008509,0,0.5001653226124415
4,008515,0,0.5030831687781401
4,008525,0,0.501350217613896
4,008533,0,0.5001163992076958
4,008547,0,0.5004368720792197
4,008556,0,0.5011231098503739
4,008560,0,0.500543284674308
4,008561,0,0.5012793884666046
4,008566,0,0.5002891126235776
4,008568,0,0.5027201099041783
4,008571,0,0.5059686469480894
4,008575,0,0.50033095044893
4,008577,0,0.5004915932007913
4,008587,0,0.500821490570316
4,008592,0,0.5000929686940283
4,008600,0,0.50056852302457
4,008603,0,0.5011211527743153
4,008609,0,0.5015890488966671
4,008615,0,0.5005090930491108
4,008626,0,0.5003144096673161
4,008638,0,0.5021734842049772
4,008639,0,0.5031631464196428
4,008640,0,0.5010825644725059
4,008642,0,0.5012418591523256
4,008644,0,0.5006392152012348
4,008645,0,0.5003073156267448
4,008647,0,0.5011609457360865
4,008648,0,0.5004512877133988
4,008653,0,0.5008500931446077
4,008669,0,0.5003191335707781
4,008671,0,0.5002854150779692
4,008673,0,0.5001301966609734
4,008675,0,0.5003550296856188
4,008685,0,0.5003552713749625
4,008693,0,0.5002542293825337
4,008701,0,0.5036553908664629
4,008709,0,0.501334724060361
4,008717,0,0.5009219049401576
4,008723,0,0.5015715908724128
4,008725,0,0.5012336301776309
4,008726,0,0.5002799625165543
4,008734,0,0.500264353991491
4,008736,0,0.5019470958628077
4,008738,0,0.5011136364196422
4,008750,0,0.5001492918446266
4,008753,0,0.5000545404732699
4,008757,0,0.5034480806891296
4,008767,0,0.5013825382164135
4,008773,0,0.5001787193282687
4,008781,0,0.5001242545139909
4,008783,0,0.5001546892157094
4,008784,0,0.5001586655901478
4,008791,0,0.501078025325056
4,008800,0,0.5005926668878146
4,008801,0,0.5088071337474712
4,008811,0,0.500040813747428
4,008822,0,0.5015178203283969
4,008835,0,0.5021221752433848
4,008839,0,0.5008930689636916
4,008846,0,0.506728654051427
4,008847,0,0.5007360692606698
4,008858,0,0.5009201440604345
4,008860,0,0.5020531800111896
4,008863,0,0.5031068172636535
4,008866,0,0.501762878385679
4,008873,0,0.5001568955116479
4,008876,0,0.5130766997095279
4,008881,0,0.5002318460492968
4,008886,0,0.5017393092184214
4,008888,0,0.5015583879276314
4,008895,0,0.5000938110150812
4,008896,0,0.5011130896877953
4,008900,0,0.5002787857384913
4,008909,0,0.5003587774639021
4,008913,0,0.5002002339248554
4,008920,0,0.50070289508292
4,008923,0,0.5004440404232241
4,008925,0,0.5010773791031634
4,008933,0,0.5005875737072831
4,008949,0,0.5309049382845441
4,008952,0,0.5013158218591253
4,008961,0,0.5005985127157737
4,008965,0,0.5046794224161556
4,008967,0,0.5002848857621712
4,008971,0,0.5006961153163646
4,008981,0,0.500655878405908
4,008983,0,0.5007709643857294
4,008985,0,0.5000800448198317
4,009003,0,0.5002413687788277
4,009010,0,0.5003009897983838
4,009013,0,0.5020656955594979
4,009014,0,0.501333273741515
4,009017,0,0.5015153254786952
4,009033,0,0.5001592487695733
4,009036,0,0.500274227179136
4,009044,0,0.5000791230444237
4,009052,0,0.5002465053244529
4,009053,0,0.5002631349255158
4,009069,0,0.5008718304370875
4,009076,0,0.5009343297802528
4,009078,0,0.5026496880868262
4,009081,0,0.5005136743605805
4,009083,0,0.5005036630290415
4,009085,0,0.5005302878418475
4,009090,0,0.5001383099748677
4,009104,0,0.5001153462814677
4,009109,0,0.500405181592758
4,009110,0,0.5002681847833386
4,009114,0,0.5024357409832227
4,009117,0,0.5005114896392254
4,009124,0,0.5001142018329522
4,009136,0,0.5004856352599646
4,009150,0,0.5007971818067855
4,009159,0,0.5017751129185312
4,009164,0,0.5006761740545914
4,009167,0,0.5002469635581336
4,009172,0,0.5008060243962973
4,009179,0,0.501314262388759
4,009183,0,0.5006441644826314
4,009184,0,0.5034302407290915
4,009188,0,0.5010757195209994
4,009192,0,0.5015855490061506
4,009193,0,0.5002481456275444
4,009194,0,0.5000727191726626
4,009199,0,0.5011143178410228
4,009202,0,0.5121371081784653
4,009216,0,0.500363616685493
4,009219,0,0.5007089650163231
4,009225,0,0.5086392917634008
4,009226,0,0.5017463469897424
4,009228,0,0.5011425778182718
4,009234,0,0.5005902379773332
4,009235,0,0.5001889808261956
4,009244,0,0.5024195076796528
4,009248,0,0.500126854366609
4,009250,0,0.5008872941042637
4,009251,0,0.5025313500985763
4,009258,0,0.5007114512072693
4,009262,0,0.501738664874114
4,009267,0,0.5012915820102398
4,009269,0,0.5056285092124538
4,009272,0,0.5004877692856119
4,009274,0,0.5003924737805472
4,009278,0,0.5007383055308581
4,009279,0,0.5001362087166359
4,009280,0,0.5003545021212884
4,009283,0,0.5003215637272891
4,009297,0,0.5100661781793293
4,009306,0,0.5008519169260233
4,009310,0,0.5008094632629918
4,009313,0,0.500502526573732
4,009318,0,0.501176917885945
4,009319,0,0.5001585057273038
4,009320,0,0.500067136093118
4,009336,0,0.5003336038679796
4,009341,0,0.5012728098458712
4,009344,0,0.5012223589597835
4,009346,0,0.5070692113002938
4,009348,0,0.5007740740375715
4,009349,0,0.5007687324009429
4,009350,0,0.5006375418674448
4,009358,0,0.5002910070251929
4,009364,0,0.5020065994805754
4,009365,0,0.5002428635982414
4,009369,0,0.5019997223187006
4,009371,0,0.5001892355474581
4,009373,0,0.50045744219148
4,009382,0,0.5008263869379149
4,009385,0,0.5005674875887651
4,009386,0,0.5001509714463748
4,009387,0,0.5015793499002041
4,009388,0,0.5022370669661097
4,009406,0,0.5001835863495576
4,009411,0,0.5001259066268203
4,009415,0,0.5002239010233639
4,009435,0,0.5002489947923269
4,009442,0,0.5012445891004172
4,009446,0,0.5029223554182601
4,009455,0,0.5001661273904198
4,009460,0,0.5042979677590744
4,009469,0,0.5011666069253038
4,009470,0,0.5144421937520761
4,009471,0,0.500438406614657
4,009474,0,0.5007977470271022
4,009490,0,0.5002672574458925
4,009491,0,0.5007795271186957
4,009492,0,0.5008771160865171
4,009493,0,0.500037171882329
4,009501,0,0.5002146055841078
4,009502,0,0.5022905068461353
4,009515,0,0.5000456495357699
4,009524,0,0.5002340606776279
4,009527,0,0.5014612972537247
4,009531,0,0.5380794563967932
4,009539,0,0.500219348453516
4,009550,0,0.5000344732659013
4,009559,0,0.5005975529328318
4,009561,0,0.5000496295732656
4,009568,0,0.5002266822506384
4,009570,0,0.5001360693445231
4,009576,0,0.5006991632449054
4,009582,0,0.5040289014982704
4,009583,0,0.5010078784604383
4,009585,0,0.5037192538739003
4,009593,0,0.5006558164834305
4,009599,0,0.5005537135015072
4,009600,0,0.5003611281141878
4,009603,0,0.5003706310369582
4,009608,0,0.5000928241273296
4,009609,0,0.5004893592680275
4,009617,0,0.501974179945379
4,009622,0,0.5001965288848697
4,009631,0,0.5066762909652548
4,009641,0,0.5007794071289416
4,009642,0,0.5008156164244256
4,009660,0,0.5005027131999957
4,009662,0,0.5004549204161814
4,009675,0,0.5217644973493414
4,009676,0,0.5006635849894595
4,009677,0,0.5000887353802649
4,009679,0,0.5056170523081771
4,009682,0,0.5026046204120361
4,009683,0,0.5007703089701493
4,009689,0,0.5005658327506384
4,009699,0,0.5038387870584083
4,009703,0,0.5007266070199087
4,009704,0,0.5001049081645436
4,009712,0,0.501115214865742
4,009721,0,0.5001828730782463
4,009722,0,0.5003247103419644
4,009725,0,0.501438145911706
4,009735,0,0.520603249247538
4,009737,0,0.5005075983663083
4,009743,0,0.5002915847699939
4,009745,0,0.5003305071554781
4,009751,0,0.5000398404447151
4,009758,0,0.500177048439432
4,009763,0,0.5041708527638509
4,009774,0,0.504144025882272
4,009778,0,0.5004481397492889
4,009779,0,0.5055234170200306
4,009782,0,0.5034397627167033
4,009785,0,0.5043622357110487
4,009787,0,0.502472505790417
4,009788,0,0.500336400495214
4,009789,0,0.5005207305161722
4,009791,0,0.5004904789456668
4,009792,0,0.5003257279921685
4,009803,0,0.5003235093487715
4,009805,0,0.5003065092825899
4,009808,0,0.5001417890214092
4,009810,0,0.5007451574920523
4,009814,0,0.5006450780654526
4,009818,0,0.5000506525518943
4,009819,0,0.5003754894838228
4,009826,0,0.5010889609149881
4,009828,0,0.5002313285290924
4,009845,0,0.5023469076398139
4,009860,0,0.5001696835491478
4,009862,0,0.5022091889237644
4,009874,0,0.501048035667823
4,009880,0,0.5046664440450026
4,009888,0,0.5000391648647238
4,009889,0,0.501558974534239
4,009901,0,0.5002746569859579
4,009910,0,0.5014822513647494
4,009911,0,0.5028202129212658
4,009919,0,0.5120191254499528
4,009921,0,0.5012395506693962
4,009926,0,0.5018782324035479
4,009935,0,0.5008750621753353
4,009936,0,0.5014018786961765
4,009940,0,0.5020704824426935
4,009946,0,0.5049636774720428
4,009948,0,0.5006100277065316
4,009949,0,0.5013341854875374
4,009951,0,0.500126288493826
4,009958,0,0.5017314792200213
4,009959,0,0.5002769539158309
4,009960,0,0.5004366000268009
4,009962,0,0.5007835381301508
4,009966,0,0.5011992985483186
4,009967,0,0.5022309608485303
4,009968,0,0.5005904855077915
4,009975,0,0.5042166536825824
4,009984,0,0.5008874652835688
4,009989,0,0.5001834314570485
4,010003,0,0.5003086664114372
4,010007,0,0.5005811828867627
4,010016,0,0.5002868162292305
4,010024,0,0.504361467528585
4,010028,0,0.5044690037157188
4,010031,0,0.5010107830334537
4,010035,0,0.5011248712518324
4,010041,0,0.5019401512933749
4,010043,0,0.5016883675003515
4,010046,0,0.5002171206871289
4,010048,0,0.5000454102308831
4,010056,0,0.5026595337475741
4,010057,0,0.5001193991578294
4,010058,0,0.5192728775796823
4,010071,0,0.5017279445887444
4,010072,0,0.501772042976589
4,010074,0,0.5001752556942665
4,010078,0,0.500121947776458
4,010080,0,0.5028105765999495
4,010082,0,0.5004914909631142
4,010087,0,0.5002380407074251
4,010100,0,0.5007751505427815
4,010109,0,0.5004008502940774
4,010113,0,0.5018277380649903
4,010116,0,0.512191237311684
4,010118,0,0.5006371573810039
4,010120,0,0.5002501408665938
4,010123,0,0.5016354707067119
4,010126,0,0.5002631022142379
4,010136,0,0.5011820610285203
4,010141,0,0.5012198403753445
4,010171,0,0.5013301227012283
4,010176,0,0.5021133265474275
4,010179,0,0.5014372405000243
4,010182,0,0.5015588642360584
4,010183,0,0.500728572916579
4,010186,0,0.5000754500260381
4,010187,0,0.5004809602156887
4,010198,0,0.5006594771998006
4,010199,0,0.5004394838546625
4,010207,0,0.5008460556715919
4,010210,0,0.5017119281009101
4,010225,0,0.5009070967996514
4,010226,0,0.5002471450638201
4,010231,0,0.5002652750794709
4,010241,0,0.5002689697587761
4,010247,0,0.500800878702979
4,010248,0,0.5012444724019218
4,010252,0,0.5010231896178421
4,010258,0,0.5020416580148319
4,010261,0,0.5010131057500065
4,010262,0,0.5002256628439009
4,010265,0,0.500381488968659
4,010273,0,0.5000877868833448
4,010281,0,0.5028419144762237
4,010282,0,0.5015244156858628
4,010288,0,0.5032859596014854
4,010289,0,0.5017569069227824
4,010293,0,0.5012023620858395
4,010295,0,0.5002139065777252
4,010309,0,0.5006912298148792
4,010314,0,0.5003283109182236
4,010318,0,0.5006357439150222
4,010321,0,0.5015540485063174
4,010323,0,0.5035401020067117
4,010325,0,0.5133396544947951
4,010326,0,0.5007831853779708
4,010336,0,0.5001447779683296
4,010339,0,0.5021552786423111
4,010340,0,0.5070502131512966
4,010345,0,0.5000346268174054
4,010347,0,0.5007304472504213
4,010364,0,0.500130287733743
4,010365,0,0.5004320901076934
4,010370,0,0.5000888851772171
4,010372,0,0.5005700853549969
4,010384,0,0.5003872019209931
4,010387,0,0.5001341337829409
4,010393,0,0.5002883805789073
4,010394,0,0.5006774385495093
4,010401,0,0.5008597574947703
4,010415,0,0.5001692712881741
4,010422,0,0.500371650456947
4,010423,0,0.5007683007898821
4,010424,0,0.5022205268558536
4,010434,0,0.5001906892133031
4,010439,0,0.5001739046795554
4,010441,0,0.5001308201693713
4,010442,0,0.5001817515025226
4,010450,0,0.5127622104490207
4,010457,0,0.5038912772199988
4,010458,0,0.5002084508332018
4,010459,0,0.5119973838442903
4,010471,0,0.5003697608560338
4,010472,0,0.5003563533793974
4,010473,0,0.5011995018178521
4,010475,0,0.5022061801380009
4,010477,0,0.5011046931423776
4,010484,0,0.5020300358547902
4,010489,0,0.5013151013976731
4,010491,0,0.5006196219500874
4,010498,0,0.5000692614320433
4,010499,0,0.5005144114710105
4,010502,0,0.5026584793041298
4,010507,0,0.503240422108371
4,010514,0,0.5007550036901675
4,010524,0,0.5037702692337128
4,010525,0,0.5001962491326947
4,010535,0,0.500064703981696
4,010542,0,0.504035413066447
4,010550,0,0.500306577278668
4,010562,0,0.5022989537521535
4,010566,0,0.5007167042630752
4,010575,0,0.5014758029533396
4,010577,0,0.5005070694667115
4,010578,0,0.5040314828170217
4,010580,0,0.5010459072229295
4,010584,0,0.5001177538826133
4,010585,0,0.5041102292102898
4,010587,0,0.5006584922120829
4,010592,0,0.500540595204976
4,010594,0,0.5001176697571253
4,010595,0,0.5004752200558061
4,010600,0,0.5009184783417764
4,010605,0,0.5002597447419835
4,010607,0,0.5005272525594499
4,010620,0,0.5002206061575115
4,010621,0,0.5002277436782034
4,010623,0,0.5004536927731336
4,010627,0,0.5010517877700383
4,010628,0,0.503173302876811
4,010630,0,0.5001410133988436
4,010632,0,0.5006299328225599
4,010648,0,0.5038306758462328
4,010650,0,0.5001174949140166
4,010658,0,0.5000660690028895
4,010661,0,0.5096995626452694
4,010665,0,0.5002313266823126
4,010667,0,0.5012977766635319
4,010670,0,0.5005400710054821
4,010680,0,0.5001475598599905
4,010682,0,0.5001391064245063
4,010694,0,0.5029287410452743
4,010699,0,0.5021308906342071
4,010702,0,0.5003774902717263
4,010714,0,0.5051551923085835
4,010716,0,0.5003775750999901
4,010724,0,0.5009490548588925
4,010727,0,0.5001950505215387
4,010739,0,0.5001133101054914
4,010747,0,0.5002425736761674
4,010752,0,0.5021107067571444
4,010757,0,0.5014631260334796
4,010765,0,0.5019090786292443
4,010766,0,0.5007122250300573
4,010767,0,0.5010255842160837
4,010770,0,0.5021391329164632
4,010781,0,0.5010982608302947
4,010782,0,0.5001829977782842
4,010789,0,0.5001498587668701
4,010795,0,0.5017441374408919
4,010796,0,0.5018206419509005
4,010797,0,0.5006395489608041
4,010798,0,0.5005497165747632
4,010802,0,0.5007140074152474
4,010810,0,0.5005575795657289
4,010825,0,0.5008274460819934
4,010837,0,0.5009685403809612
4,010841,0,0.5009512742429812
4,010842,0,0.5015751883127841
4,010843,0,0.501289122666336
4,010844,0,0.5000763412734781
4,010851,0,0.5002377999745692
4,010862,0,0.5020156672185723
4,010864,0,0.5010302445615146
4,010872,0,0.5003910416814608
4,010873,0,0.5021437601222866
4,010874,0,0.5055860815333985
4,010877,0,0.50017097823093
4,010879,0,0.5002216735733945
4,010881,0,0.5007440322513012
4,010888,0,0.5001125547413867
4,010890,0,0.5094205582329295
4,010894,0,0.5020187400397467
4,010895,0,0.5003261977405785
4,010900,0,0.5020347200532763
4,010907,0,0.5063604857763191
4,010918,0,0.5011144920512107
4,010943,0,0.5002722619749659
4,010946,0,0.5053736777511592
4,010952,0,0.5000651671935452
4,010955,0,0.5006803314476487
4,010956,0,0.5000630707216437
4,010962,0,0.50236346302963
4,010968,0,0.5004229922363885
4,010969,0,0.5000425239467639
4,010970,0,0.5009088620088749
4,010977,0,0.5618022884098062
4,010988,0,0.5005574694221926
4,010989,0,0.500261079898771
4,010992,0,0.5004947289672913
4,010994,0,0.5039818971973951
4,010995,0,0.502133661862601
4,011009,0,0.5057856175944474
4,011010,0,0.5153957665926546
4,011011,0,0.5014177408323138
4,011016,0,0.50018758098459
4,011019,0,0.5035566812005672
4,011020,0,0.502433793798496
4,011023,0,0.5002719711473327
4,011027,0,0.5001311889207765
4,011028,0,0.5013859975030728
4,011037,0,0.5004434614004555
4,011039,0,0.50028289088281
4,011040,0,0.5007355214857334
4,011046,0,0.5005926743989398
4,011047,0,0.5002065649740884
4,011048,0,0.5151689639009727
4,011057,0,0.501341598134678
4,011058,0,0.5036851207044032
4,011065,0,0.5003830880134605
4,011067,0,0.5027075534933306
4,011075,0,0.5012850706374009
4,011078,0,0.5005688562151485
4,011096,0,0.5087681969786191
4,011107,0,0.5036704292641928
4,011115,0,0.5083409617528762
4,011131,0,0.5002870947705662
4,011141,0,0.500762327940877
4,011147,0,0.5006681481827159
4,011150,0,0.5001279293693157
4,011158,0,0.5035869474307664
4,011159,0,0.5002761138148919
4,011165,0,0.5016362018360683
4,011178,0,0.5005338309054014
4,011182,0,0.5003645086392764
4,011184,0,0.500496226771683
4,011188,0,0.5004009966588379
4,011189,0,0.5005692194475748
4,011190,0,0.5004015094623838
4,011193,0,0.5003464563369272
4,011201,0,0.5001541131119183
4,011202,0,0.5001998546294684
4,011203,0,0.5012466563018921
4,011215,0,0.5005963861544822
4,011221,0,0.5015658194379192
4,011227,0,0.5044473418844052
4,011238,0,0.5005736594905397
4,011243,0,0.5003427039974163
4,011249,0,0.5005314804754118
4,011250,0,0.5007747215233941
4,011258,0,0.5002432704438794
4,011261,0,0.5030972516359965
4,011262,0,0.5006642642298805
4,011268,0,0.5002308396789114
4,011276,0,0.5001316872348897
4,011290,0,0.5015176226153875
4,011295,0,0.5001335361623043
4,011297,0,0.5072402390095806
4,011303,0,0.5002211810220173
4,011307,0,0.5014087880764456
4,011309,0,0.5010693896142653
4,011316,0,0.5007499741062016
4,011321,0,0.5003064735055384
4,011325,0,0.5030314126104978
4,011334,0,0.5001000808012037
4,011335,0,0.5001728395153401
4,011347,0,0.5007064328134619
4,011348,0,0.5000919522812627
4,011350,0,0.5001873069199206
4,011354,0,0.501212193955915
4,011357,0,0.5006838509867881
4,011358,0,0.5009292984383726
4,011359,0,0.500162799506757
4,011362,0,0.5002339442775962
4,011369,0,0.5031182487695902
4,011381,0,0.5001234848994317
4,011399,0,0.5004302013835091
4,011411,0,0.5023568289886813
4,011417,0,0.500101291524257
4,011427,0,0.5012217863755676
4,011430,0,0.5005590124395689
4,011436,0,0.500457316490276
4,011438,0,0.5001487187160663
4,011450,0,0.5005283653544081
4,011451,0,0.5019891786936111
4,011465,0,0.5002306164155399
4,011472,0,0.5023164773466675
4,011473,0,0.5002699396285124
4,011475,0,0.5002664888488012
4,011480,0,0.5004080304252135
4,011484,0,0.5001588772562738
4,011487,0,0.5011446801230205
4,011494,0,0.5046947552113537
4,011495,0,0.5043252438463001
4,011508,0,0.5026860377012319
4,011510,0,0.5042844587564359
4,011513,0,0.500207500002728
4,011515,0,0.500726711180491
4,011522,0,0.500242946584669
4,011541,0,0.5019684369752224
4,011545,0,0.5009374371133526
4,011566,0,0.5005125652360358
4,011569,0,0.5010348138708568
4,011570,0,0.5003274661627751
4,011571,0,0.5011027855693899
4,011572,0,0.5025931814001039
4,011574,0,0.5033743717394853
4,011576,0,0.500324929433125
4,011581,0,0.5011290546444123
4,011583,0,0.5005714560227049
4,011587,0,0.5007460640137518
4,011590,0,0.5001151859793188
4,011591,0,0.5007722035207888
4,011595,0,0.5003525456328102
4,011598,0,0.5001785636821725
4,011600,0,0.5012285961153996
4,011601,0,0.5030935032495758
4,011608,0,0.5026192978146252
4,011610,0,0.5015360664712039
4,011611,0,0.5002321821344663
4,011612,0,0.5000647184914422
4,011614,0,0.5005725392201668
4,011615,0,0.5010933044683585
4,011628,0,0.5140407338226533
4,011638,0,0.5006606866626782
4,011643,0,0.5001831217124231
4,011644,0,0.5018784810020684
4,011649,0,0.5121677994268428
4,011651,0,0.5007143832873634
4,011660,0,0.5004201076465427
4,011671,0,0.5006756394547951
4,011674,0,0.5048951618506679
4,011690,0,0.5007075218255076
4,011692,0,0.5117770254148752
4,011698,0,0.500172385602035
4,011705,0,0.5000664414466692
4,011715,0,0.5000991732403306
4,011718,0,0.500814448454594
4,011719,0,0.5014378845017748
4,011720,0,0.5002782019572742
4,011725,0,0.500167294357075
4,011726,0,0.5003996776296961
4,011733,0,0.5022181015318489
4,011742,0,0.5002082232406195
4,011743,0,0.5008872348529902
4,011750,0,0.501306197747124
4,011752,0,0.5011837890958516
4,011768,0,0.5009779012576929
4,011773,0,0.5012521957349476
4,011774,0,0.5005285351412363
4,011778,0,0.5005535676782745
4,011781,0,0.5002276728784866
4,011782,0,0.5017739810942018
4,011786,0,0.5003424633128144
4,011792,0,0.5011638927401888
4,011793,0,0.5018101379655144
4,011797,0,0.5003314126377348
4,011803,0,0.500733661352854
4,011804,0,0.5005026765048394
4,011806,0,0.5000474239796434
4,011816,0,0.5000910433272174
4,011825,0,0.5012150802965142
4,011837,0,0.5002245789811625
4,011841,0,0.5001547080799641
4,011844,0,0.5010518035403653
4,011845,0,0.5001902588995341
4,011851,0,0.5001130782038948
4,011854,0,0.5002932480775537
4,011855,0,0.500189501170174
4,011868,0,0.5005188981118003
4,011871,0,0.5025277762514538
4,011872,0,0.5023014006119235
4,011875,0,0.5000988478332054
4,011884,0,0.5003995159616674
4,011885,0,0.5001880502728698
4,011888,0,0.5081433446276642
4,011895,0,0.5001531544034334
4,011898,0,0.500813743398738
4,011899,0,0.500266813655436
4,011900,0,0.5036105310178323
4,011901,0,0.5017976885674292
4,011905,0,0.501048023752335
4,011906,0,0.5007770899527669
4,011907,0,0.5005991503304846
4,011909,0,0.5000820459116945
4,011910,0,0.5003720269684617
4,011916,0,0.5056824389709706
4,011921,0,0.5009413008306485
4,011925,0,0.5008276205506057
4,011929,0,0.5009250556429233
4,011930,0,0.5026545029598068
4,011932,0,0.5004906652034813
4,011934,0,0.5004995626073797
4,011936,0,0.500421211208422
4,011938,0,0.5007527517108151
4,011943,0,0.5006652027580287
4,011944,0,0.501832843386593
4,011957,0,0.501450064151229
4,011967,0,0.5003026128488508
4,011969,0,0.5007181039812085
4,011984,0,0.5015400070374619
4,011992,0,0.5004107965215571
4,011994,0,0.5002767182079276
5,000024,1,0.5002342220647568
5,000056,1,0.5137616462206742
5,000198,1,0.5021751685095672
5,000432,1,0.5010338788953399
5,000558,1,0.5112158369771005
5,000592,1,0.5002233818761613
5,000703,1,0.501901938457352
5,000727,1,0.5003554909274415
5,000764,1,0.5330914884003474
5,000872,1,0.500945533535664
5,000907,1,0.5017547478862058
5,001267,1,0.5008166170152195
5,001299,1,0.500875455737826
5,002398,1,0.5002051871000699
5,002563,1,0.5008199879225856
5,003109,1,0.5055994899233482
5,003180,1,0.5000939301416216
5,003325,1,0.5005760268141355
5,003537,1,0.5048683290348532
5,004020,1,0.500328743524135
5,004742,1,0.5006646192944461
5,004826,1,0.5004840333517006
5,005039,1,0.5020715801324627
5,005095,1,0.5006227730365433
5,005373,1,0.5009116685940461
5,005548,1,0.5031425158534547
5,005716,1,0.5018872294386099
5,005794,1,0.5003054047246751
5,006119,1,0.500677413977502
5,006191,1,0.500177890097848
5,006409,1,0.5006413443435745
5,006430,1,0.5046228525003977
5,006580,1,0.5040128613296068
5,006622,1,0.5062857932940796
5,006715,1,0.5036557617815077
5,007634,1,0.5014618199141688
5,008345,1,0.5083234492591631
5,008614,1,0.5010358502835011
5,008850,1,0.5015958608620747
5,009332,1,0.5006591976277194
5,009591,1,0.5028636311826256
5,009953,1,0.5000878959271083
5,010229,1,0.5043179205589928
5,010536,1,0.5005528724225214
5,011287,1,0.5001206959657802
5,011637,1,0.5020172181021949
5,011761,1,0.5053649852038204
5,011950,1,0.5038832244969296
5,000001,0,0.5004450529304193
5,000016,0,0.5016112809520504
5,000022,0,0.5008465238963593
5,000023,0,0.5038706268498953
5,000035,0,0.5000686460827343
5,000036,0,0.5343076795705944
5,000046,0,0.501173279150889
5,000055,0,0.5002504598695408
5,000060,0,0.5003593770255799
5,000064,0,0.500074070552227
5,000067,0,0.5001074044537164
5,000069,0,0.5003320400015178
5,000072,0,0.5005471509980799
5,000073,0,0.500096677066929
5,000074,0,0.500084509453537
5,000076,0,0.5000702957682085
5,000081,0,0.5002582361586142
5,000086,0,0.5004179027734117
5,000089,0,0.5001256628966029
5,000091,0,0.5002581278420302
5,000093,0,0.5003637507843007
5,000096,0,0.502374374925016
5,000098,0,0.5001182293184978
5,000099,0,0.5005654281511508
5,000101,0,0.5009439544519851
5,000104,0,0.5002160334562088
5,000112,0,0.5023078981055045
5,000121,0,0.5007552105644495
5,000136,0,0.503749801674688
5,000140,0,0.5006612746434905
5,000146,0,0.5000596995147952
5,000156,0,0.5033377935463839
5,000157,0,0.5009267953555566
5,000163,0,0.5005358908111432
5,000165,0,0.5012797029550299
5,000174,0,0.5000996059006927
5,000179,0,0.5002760272052541
5,000180,0,0.5001630556014902
5,000185,0,0.5000455807567626
5,000195,0,0.5006557165030865
5,000201,0,0.5002391738949863
5,000206,0,0.5011204106607496
5,000211,0,0.5003982811021709
5,000215,0,0.5024477925931142
5,000216,0,0.5003759845263099
5,000217,0,0.5001628349406595
5,000230,0,0.5003267256082933
5,000232,0,0.5001190187307483
5,000234,0,0.5005207068390961
5,000235,0,0.5005112825643859
5,000236,0,0.5011900438053395
5,000241,0,0.5007806350089908
5,000244,0,0.5018326998223782
5,000246,0,0.5002455647334967
5,000250,0,0.505586258356317
5,000251,0,0.5004570021692714
5,000253,0,0.50098109012111
5,000255,0,0.5010829753883959
5,000261,0,0.5028719330889668
5,000262,0,0.5004275256001511
5,000266,0,0.5028183657188768
5,000270,0,0.5011346757942874
5,000272,0,0.5002356668928593
5,000274,0,0.5003646270206933
5,000284,0,0.5022697018392512
5,000292,0,0.5012246614469995
5,000301,0,0.500878411160368
5,000312,0,0.5007437993087673
5,000313,0,0.5002652240986339
5,000324,0,0.5010407815825819
5,000328,0,0.5012217549593398
5,000336,0,0.5010210553970265
5,000338,0,0.5004018714149485
5,000347,0,0.5045576640574087
5,000349,0,0.5010682718153455
5,000361,0,0.500518444471626
5,000367,0,0.5053400869304321
5,000369,0,0.5001436808816538
5,000370,0,0.5001599918216875
5,000371,0,0.50087733991084
5,000378,0,0.5005097318407333
5,000385,0,0.5033682519312497
5,000388,0,0.5001394466178315
5,000389,0,0.5001198317070491
5,000393,0,0.5011670376720938
5,000394,0,0.5001251120881062
5,000414,0,0.5016526393875058
5,000416,0,0.5010684299911862
5,000418,0,0.5020405069690349
5,000421,0,0.5001588042863689
5,000423,0,0.5053830122761803
5,000434,0,0.5001635824747928
5,000435,0,0.5002685875753604
5,000438,0,0.5006264692776555
5,000448,0,0.5009501080724591
5,000454,0,0.5010376029381198
5,000463,0,0.5004597688083646
5,000465,0,0.500234168645043
5,000467,0,0.500087669556867
5,000468,0,0.5003813987184522
5,000470,0,0.500240515136944
5,000471,0,0.5012681694268433
5,000472,0,0.5003802908522746
5,000479,0,0.5001876477066011
5,000481,0,0.5001994055155782
5,000482,0,0.5051223250813069
5,000485,0,0.5000796583115176
5,000492,0,0.5008564259091373
5,000499,0,0.500131544038957
5,000503,0,0.5002643594023779
5,000504,0,0.500274533277318
5,000520,0,0.5002136037431245
5,000521,0,0.5017416190528526
5,000534,0,0.5018809090710763
5,000535,0,0.5002848982550702
5,000536,0,0.5000867149719058
5,000537,0,0.5003595592257094
5,000539,0,0.5003235520419862
5,000541,0,0.5024771096149925
5,000543,0,0.5003213445898502
5,000546,0,0.5002875054791117
5,000547,0,0.5002148153687108
5,000548,0,0.5009232922739598
5,000549,0,0.5007441816656567
5,000554,0,0.5003001670824215
5,000556,0,0.5095397046482248
5,000557,0,0.5008192389660758
5,000591,0,0.5003662466160811
5,000606,0,0.5006931776996824
5,000609,0,0.5002126301661466
5,000611,0,0.5002519937629049
5,000612,0,0.5007381395995039
5,000615,0,0.5004384125264566
5,000622,0,0.500200000105584
5,000627,0,0.5001052811522262
5,000639,0,0.5003401021066006
5,000644,0,0.500722818384579
5,000649,0,0.5012394513023493
5,000651,0,0.501160522953967
5,000652,0,0.5013077103449737
5,000654,0,0.5027003439272322
5,000660,0,0.5002693467421435
5,000665,0,0.5012020854823822
5,000673,0,0.501243575230255
5,000678,0,0.5035517853049862
5,000680,0,0.5008918846371034
5,000682,0,0.5012931438297059
5,000686,0,0.502635119936672
5,000694,0,0.5001463838715207
5,000699,0,0.5015856793622825
5,000705,0,0.5043301287742935
5,000713,0,0.5050335216959817
5,000717,0,0.5086095591554943
5,000734,0,0.500110484307707
5,000745,0,0.50150964951235
5,000755,0,0.5008431820222854
5,000756,0,0.5005944282136957
5,000768,0,0.5001778274860725
5,000778,0,0.5002731302445519
5,000795,0,0.5001438468808328
5,000804,0,0.5001141085434841
5,000807,0,0.5004244898768792
5,000811,0,0.5003590067374679
5,000816,0,0.5015169163031142
5,000819,0,0.5009292404405095
5,000820,0,0.500042972930996
5,000836,0,0.5017488642753914
5,000840,0,0.5025279132579243
5,000848,0,0.5003114550572368
5,000849,0,0.5011155407495462
5,000854,0,0.5018306079292068
5,000863,0,0.5001735904629028
5,000864,0,0.5005184513528986
5,000874,0,0.5026921947042163
5,000875,0,0.5011204772374874
5,000897,0,0.5001251028120139
5,000899,0,0.5015201853438894
5,000904,0,0.5000705683891364
5,000908,0,0.5001279035284452
5,000909,0,0.5009302965923064
5,000924,0,0.5092463472722026
5,000937,0,0.5022314409410251
5,000940,0,0.5004729970463352
5,000942,0,0.500623862408496
5,000945,0,0.5007482117293022
5,000955,0,0.5002984946869998
5,000958,0,0.5013678032282115
5,000962,0,0.5096421482420675
5,000975,0,0.5005381065941675
5,000981,0,0.5001464911604926
5,000982,0,0.5002377608141982
5,000984,0,0.5003535039060706
5,000986,0,0.5004933086981599
5,001001,0,0.5014814486220124
5,001002,0,0.5020361204992
5,001013,0,0.5004092636974965
5,001021,0,0.5047605953014549
5,001027,0,0.5004245415685593
5,001031,0,0.500728953507878
5,001032,0,0.5028041917013679
5,001046,0,0.5004955594280248
5,001049,0,0.5007679245944497
5,001057,0,0.5021511461376285
5,001058,0,0.5001207622218271
5,001067,0,0.500493683587925
5,001076,0,0.5008436880326397
5,001090,0,0.5003310197786971
5,001091,0,0.5001986863986606
5,001105,0,0.5022109457014771
5,001117,0,0.504283751022622
5,001118,0,0.5003511615900968
5,001119,0,0.5018810630968022
5,001122,0,0.5008184625380774
5,001126,0,0.5003531234834946
5,001133,0,0.5011285219416383
5,001137,0,0.5005834334226714
5,001141,0,0.5011364947869851
5,001144,0,0.5003230828918602
5,001149,0,0.5042819976286644
5,001153,0,0.500402382642247
5,001154,0,0.511186775939101
5,001157,0,0.5005463213326856
5,001179,0,0.5001721359138745
5,001180,0,0.5026594246401996
5,001183,0,0.5172361941752898
5,001200,0,0.5060121646633204
5,001212,0,0.5040355918749101
5,001223,0,0.5001857921655327
5,001225,0,0.5008227578610368
5,001233,0,0.5001175990653316
5,001239,0,0.5006176079742457
5,001240,0,0.5003469682548866
5,001245,0,0.5010354099830011
5,001249,0,0.5022764357633139
5,001250,0,0.5012424162192948
5,001255,0,0.5001618201602448
5,001274,0,0.5011171308154215
5,001275,0,0.5024060001443893
5,001279,0,0.5002004872567233
5,001281,0,0.5003499497105064
5,001290,0,0.5005592344493238
5,001293,0,0.5023107719984742
5,001301,0,0.5015757396856636
5,001310,0,0.5001569475414588
5,001311,0,0.5011112770844065
5,001313,0,0.5180085932816687
5,001316,0,0.5016927959051681
5,001318,0,0.5081802894041099
5,001321,0,0.5016047395639366
5,001322,0,0.501303491421189
5,001330,0,0.501233514969481
5,001339,0,0.5006913716745409
5,001344,0,0.5023270643688885
5,001347,0,0.5007643321795145
5,001349,0,0.5008758554345886
5,001354,0,0.5120248719639501
5,001356,0,0.5006656512434341
5,001360,0,0.5001902237427005
5,001370,0,0.5017056608927768
5,001373,0,0.5004674355616744
5,001375,0,0.5012230700666892
5,001377,0,0.5002444658534441
5,001385,0,0.5021316655957949
5,001390,0,0.5053627872379247
5,001393,0,0.5002320872421271
5,001396,0,0.5028565475321927
5,001403,0,0.500877115813558
5,001404,0,0.5002495221301806
5,001413,0,0.5002874787764559
5,001415,0,0.501217246094266
5,001417,0,0.5057026223764526
5,001419,0,0.5000823511968753
5,001427,0,0.5002276478489158
5,001433,0,0.5014276104730805
5,001435,0,0.5090034046874647
5,001450,0,0.513390432139903
5,001463,0,0.5004943059202464
5,001468,0,0.5004287111734989
5,001475,0,0.5002788201002822
5,001477,0,0.5002478377941408
5,001488,0,0.5024566689443275
5,001490,0,0.5022225531549066
5,001496,0,0.5031297631841267
5,001498,0,0.5001879951308769
5,001502,0,0.5013563890876784
5,001509,0,0.5008636450132077
5,001511,0,0.5002602176125924
5,001523,0,0.5000592358971178
5,001535,0,0.5014121843518642
5,001549,0,0.500453091783809
5,001550,0,0.5026022656347056
5,001553,0,0.5002365991410015
5,001570,0,0.5062032473295971
5,001572,0,0.5001860550468934
5,001573,0,0.5024715048069075
5,001581,0,0.5008153338438966
5,001588,0,0.5020418295679548
5,001603,0,0.500213195476534
5,001605,0,0.5001220456753588
5,001611,0,0.5007218925386353
5,001625,0,0.5029403425588604
5,001633,0,0.5046612827210867
5,001640,0,0.5005757336744084
5,001643,0,0.5003231761201493
5,001644,0,0.500297601107168
5,001645,0,0.5037723175736885
5,001655,0,0.5013957149277967
5,001656,0,0.501250689885893
5,001659,0,0.5002161748103897
5,001668,0,0.5002531498447771
5,001680,0,0.5055224015757692
5,001682,0,0.5008862116509971
5,001686,0,0.5001117636840219
5,001689,0,0.5002173898525919
5,001690,0,0.5014085890409152
5,001696,0,0.5023092964505671
5,001697,0,0.5021846433320108
5,001700,0,0.5001918635617941
5,001704,0,0.5000821416294616
5,001716,0,0.5002778339377447
5,001719,0,0.501415330677355
5,001724,0,0.5009555091686199
5,001725,0,0.5007135542602941
5,001732,0,0.5038054023205314
5,001734,0,0.5003409454147676
5,001737,0,0.5002240273742137
5,001740,0,0.50107234699442
5,001745,0,0.5007416055293975
5,001746,0,0.5003097541727668
5,001756,0,0.5016268587662476
5,001765,0,0.5011324084228258
5,001775,0,0.5011543434609252
5,001779,0,0.5002846475296157
5,001785,0,0.50623442534036
5,001786,0,0.5045903035349165
5,001795,0,0.5007618816631745
5,001796,0,0.500037812906439
5,001799,0,0.5003366208694611
5,001803,0,0.5004606337741005
5,001805,0,0.500472923200526
5,001809,0,0.5137922350980018
5,001810,0,0.5010059133448805
5,001811,0,0.5001958340125581
5,001812,0,0.5000609722018833
5,001813,0,0.5009206349177155
5,001817,0,0.5001261831476442
5,001830,0,0.500313082501265
5,001832,0,0.5005907107038581
5,001849,0,0.5003470870569372
5,001852,0,0.5027570476046761
5,001853,0,0.5007091268395854
5,001856,0,0.5002052941463301
5,001860,0,0.5013588340208767
5,001867,0,0.5005577534232415
5,001868,0,0.5009235312491919
5,001881,0,0.5004859537883101
5,001885,0,0.5007778440128889
5,001892,0,0.5008326574802223
5,001901,0,0.5001888182424179
5,001902,0,0.5000964322063699
5,001907,0,0.5000857596067183
5,001908,0,0.5007512673433766
5,001914,0,0.5023702244599312
5,001916,0,0.5002846307467277
5,001920,0,0.5003659226124375
5,001927,0,0.5008229249911712
5,001928,0,0.5004231457777104
5,001934,0,0.5005336150260183
5,001935,0,0.5052094129303544
5,001936,0,0.5001389661636053
5,001938,0,0.5004423180822125
5,001939,0,0.5003510295466206
5,001943,0,0.5006319194605233
5,001944,0,0.500266313239518
5,001950,0,0.5056636595668388
5,001956,0,0.500609716215667
5,001957,0,0.5000600291738285
5,001958,0,0.5004283176935617
5,001967,0,0.5054312879588989
5,001975,0,0.5002269467748953
5,001976,0,0.5005567144255625
5,001988,0,0.5019454566438115
5,001999,0,0.5006869446746595
5,002002,0,0.5002444110172994
5,002004,0,0.5003799935683656
5,002009,0,0.5005465582452281
5,002012,0,0.5005710083526658
5,002014,0,0.5015498724613019
5,002015,0,0.5012479352316297
5,002016,0,0.5010709009341551
5,002017,0,0.5003950993411834
5,002022,0,0.5009328938266202
5,002026,0,0.5007346843159505
5,002031,0,0.510207136369822
5,002055,0,0.500739799950508
5,002060,0,0.5011129690454241
5,002063,0,0.5003014104747827
5,002064,0,0.5000927408742765
5,002067,0,0.501158943227213
5,002071,0,0.5005472115580145
5,002073,0,0.5007544564477193
5,002079,0,0.501011178089048
5,002081,0,0.504267643291994
5,002087,0,0.500678911324398
5,002091,0,0.5007110301272059
5,002098,0,0.5017961796491917
5,002099,0,0.5014568373086364
5,002104,0,0.5358830065338793
5,002108,0,0.5006166841494419
5,002114,0,0.5008200856274733
5,002118,0,0.5005454424551387
5,002119,0,0.500326530557764
5,002123,0,0.5051928728492229
5,002124,0,0.5000574882343358
5,002127,0,0.5051936762830068
5,002138,0,0.5007395388020135
5,002146,0,0.5001276922252039
5,002151,0,0.5006308610169916
5,002155,0,0.5015824621935207
5,002164,0,0.5001466794651496
5,002165,0,0.5001636888212696
5,002177,0,0.5030905027040323
5,002179,0,0.5009696584444023
5,002180,0,0.5006198303373038
5,002183,0,0.5003507160712493
5,002186,0,0.5007807603255868
5,002189,0,0.5015267890967311
5,002190,0,0.5004292531864742
5,002192,0,0.5005699411834008
5,002195,0,0.5001021286999593
5,002206,0,0.5026346257614154
5,002207,0,0.5021805800544656
5,002220,0,0.5000719592962806
5,002223,0,0.5003983669011743
5,002224,0,0.5013102375617736
5,002228,0,0.5000300046649637
5,002231,0,0.500648943844935
5,002232,0,0.5000823102402232
5,002233,0,0.504222799156045
5,002239,0,0.5011155558967334
5,002244,0,0.5022516536413061
5,002247,0,0.5003589610683901
5,002252,0,0.5003298112228104
5,002257,0,0.5004411827270815
5,002270,0,0.5005934095570163
5,002276,0,0.502112978399711
5,002281,0,0.5016934246525759
5,002282,0,0.5019789036095624
5,002296,0,0.5036861678795196
5,002298,0,0.5104096540359276
5,002304,0,0.5008505002697018
5,002315,0,0.5002048274014144
5,002321,0,0.5025316175989798
5,002327,0,0.5003254720950387
5,002335,0,0.5002204987987163
5,002341,0,0.5009161958863537
5,002343,0,0.5003078182321032
5,002347,0,0.5004519738062652
5,002348,0,0.5000623283004919
5,002349,0,0.5000706493060114
5,002350,0,0.5133671898110117
5,002359,0,0.5001146916122508
5,002363,0,0.5002836269781205
5,002366,0,0.5002091059148007
5,002381,0,0.5059077380408278
5,002383,0,0.5016616565795589
5,002389,0,0.502929165504968
5,002390,0,0.5001504773275488
5,002394,0,0.5002782913832324
5,002399,0,0.5019817297609477
5,002413,0,0.5002726786438256
5,002414,0,0.5011076345495572
5,002416,0,0.5005441490015098
5,002417,0,0.5003452498711968
5,002418,0,0.5007148174195577
5,002424,0,0.5008193348366619
5,002428,0,0.5015558786215492
5,002429,0,0.5001116737166265
5,002431,0,0.5010134637558654
5,002434,0,0.5003899213101436
5,002441,0,0.5001145433033299
5,002443,0,0.5006355499240899
5,002454,0,0.5014692549759482
5,002462,0,0.5009115655832049
5,002465,0,0.5024370748871037
5,002475,0,0.5005456849079006
5,002476,0,0.5051645739148046
5,002478,0,0.5000960135197655
5,002489,0,0.5003691149454277
5,002491,0,0.5003119049716651
5,002492,0,0.5044997609360892
5,002495,0,0.5008256989943662
5,002501,0,0.5021200090299783
5,002505,0,0.5015267119099833
5,002506,0,0.5000265899880557
5,002513,0,0.5000970665230805
5,002514,0,0.5064951672472114
5,002521,0,0.5006298587305746
5,002523,0,0.5003738954832876
5,002524,0,0.503218720554981
5,002546,0,0.5009218091135262
5,002553,0,0.5002865271812063
5,002559,0,0.5246092175958924
5,002566,0,0.5006247177685581
5,002569,0,0.5016503215548466
5,002570,0,0.5009756927527227
5,002571,0,0.5050555414663405
5,002572,0,0.5000512370907215
5,002576,0,0.5005094846984568
5,002577,0,0.5051432739144571
5,002578,0,0.5003040084639707
5,002590,0,0.5004835737827413
5,002595,0,0.5004333446060631
5,002602,0,0.5003202525911745
5,002606,0,0.5004697511100473
5,002615,0,0.5007991917870543
5,002618,0,0.5011500399558506
5,002620,0,0.5000934450035543
5,002624,0,0.5024346952225892
5,002627,0,0.5009179136123435
5,002630,0,0.5001001348149378
5,002637,0,0.5001296222150696
5,002640,0,0.5045985066905099
5,002652,0,0.5002529107826691
5,002657,0,0.5016466548805135
5,002662,0,0.5005081888340284
5,002663,0,0.5027418880265172
5,002666,0,0.5002052633296179
5,002668,0,0.5005832204424031
5,002678,0,0.5013760318743143
5,002680,0,0.5002738195668784
5,002682,0,0.5008596822970992
5,002683,0,0.5000803318753108
5,002690,0,0.5010692023333138
5,002702,0,0.5028627124724964
5,002711,0,0.502249278322937
5,002715,0,0.5013278647703925
5,002719,0,0.500466701274306
5,002722,0,0.5110663462706342
5,002723,0,0.5003961950867599
5,002730,0,0.5006153279446036
5,002747,0,0.5007842184635428
5,002759,0,0.5030739430366152
5,002764,0,0.5012251623331526
5,002765,0,0.5007075138330729
5,002766,0,0.502629890369672
5,002768,0,0.5006258279943899
5,002769,0,0.5026979872399544
5,002770,0,0.5003361129976615
5,002783,0,0.5054377806604976
5,002785,0,0.5006763075252048
5,002786,0,0.5001746331493777
5,002787,0,0.5005007883109764
5,002791,0,0.5001290704951553
5,002796,0,0.5017775215611449
5,002799,0,0.5005453209481383
5,002807,0,0.5007163408051862
5,002808,0,0.5004085527995933
5,002818,0,0.5034792525617707
5,002830,0,0.5002682035183077
5,002831,0,0.501039842146178
5,002841,0,0.5009115788186871
5,002845,0,0.501154714429176
5,002852,0,0.5006651263516955
5,002858,0,0.5005982612463203
5,002869,0,0.5005483302850635
5,002871,0,0.5002928695100499
5,002882,0,0.5009680723184115
5,002885,0,0.5024568490275789
5,002886,0,0.5025214196132425
5,002887,0,0.5006886734610322
5,002889,0,0.500770106412086
5,002890,0,0.5008179406471251
5,002891,0,0.5009624136029512
5,002892,0,0.5007171468548608
5,002896,0,0.500146733980752
5,002911,0,0.5007070102787992
5,002912,0,0.5027885764519762
5,002917,0,0.5025024974807053
5,002930,0,0.5031803014823283
5,002941,0,0.5034995310059411
5,002942,0,0.5049204849452315
5,002944,0,0.5000120095400222
5,002954,0,0.5004662707356352
5,002956,0,0.5005749624997841
5,002959,0,0.5015499093403921
5,002969,0,0.5004327834972613
5,002979,0,0.5009330562686909
5,002984,0,0.5001325778818795
5,002992,0,0.5000875436482255
5,002995,0,0.5007017354191087
5,003004,0,0.5000584539251167
5,003006,0,0.5006483476126521
5,003014,0,0.5009130236802435
5,003018,0,0.5007423302921433
5,003019,0,0.5001915946973027
5,003029,0,0.5005137939927692
5,003040,0,0.5002392628527624
5,003044,0,0.5004665102697872
5,003047,0,0.5041632152828742
5,003051,0,0.5001021938481571
5,003062,0,0.500461662210162
5,003063,0,0.5005445814507199
5,003083,0,0.5008770421421364
5,003090,0,0.5001126479828639
5,003091,0,0.5000784258885248
5,003095,0,0.500493408190358
5,003106,0,0.5001128054350584
5,003112,0,0.5077900574098352
5,003115,0,0.5028841020749694
5,003119,0,0.5101725079307469
5,003130,0,0.5010110465526654
5,003131,0,0.5006058007146406
5,003135,0,0.5011748051455523
5,003143,0,0.5001482398444161
5,003146,0,0.5002025328872425
5,003148,0,0.5008119994787515
5,003154,0,0.503427077180157
5,003165,0,0.5009221807808371
5,003181,0,0.5001354567161601
5,003186,0,0.5016826567386965
5,003188,0,0.5010511171450854
5,003189,0,0.5002605415302874
5,003191,0,0.501226170871868
5,003194,0,0.5010648952896982
5,003195,0,0.5149143264960196
5,003196,0,0.5008077040864635
5,003199,0,0.5020605611983491
5,003201,0,0.500468954761177
5,003204,0,0.5004455494401986
5,003209,0,0.5000471429919621
5,003210,0,0.503831968956609
5,003215,0,0.5014467702206074
5,003218,0,0.5001567707018592
5,003221,0,0.5003381042985859
5,003228,0,0.5021843529568233
5,003230,0,0.5093989188800017
5,003231,0,0.5003467910850136
5,003234,0,0.5006426908021305
5,003244,0,0.5002667439765676
5,003246,0,0.5003564387962858
5,003256,0,0.5008012187533376
5,003263,0,0.5000434518821896
5,003265,0,0.500078945140303
5,003272,0,0.5002445843756509
5,003273,0,0.5019814476145725
5,003274,0,0.5004267463059517
5,003282,0,0.5003789237359786
5,003291,0,0.5010056125184622
5,003296,0,0.5002111773929989
5,003307,0,0.5034979933140423
5,003328,0,0.5005292725189295
5,003347,0,0.5008745097488962
5,003348,0,0.5061243565662443
5,003356,0,0.5021356524631642
5,003358,0,0.5019771550645753
5,003364,0,0.5013885582515807
5,003370,0,0.5002166873337579
5,003372,0,0.5037609942643555
5,003382,0,0.5014342778147056
5,003385,0,0.5000521868309872
5,003387,0,0.500078853458265
5,003400,0,0.5005409111387454
5,003402,0,0.5008635242616762
5,003405,0,0.5016472894390991
5,003409,0,0.5008425980722546
5,003415,0,0.5076934178519079
5,003416,0,0.5000982075652269
5,003429,0,0.5002514015698737
5,003433,0,0.5004591791290168
5,003438,0,0.5003070754721203
5,003441,0,0.5002337865941522
5,003443,0,0.500416416581217
5,003449,0,0.5000218024847994
5,003459,0,0.5032962987081882
5,003461,0,0.5085413182252012
5,003483,0,0.5035479900812397
5,003490,0,0.5008222600906338
5,003494,0,0.5017508254448483
5,003495,0,0.5002136220611295
5,003528,0,0.5008475040014452
5,003532,0,0.5017818771064879
5,003539,0,0.503359571748619
5,003542,0,0.5007143544037881
5,003546,0,0.5004190834947588
5,003550,0,0.5016045322748973
5,003551,0,0.5072948877161004
5,003569,0,0.502860452162632
5,003584,0,0.5080648917182545
5,003586,0,0.5005725984701013
5,003588,0,0.5010741566899078
5,003590,0,0.5002687950715236
5,003593,0,0.500175920004818
5,003594,0,0.5002504267567489
5,003602,0,0.5011065105676773
5,003607,0,0.5058314746514577
5,003613,0,0.500694886670597
5,003614,0,0.5028185216438487
5,003617,0,0.5025309652310699
5,003618,0,0.5000851840410716
5,003625,0,0.5000563661764423
5,003632,0,0.5002890615441618
5,003638,0,0.5008458646501961
5,003648,0,0.5013890969802939
5,003656,0,0.5012823316050058
5,003663,0,0.5007318061423451
5,003665,0,0.500411045574777
5,003671,0,0.5007051402078146
5,003674,0,0.5007455526501297
5,003694,0,0.5003938908044095
5,003701,0,0.5001503656845532
5,003711,0,0.500723052540551
5,003715,0,0.5000889687122702
5,003720,0,0.5002802141714586
5,003724,0,0.5002572705318932
5,003726,0,0.5001076744670753
5,003731,0,0.5011334358223078
5,003742,0,0.5000793811658095
5,003758,0,0.5030559897983479
5,003759,0,0.5008119031844214
5,003766,0,0.500497540319527
5,003774,0,0.5010899152777069
5,003776,0,0.5029059696013289
5,003779,0,0.5002586797819032
5,003784,0,0.5016595765241066
5,003789,0,0.5017211509832818
5,003790,0,0.502840494972582
5,003793,0,0.5016205388200998
5,003795,0,0.5011151593376021
5,003797,0,0.5014221597066914
5,003805,0,0.5005557949523463
5,003816,0,0.5009234316698729
5,003819,0,0.5006909690006048
5,003824,0,0.5048365398534704
5,003827,0,0.500528995871212
5,003829,0,0.5003327127189847
5,003833,0,0.5002152750144121
5,003834,0,0.5004369809703816
5,003835,0,0.5000972849188372
5,003836,0,0.5003291216648394
5,003842,0,0.5003591668397062
5,003844,0,0.5042467283348884
5,003845,0,0.5034670971321771
5,003846,0,0.5028976885785572
5,003887,0,0.5001780077027185
5,003901,0,0.500304530171808
5,003906,0,0.5005251235006482
5,003915,0,0.5006940433755729
5,003916,0,0.50011665089998
5,003917,0,0.5009242492959823
5,003918,0,0.5008750689426011
5,003928,0,0.5002598040390599
5,003947,0,0.5003158439705466
5,003952,0,0.5003125047101057
5,003961,0,0.5002000888025299
5,003971,0,0.5013831403835671
5,003973,0,0.5001052283911006
5,003978,0,0.500369851006076
5,003981,0,0.5003827556534278
5,003982,0,0.5003093806272088
5,003985,0,0.5001913841751241
5,003990,0,0.5003046716910537
5,003999,0,0.5001311678311842
5,004000,0,0.5003250060132034
5,004001,0,0.5006700445241682
5,004002,0,0.5003003234420993
5,004007,0,0.5003520796411812
5,004008,0,0.5009892646596971
5,004014,0,0.5002868286736032
5,004021,0,0.5006568714528008
5,004031,0,0.5037870501705947
5,004033,0,0.5046770197841788
5,004045,0,0.5002562935299723
5,004061,0,0.5003482950527423
5,004063,0,0.501936729612366
5,004072,0,0.5015694614087927
5,004073,0,0.5004526171854953
5,004074,0,0.5002048130907198
5,004075,0,0.501075262541972
5,004081,0,0.5010667326352312
5,004083,0,0.501491406751223
5,004085,0,0.5006734404700268
5,004103,0,0.5031075709633286
5,004120,0,0.5001700124882903
5,004121,0,0.5004689198667824
5,004122,0,0.5027602353369898
5,004124,0,0.5003994539941519
5,004126,0,0.5006623915503978
5,004132,0,0.5009669866640922
5,004134,0,0.5083143968242173
5,004138,0,0.5002984010165957
5,004140,0,0.5015437164226142
5,004143,0,0.5019191372508137
5,004151,0,0.5000651513398247
5,004164,0,0.5002197658525108
5,004167,0,0.500305606553411
5,004168,0,0.5001804807211844
5,004173,0,0.5003470105074062
5,004181,0,0.5012385905325222
5,004184,0,0.5011990025332648
5,004190,0,0.5002132837766207
5,004191,0,0.5006721615737072
5,004198,0,0.5013437856501585
5,004205,0,0.5010454200362714
5,004207,0,0.5151118106813659
5,004211,0,0.5354798814692364
5,004212,0,0.500241770440204
5,004213,0,0.5007188697011458
5,004217,0,0.5000745076029067
5,004218,0,0.5004791859016392
5,004219,0,0.5006088610210305
5,004221,0,0.5003029731960349
5,004222,0,0.5000403309116339
5,004232,0,0.5002338984918284
5,004235,0,0.5058264265730413
5,004243,0,0.5000708549406628
5,004248,0,0.5002537164075703
5,004253,0,0.5043123943006821
5,004261,0,0.5008594708485044
5,004262,0,0.5002037555937315
5,004269,0,0.50051094982014
5,004273,0,0.5005888749521622
5,004285,0,0.5002062184326963
5,004286,0,0.5008304972522571
5,004293,0,0.5014824147712884
5,004295,0,0.5005882929507676
5,004300,0,0.5002595244401221
5,004302,0,0.5001407834444166
5,004305,0,0.5007493233503749
5,004326,0,0.5004681779811737
5,004330,0,0.5001019843862564
5,004334,0,0.5049998589669524
5,004342,0,0.5001052842281718
5,004343,0,0.5005101011058123
5,004344,0,0.5003007578756037
5,004346,0,0.501911422739101
5,004348,0,0.5069880659690446
5,004355,0,0.5001625353046786
5,004365,0,0.5013092381291995
5,004367,0,0.5001351494725461
5,004371,0,0.5015550238637756
5,004373,0,0.5017731751113068
5,004375,0,0.5021022964546783
5,004376,0,0.500186789885517
5,004381,0,0.5012884459840664
5,004385,0,0.5015363384343351
5,004388,0,0.5021648021415088
5,004394,0,0.5019976578575458
5,004395,0,0.5001080442893501
5,004400,0,0.5001840991457801
5,004401,0,0.5014288976513275
5,004411,0,0.5006584439890441
5,004416,0,0.500251509319665
5,004418,0,0.5006474110861556
5,004420,0,0.5002361011500513
5,004422,0,0.509450083824526
5,004424,0,0.5003430274450572
5,004426,0,0.5003171008841195
5,004429,0,0.5032491959452131
5,004438,0,0.5001509676622335
5,004444,0,0.5088880191565517
5,004445,0,0.5006485247062579
5,004453,0,0.50100107567448
5,004457,0,0.5012936912983486
5,004458,0,0.5068167825588675
5,004461,0,0.5000790980051737
5,004462,0,0.5001793955576277
5,004466,0,0.5003928776263268
5,004469,0,0.500640669293433
5,004477,0,0.5005815175011806
5,004478,0,0.50218239344861
5,004481,0,0.5009585570461391
5,004483,0,0.5019916973813909
5,004491,0,0.5017349788235841
5,004502,0,0.5003428623788533
5,004504,0,0.5024967280809428
5,004510,0,0.5003570656989086
5,004511,0,0.5027332817866619
5,004516,0,0.5002428899678915
5,004519,0,0.5006751864542146
5,004536,0,0.5004084148031668
5,004550,0,0.5016667897589567
5,004572,0,0.5008990916324549
5,004576,0,0.5010903388992664
5,004577,0,0.5006451113638825
5,004589,0,0.5002992827904579
5,004591,0,0.5013961654352425
5,004592,0,0.5002805761789411
5,004602,0,0.5021581555766771
5,004603,0,0.5003171604743115
5,004604,0,0.5011108145156647
5,004610,0,0.5000494370823804
5,004613,0,0.5040955414191068
5,004628,0,0.5000539749251415
5,004639,0,0.5069459750974905
5,004641,0,0.5011502192749998
5,004642,0,0.5001203893615661
5,004648,0,0.500398898790485
5,004649,0,0.5019193379162462
5,004650,0,0.500503614947528
5,004654,0,0.5002701398305516
5,004656,0,0.5012089357579952
5,004662,0,0.5000816001220925
5,004671,0,0.501050457679011
5,004676,0,0.5005689186904608
5,004682,0,0.51232492847929
5,004683,0,0.504118322173685
5,004687,0,0.5002543523661782
5,004692,0,0.5002432988122638
5,004698,0,0.5003557971424334
5,004702,0,0.5008581748650663
5,004706,0,0.5005277797241735
5,004713,0,0.5007339116716594
5,004731,0,0.5008283393430972
5,004732,0,0.500701849366391
5,004734,0,0.5004348907823473
5,004736,0,0.5001197696798813
5,004738,0,0.5026179862177078
5,004740,0,0.5018189234214685
5,004745,0,0.5005404572051112
5,004752,0,0.5007302013841604
5,004753,0,0.5027163636425489
5,004754,0,0.5007349557815415
5,004756,0,0.5032611144883941
5,004757,0,0.5006496857595897
5,004758,0,0.5006726898248088
5,004763,0,0.5001520625731064
5,004771,0,0.5010436277475547
5,004772,0,0.5001626272970353
5,004777,0,0.5002949887848149
5,004779,0,0.5003918457601274
5,004780,0,0.5021175468673096
5,004783,0,0.5012126916522424
5,004786,0,0.500859475168466
5,004800,0,0.5003340176699329
5,004801,0,0.5014234828085263
5,004811,0,0.5005856728639901
5,004815,0,0.500191725258549
5,004816,0,0.5007159262031464
5,004817,0,0.5016942075521605
5,004821,0,0.5010027691471991
5,004822,0,0.5001608833691796
5,004827,0,0.5001443297801873
5,004829,0,0.5063038218791541
5,004830,0,0.5001824896455805
5,004845,0,0.5002141135874334
5,004849,0,0.502805014710106
5,004856,0,0.5003208627465363
5,004867,0,0.5003268209548869
5,004871,0,0.5010061033308062
5,004879,0,0.5026418493458882
5,004884,0,0.5012249771194066
5,004887,0,0.5064434322100217
5,004889,0,0.5007650975465159
5,004893,0,0.500611706052971
5,004896,0,0.5001194079626433
5,004907,0,0.5037735599305908
5,004912,0,0.5001830416063568
5,004917,0,0.502416376590846
5,004922,0,0.5006453872103942
5,004925,0,0.5001891312285911
5,004937,0,0.5000507032998526
5,004938,0,0.5004016001082702
5,004941,0,0.500113373560463
5,004942,0,0.5010536658287301
5,004943,0,0.5001736485095102
5,004946,0,0.501695704559303
5,004947,0,0.5038557030967598
5,004950,0,0.5002962218837065
5,004955,0,0.5005328154920322
5,004956,0,0.5006036856666908
5,004960,0,0.5019294850179069
5,004966,0,0.5006326191849952
5,004975,0,0.500989939643353
5,004979,0,0.5002785922331956
5,004985,0,0.5009469987463393
5,004989,0,0.5002045191325639
5,004992,0,0.5008907566452506
5,004993,0,0.5003869711420347
5,004996,0,0.5005839180690511
5,004998,0,0.5002147045713344
5,005004,0,0.5023805647644213
5,005005,0,0.5011450508676364
5,005007,0,0.5002498330607023
5,005011,0,0.5003205733912239
5,005023,0,0.500518002508117
5,005030,0,0.5258718265035048
5,005049,0,0.5002313172828634
5,005056,0,0.5012335866038726
5,005061,0,0.5007130251042748
5,005064,0,0.5003481644649437
5,005066,0,0.5002631555453348
5,005067,0,0.5022588931730559
5,005070,0,0.5094619165078316
5,005078,0,0.5003956404403841
5,005081,0,0.5009781425362467
5,005082,0,0.5004283449156137
5,005087,0,0.5001962628475526
5,005090,0,0.5001901733002964
5,005103,0,0.5016629246984518
5,005107,0,0.5004759830323073
5,005113,0,0.5002690777155059
5,005118,0,0.5002156775282627
5,005120,0,0.5004115626794492
5,005122,0,0.5009062408064144
5,005128,0,0.5010602216550244
5,005129,0,0.5011263093837953
5,005130,0,0.5002657848987431
5,005131,0,0.5010635890379183
5,005132,0,0.502793906355144
5,005146,0,0.5002399068417261
5,005147,0,0.5029273846430892
5,005154,0,0.5002387550920213
5,005157,0,0.5002549441677575
5,005163,0,0.5004160844682902
5,005169,0,0.5068637771068686
5,005173,0,0.5001574545700945
5,005175,0,0.5027884153983517
5,005188,0,0.5001354884475784
5,005191,0,0.5020268322435855
5,005193,0,0.5002669055287279
5,005195,0,0.5013511066572802
5,005199,0,0.5011567881817918
5,005202,0,0.5000552763399914
5,005205,0,0.5028118099376474
5,005206,0,0.5008156747533059
5,005214,0,0.5004019880869326
5,005232,0,0.5013587550967745
5,005237,0,0.5008154472544786
5,005244,0,0.5018036599093287
5,005248,0,0.5004206664826331
5,005253,0,0.5002572159918074
5,005265,0,0.5007830664754728
5,005273,0,0.5003781382695557
5,005289,0,0.5003260749898482
5,005303,0,0.5010088282113565
5,005308,0,0.5009289942487305
5,005320,0,0.5004300689649623
5,005322,0,0.5002426573123624
5,005327,0,0.5000947764041421
5,005332,0,0.501558441161445
5,005336,0,0.5006731523514812
5,005342,0,0.5016703168639182
5,005352,0,0.5015069316280598
5,005368,0,0.5016291810096578
5,005376,0,0.501579271406975
5,005378,0,0.5016321257082984
5,005380,0,0.5006759010246813
5,005384,0,0.5002447062366087
5,005385,0,0.5000593857791713
5,005387,0,0.5008654401025312
5,005388,0,0.5001112323011986
5,005390,0,0.5002399380774961
5,005393,0,0.5005677091557451
5,005396,0,0.5021383901620712
5,005398,0,0.5008640001904902
5,005413,0,0.5005497410314258
5,005414,0,0.5001634495298619
5,005416,0,0.5003872845413633
5,005451,0,0.5008513507503621
5,005453,0,0.5011617467146552
5,005460,0,0.5001590095996965
5,005465,0,0.5005093111419772
5,005466,0,0.5001246045669767
5,005467,0,0.5007747391022022
5,005471,0,0.501763644368427
5,005474,0,0.5003900465580142
5,005482,0,0.5003503020892849
5,005483,0,0.5011890159736199
5,005493,0,0.501667801841697
5,005502,0,0.5002339427150927
5,005514,0,0.5004502955854563
5,005515,0,0.5023721029120836
5,005518,0,0.5000874508296538
5,005519,0,0.5003518896399648
5,005544,0,0.5006565200935646
5,005553,0,0.5023703260589855
5,005557,0,0.5005561636703675
5,005561,0,0.5033435445429278
5,005569,0,0.5003633019765971
5,005584,0,0.5001096939948689
5,005585,0,0.5002929308024004
5,005586,0,0.5001665905143473
5,005596,0,0.50019210002199
5,005597,0,0.5009569401233551
5,005620,0,0.50047312558606
5,005627,0,0.5121052674805961
5,005631,0,0.5011550546992583
5,005639,0,0.5013059307804989
5,005645,0,0.5004526655252455
5,005650,0,0.5009382292033638
5,005660,0,0.5000917849482254
5,005662,0,0.5003782164597271
5,005669,0,0.505435961202262
5,005670,0,0.5004086781900678
5,005672,0,0.5008786442752424
5,005685,0,0.505249254727348
5,005687,0,0.5000886114233037
5,005689,0,0.5002334181729879
5,005694,0,0.5026357638975528
5,005701,0,0.5000703773460623
5,005706,0,0.5015237751365361
5,005723,0,0.5000784865358707
5,005728,0,0.5004013716159568
5,005729,0,0.500307174559975
5,005739,0,0.5007403991219618
5,005740,0,0.5006380857532151
5,005746,0,0.5006691841102171
5,005754,0,0.500336031584236
5,005759,0,0.5004757834756826
5,005762,0,0.5015836157446681
5,005766,0,0.500182950158366
5,005767,0,0.5002591546315083
5,005770,0,0.5016094264194269
5,005773,0,0.5063775564611209
5,005784,0,0.5001135701581318
5,005785,0,0.5044299975463107
5,005788,0,0.5016085683406132
5,005800,0,0.5007798465176568
5,005807,0,0.5010073517125709
5,005808,0,0.5005130262738086
5,005809,0,0.5026102451904866
5,005810,0,0.500453284480434
5,005816,0,0.5003848057958458
5,005831,0,0.5002015465426485
5,005832,0,0.5011823073856396
5,005848,0,0.5003328072166437
5,005849,0,0.5001577100376449
5,005850,0,0.5000351778216265
5,005860,0,0.5009144458259394
5,005861,0,0.5004326337276288
5,005862,0,0.5025999418966961
5,005863,0,0.5002119949121947
5,005867,0,0.5023370495751808
5,005869,0,0.5006385981048037
5,005887,0,0.5000528693279538
5,005890,0,0.5008519142953651
5,005893,0,0.5045729639349483
5,005897,0,0.5001572034303492
5,005903,0,0.5001529468425961
5,005909,0,0.5016872467507807
5,005912,0,0.5014530888044608
5,005913,0,0.5004095683725164
5,005917,0,0.5003002139419954
5,005929,0,0.5004887617130565
5,005932,0,0.5027161266974487
5,005944,0,0.5013354054433317
5,005945,0,0.5057280094718551
5,005949,0,0.5004543779155322
5,005951,0,0.5004347637805598
5,005953,0,0.5030449019702155
5,005955,0,0.5011998074730685
5,005961,0,0.5010221782342152
5,005967,0,0.5001264670171582
5,005978,0,0.5088887086588222
5,005980,0,0.5005151563016031
5,005989,0,0.5008784638763012
5,005992,0,0.5051957592999763
5,005993,0,0.5003811296382535
5,005995,0,0.5026299718682351
5,006002,0,0.5002202871956798
5,006005,0,0.5005389373585737
5,006007,0,0.5025112634335451
5,006010,0,0.5009428612297914
5,006014,0,0.5001571345090448
5,006017,0,0.5016759272821191
5,006026,0,0.5006846610262571
5,006030,0,0.5000997539060563
5,006037,0,0.5002400329306546
5,006038,0,0.5004074400077755
5,006055,0,0.5002170642894856
5,006057,0,0.5011011412367866
5,006058,0,0.500110224886313
5,006066,0,0.5001011980278554
5,006067,0,0.5002109552439457
5,006072,0,0.5008570046792696
5,006074,0,0.50030274070889
5,006087,0,0.5002569487558395
5,006090,0,0.5002096368284913
5,006097,0,0.5005543618831146
5,006100,0,0.5008442252640876
5,006101,0,0.5004128201836788
5,006103,0,0.5005692639318341
5,006118,0,0.5019763104727316
5,006130,0,0.5002198561548427
5,006135,0,0.5003915770558162
5,006144,0,0.5025138429760918
5,006149,0,0.5018462097373341
5,006150,0,0.5005213839180022
5,006177,0,0.5003722655364414
5,006184,0,0.5005473345208907
5,006189,0,0.5003978991735158
5,006192,0,0.5001899518899156
5,006207,0,0.5005918696130062
5,006210,0,0.5008172780021307
5,006214,0,0.5001457769386753
5,006217,0,0.5003885555123362
5,006222,0,0.5002662518686155
5,006239,0,0.5074985100037445
5,006245,0,0.5004722347183979
5,006254,0,0.5018292042096535
5,006270,0,0.5010499225899339
5,006271,0,0.5003576995300467
5,006275,0,0.5008143348956244
5,006276,0,0.5004798682914879
5,006287,0,0.5012092106412989
5,006288,0,0.500614282959993
5,006289,0,0.5019169919115815
5,006297,0,0.5001688666474634
5,006303,0,0.500869540151324
5,006309,0,0.5001188635148255
5,006311,0,0.5001204891932873
5,006314,0,0.5007596056251102
5,006316,0,0.5006802583119901
5,006320,0,0.5005168385968087
5,006325,0,0.5007692740051918
5,006327,0,0.5014701849081544
5,006328,0,0.500337845229317
5,006334,0,0.501398138868026
5,006344,0,0.5001997885858346
5,006352,0,0.5002504733885721
5,006353,0,0.5009368163390877
5,006359,0,0.5002622898459492
5,006361,0,0.5005235237300992
5,006371,0,0.5008918777937352
5,006374,0,0.5002677476993314
5,006375,0,0.5001396570510201
5,006381,0,0.5000891740144258
5,006383,0,0.5040801080238864
5,006385,0,0.5017006364021542
5,006388,0,0.5063308508182295
5,006396,0,0.5001557582364221
5,006400,0,0.5009797934361344
5,006414,0,0.5020316657971888
5,006416,0,0.5006395428144528
5,006419,0,0.5006443088725056
5,006420,0,0.50091073764998
5,006431,0,0.5022312489610996
5,006436,0,0.5002634258332505
5,006438,0,0.5030616527683186
5,006448,0,0.5002005065801381
5,006451,0,0.5000926227831196
5,006454,0,0.5001628951829393
5,006455,0,0.5001078065904974
5,006458,0,0.5002718525464528
5,006463,0,0.5031212662336404
5,006466,0,0.5001440952149145
5,006479,0,0.500144673663524
5,006480,0,0.5004496261826131
5,006481,0,0.5000315678166332
5,006482,0,0.5008982805426759
5,006485,0,0.5033988244147394
5,006489,0,0.5026311721915978
5,006495,0,0.5003461433853679
5,006509,0,0.5002727107228752
5,006511,0,0.5007166140459086
5,006516,0,0.5002481489404114
5,006519,0,0.500041781591068
5,006526,0,0.5005943850423548
5,006530,0,0.5121893103578251
5,006531,0,0.5021285639625863
5,006532,0,0.504095806937658
5,006535,0,0.5006817918482052
5,006540,0,0.5000997310348017
5,006541,0,0.501129288743548
5,006543,0,0.5008811421862901
5,006546,0,0.5009698882165263
5,006547,0,0.5002823942446977
5,006551,0,0.5001247317890024
5,006554,0,0.5004275490088159
5,006560,0,0.5028033370882109
5,006563,0,0.5005496274250266
5,006567,0,0.5000481449676458
5,006571,0,0.500223398990218
5,006575,0,0.5001351562246453
5,006583,0,0.5007793180675371
5,006587,0,0.5006549556130699
5,006597,0,0.5027531968274596
5,006605,0,0.5005923213607661
5,006614,0,0.5037927924281219
5,006615,0,0.500171210447964
5,006617,0,0.500133376613865
5,006619,0,0.5005989810702386
5,006620,0,0.5009705929988678
5,006625,0,0.5011892351835514
5,006628,0,0.5007375185456944
5,006631,0,0.5011130886016043
5,006634,0,0.5011159569623109
5,006642,0,0.5005746802968559
5,006646,0,0.506060647007839
5,006647,0,0.5000697568662519
5,006650,0,0.5021308120799794
5,006652,0,0.5001148884585797
5,006658,0,0.5003624718213453
5,006661,0,0.5007925325530987
5,006670,0,0.500217653620259
5,006671,0,0.5008663202919982
5,006673,0,0.5003773390301862
5,006681,0,0.5016928894975655
5,006691,0,0.5080748687621822
5,006693,0,0.5003864566839007
5,006698,0,0.5011213493599159
5,006702,0,0.5000299386564239
5,006707,0,0.5001137962520744
5,006712,0,0.502060188335393
5,006718,0,0.5000895000833265
5,006719,0,0.5003987812041143
5,006722,0,0.5064020939678007
5,006723,0,0.5009135609665417
5,006749,0,0.5003831088493778
5,006750,0,0.5001884654288092
5,006751,0,0.5028689262201641
5,006757,0,0.50134289468956
5,006758,0,0.5004150803471392
5,006767,0,0.500189898492376
5,006779,0,0.5009929808208132
5,006782,0,0.5001198512818946
5,006786,0,0.5014235677368178
5,006794,0,0.5016345260947385
5,006798,0,0.5000472189843442
5,006799,0,0.5005743148905946
5,006805,0,0.5010986532194993
5,006806,0,0.5009642026250141
5,006816,0,0.5004198406621158
5,006825,0,0.5031643274440979
5,006832,0,0.500270790112495
5,006833,0,0.5016971103334777
5,006842,0,0.5006761331473828
5,006846,0,0.5003987221462877
5,006860,0,0.5012631192282431
5,006868,0,0.5025880367740372
5,006870,0,0.5004476689737425
5,006888,0,0.5008036192433551
5,006892,0,0.501209638379256
5,006894,0,0.500200224527887
5,006896,0,0.5009721768248098
5,006898,0,0.5078660262566812
5,006900,0,0.5045083691204741
5,006902,0,0.501095433021338
5,006910,0,0.5017967048293878
5,006913,0,0.5006567309188354
5,006915,0,0.5029060588646374
5,006917,0,0.5077231821825485
5,006924,0,0.5001303085151744
5,006935,0,0.5004765672418725
5,006940,0,0.5005223465001798
5,006941,0,0.500188748582094
5,006944,0,0.5009601376769827
5,006949,0,0.503445608191472
5,006953,0,0.500696442444618
5,006954,0,0.500626928059406
5,006959,0,0.5009911170515524
5,006969,0,0.5046916300965364
5,006971,0,0.5037255950463878
5,006973,0,0.5006326494872093
5,006978,0,0.5024448042808236
5,006987,0,0.5020122745865075
5,006996,0,0.5006043967994793
5,007007,0,0.5002189997066182
5,007008,0,0.5022344404431914
5,007010,0,0.5023504842365343
5,007016,0,0.5001616391210821
5,007018,0,0.5002698720484103
5,007020,0,0.5006591064929418
5,007021,0,0.5000330401414322
5,007031,0,0.5016799605471545
5,007037,0,0.5002170912820275
5,007038,0,0.5008734009102936
5,007039,0,0.5017454246681834
5,007041,0,0.5000488120655743
5,007044,0,0.5000895988702593
5,007048,0,0.5007209112796767
5,007052,0,0.500457239017741
5,007062,0,0.5017432405555162
5,007067,0,0.5006806252312059
5,007069,0,0.512005686760285
5,007070,0,0.5020787362107914
5,007071,0,0.5001275743781839
5,007073,0,0.500071665766387
5,007077,0,0.500259267835029
5,007083,0,0.502556105802321
5,007085,0,0.5001410123471411
5,007090,0,0.5003576743062316
5,007101,0,0.5036505769541261
5,007105,0,0.5018507784254195
5,007112,0,0.5009082006569142
5,007118,0,0.5022912568729523
5,007137,0,0.5001213874361943
5,007139,0,0.5006906313292733
5,007150,0,0.5002516688122168
5,007161,0,0.5007390116378023
5,007177,0,0.5005592982337519
5,007184,0,0.5000239025150586
5,007185,0,0.5001767882365669
5,007188,0,0.5001916923009572
5,007198,0,0.5102799643580392
5,007211,0,0.500547810079043
5,007226,0,0.5000998347170541
5,007228,0,0.5000923411635779
5,007229,0,0.5002349349525986
5,007231,0,0.5003822965831235
5,007236,0,0.5023733521109175
5,007243,0,0.5124601757212457
5,007245,0,0.5086872715179911
5,007246,0,0.5000887158168587
5,007247,0,0.5012250636631828
5,007251,0,0.5054788774391137
5,007256,0,0.5009617762477256
5,007259,0,0.500263751857686
5,007261,0,0.5001591960909829
5,007262,0,0.5041196331441276
5,007264,0,0.5026428346390144
5,007275,0,0.5034060298781019
5,007278,0,0.5005235881819856
5,007287,0,0.5001865916219276
5,007288,0,0.5021091426296792
5,007291,0,0.5010663437242728
5,007298,0,0.500895603662907
5,007311,0,0.5006957272797012
5,007312,0,0.5009383241114465
5,007316,0,0.5005456371674787
5,007325,0,0.5006304742294782
5,007328,0,0.5002657224626819
5,007329,0,0.501189691961839
5,007335,0,0.5004368567080237
5,007338,0,0.5041978241664768
5,007339,0,0.5003876801644231
5,007340,0,0.5008730036753553
5,007353,0,0.5029585635031094
5,007357,0,0.5002194593655884
5,007359,0,0.5005153136893093
5,007368,0,0.5064414788903934
5,007374,0,0.5001618203527551
5,007381,0,0.5113191079256649
5,007384,0,0.5000566620165022
5,007387,0,0.5002886998198129
5,007390,0,0.5009146812695262
5,007395,0,0.5010565622769928
5,007396,0,0.5002976180189306
5,007400,0,0.5003862717082572
5,007404,0,0.5027995437624718
5,007409,0,0.5000783835631273
5,007416,0,0.5009542279134657
5,007422,0,0.5002497640975747
5,007424,0,0.5012112051375753
5,007428,0,0.5056285410646885
5,007437,0,0.5004905902884343
5,007442,0,0.5015154856185919
5,007444,0,0.5005581621773312
5,007454,0,0.501572581862707
5,007455,0,0.5015058322892983
5,007460,0,0.5008808063110413
5,007463,0,0.5002349880533241
5,007464,0,0.5002829385523136
5,007466,0,0.5002274762295642
5,007469,0,0.5007887460193567
5,007471,0,0.501365701417715
5,007483,0,0.5000475573703476
5,007492,0,0.5010177602850489
5,007500,0,0.5002910845662966
5,007503,0,0.5007572787840745
5,007518,0,0.5007705114951685
5,007520,0,0.5001005940255459
5,007528,0,0.5002338274547203
5,007540,0,0.5003686087706917
5,007542,0,0.5025222387571994
5,007545,0,0.5002637985409806
5,007547,0,0.5005200914916682
5,007548,0,0.5003017902520035
5,007551,0,0.5006164980269172
5,007557,0,0.5027742410011046
5,007570,0,0.5054232882301465
5,007573,0,0.5098432520434103
5,007574,0,0.5005749323676065
5,007580,0,0.5003193125795826
5,007589,0,0.5012968532890105
5,007590,0,0.5013840641810005
5,007593,0,0.5003024217791253
5,007600,0,0.5001983107954627
5,007603,0,0.5006038540605596
5,007606,0,0.5002731681584563
5,007610,0,0.5008832652590548
5,007616,0,0.5011839454293043
5,007620,0,0.5002324007519712
5,007623,0,0.5005314817200212
5,007628,0,0.5001408469796914
5,007641,0,0.5013689194720079
5,007655,0,0.5017195643917878
5,007656,0,0.5036253705584449
5,007657,0,0.5003744518477415
5,007662,0,0.500347383236805
5,007671,0,0.5005926927573471
5,007673,0,0.5007646619087045
5,007676,0,0.5008033706657669
5,007680,0,0.5005998968787958
5,007681,0,0.5022959943232245
5,007683,0,0.5008832893702674
5,007691,0,0.5001997908804064
5,007692,0,0.5005642364211902
5,007697,0,0.5004899969101422
5,007698,0,0.5002586174270762
5,007706,0,0.5007201579707977
5,007709,0,0.500501896826404
5,007712,0,0.5014932556072873
5,007720,0,0.5002070049618053
5,007722,0,0.5003482545584905
5,007725,0,0.5005932467752314
5,007728,0,0.5001937686745008
5,007730,0,0.5011202953426167
5,007731,0,0.5012862845854615
5,007739,0,0.5010694875095572
5,007749,0,0.5010416127860644
5,007752,0,0.5004901434723418
5,007760,0,0.5027192188964675
5,007769,0,0.5008918684217395
5,007770,0,0.5003545512463868
5,007773,0,0.500721395740137
5,007778,0,0.5000995191513652
5,007780,0,0.5020134628899153
5,007822,0,0.5002181507024652
5,007823,0,0.5003380781776752
5,007827,0,0.5008951470679502
5,007831,0,0.5001395538941098
5,007834,0,0.50151239873831
5,007836,0,0.501058532673903
5,007841,0,0.5000999903371409
5,007842,0,0.501489670668299
5,007846,0,0.5125012128464917
5,007850,0,0.5020507534503628
5,007857,0,0.5001198353229008
5,007858,0,0.5000647703765998
5,007869,0,0.5006303750494516
5,007871,0,0.5002477912031834
5,007881,0,0.5000519024439829
5,007882,0,0.5004570287200943
5,007883,0,0.5005657370218216
5,007885,0,0.5008536399279542
5,007890,0,0.5003287671151652
5,007896,0,0.5001325161266144
5,007897,0,0.5005109255582799
5,007898,0,0.5014355711696936
5,007912,0,0.5004759084613564
5,007913,0,0.503344315725561
5,007914,0,0.5007012726270947
5,007920,0,0.5003610154027235
5,007929,0,0.500776274552452
5,007936,0,0.502246985157827
5,007940,0,0.5019241681599395
5,007941,0,0.5003751904100643
5,007947,0,0.5001626603985261
5,007948,0,0.5000895296391877
5,007951,0,0.5006917333702559
5,007961,0,0.5002963210852298
5,007962,0,0.5006888620744855
5,007964,0,0.5003099826478173
5,007965,0,0.5000984821182126
5,007972,0,0.5002185172878766
5,007977,0,0.500134792727967
5,007979,0,0.5010009470656198
5,007986,0,0.5001996100785442
5,007987,0,0.5002657335267998
5,007990,0,0.5009047716232542
5,007993,0,0.5001638337658428
5,007994,0,0.5035818370220058
5,007995,0,0.5012878997426553
5,008000,0,0.502165993851772
5,008002,0,0.5006741768275002
5,008016,0,0.501933159771845
5,008022,0,0.500489468315999
5,008023,0,0.5022845110263022
5,008030,0,0.5000628600259798
5,008031,0,0.5023027794081387
5,008045,0,0.5015358707439234
5,008055,0,0.5011913761525912
5,008069,0,0.5004709543679431
5,008072,0,0.5002356990920668
5,008085,0,0.5001269125736396
5,008095,0,0.5002024377124782
5,008099,0,0.5000153247128664
5,008106,0,0.5054379265504086
5,008114,0,0.5005163356296831
5,008123,0,0.5187925745912115
5,008127,0,0.5017050360976374
5,008136,0,0.5015085037708653
5,008138,0,0.5003067099549615
5,008142,0,0.5006331860318003
5,008156,0,0.5032881093048647
5,008161,0,0.5003349954806074
5,008167,0,0.5001737882704029
5,008171,0,0.5019230673105902
5,008178,0,0.500296975352564
5,008184,0,0.5011033697872987
5,008187,0,0.5011187822092837
5,008190,0,0.5013420483167753
5,008191,0,0.505302871003412
5,008207,0,0.5005182048887269
5,008209,0,0.5028904350989931
5,008212,0,0.5010941566865085
5,008219,0,0.5009797004706583
5,008221,0,0.5058856873302389
5,008228,0,0.5003276273759069
5,008236,0,0.5001270899453661
5,008245,0,0.5002841659903572
5,008246,0,0.5035705833775329
5,008252,0,0.5010849043046078
5,008257,0,0.5003582767170796
5,008268,0,0.5001193791751846
5,008297,0,0.5004712037319885
5,008298,0,0.500782772809465
5,008301,0,0.5007673739782987
5,008306,0,0.5004050630555187
5,008316,0,0.5001623100246377
5,008327,0,0.5028322922890336
5,008334,0,0.5042700815328806
5,008336,0,0.5029828162318122
5,008338,0,0.5011907669824573
5,008343,0,0.5000676801572279
5,008347,0,0.5001290658699424
5,008348,0,0.5001746764280998
5,008354,0,0.5006721263231563
5,008356,0,0.5007158038309929
5,008357,0,0.5007980019115428
5,008367,0,0.5011246327944249
5,008373,0,0.5005920862718453
5,008380,0,0.5029203062878869
5,008385,0,0.5008184780111551
5,008389,0,0.5003503292796608
5,008401,0,0.5036632064054563
5,008405,0,0.5103296213888203
5,008417,0,0.5005695257932817
5,008429,0,0.5001525184513579
5,008433,0,0.5006184285832864
5,008441,0,0.5023177611982975
5,008443,0,0.5007840016490849
5,008448,0,0.5054616906038053
5,008450,0,0.5005442147231111
5,008460,0,0.503047978714729
5,008466,0,0.5016082479197755
5,008467,0,0.5002470634873487
5,008468,0,0.5005606791967713
5,008471,0,0.5004631236049977
5,008480,0,0.5006968082618948
5,008484,0,0.5018472939150393
5,008485,0,0.5002087272850971
5,008493,0,0.5008340073705198
5,008499,0,0.5023199755181078
5,008503,0,0.5002217158028992
5,008504,0,0.5003501723643253
5,008505,0,0.5002739109931691
5,008508,0,0.5026822709204237
5,008511,0,0.5010879988057267
5,008512,0,0.5009055883597763
5,008513,0,0.5021704445399305
5,008514,0,0.5015466948501687
5,008516,0,0.501117900163297
5,008523,0,0.5004049388754087
5,008528,0,0.5004806977990779
5,008531,0,0.5009446981425265
5,008536,0,0.5020457121615006
5,008541,0,0.500444253302045
5,008545,0,0.5024867412989731
5,008549,0,0.5010802229649367
5,008553,0,0.5000788644912177
5,008555,0,0.5003142162424496
5,008559,0,0.5001356208866695
5,008565,0,0.5002875906424562
5,008572,0,0.5002252196610629
5,008574,0,0.5011022449094341
5,008579,0,0.5003721402225729
5,008581,0,0.5007104675988928
5,008582,0,0.5010411946326474
5,008583,0,0.5033522878809845
5,008586,0,0.500674945875675
5,008593,0,0.5151068427586744
5,008597,0,0.5001599341170859
5,008606,0,0.5011188351509797
5,008610,0,0.500286299247813
5,008613,0,0.5014387575203475
5,008622,0,0.5000812568777072
5,008646,0,0.5064681637371523
5,008656,0,0.5001990648941967
5,008657,0,0.5005917964194653
5,008658,0,0.5003656238661776
5,008660,0,0.5005332139800063
5,008661,0,0.5011629997270753
5,008662,0,0.5006256167270542
5,008667,0,0.5015378772942698
5,008676,0,0.5014596987417301
5,008681,0,0.5078348632277523
5,008686,0,0.5019071193990735
5,008692,0,0.5012798100300694
5,008695,0,0.5005857792134324
5,008718,0,0.5008499459836583
5,008722,0,0.5001049110858873
5,008727,0,0.5025189324131287
5,008729,0,0.5015441916959628
5,008732,0,0.5002049353819046
5,008733,0,0.5011470991458739
5,008742,0,0.5005868756862786
5,008744,0,0.5005548507797722
5,008762,0,0.5000955323678157
5,008774,0,0.5018815079747571
5,008777,0,0.5001299405071248
5,008778,0,0.501593808668344
5,008782,0,0.5007210172494558
5,008788,0,0.5006415703198338
5,008793,0,0.5001748740766349
5,008796,0,0.5004958057451543
5,008804,0,0.5006692706068314
5,008805,0,0.5010526257912455
5,008808,0,0.5001418388276423
5,008810,0,0.501108705895305
5,008812,0,0.5011938617027711
5,008817,0,0.505148044409476
5,008818,0,0.5002056758314889
5,008829,0,0.5030931550592145
5,008830,0,0.5005766834528305
5,008836,0,0.5026715629693049
5,008842,0,0.5127300276435074
5,008852,0,0.5001474342695937
5,008856,0,0.5007882421562816
5,008861,0,0.5052641362616396
5,008867,0,0.501026704196087
5,008872,0,0.500273504069193
5,008883,0,0.5016749337460651
5,008891,0,0.5003044287957512
5,008897,0,0.5004422895986883
5,008902,0,0.500381026519085
5,008907,0,0.5004353184935643
5,008921,0,0.5002606080750034
5,008931,0,0.5011771868333351
5,008935,0,0.5002235960744988
5,008936,0,0.501995377908728
5,008937,0,0.5010169256815465
5,008945,0,0.5017053367471742
5,008958,0,0.5001666665092467
5,008962,0,0.5142494874022359
5,008977,0,0.502140090841918
5,008980,0,0.5273191009253664
5,008982,0,0.5006772818393866
5,008986,0,0.5211003326411895
5,008989,0,0.5000840585621763
5,008995,0,0.5027621806466025
5,009000,0,0.5001256500156936
5,009002,0,0.5003181126182188
5,009008,0,0.5001176912693408
5,009016,0,0.501406492260614
5,009018,0,0.5009947108120265
5,009027,0,0.502001053348733
5,009028,0,0.500051547099536
5,009029,0,0.5003916477836154
5,009031,0,0.5002217969029176
5,009035,0,0.5002447481824068
5,009038,0,0.5003941889542158
5,009039,0,0.5023529815838211
5,009058,0,0.5028927458210436
5,009059,0,0.5003989654391965
5,009064,0,0.5001505583299377
5,009065,0,0.5020527504707599
5,009067,0,0.5001994413782956
5,009070,0,0.5021381801451348
5,009071,0,0.5004402175746622
5,009080,0,0.503084720273533
5,009098,0,0.5018281527394499
5,009099,0,0.500384973040028
5,009102,0,0.506133973231035
5,009106,0,0.5023158834028287
5,009107,0,0.5003336920360786
5,009115,0,0.500062836811077
5,009116,0,0.5034743724969004
5,009118,0,0.5012112397282631
5,009132,0,0.5031423419051383
5,009133,0,0.5003079682156378
5,009134,0,0.5001107025480167
5,009139,0,0.5002645628256572
5,009142,0,0.5009768519317852
5,009151,0,0.5009163312581005
5,009153,0,0.5003507287551533
5,009155,0,0.5001158847352218
5,009158,0,0.5007059402055121
5,009161,0,0.5006635717577336
5,009162,0,0.5001018323370006
5,009165,0,0.5037020946134756
5,009170,0,0.5036942284592065
5,009173,0,0.5006191243453547
5,009174,0,0.501765274163515
5,009180,0,0.5002682826046942
5,009181,0,0.5014176125658795
5,009195,0,0.5017490440347794
5,009201,0,0.5004237749022781
5,009208,0,0.5011167524386713
5,009209,0,0.5009061915321151
5,009210,0,0.5025466118672797
5,009218,0,0.5004516047093154
5,009227,0,0.5023103225263825
5,009231,0,0.5011589633908169
5,009238,0,0.5004635593914024
5,009240,0,0.5007145264202458
5,009242,0,0.5026660483631347
5,009243,0,0.5006613174278793
5,009246,0,0.5001280673991314
5,009253,0,0.502925520733573
5,009261,0,0.5002838699613874
5,009265,0,0.50313502927432
5,009276,0,0.5003327112471054
5,009282,0,0.5003182857719297
5,009285,0,0.5002888249076667
5,009290,0,0.5016580250405511
5,009291,0,0.5002496379602409
5,009292,0,0.5000348535939325
5,009299,0,0.5003214564185998
5,009302,0,0.5005081635428525
5,009304,0,0.5026869178071424
5,009323,0,0.500304428745201
5,009324,0,0.500627364138357
5,009326,0,0.5013193004387778
5,009327,0,0.5005351719120966
5,009339,0,0.5003317892959558
5,009355,0,0.5001173794039547
5,009361,0,0.5017010793782067
5,009372,0,0.500452388058947
5,009377,0,0.5003552852899789
5,009379,0,0.5003591692458655
5,009383,0,0.5004230861670765
5,009389,0,0.5004649921869194
5,009391,0,0.5007351765146638
5,009399,0,0.5001740828272184
5,009400,0,0.5013177719682501
5,009401,0,0.5006318600332647
5,009403,0,0.5038418427696245
5,009405,0,0.5012194851327714
5,009410,0,0.5003059060038539
5,009414,0,0.5002091030680434
5,009418,0,0.5015982719457901
5,009428,0,0.500381133856221
5,009429,0,0.5008944979141037
5,009430,0,0.5022913923741673
5,009432,0,0.501202761973708
5,009433,0,0.5000896197118523
5,009436,0,0.5006845599555038
5,009440,0,0.5039697911964982
5,009441,0,0.5003306864341039
5,009453,0,0.500171428009772
5,009454,0,0.5003639422101088
5,009461,0,0.5000197445359833
5,009464,0,0.5004854540605352
5,009468,0,0.5009088599195148
5,009472,0,0.5009025178458797
5,009476,0,0.5010221275035195
5,009478,0,0.5009021232755063
5,009483,0,0.500285509784898
5,009484,0,0.5005460666221783
5,009486,0,0.5060780346733529
5,009489,0,0.5006394889277596
5,009495,0,0.5007021228071491
5,009496,0,0.5004777262969015
5,009505,0,0.5059118954865445
5,009510,0,0.5011014647571631
5,009511,0,0.5002540215679698
5,009512,0,0.5273222697966257
5,009514,0,0.500723186457539
5,009517,0,0.500262373730184
5,009518,0,0.5017404887270975
5,009520,0,0.5001474868253797
5,009521,0,0.500572646813076
5,009522,0,0.5083580010364169
5,009548,0,0.5005634565452045
5,009549,0,0.5009987071530076
5,009552,0,0.5063240873384441
5,009577,0,0.5002214509781715
5,009578,0,0.5016413504924492
5,009588,0,0.5001620109596601
5,009589,0,0.5011011561461671
5,009595,0,0.500942899645275
5,009598,0,0.5046601022573945
5,009605,0,0.5004233258075577
5,009611,0,0.5014734403227517
5,009614,0,0.5011512597482592
5,009615,0,0.5002102416512921
5,009633,0,0.5006887112325186
5,009636,0,0.5027181609764917
5,009643,0,0.5009226299400263
5,009648,0,0.5008795226562491
5,009651,0,0.5066095566605431
5,009653,0,0.501755450781089
5,009656,0,0.501263272590416
5,009658,0,0.5018307032782006
5,009659,0,0.5008464093349103
5,009664,0,0.5001144430335134
5,009681,0,0.5003792699692905
5,009686,0,0.5000666363247037
5,009690,0,0.5006112155024205
5,009693,0,0.5004395192282975
5,009695,0,0.5133456950630034
5,009698,0,0.5003011533874648
5,009705,0,0.500418924959202
5,009716,0,0.5004181451777909
5,009718,0,0.500309256510843
5,009719,0,0.5002505749557726
5,009726,0,0.5022673668095288
5,009732,0,0.500276673663841
5,009734,0,0.5004811652020138
5,009736,0,0.5007612242230237
5,009744,0,0.5004883769586326
5,009748,0,0.5019566442487042
5,009750,0,0.5003332593102875
5,009755,0,0.5036797017848011
5,009756,0,0.5028658367870197
5,009761,0,0.5013013707085923
5,009770,0,0.5059809130460758
5,009773,0,0.5092258968764881
5,009793,0,0.5014146527764346
5,009817,0,0.5011464798185565
5,009827,0,0.500687240707988
5,009830,0,0.5005900431384316
5,009832,0,0.5005227580227669
5,009853,0,0.5001238108303662
5,009867,0,0.5024226919979964
5,009871,0,0.5033651253913345
5,009872,0,0.5034742818512637
5,009876,0,0.5054357085482926
5,009881,0,0.5001242915081409
5,009884,0,0.5010651283398811
5,009885,0,0.5003690202902819
5,009886,0,0.5007395589284974
5,009893,0,0.5003349856612037
5,009894,0,0.5015152821909611
5,009897,0,0.5046275310612167
5,009905,0,0.5009074615103112
5,009908,0,0.5017177901286572
5,009923,0,0.5002119250002154
5,009937,0,0.5026483001164751
5,009947,0,0.5002435669645564
5,009952,0,0.5006819651625001
5,009955,0,0.5022879968703119
5,009956,0,0.5002647107730249
5,009957,0,0.500226744427514
5,009974,0,0.503582845007194
5,009983,0,0.5005716170079336
5,009990,0,0.5001813724318087
5,010009,0,0.5001987022768576
5,010012,0,0.5009510622606889
5,010014,0,0.5003854515676005
5,010017,0,0.5000833681843452
5,010019,0,0.500069491604847
5,010020,0,0.5001150685436138
5,010029,0,0.5002535652181469
5,010030,0,0.5004152131329315
5,010033,0,0.5000541798973916
5,010037,0,0.5017405701843121
5,010061,0,0.5003754613786845
5,010064,0,0.5016067472327536
5,010075,0,0.5011938181889015
5,010079,0,0.5022471689945425
5,010081,0,0.5014702206428605
5,010090,0,0.5002833469225431
5,010092,0,0.500403934072717
5,010096,0,0.501362445663212
5,010112,0,0.5007338644538869
5,010124,0,0.5117153405414808
5,010127,0,0.5012107778282567
5,010128,0,0.5067932046571391
5,010132,0,0.5002566830454053
5,010134,0,0.5009763744308164
5,010138,0,0.5005742313488153
5,010139,0,0.5015429414966052
5,010142,0,0.5000557823884155
5,010148,0,0.5010442342459892
5,010152,0,0.500367700862079
5,010163,0,0.500435641612157
5,010180,0,0.5035661321760615
5,010181,0,0.5002794544654963
5,010185,0,0.5005719335566327
5,010189,0,0.5003833895779789
5,010192,0,0.5005143329785531
5,010194,0,0.5005579889759004
5,010196,0,0.500401951922373
5,010206,0,0.5009089114223932
5,010215,0,0.5006763496721905
5,010217,0,0.5002451005368082
5,010224,0,0.5026509143307191
5,010236,0,0.5017861222967844
5,010237,0,0.5002440144422203
5,010254,0,0.5000968919183808
5,010259,0,0.5005393546600649
5,010264,0,0.5002634317678708
5,010266,0,0.500325115541636
5,010267,0,0.5002951276751171
5,010274,0,0.5007364773679366
5,010284,0,0.5001977227803535
5,010300,0,0.5001996255784996
5,010303,0,0.5017428105679811
5,010311,0,0.5006992452914736
5,010313,0,0.5001871162147705
5,010315,0,0.5010156566231204
5,010317,0,0.5003869401941992
5,010328,0,0.50023832038487
5,010330,0,0.5001988730629698
5,010332,0,0.5007243386476252
5,010341,0,0.5008916233123659
5,010348,0,0.5039359578692529
5,010350,0,0.5012703105643472
5,010351,0,0.5003222667891083
5,010357,0,0.5017421915264068
5,010360,0,0.5024666511487476
5,010362,0,0.5008673682723167
5,010366,0,0.5002791227809695
5,010374,0,0.5043591689741435
5,010377,0,0.5001099906848098
5,010379,0,0.5001774477551308
5,010383,0,0.5007030949748736
5,010386,0,0.501334808951086
5,010395,0,0.501718880341282
5,010403,0,0.5002088718401578
5,010404,0,0.501243668261828
5,010412,0,0.5030343979862302
5,010437,0,0.5002776379744656
5,010443,0,0.5003372358305187
5,010454,0,0.5005844038565535
5,010464,0,0.5049494446040476
5,010466,0,0.5018079698134884
5,010468,0,0.500291479174229
5,010479,0,0.500598480755343
5,010485,0,0.5002409321067753
5,010486,0,0.5061231885437448
5,010487,0,0.5004412061299197
5,010497,0,0.500543707982147
5,010504,0,0.500834075042347
5,010505,0,0.5007377354546639
5,010517,0,0.5001623709389573
5,010527,0,0.5012087954099402
5,010529,0,0.5052387434139576
5,010531,0,0.5037996670042865
5,010532,0,0.5001910596982735
5,010549,0,0.5017542359097921
5,010551,0,0.514854410678613
5,010552,0,0.5003073411401787
5,010561,0,0.5013940118672059
5,010563,0,0.5001837242727831
5,010567,0,0.5032289820008773
5,010574,0,0.501864699103465
5,010576,0,0.5006095336925122
5,010581,0,0.5020560692471543
5,010589,0,0.5008916921928671
5,010593,0,0.5001044370492724
5,010596,0,0.500272698931096
5,010602,0,0.5001099719360942
5,010604,0,0.501256829057173
5,010606,0,0.5001520413787711
5,010613,0,0.5000823598849063
5,010617,0,0.5004098023515687
5,010631,0,0.5015514185556684
5,010636,0,0.5010816008200344
5,010640,0,0.5010093366490506
5,010645,0,0.5000417930167788
5,010651,0,0.500947572519316
5,010652,0,0.5001493060932803
5,010655,0,0.50036319974966
5,010656,0,0.5005950801107218
5,010672,0,0.5006791234438461
5,010674,0,0.5018704916734907
5,010678,0,0.50194614802037
5,010683,0,0.5002616526291268
5,010685,0,0.5003039737407153
5,010690,0,0.5000965983447545
5,010693,0,0.5003706434002377
5,010705,0,0.510141420904177
5,010709,0,0.5010509294037833
5,010710,0,0.5009425470349851
5,010713,0,0.5001434853283588
5,010717,0,0.5019172031966022
5,010732,0,0.5012661267800628
5,010733,0,0.5002703801281253
5,010734,0,0.5008212511487382
5,010736,0,0.5008595378887706
5,010737,0,0.5036274374790208
5,010741,0,0.501039559816002
5,010748,0,0.5004955170504984
5,010750,0,0.5008308330387878
5,010760,0,0.5015014215692898
5,010761,0,0.5016680900461788
5,010763,0,0.5002112536809513
5,010768,0,0.5004163342312604
5,010769,0,0.5014643954486768
5,010771,0,0.5009255955542974
5,010772,0,0.5009377209337802
5,010773,0,0.5004876505112543
5,010785,0,0.5010592208429062
5,010790,0,0.5010379108197948
5,010792,0,0.5003223302696791
5,010801,0,0.5007128946053425
5,010805,0,0.5012860848263238
5,010809,0,0.5016036085475517
5,010813,0,0.5003009388329686
5,010816,0,0.5001838282455086
5,010817,0,0.5007396195669507
5,010820,0,0.5010926982889693
5,010831,0,0.5002619436288287
5,010836,0,0.5000470871199713
5,010847,0,0.501435944080213
5,010849,0,0.5005473891180214
5,010863,0,0.5013249141235498
5,010866,0,0.5003001840843635
5,010868,0,0.5002612289355401
5,010870,0,0.5002572246530771
5,010871,0,0.5008082233830748
5,010875,0,0.5008296623768544
5,010883,0,0.5089451016055795
5,010884,0,0.5014554756673524
5,010886,0,0.502567784697414
5,010891,0,0.5003358591431937
5,010896,0,0.5009920479766058
5,010899,0,0.5005306114595703
5,010908,0,0.5008764597105614
5,010912,0,0.5002240727723194
5,010923,0,0.5000703461898323
5,010925,0,0.5010148835114919
5,010928,0,0.500826739954664
5,010930,0,0.500177204544681
5,010931,0,0.5045160748232879
5,010932,0,0.5003564440837087
5,010935,0,0.5062593353569406
5,010941,0,0.5008665919947223
5,010947,0,0.5003615840456748
5,010954,0,0.500580352763883
5,010964,0,0.5016886827807402
5,010974,0,0.5003194417773896
5,010979,0,0.5008408933493703
5,010980,0,0.5040701315345318
5,011001,0,0.5001082396433014
5,011004,0,0.5004000161552473
5,011005,0,0.5014815589758583
5,011007,0,0.5021512683437909
5,011024,0,0.5003111491330766
5,011025,0,0.5211385240508555
5,011026,0,0.500928569195748
5,011029,0,0.5008600060163884
5,011036,0,0.5029233134530402
5,011042,0,0.5011237286379121
5,011052,0,0.5006054777855564
5,011053,0,0.5003363821539725
5,011060,0,0.5001471917801463
5,011062,0,0.5009796166331779
5,011063,0,0.5041375423984082
5,011066,0,0.500178671525079
5,011077,0,0.5002423290800252
5,011079,0,0.5007146551652656
5,011083,0,0.5001935140544588
5,011097,0,0.5003381691050067
5,011098,0,0.5012729999151415
5,011103,0,0.5000866574524818
5,011106,0,0.5003241908698598
5,011130,0,0.5197186101138397
5,011135,0,0.5010611185314937
5,011137,0,0.5103336220699319
5,011145,0,0.500450190498713
5,011146,0,0.5008642923967436
5,011153,0,0.5018466149250339
5,011156,0,0.5004321319669977
5,011157,0,0.5009428814089315
5,011161,0,0.500835514108988
5,011163,0,0.5033206919697906
5,011164,0,0.5002564008884868
5,011172,0,0.5040769729666799
5,011185,0,0.500106179608686
5,011211,0,0.501615978864565
5,011219,0,0.5031047739108396
5,011223,0,0.5007423262534444
5,011226,0,0.500808667760923
5,011229,0,0.5006544747766346
5,011230,0,0.500795486062069
5,011232,0,0.5006559068932094
5,011235,0,0.5010820599539952
5,011236,0,0.5003788673058673
5,011237,0,0.5003630118489525
5,011240,0,0.5032045332477473
5,011255,0,0.5001875409789708
5,011256,0,0.5023313982439811
5,011259,0,0.5009624065960607
5,011267,0,0.5009434062065399
5,011269,0,0.5004460773089165
5,011272,0,0.5003686508487765
5,011273,0,0.5054393198887565
5,011279,0,0.5002764992100626
5,011282,0,0.5008866088504043
5,011283,0,0.5017666567103035
5,011285,0,0.5042992457641616
5,011288,0,0.500774981988544
5,011291,0,0.5003451590708741
5,011292,0,0.5001879096276525
5,011299,0,0.5003681077983771
5,011301,0,0.5003294629304458
5,011304,0,0.5019706817048984
5,011308,0,0.500931417898107
5,011311,0,0.5010531872457904
5,011312,0,0.5003214306360165
5,011313,0,0.5002888291432316
5,011315,0,0.5004739890105387
5,011319,0,0.517715213834152
5,011326,0,0.5003555148364153
5,011328,0,0.5006705863681018
5,011329,0,0.5032576570520316
5,011338,0,0.5000233388572132
5,011342,0,0.5013649125602244
5,011343,0,0.5009964028453086
5,011351,0,0.5021655085073505
5,011353,0,0.5004815849852269
5,011356,0,0.5001797513084272
5,011368,0,0.5006161907126471
5,011372,0,0.501907402204791
5,011373,0,0.5007741394862035
5,011378,0,0.5175478906999025
5,011382,0,0.5038613256145595
5,011383,0,0.5007653535241748
5,011388,0,0.500186537452369
5,011391,0,0.5002476188946394
5,011392,0,0.500282552416724
5,011393,0,0.5004371584644364
5,011395,0,0.5004508173596764
5,011396,0,0.501005580688953
5,011400,0,0.5004358076335403
5,011409,0,0.5006102589712664
5,011410,0,0.5004069296986418
5,011418,0,0.5001651832705978
5,011422,0,0.5012383629266812
5,011423,0,0.501430975258921
5,011432,0,0.5012244218020767
5,011435,0,0.5001254431938609
5,011439,0,0.5002401396870295
5,011448,0,0.5023328875544337
5,011449,0,0.5006075140040819
5,011456,0,0.5001315717802995
5,011457,0,0.5005518182747327
5,011460,0,0.5004611599041587
5,011470,0,0.5038054539882286
5,011471,0,0.5003837110219791
5,011476,0,0.5009354528407507
5,011483,0,0.5002702084722339
5,011485,0,0.5012884418371212
5,011489,0,0.5040713952803909
5,011497,0,0.501342193335978
5,011503,0,0.5001228177709648
5,011507,0,0.5007600266956951
5,011509,0,0.5005403087212797
5,011516,0,0.5009510829454579
5,011521,0,0.5001438728092976
5,011527,0,0.5031766961517722
5,011531,0,0.50025775054728
5,011537,0,0.5002929138236896
5,011539,0,0.5003086405955716
5,011543,0,0.5030574533588063
5,011546,0,0.5005442279434865
5,011547,0,0.5000848478685306
5,011549,0,0.5014347301736479
5,011551,0,0.5026100944640164
5,011552,0,0.5001278345935195
5,011557,0,0.5001419336802931
5,011560,0,0.5010969970620642
5,011562,0,0.5005422173870742
5,011563,0,0.5062075676310664
5,011565,0,0.5010395314207948
5,011573,0,0.5010005311863228
5,011582,0,0.5000206200322181
5,011586,0,0.5001541912362807
5,011588,0,0.500127180107591
5,011596,0,0.5001174885369686
5,011599,0,0.5018377621356956
5,011603,0,0.5000711070448404
5,011613,0,0.5011604136988459
5,011629,0,0.5002038329868499
5,011631,0,0.5004310847489087
5,011640,0,0.5008650685834902
5,011641,0,0.501036152709959
5,011645,0,0.5003174556348231
5,011647,0,0.5000632829069667
5,011648,0,0.5016504790059276
5,011655,0,0.5002262983220597
5,011659,0,0.5015237421037412
5,011664,0,0.50017674842047
5,011666,0,0.5022631189046703
5,011668,0,0.5044634456726237
5,011670,0,0.5007608160772723
5,011673,0,0.5001257097872102
5,011675,0,0.5010596414181637
5,011677,0,0.5008702111736386
5,011678,0,0.5017742001265519
5,011679,0,0.5000396581297948
5,011682,0,0.5001823670966
5,011684,0,0.5011249403445167
5,011687,0,0.5011158728703468
5,011688,0,0.5000480852269015
5,011694,0,0.501655944276404
5,011707,0,0.5023651386367805
5,011708,0,0.5002050329348215
5,011717,0,0.5006633636984065
5,011727,0,0.5003282115752764
5,011728,0,0.5015002782006664
5,011729,0,0.5074626988148311
5,011735,0,0.5109144376740946
5,011738,0,0.5004135193897102
5,011741,0,0.5001245476790894
5,011745,0,0.5001602715765207
5,011746,0,0.5002271364070436
5,011748,0,0.500429974578015
5,011758,0,0.5006577334932005
5,011760,0,0.5103252486319327
5,011762,0,0.5043050724621533
5,011764,0,0.5000940364570514
5,011772,0,0.5085491802689577
5,011785,0,0.502975705771368
5,011787,0,0.5024036587528804
5,011790,0,0.5021892253576163
5,011795,0,0.501758245128002
5,011802,0,0.5011514002603982
5,011808,0,0.5003958547619535
5,011813,0,0.5001432859814522
5,011814,0,0.5000406352664928
5,011815,0,0.5012334815085181
5,011817,0,0.5005947731114633
5,011822,0,0.5002524581401383
5,011824,0,0.5000721395339167
5,011832,0,0.5000785715183458
5,011843,0,0.5045857103001751
5,011846,0,0.5007756422766839
5,011847,0,0.5044838273161751
5,011859,0,0.5048112762616014
5,011866,0,0.5029002823406558
5,011867,0,0.5005619361572619
5,011881,0,0.5012876004202461
5,011887,0,0.501323343087331
5,011889,0,0.5025176543372368
5,011911,0,0.5011587964777838
5,011917,0,0.5005318288390921
5,011919,0,0.5004600487787033
5,011922,0,0.50068896945927
5,011924,0,0.500264882446776
5,011939,0,0.5032032713971643
5,011947,0,0.5016600301734092
5,011951,0,0.5024446686259502
5,011953,0,0.5028891260269416
5,011958,0,0.5001924481322971
5,011963,0,0.5001915038516034
5,011968,0,0.5002889217003745
5,011970,0,0.500456234133374
5,011976,0,0.5001260835795729
5,011978,0,0.500389342826941
5,011989,0,0.5001315551460938
5,011991,0,0.5006611196482424
5,011993,0,0.5013143299396476
5,011996,0,0.5004054069684027
5,011999,0,0.5002458716240717
