seq_id,true_efficiency,binary_label,pred_efficiency,pred_probability,fold
253,0.9451488,1,0.9996587,0.5758038994823933,1
338,0.8717909,1,0.9988378,0.7604795236945853,1
653,0.9793253,1,0.9990877,0.7042669026738542,1
1331,0.97435224,1,0.9997442,0.5565746775015421,1
1523,0.96655554,1,0.999962,0.5075763670984526,1
1845,0.94857323,1,0.99923503,0.6711186204307131,1
1959,0.9405902,1,0.9993703,0.6406924665432993,1
2090,0.9612935,1,1.0003698,0.41582857296108566,1
2268,0.95459133,1,0.9998599,0.5305334298817281,1
2416,0.96703464,1,1.000052,0.4873280231716147,1
2463,0.9494081,1,0.99928963,0.6588355190817174,1
2482,0.96598667,1,0.99984705,0.5334298817282163,1
2516,0.96098435,1,0.9993489,0.6455064767881568,1
2574,0.9498878,1,0.9999932,0.5005497894708612,1
2984,0.9591376,1,0.999005,0.7228658781881084,1
3089,0.97754234,1,0.99995136,0.5099632579719473,1
3507,0.9416907,1,0.99953043,0.6046611419529595,1
3591,0.9537298,1,0.9994918,0.6133504974924237,1
4322,0.97836673,1,1.0001003,0.47646632874728456,1
4463,0.9746599,1,0.9998447,0.5339662616997881,1
5211,0.96166533,1,0.99995345,0.5094939254968219,1
5217,0.9728295,1,0.99950826,0.6096494756885777,1
5294,0.9748153,1,0.9994863,0.6145841714270389,1
6234,0.78128606,1,0.99983084,0.537077265534905,1
6792,0.97840476,1,1.0000039,0.4981360795987878,1
7048,0.9696357,1,0.9992449,0.6688926435486899,1
7078,0.938879,1,0.99984634,0.5335907957196878,1
7793,0.9732316,1,0.9999269,0.5154611526805589,1
7821,0.9724182,1,1.0003223,0.4265025343953657,1
8116,0.9476189,1,0.9995904,0.5911711856679271,1
8279,0.94422156,1,0.99956787,0.5962399763992812,1
8283,0.9502912,1,1.0003434,0.42175557164695465,1
8558,0.97430307,1,0.9999267,0.5155147906777161,1
8622,0.97808474,1,0.99948466,0.6149596374071392,1
8911,0.9702342,1,0.99954027,0.6024485745702255,1
8928,0.9705284,1,0.9993307,0.6495963740713921,1
9100,0.976766,1,0.9989284,0.7400970847748545,1
9200,0.9637548,1,0.9997128,0.5636280741277121,1
9246,0.9793077,1,1.0000353,0.4910826829726178,1
9278,0.95537305,1,1.000214,0.4508810041033068,1
9699,0.9535714,1,0.9993113,0.6539544613404136,1
10005,0.93053114,1,0.99904776,0.7132512671976828,1
10039,0.97594494,1,0.9985244,0.8309866709577065,1
10122,0.9722059,1,0.99976844,0.5511170112907984,1
10226,0.95116526,1,0.99992025,0.5169630166009601,1
10952,0.9557637,1,0.99949765,0.6120363665620725,1
11090,0.9635908,1,1.0000819,0.48059645452838795,1
11885,0.9715615,1,0.99966216,0.5750261485236141,1
4,0.99772817,0,0.9996674,0.573846112586156,1
14,1.0054358,0,0.9994273,0.6278595757234424,1
16,1.0016736,0,0.9992442,0.6690535575401615,1
30,1.000917,0,0.99997467,0.5047201437498323,1
34,0.9897526,0,1.0000832,0.48030144554402343,1
38,1.0065243,0,1.0002859,0.43470914796041515,1
45,1.0012755,0,0.999493,0.6130823075066377,1
48,1.0037171,0,1.0000001,0.4989942875533028,1
50,1.0048643,0,1.0006605,0.35041703542789715,1
68,1.002605,0,0.9995364,0.6033201920240299,1
78,1.0016671,0,1.0000418,0.4896076380507952,1
81,0.9998487,0,0.99976426,0.5520556762410491,1
87,0.9963213,0,0.99997646,0.5043178587711534,1
88,1.0084721,0,0.9998861,0.524646659693727,1
99,0.9996617,0,0.9996221,0.5840373320460215,1
104,1.0025281,0,1.0005043,0.38557674256443264,1
109,1.0016581,0,0.99976194,0.5525786467133318,1
110,1.0043283,0,1.0000294,0.49239681390296886,1
111,0.9995408,0,1.0005057,0.3852549145814895,1
124,0.99406725,0,0.999791,0.546034811060155,1
131,0.9970768,0,0.9999478,0.5107678279293051,1
141,1.0048821,0,0.9999492,0.510445999946362,1
149,1.0021665,0,1.0003653,0.4168476949070722,1
155,1.000011,0,1.0002469,0.4434789604956151,1
156,1.0016385,0,0.9994055,0.632767452463325,1
157,1.0025431,0,0.9996788,0.5712848982219003,1
163,1.0006179,0,0.99924654,0.6685305870678788,1
165,1.001005,0,0.99965525,0.5765816504411725,1
166,0.996078,0,1.0006521,0.35232118432697723,1
167,1.0015588,0,0.9999188,0.5172848445839032,1
175,0.99908626,0,0.9993993,0.6341620403894119,1
176,1.0010782,0,0.999503,0.6108295116260358,1
180,0.9995084,0,1.0001435,0.4667310322632553,1
182,1.0002079,0,0.9990233,0.7187491619062945,1
192,1.0054495,0,0.9995155,0.6080269262745729,1
204,0.9996937,0,0.9996942,0.5678118379059727,1
210,1.0009165,0,0.99993515,0.5136106417786359,1
220,0.9978517,0,0.9998255,0.5382841204709417,1
221,1.0064838,0,1.0002805,0.4359160028964518,1
232,1.002479,0,1.0002406,0.4449003674202805,1
238,0.9909212,0,1.0003626,0.4174377128758012,1
242,0.9991285,0,0.9993561,0.6438839273741519,1
249,1.0025083,0,1.0001091,0.4744817228524687,1
250,1.0039647,0,1.0006998,0.34159358489554004,1
252,0.99730104,0,0.9992755,0.6620135704132808,1
257,0.9982982,0,1.0005953,0.3650870276503876,1
269,1.0032767,0,0.9995105,0.6091399147155845,1
273,0.996892,0,1.0000852,0.47984552256818735,1
275,0.9954574,0,1.0001763,0.4593558076541422,1
279,1.0046496,0,0.9999198,0.5170702925952745,1
282,1.0060017,0,0.9998303,0.5371979510285085,1
285,1.0047932,0,0.99981964,0.5395982514012927,1
288,1.0029315,0,1.0002736,0.4374715048140102,1
292,0.9999252,0,0.9993327,0.6491404510955561,1
298,1.0001739,0,1.00003,0.4922627189100759,1
303,1.0072248,0,0.9998157,0.5404832783543863,1
307,1.0044491,0,0.99967384,0.572397886662912,1
309,1.0050085,0,0.99909896,0.701732507308177,1
319,1.0024228,0,1.0001163,0.47284576393917455,1
320,1.0016285,0,1.0003157,0.42800439831576687,1
322,1.0043054,0,1.000141,0.46729423123340574,1
329,1.0060565,0,1.0003448,0.42146056266259013,1
330,0.9939984,0,1.0002936,0.43296591305280663,1
334,1.0022404,0,1.0000218,0.4941132298119988,1
340,1.0001056,0,1.0002298,0.44731407729235395,1
345,0.9982937,0,0.9999825,0.5029634993429346,1
347,1.0003722,0,0.9997192,0.5621932577037574,1
348,0.99659556,0,0.9998446,0.5339796711990774,1
356,1.0051428,0,0.99999493,0.5001609139914716,1
358,1.0072508,0,0.99992025,0.5169630166009601,1
359,0.9977815,0,0.9992249,0.6733982353098935,1
364,1.0036103,0,0.99870557,0.7902352026175343,1
384,1.000943,0,0.9999336,0.5139592887601576,1
390,0.9978544,0,0.99943936,0.6251508568670046,1
399,0.99944896,0,1.000195,0.45514522487730313,1
406,1.0011038,0,0.999547,0.6009333011505351,1
411,1.0027022,0,1.0003359,0.4234451685574061,1
413,1.0002342,0,1.0002097,0.4518464880521361,1
414,1.0054594,0,0.9995917,0.5908761766835626,1
415,1.0007821,0,0.99950755,0.6098103896800493,1
417,1.0037404,0,0.9993762,0.6393649261136589,1
419,0.9994265,0,0.9991805,0.6833883122804194,1
423,1.0041531,0,0.9992814,0.6606860299836403,1
427,1.0034677,0,0.999453,0.6220800815297557,1
440,0.998525,0,0.9999492,0.510445999946362,1
449,0.99734795,0,0.9996043,0.588046772333521,1
452,1.0056205,0,1.0001596,0.46311046745514517,1
461,0.9989193,0,0.99996036,0.5079384235792636,1
474,1.0004199,0,1.0006126,0.36119827285649153,1
506,0.9931925,0,0.9998269,0.5379622924879985,1
512,1.0007292,0,0.9989691,0.7309518062595542,1
515,0.9958631,0,0.99991477,0.5181966905355754,1
524,0.9903087,0,0.9988848,0.7499128382546196,1
527,1.0065166,0,1.0007653,0.3268431356773138,1
529,1.0009731,0,0.99992216,0.5165339126237026,1
530,0.99989605,0,0.99997795,0.5039826212889211,1
532,1.002614,0,1.0000271,0.4929331938745407,1
549,0.998904,0,0.99956334,0.5972590983452678,1
550,1.000607,0,0.9988831,0.7502883042347199,1
554,0.9975475,0,0.9995417,0.6021267465872824,1
563,1.001376,0,0.9993064,0.6550674497814252,1
564,1.0037692,0,1.0000571,0.48617480623273523,1
568,1.0022995,0,1.0004435,0.39925443183951514,1
569,1.0009664,0,0.99987745,0.526591037090675,1
571,0.9988423,0,1.0001448,0.4664360232788908,1
578,1.0043886,0,0.9994041,0.6330892804462681,1
583,1.0061117,0,0.99998415,0.5025880333628343,1
589,1.0017887,0,0.99938726,0.6368707592458498,1
597,1.0008748,0,1.0003356,0.4235256255531419,1
615,1.0022904,0,0.9997579,0.5534904926650039,1
619,0.9996787,0,0.99974144,0.5571915144688497,1
620,1.0031618,0,0.99905217,0.7122589642502749,1
630,1.0015212,0,0.99989045,0.5236677662456084,1
638,1.0047947,0,1.0001568,0.4637541234210315,1
642,0.99890685,0,0.9995413,0.6022206130823076,1
647,1.0028234,0,0.9995436,0.6016976426100249,1
649,0.996064,0,1.0001229,0.47137071901735195,1
655,1.0004227,0,0.9996206,0.5843725695282538,1
656,1.005161,0,0.99985635,0.531337999839086,1
660,1.0011976,0,0.9996877,0.5692868828277953,1
669,1.0066082,0,1.0006742,0.3473328505913589,1
688,1.0012326,0,0.9999098,0.519309678976587,1
689,1.0078704,0,0.9997966,0.5447743181269611,1
690,1.0016623,0,1.0004928,0.38815136642797754,1
694,1.006606,0,0.99961096,0.5865449084131198,1
695,1.0028205,0,0.99980855,0.5420924182691018,1
698,1.001802,0,0.99879086,0.7710462091345509,1
699,0.9965253,0,0.9986114,0.8114222114946228,1
709,1.0020888,0,0.99984103,0.5347842411564352,1
714,1.0056986,0,0.9996682,0.5736717890953952,1
717,0.9958218,0,0.9996064,0.5875774398583957,1
721,1.0043718,0,0.9999206,0.5168825596052243,1
723,1.0082924,0,1.000028,0.49271864188591197,1
727,0.99832475,0,0.99980694,0.5424544747499128,1
728,1.0052228,0,0.9999392,0.5126987958269638,1
729,0.99821246,0,0.99985623,0.5313648188376646,1
732,1.0041926,0,0.9997056,0.565250623541717,1
735,1.004164,0,1.0007154,0.3380802960817443,1
736,1.000278,0,1.0000716,0.4829028884061469,1
743,1.0005559,0,0.99952054,0.6068871188349827,1
744,0.99298745,0,1.0000917,0.47839729664494324,1
755,0.99693,0,0.9997629,0.552364094724703,1
758,0.9993362,0,1.0001446,0.46648966127604796,1
762,0.9952061,0,0.99955237,0.5997264462144983,1
763,1.0044318,0,0.9991648,0.6869150105935045,1
769,0.990552,0,0.99969137,0.5684554938718589,1
776,1.0040907,0,1.0004935,0.387990452436506,1
778,1.0061113,0,0.99898314,0.7277871644272803,1
781,1.0010184,0,0.9994085,0.6320969774988602,1
788,1.0018926,0,0.99989295,0.523104567275458,1
790,1.0024434,0,0.9996553,0.5765682409418833,1
795,1.0041305,0,0.9999404,0.5124306058411778,1
799,0.9977152,0,0.9996054,0.5877919918470245,1
805,1.0075947,0,0.99994755,0.5108214659264623,1
808,0.9984673,0,0.9997798,0.5485557969265428,1
809,0.990729,0,1.0003024,0.43098130715799077,1
812,1.0034838,0,0.9995973,0.5896156837503688,1
813,1.0033953,0,0.9991584,0.6883632365167485,1
815,1.004771,0,0.99916416,0.6870625150856867,1
816,1.0042255,0,0.99978435,0.5475366749805562,1
817,1.0018005,0,0.9992875,0.6593182610561321,1
820,1.0028232,0,1.0012333,0.2215517472577574,1
823,1.0014325,0,0.99965453,0.576742564432644,1
825,0.9993234,0,0.99927354,0.6624560838898276,1
829,1.0064152,0,0.99965477,0.5766889264354869,1
834,1.0081668,0,0.99923396,0.6713599914179205,1
838,1.0045506,0,0.9992832,0.6602837450049615,1
840,1.0043195,0,0.9997301,0.559739319333816,1
844,1.0008758,0,0.9997467,0.5560114785313917,1
856,1.0026025,0,0.9994015,0.6336658889157079,1
869,1.0040789,0,0.9997221,0.5615361922385818,1
870,1.0038872,0,0.9996402,0.5799608442620753,1
871,1.0043635,0,1.0003235,0.42623434440957975,1
879,0.9976206,0,1.0002509,0.44256711454394293,1
881,1.0073384,0,0.99937344,0.6399817630809665,1
883,1.0082445,0,1.0005463,0.3761096360661893,1
891,1.0001217,0,0.9997025,0.5659479175047604,1
892,1.0071875,0,0.9993462,0.6461099042561751,1
901,1.002589,0,0.9998723,0.5277442540295545,1
906,1.0039002,0,1.0000281,0.4926918228873334,1
911,0.9988184,0,1.0005385,0.3778796899723764,1
912,0.99738437,0,0.99969894,0.5667524874621181,1
916,1.00077,0,0.9990779,0.7064660605572988,1
918,1.0035205,0,0.99979484,0.54517660310564,1
920,0.9978948,0,0.9992163,0.6753292032075522,1
925,1.003039,0,0.9996458,0.5787003513288813,1
931,1.0069375,0,1.0001647,0.4619572505162657,1
943,0.9959628,0,0.999148,0.690696489393086,1
960,0.99432904,0,1.0000417,0.4896344570493738,1
966,0.9967943,0,0.9993789,0.6387480891463513,1
968,0.9951692,0,0.99956685,0.5964679378871993,1
971,0.9936771,0,1.0008451,0.3089012256282351,1
977,1.0056379,0,0.9994879,0.6142355244455172,1
979,1.0021777,0,0.9994852,0.6148389519135355,1
985,0.9957547,0,0.9995518,0.5998605412073913,1
987,0.9965981,0,1.0000525,0.48722074717730035,1
990,1.0000027,0,1.0000132,0.4960441977096576,1
995,1.0061904,0,1.0003141,0.42835304529728857,1
996,1.0002244,0,1.0002844,0.43503097594335827,1
998,1.0027266,0,1.0003761,0.41440716603642025,1
1007,1.0024908,0,0.99958783,0.5917477941373669,1
1009,1.0050685,0,0.9993876,0.636790302250114,1
1012,1.0061073,0,0.999817,0.5401882693700217,1
1015,1.0060617,0,0.99952894,0.6049963794351919,1
1041,1.0015699,0,1.0001051,0.47536674980556226,1
1046,0.99924344,0,1.0006214,0.35921366696167567,1
1050,0.9997228,0,0.9996611,0.5752675195108214,1
1052,1.0023358,0,1.0002699,0.4383028937699466,1
1053,0.99927163,0,0.9989867,0.7269825944699224,1
1057,1.0054312,0,0.99942124,0.6292273446509508,1
1061,1.0030591,0,1.0002873,0.43438731997747204,1
1071,1.0035465,0,1.0004487,0.39807439590205707,1
1073,1.0018218,0,1.0003834,0.412771207123126,1
1074,1.0029881,0,0.9997928,0.545632526081476,1
1075,0.9965769,0,0.9984802,0.8409365194303644,1
1079,0.9990751,0,0.9991199,0.697025773057634,1
1086,0.99426544,0,1.0006475,0.35334030627296376,1
1087,1.0039217,0,0.9996853,0.5698232627993671,1
1093,1.0035212,0,0.9993638,0.6421541019658326,1
1096,0.99683446,0,0.9991078,0.6997479014133612,1
1098,0.9808402,0,0.99969125,0.5684823128704375,1
1114,0.9981079,0,1.0005414,0.3772092150079116,1
1116,0.99979943,0,0.99951905,0.6072223563172151,1
1121,1.000358,0,1.000593,0.36562340762195944,1
1132,1.0027736,0,0.99922824,0.6726473033496929,1
1133,1.0088485,0,0.9997373,0.5581167699198112,1
1135,1.004737,0,0.99968356,0.5702121382787566,1
1140,1.0048327,0,0.9989667,0.7314881862311261,1
1141,1.0074444,0,1.0003905,0.4111620672084104,1
1142,0.99184257,0,1.0004883,0.38917048837396406,1
1149,0.9976309,0,1.0000938,0.47791455467052857,1
1157,1.0010891,0,1.0006124,0.3612519108536487,1
1158,1.0075747,0,0.9997889,0.5465175530345696,1
1162,0.9968276,0,0.99996275,0.5074020436076917,1
1168,1.006238,0,0.9997515,0.5549253090889585,1
1170,1.0044196,0,0.9999219,0.5165875506208598,1
1173,0.99825686,0,0.99981093,0.54155603829753,1
1181,1.0015081,0,0.99986184,0.5301043259044707,1
1186,0.9995771,0,0.99936277,0.6423820634537507,1
1189,1.0018624,0,0.9999646,0.5069863491297235,1
1193,0.9983233,0,0.9998293,0.5374259125164267,1
1194,0.9977113,0,1.0002364,0.44583903237053124,1
1197,1.0026175,0,0.9996476,0.5782980663502024,1
1199,0.99915797,0,1.0001085,0.47461581784536166,1
1210,0.9990206,0,0.9998319,0.5368358945476976,1
1215,0.9952549,0,1.0005935,0.3654893126290665,1
1221,1.0021955,0,1.000703,0.34086947193391803,1
1223,0.99952173,0,1.000183,0.457853943733741,1
1225,0.99955225,0,1.000374,0.4148899080108349,1
1226,1.002611,0,0.9995043,0.6105345026416713,1
1231,1.0002695,0,1.0006727,0.3476814975728806,1
1235,0.9991209,0,1.000926,0.2906911255933703,1
1237,1.0063854,0,0.9998325,0.5367017995548047,1
1240,1.0013305,0,0.99975336,0.5545096146109905,1
1242,1.002531,0,1.0003023,0.43100812615656936,1
1243,1.0059338,0,0.99876755,0.7762893233566659,1
1248,0.9993688,0,0.99995625,0.508863679030225,1
1250,1.0035701,0,1.0000455,0.48877624909485884,1
1254,1.0022275,0,0.99970293,0.5658540510097353,1
1255,0.9986464,0,0.9991407,0.6923458578056696,1
1258,1.0034542,0,0.99955946,0.5981307157990721,1
1261,1.0002129,0,1.0007154,0.3380802960817443,1
1280,1.0033885,0,0.999313,0.6535789953603133,1
1283,0.997858,0,0.9998882,0.5241773272186017,1
1286,0.9937786,0,1.0002123,0.4512564700834071,1
1287,0.9961252,0,0.9995007,0.6113524820983185,1
1295,1.0006654,0,0.9988723,0.7527288331053719,1
1296,1.0018855,0,0.9996307,0.5821063641483627,1
1301,1.0088204,0,0.9997911,0.5460214015608658,1
1304,0.9960772,0,1.0002716,0.4379274277898463,1
1308,1.0019405,0,0.9998072,0.5424008367527556,1
1317,1.0029323,0,1.0002089,0.45203422104218627,1
1322,0.9984135,0,0.9994926,0.6131761740016628,1
1325,1.0022513,0,0.9998823,0.525504867648242,1
1333,1.0008156,0,0.99982804,0.5377075120015018,1
1341,1.0027305,0,1.0000514,0.4874621181645077,1
1344,1.0039245,0,0.9995905,0.5911443666693486,1
1347,1.0028406,0,1.0001206,0.4718802799903452,1
1349,1.0011598,0,0.99948764,0.6142891624426744,1
1353,0.9986953,0,1.0000399,0.4900367420280527,1
1357,1.0045564,0,1.0010045,0.27304422452865607,1
1365,1.0047206,0,0.9995166,0.6077721457880763,1
1366,1.0047069,0,1.0008155,0.31555233727572607,1
1370,0.99817604,0,0.99994355,0.5117199023788452,1
1375,0.99866694,0,1.0000234,0.4937645828304771,1
1386,0.99805653,0,0.9996183,0.5848955400005365,1
1388,1.0015285,0,0.9996351,0.5811140612009548,1
1390,0.99383473,0,0.99958813,0.5916807466409204,1
1400,1.0014881,0,0.9991143,0.6982862659908279,1
1402,1.0026823,0,0.99871767,0.7875130742618071,1
1404,1.0001938,0,0.99915767,0.68852415050822,1
1410,0.9969638,0,0.99999833,0.49939657253198166,1
1423,1.0135704,0,0.99964833,0.5781371523587309,1
1425,0.99859023,0,0.9998025,0.54346018719661,1
1433,0.9870774,0,0.9997654,0.5518008957545526,1
1439,1.0005443,0,0.99998224,0.5030171373400918,1
1465,1.0024266,0,0.9998505,0.5326521307694371,1
1472,1.0058353,0,1.0001779,0.4590071606726205,1
1478,0.9981928,0,0.99921596,0.675409660203288,1
1484,1.0051594,0,0.9991204,0.6969050875640304,1
1489,1.0052842,0,1.0002463,0.44361305548850805,1
1496,1.0042502,0,0.9996394,0.5801485772521254,1
1497,1.0002024,0,1.0001029,0.4758763107785555,1
1498,1.0019963,0,0.9997556,0.5540000536379972,1
1500,1.0024037,0,1.0007397,0.33260922037171137,1
1503,0.9997205,0,1.0009207,0.2918979805294071,1
1504,1.0031316,0,0.9995295,0.6048756939415882,1
1510,1.0004456,0,1.0003713,0.41547992597956396,1
1514,0.99587405,0,0.99994546,0.5112907984015878,1
1521,1.0056047,0,0.99984324,0.5342880896827312,1
1526,1.0023241,0,1.0003824,0.4129857591117547,1
1531,1.0000447,0,1.0005656,0.37176495829645717,1
1534,1.0028999,0,0.99962795,0.5827232011156703,1
1542,1.0040462,0,0.99983895,0.5352535736315607,1
1547,1.0021495,0,0.9997672,0.5513986107758737,1
1554,1.0048195,0,0.9998081,0.5421996942634162,1
1556,0.99765587,0,0.99988407,0.5251025826695631,1
1557,1.0076118,0,1.0003179,0.4274948373427736,1
1558,0.9955112,0,1.0007026,0.3409499289296538,1
1559,1.0036603,0,0.9997987,0.5443049856518358,1
1562,1.0034411,0,1.0004297,0.4023386166760533,1
1565,1.0059175,0,0.99994683,0.5109823799179338,1
1566,1.0002134,0,0.999735,0.5586397403920937,1
1567,0.99482274,0,0.99942553,0.6282618607021213,1
1571,0.99820876,0,0.9999738,0.5049212862391719,1
1579,1.0184789,0,1.0012418,0.2196475983586773,1
1580,1.0024403,0,1.000148,0.4657119103172688,1
1585,1.0001953,0,0.9990728,0.7076192774961783,1
1588,1.0037514,0,0.99978405,0.5476037224770027,1
1593,0.9994364,0,1.0006692,0.3484592485316599,1
1604,1.0022194,0,0.9989841,0.7275726124386516,1
1609,1.0000402,0,0.9995177,0.6075307748008689,1
1614,1.004551,0,0.9994974,0.6120900045592297,1
1621,1.0015868,0,0.9995607,0.5978491163139968,1
1627,1.0023544,0,1.0000075,0.49733150964143,1
1628,1.0065964,0,0.99991167,0.5188939844986189,1
1629,0.99724716,0,0.9991976,0.6795397859843914,1
1640,0.99962926,0,1.0006312,0.35701450907823107,1
1644,0.9991323,0,0.99982995,0.5372784080242443,1
1654,1.0016433,0,0.99982226,0.5390082334325637,1
1655,1.005503,0,0.9997911,0.5460214015608658,1
1656,1.0048543,0,0.9997245,0.5609998122670099,1
1657,1.0031593,0,0.9999801,0.5034998793145065,1
1658,1.0074797,0,0.9998322,0.536768847051251,1
1661,0.9846464,0,0.9996675,0.5738192935875774,1
1665,0.9997953,0,0.99959284,0.590621396197066,1
1671,1.0095612,0,0.9997572,0.5536514066564755,1
1675,1.000544,0,0.999959,0.5082468420629174,1
1681,1.0070895,0,0.9999376,0.5130608523077749,1
1682,0.9997473,0,0.9993272,0.6503875345294607,1
1685,1.0053464,0,1.0007285,0.3351302062380991,1
1693,1.0011754,0,0.99978334,0.5477646364684743,1
1694,1.003035,0,0.99968415,0.5700780432858636,1
1698,1.0020856,0,1.0008571,0.3061925067717971,1
1700,0.9999952,0,0.9996486,0.5780835143615737,1
1702,0.999446,0,0.9992125,0.6761874111620672,1
1705,1.0018029,0,1.000112,0.4738112478880039,1
1709,1.0078875,0,1.0002922,0.43328774103574974,1
1711,1.0001196,0,1.000046,0.48866897310054447,1
1712,1.0007653,0,1.0004597,0.3956070480328264,1
1720,0.99764746,0,1.0002756,0.4370155818381741,1
1727,0.99982834,0,1.0002394,0.4451685574060664,1
1728,0.99680233,0,0.9997992,0.5441977096575215,1
1737,1.0053816,0,1.0003918,0.4108670582240459,1
1740,1.0009106,0,0.9996177,0.5850296349934294,1
1743,1.0041498,0,1.0002426,0.4444444444444444,1
1749,1.0013887,0,1.0006199,0.3595623139431974,1
1750,1.0031921,0,1.0005264,0.3805884088288143,1
1751,0.99968106,0,0.99896127,0.7327084506664521,1
1752,1.0009818,0,0.9995561,0.5988816477592727,1
1754,0.9999509,0,1.0001158,0.4729798589320675,1
1759,0.994797,0,0.9997165,0.5627966851717756,1
1775,1.0044413,0,0.9998225,0.5389545954354065,1
1778,1.0020658,0,0.99900174,0.7236034006490197,1
1801,0.99007845,0,0.9999336,0.5139592887601576,1
1811,1.0028892,0,1.0002162,0.4503714431303135,1
1813,1.0042961,0,0.9998263,0.5380963874808915,1
1816,0.9984374,0,0.99932826,0.6501461635422534,1
1817,0.99716604,0,0.99957806,0.5939469520208116,1
1819,0.99697554,0,0.9997697,0.5508354118057232,1
1824,1.0013356,0,1.0005122,0.38377986965966693,1
1825,0.99994487,0,0.9994748,0.6171722047898731,1
1827,0.9993829,0,0.99952316,0.6062971008662537,1
1830,1.0017,0,0.9991417,0.6921178963177514,1
1831,0.99483466,0,1.000926,0.2906911255933703,1
1832,1.003871,0,0.9998491,0.5329739587523802,1
1834,0.9983969,0,1.0007461,0.33116099444846725,1
1835,1.0033112,0,1.0006973,0.3421567838656905,1
1837,1.0010697,0,0.9998865,0.524552793198702,1
1844,0.9986248,0,1.0002241,0.4486013892241264,1
1850,1.0029968,0,1.0002415,0.44468581543165175,1
1854,1.0020947,0,1.0004976,0.38707860648483383,1
1857,0.99612933,0,0.9998659,0.5291924799527985,1
1876,1.0034558,0,0.99941254,0.631185131547188,1
1881,1.0073599,0,1.0004219,0.4041086705822404,1
1885,0.9977905,0,1.000124,0.4711293480301445,1
1895,1.0046163,0,1.0005044,0.38554992356585405,1
1900,1.0049275,0,0.99973255,0.5591895298629549,1
1904,0.99638987,0,0.9994958,0.6124520610400408,1
1912,0.99637693,0,0.99926555,0.6642529567945933,1
1916,1.0004486,0,0.9996369,0.5807117762222759,1
1931,1.0080662,0,0.99951243,0.608710810738327,1
1937,0.99468493,0,1.0001557,0.46399549440823884,1
1939,1.0073719,0,0.99928254,0.6604312494971438,1
1962,1.0069684,0,1.0001543,0.46431732239118195,1
1976,1.005173,0,1.000009,0.4970096816584869,1
1979,0.996928,0,1.0000408,0.48984900903800255,1
1995,1.0060916,0,1.0002595,0.44063614664628425,1
1999,1.0078621,0,1.0000794,0.4811596534985384,1
2000,1.0003424,0,0.99973774,0.5580229034247861,1
2007,1.0029263,0,1.0000072,0.4974119666371658,1
2009,1.0020825,0,1.0002373,0.4456244803819025,1
2012,1.0018276,0,0.9996872,0.5693941588221096,1
2022,1.0026861,0,1.0005121,0.3838066886582455,1
2023,0.99795985,0,1.0002989,0.43178587711534855,1
2030,1.0043392,0,0.9997132,0.5635476171319763,1
2032,0.98400766,0,0.99951094,0.6090460482205595,1
2038,1.0099428,0,1.0004257,0.40325046262772546,1
2042,0.999795,0,0.9997785,0.5488508059109073,1
2047,0.99273086,0,1.000351,0.4200659747365033,1
2061,1.0000746,0,1.0002347,0.44621449835063154,1
2068,1.0009401,0,1.0014458,0.1737602917907045,1
2070,1.006325,0,0.9989886,0.7265534904926649,1
2078,1.0006036,0,0.9989476,0.735779226003701,1
2081,0.99655455,0,1.0003481,0.42070963070238954,1
2096,1.0021043,0,1.0001385,0.4678574302035562,1
2097,0.9983554,0,0.9998925,0.5232118432697723,1
2098,0.9969871,0,1.0006932,0.34306862981736264,1
2099,1.0020783,0,1.0000591,0.48571888325689916,1
2100,0.99995816,0,0.9996462,0.5786198943331455,1
2103,0.9978687,0,1.0004426,0.3994421648295653,1
2104,1.0057657,0,1.0004131,0.4060932764770564,1
2112,0.9946828,0,0.9992739,0.6623756268940918,1
2115,1.0014732,0,0.9998331,0.5365677045619117,1
2119,1.0000532,0,0.99998534,0.5023198433770484,1
2121,0.9957187,0,0.99960434,0.5880333628342318,1
2122,0.9830244,0,1.0000191,0.4947300667793064,1
2124,1.0062011,0,0.99877936,0.7736342424973852,1
2137,1.0003797,0,0.999418,0.6299514576125728,1
2139,1.006135,0,0.9990502,0.7127014777268217,1
2142,0.99982995,0,0.9989641,0.7320782041998553,1
2156,1.0014734,0,1.000223,0.44884276021133374,1
2165,1.0033187,0,1.0004344,0.4012926757314882,1
2174,0.99883634,0,0.99928474,0.6599350980234397,1
2177,1.0047252,0,1.0000097,0.49684876766701536,1
2183,1.001143,0,1.0004412,0.3997639928125084,1
2186,1.0043842,0,0.99998814,0.5016895969104513,1
2192,1.0027661,0,1.0001701,0.460750395580229,1
2198,1.0037438,0,0.9995631,0.597312736342425,1
2207,1.0009484,0,0.9997027,0.5659076890068925,1
2215,1.0005779,0,0.9991354,0.6935393032424169,1
2221,1.001933,0,0.99991894,0.5172580255853246,1
2222,1.0040885,0,0.9989403,0.7374285944162845,1
2230,0.9883473,0,0.99953485,0.6036688390055516,1
2231,1.0001254,0,1.0002563,0.44136025960790626,1
2241,1.0005969,0,0.9994441,0.6240780969238608,1
2246,1.0033424,0,0.9993776,0.6390430981307158,1
2255,0.9994092,0,0.9994949,0.6126532035293801,1
2269,0.99736774,0,1.0000213,0.49422050580631316,1
2272,1.0020956,0,0.9995135,0.6084694397511197,1
2273,0.9992215,0,1.0005428,0.3769142060235471,1
2279,1.0054051,0,1.0001726,0.46018719661007856,1
2284,1.0061153,0,1.0000198,0.49456915278783486,1
2286,0.9804633,0,0.99942756,0.6278059377262852,1
2295,1.0031402,0,0.9996786,0.5713251267197683,1
2299,1.0082139,0,1.0002613,0.44023386166760536,1
2301,1.0008284,0,0.99954754,0.6008126156569313,1
2302,1.0063213,0,1.0004686,0.39359562313943197,1
2303,1.002518,0,1.0002276,0.4478236382653472,1
2312,1.0046173,0,1.000738,0.33298468635181167,1
2313,1.0080895,0,1.0008917,0.2984149971840051,1
2324,1.0046726,0,0.99894506,0.7363558344731408,1
2326,0.99553615,0,1.0003284,0.42513476546785745,1
2327,1.0019604,0,0.99972916,0.5599538713224448,1
2332,0.99892557,0,1.0002538,0.4419234585780567,1
2335,1.001332,0,1.0000868,0.47949687558666554,1
2342,1.0062635,0,1.000194,0.45538659586451047,1
2345,0.99769056,0,0.9996405,0.5798937967656288,1
2346,0.99379206,0,0.9991188,0.6972671440448414,1
2348,1.0067277,0,0.9994515,0.6224153190119881,1
2350,1.0032498,0,0.99986464,0.5294740794378738,1
2353,1.0012753,0,0.9995904,0.5911711856679271,1
2358,1.0000741,0,1.0003622,0.4175449888701156,1
2359,0.9987749,0,0.99987257,0.5276906160323973,1
2367,0.9949068,0,1.0002658,0.43921473972161884,1
2379,1.0069727,0,0.9992653,0.6643065947917505,1
2381,1.0045387,0,0.99916935,0.6858958886475179,1
2387,1.0018084,0,1.0001436,0.4667042132646767,1
2389,0.99809283,0,0.99973977,0.55756698044895,1
2390,1.0039687,0,0.9997902,0.5462225440502051,1
2392,1.005811,0,0.9997663,0.551599753265213,1
2396,0.99965954,0,0.9989362,0.738353849867246,1
2406,0.9976121,0,0.99939525,0.6350738863410841,1
2411,1.0058004,0,0.99992186,0.5166009601201491,1
2414,0.9990166,0,0.99926674,0.6639847668088074,1
2418,1.0039902,0,0.99935645,0.6438034703784161,1
2432,1.0006481,0,0.9990828,0.7053664816155765,1
2434,0.9966641,0,0.99885356,0.7569394158822109,1
2441,0.99905133,0,1.0007124,0.3387507710462091,1
2443,0.9850289,0,0.9997721,0.5502990318341513,1
2450,0.99890065,0,0.9991044,0.7005122428728512,1
2467,1.002818,0,0.9996703,0.5731890471209805,1
2470,1.0026256,0,1.0001303,0.4697079411054791,1
2480,0.99913794,0,1.0005207,0.38187572076058685,1
2483,0.99700993,0,1.0001179,0.47249711695765284,1
2490,0.9965474,0,0.9996666,0.5740338455762062,1
2491,1.0013463,0,1.0000359,0.49094858797972485,1
2493,0.99424434,0,0.9998374,0.5356022206130824,1
2500,1.0020232,0,1.0006665,0.3490760854989675,1
2503,0.9986795,0,0.999384,0.6376082817067611,1
2505,1.0031625,0,1.0004072,0.40740740740740744,1
2511,1.0054501,0,1.0005678,0.3712822163220425,1
2512,1.001267,0,1.0006666,0.3490492665003889,1
2513,1.0041319,0,0.9998344,0.5362726955775472,1
2514,0.99942297,0,1.0012414,0.2197280553544131,1
2519,1.0009408,0,1.0008798,0.3010968970418645,1
2521,0.9975553,0,1.0001584,0.4633786574409312,1
2523,1.0001658,0,0.9993649,0.641899321479336,1
2524,1.0034003,0,0.99961615,0.5853782819749511,1
2528,1.0010465,0,0.9999889,0.5015152734196905,1
2536,1.0068799,0,1.0003431,0.42183602864269043,1
2545,1.0036483,0,0.9998918,0.5233593477619546,1
2555,0.9994324,0,0.9993815,0.6381714806769115,1
2563,1.0006832,0,0.9993521,0.6447823638265346,1
2564,0.9995504,0,1.0003071,0.42993536621342554,1
2566,0.99940956,0,0.9991151,0.6980985330007777,1
2568,1.0046577,0,0.9995425,0.6019524230965216,1
2576,1.0029948,0,0.99994904,0.51048622844423,1
2577,0.99988294,0,0.999787,0.5469466570118271,1
2579,1.0015514,0,0.999687,0.5694343873199774,1
2582,1.0000535,0,0.9988649,0.7543916110172446,1
2583,1.0019388,0,1.000495,0.38766862445356287,1
2591,0.9988405,0,1.0002015,0.453696998954059,1
2597,1.0058205,0,0.99950063,0.6113658915976077,1
2599,0.99674916,0,0.9992672,0.663877490814493,1
2604,1.0009928,0,0.9996586,0.5758307184809719,1
2620,0.9974263,0,0.99950063,0.6113658915976077,1
2624,0.98623675,0,0.99945396,0.621865529541127,1
2629,0.9977877,0,1.0000055,0.4977874326172661,1
2630,1.0026741,0,1.0004365,0.4008099337570735,1
2631,1.0043305,0,0.9994192,0.6296832676267868,1
2632,0.9979702,0,1.0006008,0.3638533537157722,1
2635,1.0058521,0,0.99968296,0.5703462332716496,1
2640,0.99872035,0,0.9988111,0.7664869793761901,1
2643,1.0024477,0,0.99940586,0.6326869954675892,1
2646,1.0016834,0,1.0000489,0.48802531713465824,1
2654,1.0026168,0,1.000145,0.4664092042803122,1
2657,0.99063426,0,1.0001514,0.4649609783570682,1
2660,1.0032426,0,0.99929786,0.6569850081797945,1
2674,0.9991733,0,1.000178,0.4589803416740419,1
2675,1.0066733,0,1.0001956,0.45501112988441017,1
2677,1.0121627,0,0.99951535,0.6080537452731515,1
2679,0.99542284,0,0.99979794,0.5444793091425966,1
2682,1.0028068,0,1.0000297,0.49234317590581167,1
2688,1.00117,0,1.0005774,0.3691098774371765,1
2689,0.9850544,0,0.9998008,0.5438356531767103,1
2690,1.00293,0,0.9997122,0.5637621691206051,1
2691,0.99458164,0,0.9995543,0.5992973422372408,1
2692,0.9989054,0,0.9991039,0.7006195188671656,1
2695,0.995452,0,1.0000696,0.483358811381983,1
2698,0.99945605,0,0.99962485,0.5834204950787137,1
2702,1.0015595,0,0.9988028,0.7683643092766916,1
2709,0.9953215,0,1.0002655,0.4392951967173546,1
2717,1.0025743,0,0.9999758,0.5044653632633358,1
2725,0.99786574,0,1.0002996,0.431624963123877,1
2728,1.0002519,0,0.99971527,0.563078284656851,1
2742,0.9919369,0,1.0001061,0.4751521978169335,1
2743,1.0016493,0,0.99912477,0.6959261941159117,1
2745,1.0040857,0,0.9997694,0.5509024593021696,1
2758,0.99840343,0,1.0004495,0.3978866629120069,1
2773,1.0046952,0,1.001122,0.24660069193016332,1
2775,1.0070782,0,0.99976444,0.5520154477431813,1
2777,0.9999997,0,0.9998591,0.5307211628717783,1
2778,1.0034333,0,1.0000584,0.4858797972483707,1
2783,0.9985209,0,0.999891,0.5235470807520047,1
2784,0.99727285,0,0.99869215,0.793252339957626,1
2785,0.998528,0,1.0003908,0.41110842921125323,1
2809,1.0020818,0,1.0002315,0.44693861131225365,1
2813,1.0112493,0,0.99987185,0.5278515300238689,1
2824,1.0007558,0,1.0005691,0.370987207337678,1
2834,0.995563,0,0.99831754,0.8775310429908547,1
2837,1.004996,0,0.99991024,0.519215812481562,1
2838,1.0093704,0,0.9997292,0.5599404618231556,1
2839,0.998898,0,0.9990498,0.7127953442218468,1
2840,1.0077715,0,0.99971133,0.5639633116099445,1
2842,0.9978855,0,1.0006194,0.35966958993751175,1
2849,0.99977887,0,1.0006309,0.35709496607396685,1
2859,1.0007924,0,1.0002389,0.4452758334003808,1
2861,1.0014656,0,0.9991175,0.6975621530292059,1
2867,1.0072343,0,1.0004253,0.40333091962346124,1
2872,1.0085737,0,0.999755,0.5541341486308902,1
2877,1.0008004,0,1.0002594,0.44066296564486285,1
2882,0.99795496,0,1.0001189,0.4722825649690241,1
2891,0.99999845,0,0.9995866,0.5920293936224421,1
2893,1.0012962,0,0.9995175,0.6075710032987368,1
2906,1.0036588,0,0.9996336,0.5814492986831872,1
2912,1.0004803,0,0.9998604,0.5304261538874138,1
2920,1.0008057,0,0.9997493,0.5554214605626626,1
2921,1.0013679,0,0.9998966,0.5222865878188108,1
2925,1.0012558,0,0.9993253,0.6508166385067182,1
2935,0.99878985,0,0.99976844,0.5511170112907984,1
2944,0.9994609,0,1.000592,0.3658379596105882,1
2945,0.9983576,0,1.0004742,0.3923351302062381,1
2946,0.99853,0,1.0003082,0.4296939952262182,1
2950,1.0035692,0,0.99987525,0.5270871885643791,1
2951,0.9843993,0,1.0005368,0.3782551559524767,1
2959,1.001001,0,0.99948794,0.6142221149462279,1
2960,0.9992845,0,1.0001128,0.4736503338965323,1
2963,1.0022105,0,0.99989194,0.523332528763376,1
2969,1.0020353,0,1.0003995,0.40915064231501597,1
2970,0.999108,0,1.0000236,0.4937109448333199,1
2972,0.99732774,0,0.99988425,0.5250623541716952,1
2974,0.9978175,0,0.9996183,0.5848955400005365,1
2977,1.0049706,0,0.9994851,0.6148657709121141,1
2981,1.0059272,0,0.99887496,0.7521254056373535,1
2992,0.9984796,0,0.99945474,0.6216912060503661,1
3006,1.0061016,0,0.999948,0.5107141899321479,1
3007,1.0026597,0,0.9999577,0.5085418510472819,1
3009,0.9807872,0,0.9992486,0.6680612545927536,1
3010,1.0042083,0,1.0001199,0.47204119398181676,1
3019,1.0039195,0,1.000052,0.4873280231716147,1
3027,0.9947631,0,1.00057,0.37077265534904924,1
3036,0.9991035,0,0.9998301,0.5372381795263765,1
3039,0.9986998,0,0.9998653,0.5293265749456915,1
3040,1.0046308,0,1.0007893,0.3214525169630166,1
3041,0.9972134,0,0.9992838,0.6601496500120685,1
3042,1.0032587,0,0.9995261,0.6056400354010781,1
3044,0.9975509,0,1.000299,0.43175905811676996,1
3047,1.0015837,0,0.9997835,0.5477244079706064,1
3048,1.0029409,0,1.0001414,0.46721377423766997,1
3051,1.0022727,0,1.0003947,0.4102234022581597,1
3052,0.999058,0,1.0000294,0.49239681390296886,1
3055,1.0014672,0,1.0001516,0.464907340359911,1
3057,1.004163,0,0.99991006,0.5192560409794298,1
3063,0.9980111,0,0.9996451,0.5788612653203529,1
3076,0.9986862,0,1.0000898,0.4788264006222007,1
3078,0.9996621,0,1.0002192,0.4497009681658487,1
3104,1.006586,0,1.000054,0.48687210019577865,1
3106,1.0038084,0,0.99935615,0.6438705178748625,1
3110,1.0004132,0,1.0003216,0.42666344838683723,1
3114,1.0021547,0,0.9998731,0.5275699305387938,1
3125,1.0066627,0,0.99936026,0.6429452624239012,1
3126,0.9998637,0,0.9998765,0.5268055890793037,1
3131,1.0019971,0,0.99934185,0.6470887977042937,1
3132,0.9962745,0,1.0000243,0.49355003084184834,1
3134,1.000092,0,0.999223,0.673827339287151,1
3139,1.0007105,0,1.0003797,0.41360259607906236,1
3140,0.99919283,0,1.0000677,0.4837879153592405,1
3144,1.0036755,0,1.000294,0.43288545605707085,1
3145,1.0018842,0,0.9997245,0.5609998122670099,1
3157,1.001318,0,0.9999329,0.5141202027516292,1
3163,1.0003865,0,0.999967,0.5064499691581517,1
3191,1.0001662,0,0.9994757,0.6169710623005338,1
3194,1.0031447,0,0.9996239,0.5836350470673425,1
3202,0.99901307,0,0.99980414,0.5430847212165097,1
3203,1.004686,0,0.99979943,0.5441440716603643,1
3204,1.0019535,0,0.999931,0.5145493067288868,1
3205,0.99399424,0,1.0004908,0.3886072894038136,1
3206,1.0021853,0,0.9999764,0.5043312682704428,1
3212,1.0016761,0,0.9994788,0.6162737683374903,1
3216,0.9995794,0,0.99934363,0.6466865127256148,1
3219,0.9935224,0,1.0001296,0.46986885509695064,1
3225,0.99568033,0,0.99959266,0.5906616246949339,1
3229,0.99557096,0,1.0005592,0.3732131842197013,1
3231,0.9988146,0,0.9996128,0.5861292139351517,1
3237,0.999524,0,1.0001419,0.4671064982433556,1
3248,1.0008547,0,0.99956346,0.5972322793466892,1
3249,1.0034451,0,1.0002275,0.4478504572639258,1
3255,1.0024797,0,0.9998869,0.5244723362029662,1
3257,1.0002235,0,0.99930894,0.6544908413119854,1
3265,1.0011216,0,0.9999355,0.5135301847829001,1
3269,1.0018638,0,1.0001134,0.47351623890363936,1
3274,0.998158,0,0.99989,0.5237616327406335,1
3276,0.99344915,0,0.9997531,0.5545632526081476,1
3279,1.004154,0,1.00062,0.3595354949446188,1
3287,1.0029331,0,0.999341,0.6472765306943439,1
3296,0.995532,0,0.9996931,0.5680666183924692,1
3298,1.0001861,0,0.9998815,0.5256791911390029,1
3301,1.0050734,0,0.99911535,0.6980448950036205,1
3307,1.0049058,0,0.9998239,0.5386327674524634,1
3316,1.0013199,0,0.9994315,0.6269209107731917,1
3329,1.000205,0,1.0002661,0.43916110172446166,1
3330,1.0020177,0,1.0001009,0.4763322337543916,1
3332,1.0037724,0,1.0003355,0.4235524445517205,1
3337,0.99712276,0,0.999571,0.5955292729369486,1
3338,0.9982149,0,1.0000224,0.4939791348191058,1
3339,1.0054084,0,1.0001166,0.47279212594201736,1
3343,0.99720687,0,1.000357,0.4186982058089951,1
3344,1.0061694,0,1.0003809,0.41333440609327643,1
3353,1.0025783,0,0.9997208,0.5618312012229463,1
3355,1.0034207,0,1.0001087,0.4745621798482045,1
3358,0.99814194,0,0.9992281,0.6726741223482715,1
3361,1.0034391,0,1.0000384,0.4903853890095744,1
3366,1.0050343,0,0.9990616,0.710140263362566,1
3371,1.0045047,0,0.99801534,0.9455172043875881,1
3373,0.99641454,0,0.99970585,0.5651969855445598,1
3395,0.9937959,0,0.99991554,0.5180223670448145,1
3396,0.99951893,0,0.9994708,0.6180840507415453,1
3402,1.004051,0,1.0001937,0.45544023386166765,1
3404,1.0012996,0,0.99915874,0.6882827795210127,1
3407,1.0011678,0,0.99977726,0.5491324053959825,1
3417,0.9939806,0,0.9988213,0.7641939549977204,1
3421,1.0006831,0,0.9999504,0.510177809960576,1
3423,1.0000345,0,1.0003257,0.4257516024351651,1
3425,1.0018176,0,1.0004985,0.3868640544962051,1
3427,1.0004658,0,0.99969864,0.5668195349585646,1
3433,0.9999572,0,0.9998437,0.5341808136884169,1
3443,0.9979224,0,1.0004003,0.4089629093249658,1
3450,1.000441,0,0.9983376,0.8730120417303617,1
3457,1.0003679,0,0.9988478,0.7582401373132728,1
3479,0.9993211,0,0.9991727,0.6851449566873173,1
3480,0.99597996,0,0.99970055,0.5663904309813071,1
3483,0.9980176,0,1.0002681,0.4387051787486256,1
3485,1.0052787,0,0.99896187,0.7325743556735591,1
3491,0.9967134,0,0.998495,0.8376109636066189,1
3492,1.0022901,0,0.9991441,0.6915815163461796,1
3495,1.004795,0,0.99943084,0.627068415265374,1
3498,1.0044019,0,0.99935925,0.6431732239118191,1
3502,1.0014375,0,0.9992423,0.669482661517419,1
3506,0.9995826,0,0.99982744,0.5378416069943948,1
3516,1.004662,0,0.9998499,0.53278622576233,1
3517,1.0007766,0,0.9995804,0.5934239815485289,1
3518,1.0018748,0,0.9995661,0.5966422613779602,1
3536,0.999306,0,0.99956226,0.5975004693324751,1
3538,1.0031724,0,1.0002898,0.4338241210073216,1
3542,1.0049675,0,0.99999046,0.5011666264381688,1
3543,1.0024339,0,0.99932635,0.6505752675195109,1
3549,0.99756205,0,0.99936193,0.6425697964438009,1
3557,1.0010003,0,1.0001329,0.46911792313675005,1
3563,1.0058093,0,1.0007334,0.3340306272963768,1
3568,0.9898013,0,0.9999488,0.5105398664413872,1
3572,0.99706477,0,0.9994621,0.6200284281384933,1
3580,1.0037915,0,1.0004827,0.39043098130715803,1
3582,1.0028043,0,1.0003703,0.4157212969667713,1
3585,1.0024884,0,1.0006379,0.35551264515782977,1
3586,0.9976169,0,0.99996513,0.5068656636361198,1
3592,1.0048788,0,0.99996436,0.5070399871268807,1
3593,1.0016062,0,1.0002534,0.4420039155737925,1
3597,1.0065644,0,0.9999318,0.5143615737388366,1
3601,1.0073521,0,0.9992671,0.6639043098130716,1
3624,1.0045531,0,0.99990225,0.5210126853863277,1
3629,1.0025166,0,1.001871,0.07809692386086309,1
3634,1.0020068,0,0.9998439,0.534140585190549,1
3635,0.99618775,0,0.99977994,0.5485289779279642,1
3639,1.0003453,0,0.99923503,0.6711186204307131,1
3653,0.9983924,0,1.0001055,0.4752862928098265,1
3657,0.99791044,0,0.9994582,0.6209134550915869,1
3659,1.0012836,0,0.9998716,0.527905168021026,1
3664,1.0016183,0,0.9995173,0.6076112317966047,1
3667,1.0044756,0,0.9996617,0.5751334245179285,1
3668,1.0036204,0,1.0003145,0.4282725883015528,1
3669,0.997461,0,0.9997363,0.5583447314077292,1
3671,1.0001853,0,0.99931926,0.652170997934937,1
3674,0.99550164,0,0.99951077,0.6090862767184273,1
3680,1.0010146,0,0.99983597,0.5359240485960255,1
3681,0.9892994,0,0.99953467,0.6037090675034193,1
3683,0.9958279,0,1.0002518,0.4423793815538928,1
3684,1.0040555,0,0.9994309,0.6270550057660846,1
3686,1.0039915,0,1.0000606,0.48539705527395605,1
3689,1.002581,0,0.9999397,0.5125915198326494,1
3696,0.9992184,0,1.0004599,0.39555341003566924,1
3701,0.99630696,0,0.9997561,0.5538927776436828,1
3702,1.0019562,0,1.0000359,0.49094858797972485,1
3706,0.99987674,0,1.0000558,0.48646981521709975,1
3713,0.9964057,0,0.9999348,0.5136910987743717,1
3716,1.0038502,0,1.0001951,0.45511840587872454,1
3718,1.0033658,0,1.000048,0.4882130501247084,1
3721,1.001902,0,0.9998232,0.5387936814439349,1
3723,0.999305,0,1.0000681,0.4837074583635047,1
3729,1.0014373,0,1.0002077,0.4523024110279722,1
3731,1.0026561,0,1.0005937,0.3654624936304879,1
3734,1.0032815,0,1.0002846,0.4350041569447797,1
3738,1.0033879,0,0.9998448,0.5339394427012095,1
3743,0.99238896,0,0.999676,0.5719151446884974,1
3747,0.98893327,0,0.99934316,0.6467937887199292,1
3762,0.99912965,0,1.00046,0.39552659103709065,1
3769,1.0031472,0,0.9995761,0.5943894654973583,1
3770,1.0026702,0,1.0001929,0.4556279668517178,1
3775,0.99881756,0,0.9994643,0.6195456861640787,1
3779,1.0032777,0,0.9996294,0.5824013731327272,1
3783,0.99979174,0,0.9999216,0.5166545981173063,1
3817,0.9986169,0,1.0004928,0.38815136642797754,1
3837,0.99912095,0,0.99970675,0.5649958430552203,1
3838,1.0021998,0,1.0002699,0.4383028937699466,1
3841,1.0038882,0,0.9996438,0.5791562743047174,1
3843,1.0040518,0,0.9993236,0.6511921044868185,1
3844,0.99937564,0,0.99943453,0.6262370263094377,1
3846,0.9964033,0,0.99937654,0.6392844691179231,1
3848,0.99941504,0,0.9994172,0.6301391906026229,1
3862,0.9983216,0,0.99856603,0.8216268404537774,1
3873,1.0082624,0,0.9988316,0.7618741116206721,1
3876,1.0041358,0,1.000877,0.3017137340091721,1
3878,0.9988814,0,0.9999026,0.520932228390592,1
3882,1.0000478,0,0.9999106,0.5191353554858262,1
3886,0.99404126,0,0.99919426,0.680290717944592,1
3891,0.9940008,0,0.99947333,0.6175074422721056,1
3897,1.0016056,0,0.9992726,0.6626706358784563,1
3898,1.0027945,0,0.9997542,0.5543218816209403,1
3909,0.9972237,0,0.99927187,0.6628315498699279,1
3920,1.0012383,0,1.0006304,0.3572022420682812,1
3929,0.99755234,0,0.9992433,0.6692547000295008,1
3936,1.0010026,0,1.0005385,0.3778796899723764,1
3943,0.984066,0,0.9999882,0.501676187411162,1
3946,1.0022105,0,0.99947524,0.6170783382948481,1
3947,1.002722,0,0.9986787,0.796282886797007,1
3969,1.0076632,0,1.0006225,0.35897229597446834,1
3973,1.0019927,0,0.99961376,0.585914661946523,1
3974,0.997823,0,0.9996836,0.5701987287794674,1
3976,1.0024092,0,0.9993199,0.6520234934427549,1
3984,1.003072,0,1.0005231,0.381339340789015,1
3992,1.0074314,0,1.0003538,0.4194223187706171,1
3994,1.0027163,0,1.0002418,0.44463217743449457,1
4001,1.0009704,0,1.0003918,0.4108670582240459,1
4006,1.0021381,0,1.0001184,0.47238984096333847,1
4014,1.0003803,0,1.0003893,0.41143025719419635,1
4015,0.9972407,0,0.99939257,0.6356773138091023,1
4025,1.0018405,0,0.99971867,0.5623139431973609,1
4026,0.9985567,0,0.99953425,0.6038029339984445,1
4027,1.0065861,0,0.9996418,0.5796121972805535,1
4030,1.0015486,0,0.9999869,0.5019711963955266,1
4032,0.9982991,0,1.0003597,0.41810818784026604,1
4035,1.0020697,0,0.99980533,0.5428165312307238,1
4038,1.0090497,0,1.0008518,0.3073993617078339,1
4040,1.0043088,0,1.0005001,0.3865154075146834,1
4044,0.9925329,0,1.0001674,0.46136723254753664,1
4048,1.0005677,0,1.0000199,0.49454233378925627,1
4054,0.99913263,0,0.99973667,0.5582642744119934,1
4055,1.0006266,0,1.000039,0.49025129401668144,1
4059,0.9984432,0,0.99988997,0.5237750422399228,1
4065,1.004754,0,0.99979913,0.5442111191568106,1
4066,1.0008163,0,0.9994557,0.6214766540617374,1
4070,0.9985395,0,1.0003514,0.41995869874218894,1
4074,1.0021042,0,1.0009977,0.27457290744763585,1
4080,0.99479955,0,0.9996731,0.5725588006543836,1
4081,0.99921715,0,0.9994813,0.6157105693673398,1
4083,0.99836624,0,1.0003173,0.42762893233566657,1
4084,1.0029993,0,1.0004299,0.4023117976774747,1
4085,1.0005583,0,0.9995487,0.6005578351704348,1
4091,1.0019023,0,0.99925816,0.665915734706466,1
4094,1.0015877,0,1.0001451,0.4663823852817336,1
4096,1.0048712,0,0.99995077,0.5100973529648403,1
4097,0.99863595,0,0.9996029,0.5883551908171749,1
4098,1.0029918,0,1.0008237,0.31370182637380317,1
4104,1.0003953,0,0.99975014,0.5552337275726125,1
4105,1.0026015,0,0.9986477,0.8032558264274412,1
4107,0.99972266,0,0.99993724,0.5131413093035107,1
4111,1.0023203,0,0.99949795,0.6119693190656261,1
4118,1.0050002,0,1.0002475,0.4433448655027221,1
4119,1.002592,0,0.99923664,0.6707565639499021,1
4124,1.0027556,0,1.0000058,0.4977069756215303,1
4137,1.0009452,0,1.000637,0.3557003781478799,1
4150,1.0001477,0,0.99978733,0.5468662000160913,1
4163,1.0014057,0,1.0010678,0.2588033362834232,1
4164,1.0001643,0,0.99995637,0.5088368600316464,1
4169,1.0007213,0,0.9995998,0.5890524847802183,1
4171,0.9884419,0,0.99855286,0.824590339796712,1
4184,0.99564755,0,1.0001183,0.47241665996191706,1
4187,1.004314,0,1.0002062,0.4526242390109153,1
4196,1.0044711,0,0.9994122,0.6312655885429238,1
4197,1.0033317,0,1.0001745,0.4597580926328211,1
4198,0.9989116,0,1.0007105,0.3391798750234666,1
4214,1.0047566,0,0.9999751,0.5046262772548074,1
4215,1.0016199,0,0.99991834,0.5173921205782176,1
4217,1.0043986,0,1.0000458,0.48872261109770165,1
4218,0.99549294,0,0.99954766,0.6007857966583527,1
4221,0.9968213,0,0.99960554,0.5877651728484459,1
4224,1.002503,0,0.9996649,0.5744093115563065,1
4227,0.98364973,0,1.0003211,0.4267707243811516,1
4230,1.0064682,0,0.99942636,0.6280741277120712,1
4247,0.9991448,0,1.000081,0.4808110065170167,1
4248,1.003292,0,0.9998399,0.5350390216429319,1
4251,0.9985566,0,1.0002412,0.44476627242738753,1
4252,0.993173,0,0.99937856,0.6388285461420871,1
4254,1.0017371,0,1.0000827,0.4804087215383378,1
4265,1.0006326,0,1.0007634,0.3272722396545713,1
4270,0.9953446,0,0.9998219,0.5390886904282994,1
4271,1.0071492,0,0.99949765,0.6120363665620725,1
4291,1.0025016,0,1.0000434,0.4892589910692735,1
4299,1.0056746,0,0.99970484,0.5654249470324778,1
4304,1.0026692,0,1.000475,0.39214739721618797,1
4308,1.00135,0,1.0010403,0.26497170595649955,1
4313,1.0015302,0,1.0002407,0.4448735484217019,1
4327,1.0036806,0,0.99989164,0.5233995762598225,1
4329,1.0051609,0,1.000871,0.30308150293668035,1
4334,1.0013819,0,1.0001258,0.4707270630514656,1
4336,0.992365,0,1.0000695,0.4833856303805616,1
4343,1.0024147,0,1.0000523,0.48724756617587894,1
4345,1.0027288,0,0.9998106,0.5416364952932657,1
4346,1.0029765,0,0.99959433,0.5902861587148336,1
4351,1.0011263,0,1.0001845,0.4575052967522193,1
4363,1.0053525,0,1.0002141,0.4508541851047282,1
4372,1.0001502,0,1.0000582,0.4859334352455279,1
4373,1.00219,0,0.99956244,0.5974602408346072,1
4381,0.99870473,0,1.0006198,0.35958913294177597,1
4397,0.99810463,0,0.9993433,0.6467669697213506,1
4402,1.0005006,0,0.9994088,0.6320299300024137,1
4414,1.0059955,0,0.9997989,0.5442647571539678,1
4420,0.9995033,0,1.0002838,0.43516507093625123,1
4426,1.0041261,0,1.000139,0.4677501542092418,1
4439,0.99951756,0,1.0007337,0.333950170300641,1
4440,1.0001339,0,0.9999193,0.5171775685895889,1
4455,1.0038564,0,1.0006195,0.35964277093893315,1
4459,0.9983043,0,0.99972,0.5620189342129964,1
4468,0.9991684,0,1.0010607,0.2603856571995602,1
4477,1.0025423,0,1.0010453,0.26384530801619865,1
4489,1.0033258,0,1.0005662,0.3716308633035642,1
4493,1.0069032,0,1.0001762,0.4593826266527208,1
4494,1.0021286,0,0.99989593,0.5224340923109931,1
4496,1.0018332,0,0.99936396,0.6421138734679648,1
4499,1.001421,0,0.9998328,0.5366347520583581,1
4504,0.99560887,0,0.9998541,0.5318475608120793,1
4505,0.9977016,0,0.99967027,0.5732024566202698,1
4519,1.0018619,0,1.0001667,0.4615281465390082,1
4525,0.999808,0,0.9996544,0.5767693834312226,1
4530,1.005356,0,1.000175,0.4596508166385067,1
4538,1.0040925,0,1.0002122,0.4512832890819857,1
4542,1.0001929,0,1.0002397,0.44508810041033064,1
4545,0.9967846,0,1.0004935,0.387990452436506,1
4552,0.99623734,0,1.0003154,0.42805803631292405,1
4553,0.99532336,0,1.0003949,0.4101697642610025,1
4557,1.0021807,0,1.0000052,0.4978410706144233,1
4565,1.0016571,0,0.9995574,0.5986000482741974,1
4568,0.9999952,0,0.9999971,0.4996781720170569,1
4573,0.9957482,0,1.0002428,0.44439080644728723,1
4575,1.0039244,0,1.0009577,0.28355727197146463,1
4580,1.0081729,0,1.0002912,0.4335022930243785,1
4583,1.0023153,0,0.9987625,0.7774291307962561,1
4585,1.0024457,0,1.0008271,0.3129508944136026,1
4592,1.0060899,0,0.99960095,0.5887977042937217,1
4593,0.99830115,0,0.9988892,0.7489205353072117,1
4595,1.002513,0,1.000273,0.43760559980690317,1
4603,1.0036681,0,0.99986196,0.5300775069058921,1
4607,1.0052044,0,0.99943,0.6272561482554242,1
4609,1.0014852,0,0.99966997,0.5732695041167163,1
4612,1.0018761,0,0.999712,0.5638158071177622,1
4613,1.0020392,0,0.9994171,0.6301526001019122,1
4620,1.0051657,0,0.9995668,0.5964813473864886,1
4622,1.0047874,0,0.9997246,0.5609729932684313,1
4624,1.0018471,0,1.0004578,0.3960361520100839,1
4631,1.0039787,0,0.9994731,0.6175610802692628,1
4632,1.0051357,0,0.9994551,0.6216107490546303,1
4644,1.0034441,0,1.0001103,0.4742135328666828,1
4653,0.9996434,0,0.9990251,0.7183468769276156,1
4667,1.0008827,0,1.0007197,0.33711481213291494,1
4695,1.0027758,0,0.9998163,0.5403491833614933,1
4696,1.0050111,0,1.0003238,0.42618070641242256,1
4705,1.0017592,0,0.9994881,0.61418188644836,1
4708,0.9893071,0,1.0000083,0.4971437766513799,1
4715,1.0023254,0,0.999233,0.6715745434065492,1
4716,1.0064251,0,0.9992688,0.6635288438329713,1
4717,0.99806136,0,0.9995527,0.5996459892187626,1
4747,1.0051278,0,1.0001508,0.46509507334996114,1
4749,0.99197024,0,0.9997138,0.5634135221390832,1
4755,1.0010047,0,1.0002455,0.4438007884785582,1
4767,1.0049704,0,1.0002788,0.4362914688765521,1
4774,1.0030385,0,1.0006316,0.3569340520824953,1
4798,0.99667776,0,1.000543,0.3768605680263899,1
4801,0.9909009,0,1.000486,0.38968004934695744,1
4821,1.0038407,0,0.9996748,0.5721833346742833,1
4823,0.9996762,0,1.0008359,0.3109662885187867,1
4824,1.00065,0,0.9998646,0.529487488937163,1
4828,0.9990687,0,0.9995672,0.5963874808914635,1
4839,1.0067744,0,0.9997836,0.5477109984713171,1
4852,1.0008966,0,0.9997986,0.5443318046504144,1
4855,0.9970388,0,0.9992361,0.6708772494435058,1
4858,1.0035384,0,0.9992485,0.6680880735913322,1
4863,0.99357164,0,0.99919915,0.6791911390028696,1
4864,0.9990174,0,0.99993956,0.512618338831228,1
4881,1.0045489,0,0.9996501,0.577734867380052,1
4883,0.99782634,0,1.0000185,0.4948641617721994,1
4886,0.9984833,0,1.0001705,0.46066993858449323,1
4888,1.0054952,0,1.000996,0.27494837342773626,1
4902,1.0068452,0,1.000198,0.4544747499128382,1
4904,1.0017731,0,0.99977684,0.5492262718910076,1
4905,1.0017673,0,1.0009285,0.29012792662321985,1
4908,0.99854904,0,0.9994744,0.6172660712848983,1
4911,1.0012448,0,0.9990338,0.7163890900313783,1
4930,0.99728763,0,1.0000646,0.4844852093222839,1
4939,0.9993914,0,1.000338,0.42298924558157003,1
4943,1.0060085,0,1.0003532,0.41955641376351005,1
4945,1.0031636,0,0.99942327,0.6287714216751146,1
4949,1.0021166,0,1.0004597,0.3956070480328264,1
4952,1.0007728,0,0.9987317,0.7843618419288224,1
4960,1.0011972,0,1.0006312,0.35701450907823107,1
4966,1.0002886,0,0.9991416,0.69214471531633,1
4970,1.0037943,0,1.0001973,0.45463566390430976,1
4973,0.992266,0,0.9999546,0.5092391450103253,1
4978,1.001554,0,0.9995065,0.6100517606672566,1
4985,0.99574614,0,0.99975467,0.554214605626626,1
5001,1.0037549,0,1.0000099,0.49679512966985817,1
5004,1.0085058,0,1.0001363,0.46836699117654945,1
5010,1.0060176,0,1.0003177,0.4275484753399308,1
5014,0.99142444,0,0.99944735,0.6233539839622388,1
5016,1.0017345,0,0.9995203,0.6069407568321399,1
5017,0.9949646,0,0.99816716,0.9113632096977499,1
5026,1.0025345,0,1.0000262,0.49312092686459086,1
5027,1.0027959,0,0.9995892,0.5914393756537131,1
5030,1.0010581,0,1.0000433,0.4892858100678521,1
5033,1.0020221,0,0.9998189,0.5397591653927643,1
5058,1.0001739,0,1.0007868,0.322015715933167,1
5059,0.9988642,0,1.0006583,0.3509265964008904,1
5067,0.9989007,0,0.9992038,0.6781451980583044,1
5068,0.98340863,0,0.9997551,0.5541207391316008,1
5072,0.99889696,0,1.0000306,0.49212862391718293,1
5074,1.0023781,0,0.99981415,0.540831925335908,1
5080,0.9931635,0,1.000432,0.40182905570306005,1
5083,1.0021614,0,0.99973214,0.55928339635798,1
5084,1.0022519,0,0.9995371,0.6031592780325583,1
5089,0.99811584,0,0.99939144,0.635932094295599,1
5093,1.0031472,0,0.99941885,0.6297637246225226,1
5094,1.0007942,0,0.9993306,0.6496231930699707,1
5102,1.0064923,0,0.99981076,0.5415962667953979,1
5104,0.99362487,0,0.99983966,0.5350926596400891,1
5112,1.0011654,0,0.999311,0.6540349183361494,1
5115,0.99984944,0,1.0003594,0.41816182583742323,1
5117,0.99720275,0,0.9996414,0.5796926542762892,1
5121,1.007044,0,0.99979764,0.5445463566390432,1
5124,1.0008923,0,1.0006847,0.3449727787164427,1
5127,0.9986429,0,0.99933803,0.6479470056588087,1
5138,0.99713093,0,1.0002898,0.4338241210073216,1
5140,1.0032972,0,0.99992394,0.5161316276450237,1
5144,1.0017672,0,1.0001554,0.464049132405396,1
5145,0.9991803,0,1.0001338,0.4689301901466999,1
5147,0.9958667,0,0.999997,0.4996915815163462,1
5152,1.0008186,0,1.0001136,0.4734626009064822,1
5157,1.0018647,0,1.0005525,0.3747150481401025,1
5162,0.99969506,0,0.99886227,0.7549816289859737,1
5168,1.0017529,0,1.0004976,0.38707860648483383,1
5173,1.0015789,0,1.0002546,0.44173572558800656,1
5175,1.0026797,0,0.99999887,0.499275887038378,1
5177,1.0010325,0,1.000066,0.4841633813393408,1
5180,0.9928631,0,0.9999962,0.49987931450639633,1
5187,0.9992744,0,0.99881697,0.765172848445839,1
5190,0.9945531,0,1.000943,0.2868828277952101,1
5192,1.0026891,0,0.9991227,0.6963955265910371,1
5198,1.0031793,0,0.999714,0.5633598841419261,1
5199,1.0053684,0,1.0001719,0.4603481106015501,1
5205,0.99925447,0,1.0003887,0.4115643521870893,1
5210,1.0058643,0,1.0005618,0.37262316625097214,1
5225,1.0050126,0,0.9994586,0.6208195885965617,1
5228,0.998015,0,1.0001533,0.4645318743798107,1
5232,1.0020981,0,0.99962366,0.5836886850644997,1
5237,1.0034965,0,0.99953455,0.6037358865019979,1
5245,1.0009017,0,1.0004485,0.39812803389921425,1
5246,0.9978361,0,0.99985206,0.5323034837879154,1
5248,0.99957114,0,1.0001627,0.46241317349210176,1
5253,1.0032092,0,1.0002551,0.4416284495936922,1
5262,1.0028576,0,1.0003146,0.4282457693029742,1
5264,0.9987747,0,0.9995817,0.5931289725641644,1
5273,1.0024891,0,1.0003502,0.42022688872797487,1
5281,1.0021921,0,0.99949145,0.6134309544881594,1
5282,1.002121,0,1.0000194,0.49464960978357064,1
5283,0.99550426,0,0.9993416,0.6471424357014509,1
5298,1.00632,0,0.99978465,0.5474696274841098,1
5300,1.0017111,0,0.9998638,0.529661812427924,1
5302,1.0035219,0,0.9996735,0.5724783436586478,1
5303,1.0019407,0,1.0009834,0.2777911872770671,1
5312,1.0022436,0,0.9998663,0.5290986134577735,1
5322,0.999206,0,0.99934655,0.6460294472604393,1
5323,1.0016394,0,1.0005685,0.37112130233057095,1
5333,0.99511486,0,1.0005276,0.38032021884302836,1
5336,0.9979731,0,0.99984866,0.5330678252474053,1
5339,1.0006189,0,0.99979526,0.545082736610615,1
5343,0.99013865,0,1.0001899,0.4562984418161826,1
5346,0.9954088,0,0.9999733,0.5050285622334862,1
5347,1.0021893,0,1.0008816,0.3006946120631856,1
5353,0.99403006,0,0.9997845,0.5474964464826884,1
5357,1.005708,0,0.9996108,0.5865851369109878,1
5359,0.9988058,0,1.0005696,0.3708799313433636,1
5361,1.0073745,0,1.0001972,0.45466248290288835,1
5364,0.9975157,0,0.9991814,0.6831871697910801,1
5374,1.0053679,0,0.9995024,0.6109636066189288,1
5379,0.9952282,0,0.99936223,0.6425027489473543,1
5386,0.9991638,0,1.0009022,0.29605492530908895,1
5388,0.997445,0,0.9994476,0.6233003459650817,1
5391,0.99795634,0,1.0000678,0.4837610963606619,1
5393,1.0034661,0,0.9999457,0.5112371604044306,1
5394,1.0041243,0,1.0004293,0.4024458926703677,1
5408,1.0051985,0,0.9991782,0.6839112827527021,1
5409,1.0052216,0,0.9990703,0.7081824764663287,1
5411,0.99880546,0,1.0001165,0.47281894494059595,1
5414,1.0024098,0,1.0007442,0.33159009842572473,1
5431,0.997567,0,0.999642,0.5795585592833963,1
5435,1.0059963,0,0.9991365,0.6932845227559203,1
5436,0.9987869,0,0.99879515,0.7700807251857216,1
5437,1.0055143,0,0.9996711,0.5730147236302197,1
5470,0.9866872,0,0.9990806,0.7058626330892804,1
5473,1.0088539,0,0.99996376,0.5071740821197737,1
5486,0.9967064,0,1.0005641,0.3721136052779789,1
5487,1.0000639,0,0.99991953,0.5171239305924317,1
5491,1.0014259,0,1.0005283,0.3801593048515568,1
5492,1.0013465,0,1.0002948,0.4326977230670207,1
5504,0.9950221,0,0.999135,0.6936197602381526,1
5505,1.0034199,0,1.0002974,0.43210770509829166,1
5507,0.99093616,0,0.9997653,0.5518277147531312,1
5510,1.0028856,0,0.999143,0.6918228873333869,1
5512,0.99965984,0,0.99940753,0.6323115294874889,1
5513,0.99923193,0,0.9996507,0.577600772387159,1
5515,0.99803257,0,1.000061,0.4852897792796417,1
5521,1.0020871,0,0.9992745,0.6622415319011988,1
5524,1.0021001,0,0.9991962,0.6798616139673345,1
5528,1.000061,0,0.99898803,0.7266875854855579,1
5548,0.99897385,0,0.9999996,0.49911497304690644,1
5549,0.9951079,0,1.0001681,0.4612063185560651,1
5551,1.0043273,0,1.0001543,0.46431732239118195,1
5552,1.0014172,0,1.0004791,0.3912355512645158,1
5554,1.0053967,0,1.0008725,0.30273285595515864,1
5558,0.99932474,0,0.9997252,0.5608388982755383,1
5560,1.0076729,0,1.0001667,0.4615281465390082,1
5561,0.9989554,0,0.99966675,0.5739936170783383,1
5574,1.0026027,0,0.9996188,0.5847748545069327,1
5579,1.0029544,0,0.99967325,0.572531981655805,1
5586,1.000404,0,0.9998411,0.5347708316571459,1
5591,1.0052873,0,1.0000155,0.4955346367366642,1
5603,0.9989583,0,1.0001795,0.4586316946925202,1
5605,0.99832296,0,1.0000958,0.4774586316946925,1
5610,0.9968978,0,1.0004001,0.409016547322123,1
5615,1.0018245,0,1.000114,0.4733821439107464,1
5616,1.0036939,0,0.9992627,0.6648966127604795,1
5621,1.0032815,0,1.0001879,0.4567543647920187,1
5630,1.0067903,0,1.0003755,0.4145412610293132,1
5634,1.0015129,0,1.0001875,0.4568348217877545,1
5637,1.0055417,0,0.99945366,0.6219325770375734,1
5642,0.99635535,0,1.0001459,0.46619465229168344,1
5645,1.0058137,0,0.999724,0.5611204977606137,1
5648,1.0025475,0,0.99993145,0.5144420307345724,1
5663,0.99851567,0,1.0003766,0.4142998900421059,1
5677,1.0007596,0,1.0001969,0.45471612090004554,1
5679,0.9992551,0,0.99997693,0.5042105827768391,1
5680,1.0057559,0,0.999137,0.693177246761606,1
5682,1.0031309,0,0.99967515,0.5721028776785475,1
5685,1.0005902,0,1.0000639,0.48464612331375545,1
5698,0.99630624,0,0.99953854,0.6028374500496152,1
5699,1.0055137,0,0.99973714,0.5581569984176791,1
5700,0.9948817,0,0.9996582,0.5759111754767077,1
5708,1.0031335,0,0.9999076,0.519805830450291,1
5713,1.0008008,0,0.9992515,0.6674175986268673,1
5714,1.0027301,0,0.9991705,0.6856411081610212,1
5716,0.98480374,0,0.99951607,0.6078928312816799,1
5718,0.999766,0,0.9991753,0.6845549387185883,1
5720,1.0064692,0,0.999588,0.591707565639499,1
5734,1.0007081,0,0.9995587,0.5983050392898329,1
5740,1.0045269,0,0.9992205,0.6743905382573014,1
5751,1.000452,0,1.0001086,0.47458899884678307,1
5752,0.999684,0,1.000888,0.2992463861399416,1
5754,1.00344,0,0.99961066,0.5866119559095664,1
5755,1.0019953,0,0.9994645,0.6194920481669215,1
5759,0.9974816,0,1.000103,0.47584949177997693,1
5763,0.9993279,0,1.00008,0.48102555850564543,1
5766,1.001367,0,0.99987274,0.5276503875345295,1
5774,1.0025524,0,0.9993112,0.6539812803389922,1
5776,0.9992561,0,0.99954987,0.6002896451846488,1
5777,0.99678767,0,0.9998999,0.5215356558586102,1
5781,0.99874896,0,1.0000743,0.4823128704374179,1
5786,0.9994872,0,1.0002234,0.44876230321559796,1
5787,1.0002601,0,1.0000173,0.4951323517579853,1
5798,0.99887586,0,1.0003117,0.4288894252688604,1
5799,0.9984903,0,1.0003892,0.41145707619277494,1
5800,0.9984482,0,0.9998983,0.5218977123394213,1
5803,1.0023007,0,0.9994833,0.615268055890793,1
5814,1.0034007,0,1.0003611,0.41778635985732293,1
5821,0.997826,0,1.0000145,0.49574918872529294,1
5822,1.0014455,0,0.9991008,0.701316812830209,1
5824,1.0027537,0,1.0000527,0.48716710918014317,1
5828,1.0041429,0,1.0011828,0.2329230026550808,1
5836,1.0019869,0,1.0001092,0.4744549038538901,1
5839,1.0044163,0,0.9998989,0.5217636173465283,1
5846,1.0018712,0,1.000485,0.38992142033416477,1
5847,0.99949473,0,1.0002577,0.44103843162496315,1
5871,1.0002252,0,0.9995813,0.5932228390591896,1
5872,1.0032548,0,0.99872583,0.7856759728591735,1
5874,1.0024569,0,1.0009954,0.2750824684206292,1
5877,0.99346584,0,1.0004327,0.4016681417115885,1
5881,0.9990394,0,1.0002542,0.4418430015823209,1
5886,1.0039676,0,0.9997169,0.5627162281760398,1
5899,1.0008588,0,1.0011877,0.2318234237133585,1
5919,0.98646134,0,0.9999769,0.5042239922761285,1
5920,1.0018588,0,0.9997214,0.5616971062300533,1
5924,0.99980694,0,0.99994516,0.5113578458980341,1
5930,0.99666226,0,1.0007603,0.3279695336176147,1
5938,1.0022806,0,1.0000589,0.48577252125405634,1
5939,1.0027494,0,0.99970996,0.5642717300935983,1
5948,1.0036956,0,0.99980915,0.5419583232762089,1
5949,0.99981564,0,0.9995829,0.5928607825783785,1
5951,1.0028473,0,0.9996184,0.5848687210019579,1
5964,1.0031974,0,1.0000685,0.48360018236919033,1
5972,1.0066211,0,0.999521,0.6067798428406683,1
5975,0.9998933,0,0.9993813,0.6382117091747794,1
5977,0.9918702,0,1.0001397,0.46758924021777026,1
5980,1.0043163,0,0.99964345,0.5792367313004532,1
5989,1.0038966,0,0.9998803,0.5259473811247888,1
5990,1.0030593,0,1.0011876,0.2318502427119371,1
5999,1.0005329,0,0.99952793,0.60522434092311,1
6006,1.0012258,0,0.99966764,0.5737924745889988,1
6013,1.0025584,0,1.000329,0.4250006704749645,1
6014,0.99946266,0,0.99945545,0.6215302920588945,1
6025,1.0003384,0,0.99933755,0.6480542816531231,1
6027,0.99836403,0,0.9995613,0.5977150213211039,1
6029,1.0009234,0,0.99931335,0.6534985383645775,1
6034,0.99867237,0,1.0011051,0.2504089897283236,1
6038,1.0002594,0,1.000031,0.49204816692144715,1
6042,0.99581116,0,0.9999844,0.5025343953656771,1
6044,1.0007876,0,1.0000845,0.4800064365596589,1
6047,1.0030401,0,0.99977887,0.5487703489151715,1
6053,1.0027722,0,1.0000756,0.48201786145305336,1
6055,1.0008018,0,0.99946946,0.6183790597259098,1
6062,0.9962992,0,0.9992906,0.6586209670930887,1
6063,1.000831,0,1.0000283,0.4926650038887548,1
6068,1.0016978,0,0.9998801,0.526001019121946,1
6074,1.000588,0,1.0002966,0.4322954380883418,1
6076,1.0018853,0,0.9993807,0.6383458041676724,1
6077,1.002913,0,0.99979293,0.5456057070828975,1
6080,1.0036066,0,1.0001289,0.4700297690884222,1
6084,1.0027688,0,1.0000306,0.49212862391718293,1
6090,1.0058949,0,0.9993976,0.6345509158688014,1
6093,0.9990579,0,0.9993906,0.6361198272856492,1
6094,1.0032068,0,0.99996567,0.5067449781425162,1
6099,1.0023593,0,0.9994184,0.629871000616837,1
6103,0.9955558,0,0.9994743,0.6172928902834769,1
6104,1.0002062,0,0.9998129,0.5411135248209832,1
6110,1.0040925,0,0.99930483,0.6554160967629469,1
6112,0.99856776,0,0.998993,0.7255745970445464,1
6121,0.9986819,0,0.9997486,0.5555823745541342,1
6122,1.0003014,0,0.99976003,0.5530077506905893,1
6123,1.0087297,0,1.0005678,0.3712822163220425,1
6128,0.99973595,0,0.9991317,0.6943706921983532,1
6133,0.9942174,0,1.0001968,0.45474293989862413,1
6135,1.0023539,0,1.0004282,0.402687263657575,1
6138,1.002247,0,0.99875665,0.7787432617266071,1
6141,1.0030786,0,0.9999214,0.5167082361144635,1
6143,1.0075169,0,0.99937207,0.6402901815646204,1
6144,1.0055805,0,0.99966544,0.5742886260627028,1
6146,0.99117875,0,0.9993311,0.6495025075763671,1
6147,1.0005497,0,1.0000283,0.4926650038887548,1
6155,0.99855167,0,1.0001225,0.4714511760130877,1
6160,1.0086601,0,0.9998839,0.525142811167431,1
6161,1.0033894,0,1.0007917,0.3209161369914447,1
6162,1.0029321,0,0.99945104,0.6225225950063025,1
6169,0.9998254,0,1.0006744,0.3473060315927803,1
6171,0.99985087,0,0.99975157,0.5549118995896694,1
6175,0.99765867,0,1.0004401,0.40000536379971574,1
6193,1.003891,0,1.0003803,0.4134685010861694,1
6196,1.0010285,0,0.9993185,0.652345321425698,1
6203,1.0020481,0,0.9996644,0.5745165875506208,1
6210,1.0005286,0,0.99870706,0.7898999651353018,1
6227,0.9949845,0,1.0001783,0.4588998846783061,1
6236,1.0012901,0,0.9996736,0.5724515246600692,1
6241,0.9981195,0,1.000397,0.4097138412851664,1
6243,1.0042164,0,0.99971163,0.563896264113498,1
6247,1.0011756,0,0.9985387,0.8277818006275646,1
6250,1.0030209,0,1.0005533,0.3745541341486309,1
6252,0.99927986,0,0.9996533,0.5770241639177194,1
6254,1.0002075,0,0.999304,0.655603829752997,1
6265,0.9992426,0,0.9993647,0.6419529594764932,1
6277,0.9948402,0,0.99894917,0.7354305790221793,1
6283,0.9988034,0,1.0005254,0.3808297798160216,1
6290,1.0031717,0,1.0001949,0.4551720438758817,1
6295,1.0022211,0,1.0005988,0.3643092766916083,1
6297,1.002883,0,0.9997909,0.5460616300587335,1
6298,1.0004151,0,0.99942887,0.6275109287419207,1
6307,1.0067225,0,1.0001556,0.46402231340681743,1
6321,0.9978331,0,0.999,0.7239922761284094,1
6322,1.0024607,0,0.999478,0.6164615013275404,1
6324,0.9964349,0,0.99877524,0.7745594979483466,1
6328,0.99895984,0,0.99955034,0.6001823691903344,1
6330,1.0020734,0,1.0005753,0.36959261941159116,1
6334,0.9983347,0,1.0001805,0.45841714270389144,1
6342,1.0045296,0,0.999794,0.5453643360956901,1
6344,1.0011755,0,0.99935186,0.6448360018236918,1
6353,1.0016731,0,1.0003155,0.42803121731434546,1
6360,0.9983635,0,0.999832,0.5368224850484082,1
6362,0.9994561,0,0.9999825,0.5029634993429346,1
6364,0.9983592,0,1.0007883,0.3216670689516453,1
6373,0.9999559,0,1.0001838,0.45766621074369085,1
6378,1.0017332,0,0.9998474,0.5333494247324805,1
6383,0.9980759,0,1.0001469,0.4659801003030547,1
6386,1.0021162,0,1.0001792,0.45871215168825596,1
6389,1.0061332,0,0.99957585,0.5944431034945155,1
6391,1.0063406,0,0.99928606,0.6596400890390752,1
6399,0.99941385,0,0.99962676,0.5829913911014563,1
6407,1.0015212,0,1.000062,0.48507522729101293,1
6409,1.0008618,0,0.9997852,0.5473489419905061,1
6410,1.0061103,0,0.99953,0.6047550084479846,1
6424,0.99300426,0,0.99990946,0.5193901359723228,1
6426,0.987708,0,0.99974144,0.5571915144688497,1
6430,0.9994259,0,0.99969697,0.5671950009386649,1
6431,1.0014489,0,1.0000017,0.49864564057178107,1
6434,1.0027955,0,0.99971247,0.5637085311234479,1
6437,0.9991016,0,0.99944174,0.6246144768954327,1
6443,1.0036595,0,0.99980587,0.5426958457371202,1
6444,1.0035944,0,1.0003762,0.41438034703784166,1
6446,0.99743754,0,0.99986476,0.5294472604392952,1
6448,0.9995182,0,0.9996981,0.5669402204521683,1
6451,0.9945743,0,0.9995202,0.6069675758307185,1
6452,1.0043608,0,0.9995065,0.6100517606672566,1
6456,1.0001551,0,0.9997453,0.5563198970150455,1
6458,0.9961763,0,0.9994443,0.624037868425993,1
6459,1.0000932,0,1.0004145,0.4057714484941133,1
6460,0.99697787,0,1.0003307,0.4246252044948642,1
6461,1.001387,0,0.9995136,0.6084426207525411,1
6468,0.99746996,0,0.99978447,0.5475098559819777,1
6474,0.99937105,0,1.0001618,0.4626277254807305,1
6475,0.99483377,0,1.0004878,0.38927776436827843,1
6476,0.9983621,0,1.0000784,0.48137420548716714,1
6478,0.99756795,0,0.9996505,0.5776544103843162,1
6485,1.0002742,0,1.0002968,0.4322418000911846,1
6486,1.0029918,0,0.9998789,0.5262692091077319,1
6502,1.0046549,0,0.99970245,0.5659613270040497,1
6504,1.0015407,0,1.0011054,0.2503285327325878,1
6505,1.0012342,0,0.9992449,0.6688926435486899,1
6506,0.9955131,0,1.00045,0.39777938691769255,1
6511,0.9987865,0,0.9996958,0.5674631909244509,1
6513,1.0033948,0,0.9998771,0.5266714940864108,1
6525,0.9975059,0,0.999563,0.5973395553410036,1
6528,1.0011088,0,0.9997941,0.5453375170971115,1
6538,1.0029246,0,0.9995462,0.6011210341405853,1
6540,1.0037185,0,0.99978507,0.5473757609890847,1
6541,0.990904,0,1.0000756,0.48201786145305336,1
6542,0.9987853,0,0.9986118,0.8113283449995977,1
6555,1.0037986,0,0.99971414,0.5633330651433475,1
6558,1.0006996,0,0.99989194,0.523332528763376,1
6559,1.0027676,0,1.000447,0.39844986188215736,1
6561,1.0044158,0,1.0000191,0.4947300667793064,1
6562,0.99912435,0,1.0001388,0.467803792206399,1
6563,0.99563617,0,0.9997938,0.5454045645935581,1
6566,1.0036829,0,0.9992627,0.6648966127604795,1
6574,1.0011247,0,1.0001644,0.46203770751200146,1
6576,1.0024587,0,0.99997854,0.5038485262960282,1
6579,0.9988145,0,0.9990998,0.7015447743181269,1
6580,1.0033188,0,0.999578,0.5939603615201008,1
6582,1.0047259,0,0.99984187,0.534596508166385,1
6592,1.0026672,0,0.9993408,0.6473301686915011,1
6594,0.99501896,0,1.000332,0.42433019551049966,1
6602,1.0025387,0,1.0006565,0.3513288813795693,1
6603,0.99592274,0,0.9994137,0.6309169415614021,1
6609,1.000622,0,1.000408,0.4072196744173573,1
6612,1.0000564,0,0.99982,0.5395177944055569,1
6616,1.0012691,0,1.000059,0.48574570225547775,1
6617,1.0024363,0,0.99996305,0.5073349961112452,1
6618,0.99954724,0,1.0000657,0.48424383833507656,1
6619,0.99866664,0,1.0003843,0.41255665513449724,1
6627,1.002234,0,0.9989055,0.7452597420012337,1
6630,1.0000451,0,0.99971414,0.5633330651433475,1
6633,1.0030833,0,1.000483,0.39035052431142225,1
6634,1.0005133,0,0.9993901,0.6362271032799636,1
6656,1.0026231,0,1.0000441,0.48909807707780195,1
6657,0.9981676,0,1.0000718,0.48287606940756833,1
6659,1.0003072,0,1.000622,0.3590795719687827,1
6663,1.0048963,0,1.0003918,0.4108670582240459,1
6668,0.9993742,0,0.99952257,0.6064311958591466,1
6671,0.99907726,0,1.0002861,0.43465550996325797,1
6674,1.0025302,0,1.0002427,0.4444176254458658,1
6681,1.0046217,0,0.9990639,0.7096172928902835,1
6683,1.0006701,0,0.9994799,0.6160323973502829,1
6696,0.99921995,0,0.9997319,0.5593370343551372,1
6707,0.9955961,0,1.0000153,0.4955882747338214,1
6714,0.9841161,0,0.9996201,0.5844932550218576,1
6719,1.0005981,0,0.9994769,0.6167028723147477,1
6724,1.0014701,0,0.99964064,0.5798669777670502,1
6726,1.0037233,0,0.9989955,0.725011398074396,1
6751,1.0036312,0,1.0007845,0.3225252769061603,1
6756,0.996586,0,0.9996005,0.5888915707887468,1
6774,1.0039301,0,1.0004233,0.4037868425992973,1
6784,1.0012364,0,0.99966204,0.5750529675221927,1
6785,0.9991353,0,0.9997753,0.5495749188725293,1
6796,0.99735767,0,0.99965096,0.5775471343900018,1
6799,0.9988963,0,1.0000262,0.49312092686459086,1
6800,0.9979037,0,1.0002842,0.43508461394051545,1
6807,0.9981699,0,0.9997346,0.5587336068871188,1
6812,0.99940854,0,1.000205,0.45289242899670124,1
6817,1.0018594,0,1.0002303,0.4472068012980396,1
6819,1.0006135,0,0.99945587,0.6214364255638695,1
6821,1.0013617,0,1.0004042,0.40807788237187226,1
6822,0.9968087,0,0.99907625,0.7068415265373991,1
6828,1.0049232,0,1.0001581,0.463459114436667,1
6840,1.0018486,0,1.0007006,0.3414058519054899,1
6841,1.0064425,0,1.0000435,0.4892321720706949,1
6847,1.0041559,0,0.9998771,0.5266714940864108,1
6849,0.99627125,0,0.99960905,0.5869740123903773,1
6856,0.9990888,0,0.99955297,0.5995923512216054,1
6859,1.0038697,0,0.99944663,0.6235148979537104,1
6867,1.0002385,0,0.999176,0.6843940247271167,1
6872,1.0043055,0,1.0002716,0.4379274277898463,1
6880,1.002901,0,0.99976635,0.5515863437659239,1
6888,1.0005267,0,0.99937665,0.6392576501193445,1
6895,1.0012121,0,0.99976754,0.5513181537801379,1
6897,1.0008898,0,0.999704,0.565612680022528,1
6903,1.0011824,0,1.0005335,0.3790060879126773,1
6910,0.99728394,0,0.9991147,0.6981923994958028,1
6916,1.0032287,0,0.99904263,0.7144044841365623,1
6922,1.0023515,0,1.0002186,0.44983506315874167,1
6927,1.0020957,0,0.99974746,0.5558371550406308,1
6933,0.99659055,0,0.9998015,0.5436747391852388,1
6937,1.0005163,0,0.99926704,0.6639177193123609,1
6941,0.9994419,0,1.0004655,0.3942929171024754,1
6942,1.0013531,0,1.000149,0.46549735832864003,1
6943,0.99926275,0,0.9993743,0.6397940300909164,1
6954,1.0016732,0,1.0006803,0.34596508166385065,1
6956,1.0012327,0,1.0004755,0.3920401212218736,1
6958,1.0013925,0,0.99980974,0.5418242282833159,1
6965,1.0052904,0,0.9998645,0.5295008984364524,1
6967,1.0005513,0,0.9994544,0.6217716630461019,1
6970,0.9995476,0,0.999741,0.5572853809638748,1
6971,1.0007464,0,0.9997431,0.5568160484887494,1
6976,0.99862933,0,0.99906725,0.7088663609300829,1
6989,1.0004797,0,1.0002369,0.44573175637621687,1
6991,0.98977363,0,0.9997956,0.5450022796148792,1
6995,1.0060323,0,0.999512,0.6088046772333522,1
7007,0.9960647,0,0.9992558,0.666452114678038,1
7014,0.99984956,0,0.99980545,0.5427897122321452,1
7025,1.0026525,0,1.0003232,0.4263148014053155,1
7033,1.0037609,0,0.99896556,0.7317429667176227,1
7034,1.0014569,0,0.99983555,0.5360179150910505,1
7058,1.0068629,0,1.0004793,0.3911819132673586,1
7060,0.99704075,0,0.9987484,0.78059377262853,1
7069,1.0001434,0,1.0000956,0.4775122696918497,1
7071,1.0008332,0,0.99955475,0.5991900662429265,1
7075,1.004666,0,0.99955297,0.5995923512216054,1
7076,1.0003461,0,0.9991981,0.679432509990077,1
7079,0.99726105,0,0.9997927,0.5456593450800546,1
7080,0.99575317,0,0.99958026,0.5934508005471075,1
7084,1.0006149,0,0.9998374,0.5356022206130824,1
7089,1.00226,0,1.0004646,0.3945074690911041,1
7091,1.0062326,0,1.0000311,0.49202134792286856,1
7098,1.003507,0,0.9990853,0.704803282645426,1
7105,1.0026889,0,1.0000426,0.48944672405932366,1
7106,1.0024217,0,1.000164,0.46211816450773724,1
7112,0.99252546,0,0.9993243,0.651031190495347,1
7115,1.0016607,0,0.99959004,0.5912516426636629,1
7117,1.0054477,0,1.0004216,0.4041623085793976,1
7127,0.99805844,0,0.9998282,0.537667283503634,1
7133,1.0012151,0,0.99919355,0.6804516319360635,1
7135,1.0027092,0,0.99984854,0.5330946442459839,1
7136,1.004389,0,1.0003589,0.4182691018317376,1
7140,1.0061799,0,1.0008765,0.3018210100034865,1
7157,1.0019177,0,0.99974406,0.5566014965001207,1
7169,1.0014269,0,0.9991655,0.6867675061013222,1
7172,1.0023289,0,0.9993067,0.6550004022849787,1
7190,1.0029131,0,1.0002701,0.4382492557727894,1
7191,1.0009404,0,0.99978185,0.5480998739507067,1
7196,1.0013839,0,1.0003252,0.42585887842947945,1
7198,0.9992921,0,0.9994196,0.6295894011317618,1
7200,1.0033492,0,0.999156,0.6888996164883203,1
7206,0.9999948,0,1.0005106,0.3841553356397672,1
7209,0.99414116,0,0.9999923,0.5007509319602006,1
7221,1.001816,0,0.9994366,0.6257676938343122,1
7222,1.0053644,0,0.99995226,0.5097621154826079,1
7227,1.0029908,0,0.99915195,0.6898114624399925,1
7236,0.9960762,0,0.9994936,0.6129482125137448,1
7240,0.9978492,0,1.0000653,0.48432429533081234,1
7247,0.9976741,0,0.99977493,0.5496553758682651,1
7249,1.0018083,0,0.99962956,0.5823611446348593,1
7254,0.9995139,0,0.99976337,0.5522568187303887,1
7256,1.0026253,0,1.0000739,0.48239332743315366,1
7257,0.99685943,0,0.99961984,0.5845468930190147,1
7261,0.99238944,0,1.0004866,0.38954595435406447,1
7264,0.9953875,0,0.99955803,0.5984525437820152,1
7267,1.0000966,0,0.9994262,0.6281143562099392,1
7273,1.0010567,0,0.999463,0.6198272856491538,1
7274,1.0022937,0,0.9991498,0.6902942044144071,1
7277,1.0036764,0,1.0004075,0.40735376941025025,1
7280,1.0003251,0,0.99945915,0.6206989031029582,1
7282,0.995845,0,0.99984604,0.5336578432161343,1
7290,1.0017006,0,1.0001912,0.4560034328318181,1
7292,0.99853927,0,1.0001376,0.46807198219218493,1
7293,0.9950655,0,0.99987173,0.5278783490224475,1
7295,1.0000099,0,1.00009,0.47877276262504354,1
7300,1.0025649,0,1.0001142,0.4733285059135892,1
7305,1.0018806,0,1.0013101,0.20428031217314346,1
7307,1.0015802,0,0.99919736,0.6795934239815485,1
7308,1.0063431,0,0.9998411,0.5347708316571459,1
7317,1.0025562,0,0.99933773,0.6480140531552552,1
7319,1.0054554,0,1.0001905,0.45616434682328966,1
7329,1.0032734,0,0.99916375,0.6871563815807118,1
7331,1.0041798,0,0.99939954,0.6341084023922547,1
7332,1.0028565,0,0.99994564,0.5112505699037198,1
7333,0.99956757,0,0.99982774,0.5377745594979484,1
7337,1.0015143,0,0.9998522,0.5322766647893368,1
7343,1.0026586,0,0.99903035,0.7171668409901575,1
7351,0.99978215,0,0.9998028,0.5433797302008743,1
7352,0.99841756,0,0.9977732,1.0,1
7358,1.003907,0,1.000121,0.47179982299460943,1
7373,0.99859256,0,1.0005063,0.38512081958859656,1
7385,0.99835074,0,0.99926317,0.6647893367661651,1
7408,1.001121,0,1.0001159,0.4729530399334889,1
7409,1.0078957,0,1.0003045,0.4305253841821547,1
7411,0.99786764,0,0.9995927,0.5906482151956446,1
7414,0.9973272,0,1.0012782,0.21146780379220642,1
7419,1.0031071,0,0.9995619,0.5975809263282109,1
7431,1.0067446,0,0.9999736,0.5049615147370397,1
7434,1.0030745,0,1.0002702,0.4382224367742108,1
7436,1.0027,0,0.99945915,0.6206989031029582,1
7438,0.9993291,0,0.99884474,0.7589240217770268,1
7440,1.0022091,0,1.0001143,0.4733016869150106,1
7458,1.00734,0,1.001057,0.26121704615549657,1
7461,1.0016567,0,1.000588,0.36672298656368174,1
7462,0.9989349,0,0.9989199,0.742014643173224,1
7472,0.98767686,0,0.99967706,0.57167377370129,1
7478,1.0019385,0,1.0007747,0.324724434789605,1
7485,1.0045505,0,0.9994981,0.6119290905677581,1
7492,1.0048786,0,0.9991149,0.6981521709979349,1
7497,0.99926627,0,0.9997162,0.5628637326682222,1
7510,0.99798423,0,0.99967545,0.572035830182101,1
7517,0.9976166,0,0.9996568,0.5762330034596508,1
7523,0.9988801,0,1.0003808,0.413361225091855,1
7524,1.0033878,0,1.0004277,0.4027945396518894,1
7525,0.98240364,0,0.99875754,0.7785421192372677,1
7526,1.0003526,0,0.99999404,0.500362056480811,1
7530,1.0047373,0,0.99913275,0.6941293212111459,1
7533,1.0020753,0,0.9995875,0.5918282511331027,1
7548,1.0086563,0,1.000006,0.49768015662295173,1
7554,0.99581873,0,0.9993994,0.6341352213908333,1
7555,0.99236786,0,0.99903286,0.716603642020007,1
7556,1.0028788,0,0.9990929,0.7031002762356854,1
7558,1.0029747,0,1.0005711,0.3705312843618419,1
7564,0.99829733,0,0.9986155,0.8104969560436613,1
7566,1.0035529,0,1.0002402,0.4449808244160163,1
7573,0.9957188,0,1.0004141,0.40585190548984906,1
7576,1.0042778,0,0.9989923,0.7257221015367286,1
7581,1.0049525,0,0.9994559,0.6214230160645802,1
7586,1.003595,0,0.9996791,0.571217850725454,1
7587,0.99523765,0,1.0003681,0.41620403894118596,1
7593,1.000519,0,1.0001234,0.47126344302303746,1
7604,1.0021105,0,1.0005072,0.3849062675999678,1
7607,1.0031643,0,0.9995891,0.5914661946522917,1
7623,1.0039375,0,0.9998565,0.5313111808405074,1
7626,0.9989264,0,1.000596,0.36492611365891603,1
7633,1.0017384,0,1.0011232,0.2463325019443774,1
7644,1.0030355,0,0.99950695,0.6099444846729423,1
7651,0.999348,0,0.999776,0.5494140048810577,1
7654,0.9957423,0,0.99978185,0.5480998739507067,1
7656,1.0025941,0,0.9997218,0.5616032397350283,1
7660,1.0072587,0,1.0001528,0.46463915037412507,1
7670,0.99948585,0,0.99979734,0.5446134041354895,1
7672,1.0022819,0,1.0004537,0.39694799796175606,1
7678,1.0017071,0,0.99947345,0.617480623273527,1
7680,1.0056995,0,1.0001413,0.46724059323624856,1
7685,1.000765,0,1.0006819,0.34561643468232894,1
7686,0.9993247,0,1.0011451,0.24139780620591622,1
7693,1.0012804,0,0.9997399,0.5575401614503714,1
7699,1.0006242,0,0.99924546,0.6687719580550862,1
7709,1.0005027,0,0.99992645,0.5155684286748733,1
7719,0.9956714,0,0.99862266,0.8088878161289458,1
7726,0.9990942,0,0.99870896,0.7894708611580443,1
7731,1.0067824,0,1.0003178,0.4275216563413522,1
7733,1.0022329,0,0.999789,0.546490734035991,1
7735,1.003471,0,0.9999181,0.5174457585753748,1
7751,0.9972359,0,1.0004902,0.3887413843967066,1
7760,1.0017592,0,1.0006274,0.35787271703274603,1
7767,1.0003651,0,0.99897623,0.7293426663448387,1
7772,1.0026132,0,1.0006099,0.36181510982379916,1
7777,0.9987028,0,1.0009444,0.286560999812267,1
7778,0.9978074,0,0.9999716,0.5054040282135865,1
7780,0.99949574,0,0.9983431,0.8717783677957465,1
7782,0.9898235,0,1.0002929,0.4331268270442782,1
7788,1.0040399,0,1.0001725,0.46021401560865716,1
7796,1.0044482,0,0.9992388,0.6702738219754875,1
7798,1.0062042,0,0.9988503,0.7576769383431223,1
7801,0.9914674,0,0.99885404,0.7568321398878965,1
7802,0.9992119,0,1.000112,0.4738112478880039,1
7806,0.9975006,0,0.9997113,0.5639767211092338,1
7810,1.0005659,0,1.0009657,0.2817603990666988,1
7826,1.0000254,0,0.9999578,0.5085150320487033,1
7830,0.9993261,0,1.0007937,0.32046021401560865,1
7835,0.99750537,0,0.9995881,0.5916941561402097,1
7839,1.0001413,0,0.99990743,0.5198460589481588,1
7847,0.9861547,0,1.0000105,0.4966610346769652,1
7848,1.0035143,0,0.99979997,0.5440233861667605,1
7849,1.0012167,0,0.9991176,0.6975353340306273,1
7851,1.0055345,0,0.9999031,0.5208249523962776,1
7857,1.0017265,0,0.9996651,0.5743690830584386,1
7858,0.9848199,0,0.99932986,0.6497841070614423,1
7859,0.9967544,0,0.9999745,0.5047603722477003,1
7872,1.0037954,0,0.9998349,0.5361654195832328,1
7875,1.0060121,0,0.999318,0.6524525974200124,1
7880,1.0020293,0,0.9996505,0.5776544103843162,1
7885,0.9979235,0,0.999668,0.5737120175932631,1
7886,1.0042589,0,0.9997667,0.5515058867701881,1
7887,1.0025071,0,1.0003061,0.4301499182020543,1
7891,0.9975758,0,0.9998424,0.5344758226727814,1
7895,0.9878529,0,0.99997574,0.504478772762625,1
7900,1.0019648,0,0.9998476,0.5333091962346126,1
7901,0.99935895,0,0.9999466,0.511036017915091,1
7906,0.9954988,0,1.0002704,0.4381956177756322,1
7914,0.99661905,0,0.99913085,0.6945584251884034,1
7919,0.99870014,0,0.99972624,0.5606109367876204,1
7920,1.0014209,0,1.0002211,0.4492718641885912,1
7932,1.0054559,0,0.99989927,0.5216831603507925,1
7939,0.99239486,0,1.0000945,0.477753640679057,1
7942,1.0093763,0,0.9996429,0.579357416794057,1
7944,0.99953175,0,0.9996785,0.5713519457183469,1
7956,1.0001156,0,1.0000998,0.47657360474159893,1
7960,1.0032643,0,0.9999028,0.520891999892724,1
7961,1.0046467,0,1.0002438,0.4441762544586585,1
7968,1.000629,0,0.9996269,0.5829645721028777,1
7989,1.002873,0,0.999187,0.6819266768578861,1
7990,1.0015258,0,0.9992259,0.6731702738219755,1
7994,0.9981224,0,0.9990099,0.7217662992463861,1
8000,1.0027232,0,0.999536,0.6034140585190548,1
8003,1.003056,0,0.9996826,0.5704266902673854,1
8009,0.9992113,0,1.0003271,0.42542977445222196,1
8011,1.0004275,0,0.9996867,0.569501434816424,1
8019,1.0007044,0,1.000283,0.4353528039263014,1
8021,0.9892438,0,1.000123,0.47134390001877335,1
8025,1.0003233,0,0.99869287,0.7930914259661545,1
8027,1.0020787,0,0.99949837,0.6118754525706009,1
8033,1.0046772,0,0.9997512,0.5549923565854051,1
8037,0.99852663,0,0.99939364,0.635435942821895,1
8038,1.0061926,0,1.001196,0.22994609381285702,1
8059,0.9916396,0,0.9994987,0.6117949955748652,1
8062,0.9989139,0,1.0011507,0.24013731327272236,1
8066,1.0045235,0,1.0005174,0.38262665272078744,1
8072,1.0043602,0,0.99946177,0.6201088851342291,1
8080,0.99723876,0,0.99992687,0.5154745621798482,1
8086,0.982743,0,1.0006912,0.3435245527931987,1
8096,1.0038109,0,0.9997934,0.5454984310885831,1
8100,1.0009599,0,1.000128,0.47021750207847235,1
8102,1.0055885,0,0.9988846,0.7499530667524874,1
8106,0.9959013,0,0.99910426,0.7005390618714298,1
8112,1.0022035,0,0.9994818,0.6156032933730254,1
8115,1.0030231,0,0.9988097,0.7668088073591333,1
8117,1.0029644,0,0.99984825,0.5331616917424303,1
8118,1.0005614,0,0.9989538,0.7343846380776142,1
8119,1.0024725,0,0.9996852,0.5698366722986563,1
8127,0.99933004,0,0.9997077,0.5647812910665916,1
8130,1.0048558,0,0.999117,0.6976694290235202,1
8135,0.99987775,0,0.9989675,0.731300453241076,1
8139,0.9992007,0,1.0007564,0.3288545605707083,1
8145,1.0048075,0,1.0005863,0.36712527154236063,1
8148,1.0067024,0,0.9995532,0.5995387132244482,1
8167,1.0005739,0,0.99963564,0.5809933757073511,1
8169,0.9980058,0,1.0001664,0.4615817845361654,1
8173,0.9976207,0,1.000135,0.46866200016091397,1
8180,0.9984553,0,0.9988338,0.7613913696462574,1
8181,1.0025527,0,0.9991474,0.690830584385979,1
8182,0.999946,0,1.0001895,0.4563788988119184,1
8183,1.0043844,0,1.0001893,0.4564325368090756,1
8190,1.0052338,0,0.99918205,0.6830396652988977,1
8202,0.998123,0,0.9992627,0.6648966127604795,1
8215,1.0039731,0,0.99944466,0.6239574114302572,1
8222,1.000354,0,0.9994872,0.6143830289376995,1
8223,1.0055062,0,0.9999005,0.5214015608657172,1
8227,1.0010557,0,0.99967855,0.5713385362190575,1
8240,1.0023549,0,0.9997159,0.5629307801646686,1
8241,1.000111,0,1.0008086,0.31710783919328456,1
8244,1.0011543,0,0.99964106,0.579773111272025,1
8254,0.9967521,0,0.9997951,0.5451229651084828,1
8255,1.0075245,0,0.9992162,0.6753560222061308,1
8262,1.005184,0,0.9995369,0.6032129160297155,1
8267,1.0032979,0,0.9994301,0.6272293292568456,1
8275,0.9957493,0,1.0002024,0.4534824469654303,1
8277,1.0009255,0,0.9994596,0.6205916271086438,1
8282,0.9960277,0,0.9997848,0.5474293989862419,1
8294,1.0024205,0,0.9999832,0.502802585351463,1
8295,0.9971899,0,0.99983704,0.5356826776088182,1
8296,1.0015327,0,1.0004647,0.39448065009252553,1
8303,0.99165845,0,1.0002991,0.43173223911819136,1
8304,1.0032169,0,0.99990934,0.5194169549709013,1
8312,0.9994046,0,0.99998105,0.5032853273258777,1
8313,1.0030514,0,0.9997524,0.5547241665996192,1
8316,1.0063429,0,0.99945843,0.6208598170944297,1
8344,0.9983358,0,0.99975765,0.5535441306621611,1
8353,0.99757355,0,0.99981797,0.539973717381393,1
8365,0.99973613,0,0.9992465,0.6685439965671682,1
8376,0.9994367,0,1.0007635,0.3272454206559927,1
8380,1.0046607,0,1.0000542,0.48681846219862146,1
8388,1.0071938,0,0.99978083,0.5483278354386247,1
8403,0.9978238,0,0.9993603,0.6429318529246117,1
8406,1.000753,0,0.99994034,0.5124440153404672,1
8410,1.0038044,0,0.99949443,0.6127604795236946,1
8413,1.0025872,0,0.999297,0.6571727411698447,1
8419,1.0027373,0,1.0003775,0.41408533805347714,1
8429,0.996013,0,0.9995933,0.5905141202027516,1
8432,0.99865645,0,0.99965584,0.5764475554482795,1
8439,1.0026025,0,0.9992819,0.660578753989326,1
8441,0.9911896,0,0.9999274,0.5153538766862445,1
8448,0.9997749,0,0.99911356,0.6984471799822994,1
8452,1.0030401,0,1.0000669,0.48397564834929063,1
8456,0.9973367,0,0.9995473,0.6008662536540885,1
8457,1.0005724,0,0.999726,0.5606645747847776,1
8459,1.0027727,0,0.9993145,0.6532437578780808,1
8467,1.0057938,0,1.0005565,0.3738300211870089,1
8480,1.0043625,0,0.99955857,0.5983318582884115,1
8489,1.0056003,0,1.0007399,0.3325555823745542,1
8499,1.0031,0,0.99981356,0.5409660203288009,1
8511,1.0018198,0,0.9994401,0.624989942875533,1
8512,1.0012114,0,0.9996817,0.5706278327567249,1
8513,1.0048349,0,1.0001577,0.46353957143240276,1
8521,1.0023773,0,0.9993421,0.6470351597071365,1
8526,1.00067,0,1.000187,0.45694209778206885,1
8527,0.99909276,0,0.9996022,0.5885161048086465,1
8529,1.0026296,0,1.0000029,0.49837745058599514,1
8534,1.0039735,0,1.0005592,0.3732131842197013,1
8538,1.0095481,0,0.9998189,0.5397591653927643,1
8545,1.0024028,0,0.999493,0.6130823075066377,1
8555,0.9950506,0,1.0013485,0.1956445946308365,1
8557,1.0009637,0,0.99928427,0.6600423740177541,1
8561,0.99834424,0,0.9996748,0.5721833346742833,1
8567,0.9959958,0,1.000666,0.3491833614932819,1
8582,1.0019215,0,1.0002044,0.4530265239895942,1
8591,1.0010337,0,0.9994045,0.632995413951243,1
8592,0.99830717,0,1.0005959,0.3649529326574946,1
8594,0.996994,0,1.0007496,0.33038324348968806,1
8598,1.0036377,0,0.99983394,0.5363799715718616,1
8604,1.0068653,0,0.99977636,0.549333547885322,1
8608,1.0031861,0,0.9998689,0.5285085954890445,1
8610,0.9873255,0,0.99973005,0.5597527288331055,1
8616,1.0005453,0,1.0002358,0.4459731273634242,1
8619,0.99919194,0,0.9997808,0.548341244937914,1
8625,1.0047432,0,0.9997991,0.5442245286561,1
8626,0.99186105,0,1.0002531,0.44208437256952826,1
8627,1.0030699,0,0.99916935,0.6858958886475179,1
8630,0.9864317,0,0.9995594,0.5981441252983614,1
8636,1.0026999,0,0.9989253,0.7407943787378979,1
8647,1.0032207,0,0.9994292,0.6274304717461849,1
8673,0.9984738,0,1.0001783,0.4588998846783061,1
8680,1.00763,0,0.9995585,0.5983452677877008,1
8681,0.99970645,0,0.99934447,0.6464987797355647,1
8694,1.0003966,0,0.9997835,0.5477244079706064,1
8697,0.99977815,0,1.000329,0.4250006704749645,1
8700,0.99115485,0,1.0008864,0.2995950331214633,1
8703,1.0094236,0,0.99971855,0.5623407621959395,1
8704,1.00245,0,0.9998572,0.5311502668490359,1
8707,0.99687487,0,0.99918455,0.6824764663287473,1
8708,1.0015364,0,1.0005915,0.36594523560490255,1
8714,1.0050039,0,0.9992288,0.6725266178560892,1
8716,1.0070404,0,0.99953073,0.604594094456513,1
8725,1.0047047,0,1.0007851,0.3223911819132673,1
8726,1.0064168,0,0.99983156,0.5369163515434334,1
8732,1.0072592,0,1.0009323,0.2892697186687049,1
8734,0.9974511,0,1.0002567,0.4412798026121705,1
8736,1.0023761,0,0.9993378,0.6480006436559659,1
8747,1.0047947,0,0.9998331,0.5365677045619117,1
8754,1.0048096,0,0.9996816,0.5706546517553035,1
8756,1.0024011,0,1.0003393,0.4226942365972055,1
8759,1.0024786,0,0.9997264,0.5605707082897524,1
8761,0.99341965,0,0.9992583,0.6658889157078874,1
8763,0.99898374,0,0.9998469,0.5334701102260841,1
8765,1.0013497,0,1.000107,0.4749376458283048,1
8766,1.0021609,0,1.000104,0.4756349397913482,1
8770,1.0020831,0,0.99988616,0.5246332501944377,1
8771,0.9998615,0,1.0006601,0.3505243114222115,1
8775,1.0005538,0,1.0000236,0.4937109448333199,1
8783,1.0018003,0,0.9995339,0.6038833909941803,1
8785,0.9951177,0,1.000211,0.4515514790677716,1
8799,1.0021265,0,0.99891007,0.7442272105559579,1
8804,1.0016577,0,0.99923396,0.6713599914179205,1
8813,1.0029589,0,0.9992857,0.659720546034811,1
8816,1.0029224,0,1.0000961,0.4774049936975353,1
8824,1.0020877,0,0.99993724,0.5131413093035107,1
8827,1.0079156,0,1.0003933,0.4105452302411028,1
8828,1.0035641,0,0.9999274,0.5153538766862445,1
8833,1.0015863,0,0.9999176,0.5175530345696892,1
8841,0.99814755,0,1.0001014,0.47619813876149863,1
8845,0.9974853,0,1.0001235,0.47123662402445887,1
8846,0.99986464,0,0.9999207,0.5168557406066457,1
8847,1.0033907,0,0.99945486,0.6216643870517875,1
8849,1.003776,0,1.0002269,0.44798455225681877,1
8865,1.0019876,0,1.0002049,0.45291924799527983,1
8872,1.0050067,0,0.9995719,0.595328130447609,1
8875,0.9940477,0,0.9992592,0.665687773218548,1
8876,1.0004486,0,1.0001801,0.4584975996996272,1
8879,1.0034343,0,0.99974656,0.5560382975299702,1
8886,1.0082397,0,0.9989718,0.7303349692922466,1
8902,1.0010117,0,0.99896383,0.7321318421970124,1
8908,1.0053889,0,0.99942553,0.6282618607021213,1
8910,1.002465,0,1.0001047,0.47547402579987663,1
8914,1.002942,0,0.9993831,0.6378094241961005,1
8917,1.001264,0,0.9998877,0.524284603212916,1
8926,1.0015675,0,0.99985796,0.530975943358275,1
8927,1.0060228,0,1.0004581,0.39595569501434813,1
8930,1.007341,0,0.9996153,0.5855660149650013,1
8939,0.9912916,0,0.9999269,0.5154611526805589,1
8941,1.0041288,0,0.9996037,0.5881808673264141,1
8942,1.001561,0,0.9993717,0.6403706385603561,1
8950,0.9994514,0,0.9996354,0.5810470137045083,1
8951,1.0040551,0,0.9998636,0.5297020409257918,1
8964,0.9973844,0,0.9991429,0.6918497063319655,1
8966,1.0027605,0,0.9994384,0.6253654088556333,1
8968,1.0043488,0,1.000343,0.421862847641269,1
8969,1.0008396,0,0.99995494,0.5091586880145895,1
8976,1.0009166,0,1.0005494,0.3754123421031459,1
8979,1.0031885,0,0.99981856,0.5398396223885,1
8990,1.0067965,0,0.9997376,0.5580497224233647,1
8991,0.9979128,0,0.99988353,0.5252232681631668,1
8992,1.0027735,0,0.9997096,0.5643521870893341,1
8993,1.0048083,0,0.99991655,0.5177944055568965,1
8994,1.0008848,0,0.9991609,0.687800037546598,1
8997,1.0069656,0,0.9998878,0.5242577842143374,1
9006,1.0036576,0,1.0001572,0.46364684742671713,1
9011,1.0006633,0,0.9999231,0.5163193606350739,1
9023,1.0005027,0,1.0002686,0.4385979027543112,1
9025,1.0013092,0,1.0005118,0.3838871456539813,1
9029,0.99060893,0,1.0001091,0.4744817228524687,1
9041,0.9979703,0,0.9999275,0.515327057687666,1
9042,0.9996102,0,0.9995043,0.6105345026416713,1
9046,1.0065923,0,0.9998869,0.5244723362029662,1
9050,0.9985109,0,0.999882,0.5255719151446885,1
9055,1.0025971,0,0.9993638,0.6421541019658326,1
9056,0.997003,0,1.0000911,0.4785313916378362,1
9058,0.9976926,0,1.0004512,0.3975111969319065,1
9068,1.0009403,0,0.9987744,0.7747472309383967,1
9075,1.0045453,0,1.0001979,0.4545015689114168,1
9080,0.99983585,0,0.9994379,0.6254726848499477,1
9087,1.0020306,0,1.0005779,0.3690026014428621,1
9092,1.0011901,0,0.99966115,0.5752541100115321,1
9108,1.0013586,0,0.9994094,0.6318958350095207,1
9110,1.0008377,0,0.99971086,0.5640705876042589,1
9128,1.0049021,0,0.99997497,0.504653096253386,1
9132,1.0082097,0,0.99951506,0.608120792769598,1
9134,1.0064219,0,0.9998826,0.5254378201517955,1
9142,0.9930738,0,0.9993465,0.6460428567597286,1
9144,1.0015529,0,1.0002878,0.43428004398315767,1
9147,1.0033922,0,1.000115,0.47314077292353907,1
9149,1.0025312,0,0.99983084,0.537077265534905,1
9151,1.0024819,0,0.9994186,0.6298173626196798,1
9153,1.0032246,0,0.99853337,0.8289752460643119,1
9158,1.0045356,0,0.99957216,0.5952744924504518,1
9164,1.0060486,0,1.0002575,0.44109206962212033,1
9169,0.9975406,0,1.0001217,0.4716389090031379,1
9171,1.0003645,0,1.0005758,0.3694853434172768,1
9179,0.9970716,0,0.9993272,0.6503875345294607,1
9181,1.0026193,0,0.9995674,0.5963472523935957,1
9193,0.99963444,0,1.0002499,0.44280848553115026,1
9199,1.00213,0,0.99931836,0.6523721404242766,1
9201,1.0032948,0,0.9990672,0.7088797704293721,1
9203,0.99554884,0,0.99929726,0.6571191031726875,1
9214,1.0025963,0,1.0001528,0.46463915037412507,1
9216,1.0034049,0,0.9988493,0.7579048998310403,1
9217,0.99878913,0,1.0003086,0.42958671923190384,1
9220,1.0010502,0,1.0003065,0.4300694612063185,1
9223,1.0077065,0,1.000126,0.4706734250543084,1
9225,1.0012157,0,1.0002257,0.4482527422426047,1
9226,0.99957603,0,0.9999844,0.5025343953656771,1
9227,1.0025197,0,0.99885345,0.7569662348807895,1
9232,1.0014044,0,0.999327,0.6504277630273285,1
9233,1.004827,0,0.99946654,0.6190361251910854,1
9244,0.99980307,0,0.9998049,0.5429103977257489,1
9251,1.005931,0,1.0003597,0.41810818784026604,1
9258,1.0045435,0,1.0012662,0.2141497036500657,1
9268,1.0018961,0,0.99927926,0.661168771958055,1
9282,0.9992246,0,0.9999755,0.5045324107597822,1
9292,1.0013509,0,1.0005641,0.3721136052779789,1
9324,0.99794114,0,0.99991906,0.517231206586746,1
9333,1.0019171,0,1.0009743,0.27982943116904013,1
9334,1.0070922,0,1.0006359,0.35596856813366584,1
9336,1.0005779,0,0.99970156,0.5661624694933891,1
9339,1.0030365,0,0.9994214,0.6291871161530829,1
9341,0.9947152,0,0.99833477,0.873655697696248,1
9360,1.0086643,0,0.99998504,0.5023868908734948,1
9368,0.98272675,0,0.99928594,0.6596669080376538,1
9375,1.0064732,0,0.99963576,0.5809665567087725,1
9376,0.99951917,0,0.99978095,0.5483010164400461,1
9381,1.0024058,0,0.99940276,0.6333842894306327,1
9382,1.0047914,0,1.0002404,0.4449271864188591,1
9395,1.005267,0,1.000041,0.48979537104084536,1
9404,1.0018293,0,1.0004227,0.4039209375921903,1
9407,0.9963679,0,1.000739,0.3327701343631829,1
9409,0.9863907,0,1.0002605,0.4404215946576555,1
9419,1.0031815,0,0.99986434,0.5295411269343202,1
9423,1.0001426,0,0.9996674,0.573846112586156,1
9424,0.99660605,0,0.99993587,0.5134497277871644,1
9427,0.99541765,0,0.9992075,0.677313809102368,1
9438,0.99847376,0,0.99883884,0.7602515622066672,1
9448,1.0018387,0,1.0001463,0.46611419529594766,1
9460,1.0023583,0,1.0000741,0.4823396894359965,1
9463,0.99943066,0,1.000006,0.49768015662295173,1
9473,1.0031474,0,0.99965656,0.576286641456808,1
9481,1.0001202,0,0.9999199,0.5170434735966959,1
9485,1.0054828,0,0.9992127,0.6761471826641994,1
9488,1.0019094,0,1.0000352,0.4911095019711964,1
9495,1.0007566,0,1.0007211,0.33679298414997183,1
9505,1.0042976,0,0.99974185,0.5570976479738247,1
9507,1.0000603,0,0.99916387,0.6871295625821332,1
9516,1.0056893,0,0.9998615,0.5301847829002064,1
9532,1.0041953,0,1.0000155,0.4955346367366642,1
9537,1.0008458,0,0.99971557,0.5630112371604044,1
9540,1.0025109,0,0.999973,0.5050956097299326,1
9544,0.9984091,0,1.0002644,0.43953656770456195,1
9545,1.0025644,0,0.99933803,0.6479470056588087,1
9558,0.99994826,0,0.9998803,0.5259473811247888,1
9568,0.9967997,0,0.99941677,0.630233057097648,1
9570,1.0015545,0,0.9998481,0.5331885107410089,1
9576,0.99813294,0,0.9995642,0.5970713653552177,1
9578,1.0068057,0,0.99933225,0.6492477270898704,1
9582,1.0011208,0,1.0000111,0.49652693968407224,1
9589,1.002078,0,0.9993284,0.6501193445436748,1
9599,0.9814371,0,0.99972236,0.5614825542414246,1
9612,1.0011115,0,0.9987111,0.7889881191836297,1
9615,1.0036855,0,0.99950856,0.6095824281921314,1
9618,0.9964809,0,0.9987937,0.7704025531686647,1
9622,0.99565715,0,1.0003854,0.4123152841472899,1
9623,1.0049697,0,1.0003887,0.4115643521870893,1
9625,1.0012155,0,1.0002377,0.4455440233861667,1
9628,0.99797535,0,0.99943876,0.6252849518598975,1
9629,1.0041403,0,0.99979067,0.5461152680558907,1
9630,1.003341,0,0.99921644,0.6753023842089736,1
9639,1.005243,0,0.99991536,0.5180625955426824,1
9641,1.0005239,0,0.9992645,0.6644943277818006,1
9647,0.99910873,0,1.0016358,0.13101080805642717,1
9653,1.0005647,0,0.99978304,0.5478316839649208,1
9658,0.999958,0,1.0000895,0.4788800386193579,1
9662,1.0015049,0,0.9996315,0.5819186311583125,1
9664,0.9983562,0,1.0003211,0.4267707243811516,1
9667,0.9969913,0,1.0004251,0.4033845576206184,1
9668,1.0029944,0,0.999704,0.565612680022528,1
9669,0.9968963,0,1.0004339,0.40139995172580256,1
9675,1.0033908,0,0.9995141,0.6083353447582267,1
9686,0.99951994,0,1.0000569,0.4862284442298924,1
9688,1.0042204,0,1.0001234,0.47126344302303746,1
9692,1.0037153,0,1.0003055,0.43028401319494725,1
9694,0.99577045,0,0.9991965,0.6797811569715987,1
9708,1.0008746,0,0.99999857,0.4993429345348245,1
9709,1.0001141,0,1.0003508,0.4200927937350819,1
9711,1.0030029,0,0.99939644,0.6348056963552982,1
9715,0.9999386,0,0.9999462,0.5111298844101162,1
9717,1.0017806,0,1.0001469,0.4659801003030547,1
9723,1.0037974,0,0.99976164,0.5526456942097782,1
9748,1.0045593,0,0.999773,0.5500844798455226,1
9751,1.0026367,0,0.99969876,0.566792715959986,1
9756,1.0021365,0,0.9993792,0.6386810416499048,1
9762,1.0027664,0,0.99936056,0.6428782149274546,1
9763,1.0006987,0,1.0001206,0.4718802799903452,1
9769,1.0047357,0,1.0002528,0.44213801056668545,1
9780,1.0019219,0,1.0000781,0.4814546624829029,1
9783,1.0065837,0,0.9998763,0.5268458175771717,1
9784,1.0032746,0,0.9989687,0.73103226325529,1
9789,1.0078622,0,0.9996387,0.580309491243597,1
9797,0.9891015,0,0.99957883,0.5937726285300506,1
9803,1.0001402,0,0.99992603,0.5156622951698984,1
9804,1.0115799,0,1.000054,0.48687210019577865,1
9805,1.0039257,0,0.99960464,0.5879663153377852,1
9811,1.0055468,0,0.99935555,0.6440046128677555,1
9817,1.0020107,0,1.000373,0.41510445999946366,1
9818,0.9972139,0,1.000313,0.4285944162844959,1
9831,1.0006942,0,0.99864423,0.8040335773862204,1
9839,0.99489623,0,0.99940723,0.6323785769839354,1
9841,1.0003989,0,0.99967253,0.5726928956472765,1
9850,1.0019441,0,1.0005031,0.38584493255021857,1
9859,0.9977914,0,1.0001135,0.47348941990506077,1
9860,1.0008408,0,0.99953306,0.6040711239842305,1
9871,1.001594,0,1.0001248,0.47094161504009435,1
9879,1.0028125,0,0.99909234,0.703220961729289,1
9880,1.0055469,0,1.0004163,0.4053691635154343,1
9885,1.0020549,0,0.9994271,0.6279132137205996,1
9889,1.0024552,0,0.99942756,0.6278059377262852,1
9900,1.0027764,0,1.000006,0.49768015662295173,1
9902,1.0056794,0,0.9992815,0.6606592109850618,1
9904,0.99902487,0,0.9993013,0.6562072572210154,1
9905,0.99987483,0,0.99958074,0.5933435245527932,1
9908,0.996835,0,0.99997187,0.5053503902164294,1
9915,1.0022721,0,0.99866855,0.7985625016761875,1
9916,0.99552196,0,1.0010571,0.261190227156918,1
9921,1.0033952,0,0.99983424,0.536312924075415,1
9930,1.0038037,0,0.9995798,0.5935580765414219,1
9932,0.99886256,0,0.99982274,0.5389009574382493,1
9933,1.0026509,0,1.0005586,0.37334727921259425,1
9935,1.0010117,0,0.9993025,0.6559390672352294,1
9936,1.0085381,0,1.0007006,0.3414058519054899,1
9940,0.998966,0,0.9997901,0.5462493630487837,1
9943,1.005393,0,0.99999815,0.49943680102984955,1
9944,1.0044767,0,1.0001034,0.47576903478424115,1
9963,0.9978664,0,0.99951345,0.608482849250409,1
9964,1.0044433,0,0.99951994,0.6070212138278757,1
9974,1.0023755,0,0.9995677,0.5962802048971492,1
9975,1.0004361,0,0.99982506,0.5383779869659666,1
9976,1.0027128,0,0.99954605,0.6011478531391639,1
9977,1.0025096,0,1.0004798,0.39107463727304426,1
9978,0.99285126,0,0.9989153,0.7430471746184997,1
9982,1.0049629,0,0.99972415,0.5610802692627457,1
9983,1.0037763,0,1.0000486,0.48807895513181543,1
9984,1.0064354,0,1.0003141,0.42835304529728857,1
9987,1.0058006,0,0.9994559,0.6214230160645802,1
9988,1.005007,0,0.9996966,0.5672754579344007,1
9992,1.0033863,0,1.0003024,0.43098130715799077,1
9994,0.9994534,0,0.9996854,0.5697964438007885,1
10011,1.002114,0,1.0003968,0.409740660283745,1
10014,0.9940517,0,1.0000217,0.4941400488105774,1
10022,1.0009215,0,0.9997324,0.5592297583608228,1
10024,1.001864,0,0.99893034,0.739667980797597,1
10031,0.9934465,0,0.999733,0.5590956633679298,1
10043,1.0015484,0,1.0003138,0.42843350229302435,1
10048,1.0019325,0,1.0003563,0.41885911980046664,1
10052,1.001967,0,0.9998083,0.542146056266259,1
10057,1.0005732,0,0.9992415,0.6696703945074691,1
10060,1.0079792,0,1.000405,0.4079169683804007,1
10061,1.00379,0,1.0008051,0.31788559015206375,1
10064,1.0024159,0,0.9999452,0.5113444363987449,1
10065,0.99835163,0,0.9999989,0.4992624775390887,1
10068,1.0052512,0,0.99888456,0.7499664762517768,1
10074,1.0058882,0,0.9999714,0.5054576662107437,1
10096,1.0086187,0,1.000106,0.4751790168155121,1
10097,1.0016975,0,1.0000846,0.4799796175610803,1
10100,1.0013725,0,1.001039,0.26526671494086407,1
10101,1.0084019,0,0.9995858,0.592203717113203,1
10102,1.0064718,0,0.9996935,0.5679727518974442,1
10107,0.9959817,0,0.9998224,0.5389814144339851,1
10109,0.9983326,0,1.0000273,0.4928795558773835,1
10110,0.9974257,0,0.99987274,0.5276503875345295,1
10113,0.98900735,0,1.0001423,0.4669992222490412,1
10114,1.0054896,0,1.0002505,0.4426743905382573,1
10129,1.0041189,0,0.99991786,0.517499396572532,1
10130,0.99983585,0,1.0000024,0.4984847265803095,1
10131,0.9985615,0,1.0003557,0.4189932147933596,1
10140,1.0000142,0,0.99985623,0.5313648188376646,1
10144,1.0007093,0,1.0005363,0.3783624319467911,1
10145,1.0019805,0,1.0002835,0.435245527931987,1
10155,0.9956984,0,1.0003312,0.4245179285005498,1
10156,1.0022956,0,0.99994826,0.5106605519349907,1
10157,0.99804205,0,0.9995085,0.6095958376914206,1
10162,1.0009879,0,0.9994085,0.6320969774988602,1
10164,1.0048115,0,0.99930453,0.6554831442593934,1
10165,1.0040383,0,0.99965125,0.5774800868935555,1
10166,1.003337,0,1.0003846,0.41250301713734006,1
10167,0.9968743,0,0.99890333,0.7457424839756484,1
10168,1.0064455,0,0.9996032,0.5882881433207284,1
10169,0.9981756,0,0.9999622,0.5075227291012954,1
10170,1.0014284,0,1.0000802,0.48097192050848825,1
10172,1.0059433,0,0.99980927,0.5419315042776303,1
10174,1.0033001,0,0.9993776,0.6390430981307158,1
10177,1.0012693,0,0.9995723,0.5952476734518732,1
10178,1.0047938,0,0.999516,0.6079062407809692,1
10199,1.0035195,0,0.9990823,0.7054737576098908,1
10202,0.98731285,0,0.9992877,0.6592646230589749,1
10203,1.0009022,0,0.99969554,0.567516828921608,1
10210,1.0008601,0,1.0006975,0.3421031458685333,1
10211,1.0060457,0,1.000227,0.4479577332582402,1
10213,1.0022013,0,0.9998135,0.5409794298280902,1
10214,1.0033989,0,1.0003374,0.423123340574463,1
10217,1.0016176,0,0.9995489,0.6005041971732776,1
10228,0.9964054,0,1.0004492,0.3979671199077427,1
10229,0.9879207,0,0.99962014,0.5844798455225682,1
10232,1.0035913,0,0.9998981,0.5219513503365785,1
10234,1.0018924,0,1.0000467,0.4885080591090729,1
10235,1.0075259,0,1.0001001,0.47649314774586315,1
10238,1.0033761,0,0.9994572,0.621141416579505,1
10251,1.0027521,0,0.9992445,0.6689865100437149,1
10255,0.99755466,0,0.9996457,0.5787271703274599,1
10256,1.0021689,0,0.9995953,0.5900716067262048,1
10257,1.004663,0,0.99942076,0.6293346206452651,1
10260,0.99718416,0,0.9988831,0.7502883042347199,1
10268,1.0010328,0,0.99966145,0.5751870625150857,1
10269,1.0015529,0,0.9999473,0.5108751039236195,1
10270,1.0006808,0,1.0000371,0.4906803979939389,1
10271,1.0049069,0,0.99987733,0.5266178560892536,1
10276,1.0053661,0,1.0007744,0.3248048917853408,1
10286,1.0011759,0,0.99913025,0.6946925201812965,1
10287,0.9999175,0,1.0001119,0.4738380668865825,1
10290,0.99846345,0,1.0004237,0.40370638560356154,1
10298,0.99908215,0,1.0007113,0.33899214203341643,1
10306,0.9991882,0,0.99932694,0.6504411725266179,1
10309,1.0016196,0,0.9996109,0.5865583179124092,1
10321,1.0017005,0,0.9994987,0.6117949955748652,1
10323,0.9925381,0,0.9998451,0.533872395204763,1
10331,1.0009624,0,1.000536,0.37844288894252687,1
10333,1.002245,0,1.0001359,0.46844744817228523,1
10335,0.99560857,0,1.0003307,0.4246252044948642,1
10338,1.0009247,0,1.000069,0.48349290637487596,1
10374,1.0014068,0,1.0001632,0.4623058974977874,1
10376,1.0006975,0,1.000374,0.4148899080108349,1
10378,0.9940087,0,1.0000178,0.49502507576367094,1
10379,1.0020171,0,0.9993682,0.6411617990184246,1
10386,1.003322,0,0.9997767,0.5492530908895862,1
10390,1.0047872,0,0.99968964,0.5688443693512484,1
10395,0.9966247,0,1.0003674,0.4163649529326575,1
10397,1.0000672,0,0.9993428,0.646874245715665,1
10405,1.001403,0,1.0001574,0.46362002842813854,1
10406,1.0066041,0,0.99965185,0.5773459919006625,1
10416,1.0006046,0,0.99980396,0.5431249497143777,1
10423,0.9918037,0,0.9986035,0.8131922654008099,1
10426,1.0017875,0,0.9996223,0.5839971035481535,1
10427,1.0007542,0,1.0004424,0.3994958028267225,1
10431,0.9990958,0,0.99990624,0.5201142489339448,1
10443,1.0010185,0,0.99950725,0.6098774371764959,1
10450,1.0020154,0,0.9993974,0.6345911443666694,1
10458,1.0046256,0,0.9995314,0.6044465899643308,1
10474,1.003098,0,0.999453,0.6220800815297557,1
10475,1.0094233,0,0.9993863,0.6370853112344785,1
10487,1.0054913,0,1.000776,0.3244294258052405,1
10488,0.9919381,0,1.0002532,0.44205755357094967,1
10493,0.9979327,0,0.9994131,0.6310644460535844,1
10506,0.99900734,0,0.9993658,0.6416981789899965,1
10511,1.0057367,0,1.0006231,0.3588382009815754,1
10513,0.99045473,0,1.0009845,0.27752299729128116,1
10526,1.0031071,0,0.9997885,0.5465980100303054,1
10527,0.99509,0,0.99980706,0.5424276557513342,1
10529,1.0005597,0,0.9997313,0.5594711293480301,1
10530,1.0050535,0,1.000108,0.47472309383967604,1
10533,0.9994168,0,0.99909794,0.7019604687960952,1
10535,0.9994868,0,1.0001963,0.4548502158929385,1
10536,1.0002493,0,0.9992692,0.6634349773379462,1
10546,1.0009034,0,0.9997194,0.5621530292058894,1
10548,1.0031116,0,0.99941206,0.6312924075415024,1
10561,1.0072306,0,0.99954087,0.6023144795773325,1
10563,0.9941282,0,1.0002388,0.4453026523989594,1
10564,0.99853426,0,0.9999683,0.5061549601737871,1
10565,1.0055746,0,1.0000018,0.4986188215732025,1
10582,1.0011591,0,0.99983287,0.5366213425590689,1
10590,1.0038198,0,0.9990169,0.7201973878295385,1
10595,1.0017468,0,0.99945986,0.6205379891114866,1
10601,1.0036229,0,0.9997572,0.5536514066564755,1
10602,0.9987662,0,0.9996747,0.5722101536728619,1
10604,1.002337,0,0.99943125,0.6269745487703489,1
10610,0.9973711,0,0.99943244,0.6267063587845629,1
10623,0.9953137,0,0.99971926,0.562179848204468,1
10627,1.0039554,0,1.0002304,0.447179982299461,1
10628,1.0035067,0,1.0001302,0.4697347601040577,1
10631,0.99954844,0,1.0001642,0.46209134550915865,1
10644,0.99860996,0,1.0005573,0.37364228819695877,1
10655,1.0030451,0,0.9993596,0.6430927669160833,1
10658,1.0023369,0,0.9999666,0.5065304261538874,1
10664,1.0007144,0,1.0002034,0.45326789497680153,1
10668,1.0060546,0,1.0002629,0.43988521468608366,1
10671,0.9993659,0,1.000412,0.40633464746426373,1
10679,1.004097,0,0.99933153,0.649408641081342,1
10682,1.0023003,0,1.0002887,0.43406549199452893,1
10684,1.0049247,0,0.9998263,0.5380963874808915,1
10686,1.002982,0,0.9999888,0.5015420924182691,1
10695,0.99794203,0,1.0006334,0.3565317671038163,1
10699,0.9986968,0,0.99896085,0.7328023171614773,1
10708,1.0048109,0,0.9991411,0.6922519913106444,1
10709,1.0011873,0,0.9991158,0.6979376190093062,1
10712,0.9996868,0,0.9995869,0.5919623461259956,1
10722,1.0073303,0,0.99960005,0.5889988467830611,1
10730,0.9981661,0,1.0001947,0.4552256818730389,1
10734,1.001322,0,1.0001124,0.4737307908922681,1
10741,0.99870855,0,0.9997275,0.5603293373025451,1
10744,0.99551696,0,1.0002759,0.43696194384101694,1
10748,1.0053283,0,1.0007212,0.33676616515139324,1
10752,1.0029832,0,0.99913096,0.6945316061898248,1
10757,0.9981205,0,1.0001272,0.4704052350685225,1
10761,0.9954364,0,1.0000205,0.4944082387963633,1
10774,1.0026543,0,1.0000328,0.49164588194276826,1
10778,1.0027242,0,1.0001198,0.47206801298039536,1
10780,1.0016875,0,0.99946266,0.6199077426448896,1
10788,0.9946752,0,0.99949473,0.6126934320272481,1
10794,1.0033699,0,0.9992058,0.6776892750824683,1
10806,1.0017315,0,0.9986985,0.7918309330329605,1
10807,1.0012567,0,0.99934936,0.6453992007938423,1
10808,0.99624574,0,1.0001789,0.45876578968541315,1
10818,1.0019513,0,0.99913293,0.6940890927132781,1
10819,1.0037614,0,0.99921745,0.6750744227210557,1
10830,0.99858874,0,1.0003613,0.41773272186016575,1
10833,0.99848175,0,1.0003637,0.4171963418885939,1
10835,1.0068916,0,1.0000187,0.4948105237750422,1
10839,1.0052851,0,0.99965644,0.5763134604553866,1
10845,0.9995511,0,0.9990531,0.7120444122616462,1
10851,1.0027604,0,1.0001318,0.4693592941239574,1
10855,1.0019934,0,0.99970686,0.5649690240566417,1
10857,1.0052446,0,0.9994051,0.6328613189583501,1
10858,1.0078329,0,0.99988353,0.5252232681631668,1
10859,1.0019454,0,1.0000631,0.4848338563038056,1
10860,1.0043803,0,0.99924093,0.6697910800010727,1
10861,0.99806345,0,0.9991071,0.6998954059055436,1
10862,1.0020679,0,1.0001185,0.4723630219647599,1
10879,1.0024322,0,0.9994438,0.6241451444203073,1
10888,0.9919322,0,0.999667,0.5739399790811811,1
10893,1.0072178,0,0.9999236,0.5162120846407595,1
10894,0.9891513,0,0.9993888,0.6365221122643281,1
10899,0.99848205,0,1.0000404,0.4899294660337383,1
10904,0.9994234,0,1.000191,0.4560570708289753,1
10905,1.0044659,0,1.0005122,0.38377986965966693,1
10908,1.0043287,0,1.0008817,0.300667793064607,1
10911,0.9957879,0,1.0009578,0.28353045297288604,1
10918,1.001969,0,0.99931514,0.6530962533858986,1
10927,0.99491525,0,0.999779,0.5487435299165929,1
10934,1.0021356,0,0.999781,0.5482876069407568,1
10940,1.0046843,0,1.0000267,0.4930136508702765,1
10947,1.0011293,0,0.999779,0.5487435299165929,1
10948,1.0024623,0,0.9998623,0.5299970499101563,1
10950,0.997404,0,1.0006776,0.3465819186311583,1
10966,0.99880964,0,1.0003655,0.416794056909915,1
10971,1.0026052,0,1.0006043,0.363075602756993,1
10981,1.0007032,0,0.9998947,0.5227156917960684,1
10984,0.9973717,0,0.99955034,0.6001823691903344,1
10999,0.9994777,0,1.0005525,0.3747150481401025,1
11013,1.008317,0,0.99940765,0.6322847104889103,1
11015,1.0039881,0,0.99898195,0.7280553544130662,1
11017,1.005479,0,1.0005089,0.3845308016198675,1
11032,0.9979645,0,0.99902576,0.7181993724354332,1
11034,1.002479,0,1.000354,0.4193686807734599,1
11035,1.0027415,0,0.99968964,0.5688443693512484,1
11041,1.0007728,0,1.0006309,0.35709496607396685,1
11043,0.9994749,0,0.99949425,0.6128007080215625,1
11044,1.0016994,0,1.0002437,0.4442030734572371,1
11056,1.0014483,0,0.9993671,0.641403170005632,1
11061,1.001384,0,1.0006554,0.35157025236677664,1
11074,1.0047762,0,0.9992103,0.6766835626357712,1
11081,0.99817735,0,1.0002215,0.44919140719285544,1
11085,1.0081872,0,0.99973404,0.5588542923807225,1
11086,1.0031425,0,0.9997631,0.552323866226835,1
11092,1.0004091,0,1.0002862,0.4346286909646794,1
11096,0.9996421,0,0.999719,0.5622334862016252,1
11103,1.0046074,0,1.0006678,0.348781076514603,1
11116,1.0064692,0,1.0009658,0.2817335800681202,1
11117,1.0061048,0,0.99990433,0.5205433529112022,1
11118,1.002545,0,0.99965274,0.5771448494113229,1
11119,0.99257237,0,1.0000567,0.486255263228471,1
11123,1.0025425,0,0.9992217,0.6741223482715155,1
11126,0.9985182,0,0.9991795,0.6836162737683376,1
11127,0.9928508,0,0.9991138,0.6983935419851423,1
11141,0.9950644,0,1.0005635,0.37224770027087184,1
11155,0.9995776,0,0.9997396,0.5576072089468179,1
11156,0.9967873,0,1.000741,0.33231421138734685,1
11169,1.0017354,0,0.9988434,0.7592324402606807,1
11170,0.9996468,0,1.0000122,0.4962855686968649,1
11171,1.0038204,0,1.0000573,0.48612116823557805,1
11176,1.0011481,0,0.9992126,0.6761605921634886,1
11178,0.99898773,0,1.0004209,0.40432322257086917,1
11181,1.0005829,0,0.9997019,0.5660820124976533,1
11192,1.0011663,0,0.9996744,0.5722772011693084,1
11193,1.0004314,0,1.0004798,0.39107463727304426,1
11196,1.0021261,0,1.0002664,0.4390806447287259,1
11197,1.0065234,0,0.9999784,0.5038753452946068,1
11200,1.0027951,0,0.99988365,0.5251964491645882,1
11201,1.0017703,0,0.99955094,0.6000482741974414,1
11205,0.9989766,0,0.99993944,0.5126451578298066,1
11206,1.0044818,0,1.0003736,0.4149703650065707,1
11209,1.0021869,0,0.99936086,0.6428111674310082,1
11214,0.9983578,0,0.9990524,0.7122053262531177,1
11216,1.00009,0,1.0001136,0.4734626009064822,1
11218,0.9928602,0,0.9996093,0.5869203743932201,1
11222,1.0002313,0,0.99853325,0.8290020650628905,1
11234,0.9984426,0,0.99972886,0.5600209188188914,1
11242,1.0009221,0,1.0003066,0.4300426422077399,1
11252,1.0011235,0,1.000209,0.4520074020436077,1
11253,0.99721867,0,0.9993272,0.6503875345294607,1
11254,1.0000222,0,1.000136,0.46842062917370664,1
11262,1.0005864,0,0.99976444,0.5520154477431813,1
11269,1.0019431,0,1.0001496,0.46536326333574707,1
11285,0.99988544,0,0.9998754,0.5270469600665111,1
11296,0.9982545,0,1.0000286,0.492584546893019,1
11298,0.99953526,0,1.0004357,0.40099766674712367,1
11320,0.9977908,0,0.9996252,0.583340038082978,1
11331,1.0087166,0,0.99954844,0.600611473167592,1
11343,0.9988319,0,1.0000767,0.48177649046584603,1
11344,1.0007651,0,1.0002385,0.44535629039611657,1
11360,1.0026524,0,1.0002652,0.4393488347145118,1
11366,1.0018419,0,1.0003259,0.4256979644380079,1
11370,1.0009943,0,1.0001788,0.45879260868399174,1
11376,0.99673647,0,1.0005846,0.36750073752246093,1
11383,1.0010141,0,1.0003047,0.4304717461849975,1
11386,1.0025395,0,0.99968815,0.5691796068334809,1
11403,1.0032322,0,1.0003537,0.4194491377691957,1
11406,1.0068438,0,1.000641,0.35481535119478635,1
11408,1.0017352,0,1.0008463,0.30863303564244915,1
11415,0.9992072,0,0.9996746,0.5722235631721512,1
11419,1.0052112,0,0.99989384,0.5229034247861185,1
11420,0.99787426,0,1.0008175,0.31509641429989,1
11421,1.0038368,0,0.9990836,0.7051921581248156,1
11425,0.9976079,0,0.9997329,0.5591090728672191,1
11426,1.0035303,0,1.0004953,0.3875881674578271,1
11437,0.9997695,0,0.99984765,0.5332957867353233,1
11443,1.002038,0,0.9993195,0.6521173599377799,1
11445,0.9892442,0,0.99910414,0.7005658808700084,1
11447,0.99772316,0,0.999269,0.6634752058358141,1
11452,1.0008395,0,1.0002623,0.4400193096789766,1
11454,0.9994548,0,1.0000467,0.4885080591090729,1
11459,0.9940934,0,0.9995756,0.5944967414916726,1
11462,0.9986943,0,0.9997556,0.5540000536379972,1
11467,1.0000981,0,0.9997703,0.5507013168128302,1
11474,1.002605,0,1.000291,0.43355593102153567,1
11479,0.99621457,0,0.99980885,0.5420253707726553,1
11482,1.0067322,0,1.0004957,0.3875077104620913,1
11488,1.0008786,0,0.99927664,0.661758789926784,1
11491,0.9944335,0,0.9998931,0.5230643387775901,1
11495,1.002753,0,0.99943006,0.6272427387561348,1
11497,1.0040699,0,0.9996014,0.5886904282994073,1
11498,1.0027603,0,1.0009105,0.29417759540858746,1
11504,0.99918157,0,0.9991131,0.6985544559766138,1
11510,1.0061407,0,0.99976885,0.5510231447957733,1
11517,1.0013733,0,0.9994816,0.6156435218708933,1
11523,0.9977523,0,0.9995498,0.6003030546839381,1
11524,1.0053314,0,1.0007125,0.3387239520476305,1
11527,1.0021,0,0.99942225,0.6289993831630327,1
11532,0.9965097,0,1.0001302,0.4697347601040577,1
11541,1.0022827,0,0.99970865,0.5645667390779628,1
11552,1.003965,0,1.0003548,0.41920776678198834,1
11558,1.0049124,0,0.99976647,0.5515595247673453,1
11566,1.0019348,0,1.0003494,0.420414621718025,1
11567,1.0015483,0,1.0005625,0.3724622522595006,1
11582,0.998632,0,1.000186,0.4571834687692762,1
11583,1.0032812,0,1.0002636,0.4397243006946121,1
11587,1.0050051,0,0.99993193,0.5143347547402579,1
11591,0.9957507,0,1.0003972,0.40966020328800923,1
11603,0.9982195,0,0.99914104,0.6922654008099338,1
11608,0.9950591,0,1.0000461,0.4886421541019659,1
11615,1.0000498,0,1.0013485,0.1956445946308365,1
11619,1.0050865,0,0.9992982,0.6569045511840588,1
11623,1.0024785,0,1.0001551,0.4641295894011318,1
11624,1.0024353,0,1.0004283,0.4026604446589964,1
11630,0.9935212,0,0.9993266,0.6505216295223537,1
11633,0.9974873,0,1.0008117,0.31641054523024115,1
11635,1.0022519,0,0.9999341,0.5138520127658432,1
11649,0.9960559,0,0.99906754,0.7087993134336363,1
11652,1.009181,0,1.0005171,0.3826802907179446,1
11657,1.004103,0,0.99874645,0.7810362861050768,1
11666,0.9934879,0,0.9999329,0.5141202027516292,1
11671,1.0012105,0,1.0000048,0.49794834660873766,1
11675,1.0025988,0,1.0001854,0.45731756376216914,1
11681,1.0064042,0,0.99974775,0.5557701075441843,1
11683,0.9978652,0,0.9987732,0.7750154209241826,1
11689,1.0018522,0,0.9987942,0.7702952771743503,1
11699,0.98287386,0,0.99969673,0.5672486389358221,1
11703,1.0078533,0,0.99995613,0.5088904980288036,1
11708,0.99786377,0,0.9997519,0.5548314425939336,1
11712,1.0003461,0,1.0010405,0.26494488695792096,1
11713,0.995971,0,0.9982685,0.8885670609059457,1
11721,1.000107,0,0.9994651,0.6193579531740285,1
11738,0.99552333,0,0.9995447,0.6014562716228176,1
11750,1.0010891,0,0.9995365,0.6032933730254513,1
11753,1.0032268,0,1.0003093,0.4294258052404323,1
11758,1.0043511,0,1.000051,0.48754257516024346,1
11762,0.9988768,0,0.999475,0.6171319762920053,1
11777,0.9988897,0,1.0008178,0.3150427763027328,1
11778,0.99986935,0,0.9996804,0.5709228417410894,1
11782,1.003098,0,0.99970144,0.5661892884919677,1
11786,0.9990448,0,0.99995595,0.5089307265266715,1
11798,0.9988164,0,1.0009811,0.27830074825006035,1
11800,1.0018517,0,0.9999863,0.5021052913884196,1
11807,0.99695617,0,0.9996333,0.5815163461796337,1
11809,1.0021813,0,1.0007292,0.3349692922466275,1
11810,0.9901193,0,0.9990449,0.7138949231635691,1
11812,1.0038948,0,1.0002592,0.44071660364202003,1
11828,0.9979884,0,1.0005741,0.3698608093973771,1
11829,0.99996614,0,0.99923754,0.6705554214605627,1
11831,1.000484,0,0.99951065,0.6091130957170059,1
11836,0.9977831,0,1.0001909,0.4560838898275539,1
11841,0.9999671,0,1.0005445,0.3765119210448682,1
11853,0.9999507,0,0.9998915,0.5234263952584011,1
11863,0.9998359,0,0.9991204,0.6969050875640304,1
11878,1.0095481,0,0.99987817,0.5264301230992035,1
11896,1.0037214,0,0.9994712,0.6179901842465203,1
11897,1.0034953,0,0.99838364,0.8626599082790248,1
11899,1.0024664,0,0.9991542,0.6893019014669992,1
11905,1.0041056,0,0.99973434,0.558787244884276,1
11906,1.0011816,0,1.0007656,0.32678949768015664,1
11914,1.0026339,0,0.99907136,0.7079411054791214,1
11916,0.9928013,0,1.0002047,0.452972885992437,1
11920,0.9964474,0,0.99935025,0.6451980583045029,1
11925,1.0033913,0,0.9993942,0.6353152573282914,1
11935,1.0081848,0,1.0006288,0.3575508890498029,1
11942,0.99844563,0,1.0003558,0.418966395794781,1
11950,0.99897957,0,0.99996495,0.5069058921339877,1
11961,1.0001869,0,0.9990375,0.7155577010754419,1
11967,1.0016756,0,1.0001522,0.46477324536701803,1
11973,0.99969023,0,0.9997312,0.5594979483466087,1
11974,1.0036606,0,1.0006346,0.35626357711803036,1
11983,1.0007449,0,1.001009,0.27202510258266954,1
11984,0.996634,0,1.0010185,0.2698795826963821,1
11990,1.0010337,0,1.000344,0.4216214766540617,1
120,0.80330485,1,1.000135,0.46866200016091397,2
172,0.9776039,1,0.9996731,0.5725588006543836,2
265,0.9773027,1,1.0001882,0.4566739077962829,2
1025,0.9576006,1,0.9999447,0.5114651218923485,2
1466,0.97236496,1,0.9991945,0.6802370799474348,2
1569,0.9799103,1,1.0004455,0.39879850886367907,2
1713,0.9633507,1,0.9992981,0.6569313701826374,2
2314,0.9731295,1,0.99921834,0.6748732802317161,2
2364,0.95858806,1,0.99921775,0.6750073752246091,2
2438,0.9631898,1,1.0000571,0.48617480623273523,2
2722,0.97461486,1,0.99900377,0.7231474776731837,2
2865,0.9790441,1,1.0000683,0.4836538203663475,2
2913,0.95408744,1,1.0003418,0.42213103762705495,2
3447,0.9769753,1,1.0004184,0.4048864215410196,2
3977,0.9566272,1,0.9998375,0.5355754016145038,2
4567,0.97749674,1,0.99985075,0.5325984927722799,2
4694,0.93436027,1,0.99977696,0.549199452892429,2
4758,0.9661472,1,0.99931216,0.6537667283503634,2
4846,0.9583225,1,0.9996507,0.577600772387159,2
5482,0.9525688,1,1.0002251,0.44838683723549766,2
5496,0.9756114,1,1.0004538,0.39692117896317747,2
5514,0.88712984,1,1.0000015,0.49867245957035966,2
5623,0.97917414,1,1.0002455,0.4438007884785582,2
6032,0.9476322,1,1.0002898,0.4338241210073216,2
6200,0.97546107,1,0.99942434,0.6285300506879072,2
6662,0.96012706,1,1.000027,0.4929600128731193,2
7344,0.9780874,1,0.9997499,0.5552873655697697,2
7915,0.96661425,1,0.99869156,0.793386434950519,2
8068,0.95047295,1,1.0009252,0.29087885858342044,2
8161,0.97097176,1,1.0005121,0.3838066886582455,2
8172,0.97507083,1,0.99966824,0.5736583795961059,2
8228,0.9637466,1,0.99999917,0.4992088395419315,2
8322,0.9544268,1,0.9998599,0.5305334298817281,2
8899,0.9696272,1,1.0000722,0.48276879341325396,2
9039,0.9413943,1,0.999565,0.5968836323651675,2
9067,0.96398336,1,0.99968934,0.568911416847695,2
9101,0.9199001,1,0.99972117,0.5617507442272105,2
9445,0.9763486,1,1.000049,0.48799849813607965,2
10019,0.95989597,1,0.9997494,0.555394641564084,2
10076,0.95279706,1,1.0002995,0.4316517821224556,2
10181,0.91479766,1,0.99978876,0.5465443720331482,2
10190,0.9734347,1,0.999521,0.6067798428406683,2
10515,0.9792536,1,0.99957824,0.5939067235229436,2
10620,0.97567856,1,0.9994315,0.6269209107731917,2
10636,0.97071433,1,0.9993384,0.6478665486630729,2
11339,0.9693198,1,1.0003829,0.41287848311744035,2
11700,0.97485435,1,0.99952614,0.6056266259017888,2
11811,0.95131654,1,0.9995519,0.5998337222088127,2
15,1.0063777,0,0.9997071,0.5649153860594845,2
17,0.9994649,0,1.0004287,0.40257998766326064,2
22,1.0021524,0,0.9993111,0.6540080993375708,2
24,1.0023084,0,1.0005345,0.37876471692547,2
28,1.0020536,0,1.0003066,0.4300426422077399,2
31,1.0052019,0,1.0005003,0.3864617695175262,2
35,1.0019803,0,0.99973536,0.558559283396358,2
56,0.99506074,0,1.000323,0.4263416204038941,2
58,1.0017385,0,0.99960077,0.5888379327915896,2
59,1.0045544,0,0.9995216,0.6066457478477754,2
63,0.9966708,0,0.9997828,0.547885321962078,2
69,0.98599964,0,0.9998561,0.5313916378362432,2
70,0.9962626,0,0.9997376,0.5580497224233647,2
71,1.0040159,0,1.000116,0.4729262209349103,2
74,1.0000757,0,0.9996433,0.5792635502990318,2
82,1.0021762,0,1.0003132,0.4285675972859173,2
86,1.0001237,0,0.9997022,0.5660149650012068,2
97,0.99864256,0,1.0008276,0.3128436184192882,2
100,1.0051003,0,1.0000817,0.48065009252554514,2
102,0.9988395,0,0.9998641,0.5295947649314774,2
107,1.0005698,0,1.0003458,0.4212191916753828,2
115,1.0042989,0,0.999743,0.556842867487328,2
118,1.0041118,0,0.9996301,0.5822404591412557,2
123,0.99991494,0,1.0006679,0.3487542575160244,2
125,1.0035219,0,0.9997891,0.5464639150374124,2
127,0.9981964,0,0.99963546,0.581033604205219,2
136,1.0003216,0,0.999658,0.5759648134738649,2
138,1.0060123,0,0.9997518,0.5548582615925122,2
145,0.9975922,0,0.9996501,0.577734867380052,2
148,1.0031378,0,0.99943066,0.6271086437632418,2
152,1.0004249,0,0.9996258,0.583205943090085,2
153,1.0010338,0,1.0000126,0.49617829270255054,2
154,0.9991019,0,0.9997026,0.5659345080054711,2
158,1.0052892,0,0.9997997,0.5440770241639177,2
159,1.003278,0,0.9996669,0.5739533885804704,2
162,0.9991907,0,0.9997947,0.5452034221042186,2
169,1.0023123,0,1.000753,0.3296054925309089,2
177,1.0043085,0,0.9995823,0.5929948775712715,2
203,1.0052624,0,1.0001549,0.464183227398289,2
216,0.99247295,0,0.9994602,0.6204575321157508,2
219,1.0023499,0,0.9996693,0.5734170086088985,2
222,1.0017506,0,0.99982727,0.5378818354922628,2
224,0.9994774,0,1.0001241,0.4711025290315659,2
225,1.0015004,0,1.000019,0.494756885777885,2
234,1.0037159,0,0.9991598,0.6880414085338054,2
235,0.9992691,0,0.9986614,0.800171641590903,2
240,0.9994285,0,0.9994569,0.6212084640759514,2
243,0.99521005,0,1.000806,0.3176978571620136,2
244,0.9959718,0,1.0005369,0.3782283369538981,2
251,1.0049227,0,0.99988425,0.5250623541716952,2
255,1.0001996,0,1.0003835,0.4127443881245474,2
256,0.99741334,0,0.99887896,0.7512269691849707,2
262,0.9992076,0,0.99923205,0.671789095395178,2
270,1.003819,0,1.0000433,0.4892858100678521,2
291,1.0011418,0,1.0000134,0.496017378711079,2
293,0.9988213,0,1.0006568,0.3512484243838335,2
296,1.0052141,0,1.0003402,0.42247968460857677,2
314,0.9975281,0,1.0002174,0.4501032531445276,2
315,0.98953134,0,0.99986136,0.530211601898785,2
318,1.0028516,0,1.0002217,0.44913776919569826,2
326,1.0053754,0,0.99958897,0.5914930136508703,2
332,0.9981211,0,1.0006458,0.35374259125164265,2
344,1.0024214,0,1.0009257,0.29077158258910607,2
346,0.99841386,0,0.9993124,0.6537130903532062,2
350,1.0001147,0,1.000438,0.4004881057741304,2
362,1.0021251,0,1.0000627,0.4849143132995414,2
377,1.0002049,0,0.99963546,0.581033604205219,2
383,1.0081339,0,0.99989855,0.5218440743422641,2
385,0.9953303,0,0.9996749,0.5721565156757047,2
388,1.0035686,0,1.0001404,0.4674283262262987,2
391,0.9986395,0,0.99973345,0.5589883873736154,2
401,1.0046353,0,1.0010132,0.2710864376324188,2
405,1.0038321,0,1.0002881,0.4341995869874219,2
409,1.0046295,0,0.9998026,0.5434333681980315,2
416,1.0031313,0,0.9992204,0.67441735725588,2
421,1.0089947,0,1.0001826,0.4579344007294768,2
425,1.0001599,0,1.0003196,0.4271193713626733,2
426,1.003884,0,0.9999001,0.5214954273607424,2
433,1.0064498,0,1.0000311,0.49202134792286856,2
441,1.0076814,0,0.9996321,0.5817845361654196,2
443,0.9951569,0,0.9999548,0.5091855070131681,2
444,0.9990004,0,0.99977696,0.549199452892429,2
448,0.99912524,0,1.0006711,0.3480301445544023,2
453,0.9992276,0,1.0002809,0.43583554590071605,2
465,1.0016392,0,0.99964225,0.5795049212862391,2
466,0.99236166,0,1.000353,0.41961005176066724,2
469,1.0004436,0,1.000608,0.36224421380105665,2
470,1.000553,0,0.9991988,0.6792715959986054,2
488,1.0013186,0,1.0000153,0.4955882747338214,2
489,1.0034897,0,1.0005745,0.3697803524016413,2
490,1.0008335,0,1.0002514,0.44245983854962856,2
491,0.9983726,0,1.0005004,0.3864349505189476,2
495,1.0009326,0,0.9999832,0.502802585351463,2
499,0.99943584,0,1.0000118,0.4963660256926007,2
509,1.0047655,0,0.9996779,0.5714860407112399,2
516,0.9992924,0,1.0009104,0.29420441440716605,2
520,1.0004417,0,1.0007406,0.3323946683830826,2
523,1.0039542,0,0.99973464,0.5587201973878295,2
535,1.0042416,0,0.99959767,0.589535226754633,2
543,1.0097963,0,0.9996276,0.5828036581114061,2
559,1.002153,0,1.0001645,0.46201088851342287,2
566,1.0030587,0,1.0002162,0.4503714431303135,2
576,0.99786496,0,1.0002512,0.44251347654678574,2
577,0.9904306,0,0.9991553,0.6890605304797919,2
590,1.0094858,0,0.9991815,0.6831603507925015,2
593,1.0029349,0,0.99977565,0.5494944618767935,2
598,0.9987591,0,1.0000068,0.4974924236329016,2
604,1.0032153,0,1.0005267,0.3805347708316571,2
606,0.9959869,0,1.0013372,0.1981923994958028,2
613,1.0027713,0,1.0005391,0.37774559497948346,2
617,0.9986608,0,1.0000381,0.4904390270067316,2
621,1.0069251,0,1.0001093,0.4744280848553115,2
622,1.0006254,0,1.0007979,0.3195215490653579,2
625,0.99353385,0,1.000455,0.39665298897739154,2
628,0.999184,0,1.0009795,0.27864939523158205,2
637,0.99847955,0,0.9994383,0.6253922278542119,2
643,1.0044819,0,1.0003828,0.41290530211601895,2
662,0.985445,0,0.9998951,0.5226218253010433,2
668,1.0080972,0,1.000681,0.3458041676723791,2
672,1.0011449,0,0.99860156,0.8136347788773567,2
677,0.9996409,0,0.99952126,0.6067262048435111,2
681,1.0008651,0,1.0000196,0.49462279078499205,2
683,1.007103,0,1.0004832,0.39032370531284366,2
692,1.0070524,0,0.99954426,0.6015501381178427,2
701,0.9905605,0,1.0003719,0.415345830986671,2
706,1.003086,0,1.0013603,0.19298951377155582,2
707,1.0014032,0,0.9998325,0.5367017995548047,2
710,1.000465,0,1.0001327,0.46917156113390723,2
716,1.0015947,0,1.0003399,0.42256014160431254,2
722,1.0015038,0,0.99974394,0.5566283154986993,2
731,0.9983163,0,0.99999154,0.5009252554509614,2
741,1.0023417,0,1.0001054,0.4753131118084051,2
745,1.0054749,0,0.9992156,0.6754901171990237,2
749,1.0026121,0,1.0000664,0.484082924343605,2
756,1.0005594,0,1.0004699,0.39330061415506745,2
773,0.9969959,0,1.0004913,0.38850001340949925,2
774,0.9976192,0,1.0002427,0.4444176254458658,2
779,1.0041398,0,0.9997456,0.556252849518599,2
784,1.0057994,0,1.0007275,0.3353447582267278,2
791,1.001483,0,1.0002357,0.4459999463620028,2
801,1.0008259,0,0.9998629,0.5298629549172633,2
807,1.0019153,0,1.0005039,0.3856571995601684,2
810,1.0006672,0,0.9997829,0.5478585029634994,2
818,1.0058013,0,1.000452,0.39732346394185636,2
826,1.0007299,0,1.000263,0.43985839568750507,2
828,1.0040848,0,0.99971735,0.5626089521817255,2
837,1.002679,0,1.0001111,0.4740257998766326,2
841,1.0023609,0,0.9999317,0.5143883927374152,2
843,1.0001231,0,1.0001707,0.46061630058733605,2
846,1.0050765,0,1.0004098,0.4068173894386784,2
848,0.9986876,0,0.99984443,0.5340198996969453,2
853,1.001778,0,1.0001802,0.45847078070104863,2
857,0.98636794,0,0.99966705,0.5739265695818918,2
864,1.0026759,0,1.0000428,0.48939308606216647,2
865,1.0060407,0,1.0001035,0.47574221578566256,2
868,0.99930435,0,0.9998983,0.5218977123394213,2
876,1.0011264,0,1.0004219,0.4041086705822404,2
877,1.0000663,0,0.99951494,0.6081476117681766,2
882,1.0028197,0,0.99963796,0.5804704052350685,2
895,0.99797505,0,0.99989927,0.5216831603507925,2
896,0.997081,0,1.0001919,0.45584251884034654,2
903,1.0002824,0,0.99995685,0.508729584037332,2
904,1.0062253,0,1.0003891,0.41148389519135353,2
905,1.0065705,0,0.99940264,0.6334111084292113,2
907,1.0030538,0,1.0002825,0.43546007992061575,2
915,0.9957403,0,0.9995265,0.6055461689060531,2
926,0.98750985,0,0.99987257,0.5276906160323973,2
936,1.004004,0,0.9997778,0.5490117199023788,2
946,1.0035785,0,0.9997121,0.5637889881191837,2
949,1.002383,0,1.0003068,0.4299890042105827,2
951,1.0022123,0,0.99918365,0.6826776088180868,2
967,1.0012102,0,0.9994328,0.6266259017888272,2
973,1.0012697,0,0.9998872,0.5243918792072304,2
980,1.0020809,0,0.9994844,0.6150132754042964,2
984,1.0030835,0,1.000187,0.45694209778206885,2
997,1.0033202,0,0.9990692,0.708423847453536,2
1006,1.0013251,0,0.99978137,0.5482071499450211,2
1011,1.0028392,0,0.99928606,0.6596400890390752,2
1014,1.0082486,0,1.0008674,0.30388607289403813,2
1018,1.0013843,0,0.99938166,0.6381312521790437,2
1020,1.0003902,0,1.0002445,0.44401534046718694,2
1021,1.0025033,0,1.0003576,0.4185641108161021,2
1023,1.0041392,0,0.999699,0.5667390779628289,2
1026,1.0058519,0,0.9999676,0.5063158741652587,2
1029,0.9995142,0,0.99907875,0.7062783275672486,2
1030,1.0042422,0,1.0008575,0.3061120497760613,2
1040,1.0001748,0,0.99976325,0.5522836377289673,2
1051,1.0007983,0,0.999382,0.6380507951833079,2
1058,0.99807405,0,0.9993855,0.6372730442245287,2
1060,1.00522,0,1.0001404,0.4674283262262987,2
1063,1.002754,0,0.9999794,0.503660793305978,2
1064,0.9924072,0,1.0007087,0.3395821600021455,2
1081,1.0007246,0,1.0002115,0.45144420307345723,2
1082,0.99688345,0,1.0002038,0.45316061898248716,2
1084,0.99558127,0,0.9997841,0.5475903129777134,2
1088,1.0007075,0,1.0008055,0.31780513315632797,2
1089,1.0005254,0,0.99962246,0.5839568750502856,2
1090,1.0044831,0,0.99994767,0.5107946469278837,2
1092,1.0031593,0,0.99995387,0.5094000590017969,2
1099,1.005709,0,1.0001768,0.4592485316598278,2
1102,1.0059636,0,1.0007567,0.3287741035749725,2
1103,1.0025506,0,1.0002214,0.44921822619143403,2
1108,0.9950946,0,0.9993248,0.6509239145010326,2
1110,0.99916863,0,0.9996209,0.5843055220318074,2
1111,0.9995923,0,1.0000238,0.4936573068361627,2
1113,1.0022992,0,0.99938905,0.6364684742671709,2
1122,0.9999331,0,1.000547,0.37594872207471774,2
1126,0.9983701,0,0.9997537,0.5544291576152547,2
1128,0.9963619,0,0.9999974,0.4996111245206104,2
1131,0.99506724,0,0.9998785,0.5263496661034677,2
1137,0.99861526,0,1.0007433,0.3318046504143535,2
1145,1.0081756,0,0.9997393,0.5576742564432644,2
1146,0.9973716,0,0.999995,0.5001475044921823,2
1148,0.9983048,0,1.000603,0.36337061174135754,2
1155,0.9981012,0,0.99987495,0.5271542360608255,2
1160,1.0033888,0,0.9997004,0.5664172499798857,2
1166,1.0076865,0,0.9998859,0.5246868881915949,2
1174,1.001559,0,1.000138,0.46796470619787056,2
1177,1.0022814,0,0.99987686,0.526725132083568,2
1179,1.0057861,0,1.0006499,0.3528039263013919,2
1180,1.0025032,0,0.99992514,0.5158634376592378,2
1183,1.0027757,0,0.9996463,0.5785930753345669,2
1187,0.9993572,0,1.0002211,0.4492718641885912,2
1203,1.0040914,0,0.9992732,0.6625365408855634,2
1209,0.9995805,0,0.9997798,0.5485557969265428,2
1214,0.9995055,0,1.0010477,0.2633089280446268,2
1217,0.99686015,0,0.9999424,0.5119746828653418,2
1218,1.0022656,0,1.0004461,0.3986644138707861,2
1224,1.0031346,0,1.0011059,0.25022125673827345,2
1232,0.99822676,0,0.9996724,0.5727197146458551,2
1234,1.0022068,0,0.9997947,0.5452034221042186,2
1236,1.0043966,0,0.99973726,0.5581301794191005,2
1238,1.0016773,0,1.001039,0.26526671494086407,2
1245,1.0063468,0,1.0003326,0.4241961005176067,2
1249,0.9989856,0,1.0003673,0.4163917719312361,2
1251,0.9960646,0,0.9994633,0.6197602381527074,2
1256,1.002276,0,1.0001197,0.47209483197897395,2
1257,0.99656916,0,0.9995158,0.6079598787781264,2
1259,0.99854237,0,0.9998815,0.5256791911390029,2
1264,1.0045413,0,1.0014164,0.18035776544103843,2
1270,0.99990594,0,0.9993055,0.6552685922707646,2
1275,0.99943733,0,1.0003468,0.42100463968675406,2
1284,1.0007459,0,0.9979162,0.9678172017056883,2
1292,1.0049287,0,0.99973035,0.5596856813366589,2
1293,1.0037372,0,1.0000424,0.48947354305790225,2
1312,1.0067476,0,0.9997096,0.5643521870893341,2
1319,0.9977512,0,1.0001763,0.4593558076541422,2
1320,0.99945986,0,1.000409,0.40700512242872855,2
1326,1.0049891,0,0.99983275,0.5366481615576475,2
1329,0.99821866,0,0.99975014,0.5552337275726125,2
1330,1.0027809,0,1.0004736,0.3924692251991311,2
1332,0.99879664,0,0.99949086,0.6135650494810524,2
1337,1.0008482,0,0.99961174,0.586370584922359,2
1339,0.99929124,0,0.9998286,0.5375868265078982,2
1340,1.0013407,0,1.0009125,0.2937216724327514,2
1358,1.0002866,0,1.0003053,0.43033765119210454,2
1360,1.0038825,0,1.0010139,0.27092552364094724,2
1369,1.0053178,0,1.0005798,0.36857349746560464,2
1372,0.9962715,0,0.99919295,0.6805857269289565,2
1379,1.0008755,0,1.0003725,0.41521173599377803,2
1381,0.99978477,0,0.99965453,0.576742564432644,2
1389,0.9999355,0,1.0000832,0.48030144554402343,2
1396,1.005555,0,0.99947524,0.6170783382948481,2
1408,1.0060314,0,1.0000163,0.49534690374661405,2
1409,0.99854976,0,1.0006158,0.36047415989486953,2
1418,0.9982896,0,0.9998901,0.5237482232413442,2
1419,0.9963405,0,0.9997114,0.5639499021106552,2
1431,1.002845,0,0.99934435,0.6465255987341433,2
1438,1.0028042,0,1.0006689,0.34853970552739566,2
1443,1.0024953,0,1.0000193,0.49467642878214924,2
1445,1.001505,0,0.9995481,0.6006919301633278,2
1449,0.994816,0,0.99941945,0.6296296296296297,2
1453,0.99883974,0,1.0006475,0.35334030627296376,2
1460,1.0026345,0,0.9996772,0.5716469547027114,2
1468,0.9982432,0,0.9988104,0.7666478933676617,2
1469,1.0062078,0,1.0004163,0.4053691635154343,2
1474,1.0053809,0,1.0005763,0.3693780674229624,2
1480,1.0038067,0,0.9998516,0.5324107597822297,2
1482,1.0003731,0,1.0000912,0.4785045726392576,2
1501,1.0015688,0,0.99947906,0.6162201303403331,2
1502,0.99960977,0,1.0000004,0.4989406495561456,2
1505,1.0038483,0,1.0003632,0.41730361788290826,2
1506,0.99964875,0,1.0004488,0.3980475769034785,2
1508,1.005644,0,0.99977803,0.5489580819052217,2
1513,0.9966248,0,0.99956095,0.5977954783168397,2
1515,1.0034426,0,0.9993894,0.6363880172714351,2
1518,0.99806124,0,1.0003443,0.4215678386569045,2
1524,1.0051473,0,0.9999894,0.5014079974253761,2
1527,0.996854,0,0.99996996,0.5057794941936868,2
1538,1.0041509,0,0.9998965,0.5222999973181002,2
1545,1.0044762,0,0.99947166,0.6178829082522059,2
1549,0.9931642,0,0.99981356,0.5409660203288009,2
1550,1.0037838,0,0.99988115,0.5257596481347386,2
1551,1.0022255,0,1.001472,0.167860112103414,2
1552,1.0031797,0,0.99986696,0.5289511089655912,2
1572,1.0037147,0,1.0003295,0.4248933944806501,2
1577,0.9982333,0,1.0001087,0.4745621798482045,2
1586,1.0084972,0,1.0004165,0.4053155255182771,2
1589,1.0043491,0,0.99982715,0.5379086544908414,2
1596,1.003787,0,1.0009505,0.2851932308847588,2
1598,1.0010974,0,1.0003778,0.41403170005631995,2
1603,1.0028635,0,1.0008938,0.29793225520959044,2
1607,1.0032618,0,0.9996619,0.5750797865207713,2
1610,1.0026624,0,1.0007424,0.33199238340440373,2
1612,1.0024743,0,0.99955916,0.5981977632955185,2
1616,0.99906015,0,0.99963117,0.5819990881540483,2
1617,1.0011212,0,0.9992093,0.6769115241236892,2
1619,1.005171,0,0.999768,0.5512108777858234,2
1623,1.0016793,0,1.000031,0.49204816692144715,2
1626,0.99578804,0,1.0001715,0.4604285675972859,2
1634,1.0000683,0,0.9990332,0.7165231850242713,2
1643,1.0020356,0,1.0005765,0.36932442942580523,2
1646,1.0022677,0,1.0001048,0.47544720680129804,2
1651,1.0071899,0,0.999751,0.5550459945825623,2
1668,1.003988,0,1.0001831,0.4578271247351624,2
1670,0.9949788,0,1.0010004,0.2739560704803282,2
1672,1.0047016,0,1.0007122,0.3388044090433663,2
1673,1.0020407,0,1.0000169,0.4952128087537211,2
1676,1.0050267,0,0.99959755,0.5895620457532116,2
1678,1.0039799,0,1.0008577,0.30605841177890414,2
1680,1.0016452,0,0.9998065,0.5425483412449379,2
1683,0.99642116,0,0.99958813,0.5916807466409204,2
1687,0.99684036,0,1.0011036,0.2507308177112667,2
1703,1.0001091,0,1.0000342,0.49132405395982515,2
1706,1.0023028,0,0.9998419,0.5345830986670957,2
1714,0.99802,0,1.0006266,0.3580604500227962,2
1716,1.0026579,0,0.99879944,0.7691152412368922,2
1722,0.99951625,0,0.9997628,0.5523909137232816,2
1726,0.9843323,0,1.0005598,0.3730790892268083,2
1729,1.000448,0,0.9994198,0.6295491726338939,2
1730,0.99656373,0,1.0002849,0.4349236999490439,2
1734,1.0026338,0,0.99984753,0.5333226057339019,2
1735,0.9948509,0,0.99974287,0.5568696864859066,2
1738,1.0079299,0,1.0003893,0.41143025719419635,2
1745,1.0015416,0,1.0006019,0.3636119827285649,2
1763,1.0046042,0,1.0000838,0.48016735055113047,2
1764,1.004905,0,1.0002873,0.43438731997747204,2
1767,0.9993706,0,1.0006881,0.3442218467562421,2
1768,1.00269,0,0.99907136,0.7079411054791214,2
1772,1.0012078,0,1.000149,0.46549735832864003,2
1773,1.0051938,0,0.9996042,0.5880601818328104,2
1780,1.0023501,0,0.9996582,0.5759111754767077,2
1782,1.0034778,0,1.0014484,0.17317027382197547,2
1784,0.9984527,0,1.0005453,0.37635100705339664,2
1785,1.0039556,0,0.99960613,0.5876310778555529,2
1787,1.0020019,0,0.9996129,0.5861023949365731,2
1788,1.0025356,0,1.0006691,0.3484860675302385,2
1789,0.9980978,0,1.0001606,0.4628959154665164,2
1790,1.0035206,0,0.9994197,0.6295759916324725,2
1796,1.0029436,0,0.99988794,0.5242309652157588,2
1803,0.99430245,0,0.9997885,0.5465980100303054,2
1804,0.9988931,0,1.0005046,0.38549628556869686,2
1807,1.0047314,0,0.99935985,0.6430391289189261,2
1809,1.0049855,0,1.0008689,0.3035374259125164,2
1814,1.0002489,0,0.99904025,0.7149408641081342,2
1821,0.99877554,0,0.9999349,0.5136642797757931,2
1829,1.0064573,0,0.99942935,0.6274036527476063,2
1838,1.0044961,0,0.9997678,0.5512645157829807,2
1843,0.99764067,0,0.9996722,0.5727733526430123,2
1848,0.99866307,0,0.99980426,0.5430579022179312,2
1853,1.008227,0,0.99990976,0.5193230884758764,2
1855,0.9941806,0,1.0008179,0.3150159573041542,2
1856,1.0009221,0,0.9993639,0.642127282967254,2
1866,1.004458,0,0.9997572,0.5536514066564755,2
1867,0.9968288,0,0.99928856,0.6590768900689248,2
1869,1.0019927,0,0.9998443,0.5340467186955239,2
1871,0.9974248,0,0.99959135,0.5909566336792984,2
1891,1.0016769,0,0.9995955,0.5900179687290477,2
1901,1.0015676,0,0.99968135,0.5707082897524607,2
1905,1.000861,0,1.000334,0.4238742725346636,2
1906,0.98673296,0,1.0007427,0.33193874540724644,2
1907,0.9914434,0,0.99980605,0.5426556172392523,2
1909,0.9981249,0,1.0000297,0.49234317590581167,2
1914,1.0027064,0,1.0001053,0.47533993080698367,2
1918,0.999501,0,1.0007544,0.32931048354654435,2
1920,1.0022732,0,0.9998224,0.5389814144339851,2
1928,1.004672,0,1.0000086,0.4970901386542227,2
1945,1.0016005,0,1.0000699,0.4833051733848258,2
1946,1.0053501,0,1.0001433,0.4667846702604125,2
1950,1.0029602,0,1.0006461,0.35366213425590687,2
1953,1.0051802,0,0.9998797,0.5260814761176817,2
1965,0.9982392,0,1.0011737,0.23496124654705397,2
1968,1.0048906,0,1.0001137,0.4734357819079036,2
1969,1.0017787,0,1.0002334,0.44650950733499606,2
1970,0.9988566,0,0.9997823,0.5479925979563923,2
1974,0.99507767,0,0.99993074,0.514602944726044,2
1982,1.0055066,0,1.0001678,0.4612599565532223,2
1983,1.0010433,0,1.0004684,0.39364926113658916,2
1988,1.0024136,0,0.9993732,0.6400354010781237,2
1994,0.9966532,0,0.9996736,0.5724515246600692,2
2005,1.0032969,0,1.0009879,0.27677206533108056,2
2011,1.0017025,0,1.0000005,0.498913830557567,2
2036,1.0031294,0,0.99974024,0.5574597044546357,2
2037,1.0036397,0,1.0001453,0.4663287472845764,2
2040,1.0010123,0,1.0002888,0.43403867299595034,2
2045,1.0012714,0,0.99965966,0.5755893474937646,2
2049,1.0015308,0,1.0007527,0.32968594952664465,2
2052,1.0027008,0,0.9990239,0.7186150669134015,2
2053,1.0006733,0,0.9997935,0.5454716120900045,2
2060,1.0010267,0,1.0007329,0.33413790329069115,2
2063,1.0003759,0,0.99996674,0.5065036071553088,2
2064,0.9964291,0,0.99961007,0.5867460509024593,2
2067,1.0044789,0,0.999802,0.5435674631909244,2
2071,0.9927165,0,1.0006908,0.3436050097889345,2
2072,1.0014759,0,0.9998144,0.5407782873387508,2
2076,0.9990214,0,0.99927676,0.6617319709282055,2
2080,0.98724663,0,1.000805,0.31791240915064234,2
2084,0.99727345,0,0.9999547,0.5092123260117467,2
2089,1.0004641,0,0.9998528,0.5321425697964438,2
2092,1.0018294,0,0.9994607,0.6203502561214365,2
2102,0.9969844,0,1.0002975,0.43208088609971307,2
2105,1.0034894,0,0.9991778,0.6839917397484379,2
2107,1.0014216,0,1.0005463,0.3761096360661893,2
2109,0.99612015,0,1.0008478,0.30828438866092744,2
2131,0.9997349,0,1.0010477,0.2633089280446268,2
2144,0.9947694,0,0.9989252,0.7408211977364765,2
2146,1.0007716,0,0.9994786,0.6163274063346474,2
2147,0.998913,0,0.99956954,0.5958645104191809,2
2148,0.9981063,0,1.0001805,0.45841714270389144,2
2153,1.0021482,0,1.000718,0.33749027811301524,2
2154,1.0014762,0,1.0007019,0.34111084292112537,2
2168,0.99984366,0,0.99941576,0.630461018585566,2
2169,0.99914014,0,1.0001571,0.4636736664252957,2
2171,1.0011901,0,1.0000674,0.48386837235497626,2
2178,1.0044016,0,0.9997337,0.5589347493764583,2
2181,0.999565,0,1.0002759,0.43696194384101694,2
2191,1.0015619,0,1.0004002,0.4089897283235444,2
2197,0.9957584,0,1.0001156,0.4730066779306461,2
2201,1.0036856,0,1.0000516,0.4874084801673505,2
2204,1.0016493,0,1.0001473,0.46587282430874033,2
2208,1.0015587,0,0.9993036,0.6556976962480221,2
2211,1.0003408,0,0.99983263,0.5366749805562261,2
2214,0.9974014,0,0.99944794,0.6232198889693459,2
2217,0.9961557,0,0.9992976,0.6570386461769517,2
2219,1.0010816,0,0.99991107,0.5190280794915119,2
2224,1.0058258,0,1.000599,0.3642556386944511,2
2226,1.0018635,0,0.9993162,0.6528548823986913,2
2236,1.0042567,0,0.9997935,0.5454716120900045,2
2237,1.0047004,0,1.00059,0.36629388258642426,2
2243,1.0022157,0,0.9992479,0.6682221685842251,2
2244,0.9996278,0,0.99966836,0.5736315605975273,2
2245,1.0045611,0,1.0000006,0.4988870115589884,2
2252,0.9977534,0,0.9997413,0.5572183334674283,2
2253,1.000116,0,1.0006297,0.3573631560597528,2
2256,1.008192,0,1.0003004,0.43143723013382684,2
2257,0.99849075,0,1.000412,0.40633464746426373,2
2259,1.0014279,0,1.0001026,0.4759299487757127,2
2260,1.0061098,0,1.00051,0.3842894306326602,2
2264,0.98842865,0,1.000634,0.3563976721109233,2
2265,0.99755675,0,0.99975467,0.554214605626626,2
2267,1.0005554,0,1.0008614,0.30522702282296776,2
2277,0.99809366,0,1.000154,0.46437096038833914,2
2280,0.998295,0,1.0000138,0.4959101027167646,2
2285,1.0016272,0,1.0001826,0.4579344007294768,2
2290,1.0004486,0,0.99987817,0.5264301230992035,2
2293,1.000846,0,1.000822,0.31410411135248206,2
2296,1.0059613,0,0.9996054,0.5877919918470245,2
2297,0.9949925,0,1.000794,0.32037975701987287,2
2298,1.0010478,0,0.9999001,0.5214954273607424,2
2305,0.9993584,0,0.99966586,0.5741947595676777,2
2306,0.9986931,0,0.99972093,0.5618043822243677,2
2307,1.0006273,0,1.0001202,0.4719875559846596,2
2315,0.99843127,0,1.0001137,0.4734357819079036,2
2321,1.0027026,0,0.9990734,0.7074851825032853,2
2322,1.0016639,0,1.0001153,0.4730871349263819,2
2333,1.0042769,0,0.9996015,0.588677018800118,2
2336,1.0007697,0,0.99995005,0.5102582669563118,2
2337,1.0061158,0,0.99976754,0.5513181537801379,2
2352,1.0006226,0,1.0011817,0.23316437364228815,2
2357,0.99914503,0,0.99933255,0.649180679593424,2
2368,0.9972958,0,0.99939704,0.6346716013624052,2
2370,1.0074705,0,1.0001328,0.46914474213532864,2
2374,0.9989432,0,1.000362,0.4175718078686942,2
2388,1.0016834,0,1.0002731,0.4375787808083246,2
2393,1.0049472,0,1.0004878,0.38927776436827843,2
2395,1.0019116,0,0.9997785,0.5488508059109073,2
2419,1.0052351,0,1.0000076,0.49730469064285143,2
2422,0.99766386,0,0.99944675,0.6234880789551318,2
2431,0.99979055,0,0.99984825,0.5331616917424303,2
2435,0.9996122,0,1.0011289,0.24504519001260494,2
2436,0.9986226,0,1.0001853,0.45734438276074774,2
2437,1.0015491,0,0.9994228,0.6288786976694289,2
2440,1.0005405,0,0.99963963,0.5800949392549682,2
2445,0.99293095,0,0.9997468,0.5559846595328131,2
2446,0.9962545,0,0.99924767,0.6682758065813823,2
2451,1.0038235,0,0.9999225,0.5164534556279669,2
2455,1.0014378,0,0.99973714,0.5581569984176791,2
2460,1.0064813,0,0.99971104,0.564030359106391,2
2462,0.99581057,0,1.0003066,0.4300426422077399,2
2465,1.00364,0,0.9996089,0.5870142408882453,2
2471,1.0067745,0,1.0004392,0.4002199157883445,2
2474,0.99827975,0,1.0002221,0.4490573121999625,2
2475,0.99826854,0,1.0002283,0.44766272427387566,2
2481,0.9982954,0,1.0000614,0.4852093222839059,2
2485,0.9976856,0,1.0008559,0.30646069675758303,2
2489,0.9956911,0,0.99956644,0.5965618043822244,2
2492,0.9985571,0,0.9999286,0.5150856867004586,2
2496,0.9997433,0,1.000634,0.3563976721109233,2
2497,1.002992,0,0.9997196,0.5620993912087322,2
2498,1.004343,0,0.9998797,0.5260814761176817,2
2501,0.99805975,0,0.99965215,0.5772789444042159,2
2502,1.0020627,0,0.9997927,0.5456593450800546,2
2522,0.99380165,0,1.000859,0.3057634027945396,2
2529,1.0042673,0,0.99982464,0.5384718534609918,2
2531,0.9967092,0,1.0001453,0.4663287472845764,2
2532,1.001116,0,0.9992645,0.6644943277818006,2
2534,0.99614435,0,1.0002638,0.4396706626974549,2
2539,0.98622274,0,1.0003756,0.4145144420307346,2
2540,1.0029743,0,0.99965346,0.5769839354198514,2
2541,1.0026383,0,0.99942195,0.6290664306594791,2
2546,1.0015992,0,1.0003916,0.4109206962212031,2
2547,1.0029219,0,0.999179,0.6837235497626519,2
2548,1.0048631,0,0.99979603,0.544908413119854,2
2550,1.0045031,0,0.999594,0.5903666157105694,2
2558,0.9838313,0,0.99996006,0.50800547107571,2
2562,1.0025111,0,1.0004603,0.39547295303993346,2
2570,1.000445,0,0.9999038,0.520664038404806,2
2571,1.0014879,0,1.001131,0.24456244803819027,2
2572,1.003428,0,0.99994385,0.5116528548823986,2
2578,0.99921805,0,1.0007485,0.3306246144768954,2
2580,0.99942696,0,1.0002983,0.4319199721082415,2
2581,1.0042832,0,1.0002855,0.43478960495615093,2
2588,0.9984901,0,0.99956954,0.5958645104191809,2
2598,1.0018414,0,1.0007911,0.3210502319843377,2
2602,1.0009428,0,0.99975705,0.5536782256550541,2
2606,1.0005319,0,0.9999031,0.5208249523962776,2
2611,0.99542576,0,0.9990485,0.7130903532062113,2
2615,0.99716556,0,1.0003254,0.42580524043232226,2
2617,1.0015502,0,0.9994806,0.6158714833588114,2
2628,1.0026827,0,0.9997765,0.5493067288867434,2
2644,1.0010129,0,1.0004262,0.4031431866334111,2
2656,1.0027469,0,0.9999858,0.502212567382734,2
2664,0.9985533,0,0.99971557,0.5630112371604044,2
2669,1.0011489,0,0.9994937,0.6129213935151662,2
2670,1.0031906,0,1.0004141,0.40585190548984906,2
2671,0.9913182,0,1.0005976,0.3645774666773942,2
2672,1.0029197,0,1.0000576,0.48606753023842086,2
2676,1.0062718,0,0.99995184,0.5098559819776329,2
2678,0.998407,0,1.0013468,0.1960200606109368,2
2681,1.0040133,0,0.9999286,0.5150856867004586,2
2683,0.99842536,0,0.99978733,0.5468662000160913,2
2685,0.99701434,0,0.9993422,0.647008340708558,2
2699,1.0005763,0,1.0005631,0.3723281572666076,2
2712,1.0005412,0,1.000283,0.4353528039263014,2
2713,1.0022253,0,1.0005188,0.38230482473784433,2
2715,1.0021143,0,1.0002676,0.43881245474293995,2
2730,1.0067866,0,0.99997795,0.5039826212889211,2
2735,1.0037265,0,1.000199,0.45426019792420946,2
2739,1.0012677,0,0.99934626,0.6460964947568858,2
2741,1.0018508,0,0.999568,0.5962131574007026,2
2744,1.0028429,0,0.9997021,0.5660417839997854,2
2749,1.0057877,0,1.0004956,0.3875345294606699,2
2750,1.0066524,0,1.0007123,0.3387775900447877,2
2752,1.0010321,0,0.99961543,0.5855391959664227,2
2754,0.9999475,0,1.0003722,0.4152921929895138,2
2760,0.99835,0,0.9995457,0.6012283101348996,2
2767,1.0029408,0,1.0007367,0.3332796953361762,2
2770,1.0032275,0,1.0006111,0.36154691983801324,2
2771,1.0042684,0,0.99993396,0.5138788317644218,2
2772,1.0005378,0,1.0000117,0.4963928446911793,2
2798,1.0028594,0,1.0006342,0.35634403411376614,2
2799,1.0005738,0,1.0000918,0.47837047764636464,2
2803,0.99709684,0,0.998868,0.7536943170542012,2
2811,0.9984162,0,1.0000111,0.49652693968407224,2
2818,1.0082055,0,1.0005223,0.38152707377906514,2
2820,0.99816746,0,0.9998144,0.5407782873387508,2
2822,0.9987068,0,1.0000912,0.4785045726392576,2
2825,0.9990331,0,0.9999677,0.5062890551666801,2
2826,0.99860466,0,0.9997239,0.5611339072599029,2
2832,0.9992169,0,1.0002053,0.45283879099954405,2
2833,1.0043999,0,0.99999976,0.49907474454903855,2
2836,0.99874353,0,0.9986398,0.8050258803336283,2
2843,1.0042229,0,1.0005661,0.3716576823021428,2
2844,0.9907526,0,0.99954736,0.6008528441547993,2
2845,1.0031636,0,1.0001771,0.45916807466409204,2
2847,1.0031241,0,1.0005813,0.3682516694826615,2
2852,0.9982408,0,0.9995519,0.5998337222088127,2
2855,0.99538374,0,0.9998549,0.5316598278220291,2
2857,1.0019383,0,0.999182,0.6830530747981871,2
2858,1.0023043,0,0.99970627,0.5651031190495347,2
2863,1.0026118,0,1.0002351,0.44613404135489576,2
2868,1.0024972,0,0.9998175,0.5400809933757074,2
2881,1.0016949,0,1.0004187,0.40483278354386243,2
2885,1.0008174,0,0.9998361,0.5358972295974469,2
2892,0.99836516,0,0.9997971,0.5446670421326467,2
2898,1.0054206,0,1.0002128,0.4511491940890927,2
2902,0.997099,0,0.99985754,0.5310698098533001,2
2908,0.99753314,0,1.0003525,0.4197173277549816,2
2909,0.9996904,0,0.9999838,0.5026684903585701,2
2914,0.985241,0,1.0001816,0.4581757717166841,2
2916,1.0048268,0,1.0001458,0.46622147129026204,2
2917,1.0025989,0,1.0002891,0.43398503499879315,2
2927,1.0029254,0,1.0002223,0.4490036742028053,2
2928,1.0018253,0,1.0002412,0.44476627242738753,2
2931,0.9997925,0,0.99940586,0.6326869954675892,2
2932,1.0002985,0,0.99980855,0.5420924182691018,2
2934,0.9977978,0,0.99967265,0.572666076648698,2
2936,1.0054562,0,0.9998257,0.5382304824737845,2
2937,1.004968,0,1.0001302,0.4697347601040577,2
2947,1.001065,0,1.0002279,0.44774318126961143,2
2955,1.0010055,0,0.99926436,0.6645211467803792,2
2957,0.99185824,0,1.0001862,0.457129830772119,2
2958,1.0003859,0,1.000241,0.4447930914259661,2
2961,1.0054516,0,1.0003419,0.42210421862847636,2
2966,1.0015762,0,1.001196,0.22994609381285702,2
2980,1.0013682,0,0.999501,0.6112854346018719,2
2991,1.0016451,0,0.99974465,0.5564674015072277,2
2994,1.0006406,0,1.0001711,0.46053584359160027,2
2995,0.9985513,0,0.99915886,0.6882559605224341,2
2996,0.99962616,0,0.9995378,0.6029983640410868,2
2999,0.99849916,0,1.0004063,0.4076219593960362,2
3011,1.0049113,0,0.999573,0.5950867594604017,2
3015,1.0023779,0,1.0007412,0.33226057339018966,2
3016,1.0064006,0,1.0007809,0.32332984686351807,2
3024,0.9999105,0,1.0009261,0.2906643065947917,2
3028,1.0016266,0,1.0002269,0.44798455225681877,2
3029,1.000975,0,1.0003358,0.4234719875559847,2
3031,1.0028291,0,0.9995277,0.6052779789202671,2
3033,1.0000846,0,1.0004069,0.4074878644031432,2
3034,1.0012156,0,1.0002819,0.4355941749135087,2
3050,1.0018812,0,1.0000972,0.477163622710328,2
3054,1.0040106,0,1.0001982,0.454421111915681,2
3065,1.0026287,0,1.0004386,0.40035401078123745,2
3068,1.0058256,0,0.9999573,0.5086223080430177,2
3069,1.0012171,0,1.0010571,0.261190227156918,2
3072,0.99290335,0,0.9990505,0.7126344302303752,2
3073,1.0067445,0,1.000538,0.3779869659666908,2
3080,0.99965376,0,1.000341,0.4222919516185266,2
3090,0.99912393,0,1.0007426,0.33196556440582503,2
3096,0.9966907,0,1.000575,0.36967307640732694,2
3097,1.0010262,0,1.0000495,0.4878912221417653,2
3099,0.9965853,0,1.0002501,0.4427548475339931,2
3108,1.0009536,0,0.9998559,0.5314452758334004,2
3117,0.999617,0,0.9998014,0.5437015581838174,2
3118,1.001878,0,0.99988365,0.5251964491645882,2
3121,1.0006757,0,0.9995743,0.5947917504760372,2
3123,1.0028945,0,0.99901783,0.7199828358409097,2
3148,0.99418616,0,1.0003384,0.42288196958725566,2
3150,1.0003741,0,0.9988947,0.7476868613725963,2
3153,0.99727154,0,0.99899113,0.7259902915225145,2
3159,0.9970734,0,1.0002362,0.4458926703676884,2
3164,1.001977,0,0.9998287,0.5375600075093196,2
3179,1.0027454,0,1.0001063,0.47509855981977633,2
3181,0.9991705,0,1.0000782,0.4814278434843243,2
3183,0.9989818,0,0.9999441,0.5115992168852415,2
3186,1.0086277,0,0.99949014,0.613725963472524,2
3187,0.9863114,0,0.9992423,0.669482661517419,2
3192,1.010948,0,0.99994314,0.5118137688738702,2
3207,1.000428,0,1.0008031,0.3183415131278998,2
3208,1.003483,0,0.9990699,0.7082629334620645,2
3214,1.0032696,0,0.9998994,0.521656341352214,2
3217,1.0029621,0,0.9998386,0.5353340306272965,2
3228,1.0048788,0,1.000672,0.34784241156435214,2
3230,0.9998179,0,1.0009189,0.29230026550808597,2
3233,1.0012953,0,0.9998423,0.53450264167136,2
3235,1.0042111,0,0.999843,0.5343417276798884,2
3238,1.0015638,0,1.0001581,0.463459114436667,2
3239,1.0037668,0,1.0005767,0.36927079142864805,2
3240,1.0028952,0,0.9999205,0.5169093786038029,2
3244,0.998972,0,0.99983597,0.5359240485960255,2
3260,0.9994843,0,1.0000566,0.4862820822270496,2
3268,0.9981575,0,0.9995384,0.6028642690481938,2
3272,1.001383,0,0.9997541,0.5543487006195189,2
3273,1.0022982,0,0.9997777,0.5490385389009574,2
3277,1.0042075,0,0.9993746,0.6397135730951806,2
3280,0.99884194,0,1.000128,0.47021750207847235,2
3293,0.997335,0,0.9996438,0.5791562743047174,2
3294,1.0009348,0,1.0002207,0.4493791401829056,2
3297,1.0005016,0,0.99961853,0.5848419020033793,2
3299,1.0023814,0,0.9997666,0.5515327057687667,2
3304,1.0047629,0,0.99927115,0.6629924638613994,2
3308,1.0031893,0,0.999835,0.5361386005846542,2
3309,0.9997351,0,1.0001438,0.4666773942660981,2
3314,0.99688566,0,1.0002546,0.44173572558800656,2
3317,1.0049644,0,0.99940467,0.6329551854533751,2
3318,1.0031434,0,0.9999057,0.5202349344275485,2
3320,0.99766415,0,1.0008394,0.3101885375600075,2
3322,0.9976333,0,1.0000515,0.4874352991659291,2
3324,1.0055971,0,0.99987817,0.5264301230992035,2
3325,1.0042629,0,1.000109,0.4745085418510473,2
3327,1.0039003,0,0.9999641,0.5070936251240379,2
3333,1.0013446,0,1.0013247,0.20100839434655515,2
3335,0.98997295,0,0.99978006,0.5485021589293856,2
3346,1.0011611,0,1.0009799,0.2785689382358463,2
3349,1.0001204,0,1.0010988,0.251830396652989,2
3352,1.0036753,0,0.99967337,0.5725051626572264,2
3354,0.99618834,0,1.0002015,0.453696998954059,2
3356,0.998446,0,0.9996307,0.5821063641483627,2
3360,1.002475,0,0.999673,0.5725856196529622,2
3364,0.9971466,0,0.9994589,0.6207525411001154,2
3365,1.0047947,0,0.99988043,0.5259205621262102,2
3369,1.0052916,0,0.9997493,0.5554214605626626,2
3374,0.9996696,0,1.0001049,0.47542038780271945,2
3381,0.9992272,0,0.9994639,0.6196261431598145,2
3386,0.99831337,0,1.000569,0.3710140263362566,2
3390,1.0011313,0,0.9992075,0.677313809102368,2
3392,1.0012362,0,0.9997417,0.5571378764716926,2
3393,1.0047107,0,0.9998443,0.5340467186955239,2
3401,0.98925483,0,1.0002538,0.4419234585780567,2
3403,1.0052061,0,1.0000983,0.47689543272454205,2
3411,0.9993041,0,0.9996108,0.5865851369109878,2
3414,0.9970482,0,0.99987364,0.52744924504519,2
3418,0.99917173,0,0.99947023,0.618204736235149,2
3429,1.002171,0,0.9993963,0.6348325153538767,2
3432,0.9960666,0,1.0008869,0.2994877571271489,2
3435,1.0061893,0,1.0007638,0.32719178265883553,2
3439,1.002199,0,0.9994365,0.6257945128328908,2
3442,1.0021199,0,0.9997456,0.556252849518599,2
3446,0.9988151,0,1.0004559,0.3964652559873414,2
3452,0.9993141,0,1.0002847,0.4349773379462011,2
3453,0.9957433,0,1.0006647,0.3494783704776464,2
3454,1.0024353,0,1.000621,0.35932094295599004,2
3456,1.002709,0,0.99958014,0.5934776195456861,2
3458,0.99572784,0,0.9992957,0.6574677501542092,2
3459,0.9973363,0,0.99962044,0.5844127980261218,2
3461,1.0046742,0,0.99873734,0.7830879394963393,2
3469,1.0035108,0,1.0001514,0.4649609783570682,2
3471,1.0026841,0,0.99920404,0.6780915600611472,2
3473,0.9970104,0,0.99889493,0.7476332233754391,2
3477,1.0028497,0,0.99977744,0.5490921768981146,2
3481,0.9949168,0,1.0001743,0.45981173062997827,2
3482,1.0018113,0,0.9994925,0.6131895835009521,2
3488,1.0032698,0,1.000152,0.4648268833641752,2
3508,0.9977278,0,1.0006647,0.3494783704776464,2
3510,1.0032167,0,1.000437,0.40070265776275915,2
3519,1.0023654,0,0.99953127,0.6044734089629094,2
3521,0.9991444,0,0.99989724,0.5221390833266286,2
3530,0.99835414,0,0.99967635,0.5718346876927616,2
3541,0.9934531,0,0.9991261,0.6956311851315472,2
3544,0.99775,0,0.99947083,0.6180706412422561,2
3546,1.0041603,0,0.999686,0.5696623488078956,2
3547,1.0042578,0,1.0001886,0.45659345080054714,2
3550,0.9962759,0,1.0001659,0.46168906053047976,2
3554,1.004073,0,1.0000793,0.481186472497117,2
3555,1.0028857,0,1.0007608,0.32786225762330035,2
3560,0.9948415,0,0.9998908,0.5235873092498726,2
3561,0.99771965,0,0.999859,0.530747981870357,2
3564,0.99772894,0,0.99986994,0.5282806340011263,2
3576,1.00325,0,0.999676,0.5719151446884974,2
3577,0.9991812,0,0.9997437,0.5566819534958565,2
3579,1.0043428,0,1.000551,0.3750636951216242,2
3583,1.0022998,0,1.0001439,0.4666505752675195,2
3589,1.0035431,0,1.0001084,0.47464263684394026,2
3590,0.9981175,0,1.0003967,0.4097674792823236,2
3607,0.9996954,0,1.0008737,0.3024646659693727,2
3611,0.99791765,0,0.99973595,0.558425188403465,2
3619,0.9907283,0,0.9989598,0.7330436881486846,2
3620,1.0045587,0,0.9996654,0.5743020355619921,2
3625,1.0028276,0,1.0003686,0.4160967629468716,2
3626,1.0022284,0,1.0004338,0.40142677072438115,2
3633,0.99844354,0,1.0004048,0.4079437873789793,2
3644,0.99845064,0,1.0000198,0.49456915278783486,2
3660,1.002812,0,0.9997616,0.5526591037090676,2
3666,0.9952204,0,0.99975395,0.5543755196180975,2
3673,0.9982703,0,1.0008559,0.30646069675758303,2
3676,0.99918306,0,1.0006775,0.3466087376297369,2
3687,0.9936304,0,1.0000942,0.4778340976747928,2
3693,1.0002568,0,0.9999503,0.5102046289591546,2
3711,1.0004369,0,0.99948645,0.6145573524284603,2
3712,1.0011601,0,1.0006788,0.34631372864537235,2
3720,1.0017601,0,0.9995388,0.602783812052458,2
3722,0.9957021,0,0.99960387,0.5881406388285462,2
3725,1.0032356,0,0.9997803,0.5484485209322284,2
3733,1.0064683,0,0.9994439,0.624131734921018,2
3735,1.0024832,0,1.0003346,0.4237401775417706,2
3737,0.9987199,0,1.0006771,0.34668919462547265,2
3755,1.0008887,0,0.99967444,0.5722637916700191,2
3757,1.0000557,0,1.0004084,0.4071392174216215,2
3760,1.0034757,0,1.0008934,0.2980395312039048,2
3773,0.99744296,0,1.0004824,0.3904846193043152,2
3778,1.0022979,0,1.0001009,0.4763322337543916,2
3781,1.0024103,0,0.9995599,0.598036849304047,2
3785,1.0011957,0,1.0002174,0.4501032531445276,2
3786,1.0038298,0,1.0004542,0.3968407219674417,2
3787,0.9956535,0,0.9996059,0.5876847158527101,2
3788,1.0061903,0,1.0002556,0.4415211735993778,2
3790,1.0010455,0,1.0001884,0.4566470887977043,2
3791,1.0063626,0,1.0000715,0.4829297074047255,2
3793,1.0001699,0,1.0001079,0.47474991283825463,2
3794,1.0002971,0,1.0004654,0.394319736101054,2
3795,0.9975099,0,0.99924386,0.6691340145358973,2
3797,1.0009193,0,1.0004048,0.4079437873789793,2
3798,0.9989108,0,1.0005381,0.3779601469681122,2
3799,1.0041369,0,1.0001507,0.46512189234853973,2
3805,1.002303,0,1.0002456,0.4437739694799796,2
3808,1.0077397,0,0.9997066,0.5650226620537989,2
3810,0.99678093,0,0.9994863,0.6145841714270389,2
3812,0.98514,0,0.9993776,0.6390430981307158,2
3819,0.9917011,0,1.001338,0.19800466650575266,2
3831,0.99952596,0,1.0007408,0.33236784938450403,2
3835,0.99855644,0,0.99910927,0.6994126639311289,2
3839,1.006046,0,0.99961317,0.5860487569394159,2
3851,1.004845,0,1.0001692,0.46096494756885775,2
3852,0.9956936,0,1.0007994,0.3191729020838362,2
3856,1.0019424,0,0.99909306,0.7030600477378175,2
3864,1.0041071,0,0.99985194,0.532330302786494,2
3868,1.0014663,0,0.9997554,0.5540536916351544,2
3895,1.0046171,0,0.99985254,0.532196207793601,2
3899,1.0035505,0,0.99994946,0.5103923619492048,2
3906,1.002961,0,0.99973154,0.5594174913508729,2
3911,1.0022273,0,1.0007252,0.3358811381982997,2
3916,1.0016348,0,0.9993743,0.6397940300909164,2
3918,0.996927,0,1.0008088,0.31705420119612737,2
3925,1.0002139,0,0.9992411,0.6697508515032049,2
3928,1.0044761,0,1.0011485,0.24064687424571563,2
3930,0.9995011,0,0.9988228,0.763858717515488,2
3932,0.9995472,0,0.9999492,0.510445999946362,2
3933,1.000751,0,1.0000126,0.49617829270255054,2
3953,0.99856377,0,1.0009978,0.27454608844905726,2
3954,1.0053904,0,0.9996046,0.5879797248370746,2
3958,1.0003531,0,0.99971354,0.5634671601362404,2
3959,1.0038733,0,1.0000924,0.4782363826534717,2
3980,1.0002803,0,1.0006199,0.3595623139431974,2
3982,1.0072678,0,0.9998498,0.5328130447609086,2
3985,1.003584,0,0.99961364,0.5859414809451016,2
3997,1.0011371,0,1.0001427,0.46691876525330545,2
4010,1.0062984,0,1.0002353,0.4460804033577386,2
4016,1.0051852,0,1.0007386,0.3328505913589187,2
4023,0.99943155,0,1.0004363,0.4008635717542307,2
4037,0.9984573,0,0.9994023,0.6334915654249471,2
4042,1.001698,0,1.0003754,0.4145680800278918,2
4043,1.0005504,0,1.0008073,0.3174028481776491,2
4053,1.001151,0,0.9999031,0.5208249523962776,2
4057,1.0040015,0,0.9999192,0.5172043875881674,2
4058,1.0026793,0,1.0004485,0.39812803389921425,2
4072,1.0018315,0,0.9996803,0.570949660739668,2
4073,0.9997364,0,1.000467,0.39397108911953227,2
4077,1.0032071,0,1.0004505,0.3976721109233782,2
4078,1.0023676,0,1.0004213,0.4042427655751334,2
4082,1.0037148,0,1.0007453,0.3313487274385174,2
4086,1.0057082,0,1.0002744,0.43728377182396005,2
4103,1.0048707,0,0.9990064,0.7225574597044546,2
4113,1.0074592,0,1.0001358,0.4684742671708638,2
4115,1.0022008,0,1.0003132,0.4285675972859173,2
4123,1.001742,0,0.9999294,0.5148979537104085,2
4130,1.00842,0,1.0004195,0.4046450505538123,2
4147,1.0005683,0,1.0002624,0.43999249068039803,2
4149,0.9996139,0,1.000078,0.4814814814814815,2
4151,1.0047599,0,1.0005014,0.38622039853031886,2
4160,0.9973133,0,0.99962616,0.5831254860943492,2
4167,1.0003704,0,1.0006065,0.36256604178399976,2
4194,0.99906206,0,0.9996973,0.5671145439429292,2
4202,0.999415,0,1.0006633,0.3498001984605895,2
4203,1.0028673,0,1.0001292,0.4699493120926864,2
4204,1.000663,0,1.000399,0.40925791830933034,2
4211,0.9996381,0,0.99915004,0.69024056641725,2
4212,1.0023807,0,0.99942434,0.6285300506879072,2
4225,0.9953248,0,0.99866176,0.8000911845951673,2
4232,0.9986072,0,0.9996165,0.5852978249792153,2
4233,0.9962311,0,0.99937415,0.639820849089495,2
4239,0.9985503,0,0.99994385,0.5116528548823986,2
4259,1.0019099,0,1.001197,0.22973154182422828,2
4260,0.999039,0,1.0005335,0.3790060879126773,2
4264,0.9990773,0,0.9996141,0.5858342049507872,2
4268,1.0073252,0,1.0001985,0.45436747391852383,2
4272,0.99716145,0,0.9995017,0.6111245206104003,2
4276,1.0009328,0,1.0001823,0.45801485772521255,2
4278,1.0000951,0,1.0007737,0.32496580577681233,2
4283,1.0055178,0,0.99958,0.5935044385442647,2
4284,1.0020278,0,1.0001327,0.46917156113390723,2
4285,0.995287,0,0.99967444,0.5722637916700191,2
4287,0.9955141,0,0.99949944,0.6116340815833936,2
4294,0.9980528,0,0.99899817,0.7244079706063775,2
4300,0.9943255,0,0.9995345,0.6037492960012873,2
4303,1.0033898,0,1.0002283,0.44766272427387566,2
4317,0.9988278,0,0.99894786,0.7357255880065439,2
4320,1.0014725,0,0.99984086,0.5348244696543031,2
4321,0.9997582,0,0.9994345,0.6262504358087269,2
4326,0.9966886,0,0.99888027,0.7509319602006062,2
4330,1.0041319,0,0.99993587,0.5134497277871644,2
4352,0.9996297,0,1.0002931,0.433073189047121,2
4353,1.0005232,0,1.0000792,0.4812132914956956,2
4358,0.9995133,0,0.9997933,0.5455252500871617,2
4359,0.99598795,0,0.99932504,0.6508702765038754,2
4367,1.002061,0,1.0003749,0.4146753560222062,2
4369,0.99716836,0,1.0004573,0.3961434280043983,2
4387,1.0018024,0,1.0007015,0.34119129991686115,2
4392,1.0035344,0,0.9995519,0.5998337222088127,2
4398,1.000157,0,0.999522,0.6065652908520396,2
4399,1.0049522,0,1.0005102,0.384235792635503,2
4401,1.0029211,0,0.9996456,0.5787539893260385,2
4408,0.99975336,0,0.9993187,0.6522916834285408,2
4417,1.0000173,0,1.0000807,0.4808646445141739,2
4422,0.99950373,0,0.99970615,0.5651299380481133,2
4424,0.9989576,0,0.9995626,0.5974200123367394,2
4430,1.0000898,0,0.99968946,0.5688845978491164,2
4432,1.0003687,0,1.0004108,0.40660283745004966,2
4436,0.9968375,0,0.9998499,0.53278622576233,2
4438,0.9982018,0,1.000113,0.47359669589937514,2
4444,1.0038167,0,1.000337,0.42320379757019877,2
4448,1.0006931,0,1.0005966,0.36479201866602307,2
4456,1.0026966,0,1.0002531,0.44208437256952826,2
4460,1.0004742,0,1.0001389,0.4677769732078204,2
4462,1.0010073,0,1.000783,0.322873923887682,2
4474,1.0050011,0,0.99980116,0.5437551961809746,2
4484,0.9973522,0,0.99960995,0.5867728699010379,2
4485,1.0048152,0,0.99982333,0.5387668624453563,2
4487,0.99836713,0,0.9991003,0.7014240888245233,2
4501,1.003093,0,0.9994587,0.6208061790972725,2
4507,1.0050741,0,1.0008729,0.30265239895942286,2
4508,0.995127,0,0.9999498,0.510311904953469,2
4511,0.9991979,0,0.9998089,0.542011961273366,2
4512,1.000257,0,0.999655,0.5766352884383297,2
4515,1.0026852,0,1.0000715,0.4829297074047255,2
4522,0.9980451,0,0.9998847,0.5249550781773809,2
4524,0.99732286,0,1.0002468,0.4435057794941937,2
4529,1.0037841,0,1.0000151,0.4956150937324,2
4532,1.0021559,0,0.99964035,0.5799340252634967,2
4533,1.0008091,0,1.0002037,0.45318743798106575,2
4536,0.99930876,0,0.9994801,0.6159787593531257,2
4546,0.99164987,0,1.0004922,0.3882854614208705,2
4548,1.0008053,0,0.9996362,0.5808726902137474,2
4549,1.0034355,0,1.00008,0.48102555850564543,2
4555,1.0017643,0,0.9995798,0.5935580765414219,2
4559,1.0031509,0,1.0000278,0.49277227988306915,2
4560,1.0006249,0,0.99931026,0.6541958323276209,2
4562,1.0048761,0,0.99903333,0.7164963660256927,2
4577,1.0016497,0,1.0001372,0.4681524391879207,2
4581,0.9967044,0,0.9999732,0.5050553812320648,2
4582,0.9998319,0,1.0009638,0.2821895030439563,2
4584,0.99822843,0,1.0003105,0.42915761525464635,2
4586,1.0008476,0,1.0004528,0.3971625499503848,2
4587,0.98982483,0,1.0001274,0.4703515970713653,2
4598,0.9991179,0,0.999815,0.5406441923458578,2
4604,0.99785656,0,1.0013468,0.1960200606109368,2
4606,0.9928519,0,0.9996774,0.5715933167055542,2
4610,1.0005065,0,0.99981856,0.5398396223885,2
4623,1.0029179,0,0.99882185,0.7640732695041167,2
4630,1.0011237,0,1.000627,0.3579531740284818,2
4633,1.0011362,0,0.99991655,0.5177944055568965,2
4638,1.0007164,0,1.0006989,0.3417813178855902,2
4639,0.997993,0,1.0000302,0.4922358999114973,2
4641,1.000772,0,1.0006678,0.348781076514603,2
4646,0.99226284,0,0.9994899,0.6137796014696811,2
4647,1.0066105,0,1.000423,0.4038672995950331,2
4649,0.9976802,0,0.99970007,0.5664977069756215,2
4655,1.0024786,0,1.0001345,0.46876927615522834,2
4659,0.9977465,0,0.99921465,0.6757046691876525,2
4663,1.0063092,0,1.0011464,0.2411027972215517,2
4666,1.0056931,0,1.0011055,0.2503017137340092,2
4671,0.99798346,0,1.0000038,0.4981628985973664,2
4679,0.99033743,0,1.0000595,0.4856384262611634,2
4683,0.9967612,0,1.0000451,0.4888835250891732,2
4687,1.0023761,0,1.0004871,0.3894386783597501,2
4690,1.0019182,0,1.0001124,0.4737307908922681,2
4692,1.0036125,0,1.0008824,0.30050687907313545,2
4697,0.9968915,0,0.9993597,0.6430659479175047,2
4704,1.0047035,0,1.0005774,0.3691098774371765,2
4706,1.003838,0,1.0001521,0.4648000643655966,2
4709,0.9987725,0,1.000236,0.445919489366267,2
4712,1.0040362,0,1.00022,0.44954005417437715,2
4719,1.0101981,0,1.0004617,0.39515112505699035,2
4726,0.99919766,0,1.0000777,0.4815351194786387,2
4743,1.0013409,0,1.0004407,0.3998712688068228,2
4759,1.0056481,0,1.000207,0.45246332501944375,2
4765,1.0032477,0,0.99969363,0.5679459328988656,2
4771,1.0058712,0,0.9999968,0.49974521951350337,2
4780,1.005421,0,0.9999461,0.5111432939094054,2
4782,1.0016829,0,0.99940825,0.6321506154960174,2
4787,0.9933326,0,0.9996834,0.5702523667766246,2
4792,1.004718,0,0.999202,0.6785474830369834,2
4806,1.0022448,0,1.0001973,0.45463566390430976,2
4807,1.0033536,0,0.99995434,0.5092927830074825,2
4811,1.0030639,0,0.9999845,0.5025075763670985,2
4812,0.99926573,0,1.0002667,0.4390270067315687,2
4814,1.0089853,0,1.0005143,0.38332394668383085,2
4817,1.0062872,0,0.99966574,0.5742215785662563,2
4819,1.0045344,0,0.99998534,0.5023198433770484,2
4826,1.0044401,0,0.9999614,0.5077104620913455,2
4830,1.003347,0,1.0009905,0.2761820473623515,2
4832,1.001275,0,0.9989481,0.7356719500093867,2
4834,1.0046794,0,0.999575,0.5946308364845656,2
4836,1.00879,0,0.9998121,0.541287848311744,2
4837,1.0076482,0,0.99973536,0.558559283396358,2
4849,0.9964324,0,1.0001156,0.4730066779306461,2
4851,1.00445,0,0.99992836,0.5151393246976158,2
4870,1.0017221,0,0.9997617,0.552632284710489,2
4871,1.0010926,0,0.9996033,0.5882747338214391,2
4876,0.99688834,0,0.99974823,0.55566283154987,2
4887,0.99738264,0,0.9994049,0.632901547456218,2
4893,1.0019065,0,0.9995713,0.595462225440502,2
4894,0.9971948,0,0.99902594,0.7181591439375654,2
4900,0.99920475,0,1.0001205,0.4719070989889238,2
4907,0.9972583,0,1.0006615,0.3502024834392684,2
4916,1.0029464,0,0.9996903,0.5686968648590662,2
4917,0.99620247,0,1.0001932,0.455547509855982,2
4926,1.0004665,0,1.0002444,0.44404215946576553,2
4940,1.0019938,0,1.0004703,0.3932201571593317,2
4944,1.0033098,0,0.9993111,0.6540080993375708,2
4947,0.9807114,0,1.0011684,0.23616810148309064,2
4951,1.0001045,0,1.0006742,0.3473328505913589,2
4955,0.9961815,0,0.99973714,0.5581569984176791,2
4956,1.0050132,0,1.0002459,0.4436935124842438,2
4958,1.0010576,0,1.0004928,0.38815136642797754,2
4959,1.0022917,0,1.0005025,0.38597902754311153,2
4963,0.9987067,0,1.0001231,0.47131708102019476,2
4965,1.0019364,0,0.9994098,0.6318019685144957,2
4972,0.99867064,0,0.99915826,0.6883900555153271,2
4976,1.0112251,0,0.9995893,0.5914125566551345,2
4980,1.0028296,0,1.0005554,0.37407139217421626,2
4983,1.0040901,0,1.0001489,0.4655241773272186,2
4992,1.002672,0,0.9998455,0.533778528709738,2
4995,1.0058775,0,1.0002333,0.44653632633357465,2
4996,1.0083615,0,0.999768,0.5512108777858234,2
4997,0.99729925,0,0.999619,0.5847346260090649,2
4998,1.0042726,0,0.99975955,0.5531150266849036,2
5005,1.0023788,0,1.0003413,0.42223831362136943,2
5008,0.99792874,0,0.99991167,0.5188939844986189,2
5018,0.99908984,0,0.99936914,0.6409472470297959,2
5020,0.9997653,0,1.0007515,0.3299541395124306,2
5021,0.99984205,0,1.0005254,0.3808297798160216,2
5035,1.0075713,0,0.99971557,0.5630112371604044,2
5036,1.000881,0,0.99948597,0.6146646284227747,2
5037,0.99931407,0,1.0003759,0.41446080403357743,2
5039,1.0024507,0,0.99842596,0.8531391637836243,2
5043,0.99730057,0,0.9998323,0.5367554375519619,2
5054,0.999605,0,1.000439,0.4002467347869231,2
5060,1.0087788,0,1.0000806,0.48089146351275247,2
5063,1.0025945,0,1.0006272,0.3579263550299032,2
5066,1.0018122,0,0.99917555,0.6845013007214311,2
5069,1.0032228,0,1.0007647,0.3269772306702068,2
5071,0.9971483,0,1.000398,0.4094724702979591,2
5088,0.99701506,0,1.0006461,0.35366213425590687,2
5090,0.99706227,0,1.0005397,0.3776114999865905,2
5091,1.0001798,0,1.0009918,0.275887038377987,2
5103,1.0046607,0,0.99996567,0.5067449781425162,2
5119,0.9957994,0,1.00001,0.4967683106712796,2
5123,1.0013316,0,0.99960566,0.5877383538498673,2
5128,1.0047365,0,0.9994997,0.6115804435862364,2
5130,1.0047706,0,1.0009962,0.2748947354305791,2
5132,0.99625903,0,0.9995234,0.6062434628690965,2
5134,1.0030615,0,1.0004436,0.39922761284093655,2
5135,1.0059494,0,0.9995748,0.5946844744817228,2
5137,0.99843127,0,1.0003482,0.42068281170381094,2
5141,1.0045667,0,0.99966073,0.5753479765065572,2
5146,1.0030272,0,0.99946606,0.6191434011853998,2
5149,1.002912,0,1.0004797,0.39110145627162285,2
5150,1.0061119,0,1.000163,0.4623595354949446,2
5158,0.9986039,0,0.9993974,0.6345911443666694,2
5197,0.9984025,0,0.9998419,0.5345830986670957,2
5209,1.0029237,0,1.0006902,0.34373910478182745,2
5214,0.997741,0,0.9996885,0.5690991498377451,2
5221,0.992788,0,1.0001353,0.4685815431651782,2
5222,0.9938031,0,1.000157,0.4637004854238743,2
5224,0.99952656,0,1.0007592,0.32821090460482205,2
5233,1.0048192,0,1.0003072,0.42990854721484695,2
5236,0.99894613,0,0.99999774,0.4995306675248746,2
5241,1.004856,0,0.99995744,0.5085954890444391,2
5243,1.0007617,0,0.9995855,0.5922707646096494,2
5249,1.0017269,0,0.99955034,0.6001823691903344,2
5254,0.99677676,0,1.0002527,0.44216482956526404,2
5261,1.0023446,0,0.9995748,0.5946844744817228,2
5263,0.99956423,0,0.99986386,0.5296484029286346,2
5265,1.0018119,0,1.0000906,0.47863866763215057,2
5270,1.0009342,0,1.0007443,0.33156327942714614,2
5275,1.0007256,0,0.9999645,0.5070131681283021,2
5284,1.0010445,0,0.99972737,0.5603561563011237,2
5287,0.9957104,0,0.9997238,0.5611607262584815,2
5289,1.0070617,0,0.9992348,0.6711722584278703,2
5299,1.0036312,0,0.999369,0.6409740660283745,2
5301,1.002866,0,0.9992739,0.6623756268940918,2
5309,1.0027072,0,0.99942636,0.6280741277120712,2
5315,1.0031264,0,0.9993943,0.6352884383297128,2
5327,0.9941532,0,1.0003053,0.43033765119210454,2
5337,1.0054833,0,0.9997401,0.5574865234532143,2
5342,0.9974289,0,0.9996705,0.5731488186231126,2
5344,1.0056134,0,0.9993619,0.64258320594309,2
5365,1.0011271,0,0.9994205,0.6293882586424223,2
5371,1.0012755,0,0.99923646,0.67079679244777,2
5377,0.9960937,0,0.9995173,0.6076112317966047,2
5385,0.99971807,0,1.0005645,0.3720331482822431,2
5390,1.0060296,0,1.0009818,0.2781398342585888,2
5397,1.0017768,0,1.001278,0.21149462279078501,2
5399,1.0043447,0,0.9999473,0.5108751039236195,2
5402,0.99161357,0,1.0003176,0.4275752943385094,2
5412,0.99914026,0,1.0007968,0.31976292005256524,2
5416,1.0032957,0,1.0001019,0.47609086276718426,2
5419,0.9969857,0,1.0003941,0.41035749725105264,2
5420,0.99701333,0,1.0000721,0.48279561241183255,2
5423,1.0003012,0,1.0012869,0.20951001689596915,2
5424,1.0047582,0,0.999179,0.6837235497626519,2
5425,1.0025332,0,1.0006803,0.34596508166385065,2
5428,0.9981991,0,1.0003245,0.426019792420951,2
5434,0.9995006,0,1.000056,0.48641617721994257,2
5438,0.9964465,0,0.9999831,0.5028294043500416,2
5440,0.9995367,0,1.0002089,0.45203422104218627,2
5441,1.0051728,0,1.0003903,0.4112157052055676,2
5442,1.0065789,0,1.00001,0.4967683106712796,2
5443,0.9983237,0,1.000915,0.29315847346260093,2
5447,0.9997062,0,0.9999913,0.5009788934481186,2
5451,1.0012258,0,0.9996979,0.5669804489500362,2
5455,1.0049306,0,0.99948406,0.6150937324000322,2
5457,1.0021752,0,1.0007704,0.32568991873843434,2
5458,0.99872273,0,1.0004089,0.40703194142730714,2
5459,1.0083607,0,1.0007944,0.3202993000241371,2
5460,0.9971058,0,0.9997585,0.553356397672111,2
5466,1.0047941,0,0.9993192,0.6521844074342265,2
5474,1.0033036,0,0.9999559,0.5089441360259608,2
5475,1.0008731,0,0.99936175,0.6426100249416686,2
5477,1.0022614,0,0.99983466,0.53621905758039,2
5484,1.0052681,0,1.000636,0.35594174913508725,2
5493,1.0023923,0,0.99952054,0.6068871188349827,2
5502,1.0036815,0,1.0014727,0.16769919811194245,2
5503,1.0022234,0,0.99966335,0.5747579585378282,2
5506,0.99926454,0,0.9998381,0.5354413066216108,2
5509,1.0068586,0,0.99998546,0.5022930243784698,2
5511,0.99997246,0,1.0002389,0.4452758334003808,2
5516,1.0010192,0,1.0005641,0.3721136052779789,2
5518,0.99430984,0,0.99957955,0.5936117145385791,2
5520,1.0035728,0,1.0002543,0.44181618258374233,2
5523,1.0010216,0,0.9998939,0.5228900152868292,2
5529,0.99544644,0,0.9998051,0.542870169227881,2
5540,1.0046154,0,1.0002646,0.43948292970740477,2
5543,1.0001268,0,1.0001265,0.47056614905999405,2
5544,1.0045034,0,1.000772,0.32534127175691263,2
5557,1.0009916,0,0.9995706,0.5956231394319735,2
5562,0.99495864,0,0.99919426,0.680290717944592,2
5563,1.002884,0,1.0001699,0.4608040335773862,2
5570,1.0036333,0,1.0001836,0.45771984874084803,2
5580,1.0031544,0,0.9996995,0.5666318019685145,2
5581,1.0024585,0,1.0006583,0.3509265964008904,2
5583,0.9950436,0,1.0004568,0.39625070399871265,2
5589,1.0063286,0,0.99978876,0.5465443720331482,2
5596,0.9989474,0,0.9994621,0.6200284281384933,2
5597,1.0065844,0,1.0001886,0.45659345080054714,2
5602,0.9971529,0,0.998675,0.7971142757529434,2
5606,1.002341,0,0.99995697,0.5087027650387534,2
5613,1.0034118,0,0.99897623,0.7293426663448387,2
5614,0.99506307,0,0.99904597,0.7136535521763617,2
5628,0.99867845,0,1.0001676,0.46131359455037946,2
5635,0.99999255,0,0.99968123,0.5707351087510393,2
5636,1.0029272,0,1.0002952,0.4326172660712849,2
5640,1.0008037,0,0.9988725,0.7526751951082147,2
5657,0.9994089,0,0.9993088,0.654517660310564,2
5659,1.004288,0,1.0007232,0.33631024217555716,2
5665,1.0035056,0,0.9999814,0.5032048703301419,2
5672,0.99953383,0,0.99944687,0.6234612599565532,2
5673,1.0017315,0,1.0003237,0.42620752541100115,2
5674,1.0016195,0,0.9998983,0.5218977123394213,2
5690,1.0073185,0,0.9995626,0.5974200123367394,2
5692,0.99617517,0,1.0001119,0.4738380668865825,2
5694,1.0032704,0,0.9996393,0.580175396250704,2
5695,1.0072223,0,0.999933,0.5140933837530506,2
5696,1.0040483,0,1.0000855,0.47979188457103017,2
5697,0.9976617,0,1.0012326,0.22171266124922895,2
5701,0.99815124,0,0.9992018,0.6786011210341406,2
5702,0.9993686,0,1.0000707,0.48311744039477567,2
5703,0.998204,0,1.0003963,0.40987475527663797,2
5709,0.9988629,0,1.0008856,0.29978276611151344,2
5710,1.0032927,0,1.000364,0.4171427038914367,2
5727,1.0006703,0,1.000508,0.38474535360849627,2
5732,1.0035086,0,1.0000855,0.47979188457103017,2
5736,1.0003513,0,0.99982595,0.5381768444766273,2
5739,0.9969413,0,1.0005418,0.3771287580121758,2
5741,1.0008788,0,0.9994416,0.6246412958940113,2
5744,0.9978671,0,0.99993765,0.5130474428084855,2
5748,1.0017596,0,0.9995228,0.6063775578619894,2
5760,0.9996186,0,1.0001576,0.46356639043098136,2
5764,1.004588,0,0.9998226,0.5389277764368279,2
5765,1.0010107,0,0.99917173,0.6853595086759461,2
5770,1.0064723,0,0.9995829,0.5928607825783785,2
5775,1.0081748,0,0.9996997,0.5665781639713573,2
5794,0.99824005,0,0.9986807,0.7958269638211709,2
5796,1.0059233,0,0.9994588,0.6207793600986939,2
5801,0.9984719,0,1.0004752,0.3921205782176094,2
5808,1.0028429,0,1.0007733,0.3250462627725481,2
5817,1.0003238,0,0.9988359,0.7609086276718428,2
5826,0.9972794,0,0.9997041,0.5655858610239494,2
5832,1.0056288,0,1.0002608,0.44034113766191973,2
5835,0.9993619,0,0.99963653,0.5807922332180117,2
5837,1.0051477,0,1.0001295,0.46989567409552924,2
5838,0.9916363,0,0.99885607,0.7563762169120605,2
5840,0.9986561,0,1.0003786,0.4138439670662697,2
5851,1.0035859,0,0.9994874,0.6143428004398316,2
5855,1.000007,0,0.9998667,0.5290047469627484,2
5858,1.0017217,0,0.99967766,0.5715396787083971,2
5863,1.0016614,0,0.99951684,0.6077185077909191,2
5864,0.9999146,0,1.0006075,0.362351489795371,2
5868,1.003706,0,1.000259,0.4407434226405986,2
5869,0.9967419,0,1.0007843,0.32257891490331747,2
5875,1.0029362,0,0.99900734,0.7223429077158259,2
5883,1.0014839,0,0.9995866,0.5920293936224421,2
5887,1.004127,0,0.9995047,0.6104540456459355,2
5888,0.9972166,0,1.0001336,0.4689570091452785,2
5889,1.0017627,0,0.9993161,0.6528817013972699,2
5892,0.99737513,0,0.9987656,0.7767318368332127,2
5907,0.9986478,0,1.0008514,0.30747981870356966,2
5909,1.0056149,0,0.9998666,0.5290315659613269,2
5911,0.99731696,0,0.9999938,0.5004156944779682,2
5916,1.0013348,0,0.99953556,0.60350792501408,2
5917,1.0025396,0,0.9998324,0.5367286185533833,2
5918,0.9934446,0,0.99966824,0.5736583795961059,2
5923,1.0056106,0,0.9997878,0.546758924021777,2
5928,0.9992941,0,0.9995743,0.5947917504760372,2
5934,1.0042287,0,0.9996774,0.5715933167055542,2
5936,1.0006281,0,1.0001166,0.47279212594201736,2
5942,1.0021155,0,1.0003601,0.4180009118459517,2
5943,0.99830794,0,1.0008703,0.3032155979295733,2
5950,0.9903614,0,0.9998878,0.5242577842143374,2
5953,1.0055033,0,0.9998342,0.5363263335747044,2
5954,1.0029246,0,1.0008061,0.317671038163435,2
5957,1.0018797,0,1.0008942,0.29785179821385466,2
5965,1.0055575,0,0.9999161,0.5179016815512109,2
5966,1.0010163,0,1.0002325,0.4467240593236249,2
5969,0.9915009,0,0.9992906,0.6586209670930887,2
5971,1.002176,0,0.9995333,0.6040174859870733,2
5978,1.0041687,0,1.0007144,0.338294848070373,2
5984,1.0024645,0,0.99992025,0.5169630166009601,2
5996,0.99586624,0,1.000238,0.44549038538900954,2
5997,0.9984241,0,1.0011868,0.23201115670340866,2
6005,1.0014094,0,1.0003263,0.4256175074422721,2
6009,1.0032859,0,1.0006645,0.3495320084748036,2
6016,1.0013452,0,1.0004696,0.39338107115080323,2
6017,0.9888503,0,1.0009731,0.28009762115482606,2
6021,1.0065998,0,0.9996228,0.5838764180545498,2
6024,1.0004916,0,0.99978673,0.5470002950089843,2
6033,1.0014929,0,0.9999515,0.5099364389733687,2
6057,0.99417955,0,0.99986756,0.5288170139726982,2
6061,1.002423,0,0.9988712,0.7529702040925792,2
6064,1.0031505,0,1.0002897,0.4338509400059002,2
6065,1.0023333,0,0.9996588,0.5757770804838147,2
6070,1.0000712,0,0.9993061,0.6551344972778717,2
6078,0.99459577,0,0.9989141,0.7433153646042856,2
6086,1.0001559,0,1.0000149,0.49566873172955717,2
6092,1.0020287,0,1.0003575,0.4185909298146807,2
6098,0.9981143,0,1.0001956,0.45501112988441017,2
6101,1.0023453,0,1.0004957,0.3875077104620913,2
6107,0.9981338,0,0.9997089,0.5645131010808057,2
6108,1.0037216,0,1.0000037,0.498189717595945,2
6113,1.0028327,0,1.0007337,0.333950170300641,2
6116,1.0001374,0,0.99892056,0.7418671386810416,2
6119,1.0021396,0,0.9996387,0.580309491243597,2
6120,1.0043608,0,0.99915934,0.6881486845281197,2
6127,1.0051384,0,1.0000446,0.4889908010834876,2
6136,1.00347,0,1.0005138,0.3834312226781452,2
6140,0.99385077,0,0.9995557,0.5989755142542977,2
6145,1.003246,0,0.99951804,0.6074503178051331,2
6151,1.00224,0,0.9992467,0.668490358570011,2
6152,0.99576205,0,1.0000664,0.484082924343605,2
6163,0.99962187,0,1.0006251,0.3583822780057393,2
6174,1.00045,0,0.99980414,0.5430847212165097,2
6181,1.0049291,0,1.0002673,0.43889291173867573,2
6183,0.9974485,0,0.9994391,0.6252044948641617,2
6184,1.0108552,0,1.0000176,0.49505189476224953,2
6191,1.0021921,0,0.99937856,0.6388285461420871,2
6192,0.9950395,0,0.9995562,0.5988682382599834,2
6211,1.0036283,0,1.000996,0.27494837342773626,2
6213,1.0049225,0,1.0012257,0.22326816316678733,2
6224,1.001581,0,1.0002943,0.43280499906133507,2
6230,1.0014393,0,0.99988556,0.5247673451873307,2
6232,0.9941733,0,1.0010473,0.26341620403894117,2
6237,1.0021397,0,0.99984026,0.5349585646471962,2
6239,1.0008591,0,0.9992994,0.6566363611982728,2
6240,1.0000151,0,1.0004704,0.3931933381607531,2
6249,1.0022262,0,1.0004296,0.4023654356746319,2
6251,1.0036539,0,1.0000926,0.4781827446563145,2
6257,1.0042573,0,1.0001565,0.4638077614181887,2
6258,1.0061322,0,0.99992216,0.5165339126237026,2
6262,1.0043153,0,1.0002272,0.447904095261083,2
6264,1.0012282,0,1.000557,0.37372274519269455,2
6269,1.0055034,0,1.0002338,0.4464290503392603,2
6270,1.0006281,0,0.9988265,0.7630273285595516,2
6279,1.0014471,0,1.0011514,0.2399763992812508,2
6286,0.9971782,0,0.9998932,0.5230509292783008,2
6287,1.0029919,0,1.0006429,0.35438624721752887,2
6292,1.0020895,0,1.000826,0.3131922654008099,2
6300,1.0000209,0,1.0005926,0.3657038646176952,2
6303,1.003109,0,0.99970496,0.5653981280338992,2
6304,1.0012903,0,0.99998415,0.5025880333628343,2
6311,1.0032423,0,1.0006192,0.35972322793466893,2
6315,1.0017843,0,1.000747,0.3309732614584171,2
6316,1.0072865,0,1.0002607,0.4403679566604983,2
6323,0.99229485,0,0.999035,0.7161209000455924,2
6327,0.99543095,0,0.9998369,0.5357094966073968,2
6332,1.0005217,0,0.999712,0.5638158071177622,2
6336,0.9970415,0,1.000367,0.4164454099283933,2
6339,0.99698645,0,1.0006411,0.35478853219620776,2
6348,0.99792457,0,1.0002341,0.4463485933435245,2
6350,1.0025382,0,0.9997778,0.5490117199023788,2
6357,1.0039258,0,1.0002029,0.4533751709711159,2
6376,1.0004728,0,1.0004722,0.3927910531820742,2
6379,1.0022795,0,1.0002681,0.4387051787486256,2
6382,0.9998379,0,1.0004569,0.39622388500013406,2
6388,0.9974975,0,0.9991679,0.686217716630461,2
6393,1.0010906,0,0.9999684,0.5061281411752085,2
6408,1.0002772,0,1.0004406,0.39989808780540137,2
6411,0.9991911,0,0.9994277,0.6277791187277066,2
6412,1.0001069,0,0.99996126,0.5077372810899241,2
6419,1.0019107,0,0.999328,0.6501998015394106,2
6423,0.9897641,0,1.0004337,0.40145358972295975,2
6428,1.0016762,0,0.9996859,0.5696891678064742,2
6453,1.0041867,0,0.9993168,0.6527207874057983,2
6470,1.00314,0,1.0006521,0.35232118432697723,2
6483,0.99737006,0,1.0008992,0.29672540027355376,2
6487,1.0063072,0,0.9997262,0.5606243462869096,2
6489,0.99464,0,0.99983895,0.5352535736315607,2
6491,0.99405473,0,0.9996817,0.5706278327567249,2
6496,0.9999569,0,0.99948204,0.6155496553758683,2
6497,0.99286574,0,0.999722,0.5615630112371603,2
6499,0.9995354,0,0.99937093,0.640544962051117,2
6512,1.0005996,0,0.9994463,0.6235953549494462,2
6531,0.9931584,0,1.0009409,0.2873387507710462,2
6536,0.9995799,0,1.0001792,0.45871215168825596,2
6546,0.9974866,0,1.000601,0.363799715718615,2
6547,1.0015213,0,1.0001425,0.46697240325046263,2
6548,0.9962724,0,1.0004721,0.3928178721806528,2
6565,0.9996128,0,0.99940336,0.6332501944377398,2
6571,1.0002029,0,1.0000724,0.48274197441467537,2
6575,0.9985573,0,1.0002301,0.44726043929519677,2
6581,1.0028602,0,0.99953806,0.6029447260439296,2
6584,0.9901884,0,1.0013603,0.19298951377155582,2
6587,0.99956256,0,0.999915,0.5181430525384182,2
6593,1.0034468,0,1.0002496,0.44286212352830745,2
6597,1.0029242,0,1.0006055,0.3628074127712071,2
6641,1.0027056,0,0.999822,0.5390618714297208,2
6646,0.9945077,0,1.000004,0.4981092606002092,2
6648,1.0023283,0,1.0003524,0.4197441467535602,2
6649,1.0004472,0,1.0005163,0.3828680237079948,2
6654,1.0022984,0,0.99966645,0.5740606645747848,2
6661,0.99786836,0,1.0013398,0.19760238152707377,2
6676,0.9967941,0,0.9995698,0.5958108724220237,2
6679,0.9935875,0,1.001616,0.13546276182047368,2
6680,1.007433,0,1.0000569,0.4862284442298924,2
6692,1.0051838,0,1.0006454,0.3538230482473784,2
6697,1.0014195,0,0.99974215,0.5570306004773782,2
6700,1.0027995,0,1.0002955,0.43253680907554914,2
6701,1.0037341,0,1.000328,0.4252420414621718,2
6704,1.0063227,0,0.9997109,0.5640571781049696,2
6708,1.0051714,0,1.0004168,0.4052618875211199,2
6709,1.0010557,0,0.9999361,0.5133960897900072,2
6711,1.0009117,0,1.0006793,0.346206452651058,2
6712,1.0035473,0,0.999375,0.6396331160994448,2
6717,1.0038003,0,1.0002468,0.4435057794941937,2
6718,1.0038494,0,1.000685,0.34491914071928553,2
6720,0.99898636,0,1.00042,0.4045377745594979,2
6728,0.999557,0,0.99919283,0.6806125459275351,2
6733,1.0000434,0,0.9995917,0.5908761766835626,2
6736,1.000753,0,1.0003405,0.4224260466114196,2
6745,1.0036713,0,1.0008978,0.2970472282564969,2
6752,1.0034217,0,1.0000392,0.49019765601952425,2
6753,0.99954015,0,0.9995718,0.5953549494461876,2
6757,0.9968007,0,1.000229,0.4475018102824041,2
6767,0.99855393,0,1.0001451,0.4663823852817336,2
6771,1.0031441,0,1.0004561,0.3964116179901842,2
6777,1.0004805,0,1.0004748,0.39220103521334515,2
6778,0.9935846,0,0.999995,0.5001475044921823,2
6780,0.9982327,0,0.99987555,0.5270201410679325,2
6786,0.99968827,0,1.000726,0.33569340520824953,2
6791,1.006443,0,0.9997103,0.5641912730978625,2
6804,1.0026482,0,0.9994651,0.6193579531740285,2
6808,0.99969107,0,1.0003676,0.41631131493550033,2
6814,0.9942585,0,0.99961174,0.586370584922359,2
6823,1.0062726,0,1.0001218,0.4716120900045593,2
6826,1.0003529,0,0.999125,0.6958725561187545,2
6829,1.003743,0,0.99923706,0.670662697454877,2
6837,1.0030711,0,1.0006613,0.3502561214364256,2
6844,1.0038936,0,0.99986064,0.5303725158902566,2
6852,1.0044546,0,0.99983585,0.5359508675946041,2
6854,0.9999256,0,1.0001395,0.46764287821492745,2
6855,1.0037359,0,0.9999229,0.5163729986322311,2
6858,1.001506,0,1.0003773,0.4141389760506343,2
6868,1.0055497,0,1.0005195,0.3821439107463728,2
6870,1.0031824,0,0.999495,0.6126263845308015,2
6878,0.9951599,0,0.9995134,0.6084962587496983,2
6883,1.0042068,0,0.9994979,0.6119827285649153,2
6884,0.99723107,0,0.9993043,0.6555367822565505,2
6889,1.0039103,0,0.99900556,0.7227451926945048,2
6896,1.0042976,0,0.9995588,0.5982782202912543,2
6898,1.0051178,0,1.0000271,0.4929331938745407,2
6911,1.003539,0,1.0003225,0.4264757153967871,2
6914,0.99243855,0,0.9996811,0.5707619277496179,2
6915,1.0021932,0,1.0002568,0.4412529836135919,2
6920,0.9990826,0,0.9997965,0.5448011371255397,2
6923,1.0016071,0,1.0004268,0.4030090916405181,2
6925,0.99876875,0,1.0010477,0.2633089280446268,2
6932,0.98216534,0,0.99987197,0.5278247110252903,2
6934,1.0028558,0,1.000118,0.47247029795907425,2
6935,1.0058777,0,0.99955845,0.5983586772869901,2
6939,0.99968326,0,1.0005224,0.38150025478048655,2
6945,1.0017436,0,0.999686,0.5696623488078956,2
6951,1.0014068,0,0.9993675,0.6413227130098962,2
6952,1.0081764,0,0.99951446,0.6082548877624909,2
6953,0.9970883,0,0.9990833,0.7052592056212621,2
6960,1.000532,0,0.9997808,0.548341244937914,2
6962,0.996922,0,1.0005288,0.38005202885724243,2
6966,1.0057933,0,0.9996655,0.5742752165634135,2
6968,0.9975163,0,1.0000819,0.48059645452838795,2
6972,1.001109,0,1.0001522,0.46477324536701803,2
6975,0.9893438,0,1.0012479,0.21827982943116908,2
6979,0.99848044,0,0.9995172,0.6076380507951833,2
6982,0.9982075,0,0.99993575,0.513476546785743,2
7000,1.0046377,0,1.0000247,0.49346957384611256,2
7001,1.0016937,0,1.0003741,0.4148630890122563,2
7010,1.0048965,0,1.0002131,0.45106873709335693,2
7021,0.99953693,0,0.9994192,0.6296832676267868,2
7023,0.9991484,0,1.0007914,0.3209697749886019,2
7027,0.99987006,0,1.0002149,0.45066645211467804,2
7028,1.0001317,0,1.0009342,0.2888406146914474,2
7031,1.0025257,0,1.000887,0.29946093812857033,2
7043,1.0048176,0,1.0000021,0.4985383645774667,2
7046,0.9922883,0,0.9996139,0.5858878429479444,2
7055,1.0037109,0,0.99945605,0.6213961970660016,2
7066,0.9992961,0,0.99921036,0.6766701531364818,2
7074,1.0002716,0,1.000452,0.39732346394185636,2
7081,1.0026454,0,1.000365,0.41690133290422937,2
7090,0.997105,0,1.0001948,0.4551988628744603,2
7092,0.9998764,0,1.0003448,0.42146056266259013,2
7096,0.9898594,0,1.0001475,0.46584600531016174,2
7097,1.0009166,0,0.9993421,0.6470351597071365,2
7102,0.9993835,0,0.9996687,0.5735511036017915,2
7108,1.0053204,0,1.0002228,0.4488963982084909,2
7111,0.9956164,0,1.000061,0.4852897792796417,2
7113,0.9954822,0,0.99967134,0.5729610856330625,2
7125,1.0002829,0,1.0000845,0.4800064365596589,2
7128,1.0037097,0,1.0001715,0.4604285675972859,2
7131,0.99332386,0,0.99955845,0.5983586772869901,2
7137,0.9927059,0,0.99992764,0.5153002386890874,2
7139,1.002055,0,1.0004385,0.40038082977981604,2
7145,1.0010568,0,0.99974394,0.5566283154986993,2
7146,0.98653334,0,1.0002717,0.4379006087912677,2
7147,0.9945397,0,1.0004021,0.4085606243462869,2
7152,0.99993086,0,0.9998784,0.5263764851020463,2
7154,1.0028944,0,0.9994314,0.6269477297717703,2
7155,1.0033011,0,0.99973154,0.5594174913508729,2
7156,1.006815,0,1.0000787,0.48132056749000995,2
7158,1.004704,0,1.0003102,0.42923807225038213,2
7163,0.99754775,0,1.0008688,0.303564244911095,2
7168,0.9991076,0,1.0004431,0.3993348888352509,2
7171,1.00466,0,0.9999219,0.5165875506208598,2
7182,0.99964637,0,1.0001466,0.4660337383002119,2
7183,1.0023882,0,0.9999063,0.5201008394346556,2
7187,1.0053136,0,0.99968255,0.5704400997666748,2
7189,0.99666184,0,1.0001547,0.4642100463968676,2
7197,1.0026137,0,1.0009102,0.29425805240432323,2
7199,1.0024908,0,0.99980724,0.5423874272534663,2
7203,0.9992706,0,1.0002105,0.45165875506208597,2
7205,0.9995771,0,0.9991845,0.6824898758280367,2
7220,1.0008537,0,0.9998294,0.5373990935178481,2
7225,1.0008165,0,1.0003427,0.4219164856384262,2
7232,0.9992843,0,0.9993472,0.6458819427682571,2
7260,1.0038003,0,0.99966764,0.5737924745889988,2
7263,1.004008,0,1.0002924,0.43323410303859256,2
7265,0.99026865,0,0.9997183,0.5623944001930967,2
7269,1.0003897,0,1.0007668,0.3265213076943707,2
7270,1.0056516,0,0.9986459,0.8036581114061201,2
7299,1.0009773,0,1.0004816,0.39067235229436537,2
7321,1.0013403,0,1.0002301,0.44726043929519677,2
7322,1.0015872,0,0.9993135,0.6534717193659989,2
7336,1.0037209,0,0.9999032,0.520798133397699,2
7341,1.0030996,0,0.9995235,0.6062166438705179,2
7350,1.0006899,0,0.9998311,0.5370236275377478,2
7355,0.9980844,0,0.99991834,0.5173921205782176,2
7357,1.0026056,0,1.0004519,0.39735028294043495,2
7359,1.0022135,0,0.9994638,0.619652962158393,2
7363,0.9997454,0,1.0002402,0.4449808244160163,2
7364,1.0035228,0,1.000007,0.4974387856357444,2
7365,1.0021157,0,1.0003043,0.4305522031807333,2
7376,1.0055603,0,0.9999336,0.5139592887601576,2
7378,0.99812603,0,1.0003088,0.42955990023332524,2
7379,0.998107,0,1.000895,0.2976640652238045,2
7380,0.99793816,0,0.9999926,0.5006838844637541,2
7387,1.0018821,0,1.0004405,0.39992490680397996,2
7389,0.9994579,0,0.9992393,0.6701531364818838,2
7394,1.0007867,0,1.0009576,0.2835840909700432,2
7395,0.9985314,0,1.0006187,0.3598305039289833,2
7398,0.99815613,0,1.0006497,0.3528575642985491,2
7400,0.9901228,0,0.9987407,0.7823370075361387,2
7402,0.9967037,0,1.0001318,0.4693592941239574,2
7403,0.99984056,0,0.9997922,0.545766621074369,2
7421,0.99993056,0,1.0008551,0.3066484297476332,2
7422,1.0057027,0,0.9999999,0.49904792555045996,2
7423,1.0016649,0,1.000264,0.43961702470029773,2
7424,0.9994272,0,1.0000122,0.4962855686968649,2
7429,1.0037645,0,1.0000404,0.4899294660337383,2
7441,1.0031054,0,1.0013475,0.19585914661946524,2
7445,1.0064126,0,0.99955344,0.599485075227291,2
7446,1.0030882,0,0.999995,0.5001475044921823,2
7447,0.99780726,0,0.9994854,0.6147987234156677,2
7450,1.0009893,0,0.9998703,0.5282001770053906,2
7465,0.998348,0,1.0004728,0.3926569581891812,2
7468,1.0050856,0,1.0011148,0.24820983184487888,2
7469,0.99923724,0,0.99998915,0.5014616354225333,2
7477,1.0001447,0,1.0006871,0.34443639874487086,2
7481,0.99617517,0,1.0006216,0.3591868479630971,2
7482,1.0014,0,1.0002404,0.4449271864188591,2
7489,1.0027335,0,1.0001798,0.458578056695363,2
7495,1.0025414,0,1.0003488,0.420548716710918,2
7496,1.0076026,0,1.0000824,0.4804891785340736,2
7499,1.0075399,0,1.0002302,0.4472336202966182,2
7500,1.002677,0,1.0005133,0.3835384986724596,2
7502,1.0033115,0,1.0010619,0.26011746721377427,2
7503,1.0067201,0,0.9998212,0.539249604419771,2
7509,0.9984388,0,1.0005766,0.36929761042722664,2
7512,0.9973097,0,1.0001724,0.46024083460723575,2
7518,1.0069777,0,0.9998138,0.5409123823316437,2
7520,1.0070517,0,1.0008249,0.31343363638801724,2
7532,0.9985427,0,1.000163,0.4623595354949446,2
7543,1.0025239,0,0.9994987,0.6117949955748652,2
7544,1.0035424,0,1.00057,0.37077265534904924,2
7553,0.99938434,0,1.0009106,0.29415077641000886,2
7557,1.001118,0,0.99900794,0.7222088127229329,2
7565,1.0044091,0,0.9996091,0.5869606028910881,2
7568,1.0033668,0,0.99986243,0.5299702309115777,2
7574,1.0021572,0,1.0001682,0.4611794995574865,2
7577,0.99876094,0,1.0013503,0.1952423096521576,2
7588,0.9968183,0,0.9996222,0.5840105130474428,2
7590,1.0049875,0,1.0002327,0.4466704213264676,2
7598,1.002005,0,0.99973667,0.5582642744119934,2
7600,1.0038075,0,0.99917877,0.6837771877598091,2
7602,0.9967511,0,1.0005898,0.36632070158500285,2
7606,1.0011152,0,1.000134,0.4688765521495427,2
7616,1.0068908,0,1.0000232,0.4937914018290557,2
7618,0.9950746,0,1.0002013,0.4537238179526376,2
7619,1.0014774,0,0.99918187,0.6830798937967657,2
7629,1.004033,0,0.99957275,0.5951403974575589,2
7637,0.99882895,0,1.00021,0.45176603105640034,2
7653,1.0053884,0,1.0005242,0.38109796980180755,2
7655,0.9931747,0,0.9995873,0.5918684796309706,2
7658,1.0010682,0,0.9996122,0.5862633089280447,2
7662,0.99947697,0,1.0009177,0.2925684554938719,2
7664,1.0011662,0,1.0000602,0.4854775122696918,2
7669,1.0044488,0,1.0005966,0.36479201866602307,2
7673,0.99762446,0,0.9995464,0.6010673961434281,2
7675,1.002327,0,1.0000156,0.4955078177380856,2
7684,1.0056721,0,1.0004888,0.3890632123796497,2
7687,1.0049397,0,1.000281,0.43580872690213746,2
7698,0.9996798,0,0.99992085,0.5168289216080671,2
7706,0.99923795,0,0.9996836,0.5701987287794674,2
7711,0.9951644,0,0.99972224,0.5615093732400032,2
7712,0.9971119,0,1.0006117,0.3614128248451203,2
7717,0.99929446,0,1.0016598,0.12562018934212993,2
7721,1.0010049,0,0.99872327,0.7862525813286132,2
7727,1.0036973,0,0.9992322,0.6717622763965994,2
7729,1.0013374,0,0.9995229,0.6063507388634108,2
7741,1.0006039,0,0.99983835,0.5353876686244536,2
7743,1.0067812,0,0.99984956,0.5328666827580658,2
7746,1.0001106,0,0.9997314,0.5594443103494515,2
7748,1.0050629,0,0.99990714,0.5199131064446054,2
7759,1.0066105,0,1.0010875,0.2543513825193767,2
7771,0.9920875,0,0.99888754,0.749296001287312,2
7785,1.0046666,0,1.0006467,0.3535280392630139,2
7789,1.0063177,0,1.0002156,0.4505055381232065,2
7790,1.0001528,0,1.000443,0.3993617078338295,2
7791,0.99904764,0,1.0000795,0.4811328344999598,2
7792,1.0056437,0,1.0005128,0.38364577466677396,2
7797,1.0017427,0,0.9999411,0.5122696918497063,2
7803,1.0064845,0,0.99951184,0.60884490573122,2
7814,0.99968386,0,1.0014433,0.17432349076085496,2
7817,0.9977587,0,1.000013,0.49609783570681476,2
7819,0.9987312,0,0.9988897,0.7488132593128973,2
7822,1.0060282,0,0.9999126,0.5186794325099902,2
7831,0.9995804,0,1.0003413,0.42223831362136943,2
7838,0.9989243,0,0.99929345,0.6579773111272025,2
7840,0.98899806,0,0.9994111,0.6315069595301311,2
7846,1.0066128,0,0.9991373,0.6931101992651594,2
7852,1.0000231,0,0.99990535,0.5203153914232843,2
7855,1.0071387,0,0.999635,0.5811408801995334,2
7860,1.0003844,0,0.99947906,0.6162201303403331,2
7862,1.0028341,0,1.0010543,0.2618338831228042,2
7863,0.99890697,0,1.0001326,0.4691983801324858,2
7864,1.000581,0,1.000041,0.48979537104084536,2
7874,1.0042689,0,1.0004334,0.40150722772011693,2
7881,0.99041516,0,0.9997486,0.5555823745541342,2
7888,1.0030142,0,1.0000381,0.4904390270067316,2
7899,1.0040425,0,0.9995973,0.5896156837503688,2
7903,1.0022842,0,1.0000945,0.477753640679057,2
7916,0.9968233,0,0.999617,0.585190548984901,2
7923,0.99794596,0,0.9996023,0.5884892858100679,2
7935,0.99896085,0,0.9999441,0.5115992168852415,2
7955,1.0011526,0,1.0009705,0.2806876391235551,2
7963,1.0005296,0,1.0000659,0.4841902003379194,2
7965,0.99379575,0,0.9999651,0.5068790731354091,2
7966,1.0027974,0,0.99975467,0.554214605626626,2
7969,1.0020955,0,0.999954,0.5093732400032183,2
7970,0.9981402,0,1.0003364,0.42333789256309173,2
7973,0.9967405,0,1.0000813,0.4807305495212809,2
7984,1.0035384,0,1.0002986,0.43183951511250573,2
7988,0.9989564,0,1.0004569,0.39622388500013406,2
7991,0.99540794,0,1.000179,0.45873897068683456,2
7996,1.0048567,0,1.0004622,0.395043849062676,2
7998,0.9971467,0,0.99977493,0.5496553758682651,2
8002,1.0048678,0,1.0001212,0.47174618499745224,2
8022,0.99664533,0,0.99937785,0.6389894601335586,2
8026,1.0028863,0,1.0008951,0.2976372462252259,2
8031,1.0050324,0,0.9994297,0.6273231957518706,2
8034,0.99674755,0,1.0009742,0.2798562501676187,2
8035,1.000485,0,0.99945307,0.6220666720304664,2
8039,0.9985156,0,1.0003463,0.4211119156810684,2
8041,1.0002671,0,0.9998412,0.5347440126585673,2
8052,0.99702865,0,0.99945235,0.622227586021938,2
8055,1.0052288,0,1.0003014,0.4312226781451981,2
8060,1.0058357,0,1.0003519,0.41985142274787457,2
8063,1.0035851,0,0.9993726,0.6401694960710167,2
8064,1.0081109,0,0.999792,0.5458202590715262,2
8067,1.0031829,0,0.9997363,0.5583447314077292,2
8069,1.0008858,0,0.99996006,0.50800547107571,2
8070,1.0012035,0,0.99963117,0.5819990881540483,2
8075,0.99836373,0,1.0002061,0.4526510580094939,2
8076,1.0038006,0,0.99946594,0.6191702201839784,2
8084,1.0015681,0,1.0001494,0.46541690133290425,2
8088,1.0001025,0,0.9999889,0.5015152734196905,2
8089,1.0020518,0,0.9995514,0.5999409982031271,2
8090,1.0025048,0,1.0000192,0.49470324778072783,2
8091,1.0002778,0,1.0006421,0.354573980207579,2
8093,1.0030223,0,1.0009216,0.29168342854077833,2
8099,0.99990606,0,1.0000837,0.48019416954970906,2
8108,0.996969,0,0.9993062,0.6551076782792931,2
8109,1.0008383,0,0.99984384,0.5341539946898383,2
8111,0.99950624,0,1.0001055,0.4752862928098265,2
8113,0.9986833,0,1.0000838,0.48016735055113047,2
8120,1.0013227,0,0.9996127,0.5861560329337303,2
8121,1.0027505,0,0.99902964,0.717327754981629,2
8128,1.0008276,0,1.001173,0.23512216053852553,2
8132,1.0096475,0,0.9995738,0.5948990264703515,2
8134,1.0055978,0,0.99988306,0.5253305441574811,2
8150,0.98113,0,0.99960256,0.5884356478129107,2
8151,1.0020152,0,1.0002519,0.4423525625553142,2
8155,1.0022871,0,0.9997785,0.5488508059109073,2
8156,1.0022274,0,1.000562,0.37259634725239354,2
8158,0.99337655,0,0.9996164,0.5853246439777939,2
8177,0.99903405,0,0.99978864,0.5465711910317268,2
8185,1.0028493,0,0.9996848,0.5699305387936815,2
8192,1.0049233,0,0.99902415,0.7185614289162443,2
8193,1.002047,0,1.0003709,0.41558720197387833,2
8194,0.99997216,0,1.0005245,0.38101751280607177,2
8198,1.0006431,0,1.001305,0.20543352911202295,2
8199,1.0010101,0,1.0003235,0.42623434440957975,2
8201,1.0062723,0,0.99997914,0.5037144313031352,2
8203,0.99849755,0,0.99891865,0.7422962426582991,2
8204,1.0025346,0,1.0005378,0.378040603963848,2
8205,0.99926394,0,0.997833,0.9865368627135462,2
8213,1.0003837,0,1.0003995,0.40915064231501597,2
8216,0.99561244,0,1.0000342,0.49132405395982515,2
8220,1.0058626,0,1.0002246,0.44849411322981203,2
8224,1.0050437,0,1.0004476,0.3983157668892644,2
8230,1.0053303,0,1.0009029,0.2958940113176174,2
8231,1.0028274,0,0.99908006,0.7059833185828841,2
8238,1.0009357,0,0.99996996,0.5057794941936868,2
8250,0.99860394,0,1.0003873,0.4118861801700324,2
8253,1.0041655,0,1.0001513,0.46498779735564677,2
8257,1.0043012,0,0.9997586,0.5533295786735324,2
8260,1.0021455,0,1.000403,0.4083460723576582,2
8261,1.0042224,0,1.0004053,0.4078365113846649,2
8263,1.0037123,0,0.99926245,0.6649502507576367,2
8265,0.99944186,0,1.0002064,0.4525974200123367,2
8266,1.0050409,0,0.99974275,0.5568965054844852,2
8270,1.005544,0,0.9997244,0.5610266312655885,2
8280,0.995025,0,0.9998932,0.5230509292783008,2
8284,0.9997445,0,0.9997382,0.5579156274304717,2
8286,0.99748814,0,0.999563,0.5973395553410036,2
8291,0.99380887,0,1.0004183,0.4049132405395982,2
8310,1.0054432,0,1.0002326,0.4466972403250462,2
8314,1.002735,0,1.0005387,0.37782605197521923,2
8315,1.0043434,0,0.9999076,0.519805830450291,2
8317,1.0007459,0,1.0002182,0.44994233915305604,2
8318,0.99614996,0,0.99983287,0.5366213425590689,2
8324,0.9988656,0,0.99948037,0.6159251213559686,2
8326,1.0067533,0,1.0003595,0.41813500683884464,2
8330,1.0052505,0,0.99980354,0.5432188162094027,2
8332,1.0013314,0,1.0006511,0.352535736315606,2
8337,1.0002747,0,0.9998385,0.535360849625875,2
8338,1.0010083,0,0.99954236,0.6019792420951002,2
8345,1.0006946,0,1.0008367,0.31077855552873657,2
8358,1.0033792,0,1.0006425,0.35446670421326465,2
8359,1.005179,0,1.0005305,0.37967656287714213,2
8368,1.0033388,0,0.9990951,0.7026041247619814,2
8369,1.0037364,0,0.99933815,0.6479201866602301,2
8375,1.0003599,0,0.99950194,0.6110708826132432,2
8386,1.0007604,0,0.999959,0.5082468420629174,2
8389,1.0014439,0,1.0007337,0.333950170300641,2
8391,0.9866847,0,1.0008005,0.31893153109662886,2
8396,1.0025356,0,1.0003055,0.43028401319494725,2
8400,0.9875287,0,1.000302,0.43108858315230514,2
8402,1.0040274,0,1.0000049,0.49792152761015906,2
8407,0.9855912,0,0.99918914,0.6814439348834714,2
8408,0.9911971,0,1.000227,0.4479577332582402,2
8409,1.0038849,0,1.000278,0.4364792018666023,2
8412,0.99996436,0,1.000296,0.4324295330812348,2
8414,1.0034902,0,0.9991212,0.6967307640732695,2
8415,1.0205779,0,0.99931836,0.6523721404242766,2
8424,1.0027788,0,0.9991728,0.6851181376887387,2
8433,0.9987018,0,1.0001708,0.46058948158875745,2
8434,1.0006919,0,0.999544,0.6016037761149999,2
8436,1.000943,0,0.99931157,0.6539008233432564,2
8449,0.998557,0,0.9986067,0.8124815619384772,2
8463,1.0012335,0,1.000127,0.4704588730656797,2
8469,1.004144,0,0.9993634,0.6422345589615683,2
8477,1.0012393,0,1.0002284,0.44763590527529706,2
8483,1.0008972,0,1.0005429,0.3768873870249685,2
8490,1.0025713,0,0.999629,0.582481830128463,2
8493,0.9996058,0,1.0000687,0.48357336337061174,2
8498,1.0010417,0,0.9988823,0.7504760372247701,2
8502,0.9968906,0,1.0002317,0.44688497331509647,2
8510,1.001475,0,1.000875,0.3021696569850082,2
8514,0.99882627,0,0.9997941,0.5453375170971115,2
8519,1.0032732,0,1.000264,0.43961702470029773,2
8524,1.002718,0,1.0000823,0.4805159975326522,2
8536,1.0021639,0,0.9996691,0.5734706466060557,2
8540,1.0089377,0,1.0009531,0.28460321291602975,2
8542,0.99100816,0,0.9992688,0.6635288438329713,2
8543,1.0042511,0,0.999835,0.5361386005846542,2
8556,1.0027181,0,0.99979496,0.5451497841070614,2
8563,0.9989371,0,0.9996276,0.5828036581114061,2
8570,1.0007389,0,1.0001636,0.4622254405020516,2
8572,0.99931085,0,0.999913,0.5185989755142544,2
8584,1.0020252,0,0.9996809,0.570815565746775,2
8589,1.0004812,0,1.0001541,0.46434414138976055,2
8597,1.0030562,0,0.99957395,0.5948722074717729,2
8601,1.0068101,0,1.0008141,0.3158741652586693,2
8607,1.0009288,0,0.99965775,0.576018451471022,2
8609,0.9979545,0,0.9992775,0.6615710569367339,2
8613,1.0022647,0,0.9998449,0.5339126237026309,2
8615,0.99735665,0,1.0004108,0.40660283745004966,2
8620,1.0018883,0,1.0000207,0.4943546007992061,2
8621,1.0046115,0,0.99974954,0.5553678225655054,2
8623,1.0028062,0,0.9997885,0.5465980100303054,2
8628,1.0039436,0,1.0000916,0.47842411564352183,2
8634,1.0002693,0,0.9992069,0.677447904095261,2
8644,1.0017086,0,1.0003927,0.41067932523399575,2
8645,1.0018301,0,0.9995332,0.6040443049856519,2
8648,0.9966778,0,0.99949193,0.6133236784938451,2
8659,1.0051147,0,0.99984884,0.5330275967495374,2
8660,1.0020815,0,1.0009568,0.2837718239600934,2
8662,0.9960856,0,1.0001786,0.45884624668114893,2
8664,0.9925432,0,1.0008861,0.2996754901171991,2
8666,0.9993866,0,0.99965584,0.5764475554482795,2
8672,1.003985,0,0.99978304,0.5478316839649208,2
8674,1.0046248,0,1.0004092,0.40695148443157136,2
8698,1.0002638,0,1.0006856,0.34478504572639257,2
8701,0.9992357,0,1.000037,0.4907072169925175,2
8715,0.99840015,0,1.0000814,0.4807037305227023,2
8719,1.0021608,0,1.0000912,0.4785045726392576,2
8723,0.99911755,0,0.99990225,0.5210126853863277,2
8735,0.99705595,0,0.99963915,0.5802022152492826,2
8738,1.0025935,0,1.0000882,0.4791750476037224,2
8750,0.9990392,0,0.9997933,0.5455252500871617,2
8755,0.99994135,0,1.0002836,0.4352187089334084,2
8764,1.0062046,0,1.0001794,0.4586585136910988,2
8774,0.99902457,0,0.99953973,0.6025692600638293,2
8780,0.99809724,0,0.99959564,0.5899911497304691,2
8795,1.0012826,0,0.99928665,0.6595059940461823,2
8800,0.998732,0,0.99965274,0.5771448494113229,2
8803,0.99610806,0,1.000219,0.4497546061630059,2
8806,1.000771,0,1.0006661,0.3491565424947033,2
8810,1.0033412,0,0.9996768,0.5717274116984472,2
8818,1.0026858,0,1.0003233,0.42628798240673693,2
8820,0.9948922,0,0.9996866,0.5695282538150026,2
8821,0.9908259,0,0.99957836,0.593879904524365,2
8829,0.99887747,0,1.0004663,0.39410518411242523,2
8837,1.003347,0,0.99904394,0.7141094751521978,2
8840,0.99756116,0,1.0000355,0.4910290449754606,2
8842,1.0038618,0,0.9998636,0.5297020409257918,2
8850,0.9891753,0,1.0001845,0.4575052967522193,2
8851,1.0006899,0,1.0002764,0.436827848848124,2
8853,0.9882846,0,1.0004716,0.39292514817496715,2
8861,1.0068028,0,1.0001285,0.470110226084158,2
8862,1.0009955,0,0.9996679,0.5737388365918417,2
8866,0.9993506,0,0.999552,0.5998069032102341,2
8867,1.005787,0,0.99967575,0.5719687826856545,2
8871,1.0075135,0,1.0001701,0.460750395580229,2
8874,1.0103067,0,0.9993483,0.6456405717810497,2
8882,1.0026895,0,1.0000807,0.4808646445141739,2
8887,1.003346,0,1.0000695,0.4833856303805616,2
8889,1.0039641,0,0.9992007,0.6788424920213479,2
8890,1.0001776,0,0.9997839,0.5476439509748706,2
8891,1.0042359,0,1.0005847,0.36747391852388234,2
8901,0.99996006,0,0.99892235,0.7414648537023627,2
8903,1.0054651,0,0.99977326,0.5500308418483654,2
8904,1.0041491,0,0.99995935,0.5081663850671816,2
8909,0.9999898,0,1.0005221,0.38155389277764373,2
8915,1.0061594,0,0.999691,0.5685359508675947,2
8923,0.9969876,0,1.0003642,0.4170890658942795,2
8932,0.9989302,0,1.001401,0.18384423525625548,2
8934,1.001515,0,1.0002489,0.443023037519779,2
8947,0.99574447,0,0.9994223,0.6289859736637433,2
8960,1.0038053,0,0.9998269,0.5379622924879985,2
8970,1.0014535,0,1.0001417,0.4671333172419342,2
8972,1.0027118,0,1.0009149,0.2931852924611795,2
8973,0.9942456,0,0.9993372,0.6481347386488588,2
8974,0.99178,0,1.0005058,0.38522809558291093,2
8987,1.0024847,0,1.000436,0.4009440287499665,2
8988,1.0014479,0,1.0006086,0.3621101188081637,2
8996,0.98801583,0,1.0004421,0.39954944082387966,2
9001,1.0003269,0,0.999727,0.5604366132968595,2
9008,0.9966882,0,1.0010494,0.2629334620645265,2
9010,1.0016934,0,0.9999362,0.5133692707914286,2
9014,1.0023698,0,1.0002207,0.4493791401829056,2
9018,1.000825,0,0.99920714,0.6773942660981038,2
9019,1.0029889,0,1.0000607,0.48537023627537745,2
9020,1.0024036,0,0.99920917,0.6769383431222677,2
9022,1.0068527,0,0.9998672,0.528897470968434,2
9044,1.0025555,0,0.9996034,0.5882479148228605,2
9047,1.0048878,0,1.0008686,0.3036178829082522,2
9048,0.98482585,0,1.0001354,0.4685547241665996,2
9052,1.0038732,0,1.0006795,0.3461528146539008,2
9062,0.99576867,0,0.9994831,0.6153082843886609,2
9063,1.0000478,0,1.0005615,0.3727036232467079,2
9064,1.0066131,0,0.99955654,0.5987877812642476,2
9074,1.0013219,0,0.99976397,0.5521227237374957,2
9076,0.9929451,0,0.9997177,0.5625284951859897,2
9089,1.0007807,0,0.99923456,0.6712258964250275,2
9090,0.99107414,0,0.9994763,0.6168369673076408,2
9091,1.0025003,0,1.0006479,0.353259849277228,2
9094,1.0039519,0,0.9996841,0.570091452785153,2
9095,0.9992569,0,1.0003225,0.4264757153967871,2
9097,0.98696834,0,0.9992868,0.6594791750476037,2
9098,1.0036227,0,0.9992863,0.659586451041918,2
9102,1.0055497,0,0.99997044,0.5056722181993725,2
9105,0.9995263,0,1.0001231,0.47131708102019476,2
9106,0.99982166,0,0.99937093,0.640544962051117,2
9113,1.001382,0,0.99976695,0.5514522487730309,2
9116,1.0013671,0,1.0008068,0.31751012417196345,2
9118,0.9971467,0,0.9996879,0.5692332448306381,2
9127,1.007334,0,1.0001743,0.45981173062997827,2
9130,1.0052418,0,0.99960494,0.5878992678413388,2
9131,0.9979319,0,1.0002955,0.43253680907554914,2
9139,1.0001479,0,0.9998611,0.5302652398959422,2
9152,1.0013384,0,0.9998629,0.5298629549172633,2
9156,1.0004159,0,1.0005289,0.38002520985866384,2
9172,0.99602044,0,0.99941576,0.630461018585566,2
9174,1.0046128,0,1.0010755,0.2570601013758146,2
9178,0.99630433,0,0.9996958,0.5674631909244509,2
9180,1.0018852,0,1.00004,0.4900099230294741,2
9190,0.99475634,0,0.9997909,0.5460616300587335,2
9206,1.0031838,0,1.0004365,0.4008099337570735,2
9209,0.9979978,0,1.0009488,0.2855686968648591,2
9218,1.000094,0,0.99984515,0.5338589857054737,2
9224,0.9995029,0,1.000173,0.4601067396143428,2
9235,0.9973178,0,1.0007502,0.3302491484967951,2
9249,1.0012716,0,1.0003167,0.42776302732855953,2
9253,1.0015593,0,1.0002207,0.4493791401829056,2
9256,0.9934626,0,1.000036,0.49092176898114626,2
9259,1.002224,0,0.9996482,0.5781639713573095,2
9264,1.0023657,0,0.99952984,0.6047952369458525,2
9267,1.0056912,0,1.0002904,0.43369002601442863,2
9270,1.0003242,0,0.9999318,0.5143615737388366,2
9277,1.0026665,0,1.0010128,0.2711668946281546,2
9293,1.0031321,0,0.9995229,0.6063507388634108,2
9298,1.0052091,0,1.0005437,0.37669965403491834,2
9302,1.0036265,0,1.0007435,0.3317510124171963,2
9311,1.0037398,0,0.99969184,0.5683482178775445,2
9312,1.0021744,0,1.0006639,0.34966610346769655,2
9314,0.9975052,0,1.0004056,0.40778287338750774,2
9318,1.0067633,0,0.99942327,0.6287714216751146,2
9330,0.9999908,0,0.9994066,0.6325260814761177,2
9331,1.0022247,0,0.9992651,0.6643602327889077,2
9332,1.0051528,0,0.9993653,0.6418054549843109,2
9335,0.99988836,0,1.0000685,0.48360018236919033,2
9343,1.0040085,0,1.0000489,0.48802531713465824,2
9344,0.99397796,0,0.9999958,0.4999597715021321,2
9352,0.9979771,0,0.99924004,0.6699922224904122,2
9353,0.9994762,0,1.0000666,0.4840292863464478,2
9355,0.9988711,0,0.9994395,0.625124037868426,2
9358,0.9988712,0,1.0000218,0.4941132298119988,2
9363,1.0001725,0,1.0006812,0.3457773486738005,2
9367,1.0039997,0,0.999725,0.5608925362726955,2
9370,0.9978289,0,0.999179,0.6837235497626519,2
9391,0.9994486,0,0.99929297,0.6580845871215169,2
9402,1.0038551,0,0.9998301,0.5372381795263765,2
9408,1.0019115,0,0.9997802,0.548475339930807,2
9412,0.99884737,0,0.99946487,0.6194115911711857,2
9413,1.0002686,0,0.999756,0.5539195966422614,2
9417,0.99747306,0,0.99973357,0.5589615683750369,2
9421,1.0004109,0,0.99956274,0.5973931933381608,2
9422,1.0001807,0,0.9996922,0.5682677608818087,2
9426,1.0019996,0,1.0008708,0.30310832193525894,2
9431,0.99909455,0,1.0007253,0.3358543191997211,2
9437,1.0013484,0,1.0002058,0.4527315150052297,2
9446,1.0026047,0,1.0003504,0.4202000697293963,2
9452,0.9992174,0,0.99997103,0.5055381232064795,2
9453,1.0039846,0,0.99986434,0.5295411269343202,2
9457,0.999726,0,0.9998822,0.5255182771475313,2
9458,1.0011356,0,0.9995489,0.6005041971732776,2
9459,1.0000694,0,1.0008705,0.3031887789309947,2
9464,1.0034566,0,1.0008918,0.2983881781854265,2
9467,1.0054815,0,0.9992429,0.669348566524526,2
9475,1.0035973,0,1.000175,0.4596508166385067,2
9477,1.0011579,0,0.99958384,0.5926462305897497,2
9482,1.0036204,0,0.99971807,0.5624480381902539,2
9498,1.0036919,0,1.0003252,0.42585887842947945,2
9500,1.000813,0,1.0003908,0.41110842921125323,2
9501,1.0036912,0,1.0004854,0.3898141443398504,2
9504,0.9972518,0,1.0007526,0.32971276852522324,2
9509,1.0032055,0,0.9993166,0.6527744254029555,2
9510,1.0010113,0,1.0003922,0.4107866012283101,2
9529,1.0015436,0,0.9988723,0.7527288331053719,2
9536,1.0033209,0,1.0004267,0.4030359106390967,2
9541,0.9987118,0,1.0000609,0.48531659827822027,2
9543,1.0060304,0,1.000566,0.3716845013007214,2
9547,0.99831146,0,0.9995334,0.6039906669884947,2
9549,0.99890745,0,0.9999647,0.5069595301311449,2
9550,1.0047739,0,1.001133,0.2441333440609328,2
9560,1.0005747,0,1.0001491,0.46547053933006144,2
9561,0.9976448,0,0.99990344,0.5207444954005418,2
9566,0.99789715,0,0.9996822,0.5705205567624105,2
9572,1.0032094,0,0.9993986,0.6343229543808835,2
9577,1.005826,0,0.99998283,0.5028830423471988,2
9583,1.0029702,0,1.0002686,0.4385979027543112,2
9584,0.9996223,0,1.0011559,0.23898409633384288,2
9590,1.0032136,0,1.0003247,0.4259661544237938,2
9594,0.99964505,0,1.000386,0.41218118915439694,2
9606,1.0015408,0,1.0006455,0.35379622924879983,2
9608,0.9990668,0,0.9987627,0.7773754927990989,2
9609,0.9916694,0,0.9992175,0.6750610132217663,2
9621,1.0018518,0,0.99989045,0.5236677662456084,2
9627,0.9995653,0,1.000334,0.4238742725346636,2
9632,1.0006065,0,1.0001729,0.4601335586129214,2
9646,0.9922179,0,1.0001231,0.47131708102019476,2
9648,1.001518,0,0.9993856,0.6372462252259501,2
9650,0.9977938,0,0.9995184,0.6073698608093974,2
9656,1.0043658,0,1.000364,0.4171427038914367,2
9666,1.0007198,0,0.999586,0.5921634886153351,2
9670,1.0058057,0,1.0001762,0.4593826266527208,2
9672,1.0005845,0,1.0006528,0.3521602703355057,2
9689,1.0003592,0,0.999805,0.5428969882264596,2
9696,1.0023189,0,0.9999455,0.5112773889022983,2
9702,1.0064626,0,1.0003703,0.4157212969667713,2
9706,1.0016268,0,1.000133,0.46909110413817146,2
9707,0.9993441,0,1.0002289,0.4475286292809827,2
9710,1.00102,0,0.99933636,0.648322471638909,2
9720,0.99785835,0,1.0001836,0.45771984874084803,2
9727,1.006327,0,0.99987125,0.5279856250167618,2
9731,1.0008606,0,0.99934185,0.6470887977042937,2
9732,0.9990271,0,1.0000666,0.4840292863464478,2
9740,0.9990538,0,0.9996536,0.5769571164212728,2
9741,1.0037354,0,0.9998938,0.5229168342854078,2
9754,1.0044216,0,0.9992504,0.6676589696140747,2
9765,1.0034714,0,1.0002471,0.4434253224984579,2
9770,1.0045285,0,0.999805,0.5428969882264596,2
9772,1.001099,0,0.99944735,0.6233539839622388,2
9774,1.0005764,0,0.99915075,0.6900796524257784,2
9778,1.0037464,0,1.0000424,0.48947354305790225,2
9793,0.99983114,0,0.9998734,0.5275028830423472,2
9799,1.0002896,0,1.001078,0.25649690240566414,2
9802,1.0015702,0,0.9999019,0.5210931423820635,2
9807,0.99793214,0,1.0003879,0.41175208517713946,2
9815,1.0015861,0,0.9999441,0.5115992168852415,2
9824,1.0011429,0,1.0000479,0.488239869123287,2
9825,0.99936545,0,1.0000237,0.4936841258347413,2
9826,1.0008996,0,0.9997231,0.561321640249953,2
9837,0.9967003,0,0.998762,0.7775364067905705,2
9842,0.99761254,0,1.0004224,0.40400139458792605,2
9852,1.0025008,0,1.0012488,0.21806527744254034,2
9853,1.001438,0,1.0002317,0.44688497331509647,2
9861,0.9920195,0,0.99944544,0.6237830879394963,2
9863,1.0004941,0,1.000094,0.4778609166733714,2
9866,1.0049229,0,1.0013163,0.20288572424705664,2
9868,0.99831915,0,1.0002975,0.43208088609971307,2
9877,1.001269,0,0.9998852,0.5248478021830665,2
9881,0.9916179,0,0.99935627,0.6438436988762839,2
9897,1.0009673,0,0.99998045,0.5034194223187707,2
9906,0.98690015,0,1.0003549,0.41918094778340975,2
9913,1.0014328,0,1.000926,0.2906911255933703,2
9917,1.0076798,0,0.99950016,0.611473167591922,2
9924,0.99838644,0,1.0003903,0.4112157052055676,2
9927,0.99897873,0,0.9993863,0.6370853112344785,2
9931,1.0011746,0,0.9995414,0.602193794083729,2
9945,0.99347746,0,1.0000918,0.47837047764636464,2
9965,1.0045464,0,1.0001026,0.4759299487757127,2
9969,1.0011941,0,1.0007825,0.32298119988199636,2
9971,1.0013862,0,0.9991801,0.6834821787754446,2
9990,0.99743646,0,0.99994206,0.5120551398610775,2
9993,1.0002055,0,1.0001816,0.4581757717166841,2
9995,1.0049949,0,1.0001637,0.462198621503473,2
10006,0.9987673,0,0.9991368,0.6932174752594737,2
10018,0.9963724,0,0.9998621,0.5300506879073135,2
10020,1.0032923,0,1.001192,0.23085793976452917,2
10029,1.0013884,0,0.99972093,0.5618043822243677,2
10033,1.0003747,0,0.9989426,0.7369056239440019,2
10038,1.0001773,0,0.9993384,0.6478665486630729,2
10044,1.0029069,0,0.9996083,0.5871483358811382,2
10046,1.0051987,0,0.99929106,0.6585136910987743,2
10050,1.0006367,0,0.9996258,0.583205943090085,2
10051,1.0014144,0,0.9987588,0.7782605197521925,2
10053,1.0009096,0,0.9999932,0.5005497894708612,2
10058,1.0004365,0,0.99956584,0.5966958993751174,2
10067,1.004921,0,0.9998834,0.5252500871617454,2
10075,0.9952933,0,0.9987973,0.7695979832113069,2
10084,0.99438864,0,0.99949515,0.612599565532223,2
10092,0.999834,0,0.9998692,0.5284415479925979,2
10093,1.006533,0,0.9991622,0.6875050285622335,2
10103,0.99877876,0,1.000359,0.418242282833159,2
10105,1.0044993,0,1.0000125,0.49620511170112913,2
10106,0.99867034,0,1.000925,0.2909324965805776,2
10116,1.0002328,0,1.0004758,0.3919864832247164,2
10121,0.99882406,0,1.0002446,0.44398852146860834,2
10143,1.00114,0,0.9996103,0.5866924129053022,2
10146,1.0034405,0,1.0002738,0.437417866816853,2
10147,0.99862623,0,0.9990163,0.7203314828224314,2
10151,0.9963189,0,1.0002488,0.4430498565183576,2
10153,0.9835915,0,0.9998987,0.5218172553436855,2
10158,1.0023038,0,1.0000311,0.49202134792286856,2
10159,0.99777824,0,0.9985354,0.8285193230884759,2
10160,1.0006799,0,0.9995351,0.6036152010083944,2
10175,0.9957128,0,1.0000595,0.4856384262611634,2
10192,1.0039588,0,0.9995532,0.5995387132244482,2
10193,1.0009758,0,1.0008026,0.3184487891222142,2
10195,1.0014418,0,0.9998617,0.5301311449030492,2
10197,0.98882276,0,1.0001857,0.45723710676643337,2
10204,0.99505705,0,1.0003353,0.42357926355029907,2
10205,1.0029427,0,0.9993541,0.6443264408506986,2
10206,0.9847381,0,0.99974847,0.5556091935527128,2
10215,1.0000528,0,0.99984336,0.5342612706841526,2
10219,1.0031899,0,0.99954367,0.6016842331107357,2
10222,1.0003145,0,0.99942374,0.6286641456808002,2
10230,0.9972177,0,0.99951744,0.6075844127980261,2
10240,1.0064386,0,1.0004473,0.3983962238850002,2
10246,0.99927723,0,0.9999342,0.5138251937672647,2
10249,0.9988287,0,0.99998176,0.5031244133344062,2
10253,1.0027794,0,0.9991331,0.6940488642154101,2
10263,1.0054419,0,1.0004208,0.40435004156944776,2
10272,1.003029,0,0.99993527,0.5135838227800573,2
10280,1.0023677,0,1.0003588,0.4182959208303162,2
10292,0.99736714,0,1.0001004,0.47643950974870597,2
10294,0.99887186,0,1.0001959,0.454957491887253,2
10302,1.0012879,0,1.0000583,0.4859066162469493,2
10303,0.9947738,0,1.0000759,0.4819374044573176,2
10305,0.99372894,0,0.999933,0.5140933837530506,2
10307,1.0012267,0,0.99995446,0.5092659640089039,2
10318,1.0020512,0,1.0002495,0.44288894252688604,2
10327,1.003519,0,1.0000374,0.49059994099820314,2
10343,1.0018148,0,0.9999933,0.5005229704722826,2
10346,1.0056425,0,0.99947715,0.6166492343175906,2
10352,1.0067011,0,0.99988365,0.5251964491645882,2
10354,1.0006858,0,0.9999442,0.5115723978866629,2
10355,0.9980106,0,0.99922407,0.6735859682999437,2
10356,1.000599,0,0.99997115,0.5055113042079009,2
10359,1.0040928,0,1.0003048,0.4304449271864189,2
10367,0.9836285,0,1.000036,0.49092176898114626,2
10371,0.9984695,0,0.9999274,0.5153538766862445,2
10380,0.998683,0,0.9997667,0.5515058867701881,2
10387,0.99851036,0,1.0005867,0.36701799554804626,2
10388,1.0002593,0,0.99989617,0.522380454313836,2
10396,0.99644387,0,1.0002022,0.45353608496258746,2
10399,1.0027739,0,1.0003468,0.42100463968675406,2
10403,1.0038077,0,1.000481,0.39080644728725833,2
10410,1.0019289,0,0.9993286,0.6500657065465176,2
10412,1.0003521,0,1.0004525,0.397216187947542,2
10413,0.9947973,0,0.99979067,0.5461152680558907,2
10414,1.001411,0,0.99880004,0.7689811462439993,2
10421,1.0007648,0,0.9987638,0.7771341218118916,2
10425,0.98772264,0,1.0006624,0.34998793145063967,2
10430,1.0032922,0,0.9997785,0.5488508059109073,2
10441,1.0058584,0,1.001037,0.26572263791670014,2
10446,0.995837,0,0.99929,0.6587550620859817,2
10447,1.0042615,0,0.9996964,0.5673290959315579,2
10451,0.99939257,0,1.0001851,0.45737120175932633,2
10455,1.0003676,0,0.9996669,0.5739533885804704,2
10457,1.0000817,0,1.000093,0.4781022876605787,2
10460,1.0013063,0,1.0004206,0.40440367956660495,2
10463,0.9868468,0,0.9989456,0.7362351489795371,2
10468,1.0038265,0,1.0002205,0.4494059591814842,2
10470,0.99640787,0,1.0003692,0.4159626679539786,2
10476,0.9984454,0,0.9995992,0.5891865797731113,2
10485,0.99643254,0,0.99947655,0.6167833293104835,2
10489,1.0077727,0,1.0003077,0.4298012712205326,2
10501,0.99858594,0,1.0004431,0.3993348888352509,2
10503,1.0003779,0,1.000819,0.3147745863169469,2
10504,1.0023158,0,1.0004483,0.39815485289779284,2
10508,1.0023998,0,1.0001553,0.4640759514039746,2
10509,1.0019771,0,1.0006744,0.3473060315927803,2
10512,1.0053964,0,1.0005891,0.3664816155764744,2
10514,1.0052142,0,1.0010723,0.2577842143374366,2
10516,0.9997074,0,1.0002085,0.45211467803792205,2
10531,0.99423975,0,1.000251,0.44254029554536434,2
10537,1.0042683,0,0.9999182,0.5174189395767962,2
10540,1.0005057,0,1.0001928,0.4556547858502964,2
10549,0.9962077,0,1.0000414,0.4897149140451096,2
10551,0.99583495,0,1.000308,0.4297208142247968,2
10552,1.0016971,0,1.0003139,0.42840668329444576,2
10556,0.99739033,0,1.0001336,0.4689570091452785,2
10557,1.0003967,0,1.0002187,0.4498082441601631,2
10562,0.9865736,0,1.0004413,0.3997371738139298,2
10571,0.9982943,0,1.0007856,0.32228390591895295,2
10574,1.0032583,0,1.0009998,0.2740901654732212,2
10575,1.003137,0,1.0001025,0.4759567677742913,2
10578,1.0025462,0,0.999104,0.700592699868587,2
10580,0.9969799,0,0.99922955,0.6723522943653284,2
10591,0.9956253,0,0.9994168,0.6302196475983587,2
10600,1.0025979,0,1.0003649,0.41692815190280796,2
10603,1.0024066,0,1.00031,0.4292917102475393,2
10606,1.000214,0,0.9995141,0.6083353447582267,2
10607,1.0037899,0,0.999933,0.5140933837530506,2
10608,1.0034606,0,1.0003458,0.4212191916753828,2
10611,0.9942488,0,0.99965763,0.5760452704696006,2
10614,0.99673516,0,1.0007536,0.3294713975380159,2
10616,1.0033631,0,0.99930847,0.6545981173062998,2
10617,1.0052431,0,1.0002272,0.447904095261083,2
10618,1.0008241,0,0.999465,0.6193847721726071,2
10635,0.9988101,0,1.0006051,0.36288786976694287,2
10638,1.0010978,0,0.99981606,0.5404028213586505,2
10642,1.00006,0,1.000084,0.4801137125539733,2
10648,1.0006679,0,1.0005536,0.37447367715289515,2
10649,1.0018438,0,1.0013213,0.20175932630675575,2
10652,1.0033984,0,0.9997927,0.5456593450800546,2
10657,1.0013086,0,1.0005789,0.3687880494542334,2
10663,1.0022457,0,1.0002444,0.44404215946576553,2
10670,1.0001338,0,0.9995074,0.6098372086786279,2
10672,1.0048777,0,1.0004117,0.4063882854614209,2
10676,1.0036043,0,0.99930084,0.6563145332153297,2
10681,1.000102,0,0.99981487,0.5406710113444364,2
10691,1.0002888,0,1.0000058,0.4977069756215303,2
10693,1.0017638,0,0.9994837,0.615174189395768,2
10698,1.0023087,0,0.99997807,0.5039558022903425,2
10701,1.004177,0,0.9991902,0.6812025638962641,2
10715,1.0010188,0,1.0001055,0.4752862928098265,2
10717,1.003997,0,0.99888647,0.7495373722745193,2
10720,0.99847615,0,1.0003693,0.41593584895540003,2
10727,1.000067,0,0.9997225,0.561455735242846,2
10737,0.9998228,0,0.99917245,0.6851985946844745,2
10739,0.9964017,0,0.999377,0.6391771931236088,2
10742,1.0020622,0,0.9998498,0.5328130447609086,2
10743,1.001395,0,1.0006646,0.349505189476225,2
10745,1.0059943,0,1.0003645,0.41700860889854374,2
10750,1.0034335,0,0.99949753,0.6120631855606511,2
10754,1.0007435,0,0.9995856,0.5922439456110709,2
10755,1.0057789,0,0.99996746,0.5063426931638373,2
10758,1.0024097,0,1.0011288,0.24507200901118353,2
10763,0.9999803,0,0.99944174,0.6246144768954327,2
10775,1.0024107,0,0.9992937,0.6579236731300453,2
10783,1.0003809,0,0.99973094,0.5595515863437659,2
10784,0.99584055,0,0.9992893,0.6589159760774532,2
10787,0.99976397,0,0.9992702,0.6632070158500282,2
10791,1.0010914,0,1.0003654,0.4168208759084936,2
10793,1.0015658,0,0.99977744,0.5490921768981146,2
10800,1.0007871,0,1.0000342,0.49132405395982515,2
10804,1.000602,0,1.0005032,0.38581811355164,2
10823,1.0034215,0,1.00003,0.4922627189100759,2
10826,0.99597937,0,1.0007774,0.32413441682087596,2
10828,1.0003835,0,1.0001011,0.4762785957572344,2
10834,0.9978384,0,0.99973834,0.5578888084318931,2
10838,0.99465644,0,1.0002074,0.4523560490251294,2
10854,0.99712986,0,0.9998522,0.5322766647893368,2
10856,0.9949905,0,0.99946046,0.6204038941185936,2
10868,1.0035609,0,1.0004327,0.4016681417115885,2
10886,0.9980022,0,1.0008132,0.31606189824871944,2
10890,0.9881941,0,1.0002543,0.44181618258374233,2
10898,1.0010746,0,1.0000323,0.49175315793708263,2
10902,1.0011955,0,0.9996939,0.5678922949017084,2
10903,0.99582475,0,0.999701,0.5662831549869928,2
10906,1.0030992,0,0.99983,0.5372649985249551,2
10913,1.0019413,0,0.9997668,0.5514790677716095,2
10915,0.9922574,0,0.99988425,0.5250623541716952,2
10917,0.9985567,0,0.9999844,0.5025343953656771,2
10922,0.99555105,0,0.9998759,0.5269396840721967,2
10938,0.9979965,0,0.9998003,0.5439429291710247,2
10942,1.0003716,0,1.0002248,0.44844047523265484,2
10944,1.0008292,0,0.9996772,0.5716469547027114,2
10949,1.0025975,0,1.0003681,0.41620403894118596,2
10953,1.0032414,0,0.9996774,0.5715933167055542,2
10957,1.000004,0,1.0005046,0.38549628556869686,2
10959,1.0000188,0,0.9990779,0.7064660605572988,2
10960,0.989208,0,0.9993714,0.6404376860568026,2
10961,0.99762505,0,0.99953127,0.6044734089629094,2
10963,1.0022703,0,1.0004461,0.3986644138707861,2
10965,0.9996843,0,0.9992024,0.6784670260412476,2
10973,0.9958883,0,1.0000769,0.48172285246868884,2
10975,0.99872714,0,0.998806,0.7676401963150696,2
10978,1.0020992,0,1.0005654,0.37181859629361436,2
10982,1.0038913,0,0.9996637,0.5746775015420924,2
10986,1.0016023,0,0.99969065,0.5686164078633305,2
10993,1.0060812,0,1.0002499,0.44280848553115026,2
10997,1.002762,0,0.9999887,0.5015689114168477,2
11018,0.998811,0,0.9994941,0.6128409365194304,2
11021,1.0000107,0,0.9997244,0.5610266312655885,2
11022,1.0018799,0,1.0002693,0.43843698876283954,2
11031,0.99831605,0,0.99955475,0.5991900662429265,2
11055,1.0028,0,1.0001523,0.46474642636843944,2
11069,1.0003953,0,0.99923944,0.6701263174833052,2
11070,1.0016768,0,0.99978244,0.5479657789578137,2
11071,1.0000917,0,1.0002964,0.432349076085499,2
11072,1.0041715,0,0.9999012,0.5212540563735351,2
11073,1.0007923,0,0.99965525,0.5765816504411725,2
11076,0.99386764,0,1.0005925,0.3657306836162738,2
11082,1.0041968,0,1.0005767,0.36927079142864805,2
11093,0.9962319,0,1.0010242,0.2685922707646097,2
11095,1.0013893,0,0.99958694,0.5919489366267063,2
11100,1.0044556,0,1.0005268,0.3805079518330785,2
11106,1.0021358,0,0.99975324,0.5545364336095691,2
11109,0.9981053,0,1.0004647,0.39448065009252553,2
11111,1.0073379,0,1.0010314,0.2669831308498941,2
11112,0.9997646,0,1.0004591,0.3957411430257194,2
11113,1.0027269,0,1.0002365,0.44581221337195265,2
11114,1.0059783,0,1.0002846,0.4350041569447797,2
11121,0.9887027,0,0.99939823,0.6344034113766193,2
11129,0.99751043,0,1.00024,0.44503446241317346,2
11130,1.0054322,0,1.0006862,0.3446509507334996,2
11134,0.99748397,0,1.0003477,0.4207900876981253,2
11135,0.9934016,0,0.9997082,0.5646740150722772,2
11138,1.0051448,0,1.0004877,0.389304583366857,2
11140,0.99995536,0,1.0007215,0.33671252715423605,2
11144,1.0010343,0,0.99971104,0.564030359106391,2
11149,0.99051565,0,1.0000318,0.491860433931397,2
11150,1.0039585,0,0.9996717,0.5728806286373267,2
11161,0.9989511,0,0.99878025,0.7734331000080457,2
11167,1.0008141,0,0.9997281,0.5601952423096521,2
11168,1.0001181,0,0.9999199,0.5170434735966959,2
11174,0.99946946,0,1.0008624,0.305012470834339,2
11180,1.0006914,0,0.9993348,0.6486711186204307,2
11184,1.004919,0,0.99980664,0.5425215222463593,2
11195,0.99504614,0,0.9998933,0.5230241102797222,2
11199,1.006431,0,0.99955046,0.6001555501917558,2
11207,1.0029876,0,1.0005095,0.38439670662697456,2
11208,1.0028516,0,1.0008343,0.3113149355003084,2
11212,0.99924165,0,0.99989545,0.5225413683053075,2
11224,1.000128,0,0.99922943,0.672379113363907,2
11225,1.0052683,0,0.9998665,0.5290583849599055,2
11228,0.99951833,0,0.99977493,0.5496553758682651,2
11231,0.9989373,0,0.9990363,0.7158258910612278,2
11233,1.0008852,0,1.0001014,0.47619813876149863,2
11241,0.9980624,0,0.9994551,0.6216107490546303,2
11245,0.9994712,0,1.0007012,0.3412717569125969,2
11246,1.0032895,0,1.0001532,0.4645586933783893,2
11248,1.0009856,0,1.0001494,0.46541690133290425,2
11251,1.0026618,0,0.99978757,0.5468125620189341,2
11264,1.0074749,0,1.0002568,0.4412529836135919,2
11265,0.9987355,0,0.9996338,0.5814090701853193,2
11273,1.0025618,0,0.9990803,0.7059296805857269,2
11274,1.0002913,0,1.0003598,0.41808136884168745,2
11277,1.0026423,0,1.0004418,0.39962989781961544,2
11280,1.0009207,0,1.000992,0.2758602193794084,2
11283,1.0001569,0,1.0000458,0.48872261109770165,2
11294,1.001545,0,0.99942315,0.6287982406736932,2
11300,1.0020039,0,0.9998714,0.5279588060181832,2
11303,0.9997144,0,1.0007234,0.33628342317697857,2
11304,0.99747115,0,0.99949,0.6137527824711025,2
11308,0.9986826,0,1.0001539,0.46439777938691773,2
11316,0.99804574,0,1.0004672,0.3939174511223751,2
11318,1.0034316,0,1.0000907,0.478611848633572,2
11321,0.9983137,0,1.0004636,0.39472202107973287,2
11325,1.0062331,0,0.9999578,0.5085150320487033,2
11330,1.0059967,0,1.0005125,0.38372623166250974,2
11334,0.98956275,0,1.0002915,0.4334486550272213,2
11335,1.0012541,0,1.0005884,0.36664252956794596,2
11345,1.0016993,0,1.0004103,0.40671011344436403,2
11348,0.99713427,0,0.99895024,0.735189208034972,2
11351,0.9980296,0,0.9992188,0.6747660042374017,2
11363,0.99649173,0,0.99910855,0.6995735779226004,2
11369,1.0000414,0,0.9997169,0.5627162281760398,2
11378,0.9980014,0,0.9997927,0.5456593450800546,2
11379,1.0021747,0,1.0000659,0.4841902003379194,2
11394,1.0050623,0,0.9999634,0.5072545391155094,2
11397,0.9986794,0,0.9997585,0.553356397672111,2
11398,1.0001951,0,0.9989455,0.7362619679781157,2
11401,0.9985166,0,1.0006671,0.34894199050607455,2
11402,1.0016512,0,1.0000173,0.4951323517579853,2
11405,0.99328625,0,0.9997333,0.559015206372194,2
11407,0.9978391,0,1.00034,0.42253332260573395,2
11413,1.0025874,0,1.0003738,0.4149167270094135,2
11429,0.99969006,0,0.99986506,0.5293802129428486,2
11433,1.0003811,0,0.99995816,0.5084345750529675,2
11440,1.001493,0,0.99959934,0.5891597607745327,2
11442,0.99902564,0,0.9996878,0.5692600638292167,2
11444,1.0017594,0,0.99901533,0.7205460348110602,2
11446,1.0004896,0,1.001074,0.2574087483573363,2
11453,0.9985955,0,1.000291,0.43355593102153567,2
11455,1.0015243,0,0.99994016,0.512484243838335,2
11461,0.9980579,0,1.0000952,0.47759272668758546,2
11463,1.0021538,0,0.99938595,0.6371657682302143,2
11481,1.0083882,0,0.999972,0.5053235712178508,2
11492,1.0032603,0,0.99955046,0.6001555501917558,2
11499,0.9985151,0,0.99898875,0.7265266714940863,2
11500,1.006988,0,1.0003145,0.4282725883015528,2
11501,0.999724,0,1.0004345,0.4012658567329096,2
11503,1.0025431,0,0.9992347,0.6711990774264489,2
11505,1.0071604,0,1.0002338,0.4464290503392603,2
11513,1.002609,0,0.9998894,0.5239091372328157,2
11522,1.0113192,0,1.0000355,0.4910290449754606,2
11528,0.99809605,0,1.0004547,0.3967334459731273,2
11534,1.0031853,0,1.0008607,0.3053879368144393,2
11535,0.9937616,0,0.99950504,0.6103735886501997,2
11537,1.0018786,0,1.0003953,0.4100893072652667,2
11539,1.0033529,0,1.0007799,0.3235712178507254,2
11549,1.0043658,0,1.0004196,0.4046182315552337,2
11554,1.0024693,0,0.9994005,0.633893850403626,2
11555,1.0030535,0,1.0000733,0.4825274224260466,2
11560,1.0013599,0,0.99999964,0.49910156354761714,2
11574,1.0021578,0,0.999951,0.5100437149676831,2
11577,1.0027986,0,1.0004377,0.4005417437712876,2
11578,1.0001961,0,0.99988294,0.5253573631560597,2
11595,0.9939063,0,0.9996648,0.5744361305548851,2
11601,1.0013101,0,1.0003884,0.4116448091828251,2
11606,1.0077211,0,1.0000972,0.477163622710328,2
11616,0.9995606,0,0.99942935,0.6274036527476063,2
11617,1.0010488,0,0.9997941,0.5453375170971115,2
11618,1.0004086,0,0.999251,0.6675248746211817,2
11620,1.0031685,0,1.0001395,0.46764287821492745,2
11621,1.0005176,0,1.0001414,0.46721377423766997,2
11625,1.0005677,0,1.000706,0.3401989969694532,2
11634,0.9960422,0,0.9999536,0.509453696998954,2
11636,1.0023835,0,1.0006396,0.35513717917772947,2
11645,1.0030476,0,1.0005671,0.37144313031351406,2
11651,1.003192,0,0.99970794,0.5647276530694344,2
11656,1.003331,0,1.00014,0.4675356022206131,2
11660,1.0014504,0,0.99997807,0.5039558022903425,2
11661,1.0052458,0,1.0009956,0.27502883042347204,2
11664,1.0009596,0,0.99963915,0.5802022152492826,2
11695,0.99817127,0,0.9997568,0.5537318636522113,2
11705,1.005061,0,0.99947166,0.6178829082522059,2
11711,1.003871,0,0.99991333,0.5185185185185186,2
11715,1.0136952,0,1.0001352,0.4686083621637568,2
11720,1.0025569,0,0.99987555,0.5270201410679325,2
11723,0.9986424,0,1.0006235,0.3587577439858396,2
11730,1.0059448,0,1.0002742,0.43733740982111724,2
11733,1.0042006,0,1.00023,0.44728725829377536,2
11735,1.001954,0,1.0002167,0.45026416713599915,2
11736,0.9984723,0,1.0002737,0.4374446858154316,2
11739,1.002045,0,1.0003414,0.42221149462279084,2
11748,0.99688566,0,0.9995588,0.5982782202912543,2
11752,1.0010437,0,1.0002131,0.45106873709335693,2
11754,1.0001966,0,0.99995184,0.5098559819776329,2
11756,1.0011731,0,1.0001736,0.4599726446214498,2
11764,0.9962557,0,0.99998546,0.5022930243784698,2
11765,0.99498177,0,1.0001382,0.46793788719929197,2
11768,0.99944794,0,1.0004995,0.38664950250757635,2
11796,1.0040163,0,0.9999993,0.4991820205433529,2
11820,1.0054303,0,0.9998057,0.542736074234988,2
11827,1.0066775,0,0.99878097,0.7732721860165741,2
11830,1.0026934,0,1.0006424,0.35449352321184324,2
11832,1.0049789,0,1.0000787,0.48132056749000995,2
11834,1.0022916,0,1.0007108,0.3390994180277308,2
11839,1.0017296,0,1.0007048,0.34046718695523914,2
11849,1.0057528,0,0.9993187,0.6522916834285408,2
11850,1.0026467,0,1.0009676,0.2813312950894413,2
11854,1.002585,0,1.0005753,0.36959261941159116,2
11858,1.0022652,0,1.0001088,0.4745353608496259,2
11866,1.0024924,0,1.000015,0.4956419127309786,2
11871,1.0057993,0,1.0004832,0.39032370531284366,2
11877,1.0014772,0,0.9995806,0.5933703435513717,2
11880,1.005878,0,1.0008503,0.307721189690777,2
11886,0.9998095,0,0.9997128,0.5636280741277121,2
11889,1.0022339,0,0.999081,0.7057687665942554,2
11893,1.0000336,0,0.9991498,0.6902942044144071,2
11894,1.0005084,0,0.99968684,0.5694746158178454,2
11895,1.0027928,0,1.000728,0.33523748223241345,2
11904,1.0051849,0,0.9996356,0.5810067852066404,2
11910,1.0016385,0,1.0001003,0.47646632874728456,2
11915,1.0010777,0,0.9996048,0.5879260868399174,2
11930,1.0037737,0,0.99934876,0.6455332957867354,2
11937,1.0022079,0,0.99931645,0.6528012444015341,2
11939,1.0081233,0,1.0007092,0.3394748840078311,2
11947,0.99741966,0,1.0012395,0.22015715933167057,2
11948,1.0014957,0,1.0010546,0.2617534261270684,2
11956,1.0037224,0,0.9993175,0.6525598734143268,2
11957,1.0041991,0,1.0004308,0.402097245688846,2
11960,1.0002701,0,0.99995136,0.5099632579719473,2
11966,1.0038339,0,0.99980927,0.5419315042776303,2
11975,0.9954272,0,0.9997903,0.5461957250516265,2
11982,1.0077821,0,0.9994805,0.61589830235739,2
11987,1.0087309,0,0.99902487,0.7184005149247727,2
11997,1.0032498,0,1.0008613,0.30525384182154636,2
623,0.97944826,1,0.9997117,0.5638828546142087,3
1024,0.94707495,1,1.0005133,0.3835384986724596,3
1216,0.9646199,1,0.9999159,0.5179419100490787,3
1324,0.9470455,1,0.9996343,0.5812883846917156,3
1327,0.96111256,1,0.99975413,0.5543352911202295,3
1377,0.9488827,1,0.99936515,0.6418456834821789,3
2262,0.95625514,1,0.9982272,0.8978598439134282,3
3180,0.9748299,1,1.0007567,0.3287741035749725,3
3441,0.9034087,1,0.99895906,0.7332046021401561,3
3449,0.93525165,1,0.9995766,0.5942687800037547,3
3857,0.9770626,1,0.9990131,0.7210421862847641,3
4141,0.9481721,1,0.9994598,0.6205513986107758,3
5172,0.9785075,1,1.0000263,0.49309410786601227,3
5186,0.97320867,1,1.000135,0.46866200016091397,3
5356,0.9781107,1,0.99909604,0.7023895727733527,3
5618,0.9565902,1,0.9993877,0.6367768927508246,3
5689,0.977045,1,0.9998663,0.5290986134577735,3
5790,0.9752413,1,0.99889356,0.747941641859093,3
5845,0.95481443,1,0.9990439,0.7141228846514871,3
5958,0.9585292,1,0.9980065,0.9475018102824041,3
6114,0.97991204,1,0.9988389,0.7602381527073779,3
6126,0.8014913,1,0.99995106,0.5100303054683938,3
6675,0.96170485,1,0.9996645,0.5745031780513316,3
7077,0.9537629,1,0.99805266,0.9371228578324885,3
7922,0.9656501,1,0.99962384,0.5836484565666318,3
8239,0.9765844,1,0.99946195,0.6200686566363611,3
8301,0.95452946,1,0.9998477,0.533282377236034,3
8425,0.9597373,1,0.9998016,0.5436613296859496,3
8544,0.9766549,1,0.99947554,0.6170112907984016,3
8612,0.97490674,1,0.99924964,0.6678332931048354,3
8688,0.9493284,1,0.99992925,0.5149381822082764,3
8792,0.96504873,1,0.99905723,0.7111191568106847,3
8836,0.9748288,1,0.999308,0.6547053933006142,3
9030,0.97593516,1,0.9995585,0.5983452677877008,3
9512,0.9693186,1,0.9998488,0.5330410062488267,3
9728,0.9761645,1,0.9997104,0.5641778635985732,3
9755,0.977198,1,0.99930745,0.6548260787942178,3
10037,0.97982436,1,1.0000784,0.48137420548716714,3
10325,0.9607251,1,0.99963206,0.5817979456647089,3
10619,0.9767255,1,1.0002476,0.4433180465041435,3
10705,0.97892416,1,1.0000196,0.49462279078499205,3
10726,0.9644465,1,1.0004305,0.40217770268458175,3
10907,0.97345096,1,0.99911416,0.6983130849894065,3
11128,0.94543177,1,1.0002838,0.43516507093625123,3
11599,0.9799629,1,0.999681,0.5707887467481965,3
11761,0.9796065,1,0.99937457,0.6397269825944699,3
11795,0.9592253,1,0.9990681,0.7086786279400328,3
11857,0.9592827,1,0.9985799,0.8185024271193714,3
2,0.9945733,0,1.0004102,0.4067369324429426,3
3,0.99983215,0,1.0002245,0.4485209322283906,3
6,1.0010732,0,0.99862313,0.8087805401346314,3
9,1.0036981,0,0.99913096,0.6945316061898248,3
18,1.0012538,0,0.9996586,0.5758307184809719,3
21,1.0024881,0,1.0002086,0.45208785903934345,3
25,1.00139,0,1.0008456,0.3087939496339207,3
36,1.0027897,0,0.9998973,0.5221256738273392,3
37,1.0015126,0,0.9997632,0.5522970472282565,3
42,0.99955124,0,0.9992333,0.6715074959101027,3
43,0.9957871,0,1.000486,0.38968004934695744,3
44,1.0031118,0,0.999206,0.6776490465846006,3
46,1.0021029,0,0.999879,0.5262423901091533,3
60,1.0047814,0,1.0002942,0.43283181805991366,3
61,1.0059922,0,1.0002891,0.43398503499879315,3
65,1.0030701,0,1.0005417,0.3771555770107544,3
66,1.0030115,0,0.99951094,0.6090460482205595,3
76,1.005382,0,0.9988241,0.7635637085311234,3
80,0.99676865,0,1.0004635,0.39474884007831146,3
83,0.99650735,0,0.9986612,0.8002118700887709,3
89,1.0009798,0,0.9999147,0.5182101000348647,3
91,1.0092342,0,1.0003788,0.4137903290691125,3
93,1.0015936,0,1.0008895,0.2988977391584198,3
95,1.0080963,0,0.99917454,0.684729262209349,3
96,1.0071977,0,1.0000345,0.49127041596266796,3
106,1.0065973,0,1.0003883,0.4116716281814037,3
113,1.000553,0,0.9989148,0.7431678601121035,3
114,0.9861899,0,1.0006711,0.3480301445544023,3
116,0.9866877,0,1.0004747,0.39222785421192374,3
119,1.0016314,0,0.99950933,0.6094081047013704,3
122,1.0038446,0,1.000258,0.44098479362780596,3
129,0.99964935,0,0.999543,0.6018317376029179,3
134,0.9980245,0,1.0006258,0.35822136401426774,3
137,0.98935956,0,1.0000612,0.4852629602810631,3
139,1.0082453,0,1.0001704,0.4606967575830718,3
142,0.99518234,0,0.9999768,0.5042374017754176,3
147,1.003476,0,0.9996037,0.5881808673264141,3
160,0.99754626,0,0.9986902,0.7936948534341728,3
161,1.0001398,0,1.0003994,0.40917746131359456,3
164,0.9949497,0,0.9999791,0.5037278408024244,3
171,0.9978207,0,0.9999084,0.5196315069595301,3
178,1.0021303,0,1.0008678,0.30377879689972376,3
187,1.0018904,0,0.9995473,0.6008662536540885,3
188,1.005834,0,0.9991906,0.681108697401239,3
189,1.0023221,0,0.9994091,0.6319628825059672,3
190,0.9999158,0,0.99833244,0.8741786681685306,3
191,0.99625725,0,0.99978274,0.5478987314613672,3
199,1.0031041,0,0.99952537,0.6058009493925497,3
200,1.0019741,0,0.99966913,0.5734572371067664,3
202,1.0004416,0,0.9990881,0.7041730361788291,3
207,0.99911624,0,0.9991634,0.6872368385764476,3
208,0.9954139,0,0.99982387,0.5386461769517525,3
211,1.003516,0,0.99971,0.564258320594309,3
214,1.0002944,0,0.9995457,0.6012283101348996,3
223,0.99739814,0,0.9999536,0.509453696998954,3
228,1.0033088,0,1.0008138,0.3159278032558265,3
231,0.9987873,0,0.99907017,0.7082092954649073,3
236,1.001335,0,1.0001738,0.45991900662429264,3
239,1.0041562,0,0.99943155,0.6269075012739025,3
241,0.9957328,0,0.9993343,0.6487918041140344,3
245,0.9996221,0,1.0000339,0.4914045109555609,3
246,1.0020821,0,0.9999218,0.5166143696194384,3
259,1.0022833,0,1.0010484,0.26314801405315524,3
277,0.999902,0,0.9995286,0.6050768364309277,3
281,0.9975169,0,0.9992977,0.6570252366776624,3
300,1.0012807,0,0.9997434,0.556749000992303,3
321,0.9978484,0,0.9982173,0.9000858207954515,3
325,0.99654734,0,0.9993393,0.6476654061737335,3
328,0.99566466,0,0.999342,0.6470485692064258,3
331,1.0081216,0,1.0000883,0.47914822860514383,3
335,0.9921874,0,0.9988216,0.7641269075012739,3
336,1.0023614,0,1.000103,0.47584949177997693,3
337,0.999424,0,1.0003364,0.42333789256309173,3
342,1.0041822,0,0.9993579,0.643481642395473,3
343,0.9929395,0,1.0004456,0.3987716898651005,3
352,1.0050362,0,1.0000707,0.48311744039477567,3
354,1.0033194,0,1.0003312,0.4245179285005498,3
357,0.9985869,0,0.9993649,0.641899321479336,3
360,1.0026615,0,1.0007735,0.3249926247753909,3
361,1.0041277,0,0.9995905,0.5911443666693486,3
366,1.0009968,0,0.9991936,0.6804382224367742,3
367,1.0022293,0,1.0000201,0.4944886957920991,3
370,1.0015625,0,0.99956894,0.5959986054120738,3
376,1.0020036,0,0.99958175,0.5931155630648752,3
379,1.0012007,0,0.99982923,0.5374393220157159,3
380,1.0013273,0,0.9997811,0.5482741974414675,3
387,0.9968105,0,0.9996676,0.5738058840882881,3
389,1.0008497,0,0.9997304,0.5596722718373697,3
394,1.0075479,0,0.99986446,0.5295143079357416,3
395,1.006466,0,0.9997286,0.5600745568160486,3
397,1.0005516,0,0.9987964,0.7697991257006463,3
400,1.0059366,0,0.9995249,0.6059082253868641,3
408,1.0006832,0,1.0001605,0.462922734465095,3
424,1.0044909,0,1.0003624,0.4174913508729584,3
430,1.005123,0,0.99941576,0.630461018585566,3
431,0.9867934,0,0.999517,0.6076782792930512,3
432,1.0069468,0,1.0009849,0.2774425402955454,3
434,1.0059942,0,0.9999817,0.5031378228336953,3
435,1.0010805,0,1.0000957,0.4774854506932711,3
436,0.9997186,0,0.99959356,0.5904604822055944,3
446,0.99691916,0,0.99922776,0.6727545793440073,3
460,1.0061573,0,1.0008974,0.29712768525223265,3
467,1.0016634,0,0.999742,0.5570708289752461,3
471,1.0009687,0,1.0001808,0.45833668570815567,3
473,1.0008675,0,0.99947554,0.6170112907984016,3
476,1.0057813,0,0.99961025,0.5867058224045913,3
478,1.0058924,0,0.9997863,0.5470941615040095,3
481,1.0033778,0,1.0003289,0.4250274894735431,3
483,0.99949634,0,1.0001625,0.46246681148925894,3
486,1.0013434,0,0.99923676,0.6707297449513235,3
494,1.0012312,0,0.99983925,0.5351865261351141,3
503,1.0022339,0,0.99968165,0.5706412422560141,3
504,1.0025643,0,1.0003774,0.41411215705205573,3
505,1.0018857,0,0.9999445,0.5115053503902165,3
507,1.0044581,0,1.0006616,0.3501756644406898,3
508,0.9985303,0,0.99952966,0.6048354654437204,3
510,1.0001163,0,1.0005326,0.37919382090272746,3
517,0.99654967,0,0.9997626,0.5524311422211494,3
519,1.0009989,0,1.0007828,0.3229007428862606,3
521,1.0020561,0,0.9990496,0.7128355727197146,3
525,0.9998983,0,0.9990534,0.7119773647651997,3
531,1.0025676,0,1.0005392,0.37771877598090486,3
534,1.0043343,0,1.0001389,0.4677769732078204,3
537,1.0058923,0,1.0007097,0.33936760801351673,3
538,1.0017136,0,0.9996995,0.5666318019685145,3
539,0.9988843,0,0.99988186,0.5255987341432671,3
542,0.9934263,0,1.0001063,0.47509855981977633,3
544,1.0049754,0,0.9991388,0.6927749617829271,3
548,1.0020573,0,1.0003272,0.42540295545364337,3
551,0.999544,0,0.9993692,0.6409338375305066,3
553,0.9995181,0,0.999605,0.5878858583420494,3
556,1.0011424,0,0.99951214,0.6087778582347736,3
557,0.99785984,0,0.9981206,0.9218360286426905,3
561,1.0001186,0,1.0008416,0.30967897658701427,3
565,0.993011,0,0.99970245,0.5659613270040497,3
570,1.0057214,0,1.0001981,0.4544479309142596,3
573,0.99901724,0,0.9988046,0.7679486147987235,3
574,1.0018394,0,1.0006967,0.34229087885858345,3
575,1.0028971,0,0.99925214,0.667270094134685,3
579,1.0055147,0,0.9999431,0.5118271783731596,3
585,0.9992315,0,0.99981445,0.5407648778394615,3
586,0.9981513,0,0.9990653,0.7093088744066296,3
588,0.999502,0,0.9994566,0.6212755115723979,3
592,0.9967323,0,0.999688,0.5692064258320595,3
596,0.99863255,0,1.0004874,0.3893582213640143,3
601,1.0000081,0,1.0007505,0.3301686915010593,3
602,1.0035716,0,1.00006,0.485531150266849,3
607,0.99933225,0,1.0005374,0.37812106095958375,3
608,1.0061507,0,1.0006628,0.3499074744549039,3
609,1.0033437,0,0.9988229,0.7638318985169094,3
612,1.0014688,0,1.0001758,0.45946308364845656,3
632,1.0025164,0,1.0001651,0.4618767935205299,3
634,1.0010065,0,0.9991612,0.6877329900501515,3
644,0.9879958,0,0.9995764,0.5943224180009119,3
670,0.9818362,0,0.99976796,0.5512242872851127,3
673,1.0029687,0,1.0002694,0.43841016976426095,3
674,1.0002347,0,0.99863774,0.8054952128087537,3
675,0.99845874,0,0.99933374,0.648912489607638,3
679,0.9964702,0,1.0000972,0.477163622710328,3
684,1.0028652,0,0.9991159,0.6979242095100169,3
691,1.0006473,0,0.99970347,0.5657333655161316,3
693,0.9963746,0,0.9990975,0.7020543352911202,3
704,1.0004225,0,0.9986549,0.8016332770134363,3
708,1.0026333,0,0.999498,0.6119559095663367,3
715,1.000791,0,0.99983203,0.536809075549119,3
719,0.9961823,0,0.9991301,0.6947327486791643,3
724,0.9976713,0,1.0010316,0.2669294928527369,3
726,1.000166,0,0.99966717,0.5738997505833132,3
737,1.0006388,0,0.9998245,0.5384986724595704,3
739,0.9928039,0,1.0001706,0.46064311958591464,3
746,0.9951791,0,0.99993306,0.5140799742537614,3
747,0.99594885,0,0.99974453,0.5564942205058063,3
748,0.9981489,0,0.99915224,0.689744414943546,3
750,0.9957496,0,1.0006406,0.35489580819052213,3
751,1.0053751,0,0.9998662,0.5291254324563521,3
757,0.9993055,0,1.000294,0.43288545605707085,3
759,0.9977527,0,0.99876225,0.7774827687934133,3
761,1.0043179,0,1.0005928,0.36565022662053803,3
767,0.9999862,0,1.0005008,0.38635449352321183,3
770,0.9988175,0,0.99963945,0.5801351677528361,3
775,1.0052348,0,1.0004637,0.3946952020811543,3
786,1.0006998,0,0.9990912,0.7034757422157857,3
789,0.9979297,0,1.0002649,0.4394292917102476,3
794,0.99826026,0,0.999935,0.5136508702765039,3
797,0.99204504,0,1.000119,0.4722557459704455,3
802,1.0043992,0,0.99975365,0.5544425671145439,3
803,1.004706,0,1.0004556,0.3965188939844986,3
806,0.9976497,0,1.00019,0.45627162281760403,3
811,1.0046247,0,1.0006367,0.3557808351436157,3
819,1.0022858,0,0.9998905,0.5236543567463191,3
824,0.9984226,0,0.9989813,0.7282028589052485,3
827,1.0011129,0,0.9998774,0.5266044465899643,3
831,0.9984222,0,0.99910754,0.6998015394105184,3
832,1.0036844,0,0.99984837,0.5331348727438517,3
833,1.0083814,0,0.99974805,0.5557030600477378,3
835,1.0026553,0,0.99938554,0.6372596347252393,3
849,1.0039006,0,0.99992985,0.5148040872153834,3
850,0.9979667,0,1.0003884,0.4116448091828251,3
852,0.99837434,0,0.9986581,0.8009091640518143,3
858,0.9979489,0,0.998586,0.8171346581918632,3
860,1.0018779,0,0.9985171,0.8326360393702898,3
866,1.0016354,0,0.99864656,0.8035106069139378,3
874,1.0011241,0,0.99925363,0.6669348566524527,3
887,1.0046912,0,0.99903995,0.7150079116045807,3
890,1.0004872,0,0.99877226,0.7752299729128114,3
900,1.0007864,0,0.9999537,0.5094402874996647,3
902,1.0009552,0,0.9997302,0.5597125003352375,3
908,1.0021378,0,0.99923784,0.6704883739641162,3
909,0.99754316,0,0.99920297,0.6783329310483547,3
913,1.006167,0,0.99997586,0.5044519537640464,3
919,0.9927665,0,0.9995455,0.6012685386327674,3
924,1.0035636,0,0.9993989,0.6342559068844369,3
928,1.00135,0,0.99934554,0.6462574087483574,3
930,0.9970429,0,0.99922854,0.6725802558532464,3
933,1.0005978,0,1.000533,0.3791133639069917,3
935,1.0015692,0,0.9985959,0.8149086813098398,3
937,0.9985952,0,0.99962026,0.5844530265239896,3
939,1.0080804,0,1.0001682,0.4611794995574865,3
948,1.0000004,0,0.99941415,0.630823075066377,3
956,1.0021917,0,1.0005352,0.3786038029339984,3
958,1.0006859,0,1.0007288,0.3350497492423633,3
959,0.99874026,0,0.99949795,0.6119693190656261,3
962,1.004163,0,0.99918383,0.6826373803202188,3
964,1.0003744,0,0.999558,0.5984659532813045,3
969,1.0018888,0,0.9997662,0.5516265722637916,3
974,0.9999856,0,0.99991006,0.5192560409794298,3
976,0.99870276,0,1.000628,0.35773862203985307,3
978,1.0019145,0,0.99917823,0.6838978732534127,3
981,1.0032594,0,1.0004039,0.40815833936760804,3
983,1.0004299,0,1.0001874,0.45686164078633307,3
986,0.99401253,0,1.0003396,0.42261377960146973,3
989,1.0040388,0,0.9999908,0.501086169442433,3
1000,1.0060656,0,0.999667,0.5739399790811811,3
1001,1.0035266,0,0.9988982,0.7468957009145278,3
1004,1.0028443,0,0.9996045,0.5879931343363638,3
1005,1.0002949,0,0.99999684,0.4997318100142141,3
1010,1.0090656,0,0.9995365,0.6032933730254513,3
1016,1.0079354,0,0.9999191,0.5172177970874567,3
1019,1.0058241,0,1.000539,0.37777241397806205,3
1027,1.0021213,0,1.0004874,0.3893582213640143,3
1033,0.99611115,0,0.99991316,0.5185587470163864,3
1038,1.0060544,0,0.9992366,0.6707699734491914,3
1042,1.0047036,0,1.0004494,0.3979134819105855,3
1054,1.0003685,0,0.9985638,0.8221229919274814,3
1055,1.0040992,0,0.999921,0.5167886931101993,3
1062,1.003506,0,1.0001123,0.4737576098908467,3
1065,1.0002444,0,0.99962825,0.5826561536192238,3
1066,1.0024854,0,0.99959,0.5912650521629522,3
1072,1.003556,0,0.99961424,0.5858073859522086,3
1077,0.9995976,0,0.9994246,0.62847641269075,3
1080,0.9981944,0,0.99981546,0.5405369163515434,3
1094,1.0064975,0,1.0007578,0.32853273258776516,3
1097,1.0040752,0,0.99970126,0.5662295169898356,3
1101,1.0033998,0,0.9998868,0.5244857457022555,3
1104,0.99744654,0,0.999744,0.55661490599941,3
1107,0.9989301,0,0.9993538,0.6443934883471452,3
1117,1.0010294,0,1.0007458,0.33124145144420303,3
1123,0.9980192,0,0.9990333,0.7165097755249819,3
1127,0.9970725,0,0.9999867,0.5020114248933945,3
1144,0.9983613,0,1.0004882,0.38919730737254266,3
1151,1.0086265,0,1.0002278,0.44777000026819,3
1156,1.0021402,0,0.9994734,0.6174940327728162,3
1164,1.0028428,0,0.9985849,0.8173760291790705,3
1167,1.0030098,0,0.99974996,0.5552739560704802,3
1171,0.9983041,0,0.9986144,0.810751736530158,3
1172,1.0053248,0,1.0007163,0.33786574409311554,3
1175,0.998728,0,1.0007648,0.3269504116716282,3
1182,1.0057323,0,1.0006162,0.36039370289913375,3
1184,0.9967835,0,0.9999222,0.5165205031244133,3
1185,1.0035142,0,1.0005307,0.37962292487998495,3
1191,0.9966799,0,0.9991719,0.6853192801780781,3
1192,0.9952089,0,0.99972427,0.5610534502641671,3
1195,1.0020185,0,0.9989045,0.7454742939898624,3
1198,1.0019686,0,0.9997802,0.548475339930807,3
1201,1.0014133,0,1.0004773,0.3916378362431947,3
1204,1.0038617,0,1.0000818,0.48062327352696654,3
1206,0.9979844,0,0.9999967,0.49975862901279267,3
1208,1.0074044,0,0.9998163,0.5403491833614933,3
1213,0.99843675,0,0.99916464,0.6869552390913723,3
1227,0.9979682,0,0.9991016,0.701142489339448,3
1230,1.0036749,0,1.0002036,0.45321425697964435,3
1241,0.99870604,0,0.9999444,0.5115321693887951,3
1246,1.0023681,0,0.99926025,0.6654464022313407,3
1247,1.0036288,0,0.99922127,0.6742162147665407,3
1252,1.008365,0,1.0007566,0.3288009225735511,3
1260,1.0021787,0,0.9990464,0.7135596856813367,3
1263,0.9994824,0,0.999541,0.6022876605787539,3
1268,1.0024596,0,1.0008492,0.30796256067798433,3
1271,1.0036851,0,0.9996782,0.5714189932147933,3
1276,1.0018184,0,0.9993529,0.6446080403357739,3
1278,1.0035317,0,0.9993602,0.6429586719231903,3
1279,1.0019383,0,1.0007079,0.3397698929921956,3
1288,0.99273074,0,0.99968296,0.5703462332716496,3
1297,0.99178106,0,0.99852985,0.8297664065223804,3
1313,1.0029038,0,0.99999243,0.500724112961622,3
1321,1.0004882,0,1.0003093,0.4294258052404323,3
1352,1.0055234,0,0.9992916,0.6583930056051708,3
1356,1.0044687,0,1.0000459,0.48869579209912306,3
1361,1.0012695,0,0.99961764,0.5850430444927186,3
1362,0.9994065,0,0.9999491,0.5104728189449406,3
1363,1.0028049,0,0.99932003,0.6519966744441763,3
1364,1.0033671,0,0.9994405,0.6248960763805079,3
1376,1.0027422,0,1.0006821,0.34556279668517176,3
1382,0.99836487,0,1.0004203,0.40445731756376213,3
1383,0.99944896,0,1.0004534,0.39702845495749184,3
1387,1.004077,0,0.9989013,0.7461984069514844,3
1398,0.9954748,0,1.0002077,0.4523024110279722,3
1406,1.003142,0,1.0011334,0.24402606806661842,3
1411,1.0026199,0,1.0002084,0.45214149703650064,3
1413,0.9968629,0,0.9994103,0.6316946925201813,3
1417,1.0014557,0,0.99965936,0.575656394990211,3
1420,0.9990261,0,0.9996024,0.5884758763107786,3
1421,0.99803066,0,1.0009562,0.28390591895298634,3
1435,0.9998105,0,1.0008067,0.31753694317054204,3
1436,1.001911,0,1.0005242,0.38109796980180755,3
1437,0.9999427,0,1.0004247,0.4034650146163542,3
1452,1.0020391,0,0.99958175,0.5931155630648752,3
1458,1.0063249,0,1.0007793,0.32370531284361836,3
1476,1.0043858,0,0.9993748,0.6396733445973127,3
1485,1.0002908,0,0.9996936,0.5679593423981548,3
1487,0.99715054,0,0.99998826,0.5016627779118727,3
1490,1.0021199,0,1.0005306,0.37964974387856354,3
1491,1.0052133,0,0.99992126,0.5167350551130421,3
1499,1.0021679,0,1.0011785,0.23388848660391026,3
1517,0.99806494,0,1.0007161,0.3379193820902727,3
1519,1.0023421,0,1.0001713,0.4604822055944431,3
1522,1.0047836,0,0.9997104,0.5641778635985732,3
1525,0.9969306,0,1.0002906,0.43363638801727145,3
1530,0.99531424,0,0.9985398,0.8275270201410679,3
1532,0.99640983,0,0.9998763,0.5268458175771717,3
1535,1.0068679,0,1.0001346,0.46874245715664975,3
1539,1.0002309,0,0.9998227,0.5389143669375385,3
1541,1.0061842,0,0.9997267,0.560503660793306,3
1543,1.005873,0,0.99959093,0.5910505001743235,3
1544,0.99894696,0,0.99994665,0.5110226084158018,3
1546,0.9981037,0,0.99986005,0.5305066108831495,3
1553,0.9969489,0,0.9993029,0.6558452007402044,3
1560,1.0046762,0,0.999852,0.5323168932872047,3
1561,1.0045766,0,0.9996273,0.5828707056078526,3
1563,1.0041232,0,0.9996253,0.5833132190843994,3
1568,0.99990773,0,0.9996301,0.5822404591412557,3
1573,1.0052088,0,0.99978405,0.5476037224770027,3
1578,1.0047576,0,0.99952936,0.6049025129401668,3
1595,1.0036589,0,0.9988582,0.7558934749376458,3
1597,1.00108,0,0.9997179,0.5624882666881219,3
1599,1.0042965,0,0.999567,0.5964411188886207,3
1600,1.0004106,0,0.99885905,0.7557057419475957,3
1601,1.0015715,0,0.9999879,0.5017432349076085,3
1606,1.0050122,0,1.0009565,0.28382546195725056,3
1608,1.0034169,0,1.000619,0.3597500469332475,3
1611,1.0038693,0,0.99870044,0.7913884195564138,3
1625,0.9960251,0,1.0003036,0.43071311717220484,3
1632,0.9922192,0,0.9992415,0.6696703945074691,3
1635,0.997016,0,0.9999651,0.5068790731354091,3
1642,0.99963856,0,0.9998227,0.5389143669375385,3
1647,1.004383,0,0.99970293,0.5658540510097353,3
1649,1.0015005,0,0.99960506,0.5878724488427602,3
1652,1.001152,0,0.9992148,0.6756644406897847,3
1653,1.0015523,0,1.0000334,0.4915117869498753,3
1659,0.9937492,0,1.0002685,0.4386247217528898,3
1662,1.0000564,0,0.9989661,0.7316222812240192,3
1664,1.0012248,0,0.999027,0.7179177729503581,3
1691,0.9956283,0,0.9996044,0.5880199533349424,3
1704,0.9949511,0,0.9995728,0.5951269879582697,3
1707,1.0000935,0,0.9996764,0.5718212781934723,3
1710,1.0059988,0,0.999568,0.5962131574007026,3
1717,1.0027388,0,1.0000048,0.49794834660873766,3
1718,1.0061475,0,1.0000516,0.4874084801673505,3
1739,0.99992853,0,0.9982354,0.8960093330115053,3
1742,1.0030684,0,0.9997944,0.5452704696006652,3
1748,1.0045178,0,0.9996466,0.5785260278381206,3
1756,0.998373,0,1.0009494,0.2854346018719661,3
1760,1.003175,0,1.0006777,0.3465550996325797,3
1761,1.0021889,0,0.9991246,0.6959664226137796,3
1762,1.0022643,0,1.0001343,0.46879609515380694,3
1770,0.99767476,0,0.9991289,0.6950009386649503,3
1774,1.0077941,0,1.0002948,0.4326977230670207,3
1776,1.0018218,0,0.99953336,0.6040040764877839,3
1786,0.99997705,0,0.9995725,0.595194035454716,3
1791,1.0002455,0,0.9990605,0.7103816343497733,3
1792,0.99734896,0,0.999268,0.6637031673237321,3
1797,0.9880479,0,0.9996775,0.5715799072062648,3
1799,1.0006561,0,0.9991175,0.6975621530292059,3
1802,1.0049075,0,0.9996194,0.5846407595140397,3
1808,0.9996841,0,1.0006591,0.35073886341084026,3
1810,0.9997201,0,0.99860746,0.8123072384477164,3
1818,1.0017717,0,0.9998984,0.5218843028401319,3
1822,0.99910325,0,0.9994666,0.619022715691796,3
1826,1.002905,0,0.9992657,0.6642261377960147,3
1828,1.0084414,0,1.0005832,0.36782256550540404,3
1840,0.99650997,0,1.0005821,0.3680639364926114,3
1849,1.0059559,0,1.0001262,0.47061978705715124,3
1858,1.0030855,0,1.0002102,0.45173921205782175,3
1863,0.99954665,0,1.0010763,0.25687236838576444,3
1865,1.0025915,0,0.99904954,0.712848982219004,3
1873,1.0041523,0,0.9985536,0.8244294258052405,3
1874,1.0016949,0,0.999397,0.6346850108616944,3
1875,1.0050471,0,0.999235,0.6711320299300024,3
1880,0.9957481,0,0.9998216,0.5391557379247459,3
1882,1.007282,0,1.000017,0.4951859897551425,3
1886,1.0035963,0,0.999727,0.5604366132968595,3
1887,0.9970075,0,1.0003408,0.4223455896156838,3
1896,0.9991332,0,0.99957126,0.5954756349397914,3
1898,1.000818,0,0.99966633,0.5740874835733634,3
1915,1.0029556,0,1.000108,0.47472309383967604,3
1923,1.0029413,0,0.9993006,0.6563681712124869,3
1926,1.0042521,0,0.9995941,0.5903397967119908,3
1927,1.0016019,0,0.99942666,0.6280070802156248,3
1930,0.998839,0,0.99945414,0.6218253010432591,3
1936,1.004322,0,0.99975836,0.5533832166706896,3
1940,1.0000403,0,1.0001079,0.47474991283825463,3
1942,0.9960577,0,1.0002629,0.43988521468608366,3
1943,0.9993492,0,0.9997775,0.5490787673988253,3
1949,1.006141,0,1.0003161,0.4278971223214525,3
1951,1.0079007,0,0.9985265,0.830517338482581,3
1956,1.0000932,0,0.99954224,0.6020060610936788,3
1958,1.0037236,0,0.9990043,0.72302679217958,3
1960,0.9966797,0,0.9992476,0.6682892160806715,3
1961,0.9970256,0,1.0000813,0.4807305495212809,3
1972,1.0041701,0,1.0002631,0.4398315766889265,3
1978,1.0049053,0,0.9992414,0.6696838040067583,3
1980,1.001077,0,1.0001667,0.4615281465390082,3
1984,0.9984817,0,0.99953383,0.6038968004934695,3
1987,0.9958661,0,0.9991445,0.6914876498511546,3
1990,0.99243814,0,0.999917,0.5177005390618714,3
1996,1.0052369,0,0.99964267,0.5794110547912141,3
1998,1.0011858,0,0.9998835,0.5252366776624561,3
2001,0.9957413,0,0.9993636,0.6421943304637006,3
2013,0.9998135,0,1.0000947,0.4777268216804784,3
2014,0.99612886,0,0.9991533,0.6895030439563387,3
2020,0.9996252,0,0.9995888,0.5915332421487381,3
2025,1.00294,0,1.0000055,0.4977874326172661,3
2026,1.0011976,0,0.9996954,0.5675436479201866,3
2028,0.9959405,0,0.9990398,0.7150347306031593,3
2033,0.99864054,0,0.9998986,0.5218306648429747,3
2034,1.0011444,0,0.99954605,0.6011478531391639,3
2044,0.99884,0,0.99989927,0.5216831603507925,3
2050,1.0024104,0,1.0001776,0.45906079866977767,3
2051,1.0083152,0,0.9991653,0.6868077345991901,3
2062,0.99815995,0,0.99944425,0.6240512779252823,3
2065,0.99868864,0,0.9997125,0.5636951216241586,3
2069,1.0013099,0,0.9991431,0.6917960683348083,3
2074,1.0038425,0,0.9998321,0.5367956660498296,3
2075,0.9954306,0,1.0004998,0.38656904551184057,3
2079,1.000199,0,0.99954486,0.6014160431249498,3
2082,1.0009985,0,0.9995519,0.5998337222088127,3
2083,1.0009848,0,0.99998504,0.5023868908734948,3
2106,0.9992834,0,0.99955386,0.5993912087322659,3
2118,1.0025076,0,1.0008951,0.2976372462252259,3
2123,0.99819213,0,0.9999019,0.5210931423820635,3
2126,0.995491,0,1.0003645,0.41700860889854374,3
2127,0.9980754,0,0.99946505,0.6193713626733177,3
2128,1.0018989,0,0.9996124,0.5862230804301767,3
2129,1.0049948,0,0.9995237,0.60617641537265,3
2135,0.9983504,0,0.99991006,0.5192560409794298,3
2136,0.9970045,0,1.0001096,0.47437444685815433,3
2140,1.008356,0,0.9998636,0.5297020409257918,3
2158,1.0000203,0,0.9996298,0.5823075066377021,3
2162,1.0041537,0,0.9992093,0.6769115241236892,3
2175,0.99905133,0,0.999584,0.592606002091882,3
2180,0.9995289,0,0.9997349,0.5586665593906723,3
2187,1.000522,0,0.9986798,0.7960281063105104,3
2190,1.0006014,0,0.9995299,0.6047818274465632,3
2193,0.9939723,0,0.99956477,0.5969372703623247,3
2195,1.0067319,0,0.9995031,0.6108161021267466,3
2210,1.0024815,0,0.99934465,0.6464585512376968,3
2223,1.0066185,0,0.9996273,0.5828707056078526,3
2225,0.9997675,0,0.9996752,0.5720894681792582,3
2229,0.9981971,0,1.0006841,0.3451068737093357,3
2234,1.0033758,0,0.99937993,0.6385201276584332,3
2235,1.0023469,0,0.9994976,0.6120497760613619,3
2238,1.0049964,0,0.99917,0.6857483841553356,3
2247,1.0052025,0,1.0002967,0.4322686190897632,3
2261,1.0026842,0,1.0007275,0.3353447582267278,3
2271,1.0042654,0,0.9995864,0.59206962212031,3
2274,1.0052316,0,1.0002369,0.44573175637621687,3
2282,1.0021818,0,0.999452,0.6223080430176737,3
2287,1.0035801,0,0.999915,0.5181430525384182,3
2289,1.0028415,0,1.0006126,0.36119827285649153,3
2291,0.9992238,0,0.99929535,0.657548207149945,3
2300,1.0029951,0,1.0005766,0.36929761042722664,3
2308,1.0035642,0,0.9994764,0.6168235578083514,3
2320,1.0053508,0,0.99994135,0.5122160538525491,3
2325,1.0003936,0,1.0005211,0.38179526376485107,3
2340,1.00027,0,0.9998464,0.5335773862203985,3
2347,0.99689245,0,0.9992177,0.6750207847238985,3
2349,0.9980017,0,1.0007771,0.32418805481803314,3
2351,0.9876494,0,1.0000173,0.4951323517579853,3
2354,0.9930488,0,0.9993571,0.6436559658862337,3
2356,1.0007203,0,1.0006071,0.3624319467911068,3
2361,1.0017761,0,1.0000854,0.47981870356960876,3
2362,0.997883,0,0.99898523,0.7273178319521549,3
2363,0.99672383,0,0.9996283,0.5826427441199346,3
2378,1.0007201,0,1.0000069,0.497465604634323,3
2385,1.0003762,0,0.9999603,0.5079518330785529,3
2400,1.0039792,0,0.9996144,0.5857671574543406,3
2408,1.0040731,0,0.99927235,0.6627242738756135,3
2421,1.0051036,0,0.9994748,0.6171722047898731,3
2428,0.9985299,0,0.9999783,0.5039021642931854,3
2429,1.0002158,0,0.9994858,0.6147048569206426,3
2433,1.0015013,0,1.0000874,0.4793627805937726,3
2447,1.0010006,0,0.99925905,0.6657145922171266,3
2449,0.99764717,0,1.0004115,0.4064419234585781,3
2458,0.9994899,0,1.000938,0.28798240673693243,3
2459,1.0019152,0,0.9995467,0.6010003486469815,3
2461,1.003851,0,0.9998761,0.5268994555743289,3
2472,1.0040686,0,0.9998449,0.5339126237026309,3
2477,1.0026096,0,0.9985983,0.814372301338268,3
2479,1.0013547,0,0.9994457,0.6237294499423391,3
2484,0.9908554,0,0.9980237,0.9436398744870866,3
2487,1.0008578,0,0.99922633,0.6730764073269504,3
2495,1.0008867,0,1.000289,0.43401185399737174,3
2515,1.0028788,0,1.0004146,0.4057446294955347,3
2518,1.001182,0,0.9998496,0.5328532732587765,3
2520,1.0067989,0,0.99976575,0.5517204387588168,3
2533,1.0015236,0,0.9990954,0.7025370772655348,3
2535,1.0028405,0,1.0001894,0.456405717810497,3
2542,1.0001903,0,0.9998086,0.5420790087698125,3
2551,1.0028834,0,0.9996951,0.5676106954166331,3
2569,0.9943027,0,1.0005066,0.3850403625928608,3
2573,1.0003679,0,0.9999381,0.5129535763134605,3
2590,1.0024848,0,0.99974906,0.5554750985598198,3
2592,1.0025901,0,1.0000505,0.48764985115455783,3
2603,0.99956244,0,1.000079,0.4812401104942742,3
2608,1.0016289,0,0.99923986,0.67003245098828,3
2609,1.001634,0,0.9996371,0.5806581382251187,3
2612,1.0036113,0,0.99935275,0.6446348593343525,3
2622,0.999265,0,1.0004568,0.39625070399871265,3
2627,0.9923754,0,0.9995789,0.5937592190307615,3
2633,0.9980375,0,0.99945647,0.6213023305709765,3
2638,0.9977931,0,1.0006413,0.3547348941990506,3
2639,1.0032073,0,1.0001177,0.47255075495481,3
2642,0.9949388,0,0.9986452,0.8038190253975916,3
2645,0.9909241,0,0.999379,0.638734679647062,3
2648,1.0011563,0,1.0003539,0.4193954997720385,3
2649,1.0006545,0,0.9998259,0.5381902539759165,3
2658,1.0025278,0,0.9990973,0.7021079732882773,3
2662,1.0021468,0,1.0013281,0.20023064338777585,3
2666,0.99748033,0,0.99848765,0.8392603320192025,3
2668,1.0043862,0,1.0008856,0.29978276611151344,3
2673,1.0046388,0,1.0002811,0.43578190790355886,3
2680,0.99461657,0,0.99937457,0.6397269825944699,3
2687,0.9991575,0,0.99965566,0.5764877839461475,3
2696,0.99916506,0,0.9997135,0.5634805696355298,3
2700,1.0015413,0,1.0000879,0.4792555045994582,3
2705,1.0011705,0,0.9995034,0.6107490546303,3
2711,1.001998,0,1.0005606,0.37289135623675806,3
2714,1.0020695,0,1.0001421,0.4670528602461984,3
2719,1.0020167,0,0.9995193,0.6071687183200579,3
2721,0.9898062,0,0.99974453,0.5564942205058063,3
2723,0.99998224,0,0.9999587,0.5083138895593639,3
2727,1.007292,0,1.0002248,0.44844047523265484,3
2729,1.0022937,0,1.0001057,0.4752326548126693,3
2731,0.9995667,0,0.9988219,0.7640598600048274,3
2733,1.0029474,0,0.9995311,0.6045136374607772,3
2734,1.0012339,0,0.99900264,0.7234022581596804,3
2736,1.0018313,0,0.99952835,0.6051304744280849,3
2737,0.9980829,0,0.99933445,0.6487515756161665,3
2740,1.0023618,0,1.0006554,0.35157025236677664,3
2748,1.0003264,0,0.9990484,0.7131037627055006,3
2751,1.0061696,0,0.99925786,0.6659827822029125,3
2756,1.0000522,0,0.9994237,0.6286775551800896,3
2759,1.002941,0,1.0000936,0.47796819266768575,3
2779,0.9983361,0,1.0000964,0.47732453670179953,3
2782,1.001659,0,0.99935114,0.6449969158151634,3
2786,1.0004313,0,0.9993194,0.6521441789363585,3
2789,0.9983593,0,1.0002321,0.4468045163193607,3
2801,1.0010753,0,0.9994364,0.6258213318314694,3
2812,1.0006205,0,0.9997079,0.5647410625687237,3
2814,1.0017282,0,0.99987215,0.5277844825274225,3
2815,1.0017004,0,0.9996974,0.5671011344436399,3
2823,1.0019137,0,1.0003176,0.4275752943385094,3
2828,0.99773324,0,1.0003921,0.4108134202268887,3
2835,0.9991732,0,0.99949974,0.6115670340869472,3
2848,1.0009521,0,1.0009042,0.29559900233325287,3
2860,1.002118,0,0.9993841,0.6375814627081825,3
2862,1.0079741,0,0.9993902,0.6362136937806742,3
2869,1.0030999,0,0.99990743,0.5198460589481588,3
2870,1.0009617,0,1.0006157,0.3605009788934481,3
2888,1.0048006,0,0.9998248,0.5384316249631238,3
2896,1.0000792,0,0.9996411,0.5797597017727358,3
2897,0.99953973,0,1.0001152,0.4731139539249605,3
2899,1.0033389,0,0.9998716,0.527905168021026,3
2900,1.0017112,0,1.0001068,0.47499128382546196,3
2903,1.0032234,0,1.0003523,0.4197709657521388,3
2904,1.0013165,0,0.9993574,0.6435889183897874,3
2907,1.0011678,0,0.9998962,0.5223670448145465,3
2919,1.0033453,0,1.0002694,0.43841016976426095,3
2922,1.0051965,0,0.9995688,0.5960254244106524,3
2926,0.99796253,0,0.99973226,0.5592565773594014,3
2933,1.0007653,0,0.9995541,0.5993375707351087,3
2938,0.99992114,0,0.9989163,0.7428192131305817,3
2939,1.0031527,0,1.000281,0.43580872690213746,3
2942,1.0055728,0,0.9998102,0.5417169522890015,3
2943,1.0051256,0,0.9996044,0.5880199533349424,3
2953,0.99481237,0,1.0007972,0.31968246305682946,3
2954,1.0111948,0,1.0001395,0.46764287821492745,3
2965,1.0053605,0,1.0004138,0.40593236248558484,3
2968,0.99940836,0,1.0000147,0.49572236972671435,3
2973,0.9947198,0,1.0001243,0.4710488910344087,3
2978,0.9945704,0,0.99965584,0.5764475554482795,3
2982,0.99774593,0,0.9994684,0.6186204307131171,3
2983,0.9954971,0,1.0004122,0.40628100946710655,3
2988,1.0027063,0,1.0011421,0.24206828117038115,3
3000,1.0035912,0,0.99935406,0.644339850349988,3
3008,1.0064658,0,1.0000368,0.4907340359910961,3
3013,0.9974448,0,0.999701,0.5662831549869928,3
3014,0.9968513,0,0.9998938,0.5229168342854078,3
3023,1.0044338,0,0.9993824,0.6379703381875721,3
3025,0.99689597,0,0.9999761,0.5043983157668892,3
3035,0.99646777,0,1.0004423,0.39952262182530107,3
3037,1.0055376,0,1.0003221,0.42655617239252286,3
3038,0.98998445,0,0.99914855,0.6905758038994825,3
3045,1.0007385,0,1.0007269,0.3354788532196208,3
3053,1.0045007,0,0.99908835,0.7041193981816719,3
3058,1.0011035,0,0.9994876,0.6143025719419637,3
3059,1.0001292,0,0.99922216,0.6740150722772011,3
3064,0.99925613,0,0.99949735,0.6121034140585191,3
3070,0.99576694,0,0.99971557,0.5630112371604044,3
3081,1.000206,0,0.99895746,0.733566658620967,3
3085,1.0033921,0,1.0001396,0.46761605921634886,3
3092,1.0000874,0,0.9995342,0.6038163434977337,3
3093,1.0007675,0,0.99991196,0.5188269370021723,3
3094,1.0020072,0,0.99936676,0.6414836270013677,3
3095,1.0030899,0,0.99979824,0.5444122616461502,3
3103,1.0017695,0,0.99974835,0.5556360125512914,3
3105,1.001379,0,1.0004026,0.40845334835197256,3
3107,1.0028443,0,1.000572,0.37034355137179176,3
3115,0.9994254,0,0.99992615,0.5156354761713198,3
3116,1.0016329,0,0.9999845,0.5025075763670985,3
3120,1.0033836,0,0.9996574,0.5760989084667578,3
3122,0.99941397,0,0.9991136,0.6984337704830101,3
3127,0.99938214,0,0.99937445,0.6397538015930485,3
3128,1.0000114,0,0.99922806,0.6726875318475608,3
3130,1.0022489,0,1.0001751,0.4596239976399281,3
3133,0.9987589,0,1.0008175,0.31509641429989,3
3138,0.9967266,0,1.0000204,0.4944350577949419,3
3141,1.0035106,0,0.9997733,0.5500174323490761,3
3142,1.0024005,0,1.000949,0.2855150588677019,3
3146,0.9994859,0,0.99974066,0.5573658379596106,3
3147,1.0023183,0,1.0001584,0.4633786574409312,3
3149,0.9993664,0,1.0001988,0.45428701692278806,3
3161,1.0052257,0,0.99916,0.6880011800359375,3
3162,1.000954,0,0.99982065,0.5393702899133747,3
3165,1.0026085,0,0.99952215,0.6065250623541717,3
3168,1.002405,0,1.0002474,0.4433716845013007,3
3174,0.98504615,0,1.0002052,0.45286560999812264,3
3176,1.0031539,0,0.9996832,0.5702925952744924,3
3182,1.0078639,0,1.0004544,0.3967870839702845,3
3188,0.9955453,0,1.0000452,0.4888567060905946,3
3190,0.9963836,0,1.0004638,0.3946683830825757,3
3199,1.0006896,0,0.9991322,0.6942500067047497,3
3209,0.9997694,0,1.0005805,0.3684125834741331,3
3211,0.99810106,0,0.9994145,0.6307426180706412,3
3213,1.0041876,0,0.99956673,0.5964947568857779,3
3215,1.0036813,0,1.0001268,0.4704856920642583,3
3220,0.99725646,0,0.99890447,0.7454877034891517,3
3223,0.9989804,0,0.99920946,0.6768712956258214,3
3234,0.9962598,0,0.9996992,0.566698849464961,3
3242,1.0028825,0,0.9996685,0.5736047415989487,3
3243,1.0046353,0,1.000847,0.3084721216509776,3
3247,0.99864525,0,0.99996555,0.5067717971410948,3
3251,0.9991105,0,0.99950546,0.6102797221551748,3
3252,0.9947426,0,0.99978405,0.5476037224770027,3
3258,1.0040743,0,0.9995106,0.6091265052162953,3
3259,1.0010247,0,0.999788,0.5467186955239092,3
3282,1.0032693,0,0.9996373,0.5806179097272508,3
3286,0.9999407,0,0.9997029,0.5658674605090246,3
3290,0.9975963,0,0.9994732,0.6175342612706842,3
3295,0.99792826,0,0.9989686,0.7310590822538686,3
3300,0.9919749,0,0.99923795,0.6704615549655376,3
3303,0.9917724,0,0.99995095,0.5100571244669724,3
3305,1.0007975,0,0.9995414,0.602193794083729,3
3319,1.0011361,0,1.0004607,0.3953656770456191,3
3328,0.9998683,0,0.9997446,0.556480811006517,3
3340,0.9987232,0,1.0001931,0.4555743288545606,3
3341,1.0066043,0,1.0004948,0.38769544345214146,3
3342,1.0008638,0,1.0005598,0.3730790892268083,3
3347,0.999763,0,0.9999842,0.5025746238635449,3
3348,1.0012339,0,0.9994482,0.6231662509721887,3
3350,1.0020528,0,0.99893993,0.7375090514120203,3
3367,1.0022792,0,1.0005351,0.378630621932577,3
3372,1.0018263,0,1.0002913,0.4334754740257999,3
3375,1.0017221,0,0.99910206,0.7010352133451336,3
3379,0.99238116,0,0.9991083,0.6996272159197576,3
3389,1.006181,0,1.0001324,0.4692251991310644,3
3397,0.9991362,0,1.000766,0.32668222168584227,3
3399,0.9972886,0,1.0001793,0.45868533268967737,3
3400,1.0053748,0,1.0003417,0.42215785662563365,3
3408,0.9987875,0,0.99974227,0.5570037814787996,3
3416,0.99857706,0,1.0002565,0.4413066216107491,3
3419,1.0012988,0,1.0001886,0.45659345080054714,3
3424,0.996205,0,1.0002471,0.4434253224984579,3
3426,1.0011536,0,1.000895,0.2976640652238045,3
3438,0.9995162,0,0.99913263,0.6941561402097245,3
3444,1.0041746,0,1.0003504,0.4202000697293963,3
3455,1.0018343,0,0.9996851,0.5698634912972349,3
3464,1.0035046,0,1.0005927,0.3656770456191166,3
3470,1.0032575,0,0.9990466,0.7135060476841795,3
3472,1.003421,0,0.99989283,0.5231313862740365,3
3474,0.99726856,0,0.99983066,0.5371174940327728,3
3476,1.0057002,0,0.99905187,0.7123260117467214,3
3487,1.0024815,0,0.9990909,0.7035427897122322,3
3497,1.0014597,0,0.9996367,0.5807520047201438,3
3501,0.9992064,0,0.9997886,0.5465846005310162,3
3513,1.0012039,0,0.9999915,0.5009386649502507,3
3520,0.9979107,0,0.99979067,0.5461152680558907,3
3522,0.9987221,0,0.9992016,0.6786413495320085,3
3533,1.0002335,0,1.0005027,0.38592538954595434,3
3539,1.0033547,0,0.9991866,0.6820205433529112,3
3540,1.0017027,0,0.9997985,0.544358623648993,3
3548,1.003211,0,0.99974096,0.5572987904631641,3
3556,0.99849397,0,1.0007156,0.3380266580845871,3
3558,0.997077,0,0.99835056,0.8701021803845844,3
3559,0.9880996,0,0.9992928,0.6581248156193849,3
3562,1.0059115,0,1.0003414,0.42221149462279084,3
3565,1.0025018,0,0.99861526,0.8105505940408185,3
3575,0.9994642,0,0.9990721,0.7077801914876498,3
3594,0.9989804,0,0.9993828,0.637876471692547,3
3596,0.99845386,0,0.9991631,0.687303886072894,3
3605,1.0019075,0,0.99978656,0.5470405235068523,3
3610,0.99799114,0,1.0000867,0.47952369458524424,3
3613,1.0009258,0,1.0000721,0.48279561241183255,3
3614,1.0015568,0,0.99904954,0.712848982219004,3
3623,1.001147,0,0.99964935,0.5779091908708129,3
3630,1.0002384,0,1.0004233,0.4037868425992973,3
3631,1.0015291,0,1.0000283,0.4926650038887548,3
3638,1.0029347,0,1.00036,0.41802773084453027,3
3641,0.99746346,0,1.0000896,0.4788532196207793,3
3643,1.0033929,0,1.0004458,0.3987180518679433,3
3651,1.0032787,0,1.0006729,0.3476278595757234,3
3655,1.0017015,0,0.9998642,0.5295679459328988,3
3656,1.0025995,0,1.0000021,0.4985383645774667,3
3663,1.0007371,0,0.9995266,0.6055193499074745,3
3665,1.0048803,0,0.99976385,0.5521495427360743,3
3670,0.9989377,0,1.0002567,0.4412798026121705,3
3679,1.0017053,0,0.99987596,0.5269262745729075,3
3691,1.0002093,0,1.0009234,0.29128114356209944,3
3692,0.9952543,0,0.999054,0.7118432697723067,3
3694,1.0077689,0,1.0001658,0.46171587952905835,3
3699,1.0050341,0,1.0005902,0.36624024458926707,3
3703,0.99935263,0,0.99976814,0.5511840587872449,3
3709,0.999527,0,0.999446,0.6236624024458927,3
3727,1.0013392,0,0.999377,0.6391771931236088,3
3741,1.0001261,0,0.9991974,0.6795800144822592,3
3754,1.0062801,0,1.0006536,0.3519725373454555,3
3756,1.0023818,0,0.99954265,0.6019121945986536,3
3765,0.9977659,0,1.0002167,0.45026416713599915,3
3768,0.9996414,0,1.0003824,0.4129857591117547,3
3771,1.0050383,0,1.0008888,0.29905865314989133,3
3772,0.9979223,0,0.99953,0.6047550084479846,3
3774,1.0034555,0,0.9992942,0.6578029876364417,3
3780,1.001788,0,0.9991458,0.6911926408667901,3
3792,0.9966751,0,0.99987155,0.5279185775203155,3
3796,0.9997088,0,1.0006886,0.34411457076192775,3
3807,1.0043443,0,0.99964285,0.5793708262933461,3
3815,0.9986696,0,1.0002004,0.45393836994126635,3
3816,1.0078156,0,0.99945414,0.6218253010432591,3
3818,1.0009267,0,0.9992512,0.6674846461233137,3
3830,1.0024596,0,0.998927,0.7404189127577976,3
3836,1.0035279,0,0.9990919,0.7033148282243141,3
3847,1.0026498,0,1.000175,0.4596508166385067,3
3853,1.0017287,0,1.000517,0.3827071097165232,3
3859,1.0025694,0,0.9994733,0.6175208517713948,3
3860,0.9970436,0,0.999233,0.6715745434065492,3
3866,1.0005145,0,0.9991984,0.6793654624936305,3
3870,1.0004935,0,0.99848133,0.8406817389438679,3
3871,1.000524,0,1.0002971,0.43218816209402744,3
3875,1.0070459,0,0.99879783,0.7694772977177032,3
3877,1.0054295,0,0.9997852,0.5473489419905061,3
3881,1.000294,0,0.99949664,0.6122643280499906,3
3883,1.0034308,0,0.9999735,0.5049883337356182,3
3884,1.0009336,0,0.99950427,0.6105479121409607,3
3888,1.0012378,0,0.9996434,0.5792501407997426,3
3890,1.0055143,0,0.9994647,0.6194518196690535,3
3900,0.9951951,0,1.000364,0.4171427038914367,3
3907,1.0041265,0,1.0004739,0.3924155872019739,3
3912,0.9982916,0,0.999916,0.5179150910505002,3
3917,0.9991708,0,0.9996748,0.5721833346742833,3
3919,0.998369,0,0.99883026,0.7621825301043259,3
3938,0.99887085,0,0.99893844,0.7378442888942527,3
3940,1.0012643,0,1.0002309,0.4470727063051466,3
3945,0.99579376,0,1.0002666,0.4390538257301473,3
3949,1.0030603,0,0.9994666,0.619022715691796,3
3955,1.0031885,0,1.0004729,0.39263013919060263,3
3960,0.9948093,0,0.9989585,0.7333252876337597,3
3961,0.99924827,0,0.999843,0.5343417276798884,3
3963,0.99396896,0,0.9995702,0.5957170059269987,3
3964,1.0057039,0,0.99949104,0.6135248209831845,3
3965,1.0008895,0,0.9996609,0.5753077480086893,3
3966,1.0012244,0,0.9994881,0.61418188644836,3
3972,0.9876543,0,1.0001539,0.46439777938691773,3
3986,1.000907,0,1.0001961,0.4549038538900957,3
3991,1.0014722,0,1.0005505,0.37517097111593856,3
3999,1.0035077,0,0.99872935,0.784884812401105,3
4003,1.0040654,0,0.9997178,0.5625150856867005,3
4012,1.0051396,0,0.9999308,0.5145895352267547,3
4024,1.0022744,0,0.99982613,0.5381366159787593,3
4028,0.9994362,0,1.0002133,0.45104191809477834,3
4045,1.001921,0,1.0006694,0.3484324295330813,3
4049,1.0030369,0,0.9994093,0.63190924450881,3
4051,1.0037398,0,0.9998191,0.5397189368948964,3
4052,0.9971783,0,0.9997036,0.565706546517553,3
4056,0.99989545,0,0.9989453,0.7363021964759836,3
4061,0.99970496,0,1.0004028,0.40839971035481537,3
4067,1.0043546,0,0.99875456,0.7792125942017325,3
4088,1.0044287,0,0.99981886,0.5397725748920535,3
4089,1.0040337,0,0.9997303,0.5596990908359483,3
4090,1.0024244,0,1.0004,0.4090433663207016,3
4099,0.9990021,0,0.9989501,0.7352160270335506,3
4106,1.0015423,0,0.99989897,0.5217502078472389,3
4117,1.0058285,0,0.9996857,0.5697293963043419,3
4120,1.001422,0,0.99994284,0.5118808163703168,3
4121,0.99761385,0,0.9993356,0.6484967951296698,3
4128,0.99451137,0,1.0002962,0.4323758950840776,3
4140,0.9984087,0,0.99979144,0.54594094456513,3
4143,0.9967583,0,0.99943906,0.6252179043634511,3
4145,0.9965766,0,0.99986666,0.5290181564620378,3
4157,1.0002021,0,0.9997017,0.5661356504948105,3
4158,1.0052524,0,0.9997763,0.5493469573846113,3
4159,1.0006659,0,1.000378,0.41397806205916277,3
4172,0.9876617,0,0.99946326,0.6197736476519966,3
4180,0.99577945,0,1.0000741,0.4823396894359965,3
4181,1.0039102,0,0.99903476,0.7161745380427496,3
4189,1.00153,0,1.0004086,0.40708557942446433,3
4195,1.0038308,0,0.99983627,0.5358570010995789,3
4199,1.0022738,0,0.9998252,0.538351167967388,3
4205,0.99866635,0,1.0001231,0.47131708102019476,3
4208,0.99967027,0,0.998975,0.7296242658299139,3
4210,1.0062746,0,0.9993865,0.6370450827366105,3
4213,1.0001248,0,0.999468,0.6187008877088529,3
4222,1.0005137,0,0.99996394,0.5071338536219058,3
4231,0.9988875,0,0.9991647,0.686941829592083,3
4234,1.0029528,0,0.9997969,0.5447072706305147,3
4238,0.9989238,0,0.9988802,0.7509453696998953,3
4241,1.0077044,0,0.9996624,0.5749725105264569,3
4245,1.0084418,0,0.99966246,0.5749591010271676,3
4249,1.000116,0,1.0011367,0.24330195510499641,3
4253,0.995206,0,1.0000685,0.48360018236919033,3
4257,1.0011044,0,0.9998808,0.5258401051304744,3
4261,1.0032734,0,1.0001035,0.47574221578566256,3
4262,1.0016618,0,0.9997507,0.5551130420790087,3
4269,1.0011668,0,0.9996515,0.5774264488963983,3
4274,1.0039543,0,1.0007242,0.3360956901869284,3
4282,1.0061365,0,1.0000895,0.4788800386193579,3
4292,1.0025235,0,1.0008283,0.31268270442781665,3
4296,1.0041904,0,0.99988395,0.5251294016681417,3
4297,1.0101912,0,0.9993933,0.6355163998176308,3
4298,1.0029857,0,0.9995264,0.6055729879046317,3
4301,0.9992428,0,1.000282,0.4355673559149301,3
4302,0.9987103,0,1.000319,0.42725346635556627,3
4306,1.0038121,0,0.9991586,0.6883095985195913,3
4307,1.0038841,0,1.0009252,0.29087885858342044,3
4309,1.0013452,0,1.0000352,0.4911095019711964,3
4315,1.0059121,0,1.0000257,0.49322820285890523,3
4323,0.9985541,0,0.9999952,0.5001072759943144,3
4324,1.0021048,0,0.99975055,0.5551398610775873,3
4328,0.9991897,0,0.99995834,0.5083943465550996,3
4339,0.99959,0,1.0005589,0.37329364121543707,3
4342,1.0037191,0,0.9999985,0.4993563440341138,3
4347,1.00242,0,0.9997245,0.5609998122670099,3
4349,0.99999446,0,0.9999802,0.5034730603159279,3
4350,1.0055289,0,0.99962693,0.5829511626035884,3
4354,1.0032059,0,0.9994789,0.616260358838201,3
4360,0.9995503,0,0.9989193,0.7421487381661169,3
4365,0.9998576,0,0.9980959,0.9273875613484592,3
4368,1.0029775,0,0.99904615,0.7136133236784938,3
4376,1.003214,0,0.99947244,0.617708584761445,3
4391,1.0028049,0,0.9991692,0.6859361171453857,3
4393,0.9976627,0,1.0000272,0.4929063748759621,3
4404,1.0032054,0,0.99930185,0.6560865717274117,3
4406,0.9999733,0,0.9998068,0.5424812937484914,3
4409,1.0051676,0,1.0000002,0.4989674685547242,3
4413,0.9967471,0,1.0009661,0.28167994207096303,3
4423,0.99978364,0,1.0001957,0.4549843108858316,3
4429,1.0029882,0,0.99934715,0.6458953522675464,3
4431,0.9975836,0,0.9993138,0.6534046718695523,3
4435,1.0022873,0,0.9996337,0.5814224796846086,3
4451,1.0034605,0,1.0000409,0.48982219003942395,3
4453,0.99808645,0,1.0010895,0.25392227854211924,3
4461,1.0018538,0,1.0000651,0.4843779333279695,3
4469,1.0067923,0,1.000318,0.427468018344195,3
4473,0.99959064,0,0.9992595,0.6656207257221015,3
4482,1.0000823,0,1.0009578,0.28353045297288604,3
4488,0.98508394,0,1.0007861,0.3221766299246386,3
4514,1.0035534,0,0.99947476,0.6171856142891625,3
4517,0.9988038,0,1.0008863,0.2996218521200419,3
4531,0.999588,0,1.0006919,0.34336363880172716,3
4558,0.99932855,0,0.9994459,0.623675811945182,3
4569,1.0025944,0,0.99937844,0.6388553651406657,3
4572,1.0031573,0,1.0002706,0.438141979778475,3
4574,1.0062333,0,1.0002426,0.4444444444444444,3
4594,1.0019907,0,1.0004154,0.40555689650548443,3
4596,0.99546766,0,0.9996198,0.5845603025183039,3
4601,0.99632126,0,1.0003489,0.4205218977123394,3
4615,1.0000095,0,0.9996912,0.5684957223697267,3
4616,1.0006939,0,1.0001292,0.4699493120926864,3
4636,1.0036231,0,1.0002006,0.45388473194410917,3
4637,1.0030147,0,0.99938613,0.6371255397323463,3
4640,0.9983569,0,0.99896413,0.7320647947005658,3
4648,1.0075239,0,0.99905384,0.7118834982701746,3
4656,1.0050452,0,0.9993964,0.6348191058545873,3
4657,1.0040935,0,0.9997135,0.5634805696355298,3
4658,1.0003572,0,1.0002413,0.44473945342880894,3
4668,0.99846256,0,1.0002861,0.43465550996325797,3
4669,1.0004361,0,1.0003569,0.4187250248075737,3
4670,1.001877,0,1.0008115,0.31646418322739833,3
4673,0.9939645,0,1.0014772,0.16668007616595593,3
4675,0.9977028,0,0.9996671,0.5739131600826025,3
4688,0.99203587,0,0.99996233,0.5074959101027168,3
4702,0.9994436,0,0.99903506,0.716107490546303,3
4707,1.0057738,0,1.0002924,0.43323410303859256,3
4714,0.98759985,0,0.9991861,0.6821278193472256,3
4739,1.0033716,0,0.999318,0.6524525974200124,3
4741,1.003016,0,0.99864006,0.8049722423364711,3
4745,0.9974552,0,1.000226,0.4481722852468689,3
4748,1.0005138,0,1.0006267,0.3580336310242176,3
4761,1.006801,0,0.99935454,0.6442325743556736,3
4768,0.9994675,0,0.9995579,0.5984793627805938,3
4769,1.0035571,0,1.0000012,0.49875291656609544,3
4777,0.9972828,0,0.999601,0.5887842947944324,3
4778,0.99599606,0,1.0009532,0.28457639391745115,3
4785,1.00286,0,0.99898607,0.7271300989621048,3
4786,0.9915459,0,1.0002855,0.43478960495615093,3
4793,0.99912375,0,0.9997291,0.5599672808217342,3
4799,1.0012436,0,0.9995256,0.6057473113953925,3
4800,0.9984642,0,0.9994487,0.623045565478585,3
4802,0.9997519,0,0.9993866,0.6370182637380319,3
4805,1.0053438,0,0.99966484,0.5744227210555958,3
4810,1.0057955,0,1.0001276,0.4703247780727867,3
4816,1.0046909,0,0.9998854,0.5248075736851986,3
4818,0.9992739,0,0.99987453,0.5272481025558506,3
4822,1.002208,0,1.0000092,0.4969560436613297,3
4827,1.0019128,0,1.0000378,0.49051948400246737,3
4845,1.0052886,0,0.9994069,0.6324590339796712,3
4848,1.0020254,0,1.0000565,0.4863089012256282,3
4850,0.9990155,0,0.9997016,0.5661490599940998,3
4860,1.0046533,0,0.99854857,0.8255558237455414,3
4873,0.9951502,0,1.0002671,0.4389197307372543,3
4878,0.99614453,0,0.9990846,0.7049641966368976,3
4884,0.99985415,0,1.0001788,0.45879260868399174,3
4885,1.0009112,0,1.0001962,0.4548770348915171,3
4890,1.0009501,0,1.0007224,0.3364979751656073,3
4896,1.00339,0,0.9998409,0.5348110601550138,3
4898,1.0036054,0,0.9995257,0.6057204923968139,3
4910,1.0015798,0,0.9999186,0.5173384825810604,3
4912,1.0053506,0,0.99970025,0.5664574784777536,3
4918,1.0039815,0,1.0001192,0.4722021079732883,3
4921,1.0055336,0,0.9998947,0.5227156917960684,3
4922,1.0056834,0,0.9989451,0.7363424249738515,3
4928,1.0024605,0,1.0001954,0.45506476788156736,3
4929,0.99982506,0,0.9998157,0.5404832783543863,3
4934,1.0010802,0,0.99938697,0.6369378067422962,3
4935,0.9988799,0,1.0001266,0.47053933006141546,3
4941,1.0057184,0,0.9998552,0.5315927803255827,3
4946,1.004054,0,0.9995293,0.6049159224394561,3
4950,0.99767023,0,0.99986494,0.5294070319414272,3
4953,1.0029725,0,0.9996399,0.5800278917585218,3
4961,0.99559397,0,0.99926025,0.6654464022313407,3
4964,1.0037161,0,0.99964505,0.5788746748196423,3
4968,1.005543,0,1.0003235,0.42623434440957975,3
4975,0.99630004,0,0.99935454,0.6442325743556736,3
4982,0.99930906,0,0.9990811,0.7057553570949661,3
4989,1.0050713,0,1.0003048,0.4304449271864189,3
4991,1.0016334,0,0.999557,0.5986805052699332,3
4993,1.001147,0,1.0000917,0.47839729664494324,3
4999,1.0036614,0,1.0007032,0.34081583393676085,3
5002,1.0025973,0,1.0000956,0.4775122696918497,3
5007,1.0043344,0,0.9991373,0.6931101992651594,3
5012,1.0001038,0,1.0006186,0.3598573229275619,3
5019,0.993064,0,0.9993058,0.6552015447743181,3
5025,0.9996559,0,0.99972516,0.5608523077748278,3
5032,0.9960816,0,0.99860626,0.8125754284335023,3
5053,0.99876916,0,0.99984884,0.5330275967495374,3
5057,1.0016252,0,0.99960583,0.5876981253519993,3
5070,1.0067658,0,1.0001364,0.46834017217797086,3
5075,0.99621975,0,0.99972904,0.5599806903210234,3
5076,1.0030876,0,0.99995536,0.5090648215195644,3
5079,1.0038162,0,0.99948967,0.6138332394668383,3
5098,1.000244,0,0.99968594,0.5696757583071848,3
5100,0.99949604,0,0.9991344,0.6937538552310456,3
5113,1.0047482,0,0.9995754,0.5945503794888298,3
5114,1.0003272,0,1.0000806,0.48089146351275247,3
5120,1.0029631,0,0.9994994,0.611647491082683,3
5122,0.9999481,0,0.99977845,0.5488642154101966,3
5126,1.0031695,0,0.9995288,0.6050231984337705,3
5139,1.0029216,0,1.0001146,0.47324804891785344,3
5151,1.0010908,0,1.0000834,0.48024780754686625,3
5155,1.0085888,0,0.99943656,0.6257811033336016,3
5160,1.004088,0,0.999288,0.6591975755625286,3
5163,1.0097123,0,0.9987722,0.7752433824121008,3
5169,0.99606794,0,0.9981137,0.9233915305602489,3
5176,1.0047245,0,0.99865365,0.8019148764985116,3
5182,1.0031478,0,0.99956053,0.5978893448118647,3
5189,1.0038893,0,1.0003175,0.427602113337088,3
5194,0.99949306,0,0.99973357,0.5589615683750369,3
5195,0.98190206,0,0.99959415,0.5903263872127015,3
5202,0.99966264,0,0.99999446,0.5002681899857859,3
5204,0.999522,0,0.99983865,0.535320621128007,3
5215,0.99660635,0,0.99980646,0.5425617507442272,3
5220,0.99691516,0,0.9999928,0.5006436559658862,3
5231,1.0017967,0,1.0002681,0.4387051787486256,3
5234,1.0020194,0,1.0002732,0.437551961809746,3
5238,1.0038955,0,0.99903554,0.7160002145519886,3
5256,1.0005293,0,1.0005836,0.36771528951108967,3
5258,1.0058439,0,0.9996029,0.5883551908171749,3
5259,1.0013855,0,0.99946845,0.6186070212138279,3
5260,1.0035837,0,0.9992152,0.6755839836940489,3
5268,1.0010008,0,1.0000598,0.4855579692654276,3
5269,1.0027239,0,0.9998687,0.5285622334862017,3
5288,0.99642086,0,0.9990741,0.7073242685118137,3
5291,1.0054154,0,1.0013741,0.18987850993643896,3
5292,1.0014906,0,0.999509,0.6094885616971062,3
5307,1.0058478,0,1.0004197,0.4045914125566551,3
5310,1.006821,0,0.9996046,0.5879797248370746,3
5316,1.0033418,0,0.9998143,0.5408051063373294,3
5317,1.0076443,0,1.0009242,0.2910934105720493,3
5320,0.98576456,0,0.99953,0.6047550084479846,3
5331,0.99746984,0,0.9988298,0.7622898060986403,3
5332,1.0027344,0,0.99987525,0.5270871885643791,3
5334,0.9987597,0,1.0008491,0.3079893796765629,3
5335,1.0034958,0,0.99940276,0.6333842894306327,3
5340,1.0005337,0,0.9987846,0.772454206559927,3
5348,1.0007831,0,1.0001726,0.46018719661007856,3
5349,0.99968916,0,1.0007279,0.33526430123099205,3
5352,1.0027786,0,0.9999041,0.5205969909083594,3
5354,0.99822474,0,0.99857026,0.8206747660042374,3
5355,1.0041589,0,0.9994658,0.619197039182557,3
5363,1.0068563,0,1.0006167,0.3602864269048194,3
5367,1.000394,0,0.9990129,0.7210958242819213,3
5372,1.0030916,0,1.0006931,0.34309544881594123,3
5373,1.0036979,0,1.0006219,0.3591063909673613,3
5376,1.0031555,0,1.001113,0.24861211682355777,3
5380,1.0014757,0,1.0000757,0.48199104245447477,3
5381,1.0001138,0,0.9999892,0.501448225923244,3
5383,1.000432,0,0.99930716,0.6548931262906643,3
5392,1.0008706,0,0.99927455,0.6622281224019095,3
5405,1.0102476,0,0.9992301,0.6722316088717247,3
5418,1.0010779,0,1.0003161,0.4278971223214525,3
5421,1.0054559,0,0.9992593,0.6656609542199694,3
5427,1.0020736,0,0.9997239,0.5611339072599029,3
5433,0.99976265,0,0.9993555,0.6440180223670449,3
5439,1.000502,0,0.999825,0.538391396465256,3
5448,1.0019432,0,0.9997861,0.5471477995011667,3
5449,1.0010256,0,0.99941087,0.6315605975272883,3
5453,1.0006808,0,0.9990857,0.704709416150401,3
5456,0.9872458,0,0.9997838,0.5476573604741599,3
5464,0.9985199,0,0.998875,0.7521119961380642,3
5472,1.0002658,0,0.9997388,0.5577815324375788,3
5476,1.000276,0,0.9997596,0.5531016171856142,3
5479,1.0043479,0,0.99847287,0.842585887842948,3
5481,1.0102133,0,1.0001385,0.4678574302035562,3
5483,1.0033786,0,1.0001538,0.4644245983854963,3
5489,1.0000265,0,0.99918133,0.6832005792903693,3
5508,1.0021446,0,1.0004497,0.3978598439134283,3
5519,0.99920714,0,0.99991703,0.5176871295625821,3
5526,1.0026257,0,0.99994034,0.5124440153404672,3
5530,1.0011779,0,0.9996663,0.5741008930726527,3
5533,0.99738926,0,0.99949455,0.612733660525116,3
5534,1.0038924,0,0.99975234,0.5547375760989084,3
5535,1.0057132,0,0.9992197,0.6745648617480624,3
5536,1.0008502,0,0.99963886,0.5802692627457291,3
5537,0.9978523,0,0.99974114,0.5572585619652962,3
5539,1.0073656,0,1.000342,0.42207739962989776,3
5545,1.0058906,0,1.00084,0.31005444256711456,3
5546,1.0059662,0,0.9999572,0.5086491270415963,3
5547,0.99797136,0,1.000203,0.4533483519725373,3
5556,0.9991182,0,0.9991161,0.6978705715128597,3
5559,1.0043855,0,0.99962765,0.5827902486121168,3
5564,0.9960293,0,0.99885935,0.7556386944511492,3
5566,1.0018927,0,1.001333,0.19913106444605355,3
5567,0.9977506,0,0.99821585,0.9004076487783946,3
5571,1.0025853,0,1.0001531,0.4645855123769679,3
5572,0.9983638,0,0.99871653,0.7877678547483037,3
5582,1.0080228,0,1.0009594,0.28318180599136433,3
5593,0.99875516,0,0.9994202,0.6294553061388688,3
5594,0.99819225,0,0.9992598,0.6655402687263657,3
5604,1.0011096,0,0.99950844,0.60960924719071,3
5607,1.0044698,0,1.0002635,0.4397511196931907,3
5608,1.0028946,0,1.0006841,0.3451068737093357,3
5619,1.0043468,0,0.9997106,0.5641242256014161,3
5625,1.0010519,0,1.000478,0.39147692225172315,3
5626,1.0053676,0,0.9990925,0.7031807332314212,3
5633,1.0009362,0,0.9995277,0.6052779789202671,3
5638,1.0039836,0,0.9999652,0.5068522541368305,3
5644,1.004943,0,1.0000182,0.49491779976935657,3
5646,1.0009402,0,0.9999532,0.5095475634939791,3
5647,1.0029076,0,0.99908096,0.7057821760935447,3
5655,1.0026582,0,1.000095,0.47764636468474264,3
5660,1.003566,0,0.9989496,0.7353367125271542,3
5664,0.9997771,0,0.99969363,0.5679459328988656,3
5668,1.0010915,0,1.0002398,0.44506128141175205,3
5671,1.0004157,0,1.0006908,0.3436050097889345,3
5675,1.0005026,0,1.0003476,0.4208169066967039,3
5676,0.99943864,0,0.9996478,0.5782578378523346,3
5678,1.0102074,0,1.0002307,0.4471263443023038,3
5681,0.9992158,0,1.0006549,0.351677528361091,3
5687,1.0008974,0,1.0000925,0.4782095636548931,3
5688,1.0082484,0,1.000456,0.3964384369887628,3
5704,0.99738055,0,0.99935114,0.6449969158151634,3
5705,1.0017353,0,0.999667,0.5739399790811811,3
5707,1.0010924,0,0.9987115,0.7888942526886046,3
5712,1.0028065,0,1.0001839,0.45763939174511226,3
5717,1.0010716,0,0.99981266,0.5411671628181404,3
5719,1.0062925,0,0.99922496,0.6733848258106042,3
5721,0.99750835,0,1.0002198,0.44956687317295574,3
5724,1.0013134,0,0.99955916,0.5981977632955185,3
5731,1.007368,0,1.0001532,0.4645586933783893,3
5733,1.0056392,0,1.0001996,0.4541261029313165,3
5746,1.0046372,0,0.9997533,0.5545230241102796,3
5757,1.0050058,0,0.99952406,0.6060959583769142,3
5758,0.9991613,0,0.9986498,0.8027864939523158,3
5761,0.9959492,0,0.99961597,0.5854185104728189,3
5768,1.0003821,0,0.9998737,0.5274358355459008,3
5769,1.0023793,0,0.9991433,0.6917558398369406,3
5784,0.9986519,0,0.99978733,0.5468662000160913,3
5795,0.99967504,0,1.0002693,0.43843698876283954,3
5802,0.99696964,0,0.9999657,0.5067315686432269,3
5805,1.0046631,0,0.99914193,0.6920642583205943,3
5807,1.0007876,0,0.99985474,0.531700056319897,3
5813,1.0032796,0,0.99908245,0.7054469386113122,3
5818,1.0044316,0,0.9994895,0.6138734679647062,3
5848,1.0014445,0,0.9992289,0.6724997988575107,3
5850,0.99982536,0,0.99907,0.7082495239627753,3
5854,1.0010854,0,0.99951816,0.6074234988065546,3
5860,1.0023427,0,1.0001357,0.4685010861694424,3
5865,0.996726,0,0.99982685,0.5379757019872877,3
5867,1.0021888,0,0.99910754,0.6998015394105184,3
5878,1.0012181,0,1.0004537,0.39694799796175606,3
5882,1.0070592,0,1.0004996,0.38662268350899776,3
5891,1.0032072,0,1.000433,0.4016145037144313,3
5902,1.0015805,0,0.9992667,0.6639981763080967,3
5905,1.0068367,0,0.99922556,0.6732507308177113,3
5908,1.0011375,0,0.9992766,0.6617721994260735,3
5912,0.9984141,0,1.0002185,0.44986188215732026,3
5914,1.0008807,0,0.9996346,0.5812213371952691,3
5915,1.0015807,0,1.0001863,0.4571030117735404,3
5921,1.0030566,0,1.000717,0.337704830101644,3
5922,0.999166,0,1.0002271,0.4479309142596616,3
5927,0.98952603,0,0.99980015,0.5439831576688927,3
5944,0.9894671,0,0.999384,0.6376082817067611,3
5945,0.99709165,0,0.9995933,0.5905141202027516,3
5955,1.0025833,0,0.99895215,0.7347601040577145,3
5956,1.001034,0,0.99934196,0.6470619787057151,3
5962,1.0062954,0,1.0004475,0.398342585887843,3
5967,1.0039896,0,1.0004045,0.4080242443747151,3
5968,1.0027438,0,1.0001007,0.4763590527529702,3
5982,1.0002723,0,0.9998999,0.5215356558586102,3
5987,1.0048109,0,1.0003003,0.43146404913240544,3
5994,0.9961651,0,0.99954987,0.6002896451846488,3
6002,1.001776,0,1.000508,0.38474535360849627,3
6003,0.99893916,0,0.9995175,0.6075710032987368,3
6008,0.99937713,0,0.9987661,0.776611151339609,3
6023,0.99881095,0,1.0006299,0.3573095180625956,3
6026,0.99949473,0,1.00047,0.39327379515648886,3
6031,1.0041493,0,1.0006102,0.3617346528280634,3
6035,1.0021775,0,0.9995579,0.5984793627805938,3
6041,1.000738,0,0.99976665,0.5515192962694773,3
6045,1.0003583,0,1.0003906,0.4111352482098318,3
6046,1.0093523,0,1.000901,0.2963231152948749,3
6050,1.0009528,0,0.998354,0.8693244294258052,3
6058,0.9967468,0,0.9994356,0.6259956553222303,3
6060,1.0019299,0,0.99934405,0.6465926462305898,3
6066,1.0004454,0,1.000091,0.4785582106364148,3
6071,0.99086905,0,0.99837,0.8657306836162737,3
6081,1.0016462,0,1.0004417,0.39965671681819404,3
6087,1.0009131,0,1.0006056,0.3627805937726285,3
6088,1.0022465,0,0.9994163,0.6303403330919624,3
6096,0.99929434,0,1.000284,0.43513825193767264,3
6097,0.9998403,0,0.9994562,0.6213559685681337,3
6105,1.0030084,0,0.99963427,0.5813017941910049,3
6109,1.0029383,0,0.9997371,0.5581704079169684,3
6118,1.0002795,0,0.99967855,0.5713385362190575,3
6129,1.0012947,0,1.0001181,0.47244347896049566,3
6130,0.9931041,0,0.99923563,0.6709845254378202,3
6137,1.0009453,0,0.99987316,0.5275565210395043,3
6142,0.9969864,0,0.9992434,0.6692412905302116,3
6156,1.0019016,0,0.9997546,0.5542280151259151,3
6164,1.0020072,0,0.9992805,0.6608871724729799,3
6166,0.9982807,0,0.99974954,0.5553678225655054,3
6176,0.9967344,0,0.9991397,0.6925604097942983,3
6177,1.0025058,0,0.99972326,0.5612814117520852,3
6182,0.99441653,0,0.9998935,0.5229838817818543,3
6189,0.99518913,0,0.9983261,0.875600075093196,3
6199,1.003908,0,0.9990038,0.7231340681738944,3
6201,0.99826354,0,0.99957275,0.5951403974575589,3
6206,0.9990345,0,0.9994307,0.6270952342639526,3
6207,1.003841,0,1.0003781,0.4139512430605842,3
6208,1.0052252,0,0.999649,0.5779896478665487,3
6212,0.9953247,0,0.99978095,0.5483010164400461,3
6216,1.002678,0,1.000128,0.47021750207847235,3
6218,1.0000049,0,0.99858147,0.8181537801378497,3
6226,1.0033768,0,1.0007975,0.3196020060610937,3
6229,0.9997749,0,0.9996234,0.5837423230616569,3
6231,0.99889016,0,0.999774,0.5498699278568938,3
6235,0.99155277,0,0.9990747,0.7071901735189208,3
6238,0.99715745,0,0.9997242,0.5610668597634565,3
6242,1.0029405,0,0.9995431,0.6018183281036287,3
6244,0.99895716,0,0.99880207,0.7685252232681632,3
6246,0.99576676,0,1.0000829,0.4803819025397592,3
6248,0.99063593,0,0.99952346,0.6062300533698072,3
6253,1.0073643,0,0.9999879,0.5017432349076085,3
6263,1.0034852,0,0.9985012,0.8362163756805321,3
6266,1.0003712,0,0.99989986,0.5215490653578996,3
6267,1.0025008,0,0.9999402,0.5124708343390458,3
6268,1.0008827,0,1.0000577,0.48604071123984227,3
6271,0.99879366,0,1.0002592,0.44071660364202003,3
6276,1.0033348,0,0.9998041,0.5430981307157992,3
6282,1.0032433,0,1.0005107,0.38412851664118863,3
6285,1.0024159,0,0.9994144,0.6307694370692198,3
6289,1.0054172,0,0.9998287,0.5375600075093196,3
6309,1.0023462,0,0.99929667,0.6572531981655805,3
6314,0.9994537,0,1.0001945,0.4552525008716175,3
6326,1.0007553,0,1.0004205,0.40443049856518354,3
6341,1.0039948,0,0.9997586,0.5533295786735324,3
6343,0.9986258,0,0.99983996,0.5350256121436425,3
6352,1.0051234,0,0.99941844,0.6298575911175477,3
6354,0.99907625,0,1.0001956,0.45501112988441017,3
6363,0.9992236,0,0.9994514,0.6224421380105667,3
6367,1.0073948,0,0.99970996,0.5642717300935983,3
6368,0.9937217,0,0.9995552,0.5990961997479014,3
6370,1.0037919,0,1.0005265,0.3805615898302357,3
6374,1.0050397,0,1.0001347,0.46871563815807116,3
6375,0.9959106,0,0.9994764,0.6168235578083514,3
6381,0.9848975,0,0.9996008,0.5888245232923003,3
6394,1.0006219,0,1.0009447,0.28648054281653124,3
6397,1.0033776,0,0.99995244,0.50972188698474,3
6402,0.9814038,0,0.99965435,0.576782792930512,3
6405,1.0058455,0,0.9994381,0.6254324563520799,3
6417,0.9974302,0,0.99944204,0.6245474293989862,3
6418,1.0003443,0,0.9997881,0.5466918765253306,3
6425,1.0021018,0,1.0006422,0.3545471612090004,3
6427,0.9997227,0,0.9999192,0.5172043875881674,3
6436,0.9978127,0,0.9992028,0.6783731595462226,3
6449,0.9991022,0,0.99869055,0.793614396438437,3
6455,1.0008316,0,0.9992155,0.6755169361976023,3
6465,0.9999007,0,0.99917966,0.6835760452704696,3
6477,1.0038457,0,1.0004541,0.3968675409660203,3
6480,0.9986025,0,0.9998967,0.5222597688202322,3
6482,0.99682534,0,0.998928,0.7401909512698797,3
6484,0.9984053,0,0.99889934,0.7466409204280312,3
6490,1.0021052,0,0.9993755,0.6395124306058412,3
6493,1.0076028,0,0.99922717,0.6728886743369002,3
6494,1.0021726,0,1.000456,0.3964384369887628,3
6498,1.0013081,0,0.99927086,0.6630595113578459,3
6501,1.0067738,0,0.9990079,0.7222222222222222,3
6508,0.9870943,0,0.9993244,0.6510177809960576,3
6515,1.0068319,0,1.0003248,0.4259393354252152,3
6518,1.0032963,0,0.9999818,0.5031110038351168,3
6521,0.98716134,0,0.99918187,0.6830798937967657,3
6527,1.0042651,0,0.99906474,0.7094295599002334,3
6532,0.9998061,0,0.9999197,0.5170837020945638,3
6544,0.9998384,0,0.9986859,0.7946603373830021,3
6550,0.9973445,0,0.99911064,0.699104245447475,3
6553,1.0019393,0,1.0003037,0.43068629817362625,3
6567,1.0005726,0,0.99955326,0.5995253037251589,3
6591,0.9983511,0,1.0000318,0.491860433931397,3
6599,1.001517,0,1.0005922,0.365784321613431,3
6608,1.0034167,0,1.000428,0.4027409016547322,3
6611,0.9980449,0,0.9998044,0.5430310832193526,3
6622,0.99655753,0,1.0002837,0.4351918899348298,3
6623,0.997603,0,0.9993176,0.6525464639150373,3
6624,1.0002772,0,1.0004673,0.3938906321237965,3
6635,0.995301,0,0.9999642,0.5070802156247486,3
6643,1.0023662,0,1.00097,0.28079491511786947,3
6645,1.002694,0,0.99958974,0.5913186901601094,3
6647,1.0016544,0,1.0000314,0.49196770992571137,3
6652,1.0002551,0,0.99883384,0.7613779601469681,3
6655,1.0025095,0,1.0000488,0.48805213613323684,3
6664,0.99997556,0,0.9998741,0.5273419690508756,3
6666,1.0024174,0,0.9998732,0.5275431115402152,3
6673,1.0003269,0,0.99857444,0.8197361010539866,3
6677,1.0021762,0,1.0005232,0.3813125217904364,3
6685,1.0020634,0,0.998713,0.7885590152063722,3
6686,1.0004536,0,0.99962384,0.5836484565666318,3
6690,1.0039046,0,0.99960095,0.5887977042937217,3
6695,0.99989605,0,0.9998378,0.5355083541180572,3
6706,1.0092182,0,0.9997048,0.5654383565317671,3
6716,0.9817999,0,1.0009892,0.27647705634671604,3
6721,0.9978676,0,1.0010921,0.2533322605733902,3
6722,0.9968744,0,0.9993785,0.6388419556413764,3
6729,0.9993081,0,0.9991956,0.6799957089602274,3
6734,1.0030603,0,0.9994466,0.6235283074529997,3
6740,1.00388,0,0.9993438,0.646646284227747,3
6742,1.0044967,0,0.99985164,0.5323973502829404,3
6746,1.0023623,0,1.0002091,0.4519805830450291,3
6749,1.0101465,0,1.0003698,0.41582857296108566,3
6750,1.0011977,0,0.99924517,0.6688390055515328,3
6754,1.0030297,0,0.9999402,0.5124708343390458,3
6755,1.0012823,0,1.0000455,0.48877624909485884,3
6759,1.0044365,0,1.0002112,0.4514978410706144,3
6760,1.0030248,0,1.0005418,0.3771287580121758,3
6762,1.0019537,0,0.99892074,0.7418269101831738,3
6768,0.9940041,0,1.0000272,0.4929063748759621,3
6769,1.0046767,0,1.0003444,0.4215410196583259,3
6779,1.0024396,0,0.9995399,0.6025290315659613,3
6781,1.0019953,0,0.99901545,0.7205192158124816,3
6789,1.0030746,0,0.99957645,0.5943090085016225,3
6790,1.0034908,0,0.9990855,0.7047630541475581,3
6798,1.0004622,0,0.99969906,0.5667256684635396,3
6802,1.0043032,0,0.9996725,0.5727063051465658,3
6813,1.0033822,0,1.0002882,0.4341727679888433,3
6815,0.99973655,0,0.9999493,0.5104325904470728,3
6816,0.9996179,0,1.0001696,0.4608576715745434,3
6818,0.9975794,0,0.9997277,0.5602756993053879,3
6830,0.9998763,0,0.9996827,0.5703998712688068,3
6831,0.9988842,0,0.99985236,0.5322364362914689,3
6832,0.99891126,0,1.0001595,0.4631372864537239,3
6834,0.9970982,0,0.99961764,0.5850430444927186,3
6835,1.0043162,0,0.9995798,0.5935580765414219,3
6839,1.0024042,0,1.0000479,0.488239869123287,3
6842,1.0037258,0,0.99939466,0.635207981333977,3
6843,1.0034093,0,0.99971634,0.5628369136696436,3
6850,0.99891436,0,0.99868745,0.7943116904014804,3
6853,0.9831688,0,1.0004479,0.3982621288921072,3
6860,0.9968245,0,0.99954027,0.6024485745702255,3
6861,1.0013161,0,0.99899226,0.725735511036018,3
6862,0.9992969,0,0.9993297,0.6498243355593103,3
6874,0.9993717,0,1.0000885,0.47912140960656524,3
6876,0.999154,0,0.99950755,0.6098103896800493,3
6881,1.0026962,0,1.0001427,0.46691876525330545,3
6882,1.0043243,0,0.99930847,0.6545981173062998,3
6885,0.99850494,0,1.0003672,0.4164185909298147,3
6893,0.99649274,0,1.0011462,0.2411564352187089,3
6899,1.0075428,0,0.99939865,0.6343095448815941,3
6904,1.0014387,0,0.99970055,0.5663904309813071,3
6905,0.9902647,0,0.9989082,0.744642905033926,3
6919,1.0021509,0,1.0005274,0.38037385684018554,3
6928,1.0028691,0,1.0003948,0.4101965832595811,3
6940,0.9978466,0,0.9994901,0.6137393729718132,3
6949,1.0043472,0,0.9992947,0.6576957116421273,3
6957,1.0014197,0,0.9992514,0.6674310081261565,3
6961,0.98652416,0,1.0007739,0.32491216777965515,3
6963,1.0051379,0,1.0001342,0.46882291415238553,3
6969,0.9989676,0,0.9995132,0.6085364872475661,3
6974,0.9947523,0,0.9996138,0.5859012524472336,3
6981,0.9994769,0,0.99963564,0.5809933757073511,3
6986,1.0007862,0,0.9986993,0.7916432000429103,3
6990,1.0040466,0,0.9994003,0.6339340789014938,3
7002,1.0019691,0,0.99963194,0.5818247646632875,3
7003,0.99921596,0,1.0003822,0.4130393971089119,3
7004,1.0042115,0,0.99929863,0.6568106846890337,3
7008,0.99695337,0,0.9999626,0.5074288626062703,3
7013,1.0027708,0,0.9996067,0.5874969828626599,3
7024,0.998132,0,1.0003805,0.4134148630890122,3
7029,1.001462,0,0.99930644,0.6550540402821359,3
7032,0.9998782,0,0.99914724,0.690870812883847,3
7044,1.0036798,0,1.0004724,0.392737415184917,3
7052,1.0016795,0,1.0011302,0.24475018102824042,3
7056,1.0056139,0,1.0000612,0.4852629602810631,3
7061,1.0003495,0,1.0003864,0.41210073215866116,3
7064,1.0022311,0,0.99994856,0.5105935044385443,3
7067,1.0031087,0,1.000547,0.37594872207471774,3
7083,0.9940751,0,0.9992823,0.660484887494301,3
7085,0.99944633,0,0.9999022,0.5210260948856169,3
7101,0.9905763,0,0.99886805,0.7536809075549119,3
7103,1.0025058,0,1.0007906,0.32115750797865206,3
7104,0.99847907,0,0.99995214,0.5097889344811865,3
7109,1.0076618,0,0.9990813,0.7057017190978089,3
7110,1.0085467,0,1.0001012,0.4762517767586558,3
7116,1.0010775,0,0.9996212,0.5842384745353608,3
7118,0.9894562,0,0.999848,0.5332153297395875,3
7123,0.993756,0,0.99917847,0.6838442352562555,3
7129,0.9990816,0,0.99959713,0.5896559122482367,3
7130,1.0023735,0,1.0004809,0.3908332662858369,3
7134,1.0050484,0,0.9997864,0.5470807520047201,3
7138,0.9991317,0,0.9993491,0.6454528387909995,3
7141,0.99860495,0,0.99929756,0.657052055676241,3
7144,1.000888,0,1.0003088,0.42955990023332524,3
7150,0.98783255,0,0.9993852,0.6373400917209752,3
7151,0.99946344,0,0.9999134,0.5185051090192292,3
7153,1.001276,0,0.99909455,0.702724810255585,3
7160,0.9982365,0,1.0008713,0.30300104594094457,3
7161,1.0007515,0,0.9997526,0.5546839381017512,3
7162,0.9991183,0,0.99858385,0.8176174001662778,3
7164,1.0003868,0,1.0002266,0.44803819025397595,3
7175,0.9976951,0,0.9993598,0.6430525384182155,3
7178,1.004097,0,1.0000812,0.4807573685198595,3
7186,0.99789435,0,0.9995469,0.6009601201491137,3
7188,1.0009484,0,0.9997905,0.5461554965537587,3
7192,0.99918634,0,0.99910575,0.7002038243891973,3
7195,1.0033414,0,0.99961543,0.5855391959664227,3
7201,0.9958719,0,0.99933183,0.6493415935848955,3
7202,1.0067117,0,1.0006402,0.3550030841848365,3
7204,1.0061879,0,0.9997047,0.5654517660310564,3
7207,1.0044429,0,0.9996304,0.5821734116448092,3
7213,1.0014641,0,0.9997856,0.547255075495481,3
7216,0.99963117,0,1.0000198,0.49456915278783486,3
7217,1.0033327,0,0.9998232,0.5387936814439349,3
7218,0.993816,0,0.99957335,0.5950063024646659,3
7223,1.0054953,0,0.9998607,0.5303591063909674,3
7224,0.99717104,0,0.9997862,0.5471209805025881,3
7231,0.99436975,0,0.99942285,0.6288652881701398,3
7237,1.0027423,0,1.0009516,0.28492504089897286,3
7238,1.0073222,0,1.000663,0.3498538364577467,3
7242,1.0028346,0,0.9992562,0.6663582481830128,3
7244,0.9945565,0,0.9999382,0.5129267573148819,3
7250,1.0023339,0,0.99953336,0.6040040764877839,3
7251,0.99637276,0,0.99962705,0.5829243436050098,3
7252,1.0021206,0,0.99921393,0.675865583179124,3
7253,1.0006601,0,0.9996287,0.5825488776249095,3
7255,1.0022047,0,1.0002042,0.4530801619867514,3
7258,0.99610966,0,0.99976707,0.5514254297744523,3
7266,0.9994562,0,0.99900436,0.7230133826802907,3
7268,0.99655235,0,1.0003601,0.4180009118459517,3
7278,1.0045619,0,0.9991992,0.6791777295035804,3
7285,0.9939575,0,0.99944466,0.6239574114302572,3
7288,1.0026478,0,0.9991977,0.6795129669858128,3
7291,1.0052468,0,0.9989907,0.7260841580175397,3
7294,1.0006412,0,1.0000607,0.48537023627537745,3
7298,0.9993762,0,1.000135,0.46866200016091397,3
7306,0.99882644,0,1.0000247,0.49346957384611256,3
7311,1.0038505,0,0.9995084,0.6096226566899992,3
7312,1.0037669,0,0.9995501,0.6002360071874916,3
7315,1.0035548,0,0.9997402,0.557473113953925,3
7318,1.001582,0,1.0005152,0.3831093946952021,3
7330,0.99983335,0,1.000346,0.4211923726768042,3
7334,0.9960033,0,0.99938935,0.6364014267707243,3
7339,1.0019109,0,0.99901015,0.721712661249229,3
7340,0.9971558,0,1.0007077,0.3397967119907742,3
7346,1.0036196,0,0.9992195,0.6746184997452196,3
7347,0.996982,0,0.9989113,0.7439456110708826,3
7348,1.0018551,0,0.99993557,0.513516775283611,3
7349,1.0095218,0,1.0008551,0.3066484297476332,3
7356,1.0009639,0,0.9997877,0.5467857430203555,3
7361,0.99850434,0,0.99938035,0.6384262611634082,3
7362,0.9984319,0,0.99925065,0.6676053316169175,3
7367,1.000105,0,0.99975073,0.5550996325797195,3
7390,1.0058258,0,0.9998469,0.5334701102260841,3
7393,1.000241,0,0.9994657,0.6192238581811356,3
7396,1.0007726,0,0.99969155,0.5684152653739909,3
7399,0.99911076,0,1.0005167,0.382787566712259,3
7401,1.0038636,0,0.99972075,0.5618446107222357,3
7417,1.0023676,0,0.99846756,0.8437793332796953,3
7426,1.0056615,0,0.9992399,0.6700190414889908,3
7449,0.9991311,0,0.9996414,0.5796926542762892,3
7453,1.0006937,0,0.99938333,0.6377557861989434,3
7463,1.0014019,0,0.9995943,0.5902995682141229,3
7470,0.98536813,0,1.0000939,0.47788773567195,3
7475,1.0015229,0,1.0003504,0.4202000697293963,3
7494,1.0014932,0,1.0008825,0.30048006007455685,3
7498,1.0026242,0,1.0000135,0.4959905597125004,3
7501,1.0002179,0,0.99992704,0.5154343336819803,3
7504,1.0033714,0,0.9990576,0.7110386998149489,3
7505,1.0088373,0,1.000814,0.3159009842572479,3
7507,1.0092224,0,1.0000681,0.4837074583635047,3
7514,1.0009688,0,0.99971014,0.5642315015957304,3
7515,1.0030324,0,0.9997994,0.5441574811596535,3
7522,0.9987651,0,1.000335,0.42365972054603485,3
7528,1.0003352,0,1.000766,0.32668222168584227,3
7538,1.0047901,0,1.0005233,0.3812857027918578,3
7545,1.0031679,0,0.99880725,0.7673585968299943,3
7547,1.0049515,0,0.99957484,0.5946710649824336,3
7550,1.0007327,0,1.0005412,0.3772628530050688,3
7551,0.9998661,0,0.99946904,0.618472926220935,3
7552,0.9983214,0,0.9998258,0.5382170729744951,3
7560,1.0038664,0,1.0002666,0.4390538257301473,3
7570,0.9999117,0,0.99986714,0.5289108804677234,3
7572,0.9987545,0,1.0006154,0.3605814358891839,3
7583,0.9895861,0,0.99964976,0.5778153243757878,3
7584,0.99834484,0,0.9997689,0.551009735296484,3
7585,0.9978475,0,0.9996299,0.5822806876391236,3
7597,0.99854046,0,1.0003815,0.41320031110038347,3
7601,1.0030063,0,1.0005121,0.3838066886582455,3
7610,1.0008069,0,0.9992607,0.6653391262370263,3
7621,1.0042738,0,0.9997838,0.5476573604741599,3
7622,1.0054772,0,1.0002774,0.43661329685949524,3
7624,1.0015254,0,0.9987946,0.7702014106793252,3
7625,1.0026709,0,1.0000958,0.4774586316946925,3
7630,0.9999746,0,0.9994339,0.6263845308016198,3
7631,0.9997787,0,0.9998171,0.5401748598707324,3
7634,1.0070086,0,0.9999941,0.5003486469815217,3
7639,1.0042242,0,0.99893075,0.7395741143025719,3
7663,0.9931833,0,0.99944454,0.6239842304288358,3
7667,1.0048054,0,1.0000061,0.49765333762437314,3
7674,1.0005559,0,0.99940115,0.6337463459114436,3
7679,1.0017502,0,0.9996567,0.5762598224582294,3
7681,0.998603,0,0.99907714,0.7066403840480596,3
7688,0.9981266,0,1.0000769,0.48172285246868884,3
7689,1.0054522,0,0.9991563,0.6888325689918738,3
7690,1.001205,0,1.0008109,0.3165982782202913,3
7696,0.99505407,0,0.9986642,0.799541395124306,3
7700,1.0041502,0,0.99993354,0.513972698259447,3
7703,0.9993908,0,0.9999636,0.5072143106176416,3
7704,0.99406207,0,0.9984384,0.8503365784321614,3
7714,0.9989307,0,0.9996093,0.5869203743932201,3
7718,0.9994949,0,1.0001048,0.47544720680129804,3
7720,1.0020151,0,1.0005262,0.38064204682597147,3
7728,1.003823,0,0.9998794,0.5261485236141282,3
7730,0.9982467,0,0.9991393,0.6926542762893233,3
7732,0.9988137,0,1.0005971,0.3646847426717086,3
7736,1.0067239,0,1.0002562,0.44138707860648485,3
7738,0.9941622,0,1.0000384,0.4903853890095744,3
7742,0.99767786,0,0.99943376,0.6264113498001984,3
7744,1.0024446,0,0.99947447,0.6172526617856089,3
7747,1.0001758,0,0.9996709,0.5730549521280875,3
7750,1.008879,0,1.0002576,0.44106525062354174,3
7753,0.9999249,0,1.0007993,0.3191997210824148,3
7766,1.0035528,0,0.9997224,0.5614691447421354,3
7768,0.99989426,0,0.99890316,0.7457827124735162,3
7769,0.9973689,0,1.0005126,0.38369941266393115,3
7779,0.9991619,0,1.0005074,0.38487944860138923,3
7787,1.0010866,0,0.9988297,0.7623032155979296,3
7794,1.0027927,0,0.9995874,0.591841660632392,3
7795,0.9992638,0,1.0007662,0.3266554026872637,3
7804,1.0000532,0,1.0002534,0.4420039155737925,3
7805,1.0003462,0,0.99993885,0.5127792528226995,3
7811,0.9935245,0,0.9992177,0.6750207847238985,3
7813,1.0025543,0,0.9996386,0.5803229007428863,3
7824,1.0003514,0,1.0001235,0.47123662402445887,3
7827,1.0009898,0,1.0001996,0.4541261029313165,3
7834,1.0036794,0,0.99988467,0.5249684876766701,3
7842,1.0041047,0,0.9987732,0.7750154209241826,3
7845,1.002598,0,0.99994475,0.5114517123930593,3
7850,0.9911655,0,0.9994755,0.617024700297691,3
7865,1.0013789,0,0.99951947,0.60712848982219,3
7870,1.0018206,0,1.0005811,0.3682784884812401,3
7879,1.0008794,0,0.99973935,0.5576608469439751,3
7889,0.99661773,0,0.99995285,0.5096280204897149,3
7892,1.0061337,0,1.0000268,0.4929868318716979,3
7893,0.9929945,0,0.998463,0.8448118647249712,3
7908,0.9998634,0,1.0000745,0.4822592324402607,3
7909,1.0037037,0,0.99936646,0.6415506744978143,3
7910,1.0022246,0,1.0002474,0.4433716845013007,3
7911,1.0060203,0,0.9999222,0.5165205031244133,3
7917,0.99915797,0,0.99963754,0.5805642717300936,3
7918,1.0006653,0,0.9985062,0.8350899777402312,3
7924,1.0033613,0,1.000529,0.37999839086008524,3
7925,1.0010725,0,1.0006852,0.34486550272212835,3
7928,1.0019068,0,0.9991089,0.6994931209268647,3
7930,1.0017779,0,0.99898446,0.7274921554429158,3
7931,0.99812555,0,0.9993251,0.650856867004586,3
7936,1.0093563,0,1.0006328,0.35666586209670936,3
7938,1.002897,0,0.9998676,0.528803604473409,3
7941,1.0009934,0,0.99846226,0.8449727787164427,3
7943,0.99801266,0,0.99842924,0.852401641322713,3
7945,1.0039289,0,0.9995019,0.6110842921125326,3
7946,0.9980443,0,0.99904436,0.7140156086571727,3
7952,1.0068289,0,1.000931,0.2895647276530694,3
7954,1.0022026,0,1.0008162,0.3153914232842545,3
7967,1.0047526,0,0.99961156,0.5864108134202268,3
7981,0.99596214,0,1.0004891,0.3889827553839139,3
7982,1.0043349,0,0.9997446,0.556480811006517,3
7992,1.0005878,0,1.0002835,0.435245527931987,3
8006,0.9913276,0,0.9998346,0.5362324670796792,3
8013,1.002101,0,0.99967545,0.572035830182101,3
8014,0.9998959,0,0.99861115,0.81147584949178,3
8017,1.0008858,0,1.0002103,0.45171239305924316,3
8020,0.99721575,0,1.0001878,0.4567811837905973,3
8024,1.0013338,0,0.998935,0.7386220398530319,3
8028,1.0003531,0,0.9993227,0.6513932469761579,3
8029,1.0005924,0,0.9997178,0.5625150856867005,3
8032,1.0011998,0,0.9993922,0.6357577708048381,3
8044,1.0062233,0,0.9997831,0.5478182744656315,3
8045,0.99912155,0,1.0005814,0.36822485048408293,3
8051,1.0016237,0,0.9998115,0.5414353528039263,3
8061,0.9988129,0,0.99973935,0.5576608469439751,3
8065,1.0030963,0,0.999096,0.7024029822726419,3
8074,1.001436,0,0.99952775,0.6052645694209778,3
8077,1.0027069,0,0.999409,0.6319762920052565,3
8087,1.0046616,0,1.0005013,0.38624721752889746,3
8097,1.0024173,0,0.99947315,0.6175476707699734,3
8098,1.0025371,0,1.0005662,0.3716308633035642,3
8123,0.9937181,0,0.99971837,0.5623809906938075,3
8125,0.9969326,0,0.9999084,0.5196315069595301,3
8137,1.0028735,0,0.9995159,0.6079330597795478,3
8138,1.000424,0,0.99960315,0.5883015528200177,3
8143,1.002609,0,0.997983,0.9527985625016762,3
8144,1.0037875,0,0.9990168,0.7202107973288278,3
8146,1.0015447,0,0.99996334,0.5072679486147987,3
8154,0.99655217,0,1.000337,0.42320379757019877,3
8159,0.99750954,0,0.9990604,0.7104084533483519,3
8160,1.0030936,0,0.99900866,0.7220478987314614,3
8162,1.0042335,0,1.0000411,0.48976855204226677,3
8163,0.9991684,0,1.0003836,0.4127175691259688,3
8164,1.0077758,0,0.9991403,0.6924263148014054,3
8166,0.99953437,0,0.9993438,0.646646284227747,3
8168,0.98925036,0,0.9994686,0.6185667927159599,3
8170,1.0015306,0,1.0005949,0.36519430364470196,3
8186,1.0013804,0,0.9992613,0.6652050312441333,3
8188,1.0000752,0,1.0007159,0.3379730200874299,3
8189,0.99978405,0,0.9994407,0.6248424383833507,3
8191,1.0018595,0,1.0008168,0.31525732829136155,3
8196,0.9989885,0,0.9989587,0.7332850591358919,3
8206,0.9988214,0,0.9992714,0.6629388258642422,3
8212,0.99925935,0,0.9997266,0.5605304797918846,3
8214,0.9961256,0,0.9998446,0.5339796711990774,3
8229,1.0056562,0,1.0001297,0.46984203609837205,3
8232,1.000555,0,0.9995793,0.5936653525357363,3
8246,0.9923439,0,0.9998587,0.5308150293668035,3
8252,1.0051628,0,0.9995069,0.6099578941722317,3
8256,0.99933547,0,1.0007125,0.3387239520476305,3
8258,0.99917674,0,0.9993261,0.6506289055166681,3
8268,1.0021759,0,0.9993023,0.6559792957330973,3
8271,1.0018555,0,0.99998987,0.5013007214310617,3
8272,0.99892366,0,0.99924403,0.6690937860380293,3
8273,1.0046141,0,0.9989756,0.729490170837021,3
8276,0.9868177,0,0.9999061,0.5201410679325233,3
8281,1.0004978,0,0.9996661,0.5741411215705206,3
8288,0.9988683,0,0.99975526,0.554080510633733,3
8292,1.004008,0,1.0002449,0.44393488347145116,3
8299,1.0020066,0,0.9996688,0.5735376941025022,3
8300,0.99959993,0,1.0001389,0.4677769732078204,3
8305,0.99761826,0,1.0004673,0.3938906321237965,3
8308,1.0026178,0,0.99984926,0.5329337302545123,3
8321,1.0067427,0,1.0000257,0.49322820285890523,3
8327,1.00493,0,0.9990445,0.7139887896585941,3
8333,0.9975872,0,0.99989,0.5237616327406335,3
8334,1.0002531,0,0.9993611,0.642757529433851,3
8343,1.0020612,0,0.99966145,0.5751870625150857,3
8346,0.9906021,0,1.0003582,0.41843001582320916,3
8348,1.0013809,0,0.9997112,0.5639901306085231,3
8351,1.0039788,0,1.0002365,0.44581221337195265,3
8352,1.0043713,0,0.99950796,0.6097165231850243,3
8355,1.0045564,0,0.9996527,0.5771582589106123,3
8357,1.0000819,0,1.0001673,0.46139405154611524,3
8362,1.0004427,0,0.9999022,0.5210260948856169,3
8367,1.0074887,0,0.9993002,0.656462037707512,3
8370,1.0086217,0,0.9999054,0.5203019819239949,3
8374,0.9953483,0,0.99893135,0.739440019309679,3
8377,0.9930252,0,1.0000805,0.48091828251133106,3
8384,1.003265,0,1.0015752,0.1446348593343525,3
8385,0.99506503,0,1.0001639,0.46214498350631583,3
8390,1.0018452,0,0.9999737,0.5049346957384611,3
8393,1.0038142,0,0.99907345,0.7074717730039961,3
8401,1.0036268,0,1.000131,0.46954702711400753,3
8416,1.005163,0,0.99969596,0.567422962426583,3
8417,1.003534,0,0.9997113,0.5639767211092338,3
8418,1.0011364,0,0.9999871,0.5019175583983694,3
8420,1.0029573,0,1.0001168,0.4727384879448602,3
8421,1.0053189,0,0.9994457,0.6237294499423391,3
8423,1.0014102,0,1.0000806,0.48089146351275247,3
8431,1.0027615,0,0.9996913,0.5684689033711481,3
8438,1.0009695,0,0.9989774,0.7290744763590528,3
8443,0.9993488,0,0.9991333,0.6940086357175423,3
8446,1.0005716,0,1.0008509,0.30758709469788403,3
8451,0.99123496,0,0.9999883,0.5016493684125835,3
8453,1.0031762,0,1.0002059,0.4527046960066511,3
8466,1.0010369,0,0.99934393,0.6466194652291684,3
8470,0.9988377,0,0.9994735,0.6174672137742376,3
8473,1.002471,0,1.0001798,0.458578056695363,3
8475,1.0035648,0,0.99997175,0.505377209215008,3
8476,1.0031878,0,0.9999469,0.5109689704186446,3
8486,1.0009152,0,0.99993956,0.512618338831228,3
8494,0.9985522,0,1.0000014,0.49869927856893825,3
8509,1.0017793,0,0.9997912,0.5459945825622872,3
8516,0.99582565,0,1.0004636,0.39472202107973287,3
8518,1.005192,0,1.0005661,0.3716576823021428,3
8522,1.0073695,0,1.0006386,0.3553517311663582,3
8530,0.99736094,0,0.99883974,0.7600504197173278,3
8531,1.0107381,0,1.0002224,0.4489768552042267,3
8532,1.0047144,0,1.0002146,0.4507469091104138,3
8535,1.0032588,0,0.9996797,0.571083755732561,3
8547,1.0069811,0,1.000253,0.44211119156810685,3
8550,0.9833618,0,0.9998786,0.5263362566041784,3
8551,0.9900131,0,0.9998974,0.5220988548287606,3
8564,0.992527,0,0.9993483,0.6456405717810497,3
8577,1.0013866,0,0.9992649,0.6644004612867755,3
8578,1.0108117,0,1.0008368,0.310751736530158,3
8581,1.0023395,0,0.9992346,0.6712124869257382,3
8583,1.0027823,0,1.000213,0.4510955560919355,3
8587,1.0006078,0,0.9993199,0.6520234934427549,3
8588,0.99620503,0,1.0004567,0.39627752299729124,3
8595,1.006944,0,1.0000862,0.4796309705795586,3
8600,0.9903653,0,0.99993426,0.5138117842679755,3
8611,0.99006605,0,0.9999664,0.5065840641510446,3
8617,1.0040628,0,1.0003912,0.41100115321693886,3
8624,1.0024064,0,0.99864537,0.8037787968997238,3
8629,1.006342,0,1.0000643,0.48456566631801967,3
8642,1.0025959,0,1.0004777,0.3915573792474589,3
8643,1.0017844,0,0.9996962,0.5673693244294258,3
8653,1.0061404,0,1.0001767,0.4592753506584064,3
8657,1.003609,0,0.9999539,0.5093866495025076,3
8658,1.0022544,0,0.99955875,0.5982916297905436,3
8668,0.99622005,0,0.99962944,0.5823879636334379,3
8671,1.0043547,0,0.9994941,0.6128409365194304,3
8676,1.0008143,0,0.99950653,0.6100383511679675,3
8677,0.9996923,0,1.000352,0.419824603749296,3
8682,0.99417174,0,1.0000196,0.49462279078499205,3
8683,1.0009902,0,0.9997224,0.5614691447421354,3
8684,0.9985007,0,0.99901396,0.720854453294714,3
8687,1.0018185,0,0.99987805,0.526456942097782,3
8690,1.0060757,0,1.0003512,0.4200123367393461,3
8691,0.9991554,0,0.9997645,0.5520020382438919,3
8692,1.0016688,0,0.99864,0.8049856518357604,3
8693,0.99946475,0,0.998805,0.7678681578029877,3
8696,1.0042586,0,1.0004189,0.40477914554670524,3
8699,1.0042329,0,0.99883527,0.761056132164025,3
8705,0.9984625,0,0.9997259,0.5606913937833562,3
8706,0.9867843,0,0.99929196,0.658312548609435,3
8709,1.0013213,0,0.99945736,0.6211011880816371,3
8730,0.99770397,0,0.99942124,0.6292273446509508,3
8740,1.0032105,0,1.0007943,0.3203261190227157,3
8741,1.0014888,0,0.9998153,0.5405771448494113,3
8742,1.0008712,0,0.99931043,0.654155603829753,3
8743,1.0046759,0,1.0004205,0.40443049856518354,3
8744,0.99763817,0,0.99952537,0.6058009493925497,3
8746,1.0045127,0,0.99920404,0.6780915600611472,3
8749,0.9996728,0,0.9993443,0.6465390082334326,3
8751,1.004851,0,0.9994797,0.6160726258481508,3
8753,1.0012776,0,1.0002203,0.44945959717864137,3
8758,1.0024471,0,0.9996381,0.58044358623649,3
8760,0.9991834,0,1.0000497,0.4878375841446081,3
8767,0.996596,0,0.99975866,0.553316169174243,3
8782,1.0031208,0,0.9997346,0.5587336068871188,3
8786,1.0025494,0,0.9998482,0.5331751012417196,3
8788,0.99961,0,1.0001656,0.46176951752621553,3
8790,1.0035634,0,1.0003569,0.4187250248075737,3
8791,0.9986624,0,1.0001192,0.4722021079732883,3
8794,1.0018995,0,1.0002804,0.4359428218950304,3
8796,1.0049865,0,0.999748,0.5557164695470271,3
8811,1.0055084,0,1.0005411,0.3772896720036474,3
8812,1.0040257,0,1.0000631,0.4848338563038056,3
8817,1.0056796,0,0.9991135,0.6984605894815887,3
8822,1.0037246,0,1.0001854,0.45731756376216914,3
8823,1.0029559,0,0.9998727,0.5276637970338187,3
8830,0.997692,0,0.99924666,0.6685037680693002,3
8834,1.0032768,0,1.0003246,0.4259929734223724,3
8838,1.0047885,0,1.0002227,0.4489232172070695,3
8856,1.0031575,0,1.0001224,0.4714779950116663,3
8859,0.99822223,0,0.99950784,0.6097433421836029,3
8868,1.0011241,0,0.9997511,0.5550191755839837,3
8877,1.005877,0,1.0002146,0.4507469091104138,3
8881,0.9977457,0,0.9992538,0.6668946281545847,3
8884,1.0075864,0,0.99997306,0.5050822002306434,3
8895,1.0029371,0,1.0002745,0.43725695282538146,3
8896,1.0021243,0,0.9993542,0.6443130313514094,3
8898,0.9967355,0,0.9995023,0.6109904256175074,3
8906,1.0017222,0,0.9990236,0.7186821144098479,3
8913,1.0019683,0,0.9996195,0.5846273500147505,3
8916,1.0003422,0,0.99977714,0.5491592243945611,3
8918,1.0004371,0,0.9983989,0.859227076460965,3
8921,1.0017391,0,1.0001551,0.4641295894011318,3
8925,1.0021129,0,0.99999696,0.4997049910156355,3
8929,1.0040429,0,0.9997429,0.5568562769866173,3
8938,1.0063311,0,0.99901813,0.7199157883444632,3
8940,1.004515,0,1.000015,0.4956419127309786,3
8943,1.0051855,0,0.99893886,0.7377504223992276,3
8944,0.9849801,0,0.9987557,0.7789578137152359,3
8946,1.0024172,0,1.0007646,0.3270040496687854,3
8948,1.0037527,0,0.99957764,0.5940408185158366,3
8954,0.9993939,0,0.9995553,0.5990693807493228,3
8955,0.99996305,0,0.99956745,0.5963338428943064,3
8956,1.0051464,0,1.0001532,0.4645586933783893,3
8957,1.0006995,0,0.99930614,0.6551210877785824,3
8959,1.0009091,0,1.0004306,0.40215088368600316,3
8963,0.9863852,0,0.9996548,0.5766755169361977,3
8975,0.9991965,0,0.9997714,0.5504465363263336,3
8978,0.99989104,0,0.99982184,0.5391020999275887,3
8984,1.0038943,0,0.9998315,0.5369297610427226,3
8998,0.9978332,0,0.9989663,0.7315820527261512,3
8999,1.0038357,0,0.9994965,0.6122911470485692,3
9004,1.0045108,0,1.0007981,0.3194679110682007,3
9005,1.0016681,0,0.99944526,0.6238233164373642,3
9021,1.0010417,0,1.0001413,0.46724059323624856,3
9024,1.0037901,0,0.99997395,0.5048810577413039,3
9032,0.9924909,0,0.9992462,0.6686110440636146,3
9034,1.0036039,0,0.9988695,0.7533590795719688,3
9037,1.0017992,0,1.0004123,0.40625419046852795,3
9043,1.0020874,0,0.9992915,0.6584198246037494,3
9049,0.99871033,0,1.0009891,0.27650387534529464,3
9051,1.0008764,0,1.0005496,0.3753855231045673,3
9057,0.9984127,0,0.99870366,0.7906643065947918,3
9061,1.0022904,0,0.99927384,0.6623890363933811,3
9070,1.0035805,0,0.9997466,0.556024888030681,3
9078,1.0049299,0,1.0004944,0.38780271944645583,3
9082,1.0007138,0,0.99960893,0.5870008313889559,3
9085,0.9980089,0,1.0004367,0.40078311475849493,3
9096,1.000626,0,0.9997484,0.5556226030520021,3
9099,0.99923253,0,1.0000949,0.47767318368332123,3
9117,1.0047816,0,1.0009961,0.27492155442915767,3
9124,1.0064373,0,0.99982697,0.5379488829887091,3
9125,0.9817206,0,1.0005953,0.3650870276503876,3
9126,0.9987113,0,1.0005887,0.3665888915707888,3
9133,0.9996526,0,0.9995334,0.6039906669884947,3
9135,0.99972856,0,0.99992794,0.5152331911926409,3
9141,1.0035957,0,1.000257,0.4411993456164347,3
9145,0.99644864,0,0.9995106,0.6091265052162953,3
9148,0.99994504,0,1.0004781,0.39145010325314455,3
9150,1.0013759,0,0.9996745,0.5722503821707298,3
9160,0.99312174,0,0.9997983,0.5443988521468608,3
9161,0.99772376,0,0.9993419,0.6470753882050044,3
9185,1.0034603,0,1.0003535,0.41950277576635286,3
9188,0.9959487,0,1.0003115,0.4289430632660176,3
9189,0.99008757,0,1.0005152,0.3831093946952021,3
9192,0.9934591,0,0.9997676,0.5513047442808485,3
9194,0.9987978,0,1.0015355,0.15356558586102398,3
9207,1.0014843,0,0.9995325,0.604191809477834,3
9208,1.0058266,0,0.9996553,0.5765682409418833,3
9210,1.0043827,0,0.99979585,0.544948641617722,3
9215,1.0089213,0,0.99969184,0.5683482178775445,3
9236,0.9999966,0,0.99920684,0.6774613135945504,3
9239,0.998895,0,1.0008117,0.31641054523024115,3
9240,0.9989439,0,0.9998998,0.5215624748571888,3
9242,0.9932961,0,1.0005548,0.3742054871671092,3
9260,1.0049033,0,1.0001185,0.4723630219647599,3
9261,1.0029761,0,0.99907786,0.7064794700565881,3
9263,0.99957293,0,0.9993835,0.6377155577010755,3
9272,0.9851207,0,0.9988871,0.749389867782337,3
9274,0.9964569,0,0.9995652,0.5968434038672996,3
9275,1.0052356,0,0.99931616,0.6528682918979805,3
9280,0.9966796,0,0.9993836,0.6376887387024969,3
9286,1.0081638,0,1.0004994,0.38667632150615494,3
9289,0.9999266,0,1.000177,0.45919489366267063,3
9291,1.0021574,0,0.9986736,0.7974226942365972,3
9294,1.0003511,0,1.0006614,0.350229302437847,3
9299,0.99674296,0,0.9994927,0.6131493550030842,3
9300,1.0017364,0,0.99921244,0.6762008206613566,3
9304,1.0084585,0,1.0003902,0.4112425242041462,3
9306,1.0068362,0,0.999952,0.509815753479765,3
9308,1.007461,0,1.0002378,0.44551720438758813,3
9310,0.99782914,0,1.000246,0.44366669348566523,3
9315,1.0008931,0,0.99915427,0.6892884919677099,3
9317,0.99896216,0,0.9994118,0.6313460455386596,3
9319,1.0025818,0,1.00074,0.3325287633759756,3
9323,0.99961287,0,0.9993147,0.6531901198809236,3
9327,1.0015175,0,1.0002539,0.4418966395794781,3
9338,1.0035408,0,0.9996539,0.5768900689248264,3
9346,1.0030766,0,0.9997908,0.5460884490573121,3
9348,1.005103,0,0.999513,0.6085901252447233,3
9354,0.9931077,0,0.99876946,0.7758602193794084,3
9357,1.0006958,0,0.9992171,0.6751548797167914,3
9361,0.9977969,0,0.99987525,0.5270871885643791,3
9366,1.0053014,0,0.9996704,0.5731756376216912,3
9374,1.0060169,0,0.9992319,0.6718293238930458,3
9378,1.0044631,0,1.0000253,0.4933354788532196,3
9385,0.99378407,0,0.99928886,0.6590098425724784,3
9393,0.99979675,0,1.0002066,0.45254378201517953,3
9394,0.9979093,0,0.9989633,0.732252527690616,3
9396,0.9991092,0,1.0002887,0.43406549199452893,3
9397,1.0019523,0,0.99916553,0.6867540966020329,3
9398,0.9992373,0,0.99988776,0.5242711937136267,3
9416,1.0027895,0,0.99917835,0.6838710542548341,3
9420,0.99836636,0,0.9993662,0.6416043124949715,3
9425,1.0002235,0,0.9996523,0.5772387159063481,3
9434,1.0003831,0,0.9996646,0.574476359052753,3
9439,0.99569035,0,0.99928766,0.6592780325582643,3
9443,0.99663514,0,1.0000674,0.48386837235497626,3
9444,1.0021441,0,0.9996448,0.5789283128167995,3
9449,1.0041877,0,1.0009273,0.29039611660900577,3
9450,1.00193,0,0.9995926,0.5906750341942232,3
9451,0.9995997,0,0.9999001,0.5214954273607424,3
9466,0.9969855,0,1.000051,0.48754257516024346,3
9479,1.0059897,0,1.0001602,0.4629763724622522,3
9480,0.9948971,0,0.99901265,0.7211494622790785,3
9487,1.0038614,0,0.99958056,0.5933837530506612,3
9499,1.001013,0,0.9999156,0.5180089575455252,3
9508,1.005399,0,1.0006591,0.35073886341084026,3
9519,1.0018742,0,0.9998449,0.5339126237026309,3
9522,1.0041028,0,1.000423,0.4038672995950331,3
9526,1.0030687,0,1.0000838,0.48016735055113047,3
9528,1.0060387,0,1.0000912,0.4785045726392576,3
9531,1.0044609,0,0.99998504,0.5023868908734948,3
9533,1.0030643,0,0.9995908,0.5910773191729021,3
9535,1.0036854,0,0.99982935,0.5374125030171373,3
9538,1.007333,0,0.99975663,0.553772092150079,3
9539,0.9961422,0,1.0000839,0.4801405315525519,3
9546,1.0014044,0,0.99875045,0.780137849652694,3
9548,0.9997159,0,1.0000755,0.48204468045163196,3
9554,1.0029126,0,1.0004401,0.40000536379971574,3
9556,1.0053331,0,1.0005937,0.3654624936304879,3
9557,1.0021422,0,0.9996908,0.5685895888647519,3
9559,1.0086839,0,1.0002475,0.4433448655027221,3
9563,0.9996329,0,0.99917984,0.6835358167726018,3
9565,1.0010766,0,0.99940485,0.6329149569555073,3
9567,0.9980215,0,0.9999927,0.5006570654651755,3
9569,1.0022575,0,0.9993057,0.6552149542736074,3
9574,1.0019544,0,0.9997178,0.5625150856867005,3
9575,0.99656844,0,0.998415,0.8556065116528548,3
9587,1.0032263,0,0.99994963,0.510352133451337,3
9593,1.0038539,0,1.0005001,0.3865154075146834,3
9596,1.0049613,0,1.0001769,0.4592217126612492,3
9598,0.9998248,0,0.99960846,0.5871081073832702,3
9603,1.0012343,0,0.99909407,0.7028320862498993,3
9604,1.0053223,0,0.99901503,0.7206130823075066,3
9614,0.9939404,0,0.9987422,0.781988360554617,3
9620,1.0025543,0,0.99993134,0.514468849733151,3
9626,1.0041912,0,0.99981374,0.540925791830933,3
9631,0.9987295,0,0.9996041,0.588087000831389,3
9634,1.0060741,0,0.99998546,0.5022930243784698,3
9636,1.0009702,0,1.000352,0.419824603749296,3
9637,0.9978791,0,0.99866724,0.798857510660552,3
9640,1.0018607,0,0.99964213,0.5795317402848177,3
9645,1.0029962,0,0.99857736,0.8190790355888111,3
9651,0.9899428,0,0.99939775,0.6345106873709336,3
9655,0.99426794,0,0.9983458,0.8711749403277281,3
9671,1.0054839,0,0.9997817,0.5481266929492853,3
9673,1.0019354,0,0.9991732,0.6850242711937136,3
9674,0.99753124,0,0.9998267,0.5380025209858663,3
9679,1.0042104,0,0.9995131,0.6085633062461447,3
9681,0.9991681,0,0.99977976,0.5485692064258321,3
9685,0.9988537,0,0.99949634,0.612331375546437,3
9700,1.0036608,0,0.9992226,0.6739212057821761,3
9701,0.9982396,0,0.9995741,0.5948319789739052,3
9713,0.9991739,0,0.99954206,0.6020462895915466,3
9714,1.0003263,0,0.99938804,0.6366964357550888,3
9724,0.99977857,0,1.0001248,0.47094161504009435,3
9729,1.0029151,0,0.99900025,0.7239386381312523,3
9730,1.0040288,0,1.0003592,0.4182154638345804,3
9734,1.0090714,0,0.99942726,0.6278729852227318,3
9739,1.0001867,0,1.0000716,0.4829028884061469,3
9743,1.0025861,0,0.9994735,0.6174672137742376,3
9744,1.0053947,0,0.99929506,0.6576152546463915,3
9749,1.0016031,0,0.99984884,0.5330275967495374,3
9757,1.0039347,0,0.99914426,0.6915412878483118,3
9760,1.0045463,0,1.0009788,0.2788103092230536,3
9767,0.99947923,0,0.99909145,0.7034221042186285,3
9768,1.0034004,0,0.99995303,0.509587791991847,3
9771,1.0006608,0,0.99960977,0.5868130983989057,3
9775,0.9999938,0,0.9992549,0.6666532571673773,3
9779,0.99906135,0,1.0007012,0.3412717569125969,3
9786,1.0029516,0,0.9999818,0.5031110038351168,3
9787,1.0027847,0,0.9994548,0.6216777965510768,3
9798,1.0032262,0,0.9996789,0.5712580792233217,3
9800,1.0008723,0,1.0005006,0.386408131520369,3
9801,1.0055102,0,0.999443,0.6243328774103575,3
9809,1.0027488,0,1.0000032,0.49829699359025936,3
9813,1.0000094,0,1.0001853,0.45734438276074774,3
9814,0.9976626,0,0.99882734,0.7628395955695014,3
9822,0.99295336,0,0.99957484,0.5946710649824336,3
9823,0.9952075,0,0.99901944,0.7196207793600987,3
9827,0.99928725,0,0.999417,0.6301794191004908,3
9833,0.99663454,0,1.000013,0.49609783570681476,3
9835,1.0026089,0,1.0004703,0.3932201571593317,3
9836,0.99927,0,0.9997142,0.5633196556440583,3
9838,0.98440194,0,0.9992256,0.673237321318422,3
9840,0.9834837,0,1.0008721,0.3028133129508944,3
9843,1.0018008,0,1.0005523,0.37476868613725967,3
9844,1.0000005,0,0.9996329,0.5816102126746587,3
9845,1.0019679,0,0.9997234,0.5612545927535066,3
9846,1.0021718,0,1.0003135,0.42848714029018153,3
9848,1.001593,0,1.0002187,0.4498082441601631,3
9849,0.9943984,0,1.0007689,0.32603856571995604,3
9851,0.99921507,0,0.9993765,0.6392978786172124,3
9854,1.002727,0,1.000036,0.49092176898114626,3
9856,0.9967263,0,1.0002947,0.4327245420655993,3
9857,0.99752915,0,0.9996289,0.5825086491270416,3
9858,1.0031434,0,0.9991382,0.69290905677582,3
9865,1.0002766,0,0.9999565,0.5088100410330678,3
9867,0.99741155,0,1.0001595,0.4631372864537239,3
9870,0.9987111,0,1.0009687,0.281089924102234,3
9872,0.99931735,0,0.998699,0.7917102475393569,3
9875,1.0036227,0,0.99942154,0.6291602971545043,3
9884,1.000747,0,0.9989083,0.7446294955346368,3
9892,0.99985796,0,0.99920577,0.6777026845817578,3
9893,1.0022689,0,0.99963385,0.58139566068603,3
9894,1.0069706,0,1.0006489,0.35304529728859924,3
9898,0.99400645,0,1.0004098,0.4068173894386784,3
9901,1.0035558,0,0.9997115,0.5639230831120766,3
9910,0.9965522,0,0.9987567,0.7787298522273178,3
9914,1.0062022,0,1.0006543,0.35181162335398397,3
9918,0.99931115,0,0.999283,0.6603239735028295,3
9919,1.003737,0,1.000526,0.38069568482312865,3
9926,0.99518394,0,0.9998445,0.534006490197656,3
9929,0.9922088,0,0.99929553,0.6575079786520771,3
9934,1.0034425,0,1.0001628,0.46238635449352317,3
9941,1.0048202,0,1.0007491,0.33049051948400243,3
9946,0.99815685,0,1.0006169,0.3602327889076622,3
9947,1.0014485,0,0.9996222,0.5840105130474428,3
9952,1.0053303,0,1.0000486,0.48807895513181543,3
9961,1.0054712,0,1.0002089,0.45203422104218627,3
9970,1.0047882,0,1.0008254,0.3133263603937029,3
9981,0.99753165,0,1.0001491,0.46547053933006144,3
9989,0.9942767,0,0.99932605,0.6506423150159573,3
9991,0.9949032,0,0.99919814,0.6794191004907877,3
9996,1.0018553,0,0.99901694,0.7201839783302492,3
9997,1.0007539,0,1.0001441,0.46659693727036233,3
9999,1.0019966,0,0.9996354,0.5810470137045083,3
10000,1.0060999,0,0.9996937,0.5679325233995762,3
10001,1.0045414,0,1.0003339,0.4239010915332422,3
10003,0.9992572,0,0.99979913,0.5442111191568106,3
10007,0.9965307,0,0.9995581,0.5984391342827259,3
10009,1.0051699,0,0.99951583,0.6079464692788371,3
10023,1.0053898,0,0.99948525,0.6148255424142463,3
10035,1.0039711,0,0.9996334,0.5815029366803444,3
10036,0.99955,0,0.9990321,0.7167779655107678,3
10041,0.9946098,0,0.99923944,0.6701263174833052,3
10049,0.9954747,0,0.9994435,0.6242256014160431,3
10063,1.002426,0,1.0001038,0.4756617587899268,3
10066,1.0046289,0,1.0002495,0.44288894252688604,3
10071,0.9853775,0,0.9996803,0.570949660739668,3
10082,1.0036321,0,1.0001577,0.46353957143240276,3
10083,0.9947351,0,1.0000597,0.4855847882640062,3
10085,1.0063833,0,0.9999235,0.5162254941400488,3
10087,1.0016792,0,0.9984185,0.8548153511947864,3
10088,0.99957764,0,1.0003238,0.42618070641242256,3
10090,1.002842,0,0.9993271,0.6504009440287499,3
10094,1.0070995,0,1.0004097,0.406844208437257,3
10098,1.0019331,0,0.99980605,0.5426556172392523,3
10104,1.0018973,0,0.999428,0.6277120712312603,3
10118,1.007408,0,1.0006013,0.36374607772145784,3
10120,1.0055649,0,0.9996299,0.5822806876391236,3
10125,0.99709374,0,0.9998308,0.5370906750341942,3
10133,1.0049323,0,1.0005368,0.3782551559524767,3
10135,0.9982592,0,0.9988555,0.7565103119049534,3
10137,1.0001756,0,0.99917775,0.684005149247727,3
10149,0.9989711,0,0.99979925,0.544184300158232,3
10150,0.9961843,0,0.9995408,0.6023278890766219,3
10154,1.0038487,0,0.9998046,0.5429774452221954,3
10161,0.999745,0,1.0004381,0.4004612867755518,3
10173,0.99966615,0,0.99990803,0.5197119639552659,3
10185,1.0005047,0,0.998802,0.7685386327674525,3
10189,0.97998494,0,0.99929065,0.6586075575937995,3
10207,1.002957,0,1.0006351,0.3561294821251374,3
10220,1.0022416,0,1.0003573,0.4186445678118379,3
10221,1.0001334,0,0.99991626,0.517861453053343,3
10223,1.0031033,0,0.9999901,0.5012470834339046,3
10233,0.9963593,0,0.9993525,0.6446884973315097,3
10239,0.99058247,0,1.0002534,0.4420039155737925,3
10242,1.0013486,0,1.0002018,0.45361654195832324,3
10243,0.99783266,0,1.0000491,0.48797167913750106,3
10244,1.0060463,0,1.000253,0.44211119156810685,3
10245,1.0042516,0,0.99932504,0.6508702765038754,3
10250,1.0000926,0,1.0009346,0.2887601576957116,3
10275,0.99845266,0,0.9990404,0.7149006356102663,3
10277,1.0056111,0,1.0001535,0.4644782363826535,3
10278,0.99578094,0,0.99925095,0.6675382841204709,3
10279,1.0011626,0,0.9996245,0.5835009520744495,3
10283,1.0000662,0,0.9995051,0.6103601791509106,3
10285,1.0011697,0,0.99950427,0.6105479121409607,3
10291,1.0036287,0,0.9997695,0.550875640303591,3
10296,1.0008023,0,1.000797,0.31970928205540805,3
10297,1.002919,0,1.0001602,0.4629763724622522,3
10299,0.9994716,0,0.9987054,0.7902754311154021,3
10311,1.0041412,0,1.000165,0.4619036125191085,3
10315,1.0038218,0,0.99949306,0.6130688980073484,3
10319,0.9993977,0,1.0003,0.4315176871295626,3
10329,1.0004618,0,0.9996895,0.568871188349827,3
10334,1.0021912,0,0.9993806,0.638372623166251,3
10337,0.99755096,0,0.999578,0.5939603615201008,3
10342,0.99596417,0,0.9989086,0.7445624480381903,3
10344,1.0026236,0,0.9999033,0.5207713143991204,3
10349,0.99949,0,0.99934834,0.6456271622817604,3
10353,1.0073109,0,1.0001726,0.46018719661007856,3
10358,1.0050725,0,1.0006934,0.34301499182020545,3
10362,1.0053791,0,1.0000919,0.47834365864778605,3
10366,1.0029757,0,1.0002929,0.4331268270442782,3
10369,0.9975961,0,0.99896544,0.7317697857162013,3
10373,1.0047646,0,1.0000896,0.4788532196207793,3
10383,0.9990755,0,0.99928534,0.6598010030305468,3
10389,1.002843,0,0.999858,0.5309625338589857,3
10394,0.99999696,0,0.99988866,0.5240700512242873,3
10401,1.0007875,0,1.0004407,0.3998712688068228,3
10402,0.99904174,0,1.000198,0.4544747499128382,3
10404,0.9993752,0,1.0001773,0.45914125566551345,3
10407,1.0017675,0,0.9999903,0.5012068549360367,3
10409,1.0012603,0,1.0004822,0.3905382573014724,3
10415,1.0036085,0,0.9994611,0.6202563896264113,3
10417,1.0016109,0,0.99890834,0.7446160860353475,3
10422,1.0094132,0,0.99950397,0.6106149596374071,3
10424,1.0018727,0,0.9990261,0.7181189154396974,3
10428,1.0031071,0,0.9998999,0.5215356558586102,3
10433,0.99812907,0,0.99933237,0.6492209080912918,3
10435,1.0014393,0,0.99954826,0.6006517016654598,3
10439,0.9985918,0,1.0003163,0.4278703033228739,3
10440,0.9922281,0,1.000049,0.48799849813607965,3
10442,1.0027568,0,0.99937266,0.6401560865717274,3
10444,1.0038649,0,1.0003442,0.4215946576554831,3
10448,1.000987,0,0.99933416,0.648818623112613,3
10456,1.0024563,0,0.9993127,0.6536460428567596,3
10464,1.0002896,0,0.9998507,0.5326119022715692,3
10472,0.99362,0,0.99982476,0.5384450344624132,3
10477,0.99776727,0,0.99935776,0.6435084613940516,3
10482,1.0015248,0,0.99956113,0.5977552498189718,3
10486,1.0019875,0,0.999005,0.7228658781881084,3
10494,1.0018992,0,0.9994208,0.6293212111459758,3
10496,0.99339855,0,1.0000275,0.49282591788022634,3
10499,1.0019479,0,0.9999053,0.5203288009225735,3
10502,0.9997383,0,1.000184,0.45761257274653366,3
10505,1.0031711,0,1.0002888,0.43403867299595034,3
10519,0.9990918,0,0.99952346,0.6062300533698072,3
10521,1.0001149,0,1.0002053,0.45283879099954405,3
10523,0.9989224,0,0.99952275,0.6063909673612787,3
10532,1.0031673,0,0.99917984,0.6835358167726018,3
10538,0.99262786,0,0.99911314,0.6985410464773245,3
10539,1.0038164,0,0.9997098,0.5643119585914662,3
10545,1.002906,0,0.9994302,0.6272159197575562,3
10547,0.9982511,0,0.9994233,0.6287580121758254,3
10550,1.0029984,0,0.99985963,0.5306004773781747,3
10560,1.0061357,0,0.999584,0.592606002091882,3
10583,1.003306,0,1.0000863,0.47960415158098,3
10589,0.99840504,0,0.9995287,0.6050500174323491,3
10593,1.0035443,0,0.99826723,0.8888486603910211,3
10629,0.99890417,0,0.99950045,0.6114061200954757,3
10632,0.9993897,0,0.999932,0.5143213452409687,3
10633,1.0057889,0,0.999336,0.6484029286346448,3
10637,1.0022638,0,0.9983433,0.8717381392978786,3
10639,0.99630535,0,0.99989885,0.5217770268458175,3
10641,1.004654,0,0.9998386,0.5353340306272965,3
10654,0.9848574,0,1.0001827,0.4579075817308982,3
10659,1.0050842,0,0.9999042,0.5205701719097808,3
10661,0.9915992,0,1.000359,0.418242282833159,3
10666,1.0013673,0,0.9998687,0.5285622334862017,3
10674,1.0010358,0,1.0001364,0.46834017217797086,3
10683,0.99802,0,1.0003748,0.41470217502078477,3
10687,1.0009776,0,0.9999291,0.5149784107061443,3
10690,0.98120636,0,0.99899757,0.7245420655992705,3
10692,1.001916,0,0.9989963,0.7248236650843458,3
10696,0.99760544,0,0.9988639,0.7546195725051627,3
10702,0.99365294,0,0.99967486,0.572169925174994,3
10703,0.9983314,0,1.0001839,0.45763939174511226,3
10716,0.9992534,0,0.99956936,0.5959047389170489,3
10718,1.0037644,0,0.9996793,0.5711642127282968,3
10719,1.002465,0,0.9996179,0.5849894064955614,3
10723,0.99928594,0,0.999557,0.5986805052699332,3
10728,0.9933372,0,0.99983615,0.5358838200981575,3
10729,0.9993626,0,1.000245,0.44390806447287257,3
10753,1.0022466,0,0.99896306,0.7323061656877732,3
10776,1.0019888,0,0.99939257,0.6356773138091023,3
10777,0.99973166,0,0.99978834,0.5466382385281734,3
10779,1.0047739,0,1.0003659,0.4167135999141792,3
10786,1.0063801,0,1.0005575,0.3735886501998016,3
10799,1.0054799,0,0.9994012,0.6337329364121544,3
10803,1.0000093,0,0.999325,0.6508836860031646,3
10811,1.003165,0,1.0000727,0.4826615174189396,3
10812,1.0027478,0,1.0011758,0.2345053235712179,3
10814,1.0043747,0,1.000668,0.3487274385174458,3
10815,1.0023115,0,1.0011028,0.25091855070131686,3
10821,1.0040102,0,0.9999743,0.5048006007455681,3
10822,0.99760044,0,1.0000691,0.48346608737629737,3
10824,0.9928928,0,0.9986175,0.8100544425671146,3
10827,1.0022935,0,0.99998677,0.5019980153941052,3
10829,1.0010066,0,0.99854535,0.8262799367071634,3
10832,1.0046492,0,0.999345,0.646378094241961,3
10840,1.0020475,0,1.0005819,0.36811757448976856,3
10846,0.9977445,0,0.9988461,0.7586156032933731,3
10848,1.0053469,0,0.99874014,0.7824576930297422,3
10853,0.9988383,0,0.9994415,0.6246681148925899,3
10866,1.0028359,0,0.9998722,0.5277710730281331,3
10870,1.0039,0,0.99941754,0.6300587336068871,3
10877,1.0020127,0,0.99990004,0.5215088368600316,3
10881,1.0005714,0,1.0001717,0.4604017485987073,3
10883,0.9984698,0,0.9989451,0.7363424249738515,3
10912,1.0056269,0,1.0000558,0.48646981521709975,3
10916,0.99968344,0,0.9992084,0.6771126666130287,3
10919,1.0004045,0,1.0000539,0.48689891919435724,3
10921,0.9985948,0,0.9998227,0.5389143669375385,3
10923,1.0012641,0,0.99920547,0.6777697320782041,3
10925,1.0053276,0,0.9999403,0.5124574248397564,3
10928,1.0007038,0,0.9995196,0.6071016708236114,3
10933,1.000409,0,1.0003656,0.4167672379113364,3
10936,1.0000334,0,0.9995362,0.6033604205218976,3
10937,1.004512,0,0.9997401,0.5574865234532143,3
10939,1.0004218,0,0.99975425,0.5543084721216509,3
10958,1.0036556,0,0.9981025,0.9259125164266366,3
10967,1.0081679,0,0.99979264,0.545672754579344,3
10972,1.005573,0,1.0007719,0.3253680907554912,3
10976,0.9956735,0,0.99923867,0.670300640974066,3
10983,1.0056678,0,0.9995865,0.5920428031217314,3
10985,0.9984166,0,0.99916285,0.6873575240700512,3
10990,1.0028332,0,1.0001028,0.4759031297771341,3
10991,1.0012298,0,0.99979943,0.5441440716603643,3
10998,0.9976345,0,1.0005417,0.3771555770107544,3
11000,1.0035884,0,1.0003153,0.42808485531150264,3
11001,0.99941254,0,0.99940914,0.6319494730066779,3
11003,1.0050408,0,1.0012274,0.22289269718668703,3
11004,1.0022007,0,0.9989316,0.7393863813125218,3
11007,1.004545,0,0.99922305,0.6738139297878617,3
11009,1.0008272,0,1.0008007,0.3188778930994717,3
11014,1.0008501,0,1.0001357,0.4685010861694424,3
11030,0.9982346,0,1.0003786,0.4138439670662697,3
11033,0.998969,0,0.9989823,0.7279748974173305,3
11038,0.99858534,0,0.9995231,0.606310510365543,3
11045,0.9980347,0,0.9999748,0.5046933247512537,3
11049,1.0045195,0,0.9995614,0.5976882023225253,3
11050,1.0034274,0,0.9997762,0.5493737763831898,3
11051,1.0026814,0,0.999299,0.6567302276932979,3
11054,0.9987045,0,0.9994357,0.6259688363236517,3
11059,1.0029727,0,0.99928343,0.6602301070078043,3
11064,1.003192,0,0.9991996,0.6790838630085553,3
11068,1.0067488,0,0.9990868,0.7044680451631936,3
11080,1.0010109,0,0.9995487,0.6005578351704348,3
11084,0.9979296,0,0.99868196,0.7955453643360957,3
11087,0.9993059,0,0.999835,0.5361386005846542,3
11088,1.0019134,0,1.0003581,0.41845683482178775,3
11089,1.0036044,0,1.0002447,0.44396170247002975,3
11091,0.99913114,0,0.9989764,0.7293024378469708,3
11094,1.0053761,0,1.0001106,0.474133075870947,3
11101,0.99657494,0,0.9997314,0.5594443103494515,3
11102,1.0005718,0,1.0003239,0.42615388741384397,3
11105,1.0010438,0,0.9999027,0.5209054093920134,3
11110,0.99594814,0,0.999376,0.6394051546115268,3
11120,0.9975992,0,0.9999543,0.5093061925067718,3
11122,1.0067457,0,1.0012186,0.2248773030815029,3
11124,0.99861413,0,0.9995399,0.6025290315659613,3
11125,1.0018495,0,0.99954534,0.6013087671306354,3
11133,0.9872095,0,0.9996539,0.5768900689248264,3
11143,0.9961844,0,0.9991123,0.6987287794673747,3
11145,1.0072713,0,0.9991044,0.7005122428728512,3
11152,0.9907042,0,0.9991991,0.679204548502159,3
11153,0.99869615,0,0.999513,0.6085901252447233,3
11163,1.0016605,0,1.0005168,0.3827607477136804,3
11172,1.0066795,0,1.0003963,0.40987475527663797,3
11175,0.9958096,0,1.0001633,0.4622790784992088,3
11177,1.0008743,0,1.0005358,0.37846970794110546,3
11182,1.0004634,0,0.9998439,0.534140585190549,3
11187,0.9983617,0,0.9998762,0.5268726365757503,3
11188,1.0052629,0,1.0005198,0.3820902727492156,3
11198,0.9974016,0,0.9996974,0.5671011344436399,3
11210,1.0072755,0,0.9989931,0.7255477780459678,3
11213,1.0036379,0,0.9997582,0.5534234451685573,3
11217,0.9910031,0,0.9999083,0.5196449164588195,3
11220,0.99999803,0,0.99897933,0.7286453723817953,3
11239,1.0051092,0,0.9998949,0.5226620537989112,3
11244,0.9947858,0,0.9988676,0.7537881835492263,3
11247,1.0021489,0,0.99895144,0.7349210180491861,3
11259,0.9952236,0,0.9993959,0.6349263818489017,3
11263,1.0005982,0,1.0005286,0.3801056668543996,3
11270,1.0017313,0,1.0009898,0.2763429613538231,3
11276,1.0018061,0,0.99980575,0.5427226647356987,3
11279,1.0009937,0,0.99936014,0.6429720814224797,3
11287,1.0005515,0,0.99951476,0.6081878402660444,3
11291,0.9999223,0,1.0004195,0.4046450505538123,3
11292,1.000377,0,0.9994909,0.6135516399817631,3
11312,1.0037187,0,0.99966115,0.5752541100115321,3
11315,1.0032587,0,0.99906105,0.7102609488561697,3
11322,1.0026588,0,0.99893695,0.7381795263764851,3
11328,0.99736375,0,0.9994329,0.6265990827902486,3
11329,1.0039662,0,0.9999702,0.5057258561965297,3
11337,1.0058081,0,0.99918944,0.681376887387025,3
11338,1.0040275,0,0.99948525,0.6148255424142463,3
11340,1.003966,0,1.000842,0.3095985195912785,3
11354,1.0020343,0,1.000771,0.3255558237455414,3
11359,1.0030844,0,0.99866587,0.7991659291442057,3
11362,0.99849814,0,0.999471,0.6180304127443881,3
11364,1.0002186,0,0.9997218,0.5616032397350283,3
11365,1.0036844,0,0.9993414,0.6471826641993188,3
11373,0.99707526,0,0.99980325,0.5432858637058493,3
11374,1.0032477,0,1.0002154,0.45055917612036367,3
11375,1.0028167,0,0.998753,0.7795612411832542,3
11384,1.0000415,0,1.0004252,0.40335773862203983,3
11385,0.9982725,0,0.9993414,0.6471826641993188,3
11389,1.0004572,0,0.9992723,0.6627376833749028,3
11390,1.0039593,0,0.99972224,0.5615093732400032,3
11404,0.99574363,0,0.9987488,0.7805133156327942,3
11412,0.999418,0,0.9998372,0.5356424491109502,3
11414,0.9979168,0,1.000061,0.4852897792796417,3
11416,1.0041556,0,1.0001055,0.4752862928098265,3
11424,1.005181,0,0.99886274,0.7548743529916593,3
11428,1.004341,0,0.99967325,0.572531981655805,3
11431,1.0003674,0,1.0007738,0.32493898677823374,3
11434,1.0060309,0,1.0003743,0.41480945101509914,3
11441,0.9990897,0,0.99917924,0.6836699117654947,3
11458,0.9994235,0,0.99849755,0.8370343551371792,3
11464,1.0092454,0,1.0000086,0.4970901386542227,3
11466,1.0021566,0,0.9992689,0.6635020248343927,3
11468,1.0034275,0,0.9988934,0.747981870356961,3
11469,1.0029043,0,0.99946946,0.6183790597259098,3
11477,1.0026281,0,1.0011389,0.24279239413200315,3
11478,1.0048257,0,0.99975306,0.5545766621074368,3
11486,1.0027705,0,0.99947363,0.617440394775659,3
11490,1.0027394,0,0.99932045,0.6519028079491511,3
11511,1.0005898,0,0.999978,0.5039692117896317,3
11516,1.001331,0,1.0002416,0.44465899643307316,3
11518,1.001833,0,1.000464,0.3946415640839971,3
11519,1.0020332,0,0.9992147,0.6756912596883633,3
11525,1.0007584,0,1.0002129,0.4511223750905141,3
11529,1.0023595,0,1.0005008,0.38635449352321183,3
11531,1.0070963,0,0.99947876,0.6162871778367796,3
11533,0.9965054,0,0.9995819,0.5930887440662966,3
11543,1.0045973,0,1.0001663,0.461608603534744,3
11547,1.0028765,0,0.9996065,0.5875506208598171,3
11553,1.0028409,0,0.9990006,0.7238581811355165,3
11557,1.0012916,0,0.99945664,0.6212621020731086,3
11563,1.0025436,0,0.99881476,0.765668999919543,3
11576,0.99975693,0,0.9999593,0.5081797945664709,3
11590,1.0030112,0,1.0000508,0.48759621315740065,3
11592,1.0011497,0,0.99963814,0.5804301767372007,3
11604,1.0007322,0,1.0000765,0.4818033094644246,3
11605,0.99691516,0,1.0004529,0.3971357309518062,3
11622,1.0009118,0,1.0005875,0.3668570815565747,3
11626,0.99754924,0,0.9992178,0.6749939657253199,3
11632,1.0013496,0,0.9998682,0.528669509480516,3
11638,0.9989101,0,1.0006565,0.3513288813795693,3
11641,0.9888066,0,0.9994078,0.6322444819910424,3
11653,0.99875325,0,0.999847,0.5334432912275056,3
11655,0.99955225,0,0.9997497,0.5553275940676374,3
11662,1.0058357,0,0.9989559,0.7339153056024887,3
11668,0.99996924,0,0.99981993,0.5395312039048462,3
11679,1.0047753,0,1.0001864,0.4570761927749618,3
11685,0.9977512,0,1.000667,0.34896880950465314,3
11686,0.9990102,0,1.0002016,0.4536701799554804,3
11693,1.0005565,0,0.99967176,0.5728672191380374,3
11694,1.0020818,0,0.9998217,0.5391289189261673,3
11697,1.0019939,0,0.99982125,0.5392361949204817,3
11698,1.0063078,0,0.9997764,0.5493201383860327,3
11701,1.0014377,0,1.0003129,0.4286212352830745,3
11702,0.997694,0,1.0005373,0.37814787995816235,3
11709,1.0007422,0,1.0004916,0.38841955641376347,3
11710,1.0002218,0,0.9995752,0.5945906079866978,3
11722,1.0056134,0,0.9998085,0.5421058277683911,3
11729,0.99987644,0,0.999341,0.6472765306943439,3
11731,1.0028208,0,0.9991279,0.695215490653579,3
11743,1.002226,0,0.9988982,0.7468957009145278,3
11746,0.9971729,0,0.9991812,0.6832273982889479,3
11755,1.0053961,0,0.99925894,0.6657414112157052,3
11766,1.0042276,0,1.0002882,0.4341727679888433,3
11769,1.0060643,0,0.99989825,0.5219111218387105,3
11773,1.0014182,0,1.0003842,0.41258347413307583,3
11774,1.001451,0,0.9996036,0.5881942768257034,3
11775,0.99537045,0,0.9996136,0.5859548904443908,3
11781,1.003142,0,0.9990969,0.7022018397833025,3
11787,0.99902165,0,1.0009993,0.27419744146753555,3
11789,0.9994492,0,1.0011994,0.22919516185265643,3
11793,1.0004457,0,0.99964476,0.5789417223160886,3
11799,1.001093,0,1.0003294,0.4249202134792287,3
11801,0.9955195,0,0.99962014,0.5844798455225682,3
11805,0.9973846,0,0.99962664,0.5830182101000349,3
11813,1.0042653,0,0.9998792,0.5262021616112854,3
11819,1.0004945,0,0.99937946,0.6386274036527476,3
11821,1.0015763,0,0.9995783,0.5938933140236544,3
11822,0.9948522,0,1.0003724,0.4152385549923566,3
11824,0.9996006,0,0.99949455,0.612733660525116,3
11835,1.0011487,0,0.999792,0.5458202590715262,3
11837,0.99780476,0,1.0000954,0.47756590768900686,3
11840,1.0010579,0,1.0002092,0.4519537640464505,3
11843,1.0003386,0,1.0006037,0.363209697749886,3
11851,1.0032473,0,1.0004483,0.39815485289779284,3
11859,1.0013486,0,0.99937767,0.6390296886314265,3
11860,1.0027838,0,1.0006084,0.3621369378067423,3
11862,1.001539,0,1.0002902,0.4337436640115858,3
11864,0.99914753,0,1.0003153,0.42808485531150264,3
11865,0.9998841,0,0.99981564,0.5404966878536756,3
11867,1.0006341,0,0.9998616,0.5301579639016278,3
11874,0.9976465,0,0.9995533,0.5995118942258696,3
11875,1.0035647,0,0.9996647,0.5744495400541744,3
11879,1.0035436,0,1.0002091,0.4519805830450291,3
11882,1.0013659,0,1.0000468,0.4884812401104943,3
11884,1.0035566,0,0.99911577,0.6979510285085955,3
11917,1.0058253,0,0.9997003,0.5664440689784643,3
11922,1.0028626,0,0.99983716,0.5356558586102396,3
11928,1.0050921,0,0.9992723,0.6627376833749028,3
11929,0.99554724,0,0.99980724,0.5423874272534663,3
11933,0.9998556,0,1.0003203,0.42695845737120175,3
11943,1.003799,0,0.9999133,0.5185319280178078,3
11944,1.0000923,0,0.9988352,0.7610695416633143,3
11951,0.99372834,0,0.9994615,0.6201759326306755,3
11953,0.997206,0,1.000131,0.46954702711400753,3
11955,1.0038381,0,0.9994855,0.6147719044170891,3
11962,0.9937048,0,0.9997489,0.5555153270576877,3
11963,1.0044533,0,0.9990898,0.7037975701987288,3
11965,0.99999267,0,0.9990472,0.7133719526912865,3
11972,1.005257,0,0.99990433,0.5205433529112022,3
11976,0.9985544,0,1.0002873,0.43438731997747204,3
11978,1.0022898,0,0.9998942,0.5228229677903827,3
11980,1.0004526,0,1.0002112,0.4514978410706144,3
11981,1.0078987,0,0.9989037,0.7456620269799126,3
11986,1.0071785,0,1.0001413,0.46724059323624856,3
11988,0.99991435,0,0.9999871,0.5019175583983694,3
11995,1.003592,0,1.0001786,0.45884624668114893,3
11998,1.001579,0,0.99941057,0.6316276450237348,3
386,0.930885,1,0.9997904,0.5461823155523373,4
1516,0.9459414,1,0.9998112,0.5415024003003728,4
1583,0.9787034,1,1.0002538,0.4419234585780567,4
1733,0.9626852,1,0.99932146,0.6516748464612332,4
2254,0.94398135,1,0.99939525,0.6350738863410841,4
2651,0.9710511,1,1.0003005,0.43141041113524825,4
2761,0.9555302,1,1.0000237,0.4936841258347413,4
2787,0.9771704,1,0.99983686,0.5357229061066859,4
3525,0.9254369,1,0.99994177,0.5121221873575241,4
3606,0.966692,1,0.99925846,0.6658486872100196,4
3615,0.9767755,1,0.9996677,0.5737790650897096,4
3697,0.9711311,1,1.0002944,0.4327781800627565,4
3707,0.94794494,1,0.9997507,0.5551130420790087,4
3752,0.95181936,1,1.0000819,0.48059645452838795,4
3975,0.9600953,1,0.99917823,0.6838978732534127,4
3988,0.95464426,1,1.000313,0.4285944162844959,4
4718,0.9734547,1,0.9997937,0.5454313835921367,4
5042,0.95994496,1,1.0004765,0.39182556923324485,4
5295,0.97932035,1,0.9995937,0.5904336632070158,4
5590,0.97871935,1,0.9993722,0.6402633625660418,4
5658,0.9609814,1,0.99971575,0.5629710086625366,4
6223,0.93077886,1,1.0000924,0.4782363826534717,4
6245,0.9774209,1,0.99986625,0.5291120229570627,4
6390,0.95643896,1,0.999407,0.6324322149810926,4
6416,0.96644676,1,0.9995649,0.5969104513637461,4
6557,0.9124487,1,0.99965894,0.5757502614852361,4
6691,0.9789404,1,0.9999344,0.5137849652693969,4
6710,0.9793104,1,0.99923605,0.6708906589427951,4
6994,0.9545729,1,0.99964803,0.5782041998551775,4
7241,0.9692436,1,1.000117,0.4727116689462816,4
7281,0.95825624,1,0.9996868,0.5694880253171346,4
7521,0.96895427,1,1.0004245,0.4035186526135114,4
7818,0.972611,1,0.9992338,0.6714002199157884,4
7877,0.97975934,1,1.0001321,0.4693056561268002,4
8095,0.9794651,1,1.0000911,0.4785313916378362,4
8249,0.97210604,1,0.99970037,0.566430659479175,4
8339,0.9611673,1,0.9997738,0.5499101563547617,4
8383,0.9742202,1,0.99954736,0.6008528441547993,4
8395,0.9766788,1,1.0002687,0.4385710837557326,4
8713,0.9487972,1,1.0001304,0.4696811221069005,4
8781,0.95500386,1,0.9998862,0.5246198406951484,4
9489,0.9772612,1,0.9998969,0.5222195403223644,4
9742,0.9366498,1,0.99968874,0.5690455118405879,4
10707,0.9763151,1,0.999602,0.5885563333065144,4
10724,0.9461909,1,0.9993454,0.646284227746936,4
10849,0.97789866,1,0.9999599,0.5080456995735779,4
10995,0.9598631,1,0.999661,0.5752809290101107,4
11629,0.96377736,1,0.99991673,0.5177541770590286,4
1,1.0047947,0,0.99948555,0.6147584949177998,4
11,0.9982451,0,0.99946314,0.6198004666505752,4
19,0.99529123,0,0.9999382,0.5129267573148819,4
20,1.0045853,0,0.9994423,0.624493791401829,4
33,0.9947816,0,0.9999022,0.5210260948856169,4
40,1.0055201,0,0.99994177,0.5121221873575241,4
47,1.0049697,0,0.9992311,0.6720036473838067,4
49,0.9990069,0,0.99980944,0.5418912757797624,4
51,1.0003629,0,1.000596,0.36492611365891603,4
53,1.0034416,0,1.0005085,0.3846112586156033,4
55,0.9999033,0,0.99972534,0.5608120792769598,4
57,1.0037955,0,0.9989537,0.7344114570761928,4
62,1.0050837,0,0.9994361,0.625888379327916,4
67,0.99992347,0,0.9992538,0.6668946281545847,4
72,1.0022961,0,1.0001996,0.4541261029313165,4
73,0.9931806,0,1.0001029,0.4758763107785555,4
77,1.0089653,0,1.000302,0.43108858315230514,4
79,1.0003302,0,1.001019,0.26977230670206775,4
94,1.0007186,0,0.9999723,0.5052565237214042,4
101,1.0060248,0,0.9997114,0.5639499021106552,4
105,1.0042175,0,1.0008024,0.3185024271193714,4
108,1.0028675,0,1.000305,0.4303912891892617,4
112,0.9954413,0,0.9996901,0.568737093356934,4
126,1.0047388,0,0.99979633,0.5448413656234077,4
128,1.0053425,0,1.0003676,0.41631131493550033,4
151,1.0006505,0,1.0002472,0.4433985034998793,4
170,1.0012192,0,1.000387,0.4119666371657682,4
173,1.002259,0,0.9996657,0.5742349880655456,4
174,1.0018868,0,0.9999854,0.502306433877759,4
181,1.0070989,0,0.9995038,0.6106551881352751,4
184,1.0001848,0,0.99999696,0.4997049910156355,4
185,0.98423344,0,0.99983734,0.5356156301123716,4
194,1.0029256,0,1.000506,0.38517445758575375,4
195,1.0004915,0,0.99963224,0.581757717166841,4
196,1.0040283,0,1.0009395,0.2876605787539893,4
198,1.0019969,0,1.0005559,0.3739641161799019,4
212,0.9941336,0,1.0002015,0.453696998954059,4
213,1.0084056,0,0.99986094,0.5303054683938102,4
218,1.0016073,0,1.0001647,0.4619572505162657,4
226,0.9985386,0,1.0006654,0.34931745648617485,4
227,1.0052443,0,0.9999473,0.5108751039236195,4
230,1.0022793,0,0.9991846,0.6824630568294581,4
237,1.0042253,0,0.9999429,0.5118674068710274,4
258,1.0082963,0,0.9999587,0.5083138895593639,4
260,1.0045298,0,1.0009105,0.29417759540858746,4
266,1.0058008,0,1.0003222,0.42652935339394427,4
267,0.9852376,0,0.99904287,0.7143508461394051,4
268,0.9983647,0,1.000867,0.3039665298897739,4
272,0.9978949,0,0.99934804,0.6456942097782069,4
278,0.99913454,0,0.9995747,0.5946978839810122,4
283,0.9963276,0,0.9999499,0.5102984954541798,4
284,0.9965038,0,1.0003482,0.42068281170381094,4
286,1.0016788,0,0.9996771,0.5716603642020006,4
287,1.009044,0,1.0001407,0.4673746882291415,4
289,1.0028248,0,0.9997214,0.5616971062300533,4
297,0.9964661,0,0.99878174,0.7730978625258133,4
304,1.000431,0,0.99969184,0.5683482178775445,4
305,1.0005404,0,0.99984854,0.5330946442459839,4
306,0.9934209,0,1.000317,0.42770938933140235,4
310,0.9990074,0,0.9999427,0.5119076353688954,4
316,1.0022022,0,1.0007674,0.32638721270147775,4
324,0.9991977,0,0.99969333,0.568012980395312,4
333,1.0012667,0,0.99996644,0.5065706546517553,4
341,1.0003982,0,0.9998493,0.532920320755223,4
349,1.0052322,0,1.0006044,0.36304878375841443,4
353,1.0029653,0,0.9997491,0.5554616890605305,4
355,1.0050554,0,1.0007918,0.32088931799286613,4
365,0.99904716,0,0.99980503,0.5428835787271703,4
369,1.0015861,0,1.000548,0.375734170086089,4
371,1.0014545,0,1.0003198,0.4270657333655161,4
374,1.0045848,0,1.0000623,0.48499477029527716,4
375,0.9994909,0,0.99989015,0.5237348137420549,4
396,1.005911,0,1.0000188,0.4947837047764636,4
398,0.999511,0,0.9997104,0.5641778635985732,4
402,0.9962459,0,0.99975234,0.5547375760989084,4
403,1.0030602,0,0.9999762,0.5043714967683106,4
412,0.98656094,0,1.0002722,0.4377933327969533,4
420,1.008361,0,0.99948734,0.6143562099391209,4
428,1.0076871,0,0.9990106,0.7216053852549146,4
429,0.9983022,0,0.99961627,0.5853514629763725,4
437,1.0058438,0,1.0003448,0.42146056266259013,4
438,1.0009079,0,0.99957615,0.5943760559980691,4
442,1.0014255,0,0.9997226,0.5614289162442674,4
445,1.0005013,0,0.99961084,0.5865717274116984,4
454,1.0030441,0,0.9995095,0.6093678762035026,4
455,1.0043076,0,1.0002594,0.44066296564486285,4
456,0.99829215,0,1.0000427,0.48941990506074506,4
457,1.0049062,0,1.0000775,0.4815887574757959,4
458,1.0096195,0,1.0000044,0.49802880360447344,4
463,0.9993501,0,0.99974734,0.5558639740392094,4
479,1.0048537,0,0.99982435,0.5385389009574382,4
482,0.9810142,0,1.0004314,0.401963150695953,4
484,1.0058215,0,0.99920315,0.6782927025504868,4
492,1.0009065,0,1.0004524,0.3972430069461206,4
497,1.0055662,0,0.9997881,0.5466918765253306,4
502,1.0007169,0,1.0000015,0.49867245957035966,4
526,1.0054396,0,0.9989261,0.7406200552471371,4
528,1.0062447,0,1.0001315,0.46943975111969316,4
533,0.99878573,0,0.9993647,0.6419529594764932,4
536,1.0016061,0,1.000206,0.4526778770080725,4
540,1.0014526,0,1.0005404,0.37745058599511894,4
547,1.0049707,0,1.0005144,0.38329712768525226,4
552,0.9969541,0,1.0000848,0.4799527985625017,4
555,0.99488825,0,1.0002655,0.4392951967173546,4
558,1.0021738,0,0.9998853,0.5248209831844879,4
562,1.0004058,0,0.9999482,0.5106739614342801,4
567,1.00392,0,1.0000992,0.4767076997344919,4
581,1.005136,0,1.0009735,0.2800171641590903,4
582,1.0014372,0,1.0013382,0.19795102850859547,4
584,0.9997558,0,0.99946636,0.6190763536889532,4
594,0.99606186,0,0.99963075,0.5820929546490734,4
599,0.99780095,0,1.0006989,0.3417813178855902,4
605,0.99519163,0,0.9999334,0.5139995172580256,4
618,0.99997133,0,1.0002975,0.43208088609971307,4
626,1.0009342,0,1.0011126,0.24871939281787214,4
629,0.9984821,0,1.0000013,0.49872609756751685,4
633,1.0014473,0,0.99993354,0.513972698259447,4
636,1.0010641,0,1.0007614,0.3277281626304074,4
646,0.9991921,0,0.9997954,0.5450559176120364,4
650,1.0009812,0,0.9997216,0.5616568777321855,4
651,1.0027618,0,0.9994369,0.6257006463378658,4
654,1.0012733,0,0.9994959,0.6124252420414622,4
657,1.004746,0,1.0000829,0.4803819025397592,4
661,1.0091892,0,1.0003113,0.4289967012631748,4
664,0.9966396,0,0.9993984,0.6343631828787513,4
665,1.0055164,0,0.9998973,0.5221256738273392,4
667,1.0039605,0,1.0000223,0.4940059538176844,4
671,0.99883145,0,0.99976355,0.5522165902325207,4
676,1.0067384,0,1.0002677,0.43878563574436136,4
678,1.0050696,0,1.0004833,0.39029688631426507,4
680,1.0045601,0,0.9999794,0.503660793305978,4
687,0.9996821,0,1.0001559,0.46394185641108165,4
696,1.000965,0,0.9997789,0.5487569394158822,4
697,0.9994838,0,1.0000271,0.4929331938745407,4
700,1.0019587,0,0.9999686,0.5060879126773405,4
702,1.0015392,0,1.0003321,0.42430337651192107,4
703,0.9973654,0,1.0010705,0.2581864993161155,4
705,1.0033259,0,0.9994475,0.623313755464371,4
711,1.0011797,0,0.9998134,0.5410062488266688,4
713,0.99702424,0,0.9997881,0.5466918765253306,4
718,1.0077997,0,0.99965113,0.577506905892134,4
730,0.9947439,0,0.99926466,0.6644540992839327,4
738,1.0007668,0,0.9997899,0.5462895915466517,4
742,0.9993466,0,0.9998666,0.5290315659613269,4
753,0.9990617,0,0.9997935,0.5454716120900045,4
754,0.99917156,0,1.0004497,0.3978598439134283,4
765,0.9879726,0,1.0000081,0.49719741464853706,4
766,1.001082,0,0.99987704,0.5266849035857002,4
768,1.0032407,0,0.9995535,0.5994716657280017,4
771,0.99772924,0,1.0010291,0.2674926918228874,4
777,1.000445,0,1.0000597,0.4855847882640062,4
780,1.0016708,0,1.0004175,0.40510097352964836,4
783,1.0004557,0,1.0009841,0.27763027328559553,4
787,1.0011934,0,0.9999053,0.5203288009225735,4
793,1.0024906,0,0.99985886,0.5307748008689356,4
798,1.0012938,0,1.000059,0.48574570225547775,4
804,1.0000867,0,1.0005451,0.37637782605197523,4
821,1.0052487,0,0.9998123,0.5412476198138761,4
822,1.0004714,0,0.999995,0.5001475044921823,4
839,1.0041014,0,0.99993867,0.5128194813205675,4
842,1.0014613,0,0.99979407,0.5453509265964009,4
847,1.0022923,0,0.9998759,0.5269396840721967,4
851,1.0018827,0,1.000011,0.49655375868265084,4
855,1.0025716,0,1.0004426,0.3994421648295653,4
863,0.9994147,0,1.0003622,0.4175449888701156,4
878,0.9995041,0,1.0000366,0.4907876739882533,4
880,1.0062534,0,1.0002412,0.44476627242738753,4
884,1.0001038,0,0.9997043,0.5655456325260815,4
885,1.0050772,0,1.0003264,0.4255906884436935,4
888,0.9943001,0,1.0011991,0.2292487998498136,4
893,0.9964796,0,0.99956673,0.5964947568857779,4
894,0.99999726,0,1.0000583,0.4859066162469493,4
914,1.0041282,0,1.0006533,0.3520529943411913,4
917,1.0050914,0,0.99929595,0.657414112157052,4
921,1.0037607,0,0.9995832,0.5927937350819321,4
922,0.99968904,0,0.999664,0.5746104540456459,4
938,1.0051701,0,1.0005202,0.3819829967549012,4
940,1.0046008,0,1.0003402,0.42247968460857677,4
941,1.0055965,0,1.0014261,0.17818542655617242,4
942,1.0027655,0,1.0002917,0.4333950170300641,4
944,0.9950235,0,0.99972016,0.5619787057151286,4
945,0.99615073,0,0.9992834,0.6602435165070937,4
952,1.02024,0,0.9996324,0.5817174886689731,4
953,1.0036299,0,0.99979657,0.5447877276262505,4
954,1.0080332,0,1.0000583,0.4859066162469493,4
955,1.0013676,0,1.0000151,0.4956150937324,4
957,1.0028828,0,0.9999759,0.5044385442647572,4
963,1.0002975,0,1.0002322,0.4467776973207821,4
970,1.0034955,0,1.0005485,0.37562689409177463,4
982,0.9801554,0,0.9997034,0.5657467750154209,4
999,1.003744,0,1.0008273,0.3128972564164454,4
1008,1.0035516,0,1.0004729,0.39263013919060263,4
1017,1.0079869,0,0.99963874,0.5802960817443077,4
1022,0.9971359,0,1.0001166,0.47279212594201736,4
1032,1.0059568,0,0.99986476,0.5294472604392952,4
1039,0.99857754,0,1.0007007,0.3413790329069113,4
1047,0.9847672,0,0.99981725,0.5401346313728645,4
1048,1.0042666,0,1.0004731,0.39257650119344545,4
1067,1.0001676,0,1.000153,0.4646123313755465,4
1070,1.0071373,0,0.9999666,0.5065304261538874,4
1078,0.998462,0,1.0000694,0.4834124493791402,4
1083,0.99692684,0,1.0003206,0.42690481937404456,4
1105,0.9965205,0,1.0005865,0.36707163354520345,4
1106,1.0022315,0,1.0001254,0.4708075200472014,4
1109,0.9957294,0,1.0002372,0.4456512993804811,4
1112,1.0019706,0,0.99952614,0.6056266259017888,4
1115,1.0036935,0,0.9997273,0.5603695658004131,4
1124,1.0037395,0,1.0000788,0.48129374849143136,4
1125,1.0055159,0,0.9996545,0.5767559739319335,4
1129,1.001682,0,1.0005339,0.37889881191836294,4
1143,1.0037894,0,0.9999077,0.5197924209510016,4
1150,0.9997469,0,1.0001564,0.4638345804167673,4
1152,1.0016068,0,0.99976134,0.5527127417062248,4
1153,1.0025632,0,1.0008498,0.30782846568509137,4
1154,1.0046184,0,1.0002753,0.4370960388339099,4
1169,0.9995657,0,1.0003383,0.42290878858583425,4
1176,1.0005343,0,1.0002488,0.4430498565183576,4
1196,0.9998138,0,1.0000389,0.49027811301526003,4
1205,1.0037373,0,1.0000869,0.47947005658808695,4
1212,1.0035968,0,1.0001057,0.4752326548126693,4
1219,1.0047679,0,0.99982685,0.5379757019872877,4
1220,1.0017078,0,0.99960357,0.5882076863249927,4
1222,1.0025406,0,0.999285,0.6598814600262826,4
1228,0.9985486,0,1.0001713,0.4604822055944431,4
1233,0.998784,0,1.0001583,0.4634054764395098,4
1253,1.0002756,0,0.99993366,0.5139458792608684,4
1262,0.998193,0,0.9991403,0.6924263148014054,4
1265,0.9978359,0,0.9991943,0.6802773084453027,4
1266,1.0045062,0,1.0008891,0.29900501515273414,4
1267,1.0048447,0,0.9997454,0.5562930780164669,4
1273,1.0000904,0,0.9996748,0.5721833346742833,4
1274,1.0037448,0,0.9995393,0.6026631265588542,4
1281,1.0016617,0,0.9996464,0.5785662563359883,4
1285,0.9996289,0,1.0003597,0.41810818784026604,4
1290,0.99638397,0,0.99914867,0.6905489849009038,4
1298,1.0008142,0,1.0000757,0.48199104245447477,4
1299,1.0012808,0,0.9999663,0.5065974736503339,4
1302,0.99940705,0,0.9994726,0.6176683562635772,4
1306,1.0030489,0,1.000656,0.3514361573738837,4
1307,1.0042473,0,1.0002153,0.45058599511894226,4
1310,1.0048665,0,0.9999618,0.5076165955963204,4
1311,1.00536,0,0.9999723,0.5052565237214042,4
1314,1.002505,0,1.000192,0.45581569984176795,4
1315,1.0009882,0,1.0002708,0.43808834178131784,4
1318,0.9983369,0,0.9997057,0.5652372140424277,4
1323,1.0037091,0,1.0005891,0.3664816155764744,4
1334,0.99837995,0,0.99960274,0.5883954193150428,4
1343,1.0021467,0,1.0005724,0.3702362753774774,4
1345,0.99820757,0,1.0000713,0.4829833454018827,4
1346,1.0012839,0,1.0001992,0.4542065599270523,4
1348,1.0024132,0,1.0003295,0.4248933944806501,4
1350,0.9997056,0,1.000663,0.3498538364577467,4
1368,1.002258,0,1.0000987,0.47681497572880627,4
1374,0.99968827,0,1.00025,0.44278166653257167,4
1378,0.9869102,0,0.9991707,0.685587470163864,4
1392,0.9979557,0,1.0003506,0.4201464317322391,4
1393,1.0051507,0,1.000265,0.439402472711669,4
1394,0.99693227,0,0.9998729,0.5276101590366615,4
1395,1.0022545,0,1.0003718,0.4153726499852496,4
1403,1.0034262,0,0.9999117,0.5188805749993295,4
1422,0.9964295,0,0.9998171,0.5401748598707324,4
1424,0.99533004,0,0.9989522,0.7347466945584251,4
1426,1.0071992,0,1.0001352,0.4686083621637568,4
1427,0.9971076,0,1.0002999,0.4315445061281412,4
1429,0.99839836,0,1.0003272,0.42540295545364337,4
1430,1.0045744,0,1.000453,0.3971089119532276,4
1432,0.9978555,0,0.9996119,0.586330356424491,4
1434,1.000606,0,1.0002936,0.43296591305280663,4
1441,0.9986456,0,1.0006169,0.3602327889076622,4
1446,1.0028287,0,1.0004872,0.3894118593611715,4
1447,0.99803764,0,1.0002766,0.4368010298495454,4
1448,0.9990464,0,1.0001831,0.4578271247351624,4
1450,1.0012468,0,0.99922794,0.6727143508461394,4
1451,1.0036204,0,1.000517,0.3827071097165232,4
1454,0.99928594,0,1.0002279,0.44774318126961143,4
1457,1.002172,0,1.0005198,0.3820902727492156,4
1461,0.9955863,0,1.0004128,0.4061469144742136,4
1462,0.99933964,0,1.0000428,0.48939308606216647,4
1463,0.9969348,0,1.0001365,0.46831335317939227,4
1464,0.99759686,0,0.99985796,0.530975943358275,4
1467,1.0009207,0,1.0001578,0.46351275243382417,4
1470,1.0003412,0,1.0003253,0.42583205943090086,4
1473,0.99467134,0,1.0011867,0.23203797570198725,4
1479,0.99586195,0,1.0006564,0.3513557003781479,4
1492,1.0034214,0,0.99966663,0.5740204360769169,4
1493,0.99914473,0,1.0005977,0.3645506476788156,4
1494,1.0042343,0,1.0000043,0.49805562260305203,4
1511,1.0028043,0,0.9999209,0.5168155121087779,4
1512,1.00426,0,1.0000322,0.4917799769356612,4
1528,1.0063236,0,0.99995667,0.5087698125351999,4
1536,1.0041018,0,1.0004233,0.4037868425992973,4
1548,1.0050429,0,0.99969727,0.5671279534422184,4
1555,0.99839026,0,1.0009048,0.2954649073403599,4
1570,1.00025,0,0.9995914,0.5909432241800091,4
1581,0.99489707,0,1.0003469,0.42097782068817546,4
1582,0.9953634,0,1.0004265,0.4030627296376753,4
1584,0.98569405,0,1.0003518,0.41987824174645316,4
1587,1.0075363,0,1.000097,0.47719044170890657,4
1591,1.000587,0,0.9999201,0.5169898355995387,4
1594,1.0002904,0,1.0008268,0.31300453241075976,4
1618,1.0025747,0,1.0002185,0.44986188215732026,4
1624,1.0033789,0,1.0006696,0.3483787915359241,4
1638,0.99969816,0,0.9998036,0.5432054067101135,4
1639,1.0023693,0,1.0005304,0.3797033818757207,4
1660,0.99325156,0,0.999878,0.5264703515970713,4
1663,1.0014533,0,1.0006641,0.34961246547053937,4
1666,0.9865573,0,1.0002217,0.44913776919569826,4
1669,1.0018784,0,0.99958116,0.5932496580577682,4
1674,1.0023323,0,1.0001616,0.4626545444793091,4
1677,1.0026067,0,1.0007973,0.31965564405825087,4
1679,1.0021852,0,1.00082,0.31453321532973955,4
1686,1.0001377,0,1.0006226,0.35894547697588974,4
1689,1.0017854,0,0.9998682,0.528669509480516,4
1690,1.0060742,0,0.9995038,0.6106551881352751,4
1692,1.0053604,0,1.0002147,0.4507200901118352,4
1695,1.0061479,0,1.0007377,0.33306514334754744,4
1696,1.0004913,0,1.0001488,0.4655509963257972,4
1699,1.0029124,0,0.9999514,0.509949848472658,4
1701,1.0041212,0,1.0001311,0.46952020811542894,4
1708,0.9968096,0,1.0001775,0.45908761766835626,4
1721,0.99857104,0,1.0001652,0.4618499745219513,4
1723,1.0010892,0,1.0004016,0.4086679003406013,4
1724,1.0003606,0,1.0002027,0.4534288089682731,4
1732,0.999052,0,1.0001459,0.46619465229168344,4
1741,1.006588,0,1.0009636,0.2822431410411135,4
1746,0.99941194,0,0.99962276,0.5838898275538391,4
1747,0.9998654,0,1.0002929,0.4331268270442782,4
1753,1.003688,0,1.0006508,0.35261619331134175,4
1755,1.0028342,0,0.9995218,0.6066055193499075,4
1758,1.00225,0,1.0004351,0.40113176174001663,4
1766,1.0007479,0,1.00074,0.3325287633759756,4
1769,1.000897,0,0.9999185,0.5173518920803497,4
1777,1.0040401,0,0.9997505,0.5551532705768767,4
1779,1.0001733,0,1.0000639,0.48464612331375545,4
1795,1.0014775,0,0.9996273,0.5828707056078526,4
1798,0.999539,0,1.0005987,0.3643360956901869,4
1805,0.99799955,0,0.99996334,0.5072679486147987,4
1806,0.9950508,0,1.000547,0.37594872207471774,4
1812,0.9998549,0,0.9996826,0.5704266902673854,4
1815,1.0013796,0,0.9993909,0.6360527797892026,4
1823,0.99852854,0,1.0013615,0.1927213237857699,4
1836,1.0030656,0,1.0001612,0.46276182047362346,4
1839,0.9879325,0,0.999501,0.6112854346018719,4
1842,1.0028062,0,0.9995792,0.5936921715343149,4
1847,1.0013576,0,0.99891514,0.7430874031163677,4
1851,1.0029675,0,1.0002466,0.44353259849277227,4
1862,0.99880797,0,0.9999476,0.5108080564271731,4
1864,1.0031552,0,0.99964714,0.5784053423445168,4
1870,1.0048008,0,1.0006541,0.35186526135114116,4
1878,0.9982703,0,1.0002733,0.4375251428111674,4
1879,1.0029,0,1.0010117,0.2714082656153619,4
1883,0.99963444,0,1.0008786,0.3013650870276504,4
1884,0.9965792,0,0.9999469,0.5109689704186446,4
1892,1.0098833,0,0.9998311,0.5370236275377478,4
1893,0.9968593,0,1.0006077,0.36229785179821383,4
1894,1.00299,0,0.9994957,0.6124788800386194,4
1897,0.99998266,0,0.99982136,0.5392093759219031,4
1908,0.99755394,0,0.99969155,0.5684152653739909,4
1913,0.9999117,0,1.0000553,0.4865770912114141,4
1917,1.0042421,0,0.9993226,0.6514200659747365,4
1921,1.0047883,0,0.9997328,0.5591358918657977,4
1922,1.0003934,0,1.0008339,0.3114222114946228,4
1932,0.9997318,0,0.99980897,0.5419985517740767,4
1933,1.0035714,0,1.0003223,0.4265025343953657,4
1938,0.99881643,0,1.000315,0.4281653123072384,4
1952,1.0036634,0,0.99969876,0.566792715959986,4
1957,0.99944335,0,0.99939644,0.6348056963552982,4
1963,0.99698514,0,0.9995035,0.6107222356317215,4
1967,1.0057806,0,1.0002847,0.4349773379462011,4
1973,1.0005242,0,1.0003779,0.41400488105774136,4
1975,0.9952276,0,1.0002071,0.45243650602086516,4
1977,0.99458265,0,1.0003625,0.4174645318743798,4
1981,1.0003844,0,0.99929947,0.6566229516989835,4
1985,1.0046871,0,1.0007925,0.3207284040013946,4
1986,1.0027022,0,1.0001043,0.4755544827956124,4
1991,0.99789333,0,1.0011351,0.24365060208651812,4
1992,0.9997686,0,0.9994611,0.6202563896264113,4
1993,1.0012015,0,0.9998613,0.5302250113980744,4
1997,1.0020009,0,0.99954385,0.6016440046128677,4
2003,1.0078337,0,0.9999023,0.5209992758870383,4
2006,1.0016979,0,1.0002332,0.44656314533215324,4
2010,1.0024638,0,0.9997842,0.5475769034784241,4
2015,0.99238956,0,0.9994904,0.6136723254753668,4
2017,1.0004382,0,1.0010192,0.26971866870491057,4
2018,0.9998586,0,0.9997234,0.5612545927535066,4
2021,1.0020574,0,0.99971235,0.5637353501220265,4
2027,1.0009906,0,1.0005745,0.3697803524016413,4
2031,0.99863297,0,0.99919605,0.6798884329659131,4
2035,0.99619365,0,1.0001158,0.4729798589320675,4
2039,1.0067418,0,1.0004005,0.40890927132780863,4
2041,1.003269,0,0.9994162,0.630367152090541,4
2043,1.0034046,0,0.9999631,0.5073215866119559,4
2046,0.99907714,0,0.9998357,0.5359776865931827,4
2055,1.0023636,0,0.99957556,0.594510150990962,4
2066,0.9959577,0,0.99951386,0.6083889827553839,4
2085,0.99885637,0,1.0004195,0.4046450505538123,4
2086,1.0043517,0,0.99964666,0.5785126183388312,4
2088,1.0089499,0,1.0002072,0.45240968702228657,4
2091,1.0000614,0,1.000034,0.49137769195698233,4
2093,1.0064298,0,1.0002258,0.4482259232440261,4
2101,1.0069128,0,0.99945694,0.6211950545766621,4
2108,1.0040724,0,0.99992895,0.5150052297047228,4
2110,0.98270404,0,0.99943167,0.6268806822753239,4
2117,1.0059253,0,1.000168,0.4612331375546437,4
2125,1.0004189,0,1.0010298,0.2673317778314158,4
2130,1.00085,0,0.9998428,0.5343819561777563,4
2134,0.99913925,0,0.9996935,0.5679727518974442,4
2143,1.000363,0,1.0003742,0.41483627001367773,4
2145,1.0043348,0,1.0000032,0.49829699359025936,4
2150,0.99712557,0,1.000012,0.4963123876954435,4
2152,1.0072035,0,1.0005949,0.36519430364470196,4
2155,0.99656045,0,1.0000979,0.4770027087188564,4
2157,1.0054257,0,0.99907106,0.708008152975568,4
2159,1.0033996,0,0.9996043,0.588046772333521,4
2160,0.9902624,0,0.9999191,0.5172177970874567,4
2163,1.001635,0,0.9996442,0.5790624078096924,4
2167,1.0030737,0,0.99998677,0.5019980153941052,4
2176,1.0012124,0,0.99940807,0.6321908439938853,4
2179,1.0033092,0,1.0000026,0.4984310885831523,4
2182,0.9986431,0,1.0001068,0.47499128382546196,4
2184,1.002253,0,1.0004183,0.4049132405395982,4
2185,1.0033785,0,1.0002469,0.4434789604956151,4
2194,0.99985063,0,0.99989206,0.5233057097647974,4
2199,1.0018008,0,1.0005196,0.3821170917477942,4
2203,1.0000253,0,1.0005,0.386542226513262,4
2209,1.0025637,0,0.99990684,0.5199801539410518,4
2213,1.0022362,0,0.99973506,0.5586263308928044,4
2216,1.0001501,0,0.9999768,0.5042374017754176,4
2218,0.99562013,0,0.9997024,0.565974736503339,4
2227,1.0031402,0,0.9994373,0.62562018934213,4
2228,0.99928665,0,1.0005034,0.3857644755544828,4
2242,1.0044699,0,0.999847,0.5334432912275056,4
2249,0.9938449,0,0.99958795,0.5917209751387883,4
2258,1.001154,0,0.99998957,0.5013677689275082,4
2263,1.0000604,0,0.99958163,0.5931423820634538,4
2275,1.004925,0,0.9994058,0.6327004049668785,4
2283,1.0031039,0,1.0002887,0.43406549199452893,4
2288,0.99689573,0,1.0000589,0.48577252125405634,4
2317,0.9994804,0,1.0004016,0.4086679003406013,4
2318,1.0066155,0,1.0000142,0.4958296457210287,4
2319,1.0017096,0,0.9997697,0.5508354118057232,4
2328,0.99999315,0,0.9996533,0.5770241639177194,4
2329,0.99932635,0,1.0000023,0.4985115455788881,4
2331,1.0015665,0,0.99962217,0.5840239225467321,4
2334,1.0013691,0,0.99976385,0.5521495427360743,4
2338,0.9942696,0,1.0001442,0.46657011827178374,4
2339,0.9993218,0,1.0005083,0.3846648966127605,4
2341,0.99976104,0,1.0011221,0.24657387293158473,4
2360,1.0031768,0,0.9999637,0.507187491619063,4
2375,0.99894667,0,1.0006003,0.3639606297100866,4
2377,1.0032358,0,1.0006099,0.36181510982379916,4
2382,0.99758434,0,0.9998893,0.523922546732105,4
2384,1.0068294,0,0.99964637,0.5785796658352778,4
2386,1.000553,0,0.9993123,0.6537399093517848,4
2394,1.0022392,0,0.9998277,0.5377879689972376,4
2397,0.9879437,0,1.0003029,0.4308740311636764,4
2403,1.0018352,0,1.0007182,0.33743664011585806,4
2407,1.0022645,0,0.9998444,0.5340333091962346,4
2410,0.99925536,0,0.99911505,0.698111942500067,4
2413,1.0048275,0,0.9999438,0.511666264381688,4
2439,1.003629,0,1.0005038,0.385684018558747,4
2442,0.9840681,0,1.0002007,0.4538579129455306,4
2444,1.0022322,0,0.99970216,0.5660283745004961,4
2448,1.0026025,0,1.0008705,0.3031887789309947,4
2453,0.9972324,0,1.0002639,0.4396438436988763,4
2454,0.99810237,0,1.0004238,0.40367956660498294,4
2456,1.0015155,0,1.0000104,0.4966878536755438,4
2473,1.000507,0,1.0008054,0.31783195215490656,4
2476,1.0028375,0,0.9988285,0.7625848150830048,4
2486,1.0034902,0,1.0000029,0.49837745058599514,4
2488,1.0005256,0,1.0004601,0.39549977203851205,4
2494,1.0035688,0,1.0004151,0.4056373535012202,4
2499,1.0026442,0,0.99985236,0.5322364362914689,4
2508,0.984577,0,0.9999614,0.5077104620913455,4
2509,1.0046365,0,0.9998498,0.5328130447609086,4
2510,1.0026057,0,0.9997992,0.5441977096575215,4
2525,0.99980944,0,1.0007106,0.339153056024888,4
2526,0.99858105,0,0.9990106,0.7216053852549146,4
2549,1.0044881,0,1.0000334,0.4915117869498753,4
2552,1.0045654,0,1.0008056,0.3177783141577494,4
2557,1.0069565,0,1.0004413,0.3997371738139298,4
2560,1.005494,0,0.9997532,0.5545498431088582,4
2565,1.003643,0,0.9999787,0.5038082977981602,4
2567,1.0011469,0,1.0001781,0.4589535226754633,4
2575,0.9850176,0,0.9998115,0.5414353528039263,4
2584,1.0039,0,0.999804,0.5431115402150883,4
2586,1.0011666,0,1.0002383,0.44540992839327376,4
2587,0.99665284,0,0.9998777,0.5265373990935178,4
2605,1.0020462,0,0.9993828,0.637876471692547,4
2614,1.0069015,0,1.0004965,0.38731997747204117,4
2618,0.99799144,0,0.999257,0.6661705151929627,4
2623,0.9984986,0,0.99997157,0.5054174377128757,4
2626,0.9982938,0,0.99947625,0.61685037680693,4
2634,0.9954212,0,1.0008432,0.30933032960549256,4
2636,1.0041592,0,0.99964213,0.5795317402848177,4
2641,1.0003296,0,1.0004178,0.4050205165339126,4
2652,1.006496,0,1.0002931,0.433073189047121,4
2655,1.0010293,0,0.9993555,0.6440180223670449,4
2659,1.0059453,0,1.0003934,0.4105184112425242,4
2663,0.99860555,0,1.0001675,0.46134041354895805,4
2667,1.0044576,0,1.0005987,0.3643360956901869,4
2693,1.0023664,0,1.0002337,0.4464558693378389,4
2694,1.0031184,0,0.99988896,0.5240030037278408,4
2701,0.9866314,0,1.0005846,0.36750073752246093,4
2704,1.0058527,0,0.9990936,0.7029393622442138,4
2706,1.0022963,0,0.9999302,0.5147236302196476,4
2710,1.0049686,0,0.9996958,0.5674631909244509,4
2716,0.99880093,0,0.9995607,0.5978491163139968,4
2718,0.9986729,0,1.000315,0.4281653123072384,4
2724,1.0007094,0,0.9994325,0.6266929492852737,4
2726,0.9999305,0,1.0000525,0.48722074717730035,4
2732,1.007981,0,1.0007712,0.3255290047469628,4
2746,1.005998,0,0.9994728,0.6176281277657092,4
2747,0.99214524,0,0.9998089,0.542011961273366,4
2755,1.0007682,0,0.9993916,0.635891865797731,4
2757,1.0044178,0,1.000448,0.3982353098935286,4
2762,1.0033449,0,0.99999124,0.5009923029474079,4
2763,1.0021441,0,0.9998603,0.5304529728859924,4
2765,0.9978027,0,1.0004115,0.4064419234585781,4
2766,1.0028499,0,0.99994284,0.5118808163703168,4
2768,1.004837,0,1.0000926,0.4781827446563145,4
2769,1.0030468,0,0.9995169,0.6077050982916298,4
2788,1.0082575,0,1.000064,0.48461930431517686,4
2790,1.0024656,0,0.99995196,0.5098291629790543,4
2791,1.0027175,0,1.0007066,0.34006490197656014,4
2793,0.99415845,0,1.0003419,0.42210421862847636,4
2795,1.0029091,0,0.99949974,0.6115670340869472,4
2797,0.9935313,0,0.999548,0.600705339662617,4
2800,1.0064126,0,0.999595,0.5901386542226513,4
2802,1.0002925,0,0.9999799,0.5035401078123742,4
2804,1.0068625,0,1.00008,0.48102555850564543,4
2806,1.0024625,0,1.0001953,0.45509158688014595,4
2808,1.0057474,0,0.9999575,0.5085820795451498,4
2816,1.0028689,0,0.99935585,0.6439375653713091,4
2817,1.0007225,0,0.99961656,0.5852844154799259,4
2819,1.0027945,0,1.0003535,0.41950277576635286,4
2821,0.99729556,0,1.0003202,0.42698527636978034,4
2831,0.99956125,0,1.0001113,0.47397216187947544,4
2846,0.99979055,0,1.0003295,0.4248933944806501,4
2851,1.0008852,0,1.0002973,0.43213452409687025,4
2853,1.0004724,0,0.99964786,0.5782444283530452,4
2856,1.0015985,0,0.99934417,0.6465658272320112,4
2864,0.9960687,0,1.0001029,0.4758763107785555,4
2866,1.0025417,0,0.99952424,0.6060557298790463,4
2873,1.0035018,0,1.000472,0.3928446911792314,4
2874,1.0027183,0,1.0004964,0.38734679647061976,4
2876,1.0020252,0,0.99934274,0.6468876552149543,4
2878,0.9992889,0,0.99959606,0.589897283235444,4
2879,1.0073922,0,1.0012504,0.21771663046101863,4
2884,1.0042586,0,0.99938124,0.6382251186740687,4
2894,1.0007846,0,1.0001177,0.47255075495481,4
2905,1.0036098,0,1.0007929,0.3206479470056588,4
2910,1.006941,0,1.0005832,0.36782256550540404,4
2911,1.0013229,0,0.9999343,0.5137983747686861,4
2918,1.0042679,0,1.0003706,0.4156408399710355,4
2923,1.0032012,0,0.99929994,0.6565156757046692,4
2924,1.0018196,0,1.0000196,0.49462279078499205,4
2940,1.0059551,0,1.0002557,0.4414943546007992,4
2941,1.0018983,0,0.99966145,0.5751870625150857,4
2948,1.0024136,0,1.0000049,0.49792152761015906,4
2949,0.99999547,0,1.0003105,0.42915761525464635,4
2952,1.0016782,0,1.0002813,0.4357282699064017,4
2956,1.003796,0,1.0001594,0.46316410545230247,4
2967,1.003412,0,1.000416,0.40542280151259147,4
2971,1.0034541,0,1.000246,0.44366669348566523,4
2976,1.0077188,0,1.0001442,0.46657011827178374,4
2985,1.0048335,0,0.99943244,0.6267063587845629,4
2986,1.0008134,0,1.0003679,0.41625767693834315,4
2989,1.002916,0,0.99990135,0.5212138278756671,4
2993,1.0009269,0,1.0003923,0.41075978222973153,4
2997,0.9992584,0,1.0000794,0.4811596534985384,4
3001,1.00104,0,0.999001,0.7237643146404913,4
3002,0.9976161,0,0.9997545,0.5542548341244937,4
3004,1.0022259,0,0.9998115,0.5414353528039263,4
3005,1.0034443,0,1.0002037,0.45318743798106575,4
3018,1.0024339,0,0.99941057,0.6316276450237348,4
3020,1.0032717,0,0.99987966,0.526094885616971,4
3021,1.0055144,0,1.0000136,0.4959637407139218,4
3022,0.9986152,0,1.0005399,0.3775578619894333,4
3030,1.0045038,0,1.0003605,0.4179204548502159,4
3032,1.0003159,0,0.99980325,0.5432858637058493,4
3043,0.99721444,0,0.99984413,0.5340869471933918,4
3056,0.99505275,0,0.9998171,0.5401748598707324,4
3060,1.0047145,0,0.9999133,0.5185319280178078,4
3062,1.0037969,0,0.99993736,0.5131144903049321,4
3066,0.9949717,0,0.9996088,0.5870276503875345,4
3067,1.0039701,0,1.0002347,0.44621449835063154,4
3074,1.0018586,0,1.0003833,0.4127980261217046,4
3079,1.0006132,0,0.99998534,0.5023198433770484,4
3082,0.99646175,0,1.0007104,0.3392066940220452,4
3091,0.99639046,0,0.99977136,0.5504599458256229,4
3098,0.9995882,0,0.9989113,0.7439456110708826,4
3101,0.99082035,0,1.0000281,0.4926918228873334,4
3109,1.0028689,0,1.0001532,0.4645586933783893,4
3112,1.003582,0,1.0001029,0.4758763107785555,4
3119,0.99678284,0,1.0001491,0.46547053933006144,4
3124,0.9925543,0,0.9999098,0.519309678976587,4
3135,1.0030484,0,1.0003562,0.41888593879904523,4
3137,1.0018564,0,0.9995862,0.5921098506181779,4
3143,0.9977205,0,0.99949116,0.6134980019846059,4
3151,1.0030622,0,0.99966186,0.5750931960200606,4
3152,1.010017,0,0.9994567,0.6212486925738193,4
3155,0.99228704,0,1.0017283,0.1101992651594389,4
3156,0.9935328,0,0.99984545,0.5337919382090273,4
3158,1.0026797,0,1.0003833,0.4127980261217046,4
3166,1.0005915,0,1.0000604,0.48542387427253464,4
3169,0.9996447,0,1.0002913,0.4334754740257999,4
3172,1.0039537,0,0.999631,0.5820393166519162,4
3178,1.0016278,0,0.9998786,0.5263362566041784,4
3185,0.9998805,0,1.0005149,0.3831898516909379,4
3197,0.9979664,0,0.99995875,0.5083004800600746,4
3200,1.0023932,0,0.99918437,0.6825166948266153,4
3218,1.0008792,0,0.99999934,0.4991686110440636,4
3221,0.99971867,0,1.000085,0.47989916056534454,4
3222,1.0042249,0,0.9998676,0.528803604473409,4
3227,1.0036393,0,0.99980325,0.5432858637058493,4
3241,1.0081315,0,1.0001172,0.4726580309491244,4
3250,1.0021796,0,1.0001441,0.46659693727036233,4
3256,1.0004427,0,1.0005715,0.37045082736610613,4
3262,1.003319,0,0.9999562,0.5088770885295143,4
3264,1.0046414,0,1.0004547,0.3967334459731273,4
3266,0.9986462,0,0.9999111,0.5190146699922225,4
3267,1.0022842,0,1.0001992,0.4542065599270523,4
3270,0.99958223,0,1.000314,0.42837986429586716,4
3271,1.0025527,0,1.0000468,0.4884812401104943,4
3278,1.0025585,0,0.99983186,0.5368493040469868,4
3281,1.0056307,0,0.99966997,0.5732695041167163,4
3284,1.0002998,0,1.0001103,0.4742135328666828,4
3285,1.0027571,0,0.9995181,0.6074369083058438,4
3289,1.0006956,0,1.0004691,0.3934883471451176,4
3291,1.0003581,0,1.0005786,0.36884168745139057,4
3306,0.991827,0,0.9994032,0.6332904229356076,4
3312,1.0038319,0,1.0001837,0.45769302974226944,4
3321,1.0001664,0,1.0008684,0.3036447019068308,4
3323,1.0062858,0,1.0000759,0.4819374044573176,4
3331,1.0005347,0,0.99989265,0.5231716147719044,4
3334,0.9960958,0,1.0004871,0.3894386783597501,4
3336,1.0032389,0,1.0002961,0.4324027140826562,4
3345,1.0008106,0,1.0001717,0.4604017485987073,4
3359,1.000677,0,1.0003194,0.4271730093598305,4
3362,0.9941375,0,1.0004756,0.392013302223295,4
3363,1.0072799,0,0.9997909,0.5460616300587335,4
3368,1.0027074,0,1.0001701,0.460750395580229,4
3370,0.99785966,0,0.9993085,0.6545847078070105,4
3377,1.0022004,0,1.0001229,0.47137071901735195,4
3380,1.0020665,0,0.9995199,0.607034623327165,4
3382,1.0050949,0,1.0008699,0.3033228739238877,4
3384,0.9985648,0,1.000482,0.3905918952986296,4
3385,1.005281,0,0.99987656,0.5267921795800146,4
3387,0.9904058,0,1.0002332,0.44656314533215324,4
3388,1.0036249,0,1.000684,0.3451336927079143,4
3391,1.0043412,0,1.0000154,0.4955614557352428,4
3398,1.004858,0,1.0001563,0.4638613994153459,4
3405,1.0018809,0,0.99988526,0.5248343926837772,4
3410,1.0036541,0,0.9997476,0.5558103360420522,4
3412,0.99181545,0,0.9995745,0.5947515219781694,4
3413,1.0008104,0,0.999448,0.6232064794700566,4
3422,0.9989901,0,1.0002449,0.44393488347145116,4
3428,1.0002655,0,0.99995035,0.5101912194598653,4
3431,1.0052016,0,0.9998598,0.5305602488803067,4
3437,1.0003842,0,0.9996982,0.5669134014535897,4
3440,0.99644965,0,1.0003749,0.4146753560222062,4
3445,1.002942,0,1.0001792,0.45871215168825596,4
3448,0.99883556,0,0.99986094,0.5303054683938102,4
3460,1.002958,0,0.99902064,0.7193525893743128,4
3467,1.0022167,0,0.99970216,0.5660283745004961,4
3475,0.99967206,0,1.0002705,0.4381687987770536,4
3484,0.99955577,0,0.99979335,0.5455118405878725,4
3486,1.00012,0,0.9999463,0.5111030654115376,4
3490,1.0024391,0,1.000394,0.41038431624963123,4
3494,0.99839073,0,1.0008386,0.3103494515514791,4
3503,1.0027508,0,0.99972093,0.5618043822243677,4
3504,1.0038139,0,0.99986416,0.5295813554321882,4
3505,0.9969108,0,1.0001167,0.47276530694343877,4
3509,1.0043176,0,0.99934095,0.6472899401936332,4
3511,1.001216,0,1.0007488,0.3305709764797382,4
3512,1.0046232,0,1.0005158,0.38297529970230915,4
3515,1.0000187,0,0.9999978,0.49951725802558533,4
3523,0.99976397,0,1.0009704,0.2807144581221337,4
3524,1.0014355,0,0.9994706,0.6181242792394133,4
3526,1.0019984,0,1.0000937,0.47794137366910716,4
3528,0.9997403,0,0.9997301,0.559739319333816,4
3532,1.0032712,0,1.000623,0.35886501998015397,4
3537,1.0021147,0,1.0003784,0.4138976050634269,4
3545,0.9966526,0,0.99986345,0.5297422694236598,4
3552,1.0001959,0,1.0003012,0.4312494971437767,4
3553,0.99867064,0,1.000146,0.46616783329310485,4
3566,1.0035919,0,0.99942726,0.6278729852227318,4
3570,1.0001458,0,1.0003086,0.42958671923190384,4
3573,1.0033511,0,1.0000551,0.4866307292085713,4
3578,0.995609,0,0.9999456,0.5112639794030092,4
3584,1.0042557,0,0.9994876,0.6143025719419637,4
3595,1.0022895,0,0.9992957,0.6574677501542092,4
3602,0.9978724,0,1.0004501,0.39775256791911395,4
3604,1.000671,0,0.99970037,0.566430659479175,4
3609,0.9987116,0,1.0001402,0.4674819642234559,4
3612,1.0066288,0,0.999636,0.5809129187116153,4
3617,1.0035646,0,0.9996028,0.5883820098157535,4
3621,0.99906254,0,1.0001267,0.47051251106283687,4
3622,1.0014199,0,1.0001597,0.4630836484565666,4
3636,1.0024832,0,0.999919,0.5172446160860353,4
3642,1.0042585,0,1.0010779,0.25652372140424273,4
3645,0.99563485,0,0.9993149,0.6531498913830558,4
3646,0.99822545,0,1.000462,0.39507066806125457,4
3648,1.0013509,0,0.998988,0.7267009949848473,4
3654,0.99658555,0,0.9995454,0.601295357631346,4
3658,1.006984,0,1.0010897,0.25386864054496205,4
3661,0.99894035,0,0.999804,0.5431115402150883,4
3672,1.007401,0,0.99996006,0.50800547107571,4
3675,1.0023278,0,0.99984854,0.5330946442459839,4
3677,1.002981,0,1.0003947,0.4102234022581597,4
3685,1.000137,0,0.9998521,0.5322900742886261,4
3690,0.99770635,0,0.9996265,0.5830450290986134,4
3698,1.0070188,0,1.0001441,0.46659693727036233,4
3710,0.9945701,0,0.9998428,0.5343819561777563,4
3714,0.99521416,0,0.99993235,0.514240888245233,4
3715,1.0011826,0,1.0004184,0.4048864215410196,4
3724,1.0023055,0,0.99982727,0.5378818354922628,4
3736,1.0028518,0,1.000695,0.34266634483868375,4
3739,1.0007787,0,0.998885,0.7498726097567516,4
3740,1.0003917,0,0.9995292,0.6049427414380347,4
3746,0.99852794,0,1.0001912,0.4560034328318181,4
3753,1.0007126,0,1.0004832,0.39032370531284366,4
3758,1.0042439,0,1.000096,0.4774318126961139,4
3759,0.9978104,0,1.000741,0.33231421138734685,4
3761,0.9950212,0,1.000434,0.40137313272722397,4
3763,0.99589,0,0.9998509,0.532558264274412,4
3776,0.9994848,0,0.9997917,0.5458873065679728,4
3804,0.98537284,0,0.9998281,0.5376941025022126,4
3813,1.0051737,0,0.99989563,0.5225011398074395,4
3825,1.0077213,0,1.0002316,0.44691179231367506,4
3826,1.0025563,0,1.0000055,0.4977874326172661,4
3840,1.0080177,0,0.99968356,0.5702121382787566,4
3842,1.001335,0,1.0006026,0.3634510687370933,4
3845,1.0005505,0,1.0004566,0.39630434199586984,4
3849,1.0028772,0,1.0003085,0.42961353823048243,4
3850,1.0049249,0,1.000008,0.49722423364711565,4
3858,1.0061927,0,0.99997145,0.5054442567114543,4
3861,0.9967095,0,0.99984854,0.5330946442459839,4
3863,1.0023255,0,1.0000862,0.4796309705795586,4
3865,0.9976196,0,0.9997446,0.556480811006517,4
3867,0.99737865,0,1.0001372,0.4681524391879207,4
3869,0.99622613,0,1.0001544,0.46429050339260336,4
3872,1.0009259,0,1.0006317,0.3569072330839167,4
3879,1.0025523,0,0.9993594,0.6431329954139513,4
3880,0.99954146,0,1.0000029,0.49837745058599514,4
3885,1.0065401,0,0.99969727,0.5671279534422184,4
3902,0.9971197,0,1.0003842,0.41258347413307583,4
3903,1.003978,0,0.9994293,0.6274170622468958,4
3910,1.0107812,0,0.9999618,0.5076165955963204,4
3913,1.0008324,0,0.9991159,0.6979242095100169,4
3915,0.9994562,0,0.9993325,0.6491940890927133,4
3921,0.9983719,0,1.0003935,0.4104915922439456,4
3922,1.0039285,0,1.0001018,0.47611768176576286,4
3923,1.0053967,0,1.0002217,0.44913776919569826,4
3924,1.001686,0,0.9998848,0.5249416686780916,4
3927,0.99978405,0,1.0011643,0.2370799474347628,4
3934,0.9984384,0,0.99910265,0.7009011183522407,4
3939,0.9987473,0,1.0000383,0.490412208008153,4
3941,1.0064741,0,1.0006362,0.35588811113793006,4
3942,1.0000931,0,0.9995889,0.5915064231501596,4
3944,1.0030018,0,1.000233,0.44658996433073184,4
3950,1.0029334,0,1.0001124,0.4737307908922681,4
3952,1.0004705,0,0.9994616,0.6201491136320969,4
3956,1.0044065,0,0.9994219,0.6290798401587685,4
3957,1.0027508,0,0.9994664,0.619062944189664,4
3979,1.0014503,0,1.0001805,0.45841714270389144,4
3983,1.000954,0,1.0005219,0.3816075307748009,4
3993,1.0048202,0,0.9993501,0.6452382868023707,4
3995,1.000075,0,0.9997125,0.5636951216241586,4
4005,1.0016303,0,0.99974716,0.5559042025370773,4
4007,0.9998397,0,1.0001076,0.4748035508354118,4
4011,0.99976426,0,0.9991928,0.6806259554268244,4
4013,1.005344,0,1.0001568,0.4637541234210315,4
4017,1.0006213,0,0.99905795,0.7109582428192132,4
4021,1.0007977,0,0.99974966,0.5553410035669268,4
4022,1.003924,0,1.0005081,0.3847185346099177,4
4031,1.0019895,0,1.0000477,0.48829350712044417,4
4034,0.99022,0,0.9990673,0.7088529514307935,4
4036,1.0044833,0,0.99969214,0.5682811703810979,4
4041,0.99861187,0,0.9998565,0.5313111808405074,4
4047,1.001181,0,0.9997218,0.5616032397350283,4
4060,0.9988165,0,1.0004252,0.40335773862203983,4
4062,1.0048087,0,1.0006955,0.3425590688443694,4
4063,1.003325,0,1.0002778,0.43653283986375946,4
4068,1.0041754,0,0.9998345,0.5362592860782578,4
4069,0.99669904,0,1.0001019,0.47609086276718426,4
4076,1.0092045,0,0.99940854,0.6320835679995709,4
4079,0.9995382,0,0.9991181,0.6974280580363129,4
4093,1.0005023,0,0.9998462,0.5336176147182664,4
4095,1.0022314,0,1.00002,0.4945155147906777,4
4100,1.003831,0,0.99959075,0.5910907286721914,4
4101,1.001449,0,1.0004073,0.40738058840882885,4
4102,0.9972806,0,1.000387,0.4119666371657682,4
4109,1.0047567,0,1.0008248,0.31346045538659584,4
4116,1.0029495,0,0.99985564,0.5314989138305576,4
4125,1.0013324,0,1.0004141,0.40585190548984906,4
4126,1.0018412,0,1.0003623,0.417518169871537,4
4127,1.0055346,0,0.99912876,0.6950277576635289,4
4131,1.0005434,0,0.99984556,0.5337651192104487,4
4133,1.0036846,0,0.9997089,0.5645131010808057,4
4135,0.9979412,0,1.0001495,0.46539008233432566,4
4136,0.9975092,0,1.0000371,0.4906803979939389,4
4138,1.0066209,0,0.99991363,0.518451471022072,4
4146,1.0083839,0,1.0006442,0.35409123823316435,4
4148,0.9987357,0,1.0003262,0.4256443264408507,4
4154,1.0012162,0,0.999843,0.5343417276798884,4
4165,1.0028375,0,1.0005469,0.37597554107329634,4
4166,0.99292564,0,0.9990698,0.7082897524606431,4
4168,0.9972782,0,0.99968237,0.5704803282645425,4
4175,0.99934775,0,0.99989146,0.5234398047576904,4
4176,0.9995498,0,1.0000775,0.4815887574757959,4
4177,1.0037043,0,1.0000405,0.48990264703515973,4
4182,0.99859905,0,1.0000671,0.48392201035213345,4
4185,0.99978995,0,1.0003347,0.42371335854319203,4
4191,0.99707174,0,0.9997573,0.5536245876578969,4
4193,0.9987165,0,0.99979466,0.545216831603508,4
4207,0.9994166,0,0.9995426,0.601925604097943,4
4228,1.0047367,0,1.0000789,0.48126692949285277,4
4229,1.0037454,0,1.0005145,0.38327030868667367,4
4235,1.0010146,0,0.9998043,0.543044492718642,4
4237,0.99223137,0,1.0001421,0.4670528602461984,4
4240,0.9993183,0,0.9994407,0.6248424383833507,4
4243,0.99572074,0,0.9995011,0.6112586156032933,4
4244,1.0019853,0,1.0003101,0.4292648912489607,4
4255,1.0003011,0,0.9984819,0.8405476439509749,4
4258,0.9971388,0,0.9999928,0.5006436559658862,4
4266,0.99911314,0,0.9997621,0.5525384182154638,4
4277,1.0010229,0,1.000548,0.375734170086089,4
4279,0.9989495,0,1.000157,0.4637004854238743,4
4286,0.993428,0,1.000169,0.46099176656743635,4
4293,1.003106,0,0.9999544,0.5092793735081932,4
4295,0.998465,0,0.9996412,0.5797462922734464,4
4310,1.0009226,0,0.9998447,0.5339662616997881,4
4332,0.9979352,0,0.9998675,0.5288304234719876,4
4341,1.0010642,0,1.0004292,0.40247271166894627,4
4348,1.0043808,0,1.0001702,0.4607235765816504,4
4355,0.9966736,0,0.99935466,0.644205755357095,4
4356,0.9998067,0,1.0002424,0.4444980824416016,4
4357,1.0059521,0,1.0002667,0.4390270067315687,4
4366,1.0031316,0,0.99987864,0.5263228471048891,4
4374,0.9972621,0,1.0003082,0.4296939952262182,4
4375,1.0038245,0,1.0003952,0.4101161262638453,4
4378,0.9993355,0,1.0002842,0.43508461394051545,4
4379,1.0009149,0,1.0004374,0.4006222007670234,4
4380,1.0071607,0,1.0006106,0.3616541958323276,4
4384,1.0066609,0,0.9997653,0.5518277147531312,4
4385,0.99580276,0,1.0008465,0.30857939764529196,4
4388,0.9999728,0,1.0000553,0.4865770912114141,4
4394,0.9974066,0,0.99984044,0.5349183361493282,4
4400,0.99996966,0,0.99945635,0.6213291495695551,4
4410,1.0038681,0,1.0000218,0.4941132298119988,4
4419,1.003618,0,0.9999509,0.5100705339662617,4
4421,0.9977783,0,1.0007536,0.3294713975380159,4
4425,0.9980994,0,0.99971586,0.562944189663958,4
4441,1.0022149,0,0.99979645,0.5448145466248291,4
4443,1.005592,0,1.0000575,0.48609434923699946,4
4447,0.99876934,0,1.0004747,0.39222785421192374,4
4450,1.0014572,0,1.00045,0.39777938691769255,4
4452,0.9999338,0,0.9989249,0.7408882452329231,4
4454,1.0057695,0,0.99966973,0.5733231421138735,4
4458,0.9953468,0,1.0006273,0.3578995360313246,4
4464,1.000725,0,0.9993785,0.6388419556413764,4
4465,0.9979386,0,1.0007915,0.3209429559900233,4
4466,0.99856156,0,1.0006443,0.35406441923458576,4
4471,0.99952096,0,0.9994457,0.6237294499423391,4
4472,0.9991235,0,1.0015765,0.14433985034998797,4
4475,0.98392814,0,1.0010839,0.2551827714753131,4
4478,1.0011965,0,0.9998308,0.5370906750341942,4
4479,1.0019006,0,1.0000938,0.47791455467052857,4
4481,1.008617,0,1.0003555,0.4190468527905168,4
4486,1.0008994,0,0.9991279,0.695215490653579,4
4491,1.0046606,0,1.0004482,0.39818167189637144,4
4495,0.9990817,0,0.99911374,0.6984069514844315,4
4497,1.0041708,0,1.0002974,0.43210770509829166,4
4500,1.0048789,0,1.0001415,0.4671869552390914,4
4509,0.998948,0,1.0008568,0.3062729637675329,4
4510,1.0052254,0,0.9997179,0.5624882666881219,4
4513,0.9800454,0,0.99946034,0.6204307131171722,4
4516,1.0038849,0,1.0000802,0.48097192050848825,4
4518,0.99996185,0,1.0006588,0.35081932040657604,4
4520,1.0007672,0,0.9992043,0.67803792206399,4
4526,1.003125,0,0.99964947,0.5778823718722343,4
4527,1.0011839,0,0.99972683,0.5604768417947275,4
4528,0.9991653,0,0.99994206,0.5120551398610775,4
4539,0.9984918,0,1.0000453,0.488829887092016,4
4541,0.99991274,0,1.0000769,0.48172285246868884,4
4543,0.9864229,0,1.0001415,0.4671869552390914,4
4550,1.0087591,0,1.000592,0.3658379596105882,4
4551,1.0043745,0,1.0006418,0.3546276182047362,4
4554,0.98318034,0,0.9996965,0.5673022769329793,4
4556,0.9995357,0,1.0001025,0.4759567677742913,4
4561,1.0005219,0,1.0003161,0.4278971223214525,4
4570,1.0009539,0,0.99932927,0.6499182020543353,4
4599,1.0048995,0,0.999463,0.6198272856491538,4
4600,1.0001292,0,0.9997795,0.5486228444229893,4
4602,0.9977797,0,0.99888927,0.7489071258079223,4
4608,1.0010369,0,0.99997926,0.5036876123045566,4
4611,1.0091538,0,1.0000995,0.4766272427387561,4
4619,1.0013546,0,1.0002084,0.45214149703650064,4
4625,0.98580253,0,0.99988216,0.5255316866468206,4
4626,1.0011389,0,0.99957365,0.5949392549682195,4
4628,0.9920649,0,1.0003955,0.4100356692681095,4
4629,0.98334444,0,1.0005747,0.3697267144044841,4
4634,1.0090969,0,1.0000725,0.4827151554160968,4
4645,1.000152,0,1.001163,0.23737495641912731,4
4650,0.9865374,0,0.9996446,0.5789819508139566,4
4651,0.9958192,0,1.0009086,0.29460669938584494,4
4652,0.99899215,0,1.000661,0.3503097594335828,4
4654,1.0035485,0,0.9995501,0.6002360071874916,4
4660,0.9991032,0,1.0004194,0.4046718695523909,4
4661,0.9996706,0,1.0001023,0.4760104057714485,4
4664,1.0003526,0,1.000539,0.37777241397806205,4
4665,0.9977162,0,0.9990694,0.7083836189556683,4
4678,1.0009991,0,1.0003034,0.430766755169362,4
4680,1.0020419,0,0.9999923,0.5007509319602006,4
4682,0.99941576,0,0.9998693,0.5284281384933087,4
4698,1.0019133,0,0.9997451,0.5563735350122027,4
4700,1.0037092,0,0.99971837,0.5623809906938075,4
4703,1.0006583,0,1.0001328,0.46914474213532864,4
4711,0.9998135,0,1.0004596,0.395633867031405,4
4713,1.0016592,0,0.99905616,0.711360527797892,4
4722,0.99735034,0,0.999814,0.5408721538337758,4
4724,1.0025312,0,1.0000226,0.49392549682194864,4
4728,1.0039997,0,0.99963754,0.5805642717300936,4
4734,1.0027039,0,0.9997336,0.5589481588757476,4
4736,1.0033361,0,0.9996101,0.5867326414031699,4
4737,1.005199,0,1.0005924,0.3657575026148524,4
4750,1.0054454,0,1.000029,0.4925040898972832,4
4752,1.0037335,0,0.9997929,0.5456191165821869,4
4753,1.000361,0,0.99897736,0.729087885858342,4
4754,0.99498767,0,1.0005118,0.3838871456539813,4
4756,0.998295,0,0.9994663,0.6190897631882426,4
4760,1.0032694,0,0.9992956,0.6574945691527878,4
4763,1.0005857,0,0.9996149,0.5856598814600262,4
4764,1.0025084,0,1.0000257,0.49322820285890523,4
4775,1.0012565,0,0.99998885,0.5015286829189798,4
4776,0.99750245,0,0.99966615,0.5741277120712313,4
4779,0.9994068,0,0.99999607,0.4999061335049749,4
4783,1.0002887,0,1.0002229,0.44886957920991233,4
4788,1.0027329,0,0.9995906,0.5911309571700593,4
4791,0.9888756,0,1.0001019,0.47609086276718426,4
4796,1.0031585,0,0.99937564,0.6394856116072626,4
4797,0.99433726,0,1.0003647,0.41698178989996515,4
4808,1.0025039,0,0.9997975,0.5445731756376218,4
4815,1.0021913,0,1.0000734,0.48250060342746803,4
4820,0.9971811,0,1.0002519,0.4423525625553142,4
4825,1.0005635,0,0.99992704,0.5154343336819803,4
4833,1.0009524,0,0.9998862,0.5246198406951484,4
4838,0.99979335,0,1.0000416,0.4896612760479524,4
4840,1.000922,0,1.0000373,0.49062675999678174,4
4842,1.0026842,0,1.000243,0.44436398744870864,4
4843,1.0002114,0,0.99966234,0.5749859200257462,4
4844,1.0020363,0,1.0004152,0.4056105345026416,4
4847,0.998245,0,0.99978524,0.5473355324912168,4
4859,1.0004721,0,0.9993924,0.6357175423069703,4
4862,1.0002476,0,0.9999656,0.5067583876418055,4
4868,0.9974843,0,1.0001409,0.46732105023198434,4
4875,0.99947715,0,0.99999005,0.5012604929331939,4
4877,1.0017354,0,0.99944884,0.6230187464800064,4
4879,0.99852043,0,1.0009193,0.2921929895137716,4
4880,1.0001602,0,1.0002095,0.4519001260492933,4
4882,1.0027518,0,0.9998686,0.5285890524847803,4
4889,1.004488,0,0.9996448,0.5789283128167995,4
4892,0.99978906,0,0.99931604,0.652895110896559,4
4895,0.99871606,0,0.9997662,0.5516265722637916,4
4897,1.0034724,0,1.0003968,0.409740660283745,4
4899,0.99581426,0,0.99916184,0.6875854855579693,4
4903,1.0027997,0,0.9999773,0.5041301257811033,4
4906,0.99943316,0,0.9995926,0.5906750341942232,4
4913,0.99815917,0,1.0004987,0.3868372354976265,4
4915,1.0072423,0,1.0003617,0.41765226486442997,4
4925,1.0017703,0,1.0002863,0.4346018719661008,4
4927,1.0006737,0,0.99969274,0.568147075388205,4
4933,1.0005451,0,0.99940795,0.6322176629924638,4
4936,0.99944055,0,1.0000197,0.49459597178641346,4
4937,1.0005107,0,1.0001884,0.4566470887977043,4
4938,1.0028828,0,0.99952763,0.6052913884195564,4
4954,1.002701,0,0.9998454,0.5338053477083166,4
4957,1.0037808,0,0.99988437,0.5250355351731166,4
4962,1.0018313,0,0.9991376,0.693043151768713,4
4967,0.9890323,0,0.9998482,0.5331751012417196,4
4969,1.0003885,0,0.9995288,0.6050231984337705,4
4984,0.99955446,0,0.9996807,0.5708557942446428,4
4986,0.9855583,0,1.0003382,0.42293560758441284,4
5003,0.99860793,0,1.0000155,0.4955346367366642,4
5011,1.0010543,0,0.99982727,0.5378818354922628,4
5013,0.99572504,0,1.0001891,0.45648617480623277,4
5015,1.0017508,0,1.000219,0.4497546061630059,4
5023,0.9995122,0,0.9994326,0.6266661302866952,4
5024,1.000014,0,1.0000068,0.4974924236329016,4
5028,1.0042133,0,1.0004251,0.4033845576206184,4
5029,0.99658126,0,0.9999309,0.5145627162281761,4
5034,0.9989884,0,0.9998141,0.5408453348351973,4
5040,1.0020567,0,0.9990765,0.7067878885402419,4
5041,1.0048887,0,1.0003966,0.4097942982809022,4
5045,1.0001807,0,0.9994637,0.6196797811569716,4
5046,1.0045277,0,1.0001394,0.46766969721350604,4
5051,1.0027887,0,0.99985635,0.531337999839086,4
5052,1.0013554,0,0.9996444,0.5790221793118244,4
5055,1.0045841,0,1.0000852,0.47984552256818735,4
5061,1.0011567,0,0.99993116,0.5145090782310189,4
5062,0.99824625,0,1.0000063,0.49759969962721595,4
5064,1.0021095,0,1.000161,0.46278863947220206,4
5077,1.0012738,0,1.0003312,0.4245179285005498,4
5078,1.006663,0,1.0000094,0.49690240566417254,4
5082,1.0034232,0,0.99988264,0.5254244106525062,4
5085,0.9994987,0,0.9997381,0.5579424464290503,4
5095,1.0025601,0,0.99983793,0.5354815351194786,4
5096,1.0028459,0,1.0003707,0.4156140209724569,4
5101,1.0050322,0,1.0000528,0.4871402901815646,4
5105,1.0024564,0,1.0000479,0.488239869123287,4
5106,1.0055676,0,1.0000037,0.498189717595945,4
5107,1.000195,0,0.9997569,0.5537184541529219,4
5109,1.0036458,0,0.9994356,0.6259956553222303,4
5111,1.000949,0,0.9996764,0.5718212781934723,4
5118,0.99950856,0,1.0002466,0.44353259849277227,4
5125,0.99980575,0,1.000391,0.41105479121409605,4
5131,1.003092,0,1.0000306,0.49212862391718293,4
5136,1.0034487,0,1.00005,0.4877839461474509,4
5143,1.0016611,0,0.9997626,0.5524311422211494,4
5154,0.9885034,0,0.99944377,0.6241585539195966,4
5161,0.99944884,0,0.99994045,0.5124171963418886,4
5164,1.0051917,0,0.999965,0.5068924826346984,4
5165,0.9986695,0,0.99956447,0.5970043178587712,4
5170,1.0039867,0,0.99959606,0.589897283235444,4
5178,0.99944943,0,0.9997696,0.5508488213050124,4
5179,1.0103941,0,1.0000435,0.4892321720706949,4
5181,0.99437344,0,0.9993395,0.6476117681765763,4
5188,1.0016375,0,0.9998335,0.5364738380668865,4
5191,0.99605215,0,0.99991184,0.5188537560007509,4
5193,1.0080333,0,1.0000826,0.4804355405369164,4
5200,0.9984324,0,1.0008512,0.30753345670072685,4
5203,1.0001271,0,1.0004907,0.3886341084023922,4
5212,1.0036452,0,0.9994447,0.6239440019309679,4
5226,1.0026807,0,1.0002826,0.43543326092203716,4
5227,1.0029517,0,0.99984527,0.5338321667068952,4
5229,1.0009081,0,0.99946034,0.6204307131171722,4
5235,1.0089357,0,1.0010982,0.25196449164588197,4
5240,1.0033193,0,0.99980277,0.5433931397001637,4
5244,0.9975456,0,1.0006146,0.36074234988065546,4
5250,1.0003818,0,1.0002183,0.44991552015447744,4
5252,1.004015,0,1.0008312,0.31201222946335183,4
5266,0.9996026,0,1.0006908,0.3436050097889345,4
5267,1.0054318,0,1.000034,0.49137769195698233,4
5272,1.0016805,0,0.9993972,0.6346313728645372,4
5274,0.9995607,0,1.0000194,0.49464960978357064,4
5276,1.0023623,0,1.0000902,0.47871912462788635,4
5277,1.0024219,0,0.99941903,0.6297234961246547,4
5278,1.0050843,0,1.0003083,0.4296671762276396,4
5279,0.9970894,0,1.0001999,0.4540456459355807,4
5280,0.9997494,0,1.0001615,0.4626813634778877,4
5285,0.9959626,0,1.0003998,0.4090701853192802,4
5286,0.9940003,0,1.0006487,0.35307211628717783,4
5293,1.0031323,0,1.000702,0.3410840239225468,4
5296,1.0054009,0,1.000281,0.43580872690213746,4
5297,1.0067333,0,1.000671,0.3480569635529809,4
5304,1.0044441,0,0.9994432,0.6242926489124896,4
5305,1.001214,0,1.0001616,0.4626545444793091,4
5313,0.9994386,0,0.99951077,0.6090862767184273,4
5318,1.0040101,0,1.0000337,0.4914313299541395,4
5319,1.003354,0,1.0003304,0.42467884249202137,4
5321,1.0062941,0,1.0002697,0.43835653176710376,4
5324,1.001008,0,1.0003113,0.4289967012631748,4
5326,1.0053018,0,1.0005033,0.3857912945530614,4
5328,1.002362,0,0.9998797,0.5260814761176817,4
5341,1.0050856,0,1.0003198,0.4270657333655161,4
5345,1.0006685,0,0.99960095,0.5887977042937217,4
5368,0.99713975,0,1.0006034,0.36326333574704317,4
5384,0.9978132,0,1.0001718,0.4603749296001287,4
5387,0.9881934,0,1.0001516,0.464907340359911,4
5389,1.0003508,0,1.0003114,0.4289698822645962,4
5403,1.0005571,0,1.0001901,0.45624480381902544,4
5406,0.99794436,0,0.99963266,0.5816638506718159,4
5407,1.0004497,0,1.00029,0.4337704830101644,4
5410,0.99362844,0,0.9990558,0.7114409847936278,4
5413,0.9962416,0,1.0003132,0.4285675972859173,4
5417,0.99787366,0,0.99946684,0.6189690776946388,4
5422,1.0091199,0,1.0004208,0.40435004156944776,4
5426,0.9934228,0,0.99957985,0.5935446670421327,4
5430,1.0018929,0,1.000286,0.43468232896183656,4
5445,1.0012386,0,1.0002137,0.45093464210046397,4
5446,1.0060872,0,1.000182,0.45806849572236974,4
5450,1.0019279,0,1.0005987,0.3643360956901869,4
5452,1.0009332,0,1.0005084,0.3846380776141819,4
5454,0.99814904,0,1.0000072,0.4974119666371658,4
5463,1.0008454,0,0.9999487,0.5105666854399658,4
5465,0.9991237,0,1.0001712,0.4605090245930217,4
5467,1.0039599,0,1.0003152,0.42811167431008124,4
5468,1.001142,0,1.0005567,0.37377638318985174,4
5469,0.9957499,0,0.9994321,0.6267868157802987,4
5478,1.0007786,0,0.9995555,0.5990157427521656,4
5485,1.0023376,0,1.000089,0.4789873146136723,4
5490,1.0005928,0,1.0002962,0.4323758950840776,4
5494,1.0031333,0,0.99987936,0.5261619331134175,4
5497,1.0011784,0,0.9998358,0.5359642770938933,4
5498,1.0063151,0,0.9997762,0.5493737763831898,4
5517,1.0024043,0,0.99955505,0.59912301874648,4
5527,0.99989927,0,0.999764,0.5521093142382063,4
5531,0.9980515,0,1.0000931,0.4780754686620001,4
5541,1.0004319,0,0.9989598,0.7330436881486846,4
5550,0.99730086,0,0.99985886,0.5307748008689356,4
5553,1.0036998,0,1.0001721,0.46029447260439293,4
5555,1.0074924,0,0.999242,0.6695497090138653,4
5568,0.9976659,0,1.0002458,0.4437203314828224,4
5573,1.0030282,0,0.9998671,0.5289242899670126,4
5576,0.99590003,0,1.0008523,0.3072652667149408,4
5584,1.0007591,0,0.99986535,0.5293131654464023,4
5592,0.9976758,0,0.99983376,0.5364202000697293,4
5595,0.99732476,0,1.0005016,0.3861667605331617,4
5598,1.0063177,0,1.0001632,0.4623058974977874,4
5609,1.0034034,0,1.0004512,0.3975111969319065,4
5617,1.0002778,0,1.0000151,0.4956150937324,4
5624,0.99952656,0,1.0006988,0.3418081368841688,4
5627,1.0007783,0,0.99915636,0.6888191594925845,4
5639,0.99701893,0,0.99892414,0.7410625687236838,4
5654,0.9956799,0,1.0003068,0.4299890042105827,4
5661,1.004273,0,0.9994157,0.6304744280848553,4
5662,0.99877006,0,1.000695,0.34266634483868375,4
5670,1.0038666,0,1.0006577,0.3510606913937834,4
5686,1.0075674,0,1.0001032,0.47579585378281974,4
5706,1.0046911,0,0.9996596,0.5756027569930539,4
5725,0.99583983,0,1.0001622,0.46252044948641613,4
5726,0.9963547,0,1.0001603,0.4629495534636736,4
5728,1.0053362,0,0.9994486,0.6230723844771636,4
5730,0.99918276,0,0.9999959,0.4999463620028428,4
5735,1.0033128,0,0.99998754,0.5018236919033443,4
5745,1.0009153,0,1.0008343,0.3113149355003084,4
5747,1.002036,0,1.0001668,0.4615013275404296,4
5772,1.0002958,0,1.0006771,0.34668919462547265,4
5773,0.9975554,0,1.0000771,0.48166921447153166,4
5778,1.003499,0,0.9995355,0.6035213345133692,4
5779,1.0012084,0,0.9998202,0.539477565907689,4
5780,0.99985,0,0.99962056,0.5843859790275432,4
5783,1.000207,0,0.9996789,0.5712580792233217,4
5785,1.0005344,0,1.0001453,0.4663287472845764,4
5793,1.0049582,0,1.0002843,0.43505779494193686,4
5797,1.0025839,0,1.0000476,0.48832032611902276,4
5804,0.99878573,0,0.9992686,0.6635690723308392,4
5806,0.9991859,0,1.0007671,0.32644085069863493,4
5809,1.0011343,0,1.0007464,0.33110735645131006,4
5810,1.0027475,0,1.0002583,0.4409043366320702,4
5811,1.0019568,0,0.9992499,0.6677796551076782,4
5815,1.0006406,0,0.9995144,0.6082682972617802,4
5816,1.0015651,0,0.99995893,0.5082602515622067,4
5820,1.0041175,0,1.0007807,0.32338348486067525,4
5825,1.00532,0,1.0001608,0.46284227746935924,4
5827,1.0011381,0,1.0008134,0.31603507925014085,4
5833,0.99725246,0,0.99967974,0.5710703462332716,4
5834,1.0016527,0,1.0005796,0.3686271354627618,4
5853,1.0006951,0,1.0001733,0.460026282618607,4
5856,0.9963917,0,1.0000424,0.48947354305790225,4
5857,1.0032479,0,0.9999103,0.5192024029822726,4
5859,1.0030276,0,0.9992692,0.6634349773379462,4
5861,1.0029354,0,0.9999459,0.5111969319065626,4
5862,0.99611896,0,1.0004293,0.4024458926703677,4
5873,1.0009742,0,1.000187,0.45694209778206885,4
5880,0.99787927,0,0.99980336,0.5432590447072707,4
5890,1.0044495,0,0.9994567,0.6212486925738193,4
5895,0.99790233,0,1.0001112,0.47399898087805403,4
5896,0.9993143,0,0.99988544,0.5247941641859093,4
5897,1.0067382,0,0.99982667,0.5380159304851557,4
5898,1.0066813,0,0.9997048,0.5654383565317671,4
5900,0.9964914,0,0.9997632,0.5522970472282565,4
5901,0.9966648,0,1.000599,0.3642556386944511,4
5910,0.99963784,0,1.000243,0.44436398744870864,4
5940,0.993713,0,0.999482,0.6155630648751576,4
5941,1.0036172,0,0.99926823,0.663649529326575,4
5946,0.9997044,0,1.0000452,0.4888567060905946,4
5952,1.0004915,0,1.0000979,0.4770027087188564,4
5960,1.0040439,0,1.0001061,0.4751521978169335,4
5981,0.9956869,0,1.0001643,0.46206452651058005,4
5985,1.0040603,0,1.0002868,0.4344945959717864,4
5986,1.0015732,0,1.0000354,0.4910558639740392,4
5992,0.99958485,0,1.0000187,0.4948105237750422,4
5993,1.0019802,0,1.0003674,0.4163649529326575,4
5998,1.0026603,0,0.99955267,0.5996593987180519,4
6000,0.9995521,0,0.99994856,0.5105935044385443,4
6001,1.0007737,0,1.0001329,0.46911792313675005,4
6004,1.0022557,0,0.9997665,0.5515461152680559,4
6010,1.0027591,0,1.0001895,0.4563788988119184,4
6015,1.002383,0,1.0002795,0.43613055488508057,4
6022,1.0005727,0,1.0001546,0.4642368653954462,4
6030,1.0010074,0,0.9999068,0.5199935634403412,4
6039,0.9971505,0,1.0002964,0.432349076085499,4
6043,1.007226,0,0.9996326,0.5816772601711052,4
6048,1.0038877,0,1.0002655,0.4392951967173546,4
6051,0.99909514,0,0.99986035,0.5304395633867032,4
6056,1.0021998,0,0.9995536,0.5994448467294231,4
6059,0.9986121,0,1.0006409,0.35484217019336495,4
6067,1.0067463,0,0.9997803,0.5484485209322284,4
6073,0.99842775,0,1.0007048,0.34046718695523914,4
6091,1.0012279,0,1.0002034,0.45326789497680153,4
6102,0.9987938,0,1.0002047,0.452972885992437,4
6106,0.999841,0,1.0002512,0.44251347654678574,4
6115,0.9916889,0,0.9994356,0.6259956553222303,4
6124,0.9989326,0,1.0000443,0.48904443908064477,4
6139,0.99867415,0,1.0004169,0.4052350685225413,4
6148,1.002624,0,1.0002643,0.43956338670314055,4
6149,1.0064685,0,1.0004636,0.39472202107973287,4
6150,1.0065739,0,0.9986525,0.8021696569850082,4
6153,1.0052927,0,1.0002935,0.4329927320513852,4
6157,1.004486,0,1.0006523,0.35226754632982005,4
6159,1.000954,0,0.99988407,0.5251025826695631,4
6167,0.9944694,0,1.0003706,0.4156408399710355,4
6168,1.001093,0,0.99844366,0.8491565424947032,4
6173,1.0055964,0,1.0009533,0.28454957491887256,4
6178,0.9981819,0,0.99965465,0.5767157454340655,4
6179,1.0091937,0,1.0001295,0.46989567409552924,4
6180,0.99733776,0,0.9995204,0.6069139378335613,4
6185,1.0021068,0,0.99910516,0.7003379193820902,4
6186,0.99999547,0,0.99962324,0.5837825515595247,4
6187,1.0045028,0,0.99991465,0.518223509534154,4
6188,0.99899507,0,0.99997145,0.5054442567114543,4
6197,0.9978671,0,0.9994188,0.6297771341218119,4
6198,1.0045177,0,1.0007796,0.3236248558478826,4
6209,0.99852955,0,1.0003724,0.4152385549923566,4
6215,1.0014671,0,1.0002037,0.45318743798106575,4
6217,1.004128,0,1.0004088,0.40705876042588574,4
6219,1.001197,0,1.0002491,0.4429693995226218,4
6222,1.0039597,0,0.9999253,0.5158232091613699,4
6225,1.0027356,0,1.0001963,0.4548502158929385,4
6256,0.9986158,0,1.0005976,0.3645774666773942,4
6259,1.0058844,0,0.9999126,0.5186794325099902,4
6272,1.0039499,0,1.0003593,0.4181886448360018,4
6275,1.0009563,0,1.0002024,0.4534824469654303,4
6278,0.9986804,0,1.0000391,0.49022447501810285,4
6293,0.99816674,0,0.99996626,0.5066108831496232,4
6301,1.0043553,0,1.0004201,0.4045109555609193,4
6306,1.0003542,0,0.99972206,0.5615496017378712,4
6308,1.0028514,0,0.99995685,0.508729584037332,4
6312,0.9987381,0,1.0004054,0.40780969238608633,4
6317,1.0051528,0,1.0000618,0.4851288652881701,4
6318,1.0011618,0,0.9996255,0.5832729905865315,4
6320,1.0021284,0,0.99946576,0.6192104486818462,4
6329,1.004004,0,1.0003415,0.42218467562421225,4
6331,1.0030777,0,1.0000345,0.49127041596266796,4
6333,1.00204,0,1.0005156,0.38302893769946633,4
6335,0.9970111,0,0.9989975,0.7245554750985599,4
6337,0.9997062,0,1.0004252,0.40335773862203983,4
6340,1.0047506,0,1.0005873,0.3668839005551533,4
6346,1.0023609,0,1.000055,0.4866575482071499,4
6347,1.0069838,0,1.0002986,0.43183951511250573,4
6349,1.0018257,0,1.0000873,0.47938959959235117,4
6351,1.003705,0,0.99931395,0.6533644433716845,4
6359,1.0039014,0,1.0000613,0.4852361412824845,4
6361,1.0064889,0,0.9999623,0.5075093196020061,4
6366,0.9988793,0,1.0001019,0.47609086276718426,4
6371,1.0024607,0,1.0003319,0.42435701450907826,4
6377,0.99763,0,1.0001327,0.46917156113390723,4
6384,1.0011355,0,1.0010196,0.2696382117091748,4
6385,0.9980566,0,0.99980223,0.5435138251937672,4
6387,1.0069872,0,1.0003644,0.41703542789712233,4
6395,1.0053328,0,1.0002038,0.45316061898248716,4
6396,1.0013363,0,1.0001061,0.4751521978169335,4
6404,1.0001457,0,1.0000454,0.48880306809343743,4
6406,1.0025609,0,0.99970895,0.5644996915815164,4
6415,1.0022006,0,1.000779,0.32375895084077555,4
6421,0.99913985,0,1.000712,0.3388312280419449,4
6432,1.0034748,0,1.0005314,0.3794620108885134,4
6435,1.0052258,0,0.9999267,0.5155147906777161,4
6439,1.001337,0,1.0006692,0.3484592485316599,4
6441,0.9964369,0,1.0000346,0.49124359696408937,4
6445,0.9987412,0,0.9996756,0.5720090111835224,4
6447,1.0040443,0,0.9994152,0.6305817040791697,4
6454,1.0009513,0,0.9998295,0.5373856840185587,4
6462,0.9980354,0,0.99965805,0.5759514039745757,4
6481,0.9962297,0,1.000239,0.4452490144018022,4
6488,0.99745756,0,0.99995226,0.5097621154826079,4
6507,1.0036129,0,0.9990738,0.7073913160082603,4
6509,1.0021346,0,0.99934685,0.6459623997639928,4
6514,0.99580514,0,1.0007463,0.33113417544988866,4
6517,1.0061834,0,0.99989724,0.5221390833266286,4
6522,1.0012327,0,0.9997458,0.5562126210207311,4
6526,0.9952305,0,1.0001968,0.45474293989862413,4
6530,1.0011598,0,1.0006132,0.36106417786359857,4
6533,1.0019624,0,1.000292,0.4333413790329069,4
6537,1.0025699,0,1.0001454,0.4663019282859978,4
6539,1.0025884,0,0.9999748,0.5046933247512537,4
6543,1.0009806,0,1.0008571,0.3061925067717971,4
6551,0.9921346,0,0.99977815,0.5489312629066431,4
6556,1.0067102,0,0.9994865,0.614543942929171,4
6560,0.99865097,0,1.0009747,0.27974897417330435,4
6570,0.9953352,0,0.99960893,0.5870008313889559,4
6572,0.99925286,0,0.9997617,0.552632284710489,4
6577,0.998315,0,1.0001714,0.4604553865958645,4
6583,0.9996223,0,1.0003635,0.4172499798857511,4
6585,0.9996073,0,1.0005339,0.37889881191836294,4
6588,1.0024837,0,0.999934,0.5138654222651327,4
6589,0.9984583,0,0.999832,0.5368224850484082,4
6590,1.0061193,0,0.99991184,0.5188537560007509,4
6595,1.0016521,0,0.9998607,0.5303591063909674,4
6600,1.0010052,0,0.9998413,0.534730603159278,4
6605,1.0023565,0,1.0003804,0.4134416820875908,4
6606,1.0011681,0,1.0004463,0.3986107758736289,4
6614,1.0009539,0,0.9995215,0.606672566846354,4
6615,0.99970275,0,1.000498,0.38697133049051946,4
6620,1.0050011,0,1.0001835,0.4577466677394266,4
6621,1.0004728,0,0.99991816,0.5174323490760855,4
6625,1.0034037,0,0.9996291,0.5824684206291737,4
6626,0.99643886,0,0.99930686,0.6549601737871108,4
6628,1.0013077,0,1.0003384,0.42288196958725566,4
6632,0.9996902,0,1.0003327,0.4241692815190281,4
6639,1.0014738,0,1.0009403,0.28747284576393917,4
6658,0.9912906,0,1.0005502,0.37525142811167433,4
6665,1.0024302,0,1.0004568,0.39625070399871265,4
6667,0.9994194,0,0.9998304,0.5371711320299299,4
6684,1.0010691,0,1.0001342,0.46882291415238553,4
6688,0.9999835,0,0.9996429,0.579357416794057,4
6689,0.9985876,0,0.9998891,0.5239761847292622,4
6694,0.99759436,0,0.9996796,0.5710971652318502,4
6705,1.0003891,0,0.9999235,0.5162254941400488,4
6713,1.003999,0,1.0001165,0.47281894494059595,4
6715,0.99742997,0,0.9999527,0.5096682489875828,4
6725,1.0066186,0,0.9993939,0.6353823048247378,4
6735,0.98989105,0,1.0002513,0.44248665754820715,4
6737,1.0021886,0,1.000166,0.46166224153190116,4
6738,0.9950965,0,0.9999997,0.49908815404832785,4
6741,1.0009713,0,0.999603,0.5883417813178856,4
6744,1.0016198,0,0.99984777,0.5332689677367447,4
6747,0.99936736,0,0.9989299,0.7397618472926222,4
6763,1.0037097,0,0.9998929,0.5231179767747473,4
6766,1.0067244,0,1.0001303,0.4697079411054791,4
6770,1.0013973,0,1.0001744,0.4597849116313997,4
6773,1.0060669,0,0.99977005,0.5507549548099874,4
6787,1.0025196,0,1.0000292,0.49245045190012604,4
6788,0.99910086,0,1.0002176,0.450076434145949,4
6795,0.99814135,0,0.99968344,0.5702389572773352,4
6797,1.0013368,0,0.99991184,0.5188537560007509,4
6801,1.0046926,0,1.0010262,0.2681631667873522,4
6803,1.0062772,0,0.99955285,0.599619170220184,4
6805,1.0029562,0,0.9992073,0.677354037600236,4
6806,1.0002772,0,0.9995356,0.6034945155147906,4
6811,1.0001178,0,0.999384,0.6376082817067611,4
6825,1.0005457,0,0.99994045,0.5124171963418886,4
6833,1.0012636,0,1.0001959,0.454957491887253,4
6845,1.0070632,0,1.0001585,0.4633518384423526,4
6846,1.0009702,0,0.9995376,0.6030520020382439,4
6851,1.0036023,0,1.0005423,0.37702148201786145,4
6857,1.0054926,0,0.99972314,0.5613082307506638,4
6863,0.998313,0,0.9994765,0.6167967388097728,4
6864,1.0022793,0,1.0007869,0.32198889693458843,4
6866,1.0016319,0,1.0003542,0.4193418617748813,4
6869,0.99798477,0,0.9992086,0.6770590286158715,4
6877,1.0011586,0,1.0000912,0.4785045726392576,4
6886,0.99852794,0,1.0001627,0.46241317349210176,4
6891,1.0059099,0,0.99955624,0.5988548287606941,4
6902,1.0034602,0,1.0000046,0.49797516560731625,4
6906,1.0061088,0,0.9993301,0.6497304690642851,4
6909,1.0042144,0,1.0000559,0.48644299621852116,4
6929,0.9981343,0,0.9997298,0.5598063668302626,4
6938,0.9996679,0,1.0001879,0.4567543647920187,4
6944,0.99834853,0,0.9994547,0.6217046155496554,4
6947,0.99995744,0,0.99955267,0.5996593987180519,4
6950,0.9946893,0,0.9996295,0.5823745541341486,4
6959,1.0034207,0,1.0000069,0.497465604634323,4
6977,1.0053279,0,1.0004724,0.392737415184917,4
6978,1.0003288,0,1.0008448,0.30895486362539226,4
6983,1.0017366,0,1.0004661,0.3941588221095824,4
6992,1.0045073,0,1.0006164,0.36034006490197656,4
6996,1.001729,0,1.000053,0.4870866521844074,4
7006,1.0022464,0,0.99991065,0.5191219459865368,4
7009,1.000312,0,1.0006557,0.35151661436961945,4
7011,1.003184,0,0.99941427,0.6307962560677984,4
7012,1.0026172,0,0.99982315,0.5388070909432241,4
7018,1.0004245,0,0.99979836,0.5443854426475716,4
7020,1.0039301,0,1.0003788,0.4137903290691125,4
7030,0.9999165,0,1.0000557,0.48649663421567835,4
7037,1.0057727,0,0.9997346,0.5587336068871188,4
7039,0.9943665,0,0.9996813,0.5707216992517499,4
7042,1.0086287,0,0.999753,0.5545900716067262,4
7054,1.0003723,0,1.0007362,0.33338697133049056,4
7062,0.99732155,0,0.99999386,0.5004022849786789,4
7068,1.0018396,0,0.9991225,0.696435755088905,4
7070,1.0043558,0,0.9997482,0.5556762410491592,4
7072,0.9990998,0,1.0006101,0.361761471826642,4
7073,1.0059708,0,0.99999833,0.49939657253198166,4
7082,1.0001255,0,0.99934185,0.6470887977042937,4
7087,1.0014908,0,0.9996192,0.5846943975111969,4
7088,0.99983764,0,1.000521,0.38182208276342966,4
7094,0.9999959,0,1.0001851,0.45737120175932633,4
7095,0.99820954,0,1.0007325,0.33421836028642693,4
7107,0.9999821,0,1.000475,0.39214739721618797,4
7114,0.9961698,0,0.9999023,0.5209992758870383,4
7120,1.0014218,0,0.999955,0.5091452785153002,4
7122,1.0055442,0,0.99996203,0.5075629575991633,4
7124,1.0015718,0,0.9995727,0.5951538069568483,4
7126,1.0080854,0,1.0007789,0.32378576983935425,4
7148,1.001794,0,0.9992421,0.6695228900152868,4
7149,0.988723,0,0.9997876,0.546799152519645,4
7165,1.0050644,0,1.0001258,0.4707270630514656,4
7173,1.0020342,0,0.9999572,0.5086491270415963,4
7176,0.9992956,0,1.0007247,0.33598841419261405,4
7177,0.9936631,0,1.0007515,0.3299541395124306,4
7179,1.0031648,0,1.0004319,0.40185587470163864,4
7184,1.0088807,0,1.0007074,0.33987716898651,4
7185,0.99570924,0,0.99922585,0.6731836833212648,4
7193,1.005603,0,0.99958146,0.5931826105613216,4
7194,0.9971015,0,1.0005692,0.3709603883390994,4
7215,0.9883538,0,1.0003322,0.4242765575133425,4
7226,1.0044069,0,1.0000705,0.48317107839193285,4
7229,0.99118346,0,0.99974936,0.5554080510633733,4
7233,1.0042263,0,0.9986966,0.7922466275109288,4
7235,1.0027902,0,1.0000082,0.49717059564995847,4
7246,0.9976044,0,1.0001402,0.4674819642234559,4
7259,0.9930356,0,0.99984664,0.5335237482232413,4
7272,0.9975154,0,1.0001215,0.47169254700029506,4
7279,0.99907255,0,1.000876,0.30195510499637945,4
7284,0.99878746,0,1.0002935,0.4329927320513852,4
7286,1.0012703,0,1.0000081,0.49719741464853706,4
7287,1.0049571,0,1.0009475,0.2858637058492236,4
7289,0.9944209,0,0.99955565,0.598988923753587,4
7301,1.0001935,0,1.000042,0.4895808190522166,4
7302,1.0020152,0,1.000498,0.38697133049051946,4
7303,1.0037037,0,1.0006607,0.35039021642931856,4
7309,0.99945134,0,0.99974227,0.5570037814787996,4
7316,1.0001388,0,1.000431,0.4020704266902674,4
7326,0.9879601,0,1.0001099,0.47429398986241855,4
7327,1.0049319,0,0.99948114,0.6157507978652077,4
7328,1.0015327,0,1.0005474,0.37586826507898197,4
7338,0.9802835,0,0.99958897,0.5914930136508703,4
7342,1.0045872,0,0.99992144,0.5166948266151742,4
7353,0.99984664,0,0.9990662,0.7091077319172903,4
7368,1.0033519,0,1.0006315,0.3569608710810739,4
7369,0.9981621,0,0.9998649,0.5294204414407166,4
7370,1.0041894,0,1.0001158,0.4729798589320675,4
7372,0.9998625,0,0.9996386,0.5803229007428863,4
7374,0.999638,0,1.0002004,0.45393836994126635,4
7375,0.995551,0,0.999836,0.5359106390967361,4
7382,1.0095863,0,1.00135,0.1952959476493148,4
7386,1.0047358,0,1.0008252,0.31337999839086006,4
7391,1.0023781,0,0.9999309,0.5145627162281761,4
7405,1.0002562,0,1.0000961,0.4774049936975353,4
7406,1.0061078,0,1.0004771,0.3916914742403519,4
7407,1.0041703,0,1.0007371,0.3331992383404404,4
7413,1.0032926,0,1.0004501,0.39775256791911395,4
7415,1.0045112,0,1.0002592,0.44071660364202003,4
7418,0.99961954,0,1.0003483,0.42065599270523235,4
7427,0.99939775,0,1.0002339,0.4464022313406817,4
7435,0.99325985,0,1.000487,0.3894654973583287,4
7437,1.0011197,0,0.9998062,0.5426153887413844,4
7439,0.99364847,0,0.9994243,0.6285434601871966,4
7444,1.0013605,0,1.0003455,0.4212996486711186,4
7448,1.001562,0,1.0004148,0.4056909914983774,4
7454,0.99296975,0,1.0004133,0.4060396384798992,4
7455,1.0029445,0,1.0004798,0.39107463727304426,4
7456,0.9999059,0,1.0001081,0.47469627484109744,4
7460,1.0018111,0,1.0001523,0.46474642636843944,4
7464,1.0026207,0,1.0004911,0.38852683240807784,4
7466,1.0027697,0,1.0002695,0.43838335076568236,4
7474,0.9986224,0,1.0003281,0.4252152224635932,4
7476,0.9985687,0,1.0002645,0.43950974870598336,4
7479,1.0034081,0,0.99993944,0.5126451578298066,4
7483,0.9953836,0,0.9994791,0.6162067208410438,4
7484,0.99427277,0,0.9997558,0.5539598251401292,4
7486,1.0020026,0,0.99969083,0.5685761793654625,4
7490,1.0026525,0,0.999667,0.5739399790811811,4
7491,0.9982928,0,1.000579,0.3687612304556548,4
7493,1.0004942,0,1.0001031,0.47582267278139834,4
7511,1.0033166,0,1.0010755,0.2570601013758146,4
7513,0.9946191,0,1.000455,0.39665298897739154,4
7519,1.0017492,0,1.0006695,0.3484056105345027,4
7527,1.004266,0,1.0006758,0.34698420360983717,4
7531,0.99902356,0,1.0004215,0.4041891275779762,4
7535,1.0028759,0,1.0000697,0.4833319923834044,4
7537,0.98194784,0,0.9997147,0.5632123796497439,4
7539,1.0003401,0,1.0000509,0.48756939415882206,4
7541,1.0032098,0,1.0001311,0.46952020811542894,4
7542,1.004805,0,0.99975437,0.5542816531230723,4
7549,1.001178,0,1.0006616,0.3501756644406898,4
7567,1.0003844,0,1.000091,0.4785582106364148,4
7571,1.0058837,0,0.9999122,0.5187732990050151,4
7575,0.9993764,0,1.0002441,0.4440957974629227,4
7580,0.9992042,0,0.9996502,0.5777214578807628,4
7594,1.0036465,0,0.9997437,0.5566819534958565,4
7603,0.9989385,0,1.0003539,0.4193954997720385,4
7608,0.9980886,0,0.99985474,0.531700056319897,4
7612,1.0006077,0,0.9996587,0.5758038994823933,4
7615,1.0004965,0,0.99991184,0.5188537560007509,4
7620,1.0006449,0,0.99962956,0.5823611446348593,4
7627,1.0026835,0,1.0007185,0.33738300211870087,4
7632,1.0009542,0,1.0010146,0.2707646096494757,4
7635,0.99430513,0,0.99938935,0.6364014267707243,4
7638,1.0019569,0,1.0004449,0.39893260385657203,4
7640,1.0061762,0,0.99973255,0.5591895298629549,4
7645,0.9996746,0,0.9999936,0.5004559229758361,4
7647,1.0000645,0,1.0003905,0.4111620672084104,4
7648,0.99223006,0,1.0002776,0.43655965886233805,4
7649,0.997918,0,0.9991923,0.6807332314211387,4
7650,1.0039148,0,0.9998979,0.5219915788344462,4
7668,1.0021619,0,1.0000044,0.49802880360447344,4
7671,0.99993414,0,1.0008177,0.3150695953013114,4
7682,1.0026466,0,1.0000261,0.49314774586316945,4
7692,1.003731,0,0.9996247,0.5834473140772923,4
7694,1.0061147,0,0.9998289,0.5375197790114516,4
7695,1.0034299,0,1.0003583,0.41840319682463056,4
7701,0.99656,0,1.0008005,0.31893153109662886,4
7702,1.0030727,0,1.0000324,0.49172633893850404,4
7708,0.9986728,0,1.0001398,0.46756242121919167,4
7722,0.9974822,0,0.9998687,0.5285622334862017,4
7723,1.0027064,0,0.9999607,0.5078579665835278,4
7725,0.9929485,0,0.9989595,0.733110735645131,4
7739,1.0023218,0,0.9998207,0.5393568804140854,4
7749,0.9896562,0,0.9993905,0.6361466462842278,4
7752,1.0001266,0,0.99960965,0.5868399173974843,4
7756,1.0019938,0,1.0005137,0.3834580416767238,4
7757,0.9867016,0,1.0005299,0.3798106578700351,4
7764,1.006634,0,0.9999676,0.5063158741652587,4
7770,1.0029304,0,1.000166,0.46166224153190116,4
7773,0.99715984,0,1.0007471,0.3309464424598385,4
7774,0.99739915,0,0.99948585,0.6146914474213533,4
7775,0.9944996,0,0.9997818,0.548113283449996,4
7776,1.005556,0,1.000215,0.45063963311609945,4
7783,0.9977296,0,1.00057,0.37077265534904924,4
7784,1.0041964,0,0.99972963,0.5598465953281304,4
7786,1.0018978,0,0.99951965,0.6070882613243221,4
7800,1.002953,0,0.999343,0.6468340172177971,4
7809,0.9869447,0,1.0002021,0.45356290396116605,4
7815,1.0067472,0,0.9999113,0.5189744414943547,4
7820,1.0019984,0,0.9994741,0.6173331187813447,4
7825,1.0002915,0,0.99956053,0.5978893448118647,4
7829,0.9988603,0,0.9999599,0.5080456995735779,4
7832,1.0060998,0,0.9993826,0.6379167001904149,4
7836,1.0022112,0,1.0004803,0.3909673612787299,4
7837,1.0047588,0,0.9993456,0.6462439992490681,4
7841,1.0031133,0,1.000329,0.4250006704749645,4
7853,0.9991152,0,0.99941856,0.6298307721189691,4
7866,1.0025061,0,1.0002927,0.43318046504143537,4
7873,1.0020415,0,0.9990849,0.7048971491404511,4
7878,1.0024914,0,1.000261,0.44031431866334114,4
7890,1.0019299,0,1.0000038,0.4981628985973664,4
7894,0.9998563,0,0.99977845,0.5488642154101966,4
7902,1.0032679,0,0.99979645,0.5448145466248291,4
7905,0.9955569,0,0.9999311,0.5145224877303082,4
7907,1.0043998,0,0.9997552,0.5540939201330222,4
7912,0.9972934,0,0.9997323,0.5592431678601121,4
7929,0.99912363,0,1.0000972,0.477163622710328,4
7933,0.99981725,0,0.99982506,0.5383779869659666,4
7940,1.0021582,0,0.9995841,0.5925925925925926,4
7951,1.0061996,0,1.0005486,0.37560007509319604,4
7953,1.0050929,0,1.000338,0.42298924558157003,4
7957,1.0003884,0,1.0001264,0.47059296805857265,4
7958,0.998699,0,1.0001692,0.46096494756885775,4
7959,0.9997706,0,0.9992611,0.6652586692412905,4
7974,1.0048187,0,1.0002275,0.4478504572639258,4
7976,1.0010562,0,0.9995361,0.6033872395204762,4
7983,1.0044514,0,1.0005109,0.38407487864403145,4
7986,0.9887813,0,0.99987906,0.526228980609864,4
7993,1.0077231,0,1.0002868,0.4344945959717864,4
7997,1.0018736,0,0.99952245,0.6064580148577252,4
7999,1.00236,0,1.0000975,0.4770831657145922,4
8004,1.0025932,0,1.0002599,0.4405556896505485,4
8005,1.0017769,0,1.0004405,0.39992490680397996,4
8010,0.99805593,0,0.9996708,0.5730817711266661,4
8012,1.001653,0,1.0002991,0.43173223911819136,4
8016,0.9982119,0,1.000143,0.46683830825756967,4
8018,0.99536496,0,1.0003341,0.423847453536085,4
8023,1.0005671,0,0.999762,0.5525652372140424,4
8036,1.0069377,0,1.0000443,0.48904443908064477,4
8040,1.0007051,0,0.9992098,0.6767908386300856,4
8042,0.9934795,0,0.9997169,0.5627162281760398,4
8043,0.99935514,0,1.0004488,0.3980475769034785,4
8046,0.99592775,0,0.9998841,0.5250891731702738,4
8047,1.0043367,0,1.00048,0.39102099927588707,4
8048,0.9991537,0,1.0003768,0.4142462520449487,4
8049,1.0011357,0,0.99974835,0.5556360125512914,4
8050,1.0022951,0,0.99943715,0.6256470083407086,4
8053,1.0029505,0,1.00052,0.3820366347520584,4
8056,1.0023059,0,1.0000147,0.49572236972671435,4
8073,0.9976635,0,1.001316,0.20296618124279242,4
8078,1.0021276,0,0.9993515,0.6449164588194276,4
8079,1.0049174,0,0.99986273,0.5299031834151313,4
8082,0.9994432,0,1.0007869,0.32198889693458843,4
8083,1.0013815,0,1.0007825,0.32298119988199636,4
8094,1.0038677,0,0.9986018,0.8135811408801995,4
8103,0.9987549,0,1.0002356,0.4460267653605814,4
8104,0.995537,0,0.9996422,0.5795183307855285,4
8122,1.003016,0,1.0001713,0.4604822055944431,4
8131,1.0004311,0,1.0000567,0.486255263228471,4
8133,1.0001265,0,0.9999177,0.5175396250703999,4
8136,1.0034163,0,0.9999295,0.5148845442111192,4
8140,0.9950702,0,0.999152,0.6897980529407032,4
8141,1.0044953,0,1.0003036,0.43071311717220484,4
8149,1.0030864,0,1.0001808,0.45833668570815567,4
8152,1.0020616,0,0.999608,0.5872153833775846,4
8174,1.0020205,0,0.9989505,0.7351355700378148,4
8176,1.0032004,0,1.0001775,0.45908761766835626,4
8187,1.0046293,0,0.9998744,0.5272749215544292,4
8195,0.99699736,0,0.9999945,0.5002547804864966,4
8207,1.0022664,0,0.9990043,0.72302679217958,4
8208,1.0070459,0,1.000632,0.3568267760881809,4
8209,1.0020337,0,1.0006335,0.3565049481052377,4
8211,1.0029017,0,1.000245,0.44390806447287257,4
8217,1.0010645,0,0.99939567,0.6349800198460589,4
8218,1.0088656,0,0.99972075,0.5618446107222357,4
8219,0.99971443,0,0.9997749,0.5496687853675544,4
8221,0.999577,0,0.99967283,0.5726258481508301,4
8226,0.99936205,0,1.0003688,0.4160431249497144,4
8233,1.0017246,0,1.000658,0.3509802343980476,4
8234,1.0024878,0,0.99961406,0.5858476144500764,4
8237,1.003017,0,0.99973565,0.5584922358999115,4
8242,0.99833745,0,1.0003217,0.42663662938825864,4
8245,1.0017196,0,1.0006046,0.36299514576125724,4
8247,1.002736,0,0.9996148,0.5856867004586048,4
8248,1.0003852,0,0.99983734,0.5356156301123716,4
8251,0.9990895,0,1.0006378,0.35553946415640836,4
8259,0.99160486,0,0.9991264,0.6955641376351007,4
8264,1.0002508,0,1.0005686,0.37109448333199235,4
8269,0.9978805,0,1.0004016,0.4086679003406013,4
8285,0.9972945,0,1.0000793,0.481186472497117,4
8287,1.0026672,0,1.0000163,0.49534690374661405,4
8293,0.9989107,0,1.0005352,0.3786038029339984,4
8297,1.000448,0,1.00046,0.39552659103709065,4
8302,1.0014776,0,0.9993248,0.6509239145010326,4
8306,1.003044,0,0.99985343,0.5319950653042615,4
8307,1.0071477,0,0.99951047,0.6091533242148739,4
8311,0.9998045,0,1.0001545,0.46426368439402477,4
8319,1.002412,0,0.9995399,0.6025290315659613,4
8323,1.0023675,0,1.0002397,0.44508810041033064,4
8325,1.0024872,0,0.99972504,0.5608791267734063,4
8335,0.99686193,0,1.0002757,0.43698876283959553,4
8342,1.0037073,0,1.0008364,0.31085901252447234,4
8354,1.000274,0,1.0005195,0.3821439107463728,4
8356,0.99896705,0,0.99994147,0.5121892348539705,4
8361,1.0047232,0,0.9999833,0.5027757663528845,4
8363,1.0022459,0,0.99985874,0.5308016198675142,4
8364,1.0064896,0,0.99935,0.6452516963016601,4
8371,0.99946386,0,0.99992985,0.5148040872153834,4
8372,1.0058434,0,0.9998509,0.532558264274412,4
8379,1.0048685,0,1.0004681,0.39370289913374634,4
8381,1.0018811,0,0.99949783,0.6119961380642047,4
8382,0.99988127,0,1.0005443,0.3765655590420254,4
8392,1.0012333,0,1.0006348,0.3562099391208732,4
8397,1.0009133,0,1.0007634,0.3272722396545713,4
8398,0.9979669,0,0.99935466,0.644205755357095,4
8404,0.995431,0,0.99969995,0.5665245259742001,4
8405,0.99766487,0,1.0002364,0.44583903237053124,4
8426,1.0038776,0,1.000295,0.4326440850698635,4
8428,1.0053083,0,1.0005168,0.3827607477136804,4
8430,1.0008345,0,1.0003084,0.429640357229061,4
8440,1.0031136,0,0.9998941,0.5228497867889613,4
8445,0.9982237,0,0.99960184,0.5885965618043822,4
8447,1.0038627,0,1.0000544,0.48679164320004287,4
8450,0.99940825,0,1.0003443,0.4215678386569045,4
8455,0.99780905,0,1.0001433,0.4667846702604125,4
8458,0.99995726,0,0.9998035,0.5432322257086921,4
8464,1.0031409,0,1.0001245,0.47102207203583013,4
8468,1.0021724,0,0.9998928,0.5231447957733258,4
8471,1.006779,0,1.0004044,0.40805106337329367,4
8472,1.0000665,0,0.9997937,0.5454313835921367,4
8481,0.9973966,0,0.99994564,0.5112505699037198,4
8482,0.9880455,0,1.0000174,0.4951055327594067,4
8484,1.0006717,0,1.0001677,0.46128677555180087,4
8485,0.9994432,0,1.0010703,0.2582401373132728,4
8488,1.0023693,0,0.99956805,0.5961997479014134,4
8492,0.99824643,0,1.00001,0.4967683106712796,4
8501,1.0017351,0,0.99920315,0.6782927025504868,4
8507,0.99697226,0,1.0002803,0.435969640893609,4
8523,0.99844277,0,1.0001725,0.46021401560865716,4
8525,1.0034715,0,0.99952644,0.6055595784053424,4
8539,0.9991682,0,0.9999703,0.5056990371979511,4
8541,1.0000273,0,1.0002893,0.43393139700163597,4
8549,1.0001832,0,0.99992865,0.5150722772011693,4
8553,0.9937893,0,1.0004659,0.3942124601067396,4
8554,0.99807507,0,0.9998373,0.535629039611661,4
8560,0.9907175,0,1.0007315,0.33445973127363426,4
8562,0.99568856,0,0.9996343,0.5812883846917156,4
8565,1.003238,0,1.0003245,0.426019792420951,4
8569,0.993664,0,1.0008998,0.2965913052806608,4
8571,1.0030867,0,0.9994402,0.6249631238769544,4
8576,1.0012656,0,0.9999517,0.5098828009762115,4
8580,1.0008376,0,0.99970263,0.5659210985061818,4
8585,1.0016531,0,0.9993331,0.6490599940998203,4
8593,1.0022763,0,1.0004916,0.38841955641376347,4
8596,1.002006,0,1.0007439,0.3316705554214605,4
8602,0.99639446,0,0.9998142,0.5408185158366187,4
8603,0.9984329,0,1.0003355,0.4235524445517205,4
8605,0.98554605,0,1.0003412,0.422265132619948,4
8606,1.0003483,0,1.0006117,0.3614128248451203,4
8618,1.0009866,0,0.9994016,0.6336390699171293,4
8631,1.0018041,0,1.000363,0.41735725588006545,4
8632,0.9992367,0,0.9996447,0.578955131815378,4
8633,1.0031788,0,1.0001829,0.4578807627323196,4
8637,1.0021728,0,0.9997564,0.5538257301472362,4
8638,1.0056056,0,1.0000055,0.4977874326172661,4
8640,1.0010197,0,0.99979436,0.5452838790999543,4
8641,0.9990626,0,1.0000619,0.4851020462895915,4
8646,0.995057,0,0.9993343,0.6487918041140344,4
8649,0.9987211,0,0.9993879,0.6367232547536674,4
8663,1.0028086,0,0.9995893,0.5914125566551345,4
8665,1.0029899,0,0.999957,0.5086893555394641,4
8667,1.0011177,0,1.0001181,0.47244347896049566,4
8670,0.99597394,0,1.0003653,0.4168476949070722,4
8678,1.0012066,0,1.0000705,0.48317107839193285,4
8686,1.0064648,0,0.9999906,0.5011398074395902,4
8695,1.0078479,0,1.0008389,0.3102958135543219,4
8702,1.0002568,0,1.0006604,0.35044385442647574,4
8710,0.9898456,0,0.99997175,0.505377209215008,4
8718,1.0069684,0,0.99990165,0.5211467803792207,4
8720,1.0083356,0,1.0000963,0.4773513557003781,4
8721,1.0056651,0,1.0007231,0.33633706117413575,4
8728,1.0016797,0,0.99969596,0.567422962426583,4
8729,1.0030872,0,0.9997614,0.5526993322069353,4
8731,1.0000871,0,0.999991,0.5010459409445651,4
8733,1.0031372,0,1.000465,0.39440019309678975,4
8745,1.0017979,0,0.99985045,0.5326655402687264,4
8748,1.0041353,0,1.0001687,0.4610722235631721,4
8752,0.9983291,0,1.0000658,0.48421701933649797,4
8762,0.99736786,0,0.99992794,0.5152331911926409,4
8768,1.0034448,0,0.9999121,0.5188001180035937,4
8776,1.0009824,0,1.000128,0.47021750207847235,4
8778,1.0046887,0,0.9999118,0.5188671655000403,4
8779,0.99483955,0,0.9994994,0.611647491082683,4
8787,1.0039995,0,0.99967843,0.5713653552176361,4
8797,0.9949456,0,1.0002744,0.43728377182396005,4
8798,1.0045485,0,1.0000793,0.481186472497117,4
8808,1.0029039,0,0.9992462,0.6686110440636146,4
8815,1.0014669,0,0.9993853,0.6373132727223966,4
8819,1.0061021,0,1.0007044,0.3405476439509749,4
8831,0.99693245,0,1.0005932,0.36556976962480225,4
8835,1.004464,0,1.000294,0.43288545605707085,4
8843,1.0040802,0,1.000281,0.43580872690213746,4
8844,1.0001057,0,0.9998882,0.5241773272186017,4
8855,0.9972669,0,0.99980104,0.5437820151795532,4
8857,1.0019488,0,1.0006543,0.35181162335398397,4
8860,0.9959149,0,1.0000057,0.4977337946201089,4
8863,1.0001276,0,1.0001166,0.47279212594201736,4
8870,0.99423826,0,0.9995143,0.6082951162603588,4
8873,1.0045465,0,1.0000609,0.48531659827822027,4
8878,0.99728924,0,1.0001181,0.47244347896049566,4
8883,0.9977436,0,0.9998285,0.5376002360071874,4
8885,1.0029874,0,1.0002116,0.45141738407487864,4
8892,1.0033506,0,0.99991614,0.5178882720519216,4
8897,1.0001936,0,1.0003304,0.42467884249202137,4
8900,0.99728376,0,0.99921083,0.6765628771421675,4
8912,1.0055671,0,1.0009952,0.2751361064177864,4
8919,1.0090411,0,0.9995769,0.5942017325073081,4
8922,1.0043006,0,0.9998298,0.5373052270228229,4
8933,1.0031774,0,0.99985653,0.5312977713412181,4
8949,0.99976027,0,1.000184,0.45761257274653366,4
8953,0.9976844,0,0.9990617,0.7101134443639874,4
8961,1.003618,0,1.0003344,0.4237938155389278,4
8967,1.0014459,0,0.99994934,0.5104191809477834,4
8971,1.0064143,0,1.000686,0.3446777697320782,4
8981,0.998559,0,0.9990775,0.7065599270523238,4
8983,1.0003378,0,1.0003643,0.4170622468957009,4
8985,1.0020475,0,0.9998365,0.5358033631024217,4
8986,1.003489,0,1.0001069,0.47496446482688337,4
9003,1.000608,0,1.0003732,0.4150508220023065,4
9009,1.0036652,0,0.9993284,0.6501193445436748,4
9012,1.0030816,0,1.0003369,0.42323061656877736,4
9016,0.9968176,0,0.9998447,0.5339662616997881,4
9033,0.9931335,0,0.9997883,0.5466516480274626,4
9036,1.0000099,0,1.0001152,0.4731139539249605,4
9045,1.0021268,0,1.0004213,0.4042427655751334,4
9053,1.0016874,0,1.0005354,0.37857698393541983,4
9054,0.999736,0,0.9995786,0.5938262665272078,4
9071,0.99889255,0,1.0001642,0.46209134550915865,4
9079,0.9992258,0,0.99935395,0.6443666693485666,4
9081,0.98482114,0,1.0006322,0.3567999570896023,4
9084,0.99958104,0,1.0007049,0.34044036795666055,4
9086,0.9820692,0,0.99926746,0.6638238528173358,4
9093,1.0006101,0,0.9991747,0.6846890337114813,4
9109,0.9994698,0,1.0002435,0.4442298924558157,4
9114,1.0060648,0,1.0004863,0.38962641134980025,4
9115,1.0022914,0,1.0001991,0.45423337892563087,4
9119,1.0043081,0,0.99950343,0.6107356451310109,4
9122,1.0000707,0,1.0000249,0.4934159358489554,4
9129,1.0046415,0,0.9998599,0.5305334298817281,4
9140,1.0000309,0,0.9998506,0.5326387212701478,4
9154,0.99874574,0,1.0005726,0.3702094563788988,4
9163,0.99907213,0,1.0011151,0.2481561938477217,4
9167,1.0005237,0,1.0003113,0.4289967012631748,4
9170,0.9999979,0,0.9999121,0.5188001180035937,4
9175,1.0010086,0,0.99989396,0.5228766057875399,4
9182,1.0029688,0,1.0006893,0.3439536567704562,4
9186,0.9975366,0,0.9989026,0.7459033979671199,4
9187,1.0072763,0,0.9994983,0.6118888620698903,4
9191,1.0039062,0,1.0007914,0.3209697749886019,4
9195,0.9984002,0,1.0001904,0.45619116582186825,4
9196,0.9998913,0,0.9993827,0.6379032906911256,4
9197,1.0051281,0,0.99924415,0.6690669670394507,4
9205,1.0021733,0,1.0000309,0.49207498592002574,4
9219,1.0036457,0,1.0003309,0.424571566497707,4
9222,1.0012412,0,0.99983436,0.5362861050768364,4
9228,1.0041857,0,1.0009625,0.2824845120283208,4
9229,0.9978514,0,1.0006932,0.34306862981736264,4
9231,1.0039502,0,0.9994953,0.6125593370343552,4
9237,1.0054396,0,0.99983484,0.536178829082522,4
9238,0.9860531,0,0.99947387,0.6173867567785019,4
9248,1.0002455,0,0.99983543,0.536044734089629,4
9252,1.0036918,0,0.99997324,0.5050419717327754,4
9254,1.0042332,0,0.99999857,0.4993429345348245,4
9255,1.0048704,0,1.000475,0.39214739721618797,4
9262,0.9994351,0,0.9997687,0.5510633732936412,4
9266,1.0014112,0,0.999553,0.5995789417223161,4
9271,1.0034088,0,0.99985355,0.531968246305683,4
9273,0.9986457,0,0.99992675,0.5155013811784268,4
9276,0.98757184,0,0.99985623,0.5313648188376646,4
9279,1.0005597,0,0.9997205,0.5618982487193929,4
9283,0.99774903,0,1.0003053,0.43033765119210454,4
9284,1.0008103,0,0.99970263,0.5659210985061818,4
9285,1.0030812,0,1.0001839,0.45763939174511226,4
9288,1.0020869,0,1.0002754,0.4370692198353313,4
9301,0.99920005,0,0.9993511,0.6450103253144528,4
9309,1.0073822,0,0.9992369,0.6707029259527449,4
9313,0.9995849,0,0.9992551,0.6665996191702201,4
9316,1.0023648,0,0.99952805,0.6051975219245314,4
9320,1.0008713,0,0.9998646,0.529487488937163,4
9321,0.990839,0,0.99999756,0.4995708960227425,4
9322,1.0043635,0,0.99973506,0.5586263308928044,4
9325,0.9990472,0,1.000422,0.40408185158366183,4
9337,0.9978764,0,0.99985594,0.5314318663341111,4
9342,1.0015309,0,0.99985844,0.5308686673639607,4
9345,0.99170995,0,0.99954516,0.6013489956285032,4
9347,1.002568,0,1.0000219,0.4940864108134202,4
9349,0.9965787,0,1.0006672,0.34891517150749596,4
9350,1.0041203,0,1.0002303,0.4472068012980396,4
9351,1.0009531,0,0.99829376,0.8828814332072841,4
9359,0.99523413,0,1.0004584,0.39590205701719094,4
9364,0.9949411,0,0.99989,0.5237616327406335,4
9365,1.0024403,0,0.9998675,0.5288304234719876,4
9369,1.0053426,0,0.9999446,0.5114785313916379,4
9371,0.9995094,0,0.99980813,0.5421862847641269,4
9373,0.9960305,0,0.9993721,0.6402767720653311,4
9383,0.99892044,0,1.0011642,0.2371067664333414,4
9386,1.0050656,0,0.9998812,0.5257462386354493,4
9387,1.0013425,0,0.9999041,0.5205969909083594,4
9388,0.99727494,0,0.9999658,0.5067181591439376,4
9389,0.99939626,0,1.0000784,0.48137420548716714,4
9406,0.9992085,0,0.99937564,0.6394856116072626,4
9411,1.0034397,0,0.99955183,0.599847131708102,4
9415,1.002844,0,1.000114,0.4733821439107464,4
9435,1.0012507,0,0.9997038,0.5656529085203958,4
9442,1.002161,0,0.99949676,0.612237509051412,4
9447,0.99851555,0,0.9999859,0.5021991578834446,4
9456,1.000862,0,0.999768,0.5512108777858234,4
9461,0.99797076,0,0.9996486,0.5780835143615737,4
9469,1.0034839,0,0.99870986,0.7892697186687049,4
9470,1.0043839,0,1.0001184,0.47238984096333847,4
9471,0.99898446,0,1.0006435,0.3542521522246359,4
9474,1.0011468,0,0.99983364,0.5364470190683079,4
9491,1.0031574,0,1.0004454,0.39882532786225766,4
9492,1.0018928,0,1.001464,0.16965698500817983,4
9493,1.0041072,0,1.0005382,0.3779333279695336,4
9494,1.0095822,0,1.0001348,0.46868881915949256,4
9502,1.0021536,0,0.99968797,0.5692198353313487,4
9503,0.9982962,0,0.99941534,0.6305548850805911,4
9518,0.99787664,0,0.99997663,0.5042776302732856,4
9527,1.0011402,0,1.0000107,0.496607396679808,4
9530,1.0056497,0,1.000512,0.3838335076568241,4
9534,1.0017707,0,1.0001225,0.4714511760130877,4
9542,1.0002284,0,1.0003211,0.4267707243811516,4
9553,1.0010478,0,0.9999245,0.5160109421514201,4
9562,0.9988042,0,0.9996549,0.5766621074369083,4
9564,1.0045135,0,1.00115,0.24029822726419392,4
9571,0.9970529,0,0.99991333,0.5185185185185186,4
9573,1.0057127,0,0.9996692,0.5734438276074771,4
9579,0.99864435,0,0.99993086,0.5145761257274654,4
9585,1.0027184,0,1.0000532,0.4870598331858288,4
9586,1.0027585,0,1.0002499,0.44280848553115026,4
9588,0.999621,0,1.0000967,0.47727089870464234,4
9595,1.0035977,0,0.9999811,0.5032719178265883,4
9601,0.9936438,0,1.0000305,0.4921554429157615,4
9602,1.0021181,0,0.9999762,0.5043714967683106,4
9605,1.0043213,0,1.0001925,0.4557084238474536,4
9610,1.000467,0,0.99940825,0.6321506154960174,4
9611,1.0060503,0,1.0003384,0.42288196958725566,4
9619,1.0065686,0,1.0001361,0.46839381017512804,4
9624,1.0030059,0,1.0005379,0.3780137849652694,4
9633,1.0045005,0,1.000014,0.4958832837181859,4
9642,1.0008804,0,0.99946916,0.6184461072223564,4
9643,1.0022527,0,0.99903756,0.7155442915761525,4
9661,1.0013769,0,1.0005054,0.3853085525786467,4
9663,0.99785924,0,1.0001713,0.4604822055944431,4
9676,1.0031071,0,1.0002879,0.4342532249845791,4
9677,1.0026507,0,1.000701,0.3413253949097541,4
9678,1.0004324,0,1.0004227,0.4039209375921903,4
9680,1.0030931,0,1.0004305,0.40217770268458175,4
9683,1.0005043,0,1.000201,0.4538042749483734,4
9684,0.99786466,0,1.0000235,0.4937377638318985,4
9690,0.99788046,0,1.000287,0.4344409579746292,4
9698,1.0011736,0,0.9995279,0.6052377504223992,4
9703,0.9966645,0,1.0002975,0.43208088609971307,4
9704,0.9993334,0,0.9998649,0.5294204414407166,4
9712,1.0027385,0,0.9999601,0.5079920615764207,4
9721,1.0023497,0,1.000615,0.3606618928849197,4
9722,1.0031916,0,0.9997932,0.5455520690857403,4
9725,1.0017036,0,0.99970704,0.5649287955587738,4
9736,1.0047475,0,1.0001216,0.47166572800171647,4
9738,1.0021125,0,0.9994361,0.625888379327916,4
9745,1.0041231,0,0.99966615,0.5741277120712313,4
9747,0.9995396,0,1.0002847,0.4349773379462011,4
9753,1.0032126,0,0.9998017,0.543634510687371,4
9761,1.0019822,0,1.0009915,0.2759674953737228,4
9766,0.9853983,0,1.0001316,0.46941293212111457,4
9777,1.0013782,0,1.0002073,0.452382868023708,4
9781,1.0005788,0,1.0004307,0.40212406468742457,4
9782,1.0027928,0,0.99983996,0.5350256121436425,4
9785,1.0008461,0,0.9998231,0.5388205004425135,4
9788,0.9986626,0,1.0002799,0.4360500978893448,4
9790,0.9987765,0,1.0003766,0.4142998900421059,4
9791,0.9990632,0,0.99987525,0.5270871885643791,4
9792,0.99808544,0,0.9998831,0.5253171346581919,4
9794,0.9980956,0,0.9999344,0.5137849652693969,4
9795,0.99547267,0,0.9998591,0.5307211628717783,4
9806,0.9972603,0,0.99992776,0.5152734196905088,4
9808,0.9816864,0,1.0001388,0.467803792206399,4
9810,0.9922204,0,0.999926,0.5156757046691877,4
9812,0.99640054,0,0.9999764,0.5043312682704428,4
9816,0.9992879,0,0.9999865,0.5020516533912625,4
9820,1.0017259,0,1.0001918,0.45586933783892514,4
9821,0.9991005,0,1.0010244,0.2685654517660311,4
9828,1.0062006,0,1.0008273,0.3128972564164454,4
9830,0.9992254,0,1.0000322,0.4917799769356612,4
9847,1.0021678,0,0.9998149,0.5406576018451471,4
9862,0.9976162,0,0.99995077,0.5100973529648403,4
9864,1.0042264,0,0.9997328,0.5591358918657977,4
9876,0.99844253,0,1.0004656,0.3942660981038968,4
9882,1.0007026,0,0.99923104,0.672017056883096,4
9890,1.007927,0,1.0003586,0.4183495588274734,4
9891,1.0009359,0,0.99987024,0.52821358650468,4
9903,0.99805665,0,1.0006964,0.34234451685574063,4
9911,1.0007148,0,0.9997456,0.556252849518599,4
9912,1.0039096,0,0.9996653,0.5743154450612814,4
9920,0.9999555,0,1.0001776,0.45906079866977767,4
9923,0.9915418,0,0.999569,0.5959851959127846,4
9928,1.0015651,0,0.99961936,0.5846541690133291,4
9937,1.0010647,0,1.0002003,0.45396518893984494,4
9938,1.0088912,0,1.0005678,0.3712822163220425,4
9942,0.9988369,0,0.9999481,0.5107007804328587,4
9948,0.9968577,0,0.99988353,0.5252232681631668,4
9950,0.99975485,0,1.0000496,0.4878644031431867,4
9951,0.99819404,0,1.000279,0.43626464987797353,4
9953,1.0048195,0,1.0009975,0.27459972644621455,4
9958,0.9982409,0,0.9993605,0.642891624426744,4
9959,1.0018913,0,0.9999897,0.5013409499289296,4
9960,0.9964414,0,1.0003632,0.41730361788290826,4
9962,1.006994,0,1.0001798,0.458578056695363,4
9966,1.0070424,0,0.9999858,0.502212567382734,4
9967,1.0041808,0,1.0003166,0.4277898463271381,4
9968,1.0031338,0,0.99934524,0.6463244562448038,4
9973,0.99876684,0,0.9994425,0.6244401534046718,4
9980,1.0048705,0,1.0003233,0.42628798240673693,4
9985,0.998785,0,0.9999112,0.5190012604929333,4
9998,0.99950796,0,1.0002902,0.4337436640115858,4
10002,1.0002458,0,1.0000027,0.49840426958457373,4
10012,0.999378,0,1.0002284,0.44763590527529706,4
10017,1.0001252,0,0.99959594,0.5899241022340226,4
10021,0.99943256,0,0.999517,0.6076782792930512,4
10025,1.0044758,0,1.0000991,0.4767345187330705,4
10028,1.0037731,0,1.0003498,0.42033416472228924,4
10032,1.0044537,0,1.0009845,0.27752299729128116,4
10040,0.995869,0,0.9995492,0.600437149676831,4
10042,1.0009571,0,1.0001322,0.4692788371282216,4
10045,0.9899816,0,1.0004663,0.39410518411242523,4
10047,1.0036484,0,0.9996081,0.587188564379006,4
10054,1.0047047,0,1.0005318,0.3793815538927776,4
10055,1.0033436,0,1.0001773,0.45914125566551345,4
10056,1.0042485,0,1.000445,0.39890578485799344,4
10069,1.0020349,0,0.99869734,0.7920857135194572,4
10070,1.0030755,0,0.99915856,0.6883230080188806,4
10072,0.9963598,0,0.99984497,0.5338992142033416,4
10077,0.9993511,0,1.0000081,0.49719741464853706,4
10079,1.0025156,0,1.0000046,0.49797516560731625,4
10081,1.0086474,0,0.9996909,0.5685627698661733,4
10086,1.0022585,0,1.000255,0.4416552685922708,4
10099,1.0019403,0,1.000651,0.35256255531418457,4
10108,0.99973375,0,0.99968904,0.5689784643441413,4
10112,0.99514866,0,0.9996658,0.574208169066967,4
10115,1.0013025,0,1.0004913,0.38850001340949925,4
10117,1.0059751,0,0.9997794,0.5486496634215678,4
10119,0.99932855,0,0.9996483,0.5781505618580203,4
10123,1.0070506,0,0.99913937,0.6926408667900341,4
10126,1.0079569,0,0.99989057,0.5236409472470298,4
10136,1.005314,0,1.0007615,0.3277013436318288,4
10141,1.0064988,0,0.99941134,0.631453321532974,4
10171,1.0052371,0,0.99998564,0.5022527958806018,4
10176,1.0018796,0,1.0003054,0.43031083219352584,4
10179,0.99942034,0,1.0001383,0.4679110682007134,4
10183,1.0033246,0,0.9994301,0.6272293292568456,4
10184,1.0041686,0,1.0000687,0.48357336337061174,4
10187,1.0000398,0,1.0002704,0.4381956177756322,4
10188,1.0042887,0,0.9999338,0.5139190602622898,4
10200,0.99534655,0,0.99986947,0.5283879099954407,4
10201,0.99886584,0,0.9994636,0.6196931906562608,4
10209,0.99932826,0,0.99970657,0.5650360715530882,4
10212,0.99809164,0,0.99951607,0.6078928312816799,4
10225,0.99698985,0,1.0003291,0.4249738514763859,4
10227,1.0021352,0,1.0001585,0.4633518384423526,4
10231,1.00166,0,1.000049,0.48799849813607965,4
10241,1.000849,0,1.0005596,0.3731327272239655,4
10247,1.0027714,0,0.9996659,0.5741813500683884,4
10248,0.9977644,0,0.9995672,0.5963874808914635,4
10252,0.99926996,0,0.99992234,0.5164936841258347,4
10258,1.0040828,0,0.9997476,0.5558103360420522,4
10261,0.9968012,0,1.0006404,0.3549494461876793,4
10262,1.0015641,0,1.0003759,0.41446080403357743,4
10265,1.0019857,0,0.999957,0.5086893555394641,4
10273,0.99842083,0,1.0002935,0.4329927320513852,4
10281,1.0056732,0,1.0000516,0.4874084801673505,4
10282,0.9993639,0,1.0008029,0.318395151125057,4
10288,0.9945971,0,0.999957,0.5086893555394641,4
10289,1.001183,0,1.0008544,0.30680934373910473,4
10293,0.99877626,0,0.99954057,0.6023815270737791,4
10295,1.0007759,0,0.9997445,0.5565076300050956,4
10308,1.0005914,0,0.9999936,0.5004559229758361,4
10313,0.99597174,0,1.0006641,0.34961246547053937,4
10317,0.9970544,0,1.0005716,0.37042400836752754,4
10320,0.9964376,0,0.99970764,0.5647947005658809,4
10322,0.9973382,0,1.0003855,0.4122884651487113,4
10324,0.9988459,0,1.0002577,0.44103843162496315,4
10326,0.997676,0,0.99976856,0.5510901922922198,4
10336,1.001029,0,0.999556,0.5989084667578513,4
10339,1.0044873,0,0.99982625,0.5381097969801807,4
10340,1.0016204,0,1.0003363,0.4233647115616703,4
10345,0.99348545,0,1.0009698,0.28084855311502666,4
10347,1.002621,0,1.000139,0.4677501542092418,4
10363,0.9978828,0,1.0000342,0.49132405395982515,4
10364,1.0043936,0,1.0002087,0.45206104004076486,4
10368,0.9982248,0,0.9996045,0.5879931343363638,4
10370,1.0004735,0,0.99997455,0.5047469627484109,4
10382,0.99828476,0,0.99907964,0.7060771850779092,4
10385,1.007861,0,1.0000807,0.4808646445141739,4
10391,1.0040997,0,1.0005693,0.3709335693405208,4
10392,1.0064944,0,0.99977684,0.5492262718910076,4
10398,1.0037555,0,1.0001874,0.45686164078633307,4
10411,0.99410254,0,1.0000114,0.49644648268833647,4
10418,0.9981533,0,0.99988663,0.5245259742001234,4
10419,1.0060829,0,1.0003016,0.4311690401480409,4
10420,0.9935652,0,1.0004225,0.40397457558934746,4
10429,1.0002211,0,1.0007902,0.32123796497438784,4
10434,1.0031197,0,0.9999447,0.5114651218923485,4
10436,1.0027833,0,1.0004917,0.3883927374151849,4
10437,1.005309,0,1.0010786,0.2563628074127712,4
10445,0.99039114,0,1.0006292,0.35747043205406714,4
10452,0.9958306,0,1.0001384,0.4678842492021348,4
10453,0.99728703,0,0.99977595,0.549427414380347,4
10454,1.0046264,0,1.0001149,0.47316759192211766,4
10465,1.0072997,0,1.0002156,0.4505055381232065,4
10466,0.988402,0,1.0000174,0.4951055327594067,4
10467,1.0034993,0,1.0011573,0.23866226835089976,4
10469,1.001696,0,0.9998675,0.5288304234719876,4
10471,1.0030226,0,1.0003736,0.4149703650065707,4
10478,0.9949917,0,0.9994139,0.6308767130635342,4
10483,1.0034846,0,1.0002574,0.4411188886206989,4
10484,0.99947506,0,1.0003693,0.41593584895540003,4
10491,1.0006263,0,0.9999539,0.5093866495025076,4
10492,1.0028137,0,0.9989013,0.7461984069514844,4
10495,1.0080303,0,0.9991339,0.6938745407246494,4
10500,0.99945056,0,0.99946594,0.6191702201839784,4
10507,1.0042862,0,0.99983364,0.5364470190683079,4
10517,1.0072538,0,1.0008307,0.3121463244562448,4
10518,1.0037276,0,0.99974304,0.5568294579880387,4
10528,0.99868745,0,0.9995339,0.6038833909941803,4
10534,1.0061195,0,0.9999158,0.5179687290476573,4
10542,0.9996426,0,0.9994615,0.6201759326306755,4
10554,1.00054,0,1.0000849,0.47992597956392313,4
10558,1.0034971,0,1.0001371,0.4681792581864993,4
10567,1.0013702,0,0.9998537,0.5319414273071044,4
10569,1.0036781,0,1.0010208,0.26937002172338886,4
10570,1.0077072,0,1.0003017,0.4311422211494623,4
10572,1.0023594,0,0.9994386,0.6253251803577655,4
10576,0.9994588,0,1.0002645,0.43950974870598336,4
10577,1.0034895,0,0.99984145,0.5346903746614101,4
10579,1.0046368,0,1.0002804,0.4359428218950304,4
10584,1.0045605,0,0.9993532,0.6445409928393273,4
10586,1.0060729,0,1.0005754,0.36956580041301257,4
10587,1.0042261,0,1.0005581,0.3734545552069086,4
10592,1.0014066,0,0.99935305,0.6445678118379059,4
10597,0.99063087,0,1.0000092,0.4969560436613297,4
10599,1.0049274,0,0.9998108,0.5415828572961086,4
10612,1.0023882,0,1.000039,0.49025129401668144,4
10613,0.9980728,0,0.999443,0.6243328774103575,4
10615,0.9948613,0,0.99999946,0.49914179204548503,4
10621,1.0027581,0,0.9998975,0.5220854453294714,4
10622,0.9986015,0,0.99925274,0.667135999141792,4
10624,1.0057424,0,0.9997011,0.5662697454877035,4
10626,1.0013012,0,1.0000157,0.495480998739507,4
10643,0.98439586,0,0.999553,0.5995789417223161,4
10645,1.0007532,0,0.99969625,0.5673559149301365,4
10653,1.000404,0,1.0003475,0.4208437256952825,4
10656,1.0043373,0,1.0002584,0.4408775176334916,4
10660,0.9998685,0,0.9997655,0.551774076755974,4
10662,0.994886,0,0.9996667,0.5740070265776276,4
10665,1.0018325,0,0.99986464,0.5294740794378738,4
10675,1.0012325,0,1.0000592,0.48569206425832057,4
10677,0.9977221,0,0.99984705,0.5334298817282163,4
10689,0.9967373,0,1.0000927,0.4781559256577359,4
10694,0.99753827,0,1.0002102,0.45173921205782175,4
10697,1.0035965,0,1.000414,0.40587872448842766,4
10711,1.0025754,0,1.0007715,0.325448547751227,4
10713,1.0056151,0,0.9995324,0.6042186284764126,4
10721,1.0034425,0,0.99956447,0.5970043178587712,4
10725,0.995501,0,1.0000104,0.4966878536755438,4
10738,1.0009865,0,0.99929553,0.6575079786520771,4
10746,1.0004122,0,1.000135,0.46866200016091397,4
10751,1.0073178,0,0.99931985,0.6520369029420441,4
10756,1.003914,0,0.9999141,0.5183441950277576,4
10764,1.0030558,0,1.0001422,0.4670260412476198,4
10765,0.99022955,0,1.0000062,0.49762651862579454,4
10766,1.000561,0,1.0003823,0.4130125781103333,4
10769,1.0057594,0,0.9996172,0.5851369109877438,4
10781,0.99890375,0,0.99958545,0.5922841741089389,4
10782,0.9988607,0,0.99979734,0.5446134041354895,4
10789,1.0067059,0,0.99990946,0.5193901359723228,4
10795,0.9959739,0,0.9996286,0.5825756966234881,4
10796,1.0035878,0,1.0002643,0.43956338670314055,4
10797,1.001815,0,0.99989,0.5237616327406335,4
10798,0.99832016,0,1.0003803,0.4134685010861694,4
10802,1.0002973,0,0.99931115,0.6539946898382815,4
10810,1.0052832,0,1.0001675,0.46134041354895805,4
10825,1.0062445,0,0.9997447,0.5564539920079384,4
10837,0.9995068,0,0.9995088,0.6095287901949742,4
10841,1.001478,0,1.0001646,0.4619840695148443,4
10842,0.99802804,0,1.0002412,0.44476627242738753,4
10843,1.0035282,0,1.000092,0.47831683964920746,4
10844,1.0015317,0,1.0004185,0.404859602542441,4
10852,0.9977101,0,0.999747,0.5559444310349452,4
10863,1.0022984,0,1.0004967,0.387266339474884,4
10865,0.99846464,0,1.0008149,0.31568643226861914,4
10873,1.0002295,0,0.9992918,0.6583527771073028,4
10874,1.00269,0,1.0001879,0.4567543647920187,4
10875,1.0018612,0,0.99980587,0.5426958457371202,4
10878,1.0001532,0,1.0006688,0.34856652452597425,4
10880,1.003199,0,0.9994479,0.6232332984686352,4
10882,0.999391,0,0.9995056,0.6102529031565962,4
10889,0.99978536,0,1.0003177,0.4275484753399308,4
10891,1.0009766,0,0.9992731,0.6625499503848526,4
10895,0.9954275,0,1.0003861,0.41215437015581835,4
10896,1.0041534,0,1.0004898,0.38882184139244236,4
10901,0.998718,0,1.0002608,0.44034113766191973,4
10909,1.0016447,0,1.0001364,0.46834017217797086,4
10920,1.0067171,0,0.9998676,0.528803604473409,4
10943,0.99950236,0,1.0005919,0.3658647786091668,4
10945,0.99294597,0,0.99947447,0.6172526617856089,4
10951,1.000876,0,1.0002145,0.4507737281089924,4
10955,1.0012503,0,1.000451,0.3975648349290638,4
10956,0.99894,0,0.99926805,0.6636897578244428,4
10962,1.0010849,0,1.0002725,0.43771287580121754,4
10968,1.0031121,0,1.0000288,0.4925309088958618,4
10969,1.0035633,0,0.99937564,0.6394856116072626,4
10970,0.99062705,0,0.9988901,0.7487193928178721,4
10977,1.0055156,0,1.000033,0.4915922439456111,4
10987,1.0017658,0,0.9999352,0.5135972322793467,4
10988,1.0019333,0,1.00063,0.357282699064017,4
10989,0.9987175,0,1.0001744,0.4597849116313997,4
10992,0.9980959,0,1.0006944,0.3428004398315767,4
10994,1.0022168,0,0.99939996,0.6340145358972296,4
10996,1.0016279,0,0.99990696,0.5199533349424732,4
11010,0.987952,0,0.99979717,0.5446536326333575,4
11011,1.0038863,0,0.9993707,0.6405986000482742,4
11012,1.0007498,0,1.0009059,0.29522353635315257,4
11016,0.9944009,0,0.9994603,0.6204441226164614,4
11019,1.0005307,0,0.9998232,0.5387936814439349,4
11020,0.99957037,0,1.0005364,0.3783356129482125,4
11023,0.9987153,0,1.0001264,0.47059296805857265,4
11027,1.0067046,0,0.9998836,0.5252098586638775,4
11028,1.0015775,0,0.9995329,0.6041113524820982,4
11037,1.0039278,0,1.0000092,0.4969560436613297,4
11039,1.0004866,0,0.9999686,0.5060879126773405,4
11040,1.0055457,0,0.99943644,0.6258079223321802,4
11046,1.004021,0,1.0009388,0.28782149274546087,4
11047,1.0006838,0,0.9996055,0.5877785823477351,4
11048,1.0068842,0,0.99969715,0.567154772440797,4
11057,0.9982417,0,0.9997855,0.5472818944940596,4
11058,0.99882346,0,1.0003105,0.42915761525464635,4
11065,1.0034659,0,1.0005437,0.37669965403491834,4
11067,0.99685353,0,1.0002055,0.45278515300238686,4
11075,1.0039508,0,0.9999489,0.5105130474428086,4
11078,0.99687475,0,1.0001208,0.4718534609917666,4
11097,0.9962228,0,1.0003768,0.4142462520449487,4
11108,1.0062726,0,1.0003798,0.41357577708048376,4
11115,1.0042112,0,0.99962074,0.5843457505296752,4
11132,1.0002615,0,1.000285,0.4348968809504653,4
11142,1.0052038,0,1.000134,0.4688765521495427,4
11148,0.9962003,0,0.99957734,0.5941078660122832,4
11151,1.0000697,0,0.99986,0.530520020382439,4
11159,0.99925107,0,0.99958235,0.5929814680719823,4
11160,1.0007802,0,0.9999083,0.5196449164588195,4
11166,0.9992886,0,0.9994204,0.6294150776410009,4
11179,0.9993388,0,0.999617,0.585190548984901,4
11183,1.0024309,0,1.0001785,0.4588730656797275,4
11185,0.9986652,0,0.99912363,0.6961809746024084,4
11189,1.003069,0,1.0004762,0.39187920723040204,4
11190,1.0000538,0,1.0003605,0.4179204548502159,4
11191,0.99283326,0,1.000406,0.40767559739319337,4
11194,1.0011226,0,0.99957377,0.5949124359696409,4
11202,0.99978304,0,0.9998896,0.5238554992356586,4
11203,0.9993425,0,1.0007405,0.3324214873816612,4
11204,1.0015326,0,0.99980855,0.5420924182691018,4
11215,1.0062548,0,1.0002458,0.4437203314828224,4
11221,1.0004244,0,0.9993499,0.6452785153002387,4
11227,1.0014988,0,0.99915105,0.6900126049293319,4
11238,0.9986528,0,0.9998321,0.5367956660498296,4
11243,1.0031215,0,1.0001339,0.4689033711481213,4
11249,1.0055946,0,1.0012408,0.21986215034730605,4
11250,1.002096,0,0.99907285,0.7076058679968891,4
11257,0.992903,0,0.9996857,0.5697293963043419,4
11260,1.0002836,0,0.99963576,0.5809665567087725,4
11261,1.0052097,0,1.0000137,0.4959369217153432,4
11267,0.99961615,0,0.9998493,0.532920320755223,4
11275,1.0042256,0,0.9999115,0.5189342129964867,4
11288,1.0011175,0,0.99910146,0.7011693083380266,4
11293,1.0037973,0,1.0005685,0.37112130233057095,4
11295,1.0025249,0,1.000471,0.3930592431678601,4
11301,1.0007772,0,0.99989635,0.522340225815968,4
11305,1.006444,0,1.0008048,0.3179660471477995,4
11307,0.99833846,0,0.9993852,0.6373400917209752,4
11314,0.99800575,0,1.0002936,0.43296591305280663,4
11319,0.99852455,0,0.9997565,0.5537989111486576,4
11323,0.9975276,0,0.9994001,0.633987716898651,4
11332,1.0017002,0,1.0002663,0.43910746372730447,4
11333,1.0004067,0,0.999023,0.7188162094027408,4
11346,1.0015908,0,1.0000093,0.49692922466275113,4
11347,1.0001642,0,1.0001767,0.4592753506584064,4
11349,1.0005331,0,0.99980253,0.5434467776973209,4
11353,1.0017841,0,0.9999452,0.5113444363987449,4
11356,0.9975731,0,0.9997621,0.5525384182154638,4
11357,0.99726087,0,1.0006714,0.3479765065572451,4
11358,1.001254,0,0.9992568,0.6662241531901198,4
11361,1.0030452,0,1.0000651,0.4843779333279695,4
11368,1.0018203,0,1.0006156,0.3605277978920267,4
11380,0.99865216,0,0.9996812,0.5707485182503285,4
11399,1.004903,0,0.99927694,0.6616917424303377,4
11411,1.0009013,0,1.0006844,0.3450532357121785,4
11417,1.0003004,0,0.99995893,0.5082602515622067,4
11427,1.0048538,0,1.0003648,0.41695497090138656,4
11430,1.0002875,0,0.99946696,0.6189422586960602,4
11436,0.9938291,0,0.999752,0.5548180330946442,4
11438,1.0025942,0,0.99935865,0.643307318904712,4
11450,1.0022278,0,0.99935037,0.6451712393059243,4
11451,1.0014527,0,0.99990064,0.5213747418671386,4
11465,1.0029917,0,0.99958783,0.5917477941373669,4
11472,1.0044653,0,1.0000671,0.48392201035213345,4
11473,1.0067673,0,0.99989736,0.52211226432805,4
11475,1.0019673,0,0.99942935,0.6274036527476063,4
11480,0.99977916,0,1.0001013,0.4762249577600772,4
11484,1.000269,0,0.99980223,0.5435138251937672,4
11487,1.0025699,0,0.99997157,0.5054174377128757,4
11493,0.9984491,0,1.0005307,0.37962292487998495,4
11494,1.0056707,0,1.0001582,0.4634322954380884,4
11507,0.9995621,0,0.9998813,0.5257194196368707,4
11509,0.99620944,0,0.99999315,0.5005631989701504,4
11512,1.001623,0,1.0000714,0.4829565264033041,4
11514,0.99982405,0,1.000363,0.41735725588006545,4
11521,1.0004826,0,0.9991981,0.679432509990077,4
11540,1.0022993,0,1.0001197,0.47209483197897395,4
11544,1.0035628,0,1.0001442,0.46657011827178374,4
11565,1.0057487,0,1.0004609,0.3953388580470405,4
11568,1.0030538,0,1.0000398,0.4900635610266313,4
11569,1.001334,0,0.99933916,0.6476922251723121,4
11570,1.003224,0,1.0002418,0.44463217743449457,4
11571,0.99797535,0,0.99954075,0.6023412985759111,4
11573,1.0015168,0,1.0000178,0.49502507576367094,4
11575,1.002839,0,1.000345,0.42140692466543295,4
11579,1.0023093,0,0.99987715,0.5266580845871216,4
11581,0.99743164,0,1.000003,0.49835063158741655,4
11585,1.0007772,0,0.9997024,0.565974736503339,4
11588,1.0037721,0,1.0001767,0.4592753506584064,4
11589,1.0014751,0,1.0008144,0.3157937082629335,4
11593,0.9988941,0,0.9999147,0.5182101000348647,4
11596,1.0009159,0,0.9999388,0.512792662321989,4
11598,1.0001035,0,1.0011091,0.24949714377665133,4
11600,1.0061738,0,1.0001934,0.45552069085740343,4
11607,1.0031976,0,0.9997373,0.5581167699198112,4
11609,0.9993206,0,0.99983865,0.535320621128007,4
11610,0.99593836,0,1.0001353,0.4685815431651782,4
11611,1.0057149,0,0.99982035,0.5394373374098211,4
11613,1.0009003,0,0.9996962,0.5673693244294258,4
11614,0.9831814,0,1.0005078,0.38477217260707486,4
11627,1.0061184,0,1.0001945,0.4552525008716175,4
11637,1.0033569,0,0.99941194,0.631319226540081,4
11642,1.0034401,0,1.0001087,0.4745621798482045,4
11643,1.0032953,0,0.999985,0.5024003003727842,4
11648,1.005323,0,0.9995457,0.6012283101348996,4
11650,0.9987271,0,1.0003663,0.41660632391986485,4
11659,1.0084634,0,0.999479,0.6162335398396224,4
11670,0.99740446,0,0.99939436,0.6352750288304234,4
11673,0.99608785,0,1.000122,0.4715852710059807,4
11690,1.0008394,0,1.0001466,0.4660337383002119,4
11691,1.0003498,0,0.99946815,0.6186740687102743,4
11696,0.99461913,0,1.0003221,0.42655617239252286,4
11704,1.0021697,0,1.0000229,0.49387185882479145,4
11714,0.99807435,0,1.0000793,0.481186472497117,4
11717,1.0030553,0,0.9996421,0.5795451497841071,4
11718,0.9994022,0,0.9997084,0.56462037707512,4
11719,1.0028524,0,0.9998277,0.5377879689972376,4
11724,1.0028845,0,0.9989528,0.7346125995655322,4
11725,0.9965513,0,0.9998996,0.5216027033550568,4
11732,1.0002061,0,1.0004941,0.387856357443613,4
11741,1.0036297,0,0.99933845,0.6478531391637836,4
11742,1.0004342,0,1.0003408,0.4223455896156838,4
11749,0.9978172,0,1.0003465,0.42105827768391124,4
11751,0.99633783,0,0.9998211,0.5392630139190603,4
11767,1.000275,0,1.0002671,0.4389197307372543,4
11771,0.9981107,0,0.9995062,0.6101188081637032,4
11772,1.0041695,0,1.000879,0.30125781103333604,4
11776,1.0017836,0,1.0004531,0.397082092954649,4
11779,1.0048282,0,0.9999386,0.5128328908198567,4
11780,1.0037831,0,1.0002245,0.4485209322283906,4
11784,1.0011426,0,1.0000073,0.4973851476385872,4
11790,0.992299,0,0.999797,0.5446938611312253,4
11791,1.0012676,0,0.9998818,0.5256121436425564,4
11797,1.0068071,0,1.0003908,0.41110842921125323,4
11803,1.0005028,0,1.0005507,0.37511733311878137,4
11804,1.0069643,0,1.0005698,0.3708262933462064,4
11806,1.0024984,0,0.9994028,0.6333708799313433,4
11817,1.009214,0,0.9993841,0.6375814627081825,4
11826,1.0031543,0,0.9998351,0.5361251910853648,4
11838,1.0004522,0,0.9995026,0.610923378121061,4
11842,0.99722993,0,0.9997464,0.5560785260278381,4
11845,1.0011835,0,1.0003966,0.4097942982809022,4
11846,1.0023124,0,0.9998222,0.539021642931853,4
11852,1.0011895,0,1.0002272,0.447904095261083,4
11855,1.0031457,0,0.9996852,0.5698366722986563,4
11856,1.0003798,0,0.99991053,0.5191487649851154,4
11870,1.0023117,0,1.0004662,0.3941320031110038,4
11872,1.0060673,0,0.999508,0.6097031136857349,4
11873,1.0052185,0,0.9995511,0.6000080456995736,4
11876,0.9985808,0,1.0003018,0.43111540215088373,4
11887,1.0020267,0,0.9996117,0.5863839944216482,4
11888,1.0021056,0,0.99991363,0.518451471022072,4
11891,1.0079426,0,0.9999584,0.5083809370558103,4
11898,0.99762475,0,1.0004818,0.3906187142972082,4
11900,0.9979216,0,0.999898,0.5219647598358677,4
11901,1.0018939,0,1.0004063,0.4076219593960362,4
11902,1.0000561,0,0.9998769,0.5267117225842788,4
11903,0.9999016,0,1.0001884,0.4566470887977043,4
11907,1.0013082,0,0.9999575,0.5085820795451498,4
11908,1.0008936,0,0.9996496,0.5778555528736558,4
11909,1.0027851,0,1.0007405,0.3324214873816612,4
11911,1.0000544,0,1.0001347,0.46871563815807116,4
11912,1.0046512,0,1.0003446,0.4214873816611687,4
11918,0.99995166,0,1.0002699,0.4383028937699466,4
11923,0.9972856,0,0.9992927,0.6581516346179634,4
11927,1.0002426,0,0.99966276,0.5748920535307211,4
11931,1.002634,0,1.0006882,0.34419502775766353,4
11932,1.0070696,0,1.0000442,0.48907125807922336,4
11934,1.0004257,0,1.0005687,0.37106766433341376,4
11936,1.0050851,0,0.99982023,0.5394641564083997,4
11938,0.9886313,0,1.0001177,0.47255075495481,4
11940,1.000963,0,0.9996111,0.5865180894145412,4
11945,1.0041815,0,1.0005782,0.36894896344570494,4
11946,1.0013715,0,1.0002503,0.4427012095368359,4
11958,1.0042452,0,1.0004014,0.4087215383377585,4
11968,0.9999349,0,0.9995175,0.6075710032987368,4
11970,0.9952159,0,1.0000628,0.4848874943009628,4
11985,0.99410874,0,0.9999899,0.5012873119317725,4
11992,0.999972,0,1.000329,0.4250006704749645,4
11994,1.0045764,0,1.0003974,0.40960656529085204,4
5,0.97940403,1,0.9997273,0.5603695658004131,5
26,0.94099945,1,0.99981517,0.5406039638479899,5
183,0.95760137,1,1.0002319,0.4468581543165179,5
468,0.94965446,1,1.000709,0.3395017030064097,5
501,0.9710452,1,0.9993008,0.656327942714619,5
635,0.9646676,1,1.0003692,0.4159626679539786,5
658,0.85959584,1,1.0007101,0.33926033201920236,5
666,0.87909573,1,1.0001727,0.46016037761149997,5
1044,0.9333662,1,1.0004383,0.40040764877839463,5
1397,0.96196645,1,1.0007197,0.33711481213291494,5
1405,0.9344703,1,0.9999464,0.511076246412959,5
1590,0.9479631,1,0.99946755,0.6188081637031673,5
1592,0.939198,1,0.9996591,0.5757100329873682,5
3478,0.97802335,1,0.99994856,0.5105935044385443,5
3535,0.9798917,1,0.9992545,0.6667337141631131,5
4092,0.9670999,1,1.0004652,0.39437337409821116,5
4290,0.979678,1,1.0012312,0.22203448923217206,5
4325,0.96338505,1,1.0008461,0.30865985464102774,5
4684,0.9780613,1,1.0002313,0.44699224930941084,5
4977,0.96646565,1,0.99934,0.6475044921822619,5
5488,0.9631438,1,0.9992728,0.6626169978812991,5
5532,0.9746784,1,1.0002123,0.4512564700834071,5
5691,0.9759877,1,0.9999663,0.5065974736503339,5
5849,0.9673103,1,0.998874,0.7523399576259823,5
6195,0.96049684,1,1.0005535,0.37450049615147374,5
6284,0.9652337,1,1.0000443,0.48904443908064477,5
6637,0.9764072,1,1.0004439,0.3991471558452008,5
6640,0.9432758,1,1.000227,0.4479577332582402,5
6924,0.9763195,1,1.0005249,0.380937055810336,5
7051,0.9740356,1,0.999713,0.5635878456298442,5
7100,0.9548738,1,1.0017072,0.11494622790784992,5
7180,0.9770264,1,1.0006989,0.3417813178855902,5
7366,0.96039367,1,1.0000842,0.4800868935553947,5
7384,0.96155906,1,0.9999354,0.5135570037814787,5
7861,0.9768538,1,1.000439,0.4002467347869231,5
8210,0.96238774,1,1.0002575,0.44109206962212033,5
8651,0.89999044,1,0.99990517,0.5203556199211521,5
8854,0.9065213,1,1.0000255,0.4932818408560624,5
8952,0.9717532,1,0.9994264,0.628060718212782,5
9379,0.956034,1,0.9996103,0.5866924129053022,5
9515,0.9581097,1,1.0011292,0.24499155201544776,5
9922,0.9519617,1,1.0003914,0.41097433421836027,5
10300,0.963892,1,1.000064,0.48461930431517686,5
10770,0.96670437,1,0.99962795,0.5827232011156703,5
11387,0.9797569,1,1.0005912,0.36602569260063833,5
11680,0.9729595,1,1.0004879,0.38925094536969984,5
11792,0.96850663,1,0.99964947,0.5778823718722343,5
11881,0.97882813,1,1.0004672,0.3939174511223751,5
,0.9844957,0,0.9997876,0.546799152519645,5
7,1.0013509,0,1.000728,0.33523748223241345,5
8,1.0052768,0,1.0002502,0.4427280285354145,5
10,0.9997308,0,1.0002338,0.4464290503392603,5
12,0.99342185,0,0.99932057,0.6518759889505725,5
13,0.9922186,0,1.0001506,0.4651487113471183,5
23,1.000165,0,1.0005585,0.37337409821117284,5
27,1.0032015,0,1.0009819,0.2781130152600102,5
29,1.0018443,0,1.0005307,0.37962292487998495,5
32,0.99770427,0,1.000459,0.395767962024298,5
39,1.0035881,0,1.0009742,0.2798562501676187,5
41,0.99358726,0,0.9995344,0.6037627055005765,5
52,1.0028256,0,1.0009067,0.2950358033631024,5
54,1.0000235,0,1.0003572,0.4186713868104165,5
64,0.9942565,0,0.99989074,0.5236007187491619,5
75,1.0017174,0,1.0014268,0.17802451256470087,5
84,1.0017009,0,1.0009847,0.27749617829270257,5
85,0.9933152,0,1.0004864,0.38959959235122166,5
90,1.000075,0,1.0012398,0.22010352133451339,5
92,0.99913436,0,1.0003431,0.42183602864269043,5
98,0.99963856,0,1.0006783,0.3464210046396867,5
103,0.9973897,0,0.9998777,0.5265373990935178,5
117,1.005055,0,1.0004436,0.39922761284093655,5
121,0.99291754,0,0.9991743,0.6847829002065062,5
130,1.0024313,0,1.0008367,0.31077855552873657,5
132,1.0001833,0,1.0001155,0.4730334969292247,5
133,1.0001991,0,0.9999998,0.49906133504974926,5
135,1.0032068,0,0.99996066,0.5078713760828171,5
140,1.0049536,0,0.9998326,0.5366883900555153,5
143,1.0033084,0,0.99917835,0.6838710542548341,5
144,1.0027341,0,1.0002328,0.446643602327889,5
146,1.0044376,0,1.0003201,0.42701209536835893,5
150,1.003099,0,1.0008559,0.30646069675758303,5
168,1.0017241,0,1.0003914,0.41097433421836027,5
179,1.0045855,0,1.0013165,0.20283208624989946,5
186,1.0006337,0,1.0005285,0.3801324858529782,5
193,0.99364537,0,0.99952227,0.6064982433555931,5
197,0.9934224,0,1.0010359,0.2659640089039075,5
201,1.0052304,0,1.0005343,0.37881835492262717,5
205,0.9998659,0,1.0002606,0.4403947756590769,5
206,0.998123,0,1.000455,0.39665298897739154,5
209,1.0010766,0,1.0006657,0.34926381848901766,5
215,1.0003744,0,1.0000111,0.49652693968407224,5
217,1.0026008,0,1.000775,0.3246707967924478,5
229,0.9987834,0,0.99984556,0.5337651192104487,5
233,1.0008235,0,0.99993926,0.5126853863276746,5
247,1.0009928,0,1.0003666,0.41655268592270767,5
248,1.0023209,0,1.0013785,0.18888620698903102,5
254,0.9909386,0,1.0003363,0.4233647115616703,5
261,1.0036004,0,1.0005095,0.38439670662697456,5
263,1.0011986,0,0.9992618,0.665097755249819,5
264,1.0023469,0,1.0009007,0.29637675329203206,5
271,1.0031544,0,1.0006424,0.35449352321184324,5
274,1.0036862,0,1.000153,0.4646123313755465,5
280,0.99949664,0,1.0014292,0.177488132593129,5
290,0.9922081,0,1.0000945,0.477753640679057,5
294,1.0024565,0,1.0012143,0.22584278703033234,5
295,1.0018798,0,1.0000668,0.4840024673478692,5
299,1.003828,0,1.0004227,0.4039209375921903,5
301,1.0027661,0,0.99941504,0.6306219325770376,5
302,1.0012898,0,0.9998773,0.5266312655885429,5
308,0.9971294,0,0.9998077,0.542280151259152,5
311,1.0005708,0,1.0008546,0.30675570574194755,5
312,0.9847221,0,1.0001107,0.4741062568723684,5
313,1.0023031,0,0.9998122,0.5412744388124547,5
317,1.0055417,0,0.99964494,0.5789014938182209,5
323,0.999074,0,0.9998941,0.5228497867889613,5
327,1.0035757,0,0.99995387,0.5094000590017969,5
339,0.99780786,0,1.0001743,0.45981173062997827,5
351,0.99850774,0,1.0005357,0.37849652693968405,5
363,0.9999123,0,0.9992611,0.6652586692412905,5
368,1.0029083,0,1.001346,0.19620779360098695,5
372,1.0018624,0,1.000389,0.4115107141899321,5
373,1.0040717,0,1.0002487,0.4430766755169362,5
378,1.0039864,0,1.0005419,0.37710193901359723,5
381,1.0048203,0,1.0004078,0.4072733124145145,5
382,0.9958679,0,0.9998985,0.5218574838415533,5
392,1.0003612,0,0.99988127,0.52573282913616,5
393,1.0054598,0,0.9998974,0.5220988548287606,5
404,0.9979562,0,1.0003769,0.4142194330463701,5
407,1.0024221,0,0.9994704,0.618164507737281,5
410,1.0070298,0,0.9996814,0.5706948802531713,5
418,1.0020407,0,1.0002261,0.4481454662482903,5
422,1.0026313,0,0.9990911,0.7035025612143643,5
439,1.0017163,0,0.99967813,0.5714324027140827,5
447,0.996085,0,0.9997733,0.5500174323490761,5
450,1.0043441,0,0.99997586,0.5044519537640464,5
451,1.0007404,0,0.9996124,0.5862230804301767,5
459,1.00048,0,1.0005527,0.3746882291415239,5
462,1.0018723,0,1.0009412,0.287285112773889,5
464,0.99449676,0,0.99967307,0.5725722101536729,5
472,1.0052705,0,1.0008755,0.3020623809906938,5
475,0.9999918,0,1.0001727,0.46016037761149997,5
477,1.0017548,0,0.9998559,0.5314452758334004,5
480,0.9979953,0,1.0008407,0.309893528575643,5
485,1.0011816,0,0.9993838,0.637648510204629,5
487,1.0015993,0,0.9995435,0.6017244616086035,5
493,1.0020095,0,1.0006994,0.3416740418912758,5
496,0.99124724,0,1.0002793,0.43618419288223775,5
498,0.99449146,0,0.9990616,0.710140263362566,5
500,1.0022737,0,1.0000561,0.486389358221364,5
511,1.0028423,0,1.0001107,0.4741062568723684,5
513,1.0028989,0,1.0007318,0.3343792742778985,5
514,1.0019732,0,1.0003415,0.42218467562421225,5
518,1.0068785,0,1.0001501,0.4652559873414327,5
522,1.006145,0,1.0002565,0.4413066216107491,5
541,1.0045843,0,1.0008504,0.3076943706921984,5
545,1.005004,0,1.0002251,0.44838683723549766,5
546,1.004313,0,1.0001961,0.4549038538900957,5
560,1.0001525,0,1.000462,0.39507066806125457,5
572,0.9998678,0,1.0000602,0.4854775122696918,5
580,1.0012872,0,0.99972504,0.5608791267734063,5
587,0.9985069,0,0.9994712,0.6179901842465203,5
591,1.0023592,0,0.9995001,0.6114865770912115,5
595,1.0044585,0,1.0004692,0.393461528146539,5
600,0.9936704,0,1.0005604,0.37294499423391525,5
603,1.0002584,0,0.999932,0.5143213452409687,5
610,1.0071685,0,0.99986976,0.5283208624989943,5
611,1.0025916,0,1.0008197,0.3146136723254753,5
614,1.0044693,0,0.9995664,0.5965752138815137,5
616,0.9968929,0,1.0014807,0.16590232520717674,5
624,0.99907315,0,1.0001613,0.46273500147504487,5
627,1.0019454,0,1.0001372,0.4681524391879207,5
631,0.989893,0,0.9993626,0.6424222919516185,5
639,0.9953344,0,1.0002095,0.4519001260492933,5
640,1.0004879,0,1.0004804,0.3909405422801513,5
641,1.0010287,0,1.0005717,0.37039718936894894,5
645,1.0022998,0,0.99986964,0.5283476814975729,5
648,1.0027043,0,1.0006391,0.35524445517204384,5
652,0.99731797,0,0.99966484,0.5744227210555958,5
659,0.99890393,0,1.000028,0.49271864188591197,5
663,0.9811872,0,0.999263,0.664829565264033,5
682,1.0017353,0,1.000596,0.36492611365891603,5
685,1.001444,0,1.0003415,0.42218467562421225,5
686,1.0021135,0,0.99952745,0.6053316169174243,5
712,1.0064491,0,0.99982256,0.5389411859361172,5
720,0.99752986,0,0.9995153,0.6080671547724408,5
725,0.99477905,0,0.9999961,0.49989272400568563,5
733,0.9975309,0,1.0001689,0.46101858556601494,5
734,1.0021852,0,1.0001698,0.4608308525759648,5
740,0.998125,0,1.0005493,0.3754391611017245,5
752,1.0058306,0,1.0003965,0.4098211172794808,5
760,1.0004892,0,1.0000519,0.4873548421701933,5
764,1.0015796,0,1.0002887,0.43406549199452893,5
772,1.0020941,0,1.0012769,0.21176281277657094,5
782,0.9942229,0,1.0006982,0.34194223187706174,5
785,1.0013907,0,1.0000147,0.49572236972671435,5
792,1.0009322,0,0.9994088,0.6320299300024137,5
796,0.9971358,0,0.99982285,0.5388741384396707,5
800,1.0030364,0,1.0001403,0.4674551452248773,5
814,1.0033445,0,0.9992668,0.6639713573095181,5
830,0.9991518,0,0.9996423,0.5794915117869499,5
836,1.0051273,0,1.0017313,0.10952879019497408,5
845,0.99958056,0,1.0000902,0.47871912462788635,5
854,1.0020288,0,0.9999387,0.5128060718212781,5
859,1.0003977,0,1.000322,0.42658299139110145,5
861,1.000911,0,0.999463,0.6198272856491538,5
862,1.0048404,0,1.0000175,0.4950787137608281,5
867,1.0007354,0,1.0008467,0.3085257596481348,5
872,1.002423,0,0.9998502,0.5327191782658836,5
873,1.0048158,0,1.0003161,0.4278971223214525,5
875,1.0026265,0,1.0002284,0.44763590527529706,5
886,1.0042529,0,1.0001582,0.4634322954380884,5
889,0.99979407,0,0.9998997,0.5215892938557674,5
897,1.0043885,0,0.9994954,0.6125459275350658,5
898,1.0025187,0,0.9997422,0.5570171909780889,5
899,0.9992255,0,1.0012412,0.21978169335157027,5
910,1.0088263,0,1.0007026,0.3409499289296538,5
923,1.007854,0,1.0001371,0.4681792581864993,5
927,0.9993835,0,1.0003561,0.4189127577976238,5
929,0.99903846,0,1.0002241,0.4486013892241264,5
932,1.0007716,0,1.0002352,0.44610722235631717,5
934,1.0035647,0,0.99966395,0.5746238635449352,5
947,1.0055927,0,1.0004002,0.4089897283235444,5
950,1.0024692,0,1.0000243,0.49355003084184834,5
961,1.0007267,0,0.99975204,0.554804623595355,5
965,1.0005249,0,1.001251,0.21758253546812567,5
972,1.0050901,0,1.0007098,0.33934078901493814,5
975,1.0052538,0,1.0006133,0.36103735886502,5
988,0.99540484,0,0.99936146,0.6426770724381152,5
991,0.995239,0,1.0002692,0.43846380776141813,5
992,1.0052007,0,0.9991804,0.683415131278998,5
993,1.0026014,0,1.0006444,0.35403760023600717,5
994,1.0009952,0,1.0004225,0.40397457558934746,5
1002,0.99900407,0,0.9998441,0.5341003566926811,5
1003,1.0066235,0,1.0008066,0.31756376216912063,5
1013,0.99793607,0,1.0013187,0.2023493442754848,5
1028,0.9945465,0,1.0000743,0.4823128704374179,5
1031,0.99781793,0,0.9999318,0.5143615737388366,5
1034,1.0031681,0,1.0006641,0.34961246547053937,5
1035,1.0002772,0,0.99992657,0.5155416096762947,5
1036,0.99778455,0,0.9996419,0.5795853782819749,5
1037,1.0043862,0,1.0003668,0.4164990479255505,5
1043,1.0085123,0,1.0008377,0.3105640035401078,5
1045,0.99993336,0,1.0011228,0.24641295894011317,5
1049,1.0086902,0,1.0018607,0.08040335773862206,5
1056,1.0026956,0,1.0012265,0.22308043017673718,5
1059,1.0009214,0,0.9998371,0.5356692681095288,5
1068,0.9990631,0,1.0001389,0.4677769732078204,5
1069,0.99841994,0,1.0006369,0.3557271971464585,5
1076,1.000943,0,0.99999315,0.5005631989701504,5
1085,0.99694633,0,0.99930507,0.6553624587657897,5
1091,1.0017105,0,0.9993286,0.6500657065465176,5
1095,1.002265,0,1.0002397,0.44508810041033064,5
1100,1.0063182,0,1.0004479,0.3982621288921072,5
1118,1.0017042,0,1.0001894,0.456405717810497,5
1119,1.0002832,0,1.0012565,0.2163488615335103,5
1120,0.9890723,0,1.0006621,0.35006838844637544,5
1130,1.0057172,0,0.99955493,0.5991498377450586,5
1134,1.0044454,0,1.0012289,0.22254405020516532,5
1136,0.99935347,0,1.0001467,0.4660069193016333,5
1138,1.0021204,0,1.00116,0.23804543138359213,5
1139,1.0036337,0,1.0000632,0.484807037305227,5
1147,0.99958956,0,1.000518,0.3824925577278945,5
1159,1.0001646,0,1.0009458,0.2862391718293239,5
1161,1.0026582,0,1.0001053,0.47533993080698367,5
1163,0.99516964,0,1.0000724,0.48274197441467537,5
1165,1.0060477,0,1.00099,0.2762893233566659,5
1178,0.99647146,0,0.9996095,0.5868801458953523,5
1188,1.0073082,0,1.0003779,0.41400488105774136,5
1190,1.0038145,0,0.99972767,0.5602891088046773,5
1200,0.9990617,0,1.0005425,0.37696784402070427,5
1202,1.0040195,0,1.0004255,0.40330410062488264,5
1207,0.99772817,0,0.9997256,0.5607584412798026,5
1211,1.0013173,0,1.0003358,0.4234719875559847,5
1229,1.0041053,0,1.0015013,0.1612626384530802,5
1239,1.0001882,0,1.0009457,0.2862659908279025,5
1244,1.0005901,0,1.0004908,0.3886072894038136,5
1269,1.003749,0,1.0002782,0.4364255638694451,5
1272,1.0042645,0,1.0009611,0.28280634001126403,5
1277,1.0048057,0,1.0007454,0.3313219084399388,5
1282,0.98277855,0,0.9996506,0.5776275913857376,5
1289,0.9996913,0,1.0004269,0.40298227264193953,5
1291,1.0039204,0,1.0005976,0.3645774666773942,5
1294,0.998822,0,0.9993109,0.6540483278354386,5
1300,0.9980519,0,1.0011197,0.24711025290315658,5
1303,1.0009416,0,0.99958044,0.5934105720492397,5
1305,1.0030507,0,1.000707,0.33995762598224577,5
1309,1.0011114,0,1.0002209,0.4493255021857484,5
1316,1.0026039,0,1.0007087,0.3395821600021455,5
1328,1.0035622,0,1.0002073,0.452382868023708,5
1335,0.9961456,0,0.9997503,0.5551934990747445,5
1336,1.0038974,0,1.0005232,0.3813125217904364,5
1338,0.9950999,0,0.9998433,0.5342746801834419,5
1342,0.9991242,0,1.0014124,0.18126961139271058,5
1351,0.9991306,0,1.000352,0.419824603749296,5
1354,1.0020653,0,1.000183,0.457853943733741,5
1355,1.0010186,0,0.9998362,0.5358704105988683,5
1359,1.0055724,0,1.0006564,0.3513557003781479,5
1367,1.0070817,0,0.9997623,0.552498189717596,5
1371,1.0015545,0,0.99917,0.6857483841553356,5
1373,1.0014522,0,0.99964684,0.5784723898409634,5
1380,1.0005597,0,0.99949867,0.6118084050741546,5
1384,1.0015979,0,1.0008054,0.31783195215490656,5
1385,1.0022466,0,0.9997855,0.5472818944940596,5
1391,1.0011456,0,1.0006963,0.3423713358543192,5
1399,1.0008448,0,1.00044,0.40003218279829433,5
1401,1.0023001,0,1.0002497,0.44283530452972886,5
1407,1.0039572,0,0.99975663,0.553772092150079,5
1412,1.0031916,0,0.999911,0.519041488990801,5
1414,1.0024387,0,1.0012698,0.2133451336927079,5
1415,0.9990885,0,1.0001054,0.4753131118084051,5
1416,1.0053288,0,1.0000106,0.4966342156783866,5
1428,1.0007241,0,1.0009305,0.28967200364738377,5
1440,1.0068263,0,0.9998075,0.5423337892563092,5
1442,1.004252,0,1.0000125,0.49620511170112913,5
1444,1.0040542,0,1.0010532,0.26207525411001154,5
1455,1.0003532,0,1.0006332,0.356558586102395,5
1456,1.0023806,0,1.0004101,0.4067637514415212,5
1459,1.0034206,0,1.0005335,0.3790060879126773,5
1471,1.0020773,0,1.0001148,0.47319441092069625,5
1475,1.0045012,0,1.0004083,0.4071660364202001,5
1477,1.0072478,0,1.0007032,0.34081583393676085,5
1481,0.9975785,0,0.9995718,0.5953549494461876,5
1483,1.0032401,0,1.0005281,0.380212942848714,5
1486,1.0048672,0,1.0007204,0.3369538981414434,5
1488,0.99962926,0,0.9995035,0.6107222356317215,5
1495,0.99804085,0,0.99965745,0.5760854989674686,5
1507,1.0063869,0,1.0013264,0.20060610936787615,5
1509,1.011313,0,1.0002711,0.43803470378416065,5
1520,0.9951931,0,1.0004097,0.406844208437257,5
1529,1.0012764,0,1.0008731,0.3025987609622657,5
1533,1.0037643,0,1.0012494,0.21793118244964738,5
1537,1.0049778,0,1.0005285,0.3801324858529782,5
1540,1.0036021,0,1.0003455,0.4212996486711186,5
1564,1.0054014,0,1.0006187,0.3598305039289833,5
1574,0.9974344,0,0.99940526,0.6328210904604822,5
1575,1.0023237,0,1.0000907,0.478611848633572,5
1576,1.0012579,0,1.0009465,0.28607825783785235,5
1602,1.0034711,0,1.0008742,0.30235738997505834,5
1605,1.0028093,0,0.99963623,0.5808592807144581,5
1613,0.9965013,0,0.99952793,0.60522434092311,5
1615,1.0033814,0,0.9999096,0.5193633169737442,5
1620,1.001759,0,1.0003401,0.42250650360715536,5
1622,1.0066882,0,1.0001547,0.4642100463968676,5
1630,1.0020101,0,1.0013868,0.18703569608710813,5
1631,1.0021273,0,0.9997486,0.5555823745541342,5
1633,1.0068291,0,1.0003047,0.4304717461849975,5
1636,1.0043658,0,1.0002868,0.4344945959717864,5
1637,0.9955423,0,1.0009857,0.27725480730549523,5
1641,0.9963316,0,1.0007397,0.33260922037171137,5
1645,0.9992781,0,1.0001681,0.4612063185560651,5
1648,1.0039696,0,1.0009687,0.281089924102234,5
1650,0.99837154,0,1.0003152,0.42811167431008124,5
1667,0.99174863,0,0.9999531,0.5095743824925577,5
1684,1.0029632,0,1.0009483,0.28567597285917345,5
1688,0.99929494,0,1.0001435,0.4667310322632553,5
1697,1.001894,0,0.9999659,0.506691340145359,5
1715,1.0043038,0,1.0000339,0.4914045109555609,5
1719,0.9945885,0,0.9998532,0.5320487033014187,5
1725,1.0029039,0,1.0000881,0.479201866602301,5
1731,0.9889704,0,1.0002831,0.4353259849277228,5
1736,1.0087446,0,1.000257,0.4411993456164347,5
1744,0.9983909,0,0.9987535,0.7794539651889398,5
1757,1.0035776,0,1.0001281,0.47019068307989376,5
1765,1.0055282,0,1.0009874,0.27687934132539493,5
1771,1.0021062,0,1.0007613,0.327754981628986,5
1781,1.001375,0,1.0001825,0.45796121972805537,5
1783,0.99976957,0,0.9999114,0.5189476224957761,5
1793,1.0048852,0,1.0009459,0.2862123528307453,5
1794,1.0081239,0,0.9998946,0.5227291012953577,5
1800,0.99973834,0,1.0006623,0.35001475044921826,5
1820,0.99972403,0,0.99987125,0.5279856250167618,5
1833,1.0007292,0,1.0006026,0.3634510687370933,5
1841,1.0034226,0,0.9998966,0.5222865878188108,5
1846,0.9995482,0,0.9996609,0.5753077480086893,5
1852,1.0014044,0,0.9996497,0.5778287338750772,5
1859,0.98389965,0,1.0000225,0.49395231582052723,5
1860,0.9984445,0,1.0005087,0.3845844396170247,5
1861,1.006456,0,1.000009,0.4970096816584869,5
1868,1.0025371,0,0.99889404,0.7478343658647786,5
1872,0.9980536,0,0.99933547,0.6485236141282484,5
1877,1.0006433,0,0.9999367,0.5132619947971142,5
1888,0.9943844,0,1.0000807,0.4808646445141739,5
1889,0.9993774,0,1.0017926,0.09574382492557731,5
1890,1.0043434,0,1.0007232,0.33631024217555716,5
1899,0.9987209,0,1.0002972,0.43216134309544885,5
1902,0.99410474,0,0.9989583,0.7333789256309169,5
1903,0.9974794,0,1.0015574,0.1486577091211414,5
1910,1.0065676,0,1.0008025,0.3184756081207928,5
1911,0.9945891,0,0.9996789,0.5712580792233217,5
1919,0.99822277,0,1.000463,0.39485611607262583,5
1924,1.0055108,0,0.9999118,0.5188671655000403,5
1925,1.0034853,0,1.0012057,0.227773754927991,5
1929,0.9968515,0,1.0005445,0.3765119210448682,5
1934,1.0023165,0,1.0004568,0.39625070399871265,5
1935,1.0006365,0,1.000461,0.3953120390484619,5
1941,1.001195,0,1.0006025,0.3634778877356719,5
1944,1.0016813,0,1.0006136,0.3609837208678628,5
1947,1.0024561,0,1.0005308,0.37959610588140635,5
1948,0.9967724,0,1.001185,0.23241344168208755,5
1954,0.9985047,0,0.99953115,0.604500227961488,5
1955,0.9971639,0,0.99947876,0.6162871778367796,5
1964,1.0042001,0,0.99948525,0.6148255424142463,5
1966,0.99834585,0,1.000518,0.3824925577278945,5
1971,1.000945,0,0.999867,0.528937699466302,5
1989,0.99964106,0,1.0002877,0.43430686298173626,5
2002,0.99837774,0,0.9994678,0.6187545257060101,5
2004,1.0061942,0,1.0004051,0.4078901493818221,5
2008,0.99385786,0,0.9999961,0.49989272400568563,5
2016,0.9990316,0,0.99977934,0.5486630729208571,5
2019,1.0015793,0,1.0000691,0.48346608737629737,5
2024,1.0005813,0,1.0005637,0.37219406227371465,5
2029,1.0025308,0,1.0014712,0.16804784509346427,5
2048,0.99305445,0,0.9988889,0.7489875828036581,5
2054,1.0032073,0,1.0004352,0.40110494274143804,5
2056,0.99843705,0,1.0005491,0.37549279909888167,5
2057,1.0030335,0,1.0012535,0.2170193364979751,5
2058,1.0018578,0,0.99859643,0.8147879958162363,5
2059,0.999317,0,0.9998764,0.5268324080778823,5
2073,0.99882823,0,0.9999318,0.5143615737388366,5
2077,1.0046451,0,1.00197,0.05581033604205221,5
2087,1.0033333,0,1.0003445,0.4215142006597473,5
2094,0.99538606,0,0.9993947,0.6351945718346876,5
2095,0.99632055,0,1.000834,0.3113953924960442,5
2111,1.0021067,0,1.0003984,0.4093920133022233,5
2113,0.9969277,0,1.0009592,0.2832354439885215,5
2114,0.9989211,0,1.0007823,0.32303483787915355,5
2116,0.99952984,0,0.99945647,0.6213023305709765,5
2120,1.0007522,0,1.000307,0.42996218521200413,5
2132,0.9977037,0,1.0009773,0.2791589562045753,5
2133,0.99878854,0,1.0003402,0.42247968460857677,5
2138,1.0040215,0,0.99997145,0.5054442567114543,5
2141,1.004097,0,1.0008634,0.3047710998471317,5
2149,1.0018677,0,1.0007641,0.32711132566309975,5
2151,0.9938321,0,1.0001227,0.47142435701450913,5
2161,1.0024183,0,0.9995502,0.600209188188913,5
2164,1.006061,0,1.0008137,0.31595462225440507,5
2166,0.9985174,0,1.0004272,0.40290181564620375,5
2170,1.0075103,0,1.0006562,0.3513825193767265,5
2172,1.0001497,0,1.0007092,0.3394748840078311,5
2173,0.9952683,0,1.0001482,0.4656850913186902,5
2188,0.99871737,0,1.0011761,0.23442486657548212,5
2189,1.0045007,0,0.9997831,0.5478182744656315,5
2196,1.0047166,0,1.0002236,0.44870866521844077,5
2200,0.99936455,0,1.0006615,0.3502024834392684,5
2202,0.99941766,0,1.0011482,0.2407005122428728,5
2205,1.002739,0,0.9999768,0.5042374017754176,5
2206,1.0006406,0,0.9995021,0.6110306541153754,5
2212,0.9959249,0,1.0001439,0.4666505752675195,5
2220,1.000469,0,0.99985844,0.5308686673639607,5
2232,0.99901414,0,1.0005797,0.36860031646418323,5
2233,1.0007652,0,1.0005621,0.37256952825381495,5
2239,1.0065436,0,1.0003142,0.42832622629871,5
2240,0.9948792,0,0.9998173,0.5401212218735753,5
2248,0.9998306,0,1.0004928,0.38815136642797754,5
2250,1.0026028,0,1.000064,0.48461930431517686,5
2251,1.0041897,0,0.9997069,0.5649556145573524,5
2266,1.0047001,0,1.0016954,0.1176013087671306,5
2270,1.0025408,0,1.0001056,0.4752594738112479,5
2276,0.99794173,0,0.9995318,0.6043527234693056,5
2278,1.002938,0,0.9995975,0.5895754552525009,5
2281,1.0022501,0,1.0007261,0.33566658620967094,5
2292,0.99905306,0,0.99916977,0.6858020221524928,5
2294,1.0054224,0,1.0000999,0.47654678574302034,5
2304,1.0065547,0,1.0009631,0.28235041703542785,5
2309,0.9940229,0,1.000555,0.37415184916995203,5
2310,1.0059469,0,1.0000509,0.48756939415882206,5
2311,1.0018744,0,0.9999476,0.5108080564271731,5
2316,1.000428,0,1.0003841,0.4126102931316544,5
2323,1.0025864,0,1.0000023,0.4985115455788881,5
2330,1.0064934,0,1.0004737,0.3924424062005525,5
2343,0.999675,0,1.000274,0.4373910478182744,5
2344,1.0001503,0,1.0006056,0.3627805937726285,5
2355,1.0010579,0,0.9997564,0.5538257301472362,5
2365,0.9910038,0,1.0002556,0.4415211735993778,5
2366,1.0049319,0,1.0007625,0.32748679164320005,5
2369,1.003568,0,1.000806,0.3176978571620136,5
2371,0.99677294,0,0.9987331,0.7840400139458793,5
2372,0.99773204,0,1.0006589,0.35079250140799745,5
2373,0.9971151,0,0.99976116,0.5527529702040925,5
2376,1.0078642,0,1.0003872,0.411912999168611,5
2380,1.0024394,0,1.0006651,0.3493979134819106,5
2383,1.0054663,0,1.0022181,0.0,5
2391,0.9957682,0,1.0005076,0.38482581060423204,5
2398,1.0019034,0,1.0005091,0.38447716362271034,5
2399,1.0007834,0,1.0002329,0.44661678332931043,5
2401,1.0020164,0,0.99943405,0.626344302303752,5
2402,1.0011958,0,1.0001432,0.4668114892589911,5
2404,1.0008595,0,1.0005534,0.37452731515005233,5
2405,0.9912652,0,1.0001295,0.46989567409552924,5
2409,1.0032777,0,1.0002457,0.443747150481401,5
2412,1.0023075,0,1.0000888,0.47904095261082946,5
2415,1.0072805,0,1.0005391,0.37774559497948346,5
2417,1.0002453,0,1.0014112,0.1815378013784965,5
2420,0.9985386,0,1.0008957,0.29750315123233295,5
2423,1.0018605,0,0.9998742,0.5273285595515864,5
2424,0.9999272,0,1.0006119,0.3613591868479631,5
2425,1.0011464,0,0.99994916,0.5104594094456514,5
2426,0.98334515,0,0.9999209,0.5168155121087779,5
2427,0.99839616,0,0.9994555,0.6215168825596052,5
2430,1.0065771,0,1.0009238,0.29120068656636366,5
2452,0.99206513,0,1.0006138,0.3609300828707056,5
2457,0.9991299,0,0.99962944,0.5823879636334379,5
2464,1.0013151,0,0.9989404,0.7374017754177059,5
2466,0.9949579,0,0.99960274,0.5883954193150428,5
2468,1.0038682,0,0.9995299,0.6047818274465632,5
2469,1.0077384,0,0.99987096,0.5280526725132084,5
2478,0.9959659,0,0.99945706,0.6211682355780835,5
2504,1.0020415,0,0.99959964,0.5890927132780862,5
2506,0.9974506,0,1.0000982,0.47692225172312064,5
2507,1.0074608,0,0.99922925,0.6724193418617749,5
2517,1.0040942,0,0.99945617,0.621369378067423,5
2527,0.99749494,0,1.0001583,0.4634054764395098,5
2530,1.00336,0,1.00032,0.4270389143669375,5
2537,0.99834925,0,1.0001413,0.46724059323624856,5
2538,0.99982256,0,1.0010465,0.2635771180304127,5
2543,1.0100979,0,1.0000309,0.49207498592002574,5
2544,0.99827063,0,0.99996257,0.5074422721055596,5
2553,1.0027499,0,1.0006716,0.3479228685600879,5
2554,0.9968378,0,0.99994963,0.510352133451337,5
2556,1.0049928,0,1.0006107,0.361627376833749,5
2559,1.0019778,0,1.0004318,0.40188269370021723,5
2561,1.0020562,0,1.0001848,0.4574516587550621,5
2585,1.0051701,0,0.99997216,0.5052833427199828,5
2589,0.9992502,0,0.9997359,0.5584385979027543,5
2593,0.99157065,0,1.0008677,0.30380561589830235,5
2594,0.9983785,0,1.0016054,0.13784965269396843,5
2595,1.0013158,0,0.9996396,0.5801083487542575,5
2596,1.0036498,0,0.9996673,0.5738729315847346,5
2600,1.0033659,0,1.00039,0.4112693432027248,5
2601,1.0009582,0,0.9989961,0.724877303081503,5
2607,1.0010784,0,1.0002669,0.4389733687344115,5
2610,1.0005623,0,0.99965847,0.5758575374795505,5
2613,1.0046363,0,1.0005478,0.3757878080832462,5
2616,0.9963896,0,1.0008662,0.30415426287982406,5
2619,0.9994006,0,0.9995275,0.605318207418135,5
2621,0.9981609,0,1.0002244,0.4485477512269692,5
2625,1.0051955,0,0.99980515,0.5428567597285917,5
2637,0.9970885,0,1.0005472,0.37592190307613915,5
2647,1.0038415,0,0.99974257,0.5569367339823531,5
2650,1.0076684,0,1.0004765,0.39182556923324485,5
2653,1.0020562,0,1.0000112,0.49650012068549365,5
2661,1.006183,0,0.9997356,0.5585056453992008,5
2665,0.99801594,0,1.0007774,0.32413441682087596,5
2684,1.0035096,0,1.0012151,0.2256550540402822,5
2686,1.0017732,0,1.0001283,0.47016386408131516,5
2697,0.9811031,0,0.99959475,0.5901922922198085,5
2703,1.0006298,0,1.0010742,0.2573551103601791,5
2707,0.9965403,0,0.9995496,0.600343283181806,5
2708,1.0014663,0,0.99911356,0.6984471799822994,5
2720,1.0021279,0,1.0002025,0.4534556279668517,5
2738,0.9928691,0,1.0001689,0.46101858556601494,5
2753,0.9972933,0,1.00108,0.25604097942982806,5
2764,0.98297685,0,0.9999187,0.5173116635824818,5
2774,1.0011566,0,1.000477,0.3917182932389305,5
2776,1.0036314,0,1.00063,0.357282699064017,5
2780,1.0008646,0,1.0001022,0.4760372247700271,5
2781,1.0004522,0,0.9995163,0.6078391932845227,5
2792,0.9995328,0,1.0002949,0.4326709040684421,5
2794,0.99495226,0,0.9998509,0.532558264274412,5
2796,1.0012329,0,1.0010976,0.25209858663877494,5
2805,1.0011612,0,0.99985576,0.531472094831979,5
2807,0.9987831,0,1.0002623,0.4400193096789766,5
2810,1.0032004,0,0.99999243,0.500724112961622,5
2827,1.006466,0,1.0001246,0.47099525303725154,5
2829,0.9949172,0,1.0011123,0.24877303081502933,5
2830,0.9979862,0,1.0003316,0.42441065250623544,5
2841,1.0005172,0,0.9998725,0.5277040255316867,5
2850,1.0001696,0,1.0001558,0.46396867540966025,5
2854,0.9997801,0,1.0005136,0.3834848606753024,5
2871,1.00106,0,1.0002337,0.4464558693378389,5
2875,1.0056813,0,1.0003728,0.41515809799662085,5
2880,1.0008895,0,0.99956656,0.5965349853836458,5
2883,1.0099441,0,1.0005502,0.37525142811167433,5
2886,1.0040376,0,0.9996765,0.5717944591948937,5
2887,1.0013375,0,1.0000426,0.48944672405932366,5
2889,1.0025135,0,1.0006268,0.358006812025639,5
2890,0.9992303,0,1.0003309,0.424571566497707,5
2895,0.99959314,0,1.0001855,0.45729074476359055,5
2901,0.9987812,0,1.0000321,0.4918067959342398,5
2915,1.0020878,0,1.0002656,0.439268377718776,5
2929,1.0015748,0,1.0002694,0.43841016976426095,5
2930,1.003941,0,1.0001663,0.461608603534744,5
2962,0.9967066,0,1.0006021,0.3635583447314077,5
2964,1.0069396,0,1.0011363,0.2433824121007322,5
2975,0.9998664,0,0.9994748,0.6171722047898731,5
2979,1.0042884,0,1.0021217,0.021696569850081837,5
2987,1.0008879,0,1.0001011,0.4762785957572344,5
2990,1.0055002,0,1.0001557,0.46399549440823884,5
2998,1.0026059,0,1.0004498,0.39783302491484973,5
3003,0.9989364,0,1.0000312,0.49199452892428996,5
3012,1.0017508,0,1.0004007,0.40888245232923004,5
3017,1.0057098,0,0.99965745,0.5760854989674686,5
3026,0.99628913,0,1.0004454,0.39882532786225766,5
3046,1.0059599,0,1.000281,0.43580872690213746,5
3049,0.997122,0,1.0003058,0.43023037519779006,5
3061,1.0056387,0,1.0005022,0.3860326655402687,5
3071,1.0004393,0,0.9993557,0.6439777938691769,5
3075,0.99884576,0,1.0006182,0.3599377799232977,5
3077,1.0071892,0,1.0007282,0.33518384423525627,5
3083,1.0039196,0,1.0001768,0.4592485316598278,5
3084,1.0050648,0,1.0002549,0.44168208759084937,5
3086,1.0039474,0,1.0016769,0.12175825354681258,5
3087,1.0053645,0,0.9995244,0.6060155013811784,5
3088,1.0004588,0,1.0002193,0.4496741491672701,5
3100,1.0022599,0,1.000886,0.29970230911577767,5
3102,1.0061408,0,1.0000367,0.4907608549896747,5
3111,1.003622,0,1.0005709,0.3705849223589991,5
3113,1.0055932,0,0.99923855,0.6703274599726446,5
3129,1.0024142,0,1.0004839,0.3901627913213721,5
3136,1.0031834,0,0.999274,0.6623488078955132,5
3154,0.9897879,0,0.99991006,0.5192560409794298,5
3160,0.99978024,0,1.0004337,0.40145358972295975,5
3167,0.99981964,0,1.0000643,0.48456566631801967,5
3170,1.0004157,0,1.0005224,0.38150025478048655,5
3171,1.0010408,0,1.0010527,0.2621825301043259,5
3173,1.0003976,0,1.0007309,0.33459382626652723,5
3175,1.000819,0,0.99967307,0.5725722101536729,5
3177,1.000935,0,1.0001435,0.4667310322632553,5
3184,1.0011199,0,1.0003878,0.41177890417571805,5
3189,0.9997391,0,0.9994557,0.6214766540617374,5
3193,0.9952516,0,1.000062,0.48507522729101293,5
3195,1.0015625,0,0.99980295,0.5433529112022957,5
3196,1.0017316,0,0.9999549,0.5091720975138788,5
3198,1.0046357,0,1.0003879,0.41175208517713946,5
3201,0.99935687,0,1.0002357,0.4459999463620028,5
3210,0.9908192,0,0.9996566,0.5762732319575188,5
3224,1.0034842,0,0.999939,0.5127390243248318,5
3226,1.0013133,0,1.0006393,0.35519081717488665,5
3232,1.0030714,0,0.999904,0.520623809906938,5
3236,0.99962246,0,1.000538,0.3779869659666908,5
3245,1.0023689,0,1.0006492,0.35296484029286346,5
3246,1.0017887,0,1.0007663,0.3266285836886851,5
3253,0.997936,0,1.0001513,0.46498779735564677,5
3254,1.0029955,0,0.9999874,0.5018505109019229,5
3261,1.0016781,0,1.000599,0.3642556386944511,5
3263,0.9985162,0,1.0002918,0.4333681980314855,5
3275,1.003811,0,0.99980015,0.5439831576688927,5
3283,1.0012406,0,1.000364,0.4171427038914367,5
3288,1.0009627,0,1.0008849,0.299943680102985,5
3292,1.0086291,0,1.0004787,0.3913160082602516,5
3302,1.007958,0,1.0013149,0.20320755222999975,5
3310,0.9946811,0,1.0001748,0.4597044546356639,5
3311,0.9985611,0,1.0006404,0.3549494461876793,5
3313,1.0051501,0,1.00043,0.4022849786788961,5
3315,0.99326116,0,1.0000606,0.48539705527395605,5
3326,0.9973534,0,1.0007182,0.33743664011585806,5
3351,0.9988367,0,0.9992937,0.6579236731300453,5
3357,1.0018744,0,0.9998631,0.5298227264193955,5
3376,1.0056373,0,1.0004272,0.40290181564620375,5
3378,0.99838865,0,1.0006733,0.3475474025799876,5
3383,0.9992546,0,1.0008651,0.3043956338670314,5
3394,1.0010407,0,1.0005713,0.3705044653632633,5
3406,0.99704134,0,0.9998235,0.5387266339474883,5
3409,1.0015317,0,1.0007601,0.3280231716147719,5
3415,1.0024741,0,0.9997621,0.5525384182154638,5
3420,1.0040638,0,1.0004795,0.39115509426878003,5
3430,1.0054137,0,1.000723,0.33636388017271435,5
3434,1.001473,0,1.0011492,0.24048596025424407,5
3436,1.0029639,0,1.0004585,0.39587523801861235,5
3451,1.0003963,0,1.0002518,0.4423793815538928,5
3462,0.99884564,0,1.0001146,0.47324804891785344,5
3463,1.0048134,0,1.0010403,0.26497170595649955,5
3465,1.0042013,0,0.99970263,0.5659210985061818,5
3466,1.0002576,0,1.0006304,0.3572022420682812,5
3468,1.0022533,0,1.0007478,0.33078552846836695,5
3489,0.99681383,0,0.9999586,0.5083407085579424,5
3493,0.9988666,0,0.9997795,0.5486228444229893,5
3496,0.99851286,0,1.0006276,0.35781907903558885,5
3499,1.0030335,0,1.000931,0.2895647276530694,5
3500,1.0002955,0,1.0010488,0.26306755705741947,5
3514,1.0040787,0,1.0007234,0.33628342317697857,5
3527,1.0063766,0,0.9994088,0.6320299300024137,5
3529,1.0065066,0,1.000548,0.375734170086089,5
3531,1.0042264,0,1.0006675,0.3488615335103388,5
3534,1.0050051,0,1.0014584,0.17091747794137369,5
3551,1.004394,0,1.0003324,0.4242497385147639,5
3567,1.0000596,0,0.9993428,0.646874245715665,5
3569,1.000798,0,0.9996849,0.5699171292943921,5
3571,0.9980576,0,0.99947447,0.6172526617856089,5
3574,0.99593765,0,1.0007071,0.3399308069836672,5
3581,1.007064,0,1.0006044,0.36304878375841443,5
3587,1.0033544,0,1.0006719,0.34786923056293073,5
3588,1.0040587,0,1.0005456,0.37627055005766086,5
3598,1.0003759,0,1.0002848,0.4349505189476225,5
3599,1.0054514,0,1.0004592,0.3957143240271408,5
3600,1.0000697,0,1.0003549,0.41918094778340975,5
3603,0.99229604,0,0.9999015,0.5211870088770885,5
3608,0.99879515,0,0.99974644,0.5560651165285488,5
3616,0.9981765,0,1.0000892,0.4789604956150937,5
3618,1.0002304,0,1.0000268,0.4929868318716979,5
3627,0.9975415,0,1.0006322,0.3567999570896023,5
3628,0.9983782,0,1.0009472,0.2859173438463808,5
3632,1.002137,0,1.0003473,0.4208973636924397,5
3637,1.0034415,0,1.0005192,0.38222436774210855,5
3640,1.00259,0,0.9998782,0.5264167135999142,5
3647,1.002715,0,1.0000943,0.4778072786762142,5
3649,0.9950285,0,0.99999815,0.49943680102984955,5
3650,1.0001856,0,1.0000007,0.4988601925604098,5
3652,1.0006754,0,1.0004075,0.40735376941025025,5
3662,1.001056,0,1.0006026,0.3634510687370933,5
3678,1.004587,0,1.0002699,0.4383028937699466,5
3682,1.0086025,0,1.0003612,0.41775954085874434,5
3688,0.99742043,0,1.0008649,0.3044492718641886,5
3695,1.0023484,0,1.0006943,0.3428272588301553,5
3700,1.0014223,0,1.0001394,0.46766969721350604,5
3704,1.003639,0,1.00003,0.4922627189100759,5
3705,1.0000678,0,1.0000908,0.4785850296349934,5
3708,0.99914896,0,1.0003831,0.41282484512028317,5
3717,1.0045527,0,1.0003259,0.4256979644380079,5
3719,0.99957305,0,1.0000261,0.49314774586316945,5
3726,0.9948877,0,1.0006957,0.3425054308472122,5
3728,1.0014372,0,1.00026,0.4405288706519699,5
3730,0.9996445,0,0.99987113,0.5280124440153404,5
3732,1.0006216,0,0.9993389,0.6477458631694692,5
3742,1.0020419,0,1.0011317,0.2444283530452973,5
3744,1.0047784,0,1.0000184,0.494890980770778,5
3745,1.0013386,0,1.0000399,0.4900367420280527,5
3748,1.0004768,0,1.0011858,0.232252527690616,5
3749,0.9921658,0,1.000218,0.44996915815163463,5
3750,1.0051868,0,1.0014951,0.16265722637916702,5
3751,1.0011045,0,1.0002974,0.43210770509829166,5
3764,0.9953284,0,0.999913,0.5185989755142544,5
3766,0.99998605,0,1.0002569,0.4412261646150133,5
3767,1.0018615,0,1.0010597,0.26062702818676753,5
3777,1.0015852,0,1.0002831,0.4353259849277228,5
3782,1.0051712,0,1.000566,0.3716845013007214,5
3784,0.9997922,0,1.0000447,0.488963982084909,5
3789,1.0025699,0,1.0005984,0.36438973368734406,5
3800,1.0007956,0,1.0005575,0.3735886501998016,5
3801,1.0012132,0,1.0010507,0.262638453080162,5
3802,0.99286705,0,1.000214,0.4508810041033068,5
3803,1.0038866,0,0.999397,0.6346850108616944,5
3806,1.0038867,0,1.0007627,0.32743315364604286,5
3809,0.9964501,0,1.0003306,0.4246520234934428,5
3811,1.0001181,0,0.99976987,0.5507951833078553,5
3814,0.9945355,0,1.0002167,0.45026416713599915,5
3820,1.0048344,0,1.0002364,0.44583903237053124,5
3821,1.0006264,0,1.0000143,0.49580282672245013,5
3822,0.99417096,0,1.0008191,0.3147477673183683,5
3823,1.0042565,0,1.0008023,0.31852924611794997,5
3824,1.0013779,0,1.0003859,0.41220800815297554,5
3827,1.0035092,0,1.0000721,0.48279561241183255,5
3828,1.0009636,0,1.0004063,0.4076219593960362,5
3829,0.9983729,0,1.000569,0.3710140263362566,5
3832,1.0033927,0,0.9997098,0.5643119585914662,5
3833,0.99817127,0,0.99985594,0.5314318663341111,5
3834,1.0026754,0,0.9997806,0.5483814734357819,5
3854,0.99997485,0,0.99990445,0.5205165339126236,5
3855,1.0054092,0,1.0004193,0.40469868855096947,5
3874,1.0056996,0,1.0011114,0.24898758280365807,5
3887,1.004836,0,1.0001649,0.4619304315176871,5
3889,1.0002277,0,1.0006936,0.34298817282162686,5
3892,1.0022824,0,1.0008852,0.2998632231072492,5
3893,1.0006305,0,1.0003418,0.42213103762705495,5
3894,1.0061787,0,1.0001295,0.46989567409552924,5
3896,1.0013947,0,0.9997366,0.5582776839112827,5
3901,1.0038698,0,1.0005707,0.3706385603561563,5
3904,1.0010202,0,0.99916446,0.6869954675892402,5
3905,1.0021213,0,1.0007305,0.334674283262263,5
3908,0.99773455,0,1.0005242,0.38109796980180755,5
3926,1.0013546,0,1.0000566,0.4862820822270496,5
3931,1.0030273,0,0.99953526,0.6035749725105264,5
3935,1.0074245,0,0.99969614,0.5673827339287151,5
3937,1.0011859,0,0.99940825,0.6321506154960174,5
3948,0.9975884,0,0.99995583,0.5089575455252501,5
3951,1.0022728,0,1.0008984,0.2969131332636039,5
3962,1.0014142,0,1.0006399,0.3550567221819937,5
3967,0.9971039,0,1.0004693,0.3934347091479604,5
3968,1.0036086,0,1.0004969,0.3872395204763054,5
3970,1.0005575,0,1.0003625,0.4174645318743798,5
3971,1.0009212,0,1.0008193,0.3146941293212111,5
3978,0.99963343,0,1.0002162,0.4503714431303135,5
3981,0.9892286,0,1.0001248,0.47094161504009435,5
3987,0.99981594,0,1.0007386,0.3328505913589187,5
3989,1.0015014,0,1.0013759,0.18947622495776006,5
3990,0.9994519,0,0.99987394,0.5273821975487436,5
3996,0.9998162,0,0.99991435,0.5182905570306005,5
3998,1.0023042,0,0.99996156,0.5076702335934776,5
4000,1.0034605,0,1.0009608,0.2828599780084212,5
4002,1.0049125,0,1.0002837,0.4351918899348298,5
4004,1.0013896,0,1.0009906,0.27615522836377293,5
4008,1.0034304,0,1.000143,0.46683830825756967,5
4009,0.9964786,0,1.000383,0.41285166411886176,5
4018,0.99932873,0,1.0003041,0.43060584117789047,5
4019,1.0069085,0,1.0003761,0.41440716603642025,5
4020,0.9946119,0,1.0008594,0.30568294579880384,5
4029,1.0026008,0,1.0002296,0.44736771528951114,5
4033,0.99767184,0,0.9999186,0.5173384825810604,5
4039,1.0011427,0,0.9996026,0.5884222383136214,5
4046,1.0026454,0,1.0003518,0.41987824174645316,5
4050,1.0059057,0,1.0000634,0.4847533993080698,5
4064,0.9948891,0,1.0000715,0.4829297074047255,5
4071,1.001329,0,0.9997135,0.5634805696355298,5
4075,1.003133,0,0.9995015,0.6111647491082683,5
4087,1.0048207,0,1.0002688,0.438544264757154,5
4108,1.0025494,0,0.99993306,0.5140799742537614,5
4110,1.0020523,0,0.9999168,0.5177407675597393,5
4112,0.99851173,0,0.9995262,0.6056132164024995,5
4114,1.0024186,0,1.0012039,0.2281760399066699,5
4122,1.0008266,0,1.0006735,0.34749376458283043,5
4129,1.000636,0,0.9998154,0.5405503258508327,5
4132,0.9985015,0,1.0003147,0.4282189503043956,5
4134,0.9994912,0,0.99993014,0.5147370397189369,5
4139,1.001387,0,1.0002506,0.4426475715396787,5
4142,1.0052438,0,1.0002023,0.45350926596400887,5
4144,1.0017865,0,0.99949265,0.6131627645023735,5
4152,0.9976311,0,1.0008276,0.3128436184192882,5
4153,1.0022061,0,1.0005684,0.37114812132914954,5
4155,0.9982745,0,0.99916786,0.6862311261297502,5
4156,1.0044085,0,1.0004035,0.4082387963633438,5
4161,1.0022749,0,1.0009046,0.2955185453375171,5
4162,0.99899256,0,1.0008992,0.29672540027355376,5
4170,1.0012766,0,1.0006276,0.35781907903558885,5
4173,1.0029459,0,1.0004262,0.4031431866334111,5
4174,1.0062907,0,0.9997273,0.5603695658004131,5
4178,1.001725,0,1.0006812,0.3457773486738005,5
4179,0.9974056,0,1.0000265,0.4930672888674337,5
4183,1.0113592,0,0.9995479,0.6007321586611956,5
4186,1.0037531,0,0.9999607,0.5078579665835278,5
4188,0.9962978,0,0.9995176,0.6075441843001582,5
4190,0.998593,0,1.0000932,0.47804864966342153,5
4192,1.006132,0,1.0000942,0.4778340976747928,5
4200,1.0018793,0,0.99988645,0.5245662026979913,5
4201,1.0034131,0,1.0005912,0.36602569260063833,5
4206,0.9992654,0,1.0000942,0.4778340976747928,5
4209,1.0017356,0,1.0013065,0.20508488213050124,5
4216,1.0013349,0,1.0016915,0.11848633572022416,5
4219,1.0030035,0,1.0003288,0.42505430847212167,5
4220,0.9977505,0,1.0000801,0.48099873950706684,5
4223,1.0008053,0,1.0009351,0.28865288170139725,5
4226,1.0042973,0,1.0008286,0.31260224743208087,5
4236,0.999108,0,0.99949175,0.613363906991713,5
4242,1.0056572,0,1.0003684,0.4161504009440288,5
4246,1.0017761,0,0.9992394,0.6701397269825945,5
4250,1.0015671,0,0.99976283,0.5523775042239922,5
4256,1.0010419,0,0.9995881,0.5916941561402097,5
4263,0.9987588,0,1.0002803,0.435969640893609,5
4267,1.0013547,0,0.9990035,0.7232011156703408,5
4273,0.9977617,0,1.0003537,0.4194491377691957,5
4275,1.002966,0,0.999847,0.5334432912275056,5
4280,1.0020638,0,1.0005126,0.38369941266393115,5
4281,0.9975376,0,0.9997697,0.5508354118057232,5
4288,1.0037764,0,1.0016918,0.11840587872448838,5
4289,0.9997014,0,1.001101,0.25132083567999575,5
4305,1.0034349,0,1.0002463,0.44361305548850805,5
4311,0.9966313,0,1.0000933,0.47802183066484294,5
4312,1.0025352,0,0.9998699,0.5282940435004158,5
4314,0.998923,0,0.9996812,0.5707485182503285,5
4316,1.0050144,0,0.9996182,0.584922358999115,5
4318,0.99494374,0,0.9999542,0.5093196020060611,5
4319,1.0052167,0,1.0010612,0.2602783812052458,5
4331,1.001384,0,0.9995248,0.6059350443854427,5
4333,1.0055827,0,1.0006841,0.3451068737093357,5
4335,1.0044029,0,1.0001942,0.4553329578673533,5
4337,1.0011925,0,0.9994997,0.6115804435862364,5
4338,1.0035455,0,1.0002867,0.434521414970365,5
4340,0.9967727,0,1.000228,0.44771636227103284,5
4344,1.0070844,0,1.0010276,0.2678413388044091,5
4361,1.0041264,0,0.9995466,0.6010271676455601,5
4362,0.9988304,0,0.9993031,0.6558049722423365,5
4364,1.010825,0,1.0001621,0.4625472684849947,5
4370,0.99995315,0,1.0009888,0.2765575133424518,5
4371,1.007427,0,1.000872,0.302840131949473,5
4377,1.0057493,0,0.99931496,0.6531364818837664,5
4382,0.99838513,0,1.0006292,0.35747043205406714,5
4383,0.99925864,0,1.0004525,0.397216187947542,5
4386,0.99540126,0,1.0005335,0.3790060879126773,5
4389,0.9989975,0,0.9999191,0.5172177970874567,5
4390,0.9927734,0,0.9997245,0.5609998122670099,5
4395,1.0012878,0,1.0001762,0.4593826266527208,5
4396,1.0002686,0,0.9999515,0.5099364389733687,5
4403,1.00697,0,0.99982065,0.5393702899133747,5
4405,0.99839205,0,0.999855,0.5316464183227398,5
4407,1.0062513,0,0.9994624,0.6199613806420468,5
4411,0.999571,0,1.0002759,0.43696194384101694,5
4412,1.0025818,0,1.0010751,0.25714055837155037,5
4415,1.0013101,0,1.0002832,0.4352991659291442,5
4416,1.0022074,0,1.000357,0.4186982058089951,5
4418,0.9988198,0,1.0004826,0.3904578003057366,5
4427,0.9962703,0,1.0001373,0.4681256201893421,5
4428,1.0048406,0,1.0008533,0.30705071472631207,5
4433,1.0001549,0,1.000693,0.3431222678145198,5
4434,1.0014433,0,0.99946827,0.6186472497116957,5
4437,1.0026547,0,1.0004611,0.3952852200498833,5
4442,1.0070118,0,0.9999413,0.5122294633518385,5
4445,1.0015169,0,1.0004148,0.4056909914983774,5
4446,1.001238,0,0.99892175,0.7415989486952557,5
4449,1.001894,0,0.999889,0.5239895942285515,5
4457,0.9936917,0,1.0000296,0.49236999490439026,5
4467,1.0016488,0,0.9996132,0.5860353474401265,5
4470,1.0021372,0,0.99961346,0.5859817094429693,5
4476,1.0027022,0,0.99920493,0.6778904175718079,5
4480,1.0018226,0,1.0006675,0.3488615335103388,5
4483,0.996612,0,1.0002823,0.43551371791777294,5
4490,1.0016557,0,1.0002792,0.43621101188081635,5
4492,1.0013747,0,1.0003409,0.4223187706171052,5
4498,1.0030034,0,0.9995412,0.6022340225815968,5
4502,0.9964517,0,0.9999363,0.5133558612921394,5
4503,1.0016177,0,1.0004236,0.4037332046021401,5
4506,1.0055268,0,1.0005764,0.3693512484243838,5
4521,1.0028477,0,1.0003579,0.41851047281894493,5
4523,1.003727,0,1.0003824,0.4129857591117547,5
4534,0.9973053,0,0.9995971,0.589669321747526,5
4535,0.9957013,0,0.99894446,0.7364899294660338,5
4537,0.98883,0,0.9992285,0.6725936653525357,5
4540,1.0020452,0,0.999891,0.5235470807520047,5
4544,1.0035406,0,1.0003144,0.4282994073001314,5
4547,1.003757,0,0.9996775,0.5715799072062648,5
4563,1.0034689,0,1.000095,0.47764636468474264,5
4564,1.0064557,0,1.0012568,0.21626840453777452,5
4566,0.9898446,0,0.999863,0.5298361359186847,5
4571,1.0050812,0,1.0000958,0.4774586316946925,5
4576,0.9998013,0,1.0004462,0.3986375948722075,5
4578,0.9967412,0,1.0012095,0.22691554697347605,5
4579,1.0031573,0,1.0004072,0.40740740740740744,5
4588,1.000735,0,1.000778,0.324000321827983,5
4589,1.0012605,0,0.9987024,0.7909459060798669,5
4590,0.99767643,0,1.00108,0.25604097942982806,5
4591,1.0003514,0,1.0002041,0.45310698098533,5
4597,1.0023258,0,0.99959415,0.5903263872127015,5
4605,1.0011293,0,1.0007038,0.3406817389438679,5
4614,0.99553955,0,1.0002884,0.4341459489902647,5
4617,0.9952369,0,1.0001001,0.47649314774586315,5
4618,0.9967298,0,1.0002089,0.45203422104218627,5
4621,1.003235,0,1.0009586,0.2833695389814145,5
4627,1.000222,0,1.0002095,0.4519001260492933,5
4635,1.0009091,0,0.99950427,0.6105479121409607,5
4642,1.0018858,0,1.0009598,0.28310134899562855,5
4643,0.99415237,0,1.000448,0.3982353098935286,5
4662,1.0013734,0,0.9995931,0.5905677581999088,5
4672,1.0027076,0,0.99909264,0.7031539142328426,5
4674,1.0039493,0,1.0000168,0.4952396277522997,5
4676,1.00223,0,1.0004255,0.40330410062488264,5
4677,0.99948055,0,1.0002766,0.4368010298495454,5
4681,1.0079097,0,1.0012858,0.2097513878831765,5
4685,0.9988227,0,1.0002044,0.4530265239895942,5
4686,1.0025619,0,1.0004863,0.38962641134980025,5
4689,0.99711233,0,1.0004857,0.3897605063426932,5
4691,1.0012653,0,1.0001737,0.45994582562287123,5
4693,1.0059872,0,1.0005196,0.3821170917477942,5
4699,1.0038475,0,1.0004282,0.402687263657575,5
4701,0.9985569,0,1.0002831,0.4353259849277228,5
4710,0.99619645,0,1.0008097,0.3168664682060772,5
4720,1.0058781,0,1.0007764,0.3243489688095047,5
4721,0.987626,0,0.99923694,0.6706895164534556,5
4723,1.00238,0,0.9997937,0.5454313835921367,5
4725,1.0059739,0,1.0008706,0.3031619599324161,5
4727,0.9983483,0,1.0012279,0.22278542119237266,5
4729,1.000839,0,1.000051,0.48754257516024346,5
4730,0.9869349,0,1.0001962,0.4548770348915171,5
4731,1.0009754,0,0.99987835,0.5263898946013356,5
4732,1.0037234,0,1.0005307,0.37962292487998495,5
4733,0.9991555,0,1.0005623,0.37251589025665777,5
4735,1.0029513,0,1.0002692,0.43846380776141813,5
4738,1.0007532,0,1.0004243,0.40357229061066857,5
4740,1.0012233,0,1.0008886,0.2991122911470485,5
4742,0.9992672,0,0.999442,0.6245608388982755,5
4744,0.9995753,0,0.9997409,0.5573121999624534,5
4746,1.0031209,0,0.99951845,0.6073564513101081,5
4751,1.0087099,0,0.9995672,0.5963874808914635,5
4757,1.0030005,0,1.0006213,0.35924048596025426,5
4762,1.0045885,0,1.0003612,0.41775954085874434,5
4766,1.0025067,0,1.0004796,0.39112827527020144,5
4770,1.0032867,0,0.9993841,0.6375814627081825,5
4772,1.0002227,0,1.0001614,0.4627081824764663,5
4773,1.0037427,0,0.9997322,0.5592699868586907,5
4781,1.0011163,0,0.9999599,0.5080456995735779,5
4784,0.9969497,0,1.0002183,0.44991552015447744,5
4789,1.0052075,0,0.9999897,0.5013409499289296,5
4790,0.9981998,0,1.000452,0.39732346394185636,5
4794,0.99424314,0,0.99964356,0.5792099123018746,5
4795,0.9968332,0,1.0000331,0.4915654249470325,5
4803,1.008969,0,1.000119,0.4722557459704455,5
4804,0.9998961,0,0.9996402,0.5799608442620753,5
4809,0.9965999,0,0.9998847,0.5249550781773809,5
4813,0.99749863,0,0.99941117,0.6314935500308418,5
4829,0.99737424,0,0.9995198,0.6070480328264543,5
4831,0.9982747,0,1.0002201,0.44951323517579855,5
4835,0.9981526,0,1.0003775,0.41408533805347714,5
4841,0.997381,0,0.99948776,0.6142623434440958,5
4853,0.99660414,0,1.001539,0.1527878349022448,5
4854,0.9998685,0,1.0003816,0.4131734921018049,5
4856,0.9971134,0,1.0001839,0.45763939174511226,5
4857,1.0021648,0,1.0006586,0.35084613940515463,5
4861,0.9977207,0,0.9993171,0.6526537399093517,5
4865,1.0018153,0,1.001028,0.2677608818086733,5
4866,1.0044838,0,0.99990326,0.5207847238984096,5
4867,0.98725814,0,1.0003726,0.41518491699519944,5
4869,1.0011355,0,0.99931365,0.6534314908681309,5
4872,0.9981291,0,0.99947345,0.617480623273527,5
4874,1.006401,0,1.0011274,0.24539383699412665,5
4891,1.0085969,0,1.0004917,0.3883927374151849,5
4901,1.0029981,0,1.0006669,0.34899562850323174,5
4909,0.99924374,0,0.999905,0.5203958484190201,5
4914,1.0050179,0,1.00059,0.36629388258642426,5
4919,0.99823487,0,1.0004864,0.38959959235122166,5
4920,1.0002934,0,0.9995941,0.5903397967119908,5
4923,1.0060918,0,1.0004147,0.405717810496956,5
4924,1.0046992,0,1.0011024,0.25099900769705263,5
4931,0.9953764,0,0.9993768,0.639230831120766,5
4932,0.99935955,0,1.000377,0.4141926140477915,5
4942,1.0020372,0,1.0003316,0.42441065250623544,5
4948,1.0009878,0,0.99969023,0.5687102743583554,5
4971,0.9984161,0,1.0006496,0.3528843832971277,5
4974,1.0011806,0,1.0003452,0.42135328666827576,5
4979,0.99120957,0,1.0005155,0.3830557566980449,5
4981,1.003553,0,1.0010117,0.2714082656153619,5
4987,1.0024,0,0.99993587,0.5134497277871644,5
4988,0.9969768,0,0.99955434,0.5992839327379516,5
4990,1.005098,0,0.99967486,0.572169925174994,5
4994,1.0019125,0,1.0006828,0.3454018826937002,5
5000,1.0001124,0,1.0004513,0.3974843779333279,5
5006,1.0083561,0,1.0009207,0.2918979805294071,5
5009,1.00211,0,1.0007557,0.32901547456217983,5
5022,1.0032862,0,1.0001177,0.47255075495481,5
5031,1.0039579,0,1.0004748,0.39220103521334515,5
5038,0.9979525,0,1.0005463,0.3761096360661893,5
5044,0.9973987,0,1.0005099,0.3843162496312388,5
5047,0.9904923,0,0.99969435,0.5677850189073941,5
5048,0.9987877,0,1.0003161,0.4278971223214525,5
5049,0.99612516,0,1.0001073,0.4748840078311476,5
5050,1.0018631,0,0.99980724,0.5423874272534663,5
5056,1.0048349,0,1.0012202,0.2245018371014026,5
5065,0.9957708,0,0.99984056,0.5348915171507496,5
5073,1.0040107,0,1.0009218,0.29162979054362115,5
5081,1.0019318,0,1.000695,0.34266634483868375,5
5086,1.0077736,0,1.000247,0.4434521414970365,5
5087,1.0082093,0,1.0002182,0.44994233915305604,5
5092,1.0039151,0,1.0003853,0.4123421031458685,5
5097,0.9970706,0,0.9998879,0.5242443747150481,5
5099,0.99989825,0,1.001012,0.2713546276182047,5
5108,1.0063343,0,1.0004525,0.397216187947542,5
5110,1.0060124,0,1.0002093,0.4519269450478719,5
5116,1.0049415,0,1.0006809,0.3458309866709577,5
5129,1.0060173,0,1.0000657,0.48424383833507656,5
5133,0.9972139,0,1.0006943,0.3428272588301553,5
5142,1.0024318,0,1.0002121,0.45131010808056427,5
5148,0.9989776,0,1.0004234,0.4037600236007187,5
5153,0.9937593,0,1.0010474,0.2633893850403626,5
5156,1.003631,0,0.9995443,0.6015367286185533,5
5159,1.0013932,0,0.99999684,0.4997318100142141,5
5166,0.99664354,0,1.0000163,0.49534690374661405,5
5167,1.0013179,0,1.0004679,0.39375653713090353,5
5171,1.0023054,0,0.9992914,0.6584332341030386,5
5174,1.001561,0,1.0002531,0.44208437256952826,5
5183,1.0062943,0,1.0002104,0.45168557406066456,5
5184,0.9970749,0,1.0009347,0.288733338697133,5
5185,1.0051273,0,1.0002837,0.4351918899348298,5
5196,1.0008506,0,1.0000662,0.4841365623407622,5
5201,1.001523,0,1.000562,0.37259634725239354,5
5206,0.9946271,0,0.99945563,0.6214900635610267,5
5207,1.0075786,0,0.99971557,0.5630112371604044,5
5208,1.003831,0,1.0012918,0.20841043795424674,5
5213,1.0048327,0,1.0000237,0.4936841258347413,5
5216,1.0059869,0,1.000467,0.39397108911953227,5
5218,1.0017021,0,0.99996614,0.5066377021482018,5
5219,1.006559,0,1.0005566,0.37380320218843033,5
5223,0.99675834,0,1.0002145,0.4507737281089924,5
5230,1.0052248,0,1.0002701,0.4382492557727894,5
5239,0.9988162,0,1.0000726,0.4826883364175182,5
5242,0.98595744,0,1.0013905,0.18620430713117175,5
5247,1.0024894,0,1.0001181,0.47244347896049566,5
5251,1.0005968,0,1.000627,0.3579531740284818,5
5255,0.9978243,0,1.0012702,0.21326467669697213,5
5257,0.99856746,0,0.99971247,0.5637085311234479,5
5271,1.0036478,0,0.9999041,0.5205969909083594,5
5290,1.0025712,0,1.0003622,0.4175449888701156,5
5306,1.0029237,0,0.99971133,0.5639633116099445,5
5308,0.99915826,0,0.9994035,0.6332233754391612,5
5311,0.9995414,0,0.999464,0.619612733660525,5
5314,0.9848586,0,1.0000122,0.4962855686968649,5
5325,1.0048244,0,1.0005963,0.36487247566175884,5
5329,1.0032669,0,0.99982226,0.5390082334325637,5
5330,0.99973965,0,1.000178,0.4589803416740419,5
5338,1.0009425,0,0.9994436,0.6241987824174645,5
5350,1.0027312,0,1.0002768,0.4367473918523882,5
5351,0.99937415,0,1.0004289,0.40252634966610346,5
5358,0.99961525,0,0.9993487,0.6455467052860246,5
5360,1.001756,0,1.001247,0.21846756242121923,5
5362,1.0021961,0,0.9999073,0.5198728779467374,5
5366,0.99945706,0,1.000719,0.3372757261243865,5
5369,1.0013504,0,1.0003811,0.41328076809611924,5
5370,1.0059634,0,1.001051,0.2625848150830048,5
5375,0.9986932,0,1.0002005,0.45391155094268776,5
5378,0.9963644,0,1.0002007,0.4538579129455306,5
5382,1.0025796,0,1.0016955,0.117574489768552,5
5395,0.9969145,0,1.0008045,0.3180196851449567,5
5396,0.9971375,0,0.9997066,0.5650226620537989,5
5398,0.99882394,0,1.0000731,0.4825810604232038,5
5400,0.99066436,0,1.0004698,0.39332743315364604,5
5401,1.0042156,0,1.0010346,0.266259017888272,5
5404,1.0005203,0,1.0004809,0.3908332662858369,5
5415,0.9964943,0,1.0012504,0.21771663046101863,5
5429,1.0034345,0,1.0006312,0.35701450907823107,5
5432,0.9970677,0,1.0006652,0.34937109448333203,5
5444,1.0022019,0,1.0001768,0.4592485316598278,5
5461,0.99030334,0,0.9996055,0.5877785823477351,5
5462,0.99766874,0,0.99989516,0.522608415801754,5
5471,1.0020255,0,1.0000343,0.49129723496124655,5
5480,1.0032411,0,1.0008011,0.3187974361037359,5
5495,1.0090138,0,1.0002946,0.4327513610641779,5
5499,1.0009847,0,1.0004904,0.3886877463995494,5
5500,1.0065136,0,1.0004549,0.39667980797597013,5
5501,1.0015882,0,1.0004959,0.38745407246493413,5
5522,0.99900585,0,0.99940974,0.631815378013785,5
5525,0.99955404,0,1.0002242,0.4485745702255478,5
5538,0.9987883,0,0.9997032,0.5657870035132888,5
5542,1.0000693,0,0.9995652,0.5968434038672996,5
5565,1.0013078,0,1.0010238,0.26869954675892405,5
5569,1.0086957,0,1.000616,0.36044734089629094,5
5575,1.0031525,0,0.9999746,0.5047335532491217,5
5577,0.99990463,0,1.0002044,0.4530265239895942,5
5578,0.9973504,0,1.0006645,0.3495320084748036,5
5585,0.99756336,0,1.0007707,0.32563628074127715,5
5587,0.9972853,0,1.0004696,0.39338107115080323,5
5588,1.0041616,0,1.0004414,0.3997103548153512,5
5599,1.0020647,0,0.9996739,0.5723844771636227,5
5600,0.9977425,0,1.0000846,0.4799796175610803,5
5601,0.9925989,0,1.0007339,0.3339233513020624,5
5611,0.9976037,0,0.9997001,0.5664842974763322,5
5612,1.0011611,0,1.0006635,0.34974656046343233,5
5620,1.0040929,0,1.0002087,0.45206104004076486,5
5622,1.0018321,0,1.0010824,0.2555045994582562,5
5629,1.0031952,0,1.0009099,0.2943116904014804,5
5631,1.0057408,0,0.99972546,0.5607852602783812,5
5632,1.0035791,0,1.0012618,0.21514200659747362,5
5641,1.0034404,0,1.0000732,0.4825542414246252,5
5643,0.9919341,0,1.0000087,0.4970633196556441,5
5649,1.0027679,0,1.0002531,0.44208437256952826,5
5650,1.0043927,0,1.0003655,0.416794056909915,5
5651,0.9936283,0,1.0009258,0.2907447635905275,5
5652,0.99807537,0,1.0008388,0.3103226325529005,5
5653,1.0004455,0,0.9997745,0.5497492423632901,5
5656,1.0032401,0,1.0003854,0.4123152841472899,5
5666,1.0029876,0,0.9998033,0.5432724542065599,5
5667,1.0022714,0,1.0001149,0.47316759192211766,5
5669,1.0055641,0,1.0005568,0.37374956419127314,5
5683,1.0031126,0,0.9994909,0.6135516399817631,5
5684,0.9917659,0,1.0002497,0.44283530452972886,5
5693,1.0052722,0,1.0000317,0.4918872529299756,5
5711,1.0039049,0,1.0009314,0.2894842706573336,5
5715,0.9981552,0,0.9995689,0.5960120149113632,5
5722,1.0068363,0,0.9995021,0.6110306541153754,5
5723,0.9964098,0,1.0002292,0.4474481722852469,5
5729,1.0003124,0,0.99923015,0.6722181993724354,5
5737,1.000056,0,1.0000871,0.47941641859092976,5
5738,1.000412,0,1.0002109,0.4515782980663502,5
5742,0.9998667,0,0.9996914,0.5684420843725695,5
5743,1.0031435,0,1.0003705,0.4156676589696141,5
5749,1.0008001,0,1.000602,0.3635851637299863,5
5750,1.0024035,0,1.0008743,0.30233057097647975,5
5753,1.0031602,0,1.0013392,0.19773647651996673,5
5756,0.99424434,0,0.9996824,0.5704669187652534,5
5762,0.994547,0,1.0009303,0.28972564164454095,5
5767,1.0042863,0,1.0007389,0.3327969533617615,5
5771,1.0018057,0,0.99984246,0.5344624131734921,5
5782,1.0023806,0,0.9996954,0.5675436479201866,5
5788,1.0004172,0,0.99979216,0.5457800305736584,5
5789,1.003074,0,1.0002438,0.4441762544586585,5
5791,0.9988963,0,1.000485,0.38992142033416477,5
5792,1.0016091,0,1.0004845,0.39002869632847914,5
5812,0.9946509,0,1.0002494,0.44291576152546464,5
5819,0.99909467,0,0.9998555,0.5315257328291362,5
5823,1.0029739,0,1.0008943,0.29782497921527606,5
5829,0.9903557,0,1.0003766,0.4142998900421059,5
5830,1.0002538,0,0.9997223,0.561495963740714,5
5831,1.0012368,0,0.9998501,0.5327459972644621,5
5841,0.99967605,0,1.0007383,0.3329310483546545,5
5842,1.0028292,0,1.000284,0.43513825193767264,5
5843,1.0077114,0,1.0001754,0.45957035964277093,5
5844,1.0028839,0,1.000214,0.4508810041033068,5
5852,1.0043848,0,1.0001677,0.46128677555180087,5
5866,1.0023991,0,1.0004165,0.4053155255182771,5
5870,0.99924046,0,1.0002663,0.43910746372730447,5
5876,1.0033512,0,1.000503,0.38587175154879716,5
5879,1.0022763,0,1.0006659,0.3492101804918605,5
5884,1.0037112,0,1.000214,0.4508810041033068,5
5885,0.9968011,0,1.0005845,0.3675275565210395,5
5893,1.0021605,0,1.0001667,0.4615281465390082,5
5894,1.0027204,0,1.0002252,0.44836001823691907,5
5903,1.0014012,0,0.99889475,0.747673451873307,5
5904,1.0063851,0,1.0009971,0.2747070024405289,5
5906,1.0037023,0,1.0005977,0.3645506476788156,5
5913,1.0036397,0,0.9997162,0.5628637326682222,5
5925,0.99650925,0,1.0001022,0.4760372247700271,5
5926,0.9981759,0,0.99971086,0.5640705876042589,5
5929,0.99886894,0,1.000223,0.44884276021133374,5
5931,0.9987496,0,0.99999195,0.5008313889559364,5
5932,1.0040579,0,0.99953353,0.6039638479899161,5
5933,1.0098783,0,0.99859387,0.8153646042856759,5
5935,1.0076051,0,1.0004584,0.39590205701719094,5
5937,1.0028789,0,0.999803,0.5433395017030065,5
5947,0.99959594,0,1.0003209,0.4268243623783088,5
5959,0.996969,0,0.99897635,0.7293158473462601,5
5961,1.0006413,0,1.0005379,0.3780137849652694,5
5963,1.0043036,0,1.00049,0.38879502239386377,5
5970,0.99514776,0,1.0009159,0.2929707404725508,5
5973,0.999938,0,0.99987924,0.5261887521119961,5
5974,1.0041852,0,1.0012093,0.22696918497063323,5
5976,1.0012044,0,1.0001427,0.46691876525330545,5
5979,0.9983782,0,1.0000161,0.49540054174377124,5
5983,0.9976454,0,1.0005614,0.3727304422452865,5
5988,1.0072877,0,1.0004269,0.40298227264193953,5
5991,0.9985888,0,1.0003144,0.4282994073001314,5
5995,1.0008078,0,1.0011034,0.2507844557084239,5
6007,1.0004512,0,0.9988725,0.7526751951082147,5
6011,1.0013916,0,1.0004572,0.39617024700297687,5
6012,1.0017968,0,0.99978733,0.5468662000160913,5
6018,1.0014206,0,1.0004117,0.4063882854614209,5
6019,1.0081133,0,1.0010134,0.2710327996352616,5
6020,1.0055869,0,1.0004876,0.3893314023654356,5
6028,1.0045507,0,1.0009521,0.2848177649046585,5
6036,0.99963105,0,1.0006365,0.3558344731407729,5
6037,1.0016701,0,1.000467,0.39397108911953227,5
6040,1.0045642,0,1.0005894,0.3664279775793172,5
6049,1.0010406,0,1.0011866,0.23206479470056585,5
6052,1.0047752,0,1.0000738,0.48242014643173226,5
6054,0.99763525,0,1.0002857,0.43473596695899375,5
6069,1.0037433,0,1.0000837,0.48019416954970906,5
6072,1.0020208,0,1.0003804,0.4134416820875908,5
6075,1.0041866,0,0.9999306,0.5146297637246225,5
6079,0.9990964,0,1.0007044,0.3405476439509749,5
6082,0.99753577,0,0.999557,0.5986805052699332,5
6083,1.0048531,0,1.0006256,0.3582750020114249,5
6085,0.9963929,0,0.99881613,0.7653605814358891,5
6089,1.001876,0,0.99990326,0.5207847238984096,5
6095,1.0064361,0,1.0015419,0.15214417893635857,5
6100,0.99927694,0,0.99979794,0.5444793091425966,5
6111,0.9993458,0,1.0006232,0.3588113819829968,5
6117,0.9948781,0,0.99970496,0.5653981280338992,5
6125,0.9901678,0,1.000559,0.3732668222168585,5
6131,1.0050459,0,1.0001844,0.4575321157507979,5
6132,1.0032067,0,1.0004277,0.4027945396518894,5
6134,1.0012709,0,0.9994201,0.6294821251374474,5
6154,0.9925347,0,0.99942064,0.6293614396438437,5
6158,0.9968905,0,0.99984103,0.5347842411564352,5
6165,0.99138594,0,0.9994993,0.6116609005819722,5
6170,1.0025529,0,0.9997936,0.5454582025907153,5
6172,0.99857694,0,1.0002975,0.43208088609971307,5
6190,1.0045866,0,0.99967086,0.5730683616273768,5
6194,1.0030057,0,0.9998308,0.5370906750341942,5
6202,1.0024866,0,1.0008931,0.298093169201062,5
6204,1.0026444,0,0.99950343,0.6107356451310109,5
6205,0.99666554,0,0.99981624,0.5403625928607826,5
6214,0.99939966,0,1.0001976,0.454555206908574,5
6220,1.0087866,0,1.0005027,0.38592538954595434,5
6221,1.0012602,0,1.0010183,0.2699332206935393,5
6228,0.9894977,0,1.0004069,0.4074878644031432,5
6233,0.9981034,0,1.000906,0.295196717354574,5
6255,0.9984147,0,1.0004457,0.3987448708665219,5
6260,1.003064,0,0.9995279,0.6052377504223992,5
6261,1.000983,0,1.0004976,0.38707860648483383,5
6273,1.0028783,0,1.0005893,0.3664547965778958,5
6274,0.99652106,0,1.0012642,0.21460562662590177,5
6280,0.99973005,0,0.9998776,0.5265642180920964,5
6281,1.0045865,0,0.99992985,0.5148040872153834,5
6288,1.003199,0,1.0007337,0.333950170300641,5
6291,0.99705756,0,0.9999359,0.5134363182878752,5
6294,0.99578047,0,1.0003107,0.42913079625606776,5
6296,1.000243,0,1.0003256,0.42577842143374367,5
6299,1.0022869,0,0.9996328,0.5816370316732373,5
6302,1.0044497,0,1.0004336,0.40148040872153834,5
6305,1.0011011,0,1.0006067,0.36253922278542117,5
6310,0.98952127,0,0.9994996,0.6115938530855258,5
6313,1.0020962,0,1.0000262,0.49312092686459086,5
6319,1.0009415,0,0.9990591,0.7107034623327164,5
6325,0.99948496,0,1.0006089,0.3620296618124279,5
6338,0.99897254,0,1.001859,0.08080564271730095,5
6345,1.003239,0,1.0006374,0.35561992115214414,5
6355,1.0000172,0,1.0005817,0.36814439348834715,5
6356,1.0011957,0,0.9999412,0.5122562823504171,5
6358,1.0062559,0,0.999893,0.5230911577761687,5
6365,0.983798,0,1.0017184,0.1124252420414622,5
6369,1.0024513,0,1.0001405,0.4674015072277201,5
6372,1.00311,0,0.9997923,0.5457532115750798,5
6380,1.0014472,0,0.9993012,0.656234076219594,5
6392,1.0096744,0,1.0004946,0.38774908144929865,5
6398,0.9969905,0,1.0002787,0.4363182878751307,5
6400,1.0001442,0,1.0005031,0.38584493255021857,5
6401,0.9958409,0,1.0002515,0.44243301955104997,5
6403,1.0021511,0,1.0007111,0.3390457800305736,5
6413,0.9853726,0,0.9992186,0.6748196422345589,5
6414,1.0008965,0,0.9994881,0.61418188644836,5
6420,0.9942945,0,0.9995137,0.6084292112532518,5
6422,0.98580086,0,1.0003022,0.43103494515514795,5
6429,1.0050341,0,0.99996275,0.5074020436076917,5
6433,0.9892768,0,1.0004969,0.3872395204763054,5
6438,1.0033739,0,0.99979645,0.5448145466248291,5
6440,1.0063974,0,1.0008476,0.30833802665808463,5
6442,1.0018313,0,0.9999128,0.5186392040121222,5
6450,1.0038342,0,0.9996032,0.5882881433207284,5
6457,1.0022302,0,1.0004891,0.3889827553839139,5
6463,0.99699736,0,1.0006979,0.3420226888727975,5
6464,0.99699044,0,0.9996309,0.5820527261512055,5
6466,1.0018713,0,1.0009199,0.29205889452087863,5
6467,1.0010543,0,0.99995285,0.5096280204897149,5
6469,1.0022626,0,1.0007974,0.3196288250596723,5
6471,0.9999202,0,1.0000498,0.4878107651460295,5
6472,0.9952238,0,0.9992645,0.6644943277818006,5
6473,0.99636215,0,1.0011232,0.2463325019443774,5
6479,0.9976756,0,0.99974376,0.5566685439965672,5
6492,1.0046548,0,1.0003817,0.4131466731032263,5
6495,0.9996641,0,1.0004823,0.3905114383028938,5
6500,1.0031794,0,1.000304,0.43063266017646906,5
6503,1.0018425,0,1.0005109,0.38407487864403145,5
6510,1.0018746,0,1.0000495,0.4878912221417653,5
6516,1.0034875,0,1.0003487,0.4205755357094966,5
6519,0.99996233,0,1.0000764,0.4818301284630032,5
6520,0.98842937,0,0.9994561,0.6213827875667123,5
6523,1.0070864,0,1.0005753,0.36959261941159116,5
6524,1.0040209,0,0.9997198,0.5620591627108644,5
6529,1.000127,0,0.99994963,0.510352133451337,5
6534,0.999903,0,1.0002469,0.4434789604956151,5
6535,1.0019969,0,1.0004395,0.4001394587926087,5
6545,1.0005789,0,0.9997954,0.5450559176120364,5
6549,1.0067838,0,1.0011134,0.248531659827822,5
6552,1.0013613,0,0.9997032,0.5657870035132888,5
6554,1.001891,0,1.0008233,0.31380910236811754,5
6564,1.003061,0,1.0002753,0.4370960388339099,5
6568,0.9995773,0,1.0009428,0.2869096467937887,5
6569,0.99997216,0,0.999438,0.6254592753506585,5
6573,1.0020443,0,1.0001597,0.4630836484565666,5
6578,0.9974517,0,1.0006385,0.3553785501649368,5
6586,1.0035027,0,1.0008626,0.30495883283718184,5
6596,1.0027777,0,1.0003753,0.4145948990264704,5
6598,1.0020878,0,0.9992209,0.6742966717622765,5
6601,1.0036024,0,0.99971175,0.5638694451149194,5
6604,0.996366,0,0.9997234,0.5612545927535066,5
6607,1.0030795,0,1.0010021,0.2735806045002279,5
6610,0.9986846,0,1.0003988,0.4093115563064875,5
6613,0.99788713,0,0.99952316,0.6062971008662537,5
6629,1.0036993,0,1.0003617,0.41765226486442997,5
6631,1.0013651,0,1.000918,0.2924879984981361,5
6636,1.0009938,0,1.0005524,0.3747418671386811,5
6638,1.0081948,0,0.9997771,0.5491726338938504,5
6642,1.0082422,0,1.0006957,0.3425054308472122,5
6644,1.0009869,0,1.0007854,0.32233754391611014,5
6650,1.0032874,0,0.9999191,0.5172177970874567,5
6651,1.0044501,0,1.0004406,0.39989808780540137,5
6653,0.9954646,0,0.9997254,0.5607986697776706,5
6660,1.0062251,0,1.0005391,0.37774559497948346,5
6669,0.99935794,0,1.0001915,0.4559497948346609,5
6670,0.9955868,0,0.9997108,0.5640839971035482,5
6672,1.0072515,0,1.0004977,0.38705178748625524,5
6678,0.99751717,0,1.0006553,0.35159707136535523,5
6682,0.9997396,0,0.9994323,0.6267331777831415,5
6687,0.99270314,0,1.0009702,0.2807412771207123,5
6693,1.0001323,0,1.0004389,0.40027355378550167,5
6698,1.0046079,0,1.0002154,0.45055917612036367,5
6699,1.0034939,0,1.0003357,0.4234988065545633,5
6702,0.9921273,0,0.9999216,0.5166545981173063,5
6703,1.003836,0,1.0002275,0.4478504572639258,5
6723,1.0029598,0,1.0009503,0.2852200498833374,5
6727,1.0000281,0,1.0007465,0.33108053745273147,5
6730,1.0007212,0,0.9996988,0.5667793064606967,5
6731,1.004138,0,1.0005804,0.3684394024727117,5
6732,1.002056,0,1.0003455,0.4212996486711186,5
6739,1.0007973,0,0.9989186,0.7423096521575885,5
6743,1.003785,0,0.9997532,0.5545498431088582,5
6748,1.0095003,0,1.0014151,0.18065277442540295,5
6758,0.98655707,0,1.0007156,0.3380266580845871,5
6761,1.0045829,0,1.000669,0.34851288652881707,5
6764,0.99972546,0,1.0000278,0.49277227988306915,5
6765,0.9865456,0,1.0006384,0.3554053691635154,5
6772,0.9978968,0,0.99949765,0.6120363665620725,5
6775,1.0093917,0,1.0005527,0.3746882291415239,5
6776,0.9995125,0,0.99934083,0.6473167591922118,5
6782,1.0017786,0,1.0004644,0.3945342880896827,5
6783,0.99958754,0,1.0001991,0.45423337892563087,5
6793,1.0126727,0,1.0003221,0.42655617239252286,5
6794,1.0069377,0,1.0003903,0.4112157052055676,5
6809,1.0006037,0,1.0009961,0.27492155442915767,5
6810,0.99977124,0,0.9984113,0.8564379006087912,5
6820,1.0006834,0,1.0001051,0.47536674980556226,5
6824,1.0031493,0,1.0001388,0.467803792206399,5
6827,0.9990122,0,1.0016605,0.12545927535065837,5
6836,1.0009357,0,1.0002375,0.4455976613833239,5
6838,1.0015289,0,1.000068,0.4837342773620833,5
6848,0.9908617,0,1.000308,0.4297208142247968,5
6865,0.9958682,0,1.000155,0.4641564083997104,5
6871,0.9950383,0,1.0012122,0.2262987100061684,5
6873,1.0005829,0,0.99988705,0.5244321077050983,5
6875,0.998836,0,0.99910724,0.699868586906965,5
6879,0.99858695,0,1.0010209,0.26934320272481027,5
6887,1.0055547,0,1.0007272,0.3354252152224636,5
6890,1.0080136,0,1.0001289,0.4700297690884222,5
6892,1.0004138,0,1.0006957,0.3425054308472122,5
6894,1.0029408,0,1.0004035,0.4082387963633438,5
6900,1.0037526,0,1.0010544,0.2618070641242256,5
6901,1.0040679,0,0.99945086,0.6225628235041704,5
6907,1.001759,0,1.0002396,0.44511491940890924,5
6908,1.0022324,0,1.0011874,0.2318770617105157,5
6912,1.0053978,0,1.000233,0.44658996433073184,5
6913,0.99775344,0,1.0002027,0.4534288089682731,5
6917,1.0034229,0,1.0005257,0.38074932282028584,5
6918,1.0011804,0,1.0002182,0.44994233915305604,5
6921,1.0053767,0,1.0002807,0.43586236489929464,5
6926,0.9993987,0,1.0006617,0.3501488454421112,5
6930,0.9999165,0,1.0003642,0.4170890658942795,5
6931,0.9996068,0,1.000175,0.4596508166385067,5
6936,0.99732524,0,1.0011724,0.2352562555314185,5
6946,1.001456,0,0.99958396,0.5926194115911712,5
6948,1.0012826,0,1.0005707,0.3706385603561563,5
6955,1.0040512,0,0.99975497,0.5541475581301794,5
6964,1.0018866,0,0.9998018,0.5436076916887924,5
6973,1.0007442,0,1.0013666,0.1915681068468903,5
6980,0.9976077,0,1.0007782,0.3239466838308258,5
6984,0.9980644,0,1.0006659,0.3492101804918605,5
6985,0.9957133,0,1.0003728,0.41515809799662085,5
6987,1.001607,0,1.0002143,0.450800547107571,5
6988,1.0021682,0,1.000783,0.322873923887682,5
6993,1.0045595,0,1.0000743,0.4823128704374179,5
6997,1.00688,0,1.0002594,0.44066296564486285,5
6998,1.0074606,0,1.0001779,0.4590071606726205,5
6999,1.007977,0,1.0000787,0.48132056749000995,5
7005,1.0049808,0,1.0005643,0.3720599672808217,5
7015,0.9979984,0,1.0003102,0.42923807225038213,5
7016,1.0010426,0,1.0008392,0.3102153565585861,5
7017,1.0030148,0,0.9994243,0.6285434601871966,5
7019,0.9916785,0,1.0001607,0.46286909646793784,5
7022,1.0033965,0,1.0004342,0.4013463137286454,5
7026,1.000435,0,1.000947,0.285970981843538,5
7035,0.9976915,0,1.0006492,0.35296484029286346,5
7036,0.9998965,0,0.9995019,0.6110842921125326,5
7038,1.0014528,0,1.0002562,0.44138707860648485,5
7040,1.0010322,0,1.0006051,0.36288786976694287,5
7041,1.0042679,0,1.0007077,0.3397967119907742,5
7045,1.0003457,0,1.0003724,0.4152385549923566,5
7047,1.0108193,0,1.0001466,0.4660337383002119,5
7049,1.0032817,0,1.0001596,0.46311046745514517,5
7050,0.9877794,0,1.000497,0.3872127014777268,5
7053,0.9974994,0,1.0001597,0.4630836484565666,5
7057,1.0016855,0,1.0008161,0.3154182422828331,5
7059,1.0012237,0,1.0007952,0.32011156703408694,5
7063,1.0015686,0,1.0005894,0.3664279775793172,5
7065,1.0059628,0,1.0006758,0.34698420360983717,5
7086,0.99393916,0,1.0005834,0.36776892750824686,5
7093,0.9952647,0,0.9997285,0.5601013758146272,5
7099,1.0027423,0,1.0007726,0.32520717676401967,5
7119,1.0002129,0,1.0002844,0.43503097594335827,5
7121,1.0001415,0,1.0006921,0.34331000080456997,5
7132,1.0068474,0,1.0010189,0.26979912570064635,5
7142,1.0024403,0,1.0009758,0.2794807841875184,5
7143,1.0020093,0,0.99982506,0.5383779869659666,5
7159,0.99485713,0,1.00057,0.37077265534904924,5
7166,1.0007869,0,1.0002561,0.44141389760506344,5
7167,0.99513096,0,0.9997154,0.5630514656582724,5
7170,0.99991345,0,1.0008436,0.3092230536111782,5
7174,0.9983357,0,1.0006331,0.3565854051009736,5
7181,0.99867207,0,0.9991089,0.6994931209268647,5
7208,1.0037616,0,1.0006943,0.3428272588301553,5
7211,1.0019892,0,1.0004337,0.40145358972295975,5
7212,0.99982697,0,1.0007235,0.3362566041784,5
7214,1.0033005,0,1.000773,0.3251267197682839,5
7219,0.9981385,0,1.0003812,0.41325394909754065,5
7228,0.9984286,0,0.99952346,0.6062300533698072,5
7230,1.0029607,0,1.0002387,0.445329471397538,5
7234,0.9993213,0,0.9998315,0.5369297610427226,5
7239,1.0020945,0,0.99982536,0.5383109394695202,5
7243,1.0075711,0,1.0005225,0.38147343578190795,5
7245,0.9973393,0,1.0002046,0.4529997049910156,5
7248,1.004165,0,1.0006555,0.35154343336819804,5
7262,0.99696034,0,1.0004103,0.40671011344436403,5
7271,1.0013573,0,1.0017158,0.11301526001019124,5
7275,1.0078772,0,1.0006834,0.34526778770080724,5
7276,0.99772775,0,1.0003092,0.42945262423901087,5
7283,1.0000299,0,0.99945134,0.622455547509856,5
7296,0.99798095,0,0.99997723,0.5041435352803927,5
7297,1.0021738,0,1.000954,0.284388660927401,5
7304,1.0089586,0,1.0012743,0.2123260117467214,5
7310,1.0038089,0,0.99945176,0.6223616810148309,5
7313,0.9983723,0,0.9999103,0.5192024029822726,5
7314,0.99789304,0,1.000066,0.4841633813393408,5
7320,1.0064555,0,1.0004337,0.40145358972295975,5
7323,1.0053352,0,1.0003355,0.4235524445517205,5
7324,1.0036063,0,0.9999565,0.5088100410330678,5
7325,0.9930417,0,1.0000737,0.48244696543031085,5
7335,1.0078713,0,0.9998104,0.5416767237911336,5
7345,1.0039511,0,1.0000753,0.48207149945021055,5
7354,1.003883,0,0.9996423,0.5794915117869499,5
7360,0.9925219,0,0.9999076,0.519805830450291,5
7371,1.0062672,0,1.0004362,0.4008903907528093,5
7377,0.99694645,0,1.0003096,0.4293721672432751,5
7381,1.0037097,0,1.0005215,0.3816879877705367,5
7383,0.99753964,0,0.9992638,0.6646418322739829,5
7388,0.9961873,0,1.0003171,0.42768257033282375,5
7392,1.0006878,0,1.0001171,0.472684849947703,5
7397,1.0020726,0,0.9999928,0.5006436559658862,5
7404,0.99618506,0,0.99854404,0.8265749456915279,5
7410,0.9977251,0,0.9996237,0.5836752755652104,5
7412,0.99682266,0,0.9996769,0.5717140021991578,5
7416,0.99485976,0,1.0002899,0.433797302008743,5
7420,0.9956251,0,1.0002711,0.43803470378416065,5
7425,1.0011513,0,1.0006586,0.35084613940515463,5
7428,0.99734145,0,1.0012139,0.22592324402606812,5
7430,0.99960554,0,1.0001678,0.4612599565532223,5
7432,0.98764366,0,1.0004748,0.39220103521334515,5
7433,1.0003552,0,1.0006691,0.3484860675302385,5
7442,1.0015299,0,1.0002803,0.435969640893609,5
7443,1.0071832,0,1.0006635,0.34974656046343233,5
7451,1.0044984,0,1.0003407,0.4223724086142624,5
7452,0.99586195,0,0.99974185,0.5570976479738247,5
7457,0.997825,0,0.9990686,0.708557942446429,5
7459,0.9939974,0,1.0001751,0.4596239976399281,5
7467,0.99877924,0,1.0000846,0.4799796175610803,5
7471,0.9865127,0,1.0002861,0.43465550996325797,5
7473,1.0062592,0,1.0003681,0.41620403894118596,5
7480,1.0024333,0,1.0008503,0.307721189690777,5
7487,1.0008057,0,0.99994576,0.5112237509051412,5
7488,0.9996675,0,1.0009179,0.2925148174967147,5
7506,0.9939597,0,1.0001231,0.47131708102019476,5
7508,0.9968252,0,1.0000477,0.48829350712044417,5
7516,1.001037,0,1.0003368,0.42325743556735596,5
7529,0.9999371,0,1.0015655,0.1468340172177971,5
7534,1.0001829,0,0.999188,0.6816987153699681,5
7536,1.000243,0,0.9996579,0.5759782229731543,5
7540,0.98904,0,1.0007244,0.33604205218977123,5
7546,0.9960758,0,1.0000501,0.4877571271488723,5
7559,0.9974944,0,1.0008008,0.3188510741008931,5
7561,1.0047644,0,0.9999165,0.5178078150561858,5
7562,1.0014288,0,1.0003594,0.41816182583742323,5
7563,0.9859092,0,1.0002508,0.4425939335425215,5
7569,1.00143,0,0.9990366,0.7157588435647813,5
7578,1.0032336,0,1.0001546,0.4642368653954462,5
7579,0.99900216,0,0.9998074,0.5423471987555984,5
7582,0.9940662,0,1.0001394,0.46766969721350604,5
7589,1.0001845,0,1.0001553,0.4640759514039746,5
7591,1.0017517,0,1.0008405,0.3099203475742216,5
7592,0.9992613,0,1.0002639,0.4396438436988763,5
7595,1.0053018,0,1.00088,0.3010432590447073,5
7596,1.0023005,0,1.0006667,0.34902244750181033,5
7599,1.0057405,0,0.9998639,0.5296349934293454,5
7605,0.99818975,0,0.99934274,0.6468876552149543,5
7609,0.9974752,0,1.0009698,0.28084855311502666,5
7611,1.0051054,0,1.0005012,0.38627403652747605,5
7613,1.0029954,0,1.0008001,0.31901198809236464,5
7614,0.9985601,0,1.000623,0.35886501998015397,5
7617,0.9981344,0,0.99963385,0.58139566068603,5
7628,0.9984475,0,1.0001414,0.46721377423766997,5
7636,1.0015072,0,1.0009959,0.27497519242631485,5
7641,1.0005044,0,1.0004507,0.397618472926221,5
7642,1.0048145,0,0.99990326,0.5207847238984096,5
7643,0.9999458,0,0.9995376,0.6030520020382439,5
7646,0.99384695,0,1.0003867,0.4120202751629254,5
7652,0.9957236,0,0.99992204,0.5165607316222812,5
7657,1.0006614,0,1.000178,0.4589803416740419,5
7659,1.0016961,0,0.99960285,0.5883686003164642,5
7661,1.0023586,0,0.9998769,0.5267117225842788,5
7665,1.0035038,0,0.99998826,0.5016627779118727,5
7666,1.0036972,0,1.0009134,0.29353393944270123,5
7676,0.9948637,0,0.9996577,0.5760318609703114,5
7677,1.0028502,0,1.0006126,0.36119827285649153,5
7683,1.0073159,0,1.0000566,0.4862820822270496,5
7691,0.99939686,0,1.0001342,0.46882291415238553,5
7697,0.9982078,0,1.0006951,0.34263952584010515,5
7705,1.003465,0,0.99996185,0.5076031860970311,5
7707,1.0018831,0,1.0003096,0.4293721672432751,5
7710,1.0012572,0,0.9994548,0.6216777965510768,5
7713,0.99725527,0,1.0006827,0.3454287016922788,5
7715,0.9928916,0,0.9990006,0.7238581811355165,5
7716,1.0022849,0,1.0003656,0.4167672379113364,5
7724,1.0061716,0,1.0008317,0.31190495346903746,5
7734,0.99737346,0,0.99903667,0.7157454340654921,5
7737,1.0005332,0,0.99984384,0.5341539946898383,5
7740,1.0043521,0,1.0009867,0.2770402553168665,5
7745,1.0003301,0,1.0000966,0.47729771770322094,5
7754,1.0012033,0,1.0000151,0.4956150937324,5
7755,0.9992195,0,1.0001163,0.47284576393917455,5
7758,0.99520725,0,1.0008813,0.3007482500603428,5
7761,1.0031382,0,1.0007703,0.32571673773701293,5
7762,1.0063238,0,1.000133,0.46909110413817146,5
7763,0.9986919,0,1.0003672,0.4164185909298147,5
7765,1.0027207,0,1.0004219,0.4041086705822404,5
7781,1.0053916,0,1.0004756,0.392013302223295,5
7799,1.0047969,0,0.9995387,0.6027972215517472,5
7807,0.9989855,0,1.0002171,0.45018371014026337,5
7808,1.001566,0,1.000434,0.40137313272722397,5
7812,1.0012755,0,0.9995078,0.6097567516828921,5
7816,1.0059785,0,1.0000914,0.4784509346421004,5
7823,0.9998057,0,1.0002031,0.4533215329739587,5
7828,1.0011795,0,1.000191,0.4560570708289753,5
7833,0.9989199,0,1.0008142,0.3158473462600907,5
7843,1.002725,0,0.99976677,0.5514924772708987,5
7844,0.99750686,0,1.0001805,0.45841714270389144,5
7854,1.0018872,0,1.0000294,0.49239681390296886,5
7856,1.0015056,0,1.0008049,0.31793922814922093,5
7867,1.0023602,0,1.0010873,0.2544050205165339,5
7868,1.0032408,0,1.0002643,0.43956338670314055,5
7869,1.0044729,0,1.0004015,0.4086947193391799,5
7871,1.0056349,0,0.9999036,0.5207042669026738,5
7876,0.99537224,0,0.9990613,0.7102073108590126,5
7882,0.9913177,0,0.9986818,0.7955855928339636,5
7883,1.002259,0,1.000253,0.44211119156810685,5
7884,1.0031292,0,1.0003836,0.4127175691259688,5
7896,0.9903236,0,1.0002946,0.4327513610641779,5
7897,1.0057471,0,1.0007731,0.3250999007697053,5
7898,1.0045372,0,1.0010611,0.2603052002038244,5
7904,0.99325454,0,0.99984676,0.5334969292246627,5
7913,1.0010043,0,1.0005087,0.3845844396170247,5
7921,1.0042447,0,1.0006335,0.3565049481052377,5
7926,1.0027566,0,1.0007085,0.33963579799930266,5
7927,0.99867934,0,1.0010079,0.2722664735698769,5
7934,1.001784,0,1.0002983,0.4319199721082415,5
7937,1.0009139,0,0.99943596,0.6259151983264946,5
7947,1.0029577,0,1.0002699,0.4383028937699466,5
7948,1.0008318,0,0.99970984,0.5642985490921769,5
7949,1.0011622,0,0.99978244,0.5479657789578137,5
7950,1.0036935,0,0.99995047,0.5101644004612867,5
7962,0.9986612,0,0.9998469,0.5334701102260841,5
7964,0.9984668,0,1.000572,0.37034355137179176,5
7971,0.9989269,0,1.0005629,0.3723817952637648,5
7972,1.0021214,0,1.0007408,0.33236784938450403,5
7975,0.9922677,0,0.9998804,0.5259339716254995,5
7977,1.0020909,0,1.0003806,0.4133880440904336,5
7978,1.0039096,0,1.0005918,0.36589159760774537,5
7979,0.9999054,0,1.0004008,0.40885563333065145,5
7980,1.0031462,0,1.0005441,0.37661919703918256,5
7985,0.9982473,0,0.99995106,0.5100303054683938,5
7987,1.000576,0,1.0003433,0.42178239064553324,5
7995,0.9996403,0,1.0010058,0.27274921554429155,5
8001,0.9969479,0,1.0005351,0.378630621932577,5
8007,1.0076318,0,1.000819,0.3147745863169469,5
8008,1.0032494,0,1.0005956,0.3650333896532304,5
8015,1.0033171,0,1.0000682,0.4836806393649261,5
8030,0.9979781,0,1.000077,0.48169603347011025,5
8054,0.9988791,0,1.0009434,0.28677555180089576,5
8057,1.0003697,0,1.00012,0.47201437498323817,5
8058,0.9999229,0,0.9995326,0.6041783999785448,5
8071,0.99934155,0,1.0000718,0.48287606940756833,5
8081,0.99734,0,1.0004191,0.40472550754954806,5
8085,0.9983007,0,0.99985677,0.531244133344061,5
8092,1.0003008,0,1.0005203,0.3819561777563226,5
8101,1.0063154,0,1.0010043,0.27307104352723466,5
8105,0.9980906,0,1.0003948,0.4101965832595811,5
8107,0.9995402,0,0.99954474,0.6014428621235284,5
8110,1.000604,0,1.0010644,0.2595542682436238,5
8114,1.0009446,0,1.0007696,0.3258776517284845,5
8124,1.0031768,0,1.0009307,0.2896451846488052,5
8126,1.0006112,0,0.99913645,0.6932979322552095,5
8129,1.0015168,0,0.9999226,0.5164400461286776,5
8142,1.00451,0,0.9997619,0.552592056212621,5
8147,1.0040962,0,1.0010195,0.2696650307077534,5
8153,1.0034928,0,1.0000191,0.4947300667793064,5
8157,1.0058199,0,0.99982864,0.5375734170086088,5
8165,0.9971271,0,0.9991502,0.6902003379193821,5
8171,1.003561,0,1.0005786,0.36884168745139057,5
8175,0.98244274,0,1.0015765,0.14433985034998797,5
8178,0.99877805,0,0.99956614,0.5966288518786709,5
8179,0.9812126,0,1.0007329,0.33413790329069115,5
8184,1.0028998,0,1.0010594,0.2606806661839247,5
8197,1.002747,0,1.0006378,0.35553946415640836,5
8200,1.0060385,0,1.0005656,0.37176495829645717,5
8225,1.0038241,0,1.0001984,0.4543942929171024,5
8235,1.000799,0,1.0005124,0.38375305066108834,5
8236,1.0010116,0,1.0005566,0.37380320218843033,5
8243,1.0031643,0,1.000675,0.3471719365998873,5
8274,1.0034884,0,0.99957806,0.5939469520208116,5
8278,1.002666,0,1.0005243,0.38107115080322895,5
8289,0.9975949,0,0.9995788,0.59378603802934,5
8290,1.0028793,0,1.0001725,0.46021401560865716,5
8298,1.0017222,0,1.0003102,0.42923807225038213,5
8309,0.99873996,0,1.0000265,0.4930672888674337,5
8320,1.0027121,0,1.0000707,0.48311744039477567,5
8328,1.0051904,0,0.99996597,0.5066779306460697,5
8329,1.0016636,0,1.0005739,0.3699144473945343,5
8331,1.0008305,0,1.0004128,0.4061469144742136,5
8336,0.9986895,0,1.000044,0.48912489607638054,5
8340,0.9940824,0,0.9992155,0.6755169361976023,5
8341,1.0035571,0,1.0001286,0.4700834070855794,5
8347,0.98812985,0,0.99951637,0.6078257837852334,5
8349,0.9985411,0,1.0002383,0.44540992839327376,5
8350,1.0038326,0,0.9999365,0.5133022232949822,5
8360,1.0060734,0,1.0007745,0.3247780727867622,5
8366,1.0022185,0,1.00115,0.24029822726419392,5
8373,1.0003208,0,1.0004475,0.398342585887843,5
8378,1.0012696,0,1.0009762,0.27940032719178265,5
8387,0.9976719,0,1.0000571,0.48617480623273523,5
8394,0.9991215,0,1.000227,0.4479577332582402,5
8399,1.0010972,0,1.000731,0.33456700726794864,5
8411,1.0023596,0,0.9999034,0.520757904899831,5
8422,0.9956139,0,1.0006223,0.3590259339716255,5
8427,0.9972927,0,1.0001432,0.4668114892589911,5
8435,1.0040379,0,1.0010433,0.26430123099203473,5
8437,1.0002315,0,0.9999786,0.5038351167967388,5
8442,0.99678785,0,1.0002278,0.44777000026819,5
8444,1.0005419,0,1.0007486,0.3305977954783168,5
8454,1.001618,0,0.99990255,0.5209456378898811,5
8460,0.9979561,0,1.0006835,0.34524096870222865,5
8461,1.0041841,0,0.9997351,0.5586129213935151,5
8462,0.99572355,0,1.0005713,0.3705044653632633,5
8465,0.99688095,0,1.0008196,0.3146404913240539,5
8474,1.002965,0,1.0007674,0.32638721270147775,5
8478,0.999358,0,1.0004551,0.39662616997881295,5
8479,1.0003744,0,0.99984515,0.5338589857054737,5
8487,1.000935,0,1.000799,0.31928017807815057,5
8491,0.99847573,0,1.0004146,0.4057446294955347,5
8495,1.0009375,0,1.0007766,0.3242953308123475,5
8496,1.0017546,0,1.0006421,0.354573980207579,5
8497,1.0034348,0,0.99997306,0.5050822002306434,5
8500,1.0031371,0,1.0016526,0.1272293292568456,5
8503,1.0044085,0,0.99975634,0.5538391396465256,5
8504,0.9985492,0,1.0002748,0.4372033148282243,5
8505,1.0033278,0,1.0000244,0.49352321184326975,5
8506,0.9982028,0,1.0010442,0.2641134980019846,5
8508,1.0017369,0,1.0002078,0.4522755920293936,5
8515,0.9984396,0,1.0007318,0.3343792742778985,5
8517,1.0021847,0,0.9999433,0.5117735403760024,5
8520,0.9962866,0,1.0000354,0.4910558639740392,5
8528,1.0021911,0,0.99988157,0.5256657816397136,5
8533,1.0062284,0,0.99973613,0.5583849599055971,5
8537,1.002452,0,1.0008266,0.31305817040791695,5
8546,1.0028446,0,1.0002545,0.44176254458658515,5
8548,0.99667096,0,1.000064,0.48461930431517686,5
8552,0.99753386,0,0.9994766,0.6167699198111942,5
8559,1.0047133,0,1.000415,0.4056641724997988,5
8566,1.0000322,0,1.0000727,0.4826615174189396,5
8568,0.99922323,0,1.0012175,0.22511867406871022,5
8573,1.001306,0,0.99983275,0.5366481615576475,5
8574,0.9954272,0,0.99860173,0.8135945503794888,5
8575,1.005631,0,1.0000188,0.4947837047764636,5
8579,1.0018706,0,1.0003214,0.4267170863839944,5
8586,1.0025412,0,1.0006213,0.35924048596025426,5
8590,0.99868983,0,0.9995784,0.5938664950250758,5
8599,0.9963409,0,0.999761,0.5527931987019605,5
8614,1.0014877,0,1.0005131,0.3835921366696168,5
8635,0.99976504,0,0.99935013,0.6452248773030815,5
8639,0.9949795,0,1.0007317,0.3344060932764771,5
8650,0.9840053,0,0.9993258,0.6506959530131144,5
8652,1.0049393,0,1.0003637,0.4171963418885939,5
8654,0.99998564,0,1.0016161,0.13543594282189508,5
8655,1.0036584,0,1.0004748,0.39220103521334515,5
8656,1.0038202,0,0.9995678,0.5962533858985706,5
8661,1.0044452,0,1.0000519,0.4873548421701933,5
8669,1.0061113,0,1.0004871,0.3894386783597501,5
8675,1.0009739,0,0.9998368,0.5357363156059753,5
8679,1.0034393,0,0.9999533,0.5095207444954005,5
8685,1.002191,0,0.9993849,0.6374071392174216,5
8689,0.999479,0,1.0009835,0.2777643682784885,5
8712,1.0015483,0,1.0003638,0.4171695228900153,5
8717,1.00236,0,1.000708,0.33974307399361703,5
8722,1.0012687,0,0.99932855,0.6500791160458068,5
8724,1.0019222,0,0.99979025,0.5462091345509159,5
8727,0.9966598,0,0.99996644,0.5065706546517553,5
8737,1.003608,0,1.0000082,0.49717059564995847,5
8739,1.0020653,0,1.0002668,0.4390001877329901,5
8757,1.0086443,0,1.0002913,0.4334754740257999,5
8769,0.9991116,0,0.99898237,0.7279614879180412,5
8772,1.0011585,0,1.0001376,0.46807198219218493,5
8773,1.0030239,0,1.0002252,0.44836001823691907,5
8777,0.99661845,0,0.9994636,0.6196931906562608,5
8784,1.0006448,0,0.99976414,0.5520824952396277,5
8789,1.0011101,0,1.0007849,0.3224448199104245,5
8793,1.0005258,0,1.0007464,0.33110735645131006,5
8801,1.0016307,0,1.0003589,0.4182691018317376,5
8802,1.0001633,0,1.0004779,0.39150374125030174,5
8805,0.9994752,0,0.9998706,0.5281331295089442,5
8807,1.0014682,0,1.00068,0.3460455386595864,5
8809,1.0028365,0,1.0009136,0.29348030144554405,5
8814,1.0039426,0,1.0011331,0.2441065250623542,5
8825,1.0006136,0,1.0000639,0.48464612331375545,5
8826,1.0047746,0,1.0003711,0.41553356397672114,5
8832,1.0067359,0,1.0005974,0.3646311046745514,5
8839,1.0058776,0,1.0008825,0.30048006007455685,5
8848,1.0043503,0,1.0003544,0.4192882237777241,5
8852,1.0004053,0,1.0008179,0.3150159573041542,5
8858,1.0030181,0,1.0006107,0.361627376833749,5
8864,0.9987058,0,1.0004828,0.39040416230857944,5
8869,0.9996297,0,0.9993971,0.6346581918631158,5
8880,0.99878365,0,0.9999612,0.5077506905892134,5
8888,1.008096,0,1.0003283,0.42516158446643604,5
8893,1.0033736,0,0.9997582,0.5534234451685573,5
8894,1.0051228,0,1.0007344,0.33378925630916945,5
8905,0.9999751,0,1.0004753,0.3920937592190308,5
8907,1.0040145,0,1.0005547,0.3742323061656878,5
8920,1.0030757,0,1.0007468,0.3310000804569957,5
8924,1.0033194,0,1.0004481,0.39820849089495003,5
8931,1.0008229,0,0.999656,0.5764073269504117,5
8935,0.9978459,0,0.9996527,0.5771582589106123,5
8936,0.99294984,0,0.9997923,0.5457532115750798,5
8937,1.0004039,0,1.00063,0.357282699064017,5
8945,0.9995658,0,0.9997509,0.5550594040818515,5
8958,1.001851,0,0.9997192,0.5621932577037574,5
8962,1.0050792,0,0.99945015,0.6227237374956419,5
8965,0.9974601,0,1.0007042,0.3406012819481321,5
8977,0.9994853,0,0.99992895,0.5150052297047228,5
8980,1.0037425,0,1.0006745,0.3472792125942017,5
8982,1.0052358,0,1.0004343,0.4013194947300668,5
8989,1.0019246,0,0.9997024,0.565974736503339,5
8995,0.9873437,0,1.0004483,0.39815485289779284,5
9000,1.0009155,0,0.9996753,0.5720760586799689,5
9002,1.0032243,0,1.0008074,0.3173760291790705,5
9007,1.0020143,0,1.0017085,0.1146512189234854,5
9013,0.99526834,0,1.000283,0.4353528039263014,5
9015,1.0022573,0,1.0001818,0.4581221337195269,5
9017,1.0007178,0,1.0001209,0.471826641993188,5
9026,1.0021597,0,1.0006306,0.35714860407112403,5
9027,1.0064476,0,1.0003698,0.41582857296108566,5
9028,1.000698,0,1.0000696,0.483358811381983,5
9031,1.0053803,0,1.0013082,0.20470941615040095,5
9035,1.0021513,0,1.0012988,0.20682811703810977,5
9038,1.0015918,0,1.0012442,0.21911121838710546,5
9040,0.9993067,0,0.9996887,0.5690589213398771,5
9059,1.000209,0,1.0005702,0.37074583635047065,5
9060,0.9982658,0,1.0008355,0.3110467455145225,5
9065,1.0020036,0,1.0006407,0.35486898919194354,5
9066,1.0021822,0,1.0014231,0.17885590152063724,5
9069,1.0008595,0,1.0006521,0.35232118432697723,5
9072,1.004243,0,1.0003964,0.4098479362780594,5
9073,1.0059634,0,0.999934,0.5138654222651327,5
9083,1.0043107,0,1.0012296,0.22238313621369377,5
9088,1.0042299,0,0.99975526,0.554080510633733,5
9103,1.008781,0,1.0010464,0.2636039370289913,5
9104,1.001374,0,1.0004001,0.409016547322123,5
9107,0.99899393,0,1.0004058,0.40772923539035055,5
9111,1.0045692,0,1.0005778,0.3690294204414407,5
9112,1.0050375,0,0.99986607,0.5291522514549307,5
9120,0.9983549,0,0.9995467,0.6010003486469815,5
9121,1.0040655,0,1.0002898,0.4338241210073216,5
9123,0.9995781,0,1.0004796,0.39112827527020144,5
9136,1.0035616,0,0.99909085,0.7035561992115215,5
9137,1.0020102,0,0.9998504,0.5326789497680157,5
9138,0.99943656,0,0.9999422,0.5120283208624989,5
9143,1.005116,0,1.0004092,0.40695148443157136,5
9146,1.0027608,0,0.99980265,0.5434199586987423,5
9155,1.0044023,0,1.0006714,0.3479765065572451,5
9157,1.0006533,0,1.0004315,0.4019363316973744,5
9159,1.0007856,0,1.0008047,0.3179928661463781,5
9162,1.0003153,0,0.99987847,0.526363075602757,5
9165,1.0004183,0,1.0005645,0.3720331482822431,5
9166,1.0022889,0,1.0003386,0.42285515058867706,5
9168,1.0007617,0,1.0005791,0.3687344114570762,5
9173,1.0039784,0,1.0008987,0.29683267626786813,5
9176,0.9985846,0,0.99999994,0.49903451605117066,5
9177,1.0005445,0,1.0004253,0.40333091962346124,5
9183,1.0014857,0,1.0001863,0.4571030117735404,5
9184,1.0017179,0,0.9997793,0.5486764824201464,5
9198,1.0007306,0,1.0007706,0.32566309973985574,5
9202,1.0011008,0,1.0005043,0.38557674256443264,5
9204,1.0005808,0,0.99965876,0.575790489983104,5
9211,1.0058297,0,1.0002874,0.43436050097889345,5
9212,1.0089514,0,1.0005417,0.3771555770107544,5
9213,1.0028868,0,1.0004022,0.40853380534770833,5
9221,1.0038915,0,1.0000662,0.4841365623407622,5
9230,1.0009824,0,1.0007334,0.3340306272963768,5
9234,1.003117,0,1.0008113,0.3164910022259769,5
9241,0.9975376,0,0.999497,0.6121838710542549,5
9243,1.0039885,0,1.0007008,0.3413522139083327,5
9245,1.003395,0,1.0003268,0.42551023144795774,5
9247,1.0050099,0,0.999021,0.719272132378577,5
9250,0.99290526,0,1.00017,0.4607772145788076,5
9257,1.0018945,0,1.0000279,0.49274546088449056,5
9265,1.0028057,0,0.99999386,0.5004022849786789,5
9269,1.0039622,0,1.0007108,0.3390994180277308,5
9281,1.003803,0,1.0004542,0.3968407219674417,5
9287,0.99875295,0,0.9993826,0.6379167001904149,5
9290,0.9855909,0,0.99977887,0.5487703489151715,5
9295,1.0017966,0,1.000785,0.3224180009118459,5
9296,1.0001763,0,1.0012934,0.20803497197414644,5
9297,1.0005901,0,0.99960595,0.5876713063534207,5
9303,1.003525,0,1.000576,0.3694317054201196,5
9305,1.0023764,0,1.000489,0.3890095743824925,5
9307,1.001991,0,1.0004631,0.39482929707404724,5
9326,0.995631,0,1.0000964,0.47732453670179953,5
9328,0.9966479,0,1.0001173,0.4726312119505458,5
9329,1.0043644,0,0.99998194,0.5030841848365382,5
9340,1.0005505,0,1.0003115,0.4289430632660176,5
9356,1.0077814,0,1.0002427,0.4444176254458658,5
9362,0.9974972,0,0.9995614,0.5976882023225253,5
9372,1.0003079,0,1.0004393,0.4001930967897659,5
9377,0.99692017,0,1.0005642,0.3720867862794003,5
9380,0.99995166,0,1.0001299,0.46978839810121487,5
9384,1.0001522,0,1.0001373,0.4681256201893421,5
9390,1.0032514,0,1.0013489,0.19556413763510072,5
9392,0.9852922,0,1.0002437,0.4442030734572371,5
9399,1.0028551,0,0.9995654,0.5967897658701424,5
9400,0.9978848,0,1.0009086,0.29460669938584494,5
9401,1.0046164,0,1.0007598,0.3280768096119291,5
9403,0.99751604,0,1.0008209,0.3143454823396894,5
9405,0.982271,0,1.0002272,0.447904095261083,5
9410,1.0024635,0,1.0011742,0.2348539705527396,5
9414,0.9999102,0,0.9996801,0.5709898892375358,5
9418,0.99774605,0,0.9997347,0.5587067878885402,5
9428,1.0055732,0,1.0000273,0.4928795558773835,5
9429,1.0035949,0,1.0002828,0.43540644192345856,5
9430,1.0054731,0,1.0001538,0.4644245983854963,5
9432,1.0009369,0,1.0006288,0.3575508890498029,5
9433,1.001499,0,1.0003252,0.42585887842947945,5
9436,1.001887,0,0.999749,0.5554885080591091,5
9440,1.0039014,0,1.0003661,0.41665996191702204,5
9441,1.0009692,0,1.0001839,0.45763939174511226,5
9454,1.0011941,0,1.0001469,0.4659801003030547,5
9455,1.0023946,0,1.0009832,0.2778180062756457,5
9462,0.9982817,0,1.0000458,0.48872261109770165,5
9465,0.9986772,0,0.99946374,0.6196663716576822,5
9468,1.0039451,0,1.0009092,0.294472604392952,5
9472,1.004218,0,0.9998148,0.5406844208437257,5
9476,0.9992357,0,1.0007677,0.32630675570574197,5
9478,0.9971889,0,1.0006299,0.3573095180625956,5
9483,1.005831,0,1.0011483,0.24067369324429422,5
9484,0.9815149,0,1.0003891,0.41148389519135353,5
9486,1.0061741,0,1.0006287,0.3575777080483815,5
9490,0.99729943,0,0.99884504,0.7588569742805804,5
9496,1.0001006,0,1.0004519,0.39735028294043495,5
9497,1.0015693,0,0.99954915,0.6004505591761204,5
9506,0.99847144,0,0.9998539,0.5318877893099472,5
9511,0.99980557,0,1.0007396,0.33263603937028996,5
9513,1.0030673,0,0.9996907,0.568602998364041,5
9514,0.99509686,0,1.000661,0.3503097594335828,5
9517,1.008651,0,0.9995169,0.6077050982916298,5
9520,0.9941673,0,0.9998633,0.5297690884222384,5
9521,1.0010719,0,1.0010548,0.26172660712848983,5
9523,1.001249,0,0.99988943,0.5238957277335264,5
9524,0.997315,0,1.0007465,0.33108053745273147,5
9525,0.99865985,0,1.0006323,0.35677313809102373,5
9551,1.019174,0,1.0004712,0.39300560517070293,5
9552,0.99607235,0,1.0003312,0.4245179285005498,5
9555,1.0005872,0,0.99989766,0.5220452168316034,5
9580,1.0047517,0,1.0004525,0.397216187947542,5
9581,1.0101676,0,1.0004236,0.4037332046021401,5
9591,1.0030016,0,1.0004655,0.3942929171024754,5
9592,0.99519247,0,1.0013466,0.19607369860809398,5
9597,0.9995977,0,0.99933124,0.6494756885777885,5
9600,0.99826497,0,0.99999565,0.5,5
9607,1.0044512,0,0.9999803,0.5034596508166385,5
9613,0.99969685,0,1.0003165,0.4278166653257167,5
9616,1.0026177,0,1.0002987,0.43181269611392714,5
9617,1.0072901,0,1.0004239,0.40365274760640435,5
9635,1.0012425,0,1.0009204,0.29195161852656426,5
9638,1.0014732,0,0.99928504,0.6598680505269934,5
9644,1.0038538,0,1.0010669,0.2589910692734734,5
9649,1.0005949,0,0.99991304,0.518585566014965,5
9652,1.006574,0,1.0006938,0.3429345348244697,5
9654,1.0042574,0,1.0009229,0.2913884195564138,5
9657,1.0007281,0,0.9995397,0.6025826695631185,5
9659,1.0077657,0,1.0006905,0.34368546678467027,5
9660,1.0010283,0,1.0012538,0.21693887950223933,5
9665,1.000137,0,1.000829,0.3125217904363451,5
9682,1.0054928,0,1.001189,0.231528414728994,5
9687,1.0009377,0,1.0007055,0.3403062729637676,5
9691,1.0048348,0,1.0004987,0.3868372354976265,5
9693,1.0000286,0,1.0004834,0.3902700673156865,5
9695,0.99487996,0,1.0003159,0.4279507603186097,5
9697,1.0044316,0,1.0006547,0.3517311663582482,5
9705,1.0066892,0,0.9995621,0.597540697830343,5
9716,1.0024621,0,1.00039,0.4112693432027248,5
9718,0.9997965,0,1.0001024,0.4759835867728699,5
9719,0.99952424,0,1.0003841,0.4126102931316544,5
9726,1.0070134,0,0.99995065,0.5101241719634189,5
9733,0.9999462,0,1.0014371,0.17571807868694178,5
9735,0.98766464,0,0.9997893,0.5464236865395447,5
9737,0.9997209,0,1.0005281,0.380212942848714,5
9746,0.9969694,0,0.9994302,0.6272159197575562,5
9750,1.0004579,0,0.99957114,0.59550245393837,5
9752,1.0050213,0,1.0007592,0.32821090460482205,5
9758,0.9996481,0,1.0004872,0.3894118593611715,5
9759,1.0021783,0,1.0001026,0.4759299487757127,5
9764,1.0015551,0,1.0010616,0.26019792420951005,5
9773,0.99777395,0,0.9995653,0.596816584868721,5
9776,1.0043133,0,1.0009711,0.28055354413066214,5
9796,1.0021632,0,1.0003307,0.4246252044948642,5
9819,1.0011121,0,0.9998694,0.5284013194947301,5
9829,1.0052241,0,1.000095,0.47764636468474264,5
9832,1.0039151,0,1.0007793,0.32370531284361836,5
9834,1.0010806,0,0.99994445,0.5115187598895057,5
9855,0.99893194,0,0.99967414,0.5723308391664655,5
9869,1.0040551,0,1.0000367,0.4907608549896747,5
9873,0.99811,0,1.0000213,0.49422050580631316,5
9874,0.9953756,0,1.001019,0.26977230670206775,5
9878,0.9988307,0,1.0004245,0.4035186526135114,5
9883,0.9959297,0,1.0003827,0.41293212111459754,5
9886,1.0011762,0,0.99952435,0.6060289108804677,5
9887,1.0034139,0,1.0008355,0.3110467455145225,5
9888,0.9931005,0,1.0007426,0.33196556440582503,5
9895,0.9972132,0,0.9993758,0.6394453831093947,5
9896,1.0036849,0,1.0007741,0.32485852978249796,5
9899,0.99873024,0,0.99988395,0.5251294016681417,5
9907,1.0044049,0,1.0007429,0.33188510741008925,5
9909,0.99660957,0,0.9993686,0.6410679325233996,5
9925,1.007475,0,0.9993739,0.6398744870866522,5
9939,0.99829483,0,1.0004444,0.3990398798508864,5
9949,1.0030645,0,1.0010026,0.27347332850591355,5
9954,1.0012158,0,1.0008177,0.3150695953013114,5
9955,1.0011528,0,0.9999129,0.5186123850135436,5
9956,1.0006144,0,0.9998025,0.54346018719661,5
9957,0.9986349,0,1.0001799,0.4585512376967844,5
9972,0.99396586,0,0.999197,0.6796738809772843,5
9979,0.9997695,0,1.0002443,0.4440689784643441,5
9986,1.0050519,0,0.9995635,0.5972188698473999,5
10004,0.99687165,0,1.0001745,0.4597580926328211,5
10008,1.0026437,0,0.99940675,0.6324858529782498,5
10010,0.9976427,0,1.0000848,0.4799527985625017,5
10013,1.001725,0,1.0001745,0.4597580926328211,5
10015,1.0079904,0,0.9998924,0.5232252527690616,5
10016,1.0018375,0,1.0001494,0.46541690133290425,5
10026,0.9979163,0,1.0007434,0.3317778314157749,5
10027,0.9824976,0,0.99998987,0.5013007214310617,5
10030,1.0072663,0,0.9997472,0.555890793037788,5
10034,0.99167174,0,1.0009742,0.2798562501676187,5
10059,1.0027872,0,1.0008852,0.2998632231072492,5
10062,0.99876475,0,1.0004728,0.3926569581891812,5
10073,1.0006124,0,0.99963266,0.5816638506718159,5
10078,0.99366695,0,0.9999592,0.5082066135650495,5
10080,1.0031214,0,0.99984366,0.5341942231877062,5
10089,0.98302484,0,1.0006523,0.35226754632982005,5
10091,1.0004599,0,0.9997179,0.5624882666881219,5
10095,0.9998319,0,1.0011683,0.23619492048166923,5
10111,1.0018079,0,1.0003895,0.41140343819561775,5
10124,1.0009029,0,1.0005643,0.3720599672808217,5
10127,1.0050834,0,1.0009005,0.29643039128918924,5
10128,1.0047332,0,1.001273,0.2126210207310859,5
10132,1.0021186,0,0.99983627,0.5358570010995789,5
10134,1.0053643,0,1.0010663,0.25912516426636634,5
10138,0.999496,0,0.99994004,0.5125110628369136,5
10139,1.0007793,0,1.0003347,0.42371335854319203,5
10142,0.99495995,0,1.0002615,0.4401802236704482,5
10148,1.004463,0,1.0000076,0.49730469064285143,5
10152,1.0027131,0,1.0002137,0.45093464210046397,5
10163,1.0015091,0,1.0004333,0.4015340467186955,5
10180,0.9984357,0,1.0006392,0.35521763617346525,5
10182,0.999281,0,1.0000231,0.49381822082763427,5
10186,0.99891084,0,1.0005603,0.37297181323249395,5
10191,1.0018212,0,0.99918586,0.6821814573443827,5
10194,0.9969427,0,1.0009079,0.2947676133773165,5
10196,0.9979448,0,1.0002142,0.4508273661061496,5
10198,1.0001863,0,0.99963003,0.582253868640545,5
10208,1.0040991,0,1.0005548,0.3742054871671092,5
10216,0.9979464,0,0.9999551,0.5091184595167216,5
10218,1.0046566,0,1.00069,0.34379274277898464,5
10224,1.0004784,0,1.0005519,0.37484914313299544,5
10236,1.0014111,0,0.9995565,0.5988011907635369,5
10237,1.0003968,0,1.000213,0.4510955560919355,5
10254,0.99751556,0,1.0000467,0.4885080591090729,5
10259,1.0013855,0,1.0008872,0.29943411912999174,5
10264,1.0049903,0,1.0001397,0.46758924021777026,5
10266,1.0013239,0,1.0006989,0.3417813178855902,5
10267,1.0015845,0,1.0006965,0.34231769785716204,5
10274,0.9984654,0,0.9998402,0.5349719741464853,5
10284,0.9983848,0,0.9998551,0.5316195993241613,5
10301,0.9990185,0,1.001671,0.12309920347574221,5
10304,0.99569196,0,0.99968463,0.5699707672915493,5
10310,1.0039699,0,1.0002027,0.4534288089682731,5
10312,0.9979246,0,1.0001178,0.47252393595623143,5
10314,0.99990445,0,1.0001745,0.4597580926328211,5
10316,1.0007881,0,1.0008689,0.3035374259125164,5
10328,0.9930054,0,1.0005032,0.38581811355164,5
10330,1.0028799,0,1.0010614,0.26022474320808864,5
10332,1.0010344,0,1.0000975,0.4770831657145922,5
10341,1.005426,0,0.999667,0.5739399790811811,5
10348,1.0067331,0,1.0005902,0.36624024458926707,5
10350,0.9987241,0,1.0001774,0.45911443666693486,5
10351,1.0018756,0,0.99972767,0.5602891088046773,5
10357,0.994688,0,1.0004926,0.3882050044251347,5
10360,1.0043038,0,1.0010114,0.2714887226110977,5
10361,0.99656725,0,1.0003369,0.42323061656877736,5
10365,1.0048969,0,0.99983674,0.5357497251052645,5
10372,1.004424,0,0.9995603,0.5979429828090219,5
10375,1.0026234,0,1.0001743,0.45981173062997827,5
10377,1.0059596,0,1.0004588,0.3957947810228766,5
10381,0.9994442,0,1.0004845,0.39002869632847914,5
10384,0.99908334,0,0.9997778,0.5490117199023788,5
10393,1.0041845,0,1.0000668,0.4840024673478692,5
10400,1.0003104,0,1.0001669,0.461474508541851,5
10408,1.004,0,1.0009737,0.2799635261619331,5
10432,1.001847,0,0.9997688,0.5510365542950626,5
10438,0.9983214,0,1.000743,0.33185828841151066,5
10449,1.0004945,0,1.0003009,0.4313299541395125,5
10459,1.0012528,0,0.99962586,0.5831925335907957,5
10461,1.0009947,0,1.0006379,0.35551264515782977,5
10462,0.9985348,0,0.99952227,0.6064982433555931,5
10473,1.0007694,0,0.99992937,0.5149113632096978,5
10479,0.99661523,0,1.000267,0.4389465497358329,5
10480,0.99550855,0,0.9998326,0.5366883900555153,5
10481,1.0043693,0,1.0003273,0.4253761364550648,5
10490,1.0003783,0,0.9998683,0.5286560999812266,5
10497,0.99839073,0,0.9995257,0.6057204923968139,5
10498,0.9977769,0,0.9996359,0.5809397377101939,5
10510,1.0025502,0,1.0001552,0.4641027704025532,5
10520,1.0016996,0,1.0005217,0.3816611687719581,5
10522,0.9910391,0,0.9999373,0.5131278998042212,5
10524,1.0031257,0,1.0001963,0.4548502158929385,5
10525,1.001203,0,0.99997425,0.5048140102448575,5
10541,1.0014739,0,1.0002847,0.4349773379462011,5
10543,0.9909901,0,0.9998792,0.5262021616112854,5
10544,1.0074381,0,1.000838,0.31048354654437205,5
10553,0.9948403,0,0.99981743,0.5400944028749967,5
10555,1.001784,0,1.0002469,0.4434789604956151,5
10559,1.0040288,0,0.99978495,0.5474025799876633,5
10566,1.0032701,0,1.0007792,0.32373213184219696,5
10568,0.99994165,0,1.0000468,0.4884812401104943,5
10573,1.0005307,0,1.0001366,0.4682865341808137,5
10581,0.9977767,0,1.0001948,0.4551988628744603,5
10585,1.0036173,0,1.0004665,0.39407836511384664,5
10588,1.005824,0,1.000174,0.45986536862713545,5
10594,1.0008477,0,1.000231,0.447045887306568,5
10596,1.0037287,0,0.9997373,0.5581167699198112,5
10598,0.9980551,0,0.9992724,0.6627108643763242,5
10605,0.9967305,0,1.0010128,0.2711668946281546,5
10609,0.99755734,0,1.0000515,0.4874352991659291,5
10625,1.0015898,0,0.99978495,0.5474025799876633,5
10630,1.0036291,0,1.0000578,0.4860138922412637,5
10634,0.99580747,0,1.0005141,0.38335076568240944,5
10640,1.0026555,0,0.999927,0.5154477431812696,5
10646,1.0034903,0,1.0006204,0.359455037948883,5
10647,0.99852467,0,1.000212,0.45133692707914286,5
10650,1.0006318,0,0.99992615,0.5156354761713198,5
10651,1.0022917,0,1.001151,0.24008367527556518,5
10667,0.9995648,0,0.99990404,0.5206104004076488,5
10669,1.002163,0,1.0002185,0.44986188215732026,5
10673,1.0066389,0,1.0007014,0.34121811891543974,5
10678,1.0031126,0,1.0002258,0.4482259232440261,5
10680,0.99999154,0,1.0003644,0.41703542789712233,5
10685,0.99627674,0,0.9998351,0.5361251910853648,5
10688,0.99764746,0,0.9995759,0.5944296939952263,5
10700,1.0036314,0,1.0016505,0.12771207123126027,5
10704,1.0011047,0,1.0001426,0.46694558425188404,5
10706,0.9974077,0,0.9998829,0.525370772655349,5
10710,0.995661,0,1.0001915,0.4559497948346609,5
10714,1.0099597,0,1.0001067,0.47501810282404056,5
10731,0.99926126,0,1.0000447,0.488963982084909,5
10732,1.0048181,0,1.0008128,0.3161691742430338,5
10733,0.9980307,0,0.99950373,0.6106685976345643,5
10735,1.0060929,0,1.0011363,0.2433824121007322,5
10736,1.0054286,0,1.0006894,0.3439268377718776,5
10740,1.0026408,0,1.0000305,0.4921554429157615,5
10747,0.994874,0,1.0008419,0.3096253385898571,5
10749,1.0027319,0,0.99992496,0.5159036661571057,5
10759,0.98520625,0,1.000257,0.4411993456164347,5
10760,1.0008239,0,1.0007236,0.3362297851798214,5
10762,0.99888635,0,0.99910015,0.7014643173223911,5
10767,1.000919,0,1.0002198,0.44956687317295574,5
10768,0.9987583,0,0.99965394,0.576876659425537,5
10771,0.9820479,0,1.0000597,0.4855847882640062,5
10772,1.0009248,0,1.0004369,0.40072947676133774,5
10773,0.9966634,0,0.99978995,0.5462761820473623,5
10785,1.001659,0,1.0005943,0.3653283986375949,5
10790,1.0063752,0,1.0012965,0.20733767801110303,5
10792,1.0012257,0,1.0004394,0.4001662777911873,5
10801,0.9985331,0,1.0004396,0.4001126397940301,5
10805,1.00334,0,1.000326,0.4256711454394293,5
10809,0.99628514,0,1.0006554,0.35157025236677664,5
10813,1.0009993,0,1.000217,0.45021052913884196,5
10816,0.9981568,0,1.0005189,0.38227800573926574,5
10817,1.0009661,0,1.0007337,0.333950170300641,5
10820,1.0060838,0,1.0001047,0.47547402579987663,5
10831,1.0007666,0,1.000375,0.4146485370236276,5
10836,0.9984278,0,1.0007137,0.3384557620618446,5
10847,0.9973038,0,1.0007391,0.33274331536460433,5
10850,1.0062679,0,1.0003065,0.4300694612063185,5
10864,1.0025045,0,1.0008683,0.3036715209054094,5
10867,0.9969354,0,1.0002785,0.4363719258722879,5
10869,0.99652964,0,1.0012758,0.21200418376377828,5
10871,0.9939379,0,1.0002518,0.4423793815538928,5
10872,0.99713075,0,1.0004635,0.39474884007831146,5
10876,0.99470526,0,0.9994901,0.6137393729718132,5
10884,1.0025774,0,1.0005054,0.3853085525786467,5
10885,1.0037742,0,0.9997473,0.5558773835384987,5
10887,1.0037881,0,1.0008568,0.3062729637675329,5
10892,1.0012708,0,1.0009556,0.2840400139458793,5
10897,0.9999207,0,0.9999913,0.5009788934481186,5
10900,1.0004953,0,1.0006179,0.36001823691903345,5
10910,1.0079668,0,1.000112,0.4738112478880039,5
10914,0.9970877,0,0.9997856,0.547255075495481,5
10924,0.98964256,0,0.9995392,0.6026899455574328,5
10926,0.9996326,0,0.99990076,0.52134792286856,5
10929,1.006059,0,1.0003835,0.4127443881245474,5
10930,1.0061053,0,0.99982417,0.5385791294553062,5
10931,1.0000964,0,1.0001804,0.45844396170247004,5
10932,1.0015299,0,0.99991745,0.517593263067557,5
10935,1.003321,0,1.0009822,0.278059377262853,5
10941,0.99834144,0,1.0002543,0.44181618258374233,5
10946,0.9927209,0,1.0006768,0.34676965162120843,5
10954,1.0042785,0,1.0010456,0.26379167001904147,5
10964,1.0026679,0,1.0000734,0.48250060342746803,5
10974,1.0031055,0,1.0002198,0.44956687317295574,5
10979,0.9950642,0,0.9993654,0.6417920454850217,5
10980,0.999058,0,0.9999587,0.5083138895593639,5
11002,1.0022293,0,1.0001118,0.47386488588516107,5
11005,0.9969273,0,1.0000721,0.48279561241183255,5
11006,0.9985168,0,0.9997196,0.5620993912087322,5
11008,0.9967391,0,1.0003752,0.414621718025049,5
11024,0.99558383,0,1.0001633,0.4622790784992088,5
11025,1.0035589,0,1.0004297,0.4023386166760533,5
11026,1.0002611,0,1.000847,0.3084721216509776,5
11029,1.0004097,0,0.99987227,0.5277576635288439,5
11036,1.0027819,0,1.000681,0.3458041676723791,5
11042,1.0013001,0,1.0002009,0.453831093946952,5
11052,0.9980003,0,1.0000714,0.4829565264033041,5
11053,0.99932563,0,1.0011483,0.24067369324429422,5
11060,0.9946937,0,1.0005208,0.38184890176200825,5
11062,1.0014992,0,1.0001422,0.4670260412476198,5
11063,0.9989973,0,0.9993938,0.6353957143240272,5
11066,0.99978787,0,0.9995672,0.5963874808914635,5
11077,1.0039788,0,1.0009079,0.2947676133773165,5
11079,0.998871,0,0.9991941,0.6803309464424598,5
11083,1.00073,0,1.0006353,0.3561026631265588,5
11098,1.0029387,0,1.0015047,0.1605117064928796,5
11099,1.0070354,0,1.001131,0.24456244803819027,5
11104,1.0056503,0,1.0002198,0.44956687317295574,5
11107,0.9999696,0,1.0005524,0.3747418671386811,5
11131,0.9983166,0,1.0003414,0.42221149462279084,5
11136,1.0025991,0,0.9997894,0.5463968675409661,5
11139,1.0047048,0,1.0005352,0.3786038029339984,5
11146,1.0024791,0,1.0005023,0.3860058465416901,5
11147,1.0010448,0,0.9997616,0.5526591037090676,5
11154,1.002837,0,1.0005535,0.37450049615147374,5
11157,1.0013177,0,1.0002601,0.4405020516533913,5
11158,1.0070795,0,1.0008909,0.29860273017405525,5
11162,0.9995494,0,0.9996396,0.5801083487542575,5
11164,1.0025451,0,0.99997944,0.5036473838066886,5
11165,0.99361074,0,1.000175,0.4596508166385067,5
11173,1.0014422,0,1.0003777,0.41405851905489854,5
11186,1.0027709,0,0.99986964,0.5283476814975729,5
11211,0.99726844,0,0.9997089,0.5645131010808057,5
11219,0.9988693,0,1.001223,0.22388500013409496,5
11223,1.0019366,0,1.0005143,0.38332394668383085,5
11226,1.004442,0,1.0005345,0.37876471692547,5
11229,0.99838907,0,0.99968755,0.5693137018263739,5
11230,0.9978331,0,1.0004514,0.3974575589347493,5
11232,1.0021077,0,1.0002741,0.43736422881969583,5
11235,0.9947718,0,1.0002793,0.43618419288223775,5
11236,0.9999493,0,1.0009599,0.28307452999704996,5
11237,0.98933834,0,1.0000956,0.4775122696918497,5
11240,0.9949379,0,1.000088,0.4792286856008796,5
11255,1.0074738,0,1.0008471,0.308445302652399,5
11256,0.99689525,0,1.0006194,0.35966958993751175,5
11258,0.9987807,0,1.0009121,0.29382894842706575,5
11266,1.0056275,0,1.00005,0.4877839461474509,5
11268,1.002631,0,0.9993232,0.6512859709818435,5
11271,1.0008429,0,1.0004647,0.39448065009252553,5
11272,0.9988949,0,0.99920964,0.6768310671279534,5
11278,1.0052652,0,0.999727,0.5604366132968595,5
11281,0.9988958,0,1.0001388,0.467803792206399,5
11282,1.0021056,0,0.9994996,0.6115938530855258,5
11284,0.9989494,0,1.000937,0.28822377772413976,5
11286,0.9972957,0,1.0008347,0.31123447850457264,5
11289,1.0030059,0,1.0001265,0.47056614905999405,5
11290,0.9999173,0,0.99962914,0.5824550111298844,5
11297,1.002825,0,0.9999795,0.5036339743073994,5
11299,1.0009154,0,1.0002671,0.4389197307372543,5
11302,0.99837786,0,0.99999136,0.5009654839488293,5
11306,0.99846315,0,0.99996644,0.5065706546517553,5
11309,1.008262,0,1.0000274,0.49285273687880493,5
11310,0.99824244,0,0.9994681,0.6186874782095637,5
11311,1.0016991,0,1.0003835,0.4127443881245474,5
11313,1.0033752,0,1.000398,0.4094724702979591,5
11317,0.99439466,0,0.9988676,0.7537881835492263,5
11324,0.99434954,0,0.9994576,0.6210475500844799,5
11326,1.0038888,0,1.0001916,0.4559229758360823,5
11327,1.0008663,0,1.000678,0.3465014616354225,5
11336,1.0004956,0,1.0006139,0.360903263872127,5
11341,1.0008415,0,1.0008622,0.3050392898329176,5
11342,1.0051165,0,0.99921125,0.6764690106471425,5
11350,1.0035017,0,1.0005306,0.37964974387856354,5
11352,0.99061525,0,0.9998206,0.539383699412664,5
11355,0.9964356,0,1.0002267,0.44801137125539736,5
11367,1.0064135,0,0.99945587,0.6214364255638695,5
11371,0.9969792,0,1.0014163,0.18038458443961702,5
11372,0.99872965,0,0.99914044,0.6923994958028268,5
11377,0.9878375,0,1.0009371,0.28819695872556117,5
11381,0.9842133,0,0.9995815,0.5931692010620324,5
11382,1.003818,0,1.0009745,0.27977579317188295,5
11388,0.9987879,0,1.0001712,0.4605090245930217,5
11391,0.9930141,0,1.0005178,0.38251937672647307,5
11392,0.9915855,0,1.0002984,0.4318931531096629,5
11393,1.0045543,0,0.9999414,0.5122026443532599,5
11395,1.0103467,0,1.0006112,0.36152010083943464,5
11396,1.000274,0,0.99995524,0.509091640518143,5
11400,1.0001191,0,1.0006022,0.3635315257328291,5
11409,0.99994206,0,1.0009866,0.2770670743154451,5
11410,0.9977644,0,1.0009156,0.29302437846970797,5
11418,1.0025195,0,1.0000054,0.4978142516158447,5
11422,0.9981285,0,0.9997827,0.5479121409606565,5
11423,0.99830437,0,1.0003898,0.411322981199882,5
11432,1.0033835,0,1.0003896,0.41137661919703916,5
11435,0.99871963,0,0.99964625,0.5786064848338563,5
11439,1.0054144,0,1.0007339,0.3339233513020624,5
11448,0.9982533,0,1.0008954,0.29758360822806873,5
11449,1.0048689,0,1.0003513,0.41998551774076753,5
11456,0.99848473,0,0.9996727,0.5726526671494087,5
11457,1.0007488,0,1.0012667,0.21404242765575132,5
11460,1.0008543,0,0.999988,0.5017164159090299,5
11470,0.9996893,0,0.99948084,0.6158178453616542,5
11471,1.0041459,0,1.0010314,0.2669831308498941,5
11476,1.0016681,0,1.0002285,0.44760908627671847,5
11483,1.0014155,0,0.9993251,0.650856867004586,5
11485,0.99584764,0,0.99928945,0.6588757475795854,5
11489,1.0042356,0,1.0000374,0.49059994099820314,5
11496,0.99959385,0,0.999749,0.5554885080591091,5
11502,1.004924,0,1.0005512,0.375010057124467,5
11506,1.000237,0,0.99988526,0.5248343926837772,5
11508,1.0040176,0,1.0005796,0.3686271354627618,5
11515,1.000432,0,1.0005276,0.38032021884302836,5
11520,0.9949935,0,0.9993686,0.6410679325233996,5
11526,0.99779934,0,0.99976796,0.5512242872851127,5
11530,0.9945774,0,0.9996068,0.5874835733633705,5
11536,1.0014329,0,1.0008872,0.29943411912999174,5
11538,1.0032237,0,0.9995113,0.6089655912248237,5
11542,1.0007803,0,1.0001155,0.4730334969292247,5
11545,1.0009382,0,1.0009255,0.29079840158768466,5
11546,1.0023447,0,0.9998844,0.5250221256738273,5
11548,0.99218386,0,1.0002702,0.4382224367742108,5
11550,1.0044261,0,0.99988395,0.5251294016681417,5
11551,1.0025741,0,1.0002332,0.44656314533215324,5
11556,1.006283,0,1.0002213,0.4492450451900126,5
11559,0.99983263,0,1.000636,0.35594174913508725,5
11561,0.99641824,0,0.99997896,0.503754659801003,5
11562,1.003539,0,1.0002813,0.4357282699064017,5
11564,0.9979309,0,0.9996539,0.5768900689248264,5
11572,0.990447,0,0.99971,0.564258320594309,5
11580,0.9973367,0,0.9998042,0.5430713117172206,5
11584,1.0047497,0,1.0002565,0.4413066216107491,5
11586,1.0019343,0,0.9999668,0.5064901976560195,5
11594,1.0050416,0,0.9996926,0.5681738943867836,5
11597,0.99340266,0,0.99975187,0.5548448520932228,5
11602,1.0009272,0,1.0001961,0.4549038538900957,5
11612,1.0007918,0,1.0006986,0.34186177488132596,5
11628,1.0027751,0,1.0017251,0.11092337812106101,5
11631,1.0037432,0,1.0004513,0.3974843779333279,5
11639,1.0062978,0,0.9997701,0.5507415453106981,5
11640,0.9999707,0,1.0003717,0.4153994689838282,5
11644,0.99833,0,0.9991699,0.6857752031539142,5
11646,1.0021013,0,1.0007657,0.32676267868157804,5
11647,1.0019455,0,1.0007997,0.319119264086679,5
11654,0.9864499,0,1.0004067,0.4075146834017218,5
11658,1.0000565,0,1.0007828,0.3229007428862606,5
11663,0.99587506,0,0.9998176,0.5400541743771288,5
11665,1.0078304,0,1.0000606,0.48539705527395605,5
11667,1.0054166,0,1.0019804,0.053477083165714645,5
11669,0.9992637,0,1.000265,0.439402472711669,5
11672,0.9998191,0,0.9995562,0.5988682382599834,5
11674,0.99506205,0,0.9999301,0.5147504492182262,5
11676,0.99769074,0,0.99944454,0.6239842304288358,5
11677,1.0051534,0,1.0000435,0.4892321720706949,5
11678,0.9974131,0,1.0001276,0.4703247780727867,5
11682,1.00701,0,1.0008975,0.29710086625365406,5
11684,0.9992095,0,0.999453,0.6220800815297557,5
11687,1.003241,0,1.0008812,0.3007750690589214,5
11688,1.0051469,0,1.0003085,0.42961353823048243,5
11692,1.00208,0,1.0006069,0.362485584788264,5
11706,1.0019135,0,1.0006757,0.34701102260841576,5
11707,1.0006514,0,1.000524,0.38112478880038614,5
11716,0.99950945,0,0.9997056,0.565250623541717,5
11726,0.9983666,0,0.9998831,0.5253171346581919,5
11727,1.0024031,0,0.9996211,0.5842652935339394,5
11728,1.0084023,0,0.9997174,0.5625955426824363,5
11734,1.0017699,0,1.0005107,0.38412851664118863,5
11737,1.0016792,0,0.99954635,0.6010808056427173,5
11740,0.99556315,0,0.999005,0.7228658781881084,5
11744,1.000523,0,1.0007234,0.33628342317697857,5
11745,1.0019025,0,1.0010409,0.2648376109636066,5
11747,1.0008204,0,1.0009495,0.2854077828733875,5
11757,1.0030962,0,1.0001351,0.4686351811623354,5
11759,0.9956456,0,0.999587,0.591935527127417,5
11760,1.0004202,0,1.000743,0.33185828841151066,5
11763,1.0015004,0,1.00007,0.4832783543862472,5
11770,1.0013779,0,0.9993973,0.634617963365248,5
11783,1.007643,0,1.0009297,0.2898597366374339,5
11785,0.99999905,0,1.0001817,0.4581489527181055,5
11788,1.0048662,0,1.0001116,0.47391852388231825,5
11794,1.0074527,0,1.0009826,0.27795210126853864,5
11802,1.004917,0,0.9999037,0.5206908574033846,5
11808,1.0012587,0,1.0002701,0.4382492557727894,5
11814,0.98180497,0,0.9997734,0.5500040228497868,5
11815,1.0017735,0,0.9996769,0.5717140021991578,5
11816,0.99668777,0,1.0006112,0.36152010083943464,5
11818,1.0031395,0,1.0011306,0.24466972403250464,5
11823,0.99993867,0,1.0004567,0.39627752299729124,5
11825,1.0019948,0,1.0007137,0.3384557620618446,5
11833,1.0026543,0,1.000757,0.3287204655778153,5
11844,1.0062155,0,1.000062,0.48507522729101293,5
11847,1.0021625,0,0.99968493,0.5699037197951029,5
11848,1.0008303,0,1.0002936,0.43296591305280663,5
11861,0.9985022,0,1.0005237,0.381205245796122,5
11868,1.0007236,0,0.99991435,0.5182905570306005,5
11869,1.0044901,0,1.0000665,0.4840561053450264,5
11883,0.99508655,0,1.0004044,0.40805106337329367,5
11890,0.99574256,0,1.0005523,0.37476868613725967,5
11892,1.0041674,0,0.9997688,0.5510365542950626,5
11913,0.9981216,0,1.0006477,0.35331348727438516,5
11919,1.0044576,0,1.0012078,0.22729101295357634,5
11921,1.0036732,0,1.0001137,0.4734357819079036,5
11924,0.999625,0,1.0003654,0.4168208759084936,5
11926,0.99555147,0,0.9998992,0.5216965698500817,5
11941,1.0035311,0,1.0004284,0.4026336256604178,5
11949,1.0049742,0,0.99993914,0.5127122053262532,5
11952,0.99605227,0,1.0009564,0.28385228095582915,5
11954,0.9926097,0,1.0001938,0.45541341486308906,5
11959,1.0045773,0,1.0008816,0.3006946120631856,5
11964,0.9991922,0,0.99980706,0.5424276557513342,5
11969,1.0022938,0,0.9995819,0.5930887440662966,5
11971,1.0003532,0,0.9997071,0.5649153860594845,5
11977,1.0042212,0,1.0002645,0.43950974870598336,5
11979,0.9977802,0,0.9995915,0.5909164051814305,5
11989,1.0057248,0,1.0003366,0.42328425456593455,5
11991,0.99981296,0,1.0003918,0.4108670582240459,5
11993,1.0028791,0,1.000069,0.48349290637487596,5
11996,1.0001777,0,1.0003241,0.4261002494166868,5
11999,0.99982476,0,1.00082,0.31453321532973955,5
