fold,seq_id,label,prediction
1,000293,1,0.500724306065434
1,000376,1,0.5048003940620037
1,000691,1,0.5016690507260759
1,000835,1,0.5844755810743743
1,001125,1,0.507596524940828
1,001387,1,0.5046149911721804
1,001408,1,0.504950577563886
1,001437,1,0.5050794823660755
1,001492,1,0.5006230414417177
1,001753,1,0.508648120928932
1,001951,1,0.5066289500683299
1,001972,1,0.5001929156223334
1,001990,1,0.5014370585194832
1,002020,1,0.500229757797444
1,002199,1,0.5004513513481269
1,002225,1,0.5003150844142984
1,002469,1,0.5097695884093002
1,002565,1,0.5032793611361016
1,003270,1,0.5277160129851823
1,003420,1,0.5003659878314419
1,004341,1,0.5005812468702898
1,004456,1,0.5003842115908688
1,004501,1,0.5024110896743788
1,005495,1,0.50968890265666
1,005948,1,0.501868910753794
1,006159,1,0.5000806645486774
1,006357,1,0.5003322776233377
1,006666,1,0.5005694430391022
1,006686,1,0.5015232971647218
1,006946,1,0.5013490320856053
1,007813,1,0.5112337575526442
1,007852,1,0.501511239765799
1,008253,1,0.5002673562897667
1,008335,1,0.5048267576591806
1,008705,1,0.5001544298873686
1,008824,1,0.5002108878272875
1,009163,1,0.5001330124758927
1,009296,1,0.5040767020294726
1,009300,1,0.5010571410436665
1,009316,1,0.5005937755064671
1,009637,1,0.5008447111284405
1,009954,1,0.5015197278695958
1,009978,1,0.5000806645486774
1,009992,1,0.5805563323914341
1,010222,1,0.5007614222759061
1,011014,1,0.5030188474375704
1,011139,1,0.5029830780660277
1,011987,1,0.5015434054583555
1,000012,0,0.5004517324554629
1,000013,0,0.5000806645486774
1,000028,0,0.5000912144684444
1,000030,0,0.500853916594385
1,000031,0,0.501414561603624
1,000033,0,0.5150295334105007
1,000037,0,0.5000806645486774
1,000044,0,0.5003068766117514
1,000047,0,0.5004617446791111
1,000058,0,0.5004572731159163
1,000063,0,0.5012454014936586
1,000082,0,0.5001409507408057
1,000088,0,0.5005100882566907
1,000095,0,0.5032420310746725
1,000102,0,0.5008322497714451
1,000105,0,0.5002646485216546
1,000111,0,0.5002746710411379
1,000113,0,0.5008373674000252
1,000119,0,0.5001183748439004
1,000122,0,0.5039421493941914
1,000124,0,0.500698672180751
1,000125,0,0.5002821146157507
1,000126,0,0.5003406244532358
1,000128,0,0.5004062301546238
1,000130,0,0.5007722580383882
1,000132,0,0.5003520221115506
1,000138,0,0.5001121109958181
1,000150,0,0.5000904671704507
1,000154,0,0.5003378035078572
1,000158,0,0.5008068436984305
1,000166,0,0.5047337110441403
1,000168,0,0.5006910371119238
1,000173,0,0.500192461067533
1,000175,0,0.5169098550533432
1,000176,0,0.500808763703413
1,000182,0,0.5011903711032648
1,000188,0,0.5016765959370232
1,000191,0,0.5053078624219105
1,000197,0,0.5000927542286687
1,000204,0,0.5001175739741506
1,000219,0,0.5001795409483872
1,000221,0,0.5004034862576866
1,000231,0,0.5000906841072223
1,000242,0,0.500273546242767
1,000249,0,0.5001622885581198
1,000252,0,0.500279499441938
1,000256,0,0.5003412876534439
1,000258,0,0.5001273798935382
1,000267,0,0.5010524672315391
1,000271,0,0.5013342588801089
1,000275,0,0.50046445274156
1,000279,0,0.5009341283789751
1,000280,0,0.500145760818991
1,000282,0,0.5002412356669955
1,000283,0,0.5003050888825419
1,000285,0,0.5001024116165167
1,000288,0,0.5001319072299658
1,000296,0,0.5002125378037178
1,000299,0,0.5000806645486774
1,000319,0,0.5003420925160211
1,000321,0,0.5000912638840314
1,000322,0,0.5002986406777657
1,000325,0,0.5001654374228528
1,000343,0,0.500090027669209
1,000345,0,0.5109978733084246
1,000346,0,0.500307408296506
1,000354,0,0.5002513456344556
1,000355,0,0.5001283027493211
1,000357,0,0.5015898307054864
1,000362,0,0.5051403162246018
1,000364,0,0.5001646016958263
1,000381,0,0.5000806645486774
1,000383,0,0.5005004854210581
1,000386,0,0.5020498356217744
1,000412,0,0.5014954071722079
1,000413,0,0.5003075855738309
1,000415,0,0.5001240230683167
1,000422,0,0.5002414134836
1,000424,0,0.5002309799356867
1,000426,0,0.5145977136159637
1,000429,0,0.5002025802669151
1,000433,0,0.5018614539525476
1,000440,0,0.5004873230950563
1,000449,0,0.5318528645824003
1,000451,0,0.5007044436939766
1,000452,0,0.5003160944118907
1,000455,0,0.5001017529304994
1,000469,0,0.5121486708313884
1,000475,0,0.5006245086368435
1,000477,0,0.5076796643423471
1,000480,0,0.5002918523379855
1,000505,0,0.5028696868914299
1,000510,0,0.5001376036991638
1,000512,0,0.5005299170540075
1,000513,0,0.5025811653420432
1,000518,0,0.5009293001957966
1,000524,0,0.503154051684353
1,000525,0,0.5032951118313993
1,000528,0,0.5003090772520766
1,000552,0,0.5013709368313707
1,000559,0,0.5000896148735002
1,000562,0,0.5002876178869929
1,000563,0,0.5103768829075992
1,000567,0,0.5000806645486774
1,000568,0,0.5000806645486774
1,000573,0,0.5005288595990715
1,000575,0,0.5001420278980829
1,000577,0,0.5006892948922164
1,000582,0,0.5001289728080464
1,000588,0,0.5000904417442252
1,000593,0,0.5005102645741986
1,000605,0,0.500552014104386
1,000613,0,0.5008691770958886
1,000620,0,0.5012651141238219
1,000621,0,0.5003627426339148
1,000623,0,0.5008992664673013
1,000625,0,0.5009163248721694
1,000629,0,0.5003465302891886
1,000637,0,0.5063595493163293
1,000641,0,0.5007810235961535
1,000646,0,0.5007094202789066
1,000648,0,0.5003664909630529
1,000653,0,0.5000806645486774
1,000657,0,0.5002032919048065
1,000658,0,0.5004945718962519
1,000663,0,0.5012131718820158
1,000670,0,0.5015643290476045
1,000695,0,0.5005152344609437
1,000696,0,0.5004469659696935
1,000702,0,0.5011983219281474
1,000711,0,0.5001019973271202
1,000712,0,0.5000917935840308
1,000715,0,0.5001542669234857
1,000718,0,0.5010950029740623
1,000723,0,0.5007201662965907
1,000725,0,0.5018592482591604
1,000726,0,0.5002047719364473
1,000728,0,0.5035948658686896
1,000732,0,0.5011641457967491
1,000736,0,0.5000806645486774
1,000744,0,0.5001605667677296
1,000748,0,0.5001966214440943
1,000757,0,0.5006687972036411
1,000759,0,0.5076019688620442
1,000760,0,0.500278700163545
1,000766,0,0.5005756078739362
1,000767,0,0.5005295116740319
1,000770,0,0.500153769609373
1,000772,0,0.5007784117787564
1,000774,0,0.5001574394638663
1,000779,0,0.5001439936218068
1,000781,0,0.5002553120481502
1,000784,0,0.5082799028343018
1,000786,0,0.5009412937509566
1,000793,0,0.5040908441303166
1,000794,0,0.5018392680956043
1,000798,0,0.5018799517290552
1,000799,0,0.5004701169786758
1,000802,0,0.5016450841404121
1,000812,0,0.5009197337952493
1,000813,0,0.5010910738243253
1,000817,0,0.5000938494217065
1,000821,0,0.5002208452479108
1,000824,0,0.5017655774699117
1,000841,0,0.5045340853587045
1,000843,0,0.5018935779379067
1,000844,0,0.5001135161648844
1,000850,0,0.5005074486732727
1,000851,0,0.5013247109981253
1,000852,0,0.5001490985166661
1,000855,0,0.5020514687175077
1,000857,0,0.5001478601618732
1,000859,0,0.5003550701271349
1,000862,0,0.5000906841072223
1,000873,0,0.5002286291630558
1,000877,0,0.5004814722367481
1,000879,0,0.5010594132824528
1,000880,0,0.500308528952893
1,000890,0,0.5003655686398403
1,000894,0,0.5205143632030458
1,000900,0,0.5008540461509566
1,000901,0,0.5002690210530107
1,000916,0,0.5016297433609417
1,000928,0,0.500819585788462
1,000930,0,0.5030652575553896
1,000931,0,0.5068111482240242
1,000934,0,0.5001415732050591
1,000935,0,0.5000806645486774
1,000953,0,0.5087103399649531
1,000960,0,0.5002815434862323
1,000964,0,0.5006392459612462
1,000970,0,0.5002801511567669
1,000971,0,0.500341734650654
1,000976,0,0.5000806645486774
1,000978,0,0.5111394112636584
1,000983,0,0.5001726300147903
1,000987,0,0.5000806645486774
1,000995,0,0.5001041812691882
1,000997,0,0.5000806645486774
1,001000,0,0.501570721500513
1,001008,0,0.5035593924280879
1,001010,0,0.5009448220349968
1,001011,0,0.5040298872821356
1,001014,0,0.5003011810858258
1,001018,0,0.5007140832087298
1,001023,0,0.5007370464534163
1,001033,0,0.500406372368653
1,001036,0,0.5001896990807843
1,001044,0,0.5002674912964196
1,001054,0,0.5002320850601131
1,001055,0,0.5038899509089048
1,001060,0,0.5001186656153059
1,001064,0,0.5000806645486774
1,001068,0,0.5000806645486774
1,001069,0,0.5005764371232239
1,001070,0,0.5016249100252934
1,001073,0,0.5001028400823705
1,001079,0,0.5073269862522307
1,001080,0,0.5008315993938309
1,001081,0,0.503466970927031
1,001082,0,0.5014592433723923
1,001087,0,0.5002946424142115
1,001094,0,0.5027501658569492
1,001095,0,0.5003476354536548
1,001099,0,0.5067786655434374
1,001106,0,0.5000806645486774
1,001111,0,0.5006833462729522
1,001116,0,0.5013319973620955
1,001131,0,0.5004172930505033
1,001140,0,0.5014580918463994
1,001143,0,0.500204153525532
1,001150,0,0.5001065243806193
1,001152,0,0.5006561095020644
1,001160,0,0.5013505486460829
1,001170,0,0.5005615614305605
1,001182,0,0.5006005137228355
1,001185,0,0.501775341845022
1,001187,0,0.5000950928629109
1,001189,0,0.5005440345098633
1,001198,0,0.5024891288711606
1,001201,0,0.5002180716856861
1,001205,0,0.5020236123093039
1,001206,0,0.5008300344185709
1,001208,0,0.5002398831127268
1,001209,0,0.5001047696288983
1,001210,0,0.500628733833232
1,001211,0,0.50038524928264
1,001214,0,0.5008388077350572
1,001222,0,0.5002552852696989
1,001224,0,0.5034891089554154
1,001226,0,0.5045219804835658
1,001227,0,0.5015613173097339
1,001228,0,0.515355860060524
1,001232,0,0.5030874109481186
1,001234,0,0.5014168671878225
1,001236,0,0.5001286218976859
1,001237,0,0.5052807677766028
1,001253,0,0.5014401252163398
1,001254,0,0.5005255794745957
1,001259,0,0.5004565977580651
1,001261,0,0.5011400034428923
1,001265,0,0.5001313544888426
1,001266,0,0.5010052741495233
1,001268,0,0.500300524244478
1,001270,0,0.5006070576577495
1,001295,0,0.5002746399726465
1,001298,0,0.5001185616669331
1,001300,0,0.5000806645486774
1,001304,0,0.5001990862357544
1,001309,0,0.5001387731761147
1,001314,0,0.5029931471864977
1,001317,0,0.5005261862630882
1,001335,0,0.5001265819301184
1,001337,0,0.5075954868825877
1,001343,0,0.5006689891368259
1,001352,0,0.5007244680648795
1,001358,0,0.5031980194829215
1,001361,0,0.5000806645486774
1,001363,0,0.5000806645486774
1,001364,0,0.5001507531640745
1,001376,0,0.5008139970452041
1,001382,0,0.5007856856620374
1,001388,0,0.5001583596441154
1,001394,0,0.5001059168650095
1,001398,0,0.5015531684002383
1,001399,0,0.5034320015752297
1,001412,0,0.501376907019235
1,001416,0,0.5001621516755268
1,001418,0,0.5003792409302933
1,001421,0,0.5003378508324122
1,001424,0,0.5002713992651879
1,001428,0,0.5001585726185013
1,001434,0,0.5008231200500017
1,001436,0,0.5032956108557634
1,001452,0,0.5002350720514933
1,001453,0,0.500855112308505
1,001458,0,0.5002281755209209
1,001460,0,0.5000806645486774
1,001479,0,0.5001043398842463
1,001484,0,0.5004798757171115
1,001485,0,0.5000806645486774
1,001491,0,0.5006241190030999
1,001503,0,0.5016355717939969
1,001506,0,0.5001075201517174
1,001507,0,0.5037742227461032
1,001508,0,0.5005007488398437
1,001512,0,0.5003522245624766
1,001514,0,0.5004410607581538
1,001517,0,0.5003335626979125
1,001524,0,0.5006838381495807
1,001533,0,0.5002764377030465
1,001538,0,0.5025888002256189
1,001543,0,0.5072132523305483
1,001546,0,0.5001546346818226
1,001554,0,0.5000947539490451
1,001566,0,0.5054202157804757
1,001568,0,0.5016825728086768
1,001569,0,0.500554071333481
1,001571,0,0.5074653069246503
1,001574,0,0.5002888021415801
1,001575,0,0.5002143666328238
1,001577,0,0.5002388735840355
1,001578,0,0.5018595866475729
1,001582,0,0.5004750398209239
1,001587,0,0.5000920649948206
1,001589,0,0.5016677405650601
1,001590,0,0.5005351877702854
1,001591,0,0.5003862794605966
1,001598,0,0.5005219335729133
1,001599,0,0.5002442553743214
1,001601,0,0.500407536349101
1,001612,0,0.503588307610118
1,001617,0,0.5092999620275114
1,001620,0,0.5010388901585952
1,001623,0,0.5006481570067252
1,001635,0,0.5001220247359657
1,001636,0,0.5087030982807637
1,001637,0,0.5003500099016301
1,001648,0,0.5003078188311546
1,001650,0,0.5002925273646774
1,001652,0,0.5002275834376059
1,001654,0,0.5001505790027997
1,001661,0,0.5009984806749913
1,001662,0,0.5005576139490014
1,001663,0,0.5069952184564009
1,001664,0,0.5001902734307402
1,001665,0,0.5018231399311478
1,001666,0,0.5007930946305469
1,001669,0,0.5083436929081862
1,001673,0,0.5009433478272902
1,001679,0,0.5003185647833714
1,001683,0,0.501924779579109
1,001701,0,0.5004696860704344
1,001706,0,0.501483477274691
1,001708,0,0.5009330065548034
1,001710,0,0.5052564108411218
1,001713,0,0.500519722343123
1,001718,0,0.5002222637677328
1,001720,0,0.5000909150886893
1,001721,0,0.5001505163930723
1,001723,0,0.5001396911146543
1,001728,0,0.5001293005354667
1,001735,0,0.5000806645486774
1,001743,0,0.5002284962817034
1,001747,0,0.5012450497606192
1,001751,0,0.500094067820211
1,001757,0,0.5003417537102152
1,001758,0,0.5001147142871591
1,001759,0,0.5030146026297582
1,001760,0,0.5029838875551881
1,001761,0,0.5001650576749406
1,001784,0,0.5093245943990166
1,001787,0,0.5052467438901681
1,001815,0,0.5028465306996103
1,001818,0,0.5005538759051605
1,001822,0,0.5003224312348742
1,001825,0,0.5043958486203245
1,001826,0,0.5000806645486774
1,001828,0,0.500446688154299
1,001833,0,0.5005298321056894
1,001834,0,0.500468662423603
1,001836,0,0.5035403047361988
1,001839,0,0.5005645045037106
1,001840,0,0.5005812064392322
1,001841,0,0.5001919892867949
1,001843,0,0.501797167731059
1,001844,0,0.5003091697458651
1,001846,0,0.5005470386777937
1,001858,0,0.572159724352155
1,001862,0,0.500620327122899
1,001865,0,0.500743000855331
1,001870,0,0.5005109821749891
1,001882,0,0.5091394024042185
1,001890,0,0.5028179655370248
1,001904,0,0.5005674169009887
1,001909,0,0.5002177232230656
1,001921,0,0.5010204062936653
1,001925,0,0.5004901221942714
1,001946,0,0.5006406357213092
1,001948,0,0.5093702692801941
1,001964,0,0.5047827458981956
1,001970,0,0.5017174636008157
1,001986,0,0.5006290279031819
1,001989,0,0.5000934582603277
1,001996,0,0.5002112279879704
1,002006,0,0.5005069759075167
1,002010,0,0.5016971777473754
1,002011,0,0.5003881465419913
1,002018,0,0.5020857354866185
1,002021,0,0.5006573472121485
1,002034,0,0.5003021561906752
1,002036,0,0.5004020020055082
1,002042,0,0.5002447672839565
1,002043,0,0.500102688864518
1,002047,0,0.5003244420570487
1,002053,0,0.5001163928639004
1,002057,0,0.5000917565596069
1,002062,0,0.5068526317192396
1,002080,0,0.5067969298935923
1,002083,0,0.5011530390450916
1,002085,0,0.5001913874286833
1,002093,0,0.5010074548365113
1,002096,0,0.5029235440067729
1,002100,0,0.5166709024335165
1,002109,0,0.5000806645486774
1,002110,0,0.5106802439923159
1,002111,0,0.501962716125989
1,002112,0,0.5001485191460892
1,002113,0,0.5006449718836871
1,002116,0,0.5014504030717154
1,002117,0,0.5004816105755194
1,002125,0,0.5019689601732219
1,002128,0,0.5001595341830861
1,002132,0,0.5001522403994811
1,002134,0,0.5002648164316533
1,002135,0,0.5006706869470775
1,002137,0,0.5004470097201531
1,002144,0,0.5020173830554677
1,002153,0,0.501394510824658
1,002156,0,0.5011219000841475
1,002173,0,0.5002603569824629
1,002178,0,0.5005370790710248
1,002182,0,0.5001376434153109
1,002194,0,0.5002915761877376
1,002201,0,0.5050092260908183
1,002204,0,0.5023651426489979
1,002210,0,0.5004941946966095
1,002216,0,0.5003866885333513
1,002226,0,0.5022448601494711
1,002234,0,0.5010821767723215
1,002240,0,0.5003050471132962
1,002241,0,0.5000949893858581
1,002249,0,0.5021822379963111
1,002250,0,0.5013250725263991
1,002260,0,0.5005683351153991
1,002265,0,0.5048374193216826
1,002273,0,0.5020521782176716
1,002285,0,0.5000954037510202
1,002288,0,0.5059695797323562
1,002289,0,0.5005429824074569
1,002295,0,0.502450878735453
1,002300,0,0.5003832277495771
1,002302,0,0.5041560484169507
1,002312,0,0.5054470328055889
1,002316,0,0.5034178298775838
1,002318,0,0.5009648628070109
1,002319,0,0.5006020452522724
1,002320,0,0.5001370298332891
1,002329,0,0.5000927564435246
1,002330,0,0.5008506660321138
1,002342,0,0.5000806645486774
1,002344,0,0.5105765910161816
1,002346,0,0.5098385997437694
1,002351,0,0.5025155045836757
1,002354,0,0.5001187247810498
1,002357,0,0.5012230279846313
1,002361,0,0.5007766329537354
1,002364,0,0.5005050326393039
1,002365,0,0.500360978681464
1,002367,0,0.5001826079058933
1,002369,0,0.5002519502420576
1,002372,0,0.5000806645486774
1,002377,0,0.5003326392699619
1,002378,0,0.5003243869430537
1,002385,0,0.5001043461504758
1,002397,0,0.5005681159979175
1,002400,0,0.5003266220410121
1,002406,0,0.5003515044277351
1,002408,0,0.5000953006900487
1,002409,0,0.5008130804173535
1,002411,0,0.5002791839134323
1,002415,0,0.5007083996285744
1,002425,0,0.5000806645486774
1,002430,0,0.5018613002896374
1,002433,0,0.5004675883878716
1,002436,0,0.5001389692773289
1,002450,0,0.5001013813020714
1,002452,0,0.500309703241867
1,002458,0,0.5003461355868719
1,002460,0,0.5005974433208864
1,002467,0,0.502616015469453
1,002484,0,0.501242651051197
1,002487,0,0.5009141192331306
1,002497,0,0.5006017439543329
1,002499,0,0.5008249622790445
1,002507,0,0.5013691242889304
1,002508,0,0.5017267459194347
1,002510,0,0.5005992924272702
1,002517,0,0.5002199906026628
1,002520,0,0.5006968330059163
1,002522,0,0.5004300147840477
1,002528,0,0.5011379061750233
1,002529,0,0.5116970845314851
1,002530,0,0.5004461246645029
1,002531,0,0.5001841308683989
1,002535,0,0.5001267234498576
1,002537,0,0.5016137287581458
1,002539,0,0.5017297754284987
1,002540,0,0.5010808984123438
1,002544,0,0.5010555857033058
1,002552,0,0.5022117006913424
1,002561,0,0.500394006591863
1,002573,0,0.5068415734526712
1,002581,0,0.5012183390480653
1,002582,0,0.500347120783265
1,002584,0,0.5003857972664828
1,002586,0,0.5002611396229413
1,002593,0,0.5003389468810832
1,002594,0,0.500107487746669
1,002596,0,0.5008290068252926
1,002599,0,0.5001182242292916
1,002600,0,0.5002194750104074
1,002608,0,0.5036495697745854
1,002614,0,0.5008902778406251
1,002616,0,0.5021375049535947
1,002621,0,0.5070626913198171
1,002638,0,0.5011853585668232
1,002642,0,0.5003902961376926
1,002647,0,0.5004242037171711
1,002648,0,0.5245671272359392
1,002649,0,0.5000806645486774
1,002650,0,0.5015917607299027
1,002653,0,0.5010424894947334
1,002658,0,0.5001424535974041
1,002661,0,0.5017449830685264
1,002664,0,0.5005297187297806
1,002671,0,0.500459563468433
1,002674,0,0.501520789324926
1,002677,0,0.5042942045549881
1,002691,0,0.5004375165499276
1,002692,0,0.5005928667498492
1,002694,0,0.5006488523727901
1,002696,0,0.5020176565447607
1,002700,0,0.5005984904355033
1,002706,0,0.5000806645486774
1,002707,0,0.5013885433169464
1,002708,0,0.5028349113534515
1,002709,0,0.5003672319719011
1,002710,0,0.5061077461703123
1,002713,0,0.5001046684241779
1,002716,0,0.5005726098287734
1,002720,0,0.5001889929309044
1,002728,0,0.5004564517817154
1,002736,0,0.5000806645486774
1,002743,0,0.5024940091409119
1,002746,0,0.5016252064482465
1,002760,0,0.5000920593666346
1,002761,0,0.5003926651804793
1,002763,0,0.5036291314565715
1,002776,0,0.503636249507404
1,002790,0,0.5011227359480902
1,002792,0,0.5002739478056681
1,002794,0,0.5003730285322021
1,002795,0,0.5002819458127944
1,002800,0,0.5002448545812833
1,002801,0,0.5001636438161867
1,002802,0,0.500804067055785
1,002825,0,0.5002095648433411
1,002829,0,0.5002380658333885
1,002840,0,0.5002646083323877
1,002850,0,0.500100503329429
1,002854,0,0.500497036817475
1,002855,0,0.5001225026250272
1,002856,0,0.5002347658267499
1,002857,0,0.5001470204608546
1,002859,0,0.500502892835033
1,002866,0,0.5001178626419427
1,002876,0,0.5006272061161556
1,002878,0,0.500772253918409
1,002883,0,0.500233342073486
1,002888,0,0.5000806645486774
1,002893,0,0.5009956193881484
1,002898,0,0.5000806645486774
1,002907,0,0.5013413113187477
1,002909,0,0.5040525743289717
1,002922,0,0.5002285914179785
1,002928,0,0.5007735094646144
1,002935,0,0.516207580092128
1,002936,0,0.5002250657135335
1,002940,0,0.5010997096087174
1,002950,0,0.5012896109246935
1,002960,0,0.5004080408794277
1,002961,0,0.5028488225561706
1,002962,0,0.5001422932900025
1,002966,0,0.5020840997262052
1,002967,0,0.5040364086702694
1,002975,0,0.50066948312808
1,002976,0,0.5002566864637141
1,002980,0,0.5019654331767441
1,002986,0,0.5005171687632245
1,002987,0,0.5012861048432731
1,002989,0,0.5171014375711427
1,002991,0,0.5002389647722673
1,002994,0,0.5007632724099812
1,002998,0,0.5000806645486774
1,003008,0,0.5000806645486774
1,003022,0,0.5001607284017107
1,003023,0,0.5001323670382041
1,003025,0,0.5004911049503442
1,003026,0,0.5043931601001059
1,003035,0,0.5002950041547031
1,003043,0,0.5004889948640232
1,003052,0,0.5004109731188973
1,003055,0,0.5011284822604595
1,003057,0,0.500150458560059
1,003058,0,0.5004391328067948
1,003059,0,0.5015031306815223
1,003061,0,0.5123744004582129
1,003064,0,0.50323809714449
1,003065,0,0.5001874859291771
1,003068,0,0.5001593494202152
1,003069,0,0.5001496439696645
1,003072,0,0.5001207158719498
1,003074,0,0.5001189949477642
1,003081,0,0.502934159695331
1,003094,0,0.5003821844625445
1,003096,0,0.5002674912964196
1,003123,0,0.5003395453145182
1,003125,0,0.5000806645486774
1,003129,0,0.5001850775875795
1,003133,0,0.5001872576208861
1,003144,0,0.5009062494348723
1,003145,0,0.5001574198835391
1,003150,0,0.5014942089385493
1,003151,0,0.5018951564013502
1,003153,0,0.5002827384392347
1,003158,0,0.5006690666928176
1,003159,0,0.5010990834885389
1,003163,0,0.5003965152512556
1,003164,0,0.5000806645486774
1,003177,0,0.50024583527208
1,003184,0,0.5002341570876482
1,003211,0,0.5008436456234759
1,003214,0,0.5000806645486774
1,003222,0,0.5009494643818635
1,003223,0,0.506941961890511
1,003224,0,0.5001267234498576
1,003225,0,0.5005013836244174
1,003226,0,0.5002403044059597
1,003232,0,0.5005068888967283
1,003236,0,0.5004548639685328
1,003239,0,0.5001497586859887
1,003245,0,0.5028025886218367
1,003249,0,0.5010133800299241
1,003251,0,0.5003984047948317
1,003257,0,0.5022647981741556
1,003268,0,0.509376819513397
1,003269,0,0.5000806645486774
1,003276,0,0.5001010457155897
1,003278,0,0.5001277698699357
1,003286,0,0.5003462709113703
1,003290,0,0.5005421569177972
1,003295,0,0.50043763347178
1,003297,0,0.5001858427864732
1,003300,0,0.5006536127868552
1,003308,0,0.500153460431461
1,003317,0,0.5009363839162371
1,003319,0,0.5019125783146977
1,003322,0,0.5000913485718289
1,003329,0,0.5015150962393718
1,003338,0,0.5044212010608428
1,003351,0,0.5000794154737783
1,003352,0,0.5069093839124101
1,003354,0,0.5033482212251095
1,003359,0,0.5017083454790282
1,003360,0,0.5006424673141284
1,003361,0,0.5001385071541036
1,003365,0,0.5011797596920168
1,003366,0,0.5013623542982328
1,003375,0,0.5013904396499966
1,003377,0,0.5001153457040312
1,003380,0,0.5047934101503673
1,003383,0,0.5001163928639004
1,003388,0,0.5007968665691597
1,003393,0,0.5001805830365804
1,003395,0,0.5126412233888614
1,003417,0,0.5007956347185158
1,003418,0,0.5031403720378387
1,003425,0,0.5003464615832806
1,003427,0,0.500222483098298
1,003430,0,0.5003477092606016
1,003440,0,0.5016423939144159
1,003444,0,0.5002036764706601
1,003446,0,0.501614792428585
1,003448,0,0.500216123590066
1,003450,0,0.5033459405521112
1,003456,0,0.5029301819409941
1,003465,0,0.5002797737828336
1,003470,0,0.5029987551663216
1,003477,0,0.5000806645486774
1,003498,0,0.5001786307202936
1,003499,0,0.5030077353448378
1,003502,0,0.5001536480462664
1,003504,0,0.5006359121054278
1,003510,0,0.5003216733603553
1,003511,0,0.5007781142910978
1,003514,0,0.5026247806604353
1,003517,0,0.5004002369600025
1,003521,0,0.5002983763376753
1,003525,0,0.5000928183607067
1,003535,0,0.5021946509318952
1,003536,0,0.5073556323446418
1,003538,0,0.5007628396051332
1,003554,0,0.503424967590927
1,003556,0,0.5001592006800395
1,003560,0,0.5000806645486774
1,003561,0,0.5002774125848293
1,003567,0,0.5039362845184563
1,003575,0,0.5000916785259572
1,003581,0,0.5001934641942308
1,003587,0,0.5005555662613769
1,003591,0,0.5001759668735197
1,003599,0,0.5006125474237237
1,003601,0,0.5008588788844114
1,003604,0,0.5006255638558831
1,003605,0,0.5001094864001164
1,003610,0,0.5000806645486774
1,003611,0,0.5019994688968429
1,003615,0,0.5006085496154518
1,003619,0,0.5009921305935734
1,003640,0,0.500516489433093
1,003645,0,0.5008492817135427
1,003650,0,0.5006347123224729
1,003651,0,0.5021944927780377
1,003655,0,0.5005527693174893
1,003669,0,0.5002677806581087
1,003673,0,0.5035228643726729
1,003675,0,0.5001528056621909
1,003680,0,0.5004748300232856
1,003683,0,0.5003872338009817
1,003684,0,0.5001235665629572
1,003685,0,0.5002462247946121
1,003687,0,0.5006292169717667
1,003690,0,0.5005102767068271
1,003696,0,0.5005010280701897
1,003697,0,0.5002930573097941
1,003699,0,0.5001440082095968
1,003700,0,0.5057929345928942
1,003702,0,0.5001338098725098
1,003705,0,0.5015910941877884
1,003712,0,0.5015644267943614
1,003716,0,0.5004692662183217
1,003717,0,0.5002591764734148
1,003721,0,0.501988030062543
1,003727,0,0.5002635289641665
1,003730,0,0.5007485092740346
1,003732,0,0.5002935481606161
1,003735,0,0.5001018390760695
1,003737,0,0.5010748336394213
1,003743,0,0.5003128922896644
1,003745,0,0.5023235381015517
1,003748,0,0.5003722757408959
1,003752,0,0.5001283425194524
1,003757,0,0.5001341833691447
1,003761,0,0.5015960563784508
1,003775,0,0.5008370251035157
1,003782,0,0.5004150737050801
1,003783,0,0.5041957295210642
1,003788,0,0.5001491900016694
1,003792,0,0.5002107911165735
1,003796,0,0.5003048549053537
1,003830,0,0.5005612270333061
1,003850,0,0.5046504047053064
1,003851,0,0.5007662545809473
1,003854,0,0.5001568622191664
1,003856,0,0.5015792396981822
1,003857,0,0.5005997043490693
1,003859,0,0.5001438310973602
1,003861,0,0.5027768907379669
1,003874,0,0.5025618054187074
1,003885,0,0.5001182242292916
1,003888,0,0.5010901793159778
1,003890,0,0.5000806645486774
1,003894,0,0.5001840823382278
1,003898,0,0.5002036087193109
1,003903,0,0.5011995986158911
1,003909,0,0.500519064134329
1,003910,0,0.5010783924880164
1,003921,0,0.5003424959805262
1,003931,0,0.5000806645486774
1,003941,0,0.5019691103343611
1,003948,0,0.5008133094162169
1,003955,0,0.5072888216274777
1,003958,0,0.5002147622126809
1,003960,0,0.5000911734377025
1,003983,0,0.5007847523223998
1,003987,0,0.5001129320348456
1,003988,0,0.5004350305110867
1,003989,0,0.5005947829536994
1,003996,0,0.5012557083598504
1,004003,0,0.5001626970483872
1,004005,0,0.5006887109970855
1,004012,0,0.5003973992456984
1,004017,0,0.5006717422800508
1,004026,0,0.5001435711072403
1,004027,0,0.500211581585576
1,004037,0,0.5016288482498548
1,004038,0,0.500818071129218
1,004039,0,0.5003819966526745
1,004042,0,0.5004208736993887
1,004044,0,0.5010648662428582
1,004047,0,0.5002576322141714
1,004050,0,0.5008824281881293
1,004052,0,0.5002040647906245
1,004056,0,0.5001583268680171
1,004060,0,0.500387774950056
1,004066,0,0.5023605913879925
1,004067,0,0.5000917565596069
1,004071,0,0.5039939305964922
1,004077,0,0.5096098178094293
1,004078,0,0.500113932434204
1,004082,0,0.5003827107001619
1,004086,0,0.5001657700900753
1,004093,0,0.5014553349600346
1,004094,0,0.5001612820258027
1,004096,0,0.5001606609427662
1,004097,0,0.5004367332226266
1,004098,0,0.5002341488486914
1,004104,0,0.500311955379769
1,004106,0,0.5005767826706007
1,004108,0,0.5011635251948802
1,004109,0,0.5002945016365379
1,004110,0,0.5001005416258467
1,004116,0,0.5005525526014334
1,004117,0,0.500835386777612
1,004119,0,0.5000806645486774
1,004123,0,0.5000806645486774
1,004130,0,0.5048134900018448
1,004131,0,0.5001770890694788
1,004136,0,0.5018827814945587
1,004149,0,0.5007032110582564
1,004161,0,0.5033746515767871
1,004174,0,0.5171937426104133
1,004175,0,0.5014384061308759
1,004180,0,0.5001408450286091
1,004182,0,0.500509429376215
1,004196,0,0.500314097298647
1,004199,0,0.5001707719766105
1,004208,0,0.5003274151096414
1,004209,0,0.5000806645486774
1,004210,0,0.5000806645486774
1,004226,0,0.501532679257337
1,004227,0,0.5001765660825983
1,004229,0,0.5007325498659791
1,004230,0,0.5001864191964018
1,004233,0,0.5021744264921073
1,004236,0,0.5002444475414449
1,004239,0,0.5002057173111264
1,004242,0,0.5002251634783773
1,004259,0,0.5001123629559433
1,004260,0,0.5004147832954021
1,004263,0,0.5005512317082083
1,004264,0,0.5004519095755701
1,004266,0,0.5001389659116834
1,004277,0,0.5048267384833837
1,004282,0,0.5127946758416873
1,004283,0,0.5009101595811156
1,004303,0,0.5013367090264055
1,004311,0,0.5002892530262298
1,004316,0,0.5003732802429083
1,004320,0,0.5001913874286833
1,004325,0,0.5000806645486774
1,004337,0,0.5006165837293056
1,004339,0,0.5002648515057331
1,004345,0,0.5014163394259413
1,004347,0,0.5000909150886893
1,004354,0,0.5002746211478457
1,004356,0,0.5009920047326842
1,004357,0,0.5043625111066258
1,004362,0,0.5075752268917013
1,004374,0,0.500318582239727
1,004383,0,0.5009928926445005
1,004384,0,0.5001655015265986
1,004392,0,0.5009304771855397
1,004408,0,0.5007246384003002
1,004413,0,0.5006671143027889
1,004425,0,0.5008950902971862
1,004431,0,0.5023336149986051
1,004437,0,0.5000806645486774
1,004450,0,0.5009784441980324
1,004451,0,0.5009239461736201
1,004467,0,0.5001121669761242
1,004471,0,0.5012202701281846
1,004479,0,0.5002474785349496
1,004488,0,0.5008026761609676
1,004500,0,0.5000924677670735
1,004505,0,0.5001918745525639
1,004507,0,0.500355818762664
1,004509,0,0.500232558563514
1,004512,0,0.5000806645486774
1,004517,0,0.5003141443549097
1,004518,0,0.5043449137029625
1,004532,0,0.5025759714979753
1,004538,0,0.5049867205315673
1,004543,0,0.5001988164920979
1,004551,0,0.5002788876440306
1,004555,0,0.5001471081529217
1,004559,0,0.5000806645486774
1,004566,0,0.5055827774903433
1,004567,0,0.5001725787060799
1,004571,0,0.5001283908731882
1,004579,0,0.5000806645486774
1,004581,0,0.5002392153155268
1,004586,0,0.5002996097641801
1,004588,0,0.5005019665786988
1,004593,0,0.5004964723165758
1,004596,0,0.5012904774739624
1,004598,0,0.5282040640788782
1,004606,0,0.5002642461036905
1,004607,0,0.5434027898698766
1,004609,0,0.5004086624875627
1,004617,0,0.5001515963348204
1,004621,0,0.5001700158429923
1,004623,0,0.5007857825944276
1,004626,0,0.5002158119428058
1,004627,0,0.5002595145968555
1,004634,0,0.5102210595526024
1,004636,0,0.5002636661905674
1,004638,0,0.5002275834376059
1,004645,0,0.5001102487544833
1,004646,0,0.5003820753515277
1,004658,0,0.5015715107169884
1,004667,0,0.5001656227577861
1,004680,0,0.5003258984790226
1,004681,0,0.5001356790184839
1,004707,0,0.5000959692124781
1,004708,0,0.5001521136308339
1,004717,0,0.500606007849646
1,004720,0,0.5016727855623924
1,004727,0,0.5000905929381249
1,004728,0,0.5001473921415152
1,004729,0,0.5003108768292793
1,004759,0,0.5004102916781008
1,004761,0,0.5000806645486774
1,004767,0,0.5011439181521118
1,004778,0,0.5013037887764978
1,004785,0,0.5016080957561085
1,004809,0,0.5009525572083925
1,004813,0,0.5060894454466451
1,004835,0,0.5048328775550222
1,004837,0,0.5001597549298252
1,004838,0,0.5008080874918022
1,004842,0,0.5064968372048432
1,004853,0,0.5014428930030351
1,004866,0,0.5002919937266199
1,004869,0,0.5035152382382108
1,004872,0,0.500173190197364
1,004877,0,0.5010156493045232
1,004878,0,0.5002270412611715
1,004897,0,0.5000806645486774
1,004899,0,0.501704590212897
1,004902,0,0.5001641724326682
1,004904,0,0.5001503340805132
1,004918,0,0.5004594613023176
1,004920,0,0.5020420976189767
1,004921,0,0.5003699897928492
1,004924,0,0.5004053345776368
1,004927,0,0.5027295493477321
1,004948,0,0.500970354737017
1,004957,0,0.5064949430156566
1,004961,0,0.5013735222422696
1,004963,0,0.5013548541891353
1,004967,0,0.5004181615307254
1,004970,0,0.5000806645486774
1,004978,0,0.500263432072536
1,004984,0,0.5009548652988126
1,004988,0,0.5001752441927804
1,004991,0,0.5002205879475118
1,004995,0,0.5002294162615469
1,005002,0,0.5038957183956883
1,005018,0,0.5010273765638787
1,005021,0,0.5011992696083902
1,005027,0,0.500210458525635
1,005031,0,0.5004005922385417
1,005033,0,0.5006909651906843
1,005034,0,0.5007341576052255
1,005044,0,0.5003010456949264
1,005045,0,0.5003290814289464
1,005048,0,0.505992734335625
1,005051,0,0.5000806645486774
1,005075,0,0.5001395525456839
1,005076,0,0.5012036276148443
1,005084,0,0.5004073527580718
1,005085,0,0.5003337425646699
1,005089,0,0.5016310121375886
1,005092,0,0.5005600494814292
1,005101,0,0.5067047805796326
1,005104,0,0.5000910649498327
1,005105,0,0.5004538344712615
1,005110,0,0.5006464707859793
1,005114,0,0.5001323148169529
1,005115,0,0.5007220593234964
1,005123,0,0.5002398855706043
1,005125,0,0.5050306218247254
1,005133,0,0.5007280042788695
1,005136,0,0.5010426020303284
1,005138,0,0.5057207204639004
1,005142,0,0.5014491694978269
1,005145,0,0.5006279498268039
1,005148,0,0.5000902575216661
1,005159,0,0.5002848334175575
1,005161,0,0.5001252305725838
1,005165,0,0.5286217931909323
1,005166,0,0.5005791765166815
1,005168,0,0.502853041640336
1,005174,0,0.500173516306997
1,005179,0,0.5014830887469387
1,005184,0,0.5006272400554594
1,005190,0,0.5004757208794469
1,005194,0,0.5002347733486524
1,005196,0,0.5000806645486774
1,005198,0,0.5004852611405184
1,005201,0,0.5002813575826838
1,005207,0,0.5002046593005262
1,005210,0,0.5132982744422931
1,005212,0,0.5015422090246072
1,005218,0,0.5005085694155493
1,005219,0,0.5063132645671646
1,005225,0,0.5006358067582309
1,005230,0,0.5037445620132377
1,005243,0,0.5002457325058141
1,005246,0,0.50031609604182
1,005250,0,0.5000806645486774
1,005255,0,0.5009326008284719
1,005263,0,0.5002782847313283
1,005264,0,0.5001276295913267
1,005266,0,0.5016017153292871
1,005271,0,0.5002955454449225
1,005280,0,0.5002839785463099
1,005282,0,0.5005462493953866
1,005291,0,0.5009930014620756
1,005299,0,0.500257690056172
1,005300,0,0.5001714451096503
1,005301,0,0.5009634961157019
1,005314,0,0.5001467279550337
1,005316,0,0.5002330465373012
1,005318,0,0.5006622334753239
1,005319,0,0.5002190584566352
1,005328,0,0.5001971242751624
1,005339,0,0.5000906841072223
1,005340,0,0.5008429419524282
1,005350,0,0.5002101580844182
1,005353,0,0.5001223752888938
1,005356,0,0.5015239298304033
1,005360,0,0.5136334279120104
1,005363,0,0.5011989361083083
1,005364,0,0.5001942616845035
1,005371,0,0.5007631862735133
1,005375,0,0.5001652852858345
1,005377,0,0.5007651112268057
1,005379,0,0.5001027092463836
1,005382,0,0.5000806645486774
1,005392,0,0.5023643767310201
1,005397,0,0.5000806645486774
1,005404,0,0.5004305230844611
1,005406,0,0.5072750996547881
1,005409,0,0.5002999319771928
1,005411,0,0.5009435138374674
1,005412,0,0.501077810679045
1,005426,0,0.5005403850930162
1,005427,0,0.5010763386354311
1,005429,0,0.5000905929381249
1,005432,0,0.5003515322759222
1,005450,0,0.5026719782649266
1,005455,0,0.5040549835017111
1,005456,0,0.5061738636232197
1,005458,0,0.5002081118588931
1,005491,0,0.5031191604628806
1,005494,0,0.5004765773803233
1,005507,0,0.5001835773762404
1,005508,0,0.5002956303834238
1,005511,0,0.5001600940238277
1,005512,0,0.5044215080202377
1,005523,0,0.5010779643589267
1,005524,0,0.5000806645486774
1,005526,0,0.5001656985775667
1,005529,0,0.5002327945157113
1,005531,0,0.500468909954017
1,005532,0,0.511737064658417
1,005533,0,0.5000806645486774
1,005540,0,0.500194639800881
1,005543,0,0.5007208179642544
1,005547,0,0.5001834777383907
1,005567,0,0.5013176271729068
1,005568,0,0.5008306264075318
1,005570,0,0.5015815325238251
1,005571,0,0.5005602673518141
1,005573,0,0.501016110468123
1,005577,0,0.501330417572454
1,005579,0,0.5000969442180542
1,005580,0,0.5001381276549441
1,005593,0,0.5003994322218028
1,005598,0,0.5004315193688295
1,005605,0,0.5069965545429694
1,005609,0,0.5001553934411354
1,005622,0,0.5003009033987561
1,005625,0,0.5038252028686767
1,005630,0,0.5002731607644485
1,005635,0,0.5002768065652132
1,005636,0,0.5028927445801185
1,005640,0,0.5009084370020153
1,005649,0,0.5020183968455626
1,005653,0,0.5008925079485504
1,005656,0,0.5008080800757158
1,005661,0,0.5001980609091194
1,005664,0,0.5001156298548582
1,005667,0,0.5014329580299343
1,005681,0,0.5013711983161673
1,005695,0,0.5003201850988941
1,005697,0,0.5005549128230227
1,005698,0,0.5003431115928696
1,005700,0,0.5023772103503159
1,005703,0,0.5060549304398738
1,005714,0,0.500258571955281
1,005715,0,0.5011848574757615
1,005717,0,0.5008352127068023
1,005725,0,0.5002010596352696
1,005730,0,0.5003183565695406
1,005731,0,0.500770323681783
1,005733,0,0.5097567792236706
1,005735,0,0.5004678956939447
1,005737,0,0.5001277152772537
1,005751,0,0.5082490779095736
1,005757,0,0.5001094864001164
1,005768,0,0.5007505312274866
1,005769,0,0.5003831457763296
1,005771,0,0.5002170630212507
1,005772,0,0.5001503557530325
1,005776,0,0.5007204504057274
1,005780,0,0.5002111715453014
1,005783,0,0.5002438181898083
1,005791,0,0.504665798703504
1,005793,0,0.5126504432358462
1,005795,0,0.5002649720710532
1,005799,0,0.5001934989588223
1,005804,0,0.5001343389075186
1,005805,0,0.5000954037510202
1,005817,0,0.5018640319807758
1,005818,0,0.5002688589448615
1,005819,0,0.5002323490369676
1,005822,0,0.5034717403595678
1,005833,0,0.5076852612382211
1,005840,0,0.5001781414974846
1,005841,0,0.5005447703352984
1,005843,0,0.5001022831947961
1,005847,0,0.5002138340787771
1,005855,0,0.5001673251133373
1,005858,0,0.5001168973432011
1,005864,0,0.5008925094535519
1,005865,0,0.5002436769691353
1,005888,0,0.5000921428634623
1,005889,0,0.5000909150886893
1,005891,0,0.5011086721722997
1,005894,0,0.5001515201148967
1,005899,0,0.500327637359331
1,005905,0,0.500551191357876
1,005918,0,0.5005917655265116
1,005938,0,0.5005308022022016
1,005939,0,0.5006660726442506
1,005943,0,0.5003296963026366
1,005950,0,0.5073565494791002
1,005958,0,0.5001428210652636
1,005959,0,0.5001114727413587
1,005968,0,0.5002511574301627
1,005969,0,0.5002226238417269
1,005971,0,0.5097441939631355
1,005983,0,0.5001012059583546
1,005991,0,0.500102012220184
1,005994,0,0.5012403152941073
1,005996,0,0.5115505266067383
1,005999,0,0.5003536273413073
1,006008,0,0.5001472233539852
1,006009,0,0.5003576116425408
1,006018,0,0.5009138480551641
1,006025,0,0.5001606985245689
1,006032,0,0.5002546257122751
1,006033,0,0.5001027225461409
1,006044,0,0.5003120298115241
1,006046,0,0.5051566369386407
1,006048,0,0.5005919222647943
1,006052,0,0.5001534260821923
1,006056,0,0.502669326452807
1,006060,0,0.500229015801242
1,006062,0,0.5006916933071983
1,006065,0,0.5044097110025345
1,006071,0,0.5000943884528207
1,006073,0,0.5049310357382262
1,006080,0,0.5013477592958085
1,006081,0,0.500254655407865
1,006086,0,0.5003128732339127
1,006092,0,0.5038791463202948
1,006094,0,0.5001909164406135
1,006095,0,0.5007814954983175
1,006098,0,0.500802225048066
1,006102,0,0.5003986304335758
1,006108,0,0.5003891701687208
1,006111,0,0.5000906725851372
1,006112,0,0.5006653379960805
1,006117,0,0.5001554186547457
1,006122,0,0.500328723279478
1,006123,0,0.5015424497671627
1,006129,0,0.5004891708763337
1,006131,0,0.5001651357458559
1,006139,0,0.5014528199087531
1,006140,0,0.5000908737180708
1,006141,0,0.5001146574979787
1,006146,0,0.5010027541204948
1,006151,0,0.5006986546744334
1,006153,0,0.5000806645486774
1,006156,0,0.5005182920401917
1,006160,0,0.5005793009634406
1,006162,0,0.5001790224513281
1,006163,0,0.5003356536110393
1,006165,0,0.500120912518411
1,006166,0,0.5000806645486774
1,006174,0,0.5005955569807695
1,006179,0,0.5009284171555002
1,006180,0,0.500091939749978
1,006181,0,0.5025844251570977
1,006188,0,0.5002223752074864
1,006190,0,0.5001025582309255
1,006195,0,0.5012594510478701
1,006213,0,0.5076033219626016
1,006215,0,0.5004001695581365
1,006221,0,0.5011936233301627
1,006228,0,0.5021285452141185
1,006244,0,0.5008638506425248
1,006252,0,0.5001176506809658
1,006257,0,0.5121671543610661
1,006259,0,0.5001981337448637
1,006262,0,0.5001204453350182
1,006265,0,0.5001959392197238
1,006267,0,0.500681583643315
1,006269,0,0.5006757747216619
1,006280,0,0.5001370298332891
1,006293,0,0.5002860813347653
1,006299,0,0.5001422745283159
1,006305,0,0.5006513637968958
1,006310,0,0.5220282710502618
1,006312,0,0.500612554956162
1,006313,0,0.5007831205546505
1,006322,0,0.5010527633627213
1,006336,0,0.5002967779988792
1,006337,0,0.5014134469377567
1,006339,0,0.5002452533780888
1,006343,0,0.5005722540832838
1,006345,0,0.5007550378810828
1,006349,0,0.5001292641821307
1,006358,0,0.5001522601391114
1,006360,0,0.5002580536152239
1,006369,0,0.5007827131774866
1,006376,0,0.5008900687972061
1,006378,0,0.5015536746907604
1,006380,0,0.5003498289922014
1,006389,0,0.5001451981737265
1,006394,0,0.5011599044424078
1,006399,0,0.5116752230179071
1,006402,0,0.5003609053383338
1,006405,0,0.5001259891288251
1,006406,0,0.5001868998474311
1,006415,0,0.5002384664248866
1,006423,0,0.5006873428146134
1,006425,0,0.5016206115879422
1,006426,0,0.5004233162693703
1,006440,0,0.5007420997705614
1,006442,0,0.5033891714521121
1,006446,0,0.5072820410664871
1,006447,0,0.5001409507408057
1,006450,0,0.500415670347935
1,006453,0,0.5000806645486774
1,006459,0,0.5011125370185664
1,006460,0,0.5002963129188188
1,006462,0,0.5006148612982656
1,006464,0,0.5001586184830449
1,006467,0,0.5003492332126527
1,006468,0,0.500345867435891
1,006472,0,0.5016688932669481
1,006474,0,0.5002340421783648
1,006475,0,0.5001689482862599
1,006476,0,0.5048473485113282
1,006477,0,0.5000909561931424
1,006484,0,0.5000966516768462
1,006490,0,0.5002001323103968
1,006491,0,0.5001803726528361
1,006492,0,0.5004287073335101
1,006494,0,0.5005276633871164
1,006501,0,0.5002247364983383
1,006502,0,0.5006658294520681
1,006518,0,0.5011022338229497
1,006520,0,0.5010095329790513
1,006521,0,0.5004170402184193
1,006522,0,0.5011062091804538
1,006527,0,0.5001776693597123
1,006529,0,0.5001895764071621
1,006542,0,0.5000806645486774
1,006545,0,0.5001396489829734
1,006555,0,0.5029139207408884
1,006557,0,0.5002404766652536
1,006558,0,0.5003704847955466
1,006559,0,0.5002379963280049
1,006574,0,0.5001013813020714
1,006576,0,0.5008045220108271
1,006577,0,0.5007424517269443
1,006579,0,0.5034560748794407
1,006581,0,0.5045984267462091
1,006582,0,0.5005229387861082
1,006585,0,0.5005792371109247
1,006593,0,0.5003922270721933
1,006595,0,0.5002486185608246
1,006598,0,0.5001968461158063
1,006599,0,0.5018740604495434
1,006601,0,0.5029877586502076
1,006611,0,0.5010970562157039
1,006613,0,0.5000948197681031
1,006621,0,0.5006745617084322
1,006624,0,0.5003558616196191
1,006630,0,0.5003172825894192
1,006633,0,0.5000806645486774
1,006637,0,0.5004979809362
1,006638,0,0.5005881930367192
1,006639,0,0.509494816865266
1,006640,0,0.5002923298027644
1,006648,0,0.5013401374718742
1,006651,0,0.5075627375612107
1,006654,0,0.5012829255972913
1,006655,0,0.5002889262220209
1,006676,0,0.5004849606325125
1,006677,0,0.5003168415802622
1,006680,0,0.5003519232443202
1,006683,0,0.501516372034669
1,006689,0,0.5003691220268374
1,006692,0,0.5003530276289563
1,006695,0,0.5023871693561701
1,006701,0,0.5000806645486774
1,006703,0,0.5005594245374068
1,006716,0,0.5019179652270641
1,006727,0,0.5002483539163416
1,006733,0,0.5043299602644855
1,006738,0,0.5002070370950042
1,006743,0,0.5006426402817006
1,006745,0,0.5000806645486774
1,006771,0,0.5006694083329997
1,006776,0,0.500347421510959
1,006797,0,0.5008840431703524
1,006807,0,0.503247612357161
1,006808,0,0.500205257965707
1,006818,0,0.5006178902785273
1,006821,0,0.5005951503968915
1,006822,0,0.5008669737034492
1,006829,0,0.5004654825488508
1,006834,0,0.5004995981761323
1,006839,0,0.5019566230134885
1,006841,0,0.5008389810084037
1,006843,0,0.5156018691860238
1,006844,0,0.500165069927437
1,006850,0,0.5002340631406016
1,006862,0,0.5000806645486774
1,006863,0,0.5041541370921099
1,006869,0,0.5002176979086674
1,006871,0,0.5003114484582497
1,006879,0,0.5008291416397875
1,006882,0,0.5002926360433317
1,006890,0,0.5003539178041227
1,006895,0,0.500656319086358
1,006903,0,0.5002566345896482
1,006911,0,0.5002040128391022
1,006918,0,0.5005639948929053
1,006920,0,0.5028284416722612
1,006926,0,0.5001770439239724
1,006933,0,0.5002691572729985
1,006939,0,0.5059293282473871
1,006945,0,0.5027191031343136
1,006950,0,0.5002846253751791
1,006956,0,0.5003249959853457
1,006960,0,0.5002276001453875
1,006964,0,0.5003804880195434
1,006965,0,0.5001149889626488
1,006966,0,0.5003354946416749
1,006977,0,0.5021882472844851
1,006979,0,0.5010459591106757
1,006981,0,0.5004582949526468
1,006988,0,0.5018703695862223
1,006990,0,0.5005515650738317
1,006993,0,0.5002963876205517
1,006994,0,0.5001910356842924
1,006999,0,0.5001246868927934
1,007012,0,0.5043061458133424
1,007014,0,0.5000921832310625
1,007017,0,0.5002693676290563
1,007029,0,0.5003570083294483
1,007036,0,0.500343781262232
1,007047,0,0.5081116021120724
1,007055,0,0.5003561577215903
1,007056,0,0.5007542299046825
1,007078,0,0.501512560056359
1,007080,0,0.5004812657238119
1,007089,0,0.500220096101809
1,007091,0,0.5024831347134122
1,007096,0,0.5005224631497328
1,007097,0,0.500204980373018
1,007098,0,0.5001816439402996
1,007099,0,0.5007732153480855
1,007103,0,0.5002022887830918
1,007108,0,0.5172797927693635
1,007110,0,0.500192286895143
1,007117,0,0.5426292436452486
1,007123,0,0.5004317764071315
1,007124,0,0.5004403192692128
1,007130,0,0.5022075202338677
1,007133,0,0.5001957252290354
1,007135,0,0.5003224312348742
1,007145,0,0.5006229688132479
1,007151,0,0.5001900802730739
1,007153,0,0.5025372716036088
1,007154,0,0.5005096590485334
1,007158,0,0.5003160844478629
1,007175,0,0.5006993837556274
1,007187,0,0.5004208361143859
1,007190,0,0.5002542794664987
1,007207,0,0.5001255568070683
1,007208,0,0.5004485901691546
1,007213,0,0.5006818855366046
1,007215,0,0.5000806645486774
1,007217,0,0.5001139959777836
1,007224,0,0.5010852957163395
1,007227,0,0.5001322455242274
1,007238,0,0.5003651781713789
1,007239,0,0.5001231384441464
1,007244,0,0.5012723807674593
1,007253,0,0.5018529575168733
1,007257,0,0.5018100116966981
1,007263,0,0.500154141660377
1,007265,0,0.500159587861876
1,007270,0,0.5001829944065808
1,007272,0,0.5001782584081305
1,007273,0,0.5006702668795117
1,007277,0,0.5001512499704621
1,007280,0,0.5009658071108398
1,007283,0,0.5001515357208959
1,007289,0,0.5007499592631027
1,007290,0,0.5010002954545107
1,007293,0,0.503048011813924
1,007296,0,0.5006218946305858
1,007297,0,0.501445438128499
1,007305,0,0.5027347526247276
1,007307,0,0.5002992568473538
1,007308,0,0.5004391421742467
1,007310,0,0.50028608367039
1,007315,0,0.5004037061715891
1,007320,0,0.5037253983194663
1,007322,0,0.500215691441797
1,007323,0,0.5011735500692853
1,007332,0,0.5008213221532943
1,007334,0,0.5010155361605834
1,007344,0,0.5020707205020103
1,007346,0,0.5012759846396339
1,007347,0,0.501446298121991
1,007348,0,0.5005202735584979
1,007352,0,0.5005744329149133
1,007358,0,0.5042334208246954
1,007365,0,0.5007732281989508
1,007366,0,0.5008624354359615
1,007372,0,0.5005519976653835
1,007386,0,0.5001124900641354
1,007397,0,0.500654788730564
1,007420,0,0.5023480987096802
1,007421,0,0.5036183057364562
1,007423,0,0.5008992554303218
1,007426,0,0.5002396456969245
1,007431,0,0.5006969850341907
1,007443,0,0.5004636349887815
1,007446,0,0.5006403661611303
1,007448,0,0.5005787361072269
1,007450,0,0.5004134397673516
1,007452,0,0.5016342631831944
1,007470,0,0.5000806645486774
1,007473,0,0.5008696235101479
1,007474,0,0.5019696092487931
1,007484,0,0.5005482452762637
1,007490,0,0.5004377787281649
1,007497,0,0.5003922599260086
1,007504,0,0.5002244533855419
1,007509,0,0.5000904227400248
1,007522,0,0.5009080816343056
1,007529,0,0.5007753907938912
1,007534,0,0.5001329198342365
1,007535,0,0.5055730651357915
1,007536,0,0.5011126856214921
1,007537,0,0.5008341662378596
1,007541,0,0.5001249506083506
1,007544,0,0.5013934187352305
1,007559,0,0.5002968257397591
1,007565,0,0.5003106686417341
1,007566,0,0.5010435502563733
1,007567,0,0.5043293280779978
1,007569,0,0.5001317435922423
1,007575,0,0.5001165818889746
1,007577,0,0.5004025700395135
1,007584,0,0.5006980717677102
1,007587,0,0.500483808237595
1,007592,0,0.5001857318168118
1,007597,0,0.5157195558122601
1,007598,0,0.5060265548832763
1,007604,0,0.5011765915103598
1,007615,0,0.5059329635898018
1,007618,0,0.5002793297269111
1,007635,0,0.5003158908854912
1,007639,0,0.5003281134980875
1,007647,0,0.5010018073898701
1,007658,0,0.5009367291620972
1,007665,0,0.5002396456969245
1,007668,0,0.5001178626419427
1,007670,0,0.5001806355799572
1,007675,0,0.5012492979074465
1,007685,0,0.5001553370029757
1,007687,0,0.5000806645486774
1,007693,0,0.5007092393902649
1,007695,0,0.5017216664624766
1,007700,0,0.5006446188870963
1,007701,0,0.5009498814082696
1,007708,0,0.5004759476859953
1,007714,0,0.5001282966502123
1,007724,0,0.5007760790368327
1,007734,0,0.5001602338613794
1,007741,0,0.5100202930271338
1,007746,0,0.504809894192439
1,007748,0,0.50024764552473
1,007750,0,0.5020746135712907
1,007766,0,0.5001307845495941
1,007775,0,0.5012341826199344
1,007782,0,0.5008155115580755
1,007787,0,0.5042292604031777
1,007792,0,0.5039201993487832
1,007793,0,0.5001181317053731
1,007795,0,0.5020885357324043
1,007797,0,0.5003327358932429
1,007803,0,0.5024486780517947
1,007810,0,0.5002670697911283
1,007812,0,0.5001082735771977
1,007816,0,0.5003354946416749
1,007817,0,0.5020264321000925
1,007821,0,0.5001360631963638
1,007825,0,0.5001167621706772
1,007839,0,0.5000806645486774
1,007843,0,0.5004160669825594
1,007848,0,0.5001417831720065
1,007853,0,0.50018613792742
1,007862,0,0.5001471916468584
1,007863,0,0.5002330465373012
1,007864,0,0.500270875594009
1,007866,0,0.5003145131631638
1,007872,0,0.5000806645486774
1,007873,0,0.5003404561015738
1,007874,0,0.5006372805965851
1,007886,0,0.5000909150886893
1,007889,0,0.5003759755871505
1,007894,0,0.5004809755405547
1,007899,0,0.5004064904443154
1,007901,0,0.5059977290283706
1,007902,0,0.5000806645486774
1,007907,0,0.5298827200080046
1,007911,0,0.5027670340780603
1,007916,0,0.512800927087233
1,007917,0,0.5002636913465485
1,007922,0,0.5008003877483513
1,007930,0,0.5001443743186211
1,007934,0,0.5005302401730812
1,007935,0,0.5002739812035403
1,007946,0,0.5001446251516415
1,007953,0,0.5022372295187001
1,007956,0,0.5002346843543576
1,007958,0,0.5002471311200338
1,007971,0,0.500094067820211
1,007975,0,0.5006149016869583
1,007976,0,0.5003119292484057
1,007983,0,0.5004166647086917
1,008004,0,0.5013332329452993
1,008005,0,0.5012990527050252
1,008009,0,0.5007280294085219
1,008015,0,0.5002191279547151
1,008018,0,0.5000912706500074
1,008024,0,0.5004023922854608
1,008026,0,0.5004671216113072
1,008034,0,0.5004391505643376
1,008036,0,0.5011154722957614
1,008040,0,0.5005464558659594
1,008042,0,0.5008753942516294
1,008048,0,0.5005585924223115
1,008052,0,0.5026107813067342
1,008053,0,0.5003159700860338
1,008074,0,0.5001662757069706
1,008077,0,0.5002437275819419
1,008081,0,0.5026475280386539
1,008086,0,0.5002538445482142
1,008094,0,0.5002521209392304
1,008100,0,0.5000922530250804
1,008109,0,0.5297882579386837
1,008113,0,0.500365608948198
1,008115,0,0.5001751273067996
1,008119,0,0.5002789789115655
1,008125,0,0.5010393150075823
1,008128,0,0.5006532704156051
1,008129,0,0.5017436048065299
1,008130,0,0.5001188880539605
1,008131,0,0.5003317831882387
1,008139,0,0.5002362515839105
1,008143,0,0.5005088471011436
1,008149,0,0.5011995548538815
1,008153,0,0.5017428045142113
1,008159,0,0.5003354946416749
1,008162,0,0.500512745717018
1,008180,0,0.5005357831894034
1,008182,0,0.5000806645486774
1,008185,0,0.5002346830452509
1,008192,0,0.5006200853210255
1,008193,0,0.5002442798336648
1,008194,0,0.5011028343641123
1,008195,0,0.5001582547161159
1,008202,0,0.5039138806976488
1,008214,0,0.5000806645486774
1,008226,0,0.5001935400379266
1,008233,0,0.5026291888246915
1,008234,0,0.5002531524138795
1,008238,0,0.5040754475523809
1,008249,0,0.5060135965771819
1,008250,0,0.5011883472396814
1,008254,0,0.5016587621676984
1,008263,0,0.5002405737501676
1,008264,0,0.5002186997262769
1,008271,0,0.5001478601618732
1,008276,0,0.5079452185131984
1,008284,0,0.5008951986039897
1,008286,0,0.502033524228207
1,008290,0,0.5002415139553175
1,008302,0,0.5001304871872533
1,008303,0,0.5015589717275679
1,008304,0,0.5005030635886518
1,008310,0,0.5002189093770668
1,008311,0,0.5001975431886934
1,008319,0,0.5021115931175323
1,008320,0,0.5003846738773795
1,008323,0,0.5011343487809331
1,008351,0,0.5044703492571925
1,008360,0,0.5050816651664387
1,008372,0,0.5018932168499861
1,008383,0,0.500453604332868
1,008387,0,0.5004992248666353
1,008395,0,0.500121234697528
1,008409,0,0.5074604342511256
1,008412,0,0.5006799218963464
1,008416,0,0.5089270485549138
1,008420,0,0.500113932434204
1,008426,0,0.5002559603317588
1,008435,0,0.5033730359142349
1,008438,0,0.5002468387218828
1,008445,0,0.5001286032703762
1,008447,0,0.5005636807707785
1,008454,0,0.500508571190102
1,008458,0,0.5010944340533
1,008462,0,0.5009096327979989
1,008463,0,0.5001869178552665
1,008465,0,0.500302264956919
1,008473,0,0.5011555754359127
1,008486,0,0.5005941677722746
1,008495,0,0.5140492841463288
1,008507,0,0.500426753571564
1,008519,0,0.5023571523701245
1,008520,0,0.5003363616304047
1,008521,0,0.5006205844894621
1,008529,0,0.5008307374672982
1,008534,0,0.5005575133397832
1,008535,0,0.5002063343218223
1,008537,0,0.5004956490769968
1,008542,0,0.5009598969746576
1,008546,0,0.5023397710798982
1,008552,0,0.5002173608672411
1,008562,0,0.5001360115853993
1,008564,0,0.5016705952353859
1,008567,0,0.5004497004067187
1,008573,0,0.5003540291324432
1,008589,0,0.5004121053752452
1,008598,0,0.5018229773391638
1,008599,0,0.5009285258875953
1,008601,0,0.5003833527923139
1,008605,0,0.5000806645486774
1,008611,0,0.5001499276682458
1,008617,0,0.5007191756496449
1,008619,0,0.5035874109778468
1,008624,0,0.5001900802730739
1,008627,0,0.5028975014117715
1,008632,0,0.5005753652749038
1,008633,0,0.5000998193560301
1,008634,0,0.5002656297159396
1,008637,0,0.5014739538439787
1,008643,0,0.5018396006355136
1,008654,0,0.5001332484843715
1,008679,0,0.5009198587621905
1,008687,0,0.5067463185195235
1,008688,0,0.500508275495553
1,008700,0,0.5001374859218608
1,008703,0,0.5019768638346358
1,008707,0,0.5011614887657916
1,008710,0,0.500094340125947
1,008711,0,0.5035254897878353
1,008714,0,0.5005364709830104
1,008715,0,0.5017330118553007
1,008719,0,0.5043915415814297
1,008721,0,0.5015181073688447
1,008730,0,0.5000806645486774
1,008731,0,0.5006447359034312
1,008737,0,0.5007069013048199
1,008739,0,0.500927181237958
1,008741,0,0.5009462240969058
1,008752,0,0.5296461801577746
1,008759,0,0.5008318412718251
1,008761,0,0.5001867572171472
1,008764,0,0.5032009195677721
1,008766,0,0.500743513531381
1,008768,0,0.5010818139296728
1,008770,0,0.5032230239726148
1,008771,0,0.500576877680422
1,008775,0,0.5085985351445377
1,008776,0,0.5001868998474311
1,008780,0,0.5049286720631324
1,008787,0,0.5424097571932499
1,008789,0,0.5001140656349683
1,008802,0,0.5001848200847593
1,008807,0,0.500388358596844
1,008816,0,0.5001441737177608
1,008819,0,0.5000806645486774
1,008828,0,0.5006418617734105
1,008831,0,0.5001503359641069
1,008832,0,0.5003581345221494
1,008837,0,0.500130506803932
1,008844,0,0.5009169086396096
1,008848,0,0.5000806645486774
1,008849,0,0.5032771417825437
1,008851,0,0.5011252832129711
1,008853,0,0.50028734374791
1,008868,0,0.5001393292749254
1,008875,0,0.5009258772034836
1,008878,0,0.5001461387446011
1,008879,0,0.5001697031612586
1,008882,0,0.5005165473862013
1,008889,0,0.5000928183607067
1,008904,0,0.5004195666637133
1,008910,0,0.5004734783682048
1,008912,0,0.5002505099812466
1,008915,0,0.5009437644180429
1,008918,0,0.5025450028221077
1,008927,0,0.5004073315185678
1,008928,0,0.5028094267745844
1,008930,0,0.5009066285972573
1,008939,0,0.5252096925679421
1,008941,0,0.50086204668481
1,008942,0,0.510546103214863
1,008950,0,0.5004225476907721
1,008951,0,0.5009196204990632
1,008964,0,0.5004977948044126
1,008966,0,0.50033459273476
1,008968,0,0.5001163696071829
1,008969,0,0.5001084169613111
1,008976,0,0.5143010699016418
1,008979,0,0.50021209732127
1,008990,0,0.500899111102542
1,008991,0,0.5045285913039279
1,008992,0,0.500240032551209
1,008993,0,0.5002622503026317
1,008994,0,0.5009292876402368
1,008997,0,0.5012965941179844
1,009006,0,0.5001592921177814
1,009012,0,0.5008959944677643
1,009024,0,0.5051570436498938
1,009026,0,0.5003533605777557
1,009030,0,0.5002475188633242
1,009040,0,0.500175169585727
1,009041,0,0.5004497797822368
1,009045,0,0.500351497538684
1,009049,0,0.5002776293298924
1,009054,0,0.501069610284934
1,009055,0,0.508505291655123
1,009057,0,0.5014073277926115
1,009066,0,0.5208350450415058
1,009073,0,0.5013190017416017
1,009077,0,0.5097218118351162
1,009084,0,0.5002495927631425
1,009089,0,0.5003944657680024
1,009103,0,0.5003501608551345
1,009105,0,0.5022578563060193
1,009123,0,0.5028362255925422
1,009127,0,0.5001748402883265
1,009130,0,0.5003840533754815
1,009138,0,0.5005029419791549
1,009140,0,0.5002092911815835
1,009143,0,0.5009695710270782
1,009145,0,0.5005120603210212
1,009147,0,0.5004678008749774
1,009149,0,0.500159589398216
1,009154,0,0.5014528522407405
1,009160,0,0.500112296214387
1,009166,0,0.5004298345493108
1,009168,0,0.5003223701126536
1,009176,0,0.500553210128234
1,009178,0,0.5000806645486774
1,009190,0,0.5001073729505315
1,009196,0,0.5007397600349038
1,009197,0,0.5000806645486774
1,009200,0,0.5000916785259572
1,009211,0,0.5002575249890259
1,009213,0,0.501049409896183
1,009214,0,0.5000806645486774
1,009217,0,0.5009036004480515
1,009220,0,0.5020449771477525
1,009222,0,0.5007714305684332
1,009223,0,0.5004701169786758
1,009224,0,0.5001742535021827
1,009229,0,0.5009418482413395
1,009230,0,0.5023301784132452
1,009241,0,0.5013816707192832
1,009247,0,0.5014849555895383
1,009254,0,0.5001029690246453
1,009264,0,0.5054506723420721
1,009277,0,0.5003993753346838
1,009287,0,0.5000951655179751
1,009322,0,0.502500015337065
1,009331,0,0.500125173017225
1,009333,0,0.5001440219123621
1,009335,0,0.5009064282793056
1,009338,0,0.5001544298873686
1,009340,0,0.503430058038043
1,009359,0,0.5010705259070484
1,009368,0,0.5047879432925143
1,009375,0,0.5003005891842485
1,009376,0,0.5001338764267931
1,009380,0,0.5001182140739898
1,009381,0,0.5036611109084947
1,009394,0,0.5012469475483091
1,009404,0,0.5005624703789141
1,009407,0,0.500431157964062
1,009409,0,0.5006148521350373
1,009419,0,0.5007798014421433
1,009423,0,0.5003827401126507
1,009424,0,0.5001716696853296
1,009427,0,0.5001916465735387
1,009438,0,0.5026666672349372
1,009447,0,0.5000806645486774
1,009459,0,0.5027594414514798
1,009462,0,0.5084836777283886
1,009473,0,0.5016473009598311
1,009481,0,0.500103753962919
1,009485,0,0.5039375953950562
1,009488,0,0.5004493141737982
1,009494,0,0.5013288152515728
1,009504,0,0.5000806645486774
1,009506,0,0.5003626018196687
1,009513,0,0.5002980574112332
1,009529,0,0.5285962528928397
1,009534,0,0.5044863168123493
1,009537,0,0.5022613337327018
1,009541,0,0.500210500909128
1,009542,0,0.500475230648066
1,009555,0,0.5002584064214997
1,009565,0,0.5022615162811789
1,009567,0,0.5000908854571386
1,009573,0,0.5014785804087261
1,009575,0,0.5022490270065634
1,009579,0,0.5014981944936446
1,009586,0,0.5004334458023344
1,009597,0,0.5006878401625143
1,009610,0,0.500429330468849
1,009613,0,0.5006312471906079
1,009616,0,0.5005717116577153
1,009620,0,0.5141278580439372
1,009621,0,0.5001768512599081
1,009623,0,0.5003221446363123
1,009626,0,0.5006123781534457
1,009627,0,0.501142584703771
1,009628,0,0.5011666872377412
1,009638,0,0.5006338480765662
1,009640,0,0.5002591764734148
1,009646,0,0.5092182546142772
1,009652,0,0.5002562325313655
1,009657,0,0.5003538418650385
1,009661,0,0.5002258485554207
1,009663,0,0.5006467047040575
1,009666,0,0.5002197864688962
1,009667,0,0.5003407291801132
1,009668,0,0.5023598811537061
1,009674,0,0.5006468703102331
1,009685,0,0.500102012220184
1,009687,0,0.5001024116165167
1,009692,0,0.5001553134499701
1,009694,0,0.5079496428791451
1,009708,0,0.500240886334633
1,009709,0,0.5012179517489282
1,009711,0,0.5004655857317615
1,009715,0,0.5010793000210045
1,009717,0,0.5113224613585147
1,009723,0,0.5002300423035472
1,009746,0,0.5005093134782984
1,009749,0,0.5003725230573256
1,009753,0,0.5002728763211932
1,009759,0,0.5001796292391435
1,009760,0,0.5006825336868154
1,009766,0,0.5003058544227614
1,009777,0,0.5003493197933222
1,009780,0,0.5058174046321071
1,009781,0,0.500145986796757
1,009786,0,0.5020831447675544
1,009794,0,0.5005654291793608
1,009800,0,0.5000936397618085
1,009801,0,0.5001232207732574
1,009802,0,0.5001639671228634
1,009809,0,0.501035758439235
1,009815,0,0.5002583482378565
1,009816,0,0.5007113817365119
1,009829,0,0.5002174204085329
1,009837,0,0.5001688047630337
1,009839,0,0.5002247513868564
1,009848,0,0.5000905871980641
1,009857,0,0.5001169866382092
1,009858,0,0.5004121282137957
1,009869,0,0.5002270412611715
1,009877,0,0.5031042355464217
1,009878,0,0.5002106170520111
1,009883,0,0.5001858915547921
1,009887,0,0.5004810725283858
1,009898,0,0.5003862879006941
1,009900,0,0.5003677118302404
1,009902,0,0.5043252605313222
1,009903,0,0.5005418445091683
1,009906,0,0.5002126000258678
1,009914,0,0.5003730125393023
1,009915,0,0.5004682600529454
1,009920,0,0.5016272068925917
1,009928,0,0.5007518305002511
1,009930,0,0.5002346076024153
1,009931,0,0.501640773708609
1,009933,0,0.5000806645486774
1,009934,0,0.5004278529338555
1,009938,0,0.5001637499791997
1,009941,0,0.5000806645486774
1,009942,0,0.5000806645486774
1,009963,0,0.5009338701420173
1,009964,0,0.5007171954689681
1,009976,0,0.5009480413059416
1,009977,0,0.5006756994189779
1,009979,0,0.5003279112051994
1,009980,0,0.500659649466529
1,009981,0,0.5004622280299152
1,009986,0,0.500541725306177
1,009987,0,0.5239849865480938
1,009988,0,0.500425742407711
1,009991,0,0.5011109366382506
1,009993,0,0.5002936491203711
1,009997,0,0.5020563692513867
1,009999,0,0.5006854247154777
1,010015,0,0.5005243668988748
1,010018,0,0.5021456331741538
1,010025,0,0.5001026485929814
1,010027,0,0.5008303520900278
1,010034,0,0.5005567006803239
1,010044,0,0.5055595672717168
1,010049,0,0.5013724845625933
1,010054,0,0.5001040296095658
1,010059,0,0.5062608456449236
1,010062,0,0.5000806645486774
1,010063,0,0.5060084875017102
1,010066,0,0.5001682384955666
1,010067,0,0.5002084119358223
1,010070,0,0.5001213164317638
1,010076,0,0.5008503814530108
1,010097,0,0.5034280404902226
1,010098,0,0.5096712200356013
1,010101,0,0.5003708415493611
1,010102,0,0.5012894595131071
1,010103,0,0.500090786535726
1,010108,0,0.5004283990019166
1,010110,0,0.5000806645486774
1,010111,0,0.5000806645486774
1,010114,0,0.5003139885848192
1,010115,0,0.5003083812845462
1,010129,0,0.5001760700713628
1,010130,0,0.5005783997577433
1,010131,0,0.5003881499457937
1,010140,0,0.5056680404422148
1,010144,0,0.5000806645486774
1,010145,0,0.5002172736171621
1,010155,0,0.5058770157555343
1,010156,0,0.5002640406232618
1,010157,0,0.5001557114654115
1,010162,0,0.5001165030003976
1,010164,0,0.5001463361750025
1,010165,0,0.5003354129742879
1,010166,0,0.5019565542141609
1,010167,0,0.5002831306278797
1,010168,0,0.5001478601618732
1,010169,0,0.5004507959856213
1,010170,0,0.501946981770602
1,010172,0,0.5030969728359348
1,010174,0,0.505605525030193
1,010177,0,0.5001874859291771
1,010178,0,0.5011306948479857
1,010197,0,0.5070974687925961
1,010200,0,0.5001954255745134
1,010201,0,0.5058533202537823
1,010208,0,0.5002977833787341
1,010209,0,0.5007093527954323
1,010211,0,0.5001852299389571
1,010212,0,0.500130506803932
1,010216,0,0.5000806645486774
1,010227,0,0.5002000110553898
1,010228,0,0.5000806645486774
1,010232,0,0.5014462773641065
1,010234,0,0.5004710855713238
1,010235,0,0.5003273996503135
1,010238,0,0.5004933405936179
1,010251,0,0.500578690126624
1,010255,0,0.5001554239451694
1,010256,0,0.5045289566879264
1,010257,0,0.5004165729228407
1,010260,0,0.5009021826352694
1,010268,0,0.5002346608490383
1,010269,0,0.5005614598597199
1,010270,0,0.5011317917985809
1,010271,0,0.5001360115853993
1,010276,0,0.5013858918957509
1,010286,0,0.500301559398926
1,010287,0,0.5014669602248062
1,010290,0,0.5000806645486774
1,010298,0,0.5001897507980454
1,010307,0,0.5003010664226574
1,010310,0,0.5001278695520659
1,010322,0,0.5011991790115908
1,010324,0,0.503562384620094
1,010331,0,0.5001408992375249
1,010333,0,0.5000930198066763
1,010335,0,0.5010588500234809
1,010338,0,0.5001299329568945
1,010376,0,0.5024269242544472
1,010378,0,0.5002632427938215
1,010380,0,0.5002624195373676
1,010381,0,0.5003226820628742
1,010388,0,0.5001915928948912
1,010392,0,0.5003927140650241
1,010398,0,0.5001135161648844
1,010400,0,0.5000806645486774
1,010409,0,0.5010626840262149
1,010410,0,0.500983869002275
1,010420,0,0.5003766142720767
1,010427,0,0.5005403830349294
1,010430,0,0.5001549340848067
1,010431,0,0.5011331733787748
1,010436,0,0.5005373642596479
1,010448,0,0.5003889571959979
1,010455,0,0.5003068419046774
1,010463,0,0.5029889721613727
1,010480,0,0.5001503323852299
1,010481,0,0.5003685460962013
1,010494,0,0.5002722609341291
1,010495,0,0.5000806645486774
1,010500,0,0.500236427307986
1,010513,0,0.500183210827271
1,010518,0,0.5006044897815928
1,010520,0,0.501429326608697
1,010533,0,0.5006233465476535
1,010534,0,0.5003046976115105
1,010537,0,0.5001034246767366
1,010538,0,0.500483601688199
1,010541,0,0.5006648231254077
1,010543,0,0.5015591397822462
1,010544,0,0.500198458481302
1,010554,0,0.5004879055586158
1,010556,0,0.502329054279027
1,010569,0,0.5000954037510202
1,010571,0,0.5008012014651234
1,010572,0,0.5007899607373495
1,010573,0,0.5013472515126365
1,010590,0,0.500091939749978
1,010598,0,0.5005523729631012
1,010603,0,0.5002683780818857
1,010609,0,0.5000909149649068
1,010610,0,0.5000966516768462
1,010612,0,0.5003802538101512
1,010618,0,0.506198905488836
1,010629,0,0.5002712548553724
1,010633,0,0.5012658182353749
1,010634,0,0.5000895590158323
1,010637,0,0.5009187292163665
1,010649,0,0.5020859663802585
1,010660,0,0.5001004464589082
1,010663,0,0.5000978767027985
1,010669,0,0.5009422111087204
1,010673,0,0.5002265681161194
1,010676,0,0.5020449335603223
1,010684,0,0.5004935012572714
1,010687,0,0.5021002254349908
1,010689,0,0.5008011014508661
1,010691,0,0.5008187255840564
1,010700,0,0.5001187247810498
1,010704,0,0.5039798145931736
1,010711,0,0.5019691549699614
1,010712,0,0.5006192817569053
1,010715,0,0.5006329424474276
1,010725,0,0.5000806645486774
1,010731,0,0.5001404579130768
1,010735,0,0.5002943359163892
1,010742,0,0.5007479849478074
1,010745,0,0.5005701917480562
1,010749,0,0.5002414153321848
1,010753,0,0.50047834559857
1,010758,0,0.5009960063601383
1,010762,0,0.5033347821874746
1,010774,0,0.5013478179535997
1,010778,0,0.5002662881324891
1,010780,0,0.5002063777183422
1,010788,0,0.5000960038533435
1,010794,0,0.5004215952320281
1,010806,0,0.5005670205227989
1,010807,0,0.5003171626609201
1,010808,0,0.5016338372477032
1,010818,0,0.5001524765417968
1,010819,0,0.502113076948481
1,010830,0,0.500913020239621
1,010833,0,0.5007052237766152
1,010835,0,0.5004845209321808
1,010839,0,0.5001421102021987
1,010845,0,0.5030234159648247
1,010850,0,0.5004482859633114
1,010854,0,0.500509371590424
1,010856,0,0.5001951398181896
1,010857,0,0.5002711571015604
1,010858,0,0.5072866737175861
1,010859,0,0.5001049051029792
1,010860,0,0.5004079989248049
1,010861,0,0.5380659238332718
1,010878,0,0.500421602494143
1,010887,0,0.5001782385478396
1,010892,0,0.5025695883396648
1,010893,0,0.5038374859114704
1,010898,0,0.5003869564240581
1,010903,0,0.504080247784188
1,010904,0,0.5007554966324023
1,010906,0,0.5002938594567369
1,010909,0,0.5004392106143996
1,010916,0,0.5005739554696266
1,010926,0,0.5006443950434533
1,010934,0,0.5000943884528207
1,010940,0,0.5005153753123492
1,010948,0,0.5005428122915315
1,010949,0,0.5011144704050811
1,010951,0,0.5017864144073083
1,010966,0,0.5002734669072135
1,010971,0,0.5010079202784733
1,010981,0,0.5002612161450171
1,010984,0,0.5002226966249339
1,010998,0,0.5002587128482799
1,011012,0,0.5006054653876447
1,011015,0,0.5002168807721425
1,011017,0,0.5002412888958222
1,011032,0,0.5002472054163749
1,011034,0,0.5001556035754089
1,011035,0,0.5000806645486774
1,011041,0,0.5001026406101828
1,011043,0,0.5001663174057971
1,011044,0,0.5006680837941931
1,011056,0,0.5008301876554196
1,011061,0,0.50045721883253
1,011074,0,0.5033635678194925
1,011081,0,0.5009240701087421
1,011085,0,0.500219768834751
1,011086,0,0.5001028770480549
1,011091,0,0.5000806645486774
1,011095,0,0.500091717850486
1,011102,0,0.5026385735565725
1,011116,0,0.500090635873262
1,011117,0,0.5015074135722537
1,011118,0,0.5023833209803323
1,011119,0,0.5006497464515286
1,011123,0,0.5004777383339872
1,011126,0,0.501704646443039
1,011127,0,0.5014303798990821
1,011140,0,0.500700156944335
1,011154,0,0.5002250165303296
1,011155,0,0.5000806645486774
1,011168,0,0.5001691903664048
1,011169,0,0.5004027783152533
1,011170,0,0.5002776113887084
1,011175,0,0.5022480589948015
1,011177,0,0.5001802646500333
1,011180,0,0.5018224059048003
1,011191,0,0.5000806645486774
1,011192,0,0.5005692279700543
1,011195,0,0.5004526809069103
1,011196,0,0.5002051908752932
1,011199,0,0.5012270589924603
1,011200,0,0.5003674750895426
1,011204,0,0.5002976021834037
1,011205,0,0.5004352055911571
1,011208,0,0.5030461969150809
1,011214,0,0.511319412009506
1,011216,0,0.504249073926284
1,011218,0,0.5003611895974149
1,011222,0,0.5007705852127633
1,011234,0,0.5007983460324643
1,011242,0,0.5022279894461389
1,011252,0,0.5001010457155897
1,011253,0,0.5001498834738642
1,011254,0,0.5040508229699903
1,011263,0,0.5002802909116633
1,011270,0,0.5000902967929367
1,011286,0,0.5006697642368734
1,011298,0,0.5037167939168645
1,011300,0,0.5006841933883102
1,011322,0,0.5033878016124489
1,011333,0,0.5002405758707573
1,011344,0,0.5029983044530807
1,011345,0,0.5004425692291354
1,011361,0,0.500389643896806
1,011367,0,0.5007808162693528
1,011371,0,0.5018923694912487
1,011377,0,0.5004573691391537
1,011384,0,0.5000806645486774
1,011387,0,0.5008607840478418
1,011403,0,0.5003393337123831
1,011406,0,0.5014031425473627
1,011408,0,0.5003348755918743
1,011415,0,0.5010325833581001
1,011419,0,0.5003535953032174
1,011420,0,0.5001705600928339
1,011421,0,0.5022533745535781
1,011425,0,0.5018620232679737
1,011426,0,0.5010191681729064
1,011437,0,0.5008915226939867
1,011443,0,0.5003282495207889
1,011445,0,0.5000904874125646
1,011447,0,0.5003471157936112
1,011452,0,0.5020784119564599
1,011454,0,0.5047455761600828
1,011459,0,0.5034788480761745
1,011462,0,0.5003369228750041
1,011467,0,0.5003292334636462
1,011474,0,0.5011182556426995
1,011479,0,0.5000806645486774
1,011482,0,0.5001458568151324
1,011488,0,0.5013023518812298
1,011491,0,0.5019437807305485
1,011496,0,0.5002421854394741
1,011498,0,0.5119286765627717
1,011499,0,0.5011002635929775
1,011505,0,0.5051294302044347
1,011511,0,0.501310380041632
1,011518,0,0.5009053364985857
1,011524,0,0.5001167109739623
1,011525,0,0.5045436317197963
1,011528,0,0.5009527158943085
1,011533,0,0.5002193640816186
1,011542,0,0.503966600125233
1,011553,0,0.5003325154692387
1,011559,0,0.5001300232958013
1,011567,0,0.5001013793131289
1,011568,0,0.5012056120653693
1,011584,0,0.5007297771030349
1,011585,0,0.5008469982871679
1,011589,0,0.5000806645486774
1,011593,0,0.5000806645486774
1,011604,0,0.5001168106563928
1,011609,0,0.5002259384694417
1,011616,0,0.5006199413397776
1,011620,0,0.5007507373190058
1,011624,0,0.5003484363632841
1,011625,0,0.5002540288860978
1,011630,0,0.5020254990903098
1,011633,0,0.5002110419934341
1,011635,0,0.500149346677869
1,011650,0,0.5007031012871672
1,011653,0,0.5001810660831372
1,011658,0,0.5010275588007559
1,011667,0,0.5117591144130778
1,011672,0,0.5101552113718978
1,011676,0,0.5002574501527202
1,011681,0,0.5000806645486774
1,011683,0,0.5012694932755483
1,011689,0,0.5002722609341291
1,011701,0,0.5003684213091741
1,011704,0,0.5015062708525594
1,011709,0,0.5002571373445901
1,011713,0,0.5005098061247146
1,011714,0,0.5017309644347773
1,011722,0,0.500892740691185
1,011739,0,0.5001549291218393
1,011751,0,0.5015691475753491
1,011754,0,0.5018811861394536
1,011759,0,0.5002366860017868
1,011763,0,0.5000806645486774
1,011779,0,0.500630435810948
1,011780,0,0.502341118505471
1,011784,0,0.5003482609080505
1,011788,0,0.5035171443655152
1,011798,0,0.5013850986787187
1,011800,0,0.50024764552473
1,011807,0,0.5005276195420248
1,011809,0,0.5007008027240502
1,011810,0,0.5008732488552865
1,011811,0,0.5002976836019344
1,011827,0,0.500186242220887
1,011828,0,0.5004122167985472
1,011830,0,0.500184328572257
1,011835,0,0.5050132206266601
1,011840,0,0.5013370161934881
1,011852,0,0.5001347924871825
1,011861,0,0.5317355853100425
1,011877,0,0.5001466957303523
1,011893,0,0.5003919382167451
1,011894,0,0.5001604282850741
1,011897,0,0.5008197943712867
1,011903,0,0.5004513101055739
1,011904,0,0.500476178192895
1,011912,0,0.5001673251133373
1,011914,0,0.5027026229452434
1,011918,0,0.500103753962919
1,011923,0,0.5002133833121497
1,011933,0,0.5030596595040494
1,011940,0,0.5044181508202819
1,011948,0,0.500161405650882
1,011960,0,0.5051909613274063
1,011966,0,0.5002816372647725
1,011972,0,0.5001324383089818
1,011973,0,0.5009068461649587
1,011982,0,0.5006122959179826
1,011983,0,0.5003157792456212
1,011990,0,0.5002195159404627
2,000070,1,0.5001080174651097
2,000123,1,0.5002088448619888
2,000298,1,0.500612227416831
2,000752,1,0.6065885484226959
2,001015,1,0.5000924869865166
2,001158,1,0.5002175888792798
2,001350,1,0.5087317264388728
2,001715,1,0.5006927514555255
2,001750,1,0.5002248195323618
2,001874,1,0.5006597038863437
2,002046,1,0.5012218665793413
2,002159,1,0.5036542229130258
2,002169,1,0.5063329333815062
2,002337,1,0.5006868076981522
2,003077,1,0.5003394129892075
2,003530,1,0.5001330110912127
2,003582,1,0.5003430306174944
2,003959,1,0.5002631279234537
2,003974,1,0.5003700354283261
2,004600,1,0.5002583055241434
2,004812,1,0.5020918412668889
2,004823,1,0.505454581975656
2,004890,1,0.5021033991124266
2,005171,1,0.5005333443366892
2,005446,1,0.5007658385709187
2,005806,1,0.500074883243855
2,006569,1,0.5002080942790904
2,006778,1,0.5122546926209486
2,006796,1,0.5006617492873003
2,007093,1,0.5001195925439919
2,007218,1,0.5041494630036466
2,007636,1,0.501680002624086
2,007891,1,0.5030674517206712
2,008683,1,0.5046063573538306
2,009007,1,0.5002085395977274
2,009128,1,0.5011943720536234
2,009198,1,0.5004780564217381
2,009362,1,0.5010151494536818
2,009970,1,0.5003070608843453
2,009982,1,0.5543262247656685
2,010052,1,0.5009418520773271
2,010213,1,0.5004495047953087
2,010306,1,0.5000835768325779
2,010369,1,0.5028594976365958
2,010397,1,0.503398372329617
2,011257,1,0.5002516710437928
2,011691,1,0.5005086209219323
2,011870,1,0.5013037269238517
2,000000,0,0.5054828240947603
2,000011,0,0.5001334329594144
2,000014,0,0.5007432748311548
2,000017,0,0.5001555034911461
2,000018,0,0.5004155263841904
2,000019,0,0.5001692268032333
2,000038,0,0.5008654881345258
2,000039,0,0.5006978053855824
2,000041,0,0.5009165812573958
2,000042,0,0.5001389891642027
2,000045,0,0.5000998358934492
2,000050,0,0.5036358962674634
2,000051,0,0.5007331433343514
2,000052,0,0.5012394849170362
2,000054,0,0.500074883243855
2,000066,0,0.5020832565571308
2,000075,0,0.500431180200737
2,000077,0,0.5001857710062676
2,000084,0,0.5023447145018928
2,000092,0,0.5021353612850334
2,000094,0,0.524657402956588
2,000110,0,0.5002216537986236
2,000118,0,0.5004006454149373
2,000131,0,0.5067879872920396
2,000143,0,0.5002508585966565
2,000145,0,0.5052713763592813
2,000147,0,0.5008147732283712
2,000155,0,0.5033793257128208
2,000159,0,0.5002257912906349
2,000160,0,0.500557075086663
2,000161,0,0.5001438792211235
2,000162,0,0.5018184065499013
2,000167,0,0.50022900241933
2,000169,0,0.5012911238846951
2,000171,0,0.5002081206437728
2,000172,0,0.5022882699112687
2,000181,0,0.5009551684258283
2,000186,0,0.5000846338968971
2,000189,0,0.500074883243855
2,000190,0,0.5003808944799876
2,000199,0,0.5038551878618889
2,000205,0,0.5008071093450822
2,000207,0,0.5001942655391171
2,000212,0,0.5003615176813547
2,000214,0,0.500140433783552
2,000218,0,0.5006865393978278
2,000222,0,0.5000695230713865
2,000223,0,0.5013444685070337
2,000224,0,0.5004233610100095
2,000226,0,0.5020380475239782
2,000227,0,0.5005107877858084
2,000229,0,0.5014370965085588
2,000233,0,0.5008242458153838
2,000239,0,0.5004109809430471
2,000240,0,0.502194268825153
2,000243,0,0.5000832009027283
2,000248,0,0.5008517912982758
2,000254,0,0.5004839654206257
2,000257,0,0.5001876683950172
2,000259,0,0.5008063405105145
2,000263,0,0.5003111582937447
2,000273,0,0.500233393709
2,000276,0,0.50014664999235
2,000286,0,0.5001644298878483
2,000294,0,0.5001463735698503
2,000297,0,0.501726566516704
2,000314,0,0.5032871518344048
2,000317,0,0.500141401363913
2,000318,0,0.500074883243855
2,000327,0,0.5001878171499214
2,000331,0,0.5002590078643888
2,000332,0,0.5002452628920259
2,000333,0,0.5004696566677824
2,000340,0,0.5002856225554649
2,000350,0,0.5000847846968405
2,000351,0,0.5018007547373385
2,000358,0,0.5002949028242097
2,000360,0,0.5003259737216059
2,000363,0,0.5009359198881069
2,000365,0,0.5004862500951198
2,000372,0,0.5007056643280349
2,000374,0,0.5001989569181544
2,000380,0,0.500147107443822
2,000390,0,0.5004678798746246
2,000395,0,0.500399471703293
2,000396,0,0.5000869314447886
2,000397,0,0.500164752915541
2,000398,0,0.5007667845130549
2,000399,0,0.5001782111677142
2,000407,0,0.5001281806784711
2,000409,0,0.500074883243855
2,000425,0,0.5001331006833404
2,000428,0,0.5209486651141829
2,000446,0,0.5003191295357435
2,000461,0,0.500074883243855
2,000487,0,0.5001542559078113
2,000488,0,0.500605546404868
2,000491,0,0.5215636781598251
2,000496,0,0.5003473034028677
2,000497,0,0.5002132513085802
2,000498,0,0.5005805991677718
2,000500,0,0.5012134909301567
2,000501,0,0.507301293490817
2,000502,0,0.500074883243855
2,000506,0,0.50113109888652
2,000514,0,0.5000849315203479
2,000517,0,0.5047461203263206
2,000522,0,0.5002857940281107
2,000532,0,0.5001403964973412
2,000533,0,0.5009905250608595
2,000542,0,0.5002100894259571
2,000544,0,0.5034642772637549
2,000553,0,0.5003228100397707
2,000560,0,0.5003551477213649
2,000561,0,0.5000950340073871
2,000565,0,0.5001254865384446
2,000570,0,0.5003249100751003
2,000572,0,0.5004456601221408
2,000576,0,0.5031058852231006
2,000581,0,0.5015727684374254
2,000585,0,0.5013961594118969
2,000586,0,0.5000961603358381
2,000590,0,0.500074883243855
2,000597,0,0.5056563816653344
2,000602,0,0.5048692074080199
2,000607,0,0.5079282478875512
2,000616,0,0.5003150905844291
2,000630,0,0.500074883243855
2,000634,0,0.5013915824119527
2,000645,0,0.5001196720457239
2,000655,0,0.5001232129762203
2,000664,0,0.5001946660590468
2,000668,0,0.5009761737064956
2,000671,0,0.5004916131943931
2,000677,0,0.5085823593720197
2,000684,0,0.5002934201096937
2,000685,0,0.5006561867262993
2,000692,0,0.5008638936977241
2,000707,0,0.5003612830524028
2,000710,0,0.5002401263764196
2,000714,0,0.5028569298167753
2,000719,0,0.5001649319517765
2,000720,0,0.5001872255701892
2,000724,0,0.5003786292204093
2,000730,0,0.5017236735581018
2,000742,0,0.5025049607361126
2,000746,0,0.5016109927274156
2,000758,0,0.5002635000010438
2,000761,0,0.5001581394264194
2,000769,0,0.5034186784890713
2,000771,0,0.5006290385238419
2,000776,0,0.5007568494080256
2,000777,0,0.5002568426340319
2,000783,0,0.5002270392855458
2,000787,0,0.5002797475613342
2,000788,0,0.5011621498023362
2,000792,0,0.5035740702262095
2,000801,0,0.5024003207842589
2,000805,0,0.5038810411033651
2,000810,0,0.5001138507216653
2,000825,0,0.500248501754335
2,000828,0,0.5001949113393046
2,000832,0,0.5001915423848206
2,000846,0,0.5003047828881694
2,000853,0,0.5000898056418888
2,000860,0,0.500074883243855
2,000865,0,0.5004297900186774
2,000871,0,0.5008442891332691
2,000881,0,0.5001225769116369
2,000882,0,0.5058390808696942
2,000884,0,0.5044203486109491
2,000887,0,0.5007220988222806
2,000888,0,0.5000958024449096
2,000889,0,0.5001376142204476
2,000891,0,0.5032774505297599
2,000895,0,0.5010084748708397
2,000902,0,0.5044840528996302
2,000910,0,0.5001956810571313
2,000913,0,0.5003519418822585
2,000918,0,0.5013745262584842
2,000922,0,0.500731166384177
2,000932,0,0.500074883243855
2,000933,0,0.5000845404430856
2,000938,0,0.5001956817378084
2,000941,0,0.5022462556565508
2,000949,0,0.5000856547477954
2,000950,0,0.5009250512583249
2,000956,0,0.5009204126241469
2,000957,0,0.5002796633920863
2,000965,0,0.5002226270432262
2,000966,0,0.5017644947622873
2,000967,0,0.5008939391774997
2,000968,0,0.5002367028434265
2,000977,0,0.503556910293703
2,000979,0,0.5001829657861144
2,000988,0,0.5001377141366784
2,000990,0,0.5001025964972267
2,000992,0,0.5003674761750926
2,000993,0,0.5004903380957897
2,000994,0,0.5287590046680083
2,001004,0,0.5000966133946574
2,001007,0,0.5065953412133544
2,001020,0,0.5004617563433135
2,001025,0,0.5006352996562486
2,001026,0,0.500163510175913
2,001047,0,0.5001354831425998
2,001052,0,0.5003681626870823
2,001056,0,0.5000842997440313
2,001062,0,0.5000847462223644
2,001063,0,0.5001093712596232
2,001065,0,0.5010865532435873
2,001066,0,0.5002500172643213
2,001083,0,0.5012498691972685
2,001093,0,0.502120465433094
2,001097,0,0.5004294555100229
2,001100,0,0.5002536746334296
2,001101,0,0.5004558067620991
2,001102,0,0.5004685254756052
2,001103,0,0.5006722839262941
2,001108,0,0.5006792733505966
2,001110,0,0.5002866864100605
2,001112,0,0.5007543680872635
2,001113,0,0.5074482049128038
2,001120,0,0.5004488085748294
2,001127,0,0.5026843314899954
2,001135,0,0.5001922175516637
2,001138,0,0.5004377920687777
2,001146,0,0.5004728373759868
2,001147,0,0.5005797591391096
2,001155,0,0.500290641322846
2,001159,0,0.5001028221642665
2,001161,0,0.5004445309807339
2,001162,0,0.5002924785217318
2,001164,0,0.500522723454541
2,001165,0,0.5001425443530783
2,001168,0,0.5001105792484096
2,001172,0,0.5001111173726684
2,001173,0,0.5007364375812731
2,001175,0,0.5021060987425334
2,001177,0,0.5014385197129116
2,001186,0,0.5008886876086176
2,001188,0,0.5160602021301777
2,001192,0,0.5002272194852722
2,001194,0,0.5007906487638469
2,001195,0,0.5001174828720221
2,001197,0,0.5007712359724881
2,001199,0,0.5006431345746887
2,001207,0,0.5002335811530503
2,001215,0,0.5029175414140087
2,001219,0,0.5005093941856951
2,001220,0,0.5001603850023271
2,001230,0,0.5001397636755327
2,001242,0,0.5006067320783577
2,001243,0,0.5014650822627238
2,001246,0,0.5002517027362907
2,001248,0,0.5028764355239418
2,001256,0,0.5003004508478988
2,001258,0,0.500074883243855
2,001262,0,0.500074883243855
2,001272,0,0.5006565298101414
2,001273,0,0.501188950060865
2,001276,0,0.5000837654052264
2,001280,0,0.5007045302754278
2,001284,0,0.5001343533161705
2,001286,0,0.5004470171498122
2,001287,0,0.5003999297099326
2,001292,0,0.503969020956613
2,001294,0,0.5003322495803686
2,001296,0,0.5015844958914873
2,001303,0,0.5008487244015339
2,001305,0,0.5056216923165375
2,001307,0,0.5001896292344652
2,001328,0,0.500074883243855
2,001342,0,0.5001672588330115
2,001345,0,0.5038851167443045
2,001346,0,0.5001068117401201
2,001351,0,0.5002565778176616
2,001355,0,0.5002934201096937
2,001357,0,0.5007285554373705
2,001367,0,0.5001125817610976
2,001369,0,0.5370214504680916
2,001372,0,0.5001155909420192
2,001378,0,0.5007418727811813
2,001389,0,0.5002001056704647
2,001392,0,0.5006206470229743
2,001397,0,0.5004111027694675
2,001400,0,0.5010797481054807
2,001401,0,0.501609336459344
2,001405,0,0.5001156955633231
2,001406,0,0.5007178481882129
2,001410,0,0.5016250569927968
2,001411,0,0.5003349754983851
2,001422,0,0.5011364253586231
2,001425,0,0.5002732460133152
2,001430,0,0.5002756296267914
2,001432,0,0.5003343029365452
2,001442,0,0.5004556797935218
2,001443,0,0.5001959682855569
2,001445,0,0.5002852243197864
2,001447,0,0.5063848784928894
2,001449,0,0.5001227923704321
2,001454,0,0.5004390713006899
2,001457,0,0.5019588232342926
2,001462,0,0.5007856471453311
2,001464,0,0.5002301057604085
2,001470,0,0.5002698508208542
2,001474,0,0.5001089068308231
2,001476,0,0.5001480953226988
2,001480,0,0.5065508947691021
2,001481,0,0.5005197370278794
2,001482,0,0.5001001304851379
2,001483,0,0.5004290226073815
2,001493,0,0.5003965995401581
2,001500,0,0.5003254791715597
2,001501,0,0.5007526896041089
2,001510,0,0.5005893755558696
2,001515,0,0.5003989923023279
2,001520,0,0.5001901241437768
2,001521,0,0.5002740862880796
2,001522,0,0.500405521044798
2,001527,0,0.5005344828269388
2,001528,0,0.5029080007843764
2,001530,0,0.503473473027893
2,001536,0,0.5004004096335918
2,001544,0,0.5005499960203439
2,001545,0,0.500292813509954
2,001547,0,0.5003105426955797
2,001548,0,0.5000958356636876
2,001558,0,0.506013971016518
2,001559,0,0.5008383988205793
2,001560,0,0.5001267504935155
2,001562,0,0.5001120008159116
2,001563,0,0.5001680690050362
2,001564,0,0.5025002517643806
2,001580,0,0.5265595624498678
2,001583,0,0.500074883243855
2,001606,0,0.5009118485526691
2,001608,0,0.5001082246272036
2,001622,0,0.500084522616043
2,001629,0,0.5004262093958259
2,001632,0,0.5000986771765334
2,001634,0,0.5000898425669912
2,001641,0,0.5012805570463473
2,001642,0,0.502085660850907
2,001649,0,0.5002755420402305
2,001675,0,0.5030099304316066
2,001676,0,0.5000846179962322
2,001678,0,0.500550212023468
2,001681,0,0.5015883833589474
2,001684,0,0.5001415369049318
2,001693,0,0.5001245139233252
2,001695,0,0.5009988927915443
2,001711,0,0.5004902783772965
2,001714,0,0.5004702664183619
2,001726,0,0.5009895579539908
2,001730,0,0.5003448725528944
2,001731,0,0.5007000940744099
2,001742,0,0.5007244414553633
2,001754,0,0.5014706988442301
2,001772,0,0.5003847239619295
2,001777,0,0.500074883243855
2,001782,0,0.5005097862522466
2,001789,0,0.500757197139297
2,001794,0,0.5005124502735521
2,001797,0,0.5007798363064387
2,001802,0,0.5001852005370643
2,001816,0,0.5006338162661249
2,001823,0,0.5003163185746802
2,001824,0,0.5000778585328918
2,001829,0,0.5004550620118495
2,001847,0,0.5001547380064918
2,001854,0,0.500074883243855
2,001861,0,0.5001780178316562
2,001863,0,0.5001931516983944
2,001864,0,0.5001608449271997
2,001866,0,0.5005968831615394
2,001871,0,0.5002784617972377
2,001875,0,0.5002519683183511
2,001878,0,0.5002489203594216
2,001880,0,0.5005141258096512
2,001884,0,0.5009859326164399
2,001888,0,0.5002562201391578
2,001893,0,0.5015081593478111
2,001900,0,0.5001203754345036
2,001903,0,0.5039728832403313
2,001918,0,0.5003172950863277
2,001919,0,0.5020768604707755
2,001942,0,0.5005902395365606
2,001955,0,0.5014996724609077
2,001960,0,0.5002250959061944
2,001962,0,0.5004252282262601
2,001963,0,0.500232410276126
2,001968,0,0.5009126901282194
2,001971,0,0.5001407702868955
2,001974,0,0.5003463903313721
2,001977,0,0.5008783281244921
2,001980,0,0.5002726709833278
2,001983,0,0.5017312095970268
2,001984,0,0.5006056606313778
2,001987,0,0.5001284688272731
2,001992,0,0.500442029054194
2,001994,0,0.5003076376806399
2,001998,0,0.5004196882254595
2,002005,0,0.5020237181164695
2,002024,0,0.5001616199273706
2,002025,0,0.500420228788997
2,002032,0,0.501218656319223
2,002033,0,0.500186218469205
2,002045,0,0.5020627136059271
2,002049,0,0.5004575161233422
2,002059,0,0.5001327016803402
2,002068,0,0.502700380784492
2,002070,0,0.5126855564291621
2,002074,0,0.5026472522151778
2,002075,0,0.5105119853746648
2,002084,0,0.5050352654754146
2,002086,0,0.5019902711569475
2,002088,0,0.5002590043652149
2,002090,0,0.5001370355621363
2,002095,0,0.5003307714412641
2,002103,0,0.5007736895979992
2,002105,0,0.500074883243855
2,002115,0,0.5003953236074141
2,002120,0,0.5001438792211235
2,002121,0,0.5005726231090856
2,002122,0,0.5007289333796382
2,002129,0,0.5037318530168412
2,002140,0,0.5003038912571852
2,002149,0,0.5002248231441526
2,002150,0,0.5001788401923937
2,002157,0,0.5001616788515698
2,002163,0,0.5004285468469543
2,002166,0,0.5002089811318274
2,002170,0,0.50011581710035
2,002171,0,0.5107842127121032
2,002176,0,0.5024250730997488
2,002185,0,0.5005161217040831
2,002193,0,0.5851453124264047
2,002197,0,0.5003894845466199
2,002198,0,0.500225785446387
2,002205,0,0.5002396192152112
2,002209,0,0.5010360629825066
2,002218,0,0.5005080464824866
2,002219,0,0.500074883243855
2,002222,0,0.500074883243855
2,002235,0,0.50071800432176
2,002243,0,0.5030317017636644
2,002245,0,0.5004755081343871
2,002248,0,0.5004566556130305
2,002253,0,0.5003730475350027
2,002254,0,0.5007303289562544
2,002255,0,0.5003632180388313
2,002261,0,0.501842100102942
2,002262,0,0.5003588281459227
2,002263,0,0.5010588823151509
2,002264,0,0.5303975818624284
2,002266,0,0.5001598093706279
2,002267,0,0.5012220250043344
2,002272,0,0.503109185044613
2,002274,0,0.5003593539042502
2,002277,0,0.5039684507665779
2,002278,0,0.5012478752064768
2,002283,0,0.5002583647312089
2,002284,0,0.500195970091471
2,002292,0,0.5001797702498286
2,002301,0,0.5020119330397652
2,002307,0,0.5013270854674949
2,002308,0,0.5009517415129032
2,002310,0,0.5002016113203228
2,002314,0,0.5004199850628833
2,002323,0,0.5006215014429155
2,002324,0,0.500716136574824
2,002326,0,0.5008440607732192
2,002331,0,0.5003539844294482
2,002352,0,0.5001578925360736
2,002355,0,0.500074883243855
2,002358,0,0.5001773579563424
2,002374,0,0.509259155511065
2,002376,0,0.500074883243855
2,002379,0,0.5000969725619646
2,002388,0,0.5017221112280934
2,002392,0,0.5004760923540691
2,002395,0,0.5004465368336227
2,002396,0,0.5000854001183482
2,002405,0,0.5064658714812555
2,002407,0,0.5005340701905342
2,002410,0,0.5005954392958107
2,002412,0,0.5011916508333883
2,002422,0,0.5002105684285074
2,002432,0,0.500074883243855
2,002435,0,0.5019533807761611
2,002440,0,0.5010313839647791
2,002448,0,0.5001766866498786
2,002457,0,0.5003813878658365
2,002461,0,0.5008822943249328
2,002464,0,0.5011533959526085
2,002480,0,0.5000835599963345
2,002481,0,0.5013049774701025
2,002482,0,0.5032669899614682
2,002483,0,0.5041683756250257
2,002494,0,0.5023064814746897
2,002509,0,0.5010362394247854
2,002515,0,0.5006741803412352
2,002518,0,0.5142934480659737
2,002519,0,0.5001324533124492
2,002538,0,0.5014643581471155
2,002541,0,0.5002971205923159
2,002545,0,0.501468714403903
2,002547,0,0.5012742037971514
2,002550,0,0.500850073129108
2,002555,0,0.5000842997440313
2,002557,0,0.500074883243855
2,002560,0,0.5002585391575928
2,002583,0,0.5001646704654593
2,002587,0,0.5000976772780242
2,002589,0,0.5001086007601258
2,002597,0,0.5000828392945551
2,002605,0,0.5001791390836651
2,002611,0,0.5052147385331531
2,002613,0,0.5001558464722412
2,002623,0,0.5013591345155416
2,002628,0,0.5002627035862485
2,002633,0,0.5004077530565137
2,002639,0,0.5007537833817893
2,002646,0,0.5062719856356254
2,002665,0,0.5037165606600783
2,002673,0,0.5040183033220929
2,002675,0,0.5001200311060413
2,002685,0,0.5014106887835
2,002687,0,0.5002977342043665
2,002688,0,0.5001163310861623
2,002689,0,0.5007634482377515
2,002693,0,0.5000942397878996
2,002695,0,0.5003339354841381
2,002697,0,0.5001054362772481
2,002698,0,0.5018089384805581
2,002701,0,0.5002257012186361
2,002704,0,0.5000857505830794
2,002712,0,0.504046815430114
2,002717,0,0.500074883243855
2,002724,0,0.500074883243855
2,002732,0,0.5002672786156991
2,002734,0,0.5230688150132592
2,002735,0,0.500575406878023
2,002744,0,0.50220808522312
2,002748,0,0.5032153325474229
2,002753,0,0.5007034877057456
2,002756,0,0.5042759963344777
2,002758,0,0.5011391282468041
2,002767,0,0.5001542267233262
2,002772,0,0.5002013097911554
2,002780,0,0.5002700480375293
2,002781,0,0.5001385437870729
2,002784,0,0.5003634380926933
2,002788,0,0.5029353245811222
2,002793,0,0.5003269599271357
2,002798,0,0.5023887750012551
2,002805,0,0.5005417275485357
2,002809,0,0.5023610115998263
2,002810,0,0.5002394444277344
2,002811,0,0.5002711801515629
2,002814,0,0.5010388905109409
2,002819,0,0.5012858710758477
2,002820,0,0.5004118226560096
2,002821,0,0.5008820529431814
2,002826,0,0.5032990819684798
2,002827,0,0.500074883243855
2,002834,0,0.500260963387118
2,002836,0,0.5010333318007311
2,002842,0,0.5004627637159937
2,002847,0,0.5002454058538603
2,002848,0,0.5001306462730276
2,002849,0,0.500108449484428
2,002853,0,0.5001807969353198
2,002860,0,0.5004275199252123
2,002862,0,0.500074883243855
2,002864,0,0.5001783657081306
2,002865,0,0.5003977769691084
2,002872,0,0.5001153843760345
2,002881,0,0.5013688824907393
2,002884,0,0.500094167248275
2,002895,0,0.5316087639912634
2,002897,0,0.5007613843575246
2,002899,0,0.5001077867273207
2,002901,0,0.5025909824188088
2,002903,0,0.5003937238300451
2,002905,0,0.5001703162678341
2,002914,0,0.5001970586572164
2,002918,0,0.5018025850205703
2,002923,0,0.5012335439156036
2,002924,0,0.5001216873867934
2,002929,0,0.5013265781414097
2,002931,0,0.5002494705763968
2,002932,0,0.5010547542771023
2,002933,0,0.5005488899538121
2,002939,0,0.5001376430592488
2,002947,0,0.5004537990148776
2,002949,0,0.5020581464328461
2,002951,0,0.5008139893161033
2,002963,0,0.5105272293624111
2,002972,0,0.501477414183767
2,002973,0,0.502637350403467
2,002974,0,0.5001600068009446
2,002977,0,0.5001810510982158
2,002983,0,0.5000892402486268
2,002996,0,0.5001121236679124
2,002997,0,0.5002944364637509
2,003001,0,0.5001535146543584
2,003007,0,0.5009609821544457
2,003011,0,0.500074883243855
2,003015,0,0.5020471431483298
2,003017,0,0.500074883243855
2,003027,0,0.5005125255040456
2,003028,0,0.5001020847299903
2,003031,0,0.5025645339055325
2,003032,0,0.5009943664855081
2,003045,0,0.5000849961710627
2,003053,0,0.5001367572944088
2,003054,0,0.5017862437967646
2,003066,0,0.5001787245318211
2,003071,0,0.5002148969767388
2,003086,0,0.5032959404959341
2,003088,0,0.5019855153021723
2,003098,0,0.5001691710110864
2,003102,0,0.5002846486132078
2,003108,0,0.5001366664940068
2,003113,0,0.500768426190493
2,003116,0,0.5004908354385714
2,003118,0,0.5166093042308001
2,003127,0,0.5009023126623985
2,003136,0,0.5009941408421272
2,003140,0,0.5060544145110845
2,003156,0,0.5014227294187076
2,003167,0,0.5626752282035692
2,003170,0,0.5019148539187149
2,003173,0,0.5000844923367329
2,003178,0,0.5002060406542373
2,003179,0,0.5013080016779259
2,003183,0,0.5002120391082435
2,003197,0,0.5001624655618938
2,003200,0,0.5001662026367532
2,003203,0,0.5085819212045882
2,003207,0,0.5001146854172138
2,003212,0,0.5004616342820173
2,003213,0,0.5002819166294574
2,003227,0,0.5001458208429153
2,003235,0,0.500113705844333
2,003237,0,0.5001736549365887
2,003253,0,0.5002048047267698
2,003255,0,0.500210304347903
2,003258,0,0.5010905780344785
2,003259,0,0.5003006639133278
2,003262,0,0.5001371101233445
2,003264,0,0.502105259087185
2,003267,0,0.5002884200982125
2,003281,0,0.5001947303730555
2,003293,0,0.500074883243855
2,003294,0,0.5008207091430437
2,003298,0,0.5014262856372711
2,003299,0,0.5013058589442227
2,003301,0,0.5007547585786585
2,003306,0,0.5001055781127803
2,003309,0,0.5001589480911476
2,003313,0,0.5002434941512139
2,003314,0,0.5039341754376638
2,003315,0,0.5002716193212875
2,003316,0,0.5002006269061878
2,003320,0,0.5005233899914691
2,003323,0,0.500074883243855
2,003326,0,0.501422173675707
2,003333,0,0.5001363212113855
2,003336,0,0.5029817380987089
2,003340,0,0.5002014236963775
2,003342,0,0.5001074441659713
2,003344,0,0.5002188855314802
2,003349,0,0.5032922090904753
2,003353,0,0.5001971895304439
2,003355,0,0.5022173448468857
2,003357,0,0.5003845844919438
2,003362,0,0.5001755591339726
2,003368,0,0.5006604442474366
2,003369,0,0.5017464204626563
2,003371,0,0.5003887822440758
2,003376,0,0.5002394437000135
2,003378,0,0.50040335708612
2,003379,0,0.5001967362070139
2,003386,0,0.5002075251857879
2,003391,0,0.5001221399200297
2,003392,0,0.5004897739384226
2,003396,0,0.5002260414534254
2,003403,0,0.5004827388469861
2,003404,0,0.500074883243855
2,003406,0,0.5003143855821532
2,003408,0,0.5003355271925503
2,003412,0,0.5012189768009412
2,003414,0,0.5062680591176032
2,003419,0,0.5000847846968405
2,003426,0,0.5268364097720559
2,003437,0,0.5003593170232897
2,003442,0,0.5003351527201063
2,003452,0,0.5004829489942325
2,003464,0,0.500074883243855
2,003471,0,0.5006080597767124
2,003473,0,0.5001879586731619
2,003474,0,0.500149183912983
2,003476,0,0.5004792994072108
2,003478,0,0.5000851233362085
2,003481,0,0.5078588577834983
2,003482,0,0.5005763402714367
2,003491,0,0.5011659447572304
2,003493,0,0.50096040338736
2,003497,0,0.500084731968905
2,003500,0,0.5000988034597909
2,003505,0,0.5000863419737761
2,003507,0,0.500798859140077
2,003515,0,0.5002683677361397
2,003527,0,0.5001577326095429
2,003543,0,0.5009139276641429
2,003549,0,0.5046223537680505
2,003559,0,0.5023697799252724
2,003564,0,0.5138966621636701
2,003565,0,0.5153217448768571
2,003568,0,0.5003547500422723
2,003571,0,0.5038132670831044
2,003572,0,0.500371137528744
2,003573,0,0.5001744530161244
2,003583,0,0.5002075803266268
2,003595,0,0.5007396747396031
2,003596,0,0.5002996516278061
2,003598,0,0.5032565178552026
2,003603,0,0.5008220490818597
2,003609,0,0.5003429677376072
2,003624,0,0.5003652215930195
2,003627,0,0.5001837546051421
2,003628,0,0.502917483962395
2,003635,0,0.50034598551423
2,003636,0,0.5008268373208136
2,003639,0,0.5000961204956005
2,003641,0,0.5008015772812087
2,003649,0,0.5015438362325422
2,003657,0,0.5002362863089975
2,003660,0,0.5001600467922688
2,003676,0,0.5000970780809185
2,003678,0,0.5027495803744267
2,003682,0,0.5005668091148361
2,003688,0,0.5001378308780751
2,003689,0,0.5001654887289813
2,003692,0,0.5118028362849709
2,003695,0,0.5005002041727394
2,003698,0,0.5001647038700086
2,003703,0,0.501416560478101
2,003709,0,0.5003683705339314
2,003713,0,0.5001120786209743
2,003714,0,0.5003770108128915
2,003722,0,0.5042461695254563
2,003734,0,0.5001114215477432
2,003739,0,0.5008088671993248
2,003749,0,0.5019677673770548
2,003751,0,0.5001159263839332
2,003768,0,0.5001307554296385
2,003770,0,0.5039748130312681
2,003773,0,0.5017757636072221
2,003786,0,0.5007835749433377
2,003787,0,0.500479029238311
2,003791,0,0.500074883243855
2,003794,0,0.5003800613413778
2,003798,0,0.5009885884152024
2,003799,0,0.5003243699548594
2,003800,0,0.5010026853274973
2,003801,0,0.5002444434882544
2,003802,0,0.5005594224721667
2,003804,0,0.5006249588219874
2,003807,0,0.500074883243855
2,003808,0,0.5005282947394893
2,003811,0,0.5002137771537654
2,003812,0,0.5007070462264754
2,003813,0,0.5005255483818922
2,003814,0,0.5006834239737544
2,003818,0,0.5008055552442462
2,003821,0,0.5001753030573873
2,003823,0,0.5002873037072687
2,003825,0,0.5013804447756636
2,003828,0,0.5003438526557522
2,003832,0,0.5002636015789264
2,003839,0,0.5001172166811384
2,003840,0,0.5001649618773786
2,003864,0,0.5004591281016105
2,003865,0,0.5028155077622409
2,003867,0,0.5003300931438168
2,003869,0,0.5003678753703681
2,003873,0,0.5004326489726799
2,003876,0,0.5003423875026975
2,003880,0,0.5008564104422548
2,003892,0,0.5001520649383865
2,003896,0,0.500616391214628
2,003902,0,0.5001634181741159
2,003905,0,0.5012836393123753
2,003907,0,0.5007535924209381
2,003911,0,0.5009733736126637
2,003912,0,0.5000984232636694
2,003923,0,0.500189480063673
2,003927,0,0.5003968676221509
2,003929,0,0.500228425426239
2,003937,0,0.500074883243855
2,003940,0,0.5001407853461568
2,003942,0,0.5008219903788207
2,003944,0,0.5014012574256634
2,003945,0,0.500817455918387
2,003949,0,0.5003806126243886
2,003966,0,0.500236811552586
2,003967,0,0.5035713544083807
2,003972,0,0.5021730001947252
2,003992,0,0.5001202875117323
2,003994,0,0.5010071889282988
2,004015,0,0.500656862628977
2,004018,0,0.5019769544906688
2,004022,0,0.5001161438131504
2,004028,0,0.5014747775527219
2,004036,0,0.5008690029461143
2,004043,0,0.5000994010757034
2,004049,0,0.5001759772139465
2,004054,0,0.5001311431852415
2,004055,0,0.5001259409526018
2,004065,0,0.5009039710605555
2,004069,0,0.5007456738048736
2,004084,0,0.5010618263320725
2,004090,0,0.5007936261120507
2,004091,0,0.5009191725277979
2,004092,0,0.5001107893939742
2,004095,0,0.5297281116679718
2,004099,0,0.5001121661461991
2,004105,0,0.5005906283411411
2,004115,0,0.5002157055169146
2,004127,0,0.5003443095052876
2,004129,0,0.5030761727744582
2,004135,0,0.5006176255342002
2,004142,0,0.5150633175268107
2,004158,0,0.500258363000021
2,004166,0,0.5005689032010602
2,004169,0,0.5035043037378334
2,004171,0,0.5001710981934778
2,004178,0,0.5001297108507211
2,004185,0,0.5002724506195242
2,004206,0,0.5002638223823751
2,004214,0,0.5016395965919467
2,004215,0,0.5004961105967315
2,004216,0,0.500885940524679
2,004223,0,0.5006380922355905
2,004224,0,0.5002842426900063
2,004244,0,0.500280061602062
2,004250,0,0.5000854238490023
2,004251,0,0.5002123602308999
2,004270,0,0.5034533924620843
2,004271,0,0.5001539534508718
2,004272,0,0.5013949928854923
2,004276,0,0.5020257994651578
2,004280,0,0.500074883243855
2,004284,0,0.5001435115539763
2,004288,0,0.5007997673190016
2,004290,0,0.500074883243855
2,004296,0,0.5187002009082428
2,004297,0,0.5004022255931517
2,004299,0,0.501085155445529
2,004306,0,0.5315410133274082
2,004312,0,0.5011976667687572
2,004315,0,0.5002939890848831
2,004329,0,0.5015274042654795
2,004332,0,0.5003540647583036
2,004333,0,0.500198745317228
2,004336,0,0.5009152992859335
2,004340,0,0.5121882558433738
2,004363,0,0.5003466001988015
2,004364,0,0.5024920315741888
2,004369,0,0.5027551837975764
2,004370,0,0.5001086007601258
2,004378,0,0.500074883243855
2,004380,0,0.500074883243855
2,004398,0,0.5003235489195623
2,004403,0,0.5000986988278187
2,004409,0,0.5003483799731425
2,004410,0,0.5059212314864934
2,004412,0,0.500074883243855
2,004419,0,0.5003077275964172
2,004428,0,0.5002686191336806
2,004433,0,0.5031497217177837
2,004435,0,0.5001864596948603
2,004441,0,0.5004675798042939
2,004443,0,0.5009795296305614
2,004447,0,0.5006779305338144
2,004449,0,0.5048505217029782
2,004455,0,0.5007812883623627
2,004460,0,0.5001294618960693
2,004468,0,0.5003817327085566
2,004472,0,0.5004181211797533
2,004474,0,0.5037276705173284
2,004485,0,0.5005978217551244
2,004495,0,0.5019736399319731
2,004496,0,0.5012080102137443
2,004498,0,0.5001889477035584
2,004514,0,0.5005419025015097
2,004520,0,0.5001396639939081
2,004521,0,0.5001874651251401
2,004524,0,0.5016329707450636
2,004525,0,0.5002962125593401
2,004527,0,0.5001586547853439
2,004528,0,0.5001640071089418
2,004535,0,0.5009277017534995
2,004537,0,0.5024106338969823
2,004541,0,0.5008553326064944
2,004542,0,0.5003604870127079
2,004545,0,0.5064858101435417
2,004546,0,0.5001014294917948
2,004549,0,0.5003332449069866
2,004552,0,0.5000853000648935
2,004560,0,0.5027031704588608
2,004562,0,0.500074883243855
2,004569,0,0.5001664473503752
2,004573,0,0.5001628013724742
2,004574,0,0.500320926634416
2,004590,0,0.5003939978252578
2,004595,0,0.5004017000430377
2,004597,0,0.5009914988233722
2,004599,0,0.5002272194852722
2,004601,0,0.500183626808387
2,004612,0,0.5005473281315088
2,004618,0,0.5002480090914517
2,004620,0,0.5002563560015532
2,004624,0,0.500094905279867
2,004637,0,0.5002583055241434
2,004644,0,0.5001150177586257
2,004647,0,0.500528364265579
2,004652,0,0.5019703202148114
2,004653,0,0.5003619547308832
2,004655,0,0.5005738486040635
2,004660,0,0.500099806477368
2,004661,0,0.5009671405448107
2,004663,0,0.500531917607141
2,004666,0,0.5008108849671585
2,004669,0,0.500074883243855
2,004673,0,0.5008270898664811
2,004677,0,0.5004560950484921
2,004685,0,0.500074883243855
2,004693,0,0.5003506840460612
2,004697,0,0.5032972130588752
2,004700,0,0.5003774551604839
2,004703,0,0.500432220736834
2,004705,0,0.5030319008435417
2,004709,0,0.5027579624676745
2,004716,0,0.5006065658480755
2,004718,0,0.500371881640717
2,004721,0,0.5002833635112414
2,004724,0,0.5000885495355338
2,004730,0,0.500445690120654
2,004737,0,0.5006383032249364
2,004755,0,0.501774090059816
2,004770,0,0.5002845560639742
2,004776,0,0.5001499977934588
2,004782,0,0.5001233353175603
2,004791,0,0.5001218526715976
2,004793,0,0.5004852708193974
2,004798,0,0.5003171030325272
2,004803,0,0.5021046436939098
2,004818,0,0.5021486372037882
2,004819,0,0.5002909446572431
2,004824,0,0.5002030404218
2,004825,0,0.5008165084959539
2,004828,0,0.5002889801298794
2,004831,0,0.5001691462669883
2,004833,0,0.5072788489131391
2,004840,0,0.5002572290297209
2,004844,0,0.5003399141279434
2,004846,0,0.5019746520181788
2,004848,0,0.5005612131858784
2,004850,0,0.5006003291765633
2,004851,0,0.5010178036922599
2,004863,0,0.5001021331086516
2,004865,0,0.5056177163572289
2,004885,0,0.50025182234417
2,004886,0,0.5002412860651192
2,004892,0,0.5006722839262941
2,004903,0,0.5002482253494943
2,004909,0,0.5017524307781749
2,004910,0,0.5001418748369415
2,004916,0,0.5010248100900312
2,004923,0,0.5015544589245265
2,004933,0,0.5007251719076632
2,004935,0,0.5009801138895353
2,004944,0,0.5048354565667437
2,004958,0,0.5006831899121265
2,004962,0,0.5013219545246943
2,004965,0,0.5003859244683807
2,004969,0,0.500133332214684
2,004973,0,0.5001394362993782
2,004974,0,0.500074883243855
2,004976,0,0.5013082767655439
2,004977,0,0.5031046821852745
2,004981,0,0.5004751812348375
2,004983,0,0.5037395984036629
2,004990,0,0.5004046384314044
2,004994,0,0.5016052330668391
2,004997,0,0.5000964945365788
2,005000,0,0.5001137500932223
2,005009,0,0.5004688569026874
2,005012,0,0.500214477566125
2,005013,0,0.5037910902329148
2,005014,0,0.5006968817832641
2,005015,0,0.500074883243855
2,005022,0,0.5002133229685632
2,005025,0,0.5004992080244397
2,005035,0,0.5001507121894384
2,005037,0,0.5014479920711462
2,005038,0,0.5000842655478807
2,005053,0,0.5002216398765277
2,005054,0,0.5004677942611612
2,005055,0,0.5001601200542011
2,005057,0,0.5604433749436156
2,005060,0,0.5001172713393831
2,005071,0,0.5002996222303405
2,005077,0,0.5001218446484141
2,005080,0,0.500074883243855
2,005083,0,0.5001542267233262
2,005086,0,0.5001311445888942
2,005088,0,0.5001150912848502
2,005109,0,0.500074883243855
2,005111,0,0.5004472155595898
2,005112,0,0.5006647637977493
2,005124,0,0.5017202211488015
2,005140,0,0.5082273780553891
2,005144,0,0.5003507856953552
2,005149,0,0.5010337358921001
2,005151,0,0.500461016434066
2,005153,0,0.5019279671178072
2,005155,0,0.5024232102884146
2,005156,0,0.5001826151764703
2,005158,0,0.5002706955066092
2,005162,0,0.5006993586026118
2,005167,0,0.5005506914302872
2,005170,0,0.5002016157730912
2,005172,0,0.5010489832010334
2,005180,0,0.5001134228452948
2,005217,0,0.5304230489539639
2,005229,0,0.5002625484257299
2,005233,0,0.5006839161349048
2,005239,0,0.5004268314227668
2,005240,0,0.5025158434787897
2,005242,0,0.5000842592284428
2,005251,0,0.5001092136015328
2,005254,0,0.5002187113607086
2,005259,0,0.5009685490383257
2,005261,0,0.500158203383188
2,005267,0,0.50031945843773
2,005272,0,0.5001130712470255
2,005279,0,0.5001337882114946
2,005281,0,0.5034569318803878
2,005283,0,0.5007601734810858
2,005288,0,0.5005422081142991
2,005293,0,0.5004640303831631
2,005302,0,0.5008684362936329
2,005305,0,0.5003708743808206
2,005307,0,0.6032757069428122
2,005315,0,0.500074883243855
2,005317,0,0.5005151600816993
2,005325,0,0.5002174274089602
2,005331,0,0.5002424002906101
2,005344,0,0.5007784962932456
2,005354,0,0.5005663629358494
2,005359,0,0.5001951541657049
2,005361,0,0.5001962555035032
2,005383,0,0.5003248205640246
2,005389,0,0.500404503404171
2,005395,0,0.5007689585143681
2,005403,0,0.50132099384151
2,005408,0,0.5028480213989904
2,005415,0,0.5008707243829941
2,005417,0,0.5018884401371777
2,005420,0,0.500443006319741
2,005430,0,0.5011195688018378
2,005434,0,0.5001653385366773
2,005437,0,0.5016949427660998
2,005438,0,0.5006587087401845
2,005441,0,0.5001343716156482
2,005442,0,0.5001278812323592
2,005443,0,0.500254074624212
2,005447,0,0.5004703298130898
2,005454,0,0.5004221455242491
2,005459,0,0.5297374924632484
2,005461,0,0.500074883243855
2,005462,0,0.5001259778379576
2,005463,0,0.5002548761886977
2,005464,0,0.5005795391305506
2,005468,0,0.5001351148224197
2,005472,0,0.5002266057328927
2,005476,0,0.5000863986382167
2,005478,0,0.5000851233362085
2,005479,0,0.5003827267096266
2,005480,0,0.5001402675961326
2,005481,0,0.5008243846875885
2,005487,0,0.5002165413439467
2,005496,0,0.5016838399344836
2,005497,0,0.5003004508478988
2,005499,0,0.5003061398288557
2,005505,0,0.5012330468895762
2,005513,0,0.5010878146670292
2,005521,0,0.5031130833980775
2,005522,0,0.5001760264850187
2,005525,0,0.5029565414958133
2,005528,0,0.5034989433035613
2,005530,0,0.5019930567582942
2,005535,0,0.5002376829013065
2,005537,0,0.5001532340603457
2,005539,0,0.5004806412832962
2,005542,0,0.5004966067179696
2,005549,0,0.5003657447648969
2,005559,0,0.5002881015806613
2,005562,0,0.5010062943261394
2,005563,0,0.5173900227187632
2,005576,0,0.500338928485645
2,005581,0,0.500074883243855
2,005582,0,0.5006722839262941
2,005589,0,0.500158842750305
2,005599,0,0.500984410236673
2,005600,0,0.500074883243855
2,005602,0,0.5001159312302408
2,005608,0,0.5044743903894725
2,005614,0,0.5008386289597284
2,005615,0,0.5005029917269903
2,005621,0,0.5001321974282907
2,005626,0,0.5004349303646994
2,005633,0,0.5003696499020849
2,005634,0,0.5002368505638762
2,005647,0,0.5001685179154813
2,005654,0,0.5001804116818382
2,005655,0,0.500116247815102
2,005659,0,0.5002263342528307
2,005676,0,0.5001086579299484
2,005677,0,0.5002074426069689
2,005683,0,0.5010691124226349
2,005690,0,0.5013165693499686
2,005691,0,0.5003858808832594
2,005692,0,0.5012918254479506
2,005707,0,0.5001487060022042
2,005708,0,0.5001541192413765
2,005710,0,0.5001007306748578
2,005711,0,0.5019677023826264
2,005712,0,0.5001166372708167
2,005713,0,0.5067811197162705
2,005718,0,0.5004950898439565
2,005719,0,0.500111403025272
2,005720,0,0.5001480953226988
2,005726,0,0.500214816546173
2,005727,0,0.500074883243855
2,005744,0,0.5130385680327556
2,005749,0,0.5003713997126007
2,005753,0,0.5012565460993698
2,005756,0,0.5004810911907536
2,005758,0,0.5004319737348752
2,005761,0,0.5000849961710627
2,005765,0,0.5025696366489409
2,005777,0,0.500484343152252
2,005781,0,0.5035496177049051
2,005782,0,0.5011208188687774
2,005787,0,0.5001120786209743
2,005792,0,0.5001254777714309
2,005812,0,0.500503571956771
2,005814,0,0.5001993129072212
2,005820,0,0.5012223535230672
2,005827,0,0.5002482726900072
2,005836,0,0.505433907864162
2,005845,0,0.5010582982877722
2,005851,0,0.5014097099293575
2,005854,0,0.500763165808259
2,005856,0,0.5001984763759834
2,005857,0,0.5008121025311214
2,005859,0,0.5011587768141276
2,005868,0,0.500107937015977
2,005872,0,0.5008257551891053
2,005875,0,0.5024241275734621
2,005880,0,0.5008705541130964
2,005881,0,0.502336349858657
2,005885,0,0.50059478923488
2,005886,0,0.500074883243855
2,005892,0,0.5000878130868254
2,005902,0,0.5001254789200574
2,005906,0,0.5028328794939247
2,005907,0,0.5000848532463439
2,005908,0,0.5003092940386651
2,005911,0,0.5001359838610624
2,005926,0,0.5090417494387491
2,005928,0,0.5005773076433051
2,005930,0,0.5003470728170051
2,005935,0,0.5014895415207197
2,005936,0,0.5023133374056076
2,005937,0,0.5008847799045834
2,005942,0,0.5010265627650247
2,005947,0,0.5002881874148933
2,005954,0,0.5004533622102793
2,005956,0,0.5002923609850725
2,005962,0,0.5001563461824284
2,005963,0,0.5001123329807775
2,005970,0,0.5002934201096937
2,005973,0,0.5004271756685835
2,005974,0,0.5001586100352176
2,005977,0,0.5002201208272553
2,005984,0,0.5005924647870771
2,005985,0,0.5404730201730303
2,005988,0,0.501077978439673
2,005990,0,0.5001121661461991
2,005997,0,0.500074883243855
2,006003,0,0.5003559525582967
2,006015,0,0.5001148300905561
2,006016,0,0.5001016314473744
2,006024,0,0.500074883243855
2,006028,0,0.500074883243855
2,006035,0,0.5003002529913531
2,006036,0,0.500155213036555
2,006040,0,0.503176123986219
2,006043,0,0.5001353330274785
2,006051,0,0.5002729426252214
2,006075,0,0.500074883243855
2,006079,0,0.5039337851469711
2,006082,0,0.5002646569566879
2,006083,0,0.5002207758897402
2,006088,0,0.5003452281080579
2,006096,0,0.500139637688472
2,006104,0,0.5024952990657752
2,006110,0,0.5017704143840949
2,006116,0,0.5074699698136071
2,006120,0,0.5000970036514921
2,006126,0,0.5017747675920002
2,006127,0,0.5002138575685403
2,006132,0,0.5004990004911928
2,006134,0,0.5012538570641647
2,006137,0,0.5003904268262154
2,006138,0,0.500259113226574
2,006145,0,0.5003079290319169
2,006154,0,0.500389071181884
2,006158,0,0.5001114215477432
2,006164,0,0.5035092607103343
2,006170,0,0.5056408052788259
2,006171,0,0.5002493049256804
2,006182,0,0.5007237461374173
2,006194,0,0.5001402213586208
2,006201,0,0.500074883243855
2,006203,0,0.5006606126021367
2,006204,0,0.5008289344208
2,006211,0,0.5000843773552068
2,006212,0,0.5001136630743805
2,006229,0,0.5007578671168956
2,006231,0,0.5001767698764895
2,006241,0,0.5046324162271357
2,006247,0,0.5005585941428313
2,006249,0,0.500245121457548
2,006253,0,0.5001435566401659
2,006255,0,0.5047217824235489
2,006256,0,0.500074883243855
2,006264,0,0.5000853022132938
2,006266,0,0.500351125366009
2,006272,0,0.5009395515527936
2,006273,0,0.5007762170224276
2,006277,0,0.5024550408082923
2,006279,0,0.5002301057604085
2,006284,0,0.500539306592128
2,006285,0,0.500074883243855
2,006295,0,0.5002526853890975
2,006301,0,0.5008438968265452
2,006302,0,0.5000977593821815
2,006307,0,0.5004176137819766
2,006315,0,0.50066670148537
2,006318,0,0.5284983009857976
2,006319,0,0.5002890510675277
2,006326,0,0.5001547947409679
2,006330,0,0.5003331916783259
2,006331,0,0.5002314680671742
2,006338,0,0.5010528202395449
2,006342,0,0.500102771364822
2,006347,0,0.5004590653241575
2,006351,0,0.5001322254586482
2,006354,0,0.5013732410348241
2,006364,0,0.5008768586719524
2,006366,0,0.5017647459308299
2,006373,0,0.5000835768325779
2,006392,0,0.5030400462873498
2,006395,0,0.5002240164531868
2,006398,0,0.5001277910803719
2,006404,0,0.5024907304912983
2,006408,0,0.5001349295185156
2,006424,0,0.5002551973704367
2,006427,0,0.5023350788049437
2,006428,0,0.5003901347158911
2,006435,0,0.5001097294963464
2,006439,0,0.500074883243855
2,006444,0,0.5000860381677376
2,006469,0,0.5001741540411428
2,006486,0,0.5010801774779364
2,006499,0,0.5002278111030684
2,006503,0,0.5026948551802601
2,006505,0,0.5001751953343982
2,006507,0,0.5002533305628422
2,006512,0,0.5007779764244583
2,006513,0,0.5001027093917398
2,006515,0,0.500084522616043
2,006528,0,0.5002523085324279
2,006548,0,0.500457277041427
2,006553,0,0.5002012552345501
2,006564,0,0.5002589186067427
2,006565,0,0.5062362083129985
2,006566,0,0.5000843393548878
2,006584,0,0.5001959236374739
2,006590,0,0.5028128651306842
2,006594,0,0.5001744465103617
2,006600,0,0.5001401454620887
2,006603,0,0.5073860949701408
2,006606,0,0.5004500375147247
2,006612,0,0.5002344823852952
2,006616,0,0.5004131376164446
2,006660,0,0.501665147102568
2,006665,0,0.5001562593216032
2,006668,0,0.5004308477334043
2,006669,0,0.5005389139264069
2,006674,0,0.5022153308081788
2,006682,0,0.5009251945744752
2,006696,0,0.5000860918616418
2,006699,0,0.5001235609596759
2,006700,0,0.502449376544456
2,006711,0,0.5005241726922364
2,006717,0,0.500758993651228
2,006720,0,0.5001788401923937
2,006721,0,0.5001542559078113
2,006724,0,0.500705113717862
2,006728,0,0.500188881826495
2,006729,0,0.5001694975491586
2,006730,0,0.5002417394490596
2,006731,0,0.5044335490595048
2,006736,0,0.504944714396374
2,006737,0,0.5005895025423506
2,006739,0,0.5001089756493451
2,006747,0,0.5004199157378835
2,006752,0,0.500274803036984
2,006755,0,0.5039053973839522
2,006764,0,0.5001456237905425
2,006772,0,0.5000930313923421
2,006773,0,0.5003523400825017
2,006777,0,0.5001931516983944
2,006788,0,0.5006722949930895
2,006792,0,0.5033480624205398
2,006800,0,0.5001491943269641
2,006801,0,0.5004875019049714
2,006803,0,0.5031319380762667
2,006809,0,0.506441795080579
2,006814,0,0.5003676864121116
2,006826,0,0.5068500410621356
2,006830,0,0.5006783060887396
2,006836,0,0.5001880639047245
2,006845,0,0.5003000448145818
2,006848,0,0.5008724952522402
2,006851,0,0.5001126794662503
2,006859,0,0.500074883243855
2,006866,0,0.5001970784786423
2,006874,0,0.5001755057927998
2,006876,0,0.5008733225539532
2,006878,0,0.5001657308058765
2,006881,0,0.500226097604611
2,006891,0,0.5002405062679599
2,006893,0,0.5004955748496036
2,006901,0,0.501739809270313
2,006906,0,0.5001051376959
2,006907,0,0.5003132377476752
2,006912,0,0.500252032400934
2,006919,0,0.5036567592334495
2,006921,0,0.500110945421458
2,006934,0,0.503322633438943
2,006937,0,0.5003018314248028
2,006938,0,0.5002192531682659
2,006943,0,0.5018811341006195
2,006947,0,0.5002075053199195
2,006948,0,0.5007726591289534
2,006955,0,0.5002046511679843
2,006957,0,0.5001566848956032
2,006958,0,0.5012791075592627
2,006962,0,0.5003807431152713
2,006968,0,0.5018237030916397
2,006974,0,0.5006454476379136
2,006975,0,0.5000877932706586
2,006976,0,0.5009934949739377
2,006983,0,0.5009493564425039
2,006985,0,0.5003649407356057
2,006989,0,0.5038344010443468
2,006991,0,0.5002296381813255
2,006995,0,0.5007285848985685
2,006998,0,0.500401695456577
2,007002,0,0.5005656555002687
2,007005,0,0.5000934925938493
2,007022,0,0.5002882924506395
2,007023,0,0.5002150977540482
2,007032,0,0.5005692728040212
2,007043,0,0.5036369791458992
2,007045,0,0.5000983219590921
2,007049,0,0.5003539838081208
2,007050,0,0.5019423110161007
2,007053,0,0.5001586028047581
2,007065,0,0.5001115253475054
2,007068,0,0.5007732800277208
2,007075,0,0.5035596892643424
2,007086,0,0.500330800723537
2,007095,0,0.5012538231612383
2,007100,0,0.5014781031892839
2,007109,0,0.5015784757146909
2,007111,0,0.5001744763828174
2,007115,0,0.5029297792279074
2,007116,0,0.5001114215477432
2,007120,0,0.5006935399201796
2,007126,0,0.5000840347226605
2,007129,0,0.5001543661016173
2,007131,0,0.5089726198113299
2,007143,0,0.5001030407433673
2,007146,0,0.5005741335849918
2,007149,0,0.5009910911683044
2,007155,0,0.5003712668989844
2,007157,0,0.507662510134447
2,007163,0,0.5002202026625253
2,007164,0,0.500372065368494
2,007165,0,0.5000995097560595
2,007170,0,0.5001477902266822
2,007172,0,0.5002339218554928
2,007173,0,0.5001784167118378
2,007174,0,0.5000879166272273
2,007176,0,0.5028564582258772
2,007181,0,0.5003160737651184
2,007186,0,0.5007232616122814
2,007189,0,0.5000882246583264
2,007199,0,0.5001463392052047
2,007200,0,0.5000988373780251
2,007204,0,0.5001897365431603
2,007206,0,0.500165949129353
2,007214,0,0.5007794417758229
2,007216,0,0.5002094285479729
2,007221,0,0.5003988336499529
2,007223,0,0.5021768739078823
2,007237,0,0.5002564535604994
2,007242,0,0.5014389460705558
2,007249,0,0.5008002038611772
2,007276,0,0.5002349475084737
2,007279,0,0.5028258221064436
2,007281,0,0.500074883243855
2,007285,0,0.5145534419819526
2,007286,0,0.5002003559578154
2,007314,0,0.5001731594745505
2,007336,0,0.500445019194937
2,007337,0,0.5002464667871079
2,007351,0,0.5019742298804917
2,007356,0,0.5004436679812891
2,007364,0,0.5009261643652854
2,007369,0,0.5015281169104628
2,007371,0,0.5001448572587439
2,007373,0,0.5001087229149381
2,007377,0,0.5002999507670098
2,007378,0,0.5004070137539839
2,007379,0,0.5013463132870436
2,007389,0,0.5001077161436278
2,007391,0,0.5001378859539387
2,007392,0,0.5001097453452255
2,007393,0,0.5001186035934343
2,007399,0,0.5001200311060413
2,007401,0,0.5017931723195264
2,007406,0,0.500453930118608
2,007407,0,0.5031369782465893
2,007410,0,0.5010383322577258
2,007412,0,0.5009218466851416
2,007414,0,0.5002331666395403
2,007415,0,0.5001960751396699
2,007433,0,0.5010101025091612
2,007434,0,0.5007264458366933
2,007435,0,0.5002098607380978
2,007436,0,0.5004172476640777
2,007441,0,0.5010302870826487
2,007453,0,0.5022558445874548
2,007457,0,0.500074883243855
2,007458,0,0.5002282421309878
2,007459,0,0.5005431883888108
2,007462,0,0.500074883243855
2,007477,0,0.500472530214554
2,007480,0,0.5010435906472215
2,007481,0,0.500916455071679
2,007489,0,0.500074883243855
2,007493,0,0.5001405648423629
2,007494,0,0.501210475714824
2,007501,0,0.5009386314626506
2,007507,0,0.5000849882392414
2,007508,0,0.5001954106572146
2,007511,0,0.5002762948491819
2,007512,0,0.5002169050440279
2,007514,0,0.500074883243855
2,007515,0,0.500321664575831
2,007521,0,0.5004277092391333
2,007524,0,0.5003562162431865
2,007530,0,0.5012844203740169
2,007532,0,0.500074883243855
2,007543,0,0.5001419674918386
2,007554,0,0.5004310237083006
2,007555,0,0.5003925645554302
2,007564,0,0.5003268838693353
2,007568,0,0.502603728313748
2,007576,0,0.5001205874083576
2,007579,0,0.5001727322703883
2,007585,0,0.5008521154576258
2,007588,0,0.5002267715853553
2,007599,0,0.5022833033537578
2,007601,0,0.5009852389379842
2,007609,0,0.5002021505161206
2,007611,0,0.5001407697245679
2,007613,0,0.5003490885517228
2,007617,0,0.5006995062841212
2,007627,0,0.5001675665224703
2,007629,0,0.5002766643377812
2,007630,0,0.5002545153647219
2,007642,0,0.5000970036514921
2,007651,0,0.5012970043403053
2,007667,0,0.5124803549696706
2,007669,0,0.5003034835289597
2,007672,0,0.5000599400288092
2,007677,0,0.500074883243855
2,007679,0,0.5019040588706312
2,007684,0,0.500360412830004
2,007688,0,0.5003572838701602
2,007690,0,0.500421325858286
2,007699,0,0.5005571913698456
2,007702,0,0.5009181997851755
2,007713,0,0.5029261163808835
2,007721,0,0.5008997713537398
2,007726,0,0.5002635158518113
2,007727,0,0.500175435423321
2,007732,0,0.5002434989287716
2,007736,0,0.500091563540223
2,007742,0,0.5008146205764052
2,007744,0,0.5022210216530996
2,007756,0,0.5004829865180566
2,007758,0,0.5001616199273706
2,007761,0,0.5005330513112544
2,007763,0,0.5009071178489083
2,007774,0,0.50010754733467
2,007786,0,0.5001499658575591
2,007800,0,0.5011907528358189
2,007804,0,0.5005703186346038
2,007805,0,0.5002663819034062
2,007806,0,0.501108118997531
2,007807,0,0.5039840027001279
2,007811,0,0.5001607558222145
2,007818,0,0.5002547479284327
2,007829,0,0.5001692028252915
2,007832,0,0.500074883243855
2,007833,0,0.500109557403533
2,007835,0,0.5024972615792078
2,007844,0,0.5028646475504847
2,007851,0,0.5004027224036124
2,007854,0,0.5002557696028861
2,007860,0,0.5005276620270938
2,007867,0,0.5004515248490856
2,007870,0,0.5002444857592095
2,007875,0,0.5025563758867369
2,007876,0,0.5027230155589236
2,007877,0,0.5016280765705515
2,007878,0,0.5014643508242345
2,007888,0,0.5071556202221461
2,007895,0,0.5014900159317289
2,007904,0,0.5042557238457535
2,007915,0,0.5040383500947555
2,007919,0,0.5000886740688293
2,007931,0,0.5008361452877385
2,007937,0,0.5004664644513764
2,007949,0,0.5001310240800625
2,007970,0,0.5005975045956216
2,007978,0,0.500074883243855
2,007980,0,0.5011428979386425
2,007981,0,0.5020498234195074
2,007984,0,0.5034953383430648
2,007985,0,0.5043309042718422
2,007988,0,0.5003528877720987
2,007999,0,0.5002295595164216
2,008003,0,0.5001545766715766
2,008006,0,0.5024613283277528
2,008011,0,0.5008110918888896
2,008013,0,0.5005367543275564
2,008017,0,0.5012101257150846
2,008037,0,0.5001394695428102
2,008041,0,0.5001271754705073
2,008046,0,0.500150602708565
2,008049,0,0.5006417257592992
2,008050,0,0.5004121845362192
2,008054,0,0.500784255756038
2,008056,0,0.5006426377184109
2,008067,0,0.5001618789582192
2,008070,0,0.5000905702189924
2,008075,0,0.5001543001948198
2,008078,0,0.5045441778384399
2,008079,0,0.5002965999482867
2,008082,0,0.5003492886548971
2,008083,0,0.5021130331012772
2,008084,0,0.5002131210569288
2,008089,0,0.5010988761722724
2,008090,0,0.5002056430031127
2,008098,0,0.5004253158057304
2,008102,0,0.5054045349409275
2,008103,0,0.5060485752357118
2,008104,0,0.5001534534133628
2,008105,0,0.5006480265572645
2,008107,0,0.5004416096684423
2,008112,0,0.5003235218535695
2,008121,0,0.5001045318676903
2,008122,0,0.5001077955923842
2,008124,0,0.5008330346723704
2,008126,0,0.5049819831735267
2,008132,0,0.5001287185581743
2,008133,0,0.500864672446176
2,008140,0,0.5014973647245349
2,008145,0,0.5003665148199292
2,008148,0,0.5009355606568796
2,008164,0,0.5002859368787392
2,008165,0,0.5001536029543246
2,008169,0,0.5006632171336539
2,008170,0,0.5035071224591569
2,008172,0,0.5014225323213797
2,008189,0,0.500110945421458
2,008197,0,0.5003648928508333
2,008204,0,0.5009982435422716
2,008205,0,0.5003146707235294
2,008206,0,0.5001077161436278
2,008210,0,0.500217364782654
2,008211,0,0.5004453740856449
2,008213,0,0.5004570923146162
2,008215,0,0.5007874850509441
2,008216,0,0.5002026118463144
2,008217,0,0.5003002529913531
2,008224,0,0.5005953416429091
2,008227,0,0.500074883243855
2,008231,0,0.5005806135335847
2,008235,0,0.5001861239805472
2,008240,0,0.5003864672979682
2,008241,0,0.5002089383826116
2,008248,0,0.5003223798840574
2,008259,0,0.5001943443751634
2,008262,0,0.5001195693692548
2,008266,0,0.5001305476553224
2,008269,0,0.5002339218554928
2,008270,0,0.5005816070756219
2,008272,0,0.5018749386484411
2,008274,0,0.5005578679393906
2,008275,0,0.5006832686238116
2,008279,0,0.5014058948991394
2,008288,0,0.500638521401321
2,008291,0,0.5007738297815463
2,008294,0,0.500246886466969
2,008299,0,0.5002107312976922
2,008317,0,0.500750219742657
2,008321,0,0.5002501835022196
2,008322,0,0.5005468145551031
2,008324,0,0.5011840906669139
2,008325,0,0.500274733788653
2,008330,0,0.5008644241330219
2,008332,0,0.5003185815974607
2,008337,0,0.5020670490517215
2,008339,0,0.50010487891943
2,008344,0,0.5004422609860495
2,008346,0,0.500350008128252
2,008352,0,0.5002044532600936
2,008365,0,0.500433059551497
2,008366,0,0.5011824718596875
2,008375,0,0.5000901249198724
2,008376,0,0.5003505206367347
2,008382,0,0.5003824922904887
2,008393,0,0.5005164798496322
2,008396,0,0.5001984763759834
2,008398,0,0.5005535405790065
2,008402,0,0.5063189899795142
2,008406,0,0.5029504474439284
2,008408,0,0.5007835120603036
2,008413,0,0.5035186724714974
2,008414,0,0.5002208718373206
2,008415,0,0.5011035734086032
2,008419,0,0.500074883243855
2,008421,0,0.5029558899121848
2,008422,0,0.5001142371516851
2,008431,0,0.500074883243855
2,008439,0,0.500074883243855
2,008440,0,0.5003343781967422
2,008442,0,0.5028109309017688
2,008455,0,0.5001062265994358
2,008469,0,0.5003940624388273
2,008475,0,0.5004286307724856
2,008483,0,0.5000835768325779
2,008489,0,0.5004246702693416
2,008496,0,0.500141693926082
2,008501,0,0.5029102607052771
2,008506,0,0.504068065586261
2,008510,0,0.5002746413356919
2,008518,0,0.5008075915120473
2,008522,0,0.5053551159774613
2,008527,0,0.5712635512698214
2,008532,0,0.5165836934570146
2,008544,0,0.5001970181250279
2,008548,0,0.5060416715801941
2,008550,0,0.500275183036681
2,008551,0,0.5001311429983737
2,008563,0,0.5025524435558271
2,008569,0,0.5005509876721008
2,008576,0,0.5001741785870815
2,008578,0,0.5006225650924535
2,008591,0,0.5136351675770918
2,008596,0,0.5006555590363286
2,008604,0,0.500309032830902
2,008608,0,0.5006468893171558
2,008616,0,0.5027003832814253
2,008618,0,0.5002252103453442
2,008621,0,0.5001079401392181
2,008623,0,0.5015453850039197
2,008628,0,0.5018091677606785
2,008629,0,0.5007887273884107
2,008630,0,0.5001578882638212
2,008635,0,0.5011202421422173
2,008641,0,0.5004278020747935
2,008651,0,0.500074883243855
2,008652,0,0.5007705749940623
2,008655,0,0.5032545820960589
2,008665,0,0.5002377966118355
2,008666,0,0.5003271509735173
2,008668,0,0.50047969271793
2,008670,0,0.500074883243855
2,008672,0,0.5001030407433673
2,008678,0,0.500074883243855
2,008680,0,0.5003498455911285
2,008704,0,0.5009875119046044
2,008708,0,0.5002634496148028
2,008720,0,0.5001945946952969
2,008724,0,0.5001122249251522
2,008728,0,0.500330031649053
2,008740,0,0.5003981507178513
2,008743,0,0.5002010872160823
2,008755,0,0.5002751711767212
2,008760,0,0.500370086342983
2,008769,0,0.5005879302407126
2,008779,0,0.503684616968728
2,008785,0,0.5002030175902016
2,008798,0,0.5001604404956026
2,008803,0,0.5012266086307485
2,008806,0,0.5003633225075507
2,008809,0,0.5014774472133968
2,008813,0,0.5010557945322468
2,008821,0,0.5003936400325434
2,008823,0,0.500212154952089
2,008825,0,0.5001570026388884
2,008833,0,0.500074883243855
2,008840,0,0.5004208968278626
2,008843,0,0.500074883243855
2,008845,0,0.5003006858082508
2,008854,0,0.5015848270455968
2,008855,0,0.5001780550343816
2,008857,0,0.5009084355139201
2,008864,0,0.5001607010052397
2,008865,0,0.5011979799721996
2,008869,0,0.5005245345562395
2,008870,0,0.501648983414424
2,008874,0,0.5006078971587858
2,008877,0,0.5001758012960149
2,008885,0,0.5002225776038715
2,008890,0,0.5010995706966759
2,008892,0,0.5003773397195342
2,008893,0,0.5001988282034524
2,008894,0,0.5008264655332558
2,008903,0,0.5001086007601258
2,008905,0,0.5006331480487388
2,008906,0,0.5005833051047474
2,008911,0,0.5012034604475867
2,008916,0,0.5007148907123895
2,008924,0,0.5005653298458997
2,008932,0,0.5000857935973888
2,008934,0,0.5001324533124492
2,008947,0,0.5003598182935228
2,008960,0,0.5013882768894602
2,008970,0,0.5001675235452108
2,008972,0,0.5000958036076264
2,008973,0,0.5014783959923376
2,008974,0,0.5000850830682549
2,008987,0,0.5013924405971308
2,008988,0,0.500141401363913
2,008996,0,0.5000869314447886
2,009001,0,0.5001088457563985
2,009009,0,0.5021032940210814
2,009011,0,0.5012737254119013
2,009015,0,0.5000838964392023
2,009019,0,0.5008393825171267
2,009020,0,0.5009504534155367
2,009021,0,0.5001120786209743
2,009023,0,0.5001817972930269
2,009043,0,0.5003418621603347
2,009046,0,0.5001505213770606
2,009047,0,0.5019086305355314
2,009051,0,0.500074883243855
2,009061,0,0.5003391980155396
2,009062,0,0.5011729208812388
2,009063,0,0.5000838964392023
2,009072,0,0.500074883243855
2,009074,0,0.5010949637511477
2,009086,0,0.5016850597779817
2,009087,0,0.5001836854904883
2,009088,0,0.5022662043023148
2,009091,0,0.507430067712777
2,009092,0,0.5058806697760575
2,009094,0,0.5003092878254288
2,009095,0,0.5006568492418906
2,009097,0,0.5001351820342415
2,009100,0,0.5009063978932958
2,009101,0,0.5003412177324996
2,009108,0,0.5009609502409986
2,009111,0,0.500074883243855
2,009113,0,0.5005443316226855
2,009122,0,0.500894975967879
2,009125,0,0.5024618534914371
2,009126,0,0.5005060197738814
2,009135,0,0.5012099818443266
2,009148,0,0.5001579514567116
2,009152,0,0.5001088457563985
2,009169,0,0.5026867601989697
2,009171,0,0.5014741860608606
2,009175,0,0.5003663542787328
2,009177,0,0.5047711927032313
2,009187,0,0.501033968678261
2,009203,0,0.5012410382954042
2,009206,0,0.5003527641235228
2,009215,0,0.5001308362015858
2,009221,0,0.5007073415507091
2,009232,0,0.500074883243855
2,009245,0,0.5045631736122567
2,009249,0,0.5016030159202172
2,009252,0,0.5005813902312582
2,009255,0,0.5001192075396724
2,009260,0,0.5004513396774214
2,009263,0,0.5002700480375293
2,009266,0,0.5015288666418225
2,009273,0,0.5025822244989573
2,009288,0,0.5002047129609449
2,009293,0,0.5000920486733026
2,009298,0,0.500349187953809
2,009308,0,0.5165853116756306
2,009309,0,0.5001242635010404
2,009311,0,0.5030360302682524
2,009315,0,0.5001011138585092
2,009328,0,0.5001921218143333
2,009329,0,0.5000849039963544
2,009330,0,0.5001909772754369
2,009334,0,0.5003976623713862
2,009342,0,0.5002151472708608
2,009343,0,0.500074883243855
2,009351,0,0.500320522648295
2,009352,0,0.5010794537588998
2,009354,0,0.5030526810218059
2,009357,0,0.5015963183006532
2,009363,0,0.5001244015706866
2,009367,0,0.500832084143709
2,009370,0,0.5002603839258309
2,009390,0,0.5017037178110971
2,009402,0,0.500123649100823
2,009408,0,0.5005703246552294
2,009412,0,0.5007554810206029
2,009413,0,0.5010860794568618
2,009417,0,0.5001515955482124
2,009421,0,0.500074883243855
2,009422,0,0.5006653697135873
2,009426,0,0.501496866562578
2,009431,0,0.5022442376999138
2,009437,0,0.5038583468530052
2,009445,0,0.5009601654801126
2,009451,0,0.501252364521277
2,009452,0,0.5008152527796437
2,009456,0,0.5014513375336771
2,009457,0,0.5011438435277974
2,009458,0,0.5329588828286683
2,009463,0,0.5001554139867752
2,009467,0,0.500178667678593
2,009475,0,0.5002506488928599
2,009477,0,0.5001264407661459
2,009482,0,0.5004511443105895
2,009497,0,0.5001745000621572
2,009499,0,0.5019390350007268
2,009500,0,0.5003413301041159
2,009503,0,0.5004868657588716
2,009508,0,0.5008496980822128
2,009509,0,0.5001680690050362
2,009526,0,0.5002317265798554
2,009533,0,0.5045710924970908
2,009538,0,0.5034702031412545
2,009540,0,0.500149267190341
2,009544,0,0.5003549333246843
2,009546,0,0.5163438900501657
2,009547,0,0.5002340320653919
2,009557,0,0.5019205239748362
2,009558,0,0.500823440393733
2,009563,0,0.500074883243855
2,009569,0,0.5001748437536747
2,009574,0,0.5042771523126379
2,009580,0,0.5001227825073237
2,009581,0,0.5003171454516161
2,009587,0,0.500093731676759
2,009592,0,0.5001846238677453
2,009604,0,0.5000843841095103
2,009606,0,0.5006734873377633
2,009607,0,0.5001325351618504
2,009619,0,0.5002570289840557
2,009625,0,0.5008027444672385
2,009630,0,0.5005317877528019
2,009645,0,0.500224905676523
2,009647,0,0.5051104633608376
2,009649,0,0.5012921675586844
2,009655,0,0.5001762064898378
2,009665,0,0.5002355316613056
2,009669,0,0.5001225769116369
2,009671,0,0.5005166445175644
2,009688,0,0.500152992715675
2,009696,0,0.5002279123805492
2,009702,0,0.5003803723567357
2,009706,0,0.5002426802026531
2,009707,0,0.5332517114439448
2,009710,0,0.5001796957361527
2,009720,0,0.5006307352403584
2,009727,0,0.5002023503756347
2,009730,0,0.5017143233404644
2,009731,0,0.5002733103426964
2,009739,0,0.5005564572876957
2,009740,0,0.5001842844286226
2,009752,0,0.5003057036113361
2,009762,0,0.5003029651153377
2,009767,0,0.5011242912692241
2,009769,0,0.5003178465381212
2,009771,0,0.5005186570924454
2,009775,0,0.5012214102100013
2,009790,0,0.5006650212214226
2,009796,0,0.5033012234339674
2,009799,0,0.500588857226821
2,009804,0,0.5006246781274959
2,009813,0,0.5003294622026563
2,009822,0,0.5001274191046965
2,009823,0,0.5002350930806911
2,009824,0,0.5003639284273796
2,009835,0,0.5004502571306455
2,009840,0,0.5003528013929069
2,009850,0,0.5000907078372214
2,009851,0,0.5007708283552592
2,009859,0,0.5000937794655538
2,009861,0,0.5004523731125853
2,009864,0,0.5005036851311684
2,009866,0,0.5013476039535109
2,009875,0,0.5005601006663777
2,009879,0,0.5001738439170013
2,009895,0,0.50010001454139
2,009904,0,0.500074883243855
2,009912,0,0.5004386405193925
2,009916,0,0.5056365228292637
2,009922,0,0.5030576604085881
2,009925,0,0.500210937256597
2,009929,0,0.5003454608936212
2,009943,0,0.5004037327145461
2,009965,0,0.5001784807232299
2,009969,0,0.5001067545279776
2,009973,0,0.5004073518294893
2,009995,0,0.5003065844113598
2,009998,0,0.5001115793412062
2,010000,0,0.503465615786609
2,010010,0,0.500074883243855
2,010022,0,0.5007900449373626
2,010023,0,0.5007536460551495
2,010032,0,0.500074883243855
2,010036,0,0.5001483434497724
2,010040,0,0.5011012576922299
2,010045,0,0.5002902679957852
2,010047,0,0.5003286163823649
2,010051,0,0.5016036115638466
2,010053,0,0.5047412740057944
2,010055,0,0.5003870747051966
2,010060,0,0.5009052316544783
2,010069,0,0.5001271964748084
2,010077,0,0.5002636424786847
2,010085,0,0.5006102975856719
2,010093,0,0.5001501746384218
2,010094,0,0.505953144891824
2,010104,0,0.5002081796292779
2,010106,0,0.5006536759153117
2,010107,0,0.5003210600196932
2,010117,0,0.500074883243855
2,010122,0,0.5001551959559035
2,010143,0,0.5001406564228326
2,010146,0,0.5003439474713796
2,010147,0,0.500074883243855
2,010151,0,0.5015726603921263
2,010153,0,0.5002349475084737
2,010158,0,0.500514450019173
2,010159,0,0.5001025964972267
2,010160,0,0.5001153158007281
2,010175,0,0.5008792221200071
2,010190,0,0.5012830537199907
2,010191,0,0.5073217338062799
2,010193,0,0.503032564282964
2,010195,0,0.5001543193239928
2,010202,0,0.5003585540132724
2,010203,0,0.5001225769116369
2,010204,0,0.5003430111559891
2,010214,0,0.5053799699010794
2,010218,0,0.5017293992502003
2,010221,0,0.5001207315616777
2,010230,0,0.5002986640589744
2,010240,0,0.5001780205500793
2,010246,0,0.5008548352789558
2,010249,0,0.5002880909255144
2,010253,0,0.5001817571655042
2,010263,0,0.500296635021491
2,010272,0,0.500822744664057
2,010280,0,0.5007244442877594
2,010292,0,0.5004585941967934
2,010294,0,0.5003036865977757
2,010301,0,0.5003642152207196
2,010302,0,0.5025830676846427
2,010304,0,0.5046757084975878
2,010308,0,0.5016566041706004
2,010319,0,0.5030668576681625
2,010327,0,0.5007793889596092
2,010343,0,0.5004295279961026
2,010346,0,0.5000991892416274
2,010352,0,0.5002252103453442
2,010354,0,0.5002451539662476
2,010355,0,0.5059689895081411
2,010356,0,0.5012775943896882
2,010359,0,0.5042444355000041
2,010368,0,0.50018488641578
2,010373,0,0.5025125402162549
2,010382,0,0.5027575695926875
2,010389,0,0.5009077631258995
2,010390,0,0.5004398965403397
2,010399,0,0.5001258901440642
2,010402,0,0.5006940230520214
2,010407,0,0.5002048047267698
2,010414,0,0.5012226713065008
2,010416,0,0.502389771348916
2,010417,0,0.5006072255781453
2,010418,0,0.500074883243855
2,010425,0,0.5005581426184303
2,010429,0,0.5003463047333158
2,010435,0,0.5003649623846904
2,010446,0,0.5008495274868613
2,010451,0,0.5004714011555645
2,010452,0,0.5004757732622658
2,010456,0,0.5006105020187607
2,010460,0,0.500187434755231
2,010462,0,0.5000969725619646
2,010465,0,0.5005685898224369
2,010469,0,0.5075052601846548
2,010474,0,0.5002951650553352
2,010476,0,0.5001523239485934
2,010482,0,0.5007835749433377
2,010492,0,0.5013461079207322
2,010496,0,0.500278528414942
2,010508,0,0.5001088457563985
2,010510,0,0.5000844146617146
2,010511,0,0.501857461373862
2,010515,0,0.5005583546766383
2,010516,0,0.5006095431845315
2,010519,0,0.5003682738221349
2,010521,0,0.5003354864683146
2,010522,0,0.5005408708685877
2,010539,0,0.5008285383997616
2,010545,0,0.5001784219985332
2,010548,0,0.5007261551012155
2,010557,0,0.5008508516576388
2,010559,0,0.5004106589531643
2,010560,0,0.5014453386927351
2,010564,0,0.5001219187766004
2,010565,0,0.5002075251857879
2,010570,0,0.5001404921368111
2,010579,0,0.5007144947399471
2,010582,0,0.5005798181742864
2,010583,0,0.5003923864932268
2,010586,0,0.5005367052114578
2,010588,0,0.5003083997536993
2,010599,0,0.5004131411809245
2,010608,0,0.5015856927877378
2,010611,0,0.5001234926160448
2,010614,0,0.5009550606160833
2,010615,0,0.5005016473687874
2,010616,0,0.5008094783404025
2,010619,0,0.5000867945256218
2,010622,0,0.5001916549039512
2,010624,0,0.5001240765895603
2,010625,0,0.5001992961438604
2,010626,0,0.500139013959787
2,010641,0,0.500100429553122
2,010643,0,0.5019570649102816
2,010647,0,0.5001238351199482
2,010653,0,0.5005141717120339
2,010654,0,0.5003518926484387
2,010657,0,0.500074883243855
2,010662,0,0.5022218187349683
2,010668,0,0.5006971517433095
2,010675,0,0.5004605805099696
2,010677,0,0.5001722380119192
2,010681,0,0.5003129537355381
2,010686,0,0.50011170981515
2,010696,0,0.5001591159539288
2,010698,0,0.5001701113296382
2,010703,0,0.5007924083445255
2,010706,0,0.5007269263962819
2,010718,0,0.5007136172513484
2,010720,0,0.5001833621104502
2,010723,0,0.5003262059418457
2,010728,0,0.5000856276672364
2,010738,0,0.5005693844621176
2,010740,0,0.5003064449107025
2,010743,0,0.5000968289343539
2,010744,0,0.500074883243855
2,010746,0,0.5006917855872005
2,010751,0,0.5009252904234192
2,010755,0,0.5035679647407233
2,010756,0,0.5010591867726786
2,010759,0,0.5003716682072062
2,010764,0,0.5000854051306506
2,010775,0,0.500137001790996
2,010783,0,0.5018147010030882
2,010784,0,0.5002971526556745
2,010787,0,0.5001100283421612
2,010791,0,0.500768095931248
2,010793,0,0.5004021554745469
2,010800,0,0.500752500454093
2,010804,0,0.500074883243855
2,010823,0,0.5001208902623145
2,010826,0,0.5002081475540117
2,010828,0,0.501124133149586
2,010834,0,0.508548501934862
2,010838,0,0.5001086742502356
2,010853,0,0.5003829126239739
2,010855,0,0.5055659031409757
2,010867,0,0.500074883243855
2,010885,0,0.5006507295413989
2,010889,0,0.5007398454165326
2,010897,0,0.5002320777959621
2,010901,0,0.5001594428283177
2,010902,0,0.5001450380832679
2,010905,0,0.5001723728793908
2,010911,0,0.5025750027623653
2,010913,0,0.5002934948465567
2,010915,0,0.5001208351901013
2,010921,0,0.5036277615368862
2,010938,0,0.5001584811047479
2,010942,0,0.5004142910031458
2,010945,0,0.5019845274643466
2,010950,0,0.504768284868488
2,010953,0,0.5008873353563322
2,010957,0,0.500255234921507
2,010959,0,0.500243029064207
2,010960,0,0.5043456178987309
2,010961,0,0.5002583055241434
2,010963,0,0.5002610494775925
2,010965,0,0.500074883243855
2,010973,0,0.5008797002438218
2,010975,0,0.5003366794138814
2,010978,0,0.5000850379074157
2,010982,0,0.5002638006489591
2,010986,0,0.5002403802502842
2,010993,0,0.5013761394297951
2,010996,0,0.5004127138893378
2,011018,0,0.5012638188479054
2,011021,0,0.6045110767457549
2,011022,0,0.5001534075327474
2,011031,0,0.5001135264087747
2,011055,0,0.500156500550501
2,011069,0,0.5002950657393821
2,011070,0,0.5304411306627509
2,011071,0,0.5009115832977592
2,011072,0,0.5021505627327566
2,011073,0,0.5014156910293434
2,011076,0,0.5005238716831725
2,011082,0,0.5001169824743377
2,011092,0,0.5016662904361603
2,011094,0,0.5006448473099103
2,011099,0,0.5001109133084102
2,011105,0,0.5001146854172138
2,011108,0,0.5037554540759468
2,011110,0,0.5006798133239647
2,011112,0,0.5043746521707382
2,011113,0,0.5001931516983944
2,011114,0,0.5001931516983944
2,011121,0,0.5014390283684509
2,011128,0,0.502142109448717
2,011129,0,0.5010826479600357
2,011133,0,0.5011648402873885
2,011134,0,0.5001476740094747
2,011136,0,0.5003398015719116
2,011138,0,0.5006545242278218
2,011143,0,0.500074883243855
2,011148,0,0.5011025799728269
2,011149,0,0.5002786115921317
2,011160,0,0.5003822510739019
2,011166,0,0.5052288415479281
2,011167,0,0.5013880940819407
2,011173,0,0.5002475855301247
2,011179,0,0.500074883243855
2,011183,0,0.5015407782248015
2,011194,0,0.5001516507545315
2,011198,0,0.500127983126104
2,011206,0,0.5004171488434325
2,011207,0,0.5003635418891765
2,011212,0,0.5010624148704537
2,011224,0,0.5011552406444796
2,011225,0,0.5003874279390078
2,011228,0,0.5001010114141786
2,011231,0,0.5008927580088146
2,011233,0,0.5007504618985564
2,011241,0,0.5004379629569838
2,011245,0,0.5002253523752342
2,011246,0,0.5002742133483038
2,011248,0,0.5002725651830908
2,011251,0,0.5002469973529585
2,011265,0,0.5002207321370438
2,011266,0,0.5022320526686102
2,011274,0,0.5001694170811667
2,011275,0,0.500074883243855
2,011278,0,0.5003260989817351
2,011281,0,0.5053782518360495
2,011284,0,0.5005539766209475
2,011296,0,0.5001159540577361
2,011302,0,0.5005052760372687
2,011305,0,0.5003569017818034
2,011306,0,0.5003374114343824
2,011310,0,0.500674441056527
2,011318,0,0.5005096282882975
2,011320,0,0.5001902221443689
2,011323,0,0.500935591599587
2,011327,0,0.5002765034002108
2,011332,0,0.5040488030156077
2,011336,0,0.507446069738748
2,011337,0,0.5002285877161644
2,011346,0,0.5012469596275825
2,011349,0,0.5003918341210923
2,011352,0,0.5000943084418533
2,011364,0,0.5004860115421855
2,011370,0,0.5008573255828247
2,011379,0,0.5000883351227073
2,011380,0,0.5001783738056187
2,011394,0,0.5048530823757165
2,011397,0,0.5001223221047563
2,011398,0,0.5007350082302121
2,011401,0,0.5001666719564295
2,011402,0,0.500487907175869
2,011405,0,0.5013799640442884
2,011407,0,0.5005281661907119
2,011413,0,0.501893159436997
2,011429,0,0.5000839309974855
2,011433,0,0.50019864312761
2,011440,0,0.500074883243855
2,011442,0,0.5004472361322778
2,011444,0,0.5000970036514921
2,011446,0,0.5019134247918742
2,011453,0,0.5080580655630405
2,011455,0,0.500348751898087
2,011461,0,0.5002483935195398
2,011463,0,0.500074883243855
2,011481,0,0.500454058589624
2,011492,0,0.5001846220775336
2,011500,0,0.5001438792211235
2,011501,0,0.500100485318659
2,011502,0,0.5026995136655763
2,011504,0,0.5007632601124953
2,011506,0,0.5047959441352975
2,011514,0,0.5000860381677376
2,011523,0,0.5002225714374015
2,011529,0,0.5001266437747008
2,011535,0,0.5010723215495998
2,011536,0,0.500267067087731
2,011538,0,0.5004710653730499
2,011540,0,0.500074883243855
2,011550,0,0.5238487605766907
2,011555,0,0.5008388489930771
2,011556,0,0.5001875557773253
2,011561,0,0.5006388612793108
2,011575,0,0.5018323444426982
2,011578,0,0.500946936648676
2,011579,0,0.5001238667609695
2,011597,0,0.5001495511731093
2,011602,0,0.5042783092873432
2,011607,0,0.5008751238104262
2,011617,0,0.5001931516983944
2,011618,0,0.5005042788573035
2,011619,0,0.5003805378189561
2,011621,0,0.5008400515483244
2,011622,0,0.5043453794125672
2,011626,0,0.5014496171752083
2,011634,0,0.5029752054148949
2,011636,0,0.5004309242987235
2,011646,0,0.5007452135784057
2,011652,0,0.500074883243855
2,011657,0,0.5001486725112411
2,011661,0,0.5007381144957317
2,011662,0,0.500176520892333
2,011665,0,0.5001737311990712
2,011697,0,0.5008712372750074
2,011706,0,0.5001130496913572
2,011712,0,0.5007933878127498
2,011716,0,0.5010396238702977
2,011721,0,0.5001835483547495
2,011724,0,0.5006801973803489
2,011731,0,0.500074883243855
2,011734,0,0.500942472516551
2,011736,0,0.500074883243855
2,011737,0,0.5006567921634247
2,011740,0,0.5001536636516398
2,011749,0,0.5009508215540656
2,011753,0,0.500074883243855
2,011755,0,0.5025515334695095
2,011757,0,0.5000956682518444
2,011765,0,0.5001740329476323
2,011766,0,0.5004797804730267
2,011769,0,0.5018073777511911
2,011796,0,0.5031956655969647
2,011819,0,0.500358429983207
2,011826,0,0.5005496327231416
2,011829,0,0.5001473805632436
2,011831,0,0.500292539628736
2,011833,0,0.5001314980828644
2,011838,0,0.500583646558826
2,011848,0,0.5001392065413431
2,011849,0,0.5005060668626282
2,011853,0,0.5006249155114176
2,011856,0,0.5001372907141105
2,011864,0,0.5007898781397534
2,011869,0,0.5009090916581322
2,011876,0,0.5001026417701947
2,011879,0,0.500074883243855
2,011883,0,0.5001572448196075
2,011886,0,0.500102172531863
2,011890,0,0.5003517288327759
2,011891,0,0.500370698497487
2,011892,0,0.5009447442869239
2,011902,0,0.5009725376556182
2,011908,0,0.500144154938891
2,011913,0,0.5003539976801207
2,011928,0,0.5002831580273751
2,011935,0,0.500151951073416
2,011937,0,0.513352114343723
2,011945,0,0.5006737803700403
2,011946,0,0.500074883243855
2,011955,0,0.5039036868427692
2,011956,0,0.5004123269379792
2,011959,0,0.5010189256821992
2,011965,0,0.5001333536701704
2,011974,0,0.5005434808791399
2,011981,0,0.5035822564487505
2,011986,0,0.5001334506616458
2,011997,0,0.5003987267538418
3,000589,1,0.503714384989486
3,000743,1,0.5004046601420182
3,000765,1,0.5010796448226235
3,000809,1,0.500373014712418
3,000834,1,0.5046273803528233
3,000870,1,0.5012734214066135
3,001456,1,0.5021769702351493
3,002303,1,0.5177099674270486
3,002336,1,0.5013661635452217
3,002345,1,0.5037890383118083
3,002978,1,0.503171137483215
3,003168,1,0.5007452605380446
3,004189,1,0.5002778607035498
3,004301,1,0.5016218013760434
3,004556,1,0.5057850932864036
3,004880,1,0.5035195658229247
3,004934,1,0.500179238284417
3,005091,1,0.5002198578721461
3,005093,1,0.5025117058300047
3,005098,1,0.5003810918020916
3,005335,1,0.5001738093086284
3,005365,1,0.5148012287697438
3,005815,1,0.5004105315467058
3,006291,1,0.5002779685744535
3,006793,1,0.5003920862929986
3,007645,1,0.5179889186818079
3,007861,1,0.5099965552747321
3,008141,1,0.501573930174158
3,008146,1,0.5004135220710282
3,008293,1,0.5004404653084847
3,008392,1,0.5002676372406615
3,008580,1,0.500287473736678
3,008612,1,0.501187713999178
3,008957,1,0.5013364158763457
3,009466,1,0.5001717011602524
3,009691,1,0.5161356138940574
3,009907,1,0.5003466637912645
3,009972,1,0.5023990687774074
3,010305,1,0.5024188311517805
3,010361,1,0.5010556965149193
3,010432,1,0.5002191963119837
3,010523,1,0.5051419005960653
3,010944,1,0.5029863183861828
3,011209,1,0.500598185267008
3,011493,1,0.5247241233455624
3,011693,1,0.5028612481945146
3,011771,1,0.5002134156614041
3,011896,1,0.5000770401875118
3,000004,0,0.5022226043415773
3,000005,0,0.5011651544717911
3,000006,0,0.5009718959945937
3,000007,0,0.5000969786008804
3,000010,0,0.5001123696281002
3,000015,0,0.50018324066835
3,000021,0,0.5006425683578132
3,000025,0,0.5004542815058773
3,000027,0,0.5006021821599511
3,000029,0,0.5006901040614663
3,000032,0,0.501244729486257
3,000034,0,0.5012468577558754
3,000040,0,0.5001376478588376
3,000043,0,0.5001457912560988
3,000057,0,0.5001662487026842
3,000062,0,0.5004450671744849
3,000068,0,0.5052327076396242
3,000078,0,0.5001021241856304
3,000079,0,0.5011800413773584
3,000080,0,0.5029648562168705
3,000085,0,0.5006988520409321
3,000090,0,0.5004580060927133
3,000100,0,0.500264020547916
3,000103,0,0.5014442500251598
3,000106,0,0.5020982675432054
3,000107,0,0.5005716465562139
3,000108,0,0.5017112484328504
3,000109,0,0.5002250582027046
3,000115,0,0.500814334129549
3,000116,0,0.5016131967757423
3,000127,0,0.5024371709215656
3,000129,0,0.500382460948296
3,000135,0,0.5119850426640474
3,000137,0,0.500530815014331
3,000142,0,0.5001195286804208
3,000149,0,0.5016526635883315
3,000152,0,0.5005495285419741
3,000170,0,0.5000863030572102
3,000177,0,0.5067765152152426
3,000178,0,0.5003121271405642
3,000183,0,0.5005978715135005
3,000184,0,0.509005420880103
3,000187,0,0.5004136317607207
3,000192,0,0.5010569865488014
3,000193,0,0.5003636361303757
3,000194,0,0.5035381775485632
3,000200,0,0.5022382108467541
3,000202,0,0.5006364941535256
3,000208,0,0.5002079219461831
3,000225,0,0.5020091451738711
3,000228,0,0.5027020586056862
3,000238,0,0.5020850939359781
3,000245,0,0.5003731411453575
3,000247,0,0.5055403570316542
3,000264,0,0.5009305317921706
3,000269,0,0.5002200331575557
3,000277,0,0.5003541910759348
3,000278,0,0.5002812237401401
3,000281,0,0.500289251834567
3,000289,0,0.5005947896654022
3,000291,0,0.5028153987701076
3,000295,0,0.5000770401875118
3,000300,0,0.500850053465732
3,000302,0,0.5105321247403329
3,000305,0,0.5007236099035612
3,000306,0,0.5008392276187741
3,000308,0,0.5001479940012313
3,000311,0,0.5002018493711614
3,000316,0,0.5002962454690293
3,000320,0,0.501304898740453
3,000334,0,0.5001492014995589
3,000335,0,0.500646695572758
3,000337,0,0.5002373777686604
3,000341,0,0.5005174287303469
3,000348,0,0.501906215127364
3,000352,0,0.5001493277551771
3,000359,0,0.5012024815046578
3,000366,0,0.5004363890511007
3,000368,0,0.5001044088984051
3,000373,0,0.5011961644953152
3,000375,0,0.5000770401875118
3,000379,0,0.5005494761673954
3,000382,0,0.5001046307773038
3,000384,0,0.5043665340871674
3,000387,0,0.5014598312972487
3,000391,0,0.5002903976332856
3,000392,0,0.5071699993857248
3,000402,0,0.5001096705387243
3,000403,0,0.5002358369168989
3,000404,0,0.5013150534881003
3,000406,0,0.500439855190913
3,000408,0,0.5000770401875118
3,000411,0,0.5021723024461076
3,000417,0,0.5001768045796936
3,000430,0,0.5025135994223877
3,000436,0,0.5034768100540191
3,000437,0,0.5017198641269951
3,000441,0,0.5000770401875118
3,000447,0,0.5005094580606219
3,000450,0,0.5001808616562433
3,000460,0,0.5027741024794171
3,000462,0,0.502140236960334
3,000464,0,0.500227520101008
3,000466,0,0.5002551786149947
3,000473,0,0.5015831643232147
3,000474,0,0.5001886590667988
3,000484,0,0.5039337577936446
3,000489,0,0.5000994306579126
3,000490,0,0.5001602378167608
3,000493,0,0.5000770401875118
3,000494,0,0.5005654267893864
3,000495,0,0.5021274358146941
3,000508,0,0.5011619748887797
3,000509,0,0.5032509808728407
3,000515,0,0.5001221331686759
3,000516,0,0.500788333562284
3,000526,0,0.5006670089871235
3,000527,0,0.5004241611652522
3,000529,0,0.5025976882092705
3,000538,0,0.5002101733172295
3,000550,0,0.5006393750933144
3,000551,0,0.5000770401875118
3,000555,0,0.503975075520263
3,000564,0,0.5009648583571928
3,000569,0,0.5001188995751887
3,000574,0,0.5006080692512275
3,000578,0,0.5004837512812498
3,000579,0,0.5013929061688215
3,000580,0,0.5010404141698832
3,000594,0,0.5031486345286122
3,000600,0,0.5000770401875118
3,000601,0,0.5004082929558061
3,000603,0,0.5002138152594809
3,000604,0,0.5003333489165785
3,000608,0,0.500635964716805
3,000610,0,0.5001335273729838
3,000614,0,0.5025855266708337
3,000617,0,0.5002117684054761
3,000624,0,0.5162975513251077
3,000628,0,0.5148594250516164
3,000636,0,0.5039933673537461
3,000643,0,0.500737694779809
3,000659,0,0.5008555339658773
3,000666,0,0.5003619782690589
3,000669,0,0.5000892801449559
3,000672,0,0.5002610991699599
3,000674,0,0.5002135467493253
3,000679,0,0.5005504373550679
3,000683,0,0.5000770401875118
3,000687,0,0.5002214929228768
3,000689,0,0.5033475712383016
3,000690,0,0.5044359694347264
3,000693,0,0.5014180499185598
3,000697,0,0.5001356852657768
3,000704,0,0.5001754028479392
3,000706,0,0.5004313740586148
3,000708,0,0.5006634721301578
3,000722,0,0.5010565523870011
3,000739,0,0.5002192393639505
3,000741,0,0.5003381190755039
3,000749,0,0.500470009766762
3,000750,0,0.5001818236075543
3,000751,0,0.5002097569038176
3,000754,0,0.5002530624906291
3,000762,0,0.5032175147525516
3,000763,0,0.5002688866704458
3,000773,0,0.5002313270258151
3,000775,0,0.500412591359867
3,000780,0,0.5002381517873656
3,000782,0,0.5001567170002357
3,000796,0,0.5002232953901847
3,000803,0,0.5000863855231742
3,000814,0,0.5002210563146551
3,000815,0,0.500303282859114
3,000818,0,0.5002648160445542
3,000822,0,0.5000880858535659
3,000823,0,0.5000917431545336
3,000826,0,0.5008707934188418
3,000827,0,0.500317957425821
3,000829,0,0.5045890138719032
3,000837,0,0.5002247820297352
3,000842,0,0.507914382042929
3,000856,0,0.5002985962469977
3,000858,0,0.5002984643771686
3,000893,0,0.5010034179983752
3,000896,0,0.5032027018442128
3,000903,0,0.5005238565917856
3,000905,0,0.5000770401875118
3,000906,0,0.5004628679397637
3,000911,0,0.5010346471356297
3,000914,0,0.5005730951163512
3,000919,0,0.5000882037058368
3,000923,0,0.5009846956893395
3,000925,0,0.5000881348693226
3,000927,0,0.5156473020818194
3,000929,0,0.5003258781885302
3,000936,0,0.5002062521043124
3,000944,0,0.5000872386300238
3,000948,0,0.5001863464109969
3,000951,0,0.5008672039476896
3,000952,0,0.5001161612664078
3,000959,0,0.5010126536624503
3,000969,0,0.5000770401875118
3,000972,0,0.5009145153221776
3,000996,0,0.5004031609993659
3,000998,0,0.501171860364687
3,001003,0,0.5000873378110764
3,001009,0,0.5006871213972861
3,001012,0,0.5001602097378407
3,001019,0,0.5003410182715742
3,001022,0,0.5011458488157112
3,001028,0,0.5011971072666053
3,001035,0,0.5016184261258595
3,001037,0,0.5000770401875118
3,001040,0,0.5002321115187917
3,001043,0,0.5010707063405739
3,001045,0,0.5001662814989386
3,001050,0,0.5061123596701901
3,001053,0,0.5002141266459139
3,001074,0,0.5002294254908077
3,001077,0,0.5001469638668624
3,001078,0,0.5005135289279873
3,001084,0,0.5023325196272421
3,001086,0,0.5004292453168018
3,001096,0,0.5002297523992644
3,001104,0,0.5001296921559618
3,001107,0,0.5001503235790382
3,001109,0,0.5005587738103899
3,001114,0,0.5034796406178332
3,001115,0,0.5009064330281021
3,001124,0,0.5006846633601845
3,001132,0,0.5002081713368743
3,001134,0,0.5012281303429325
3,001136,0,0.5001754784493317
3,001139,0,0.5000770401875118
3,001142,0,0.5001000201272634
3,001151,0,0.5003211102991433
3,001156,0,0.5001902033866786
3,001166,0,0.5001419321396813
3,001167,0,0.5007536909854116
3,001171,0,0.5002621968258756
3,001174,0,0.5006124620611331
3,001178,0,0.5176852174005501
3,001181,0,0.5000770401875118
3,001184,0,0.5055848688896408
3,001203,0,0.5003343818543883
3,001204,0,0.5012178896655147
3,001213,0,0.5019917120431404
3,001216,0,0.5012341903484101
3,001229,0,0.5002704861285112
3,001231,0,0.5095810983286598
3,001241,0,0.5047470112481061
3,001251,0,0.5009498616815156
3,001252,0,0.5002308009381412
3,001257,0,0.5006557022735229
3,001260,0,0.5002907354331145
3,001263,0,0.5019324792263217
3,001264,0,0.5076254116484599
3,001269,0,0.5005379280819164
3,001277,0,0.5001100725424416
3,001289,0,0.5030007159087041
3,001291,0,0.5001152534944664
3,001306,0,0.5005472986855682
3,001308,0,0.5001228832330555
3,001312,0,0.5004097425204813
3,001319,0,0.5002134982068118
3,001320,0,0.5012796846234093
3,001327,0,0.5001054264386331
3,001329,0,0.500423377112022
3,001331,0,0.5000770401875118
3,001333,0,0.5001695241405855
3,001336,0,0.5004242905146352
3,001338,0,0.5002928872182304
3,001371,0,0.5011551466758976
3,001374,0,0.5001243150766645
3,001381,0,0.5001012388386794
3,001383,0,0.5007996068658152
3,001391,0,0.5004485812368186
3,001414,0,0.5001559187592168
3,001438,0,0.5001501160119357
3,001439,0,0.507079066175147
3,001465,0,0.5000882206359121
3,001467,0,0.5001411161246179
3,001473,0,0.500938827749626
3,001478,0,0.500966980391261
3,001486,0,0.5049518251907217
3,001489,0,0.5005192456220886
3,001497,0,0.5007014168994295
3,001499,0,0.5003584094042154
3,001504,0,0.500165805905299
3,001513,0,0.5010216234641806
3,001526,0,0.5010399378057112
3,001531,0,0.500208814309338
3,001532,0,0.5001555655674584
3,001534,0,0.5003718052524747
3,001540,0,0.5002776346200379
3,001541,0,0.5007852643512598
3,001542,0,0.5002214455878008
3,001552,0,0.5004357602509927
3,001555,0,0.5000770401875118
3,001557,0,0.5002020797559344
3,001584,0,0.500316959029385
3,001592,0,0.5005436913212364
3,001593,0,0.5011979346300349
3,001595,0,0.5025359245002159
3,001596,0,0.5024064478504663
3,001597,0,0.5017827154978443
3,001614,0,0.5001682450687618
3,001616,0,0.5010704892041942
3,001619,0,0.5003533072355695
3,001627,0,0.5002464180928847
3,001628,0,0.5012085777941016
3,001631,0,0.5003157541215583
3,001639,0,0.5001624390582884
3,001647,0,0.5010065223043821
3,001653,0,0.5001124972154397
3,001658,0,0.5001940218692952
3,001660,0,0.5004524554225017
3,001687,0,0.5025548320429521
3,001691,0,0.5000943140501367
3,001699,0,0.5017996579422916
3,001702,0,0.5004236748769517
3,001712,0,0.5001061110629134
3,001717,0,0.5014447368379383
3,001727,0,0.5019025912550613
3,001736,0,0.5008479713487194
3,001744,0,0.502063590421458
3,001748,0,0.5002468353818492
3,001755,0,0.5001544086167
3,001766,0,0.5002142716474581
3,001767,0,0.5001268364495147
3,001768,0,0.5039174354555401
3,001773,0,0.5002083995329261
3,001776,0,0.5001194431085447
3,001781,0,0.5007852205934668
3,001783,0,0.5003416610356484
3,001788,0,0.5001306703050719
3,001790,0,0.5001149288659188
3,001792,0,0.5114078400180075
3,001798,0,0.5008915552513259
3,001800,0,0.50037994411984
3,001801,0,0.5001265065077688
3,001808,0,0.5002005214793008
3,001820,0,0.5001100725424416
3,001827,0,0.500508486057198
3,001831,0,0.5002480352273363
3,001835,0,0.50116607980292
3,001838,0,0.5001625119976653
3,001842,0,0.5004505743931289
3,001850,0,0.5009119593112015
3,001855,0,0.5003763371765667
3,001859,0,0.5009449890644443
3,001869,0,0.5008766288891884
3,001873,0,0.5000969495229574
3,001876,0,0.5032597171590378
3,001877,0,0.5011637748705262
3,001883,0,0.5019812453821183
3,001889,0,0.5051912474150723
3,001891,0,0.5000978212274622
3,001894,0,0.5003488347202123
3,001896,0,0.5002689511129482
3,001897,0,0.5039592315902892
3,001906,0,0.5018483780705857
3,001911,0,0.5018446868191183
3,001913,0,0.5000770401875118
3,001915,0,0.5001365169039325
3,001922,0,0.5002858394581243
3,001924,0,0.5003702900029957
3,001929,0,0.5001312852161718
3,001930,0,0.5002604471944164
3,001937,0,0.5014124817469224
3,001940,0,0.5003492104278857
3,001952,0,0.5025375582904817
3,001953,0,0.500199580363925
3,001954,0,0.5173888901960836
3,001961,0,0.5001659536052061
3,001966,0,0.5013097365699983
3,001969,0,0.5002972377804094
3,001979,0,0.5004348407888746
3,001981,0,0.5002052963134918
3,001991,0,0.5001172560318321
3,001995,0,0.5004966370392149
3,002000,0,0.5015941544132827
3,002007,0,0.5003590773726098
3,002008,0,0.5000770401875118
3,002019,0,0.5002933850110944
3,002023,0,0.500409796167092
3,002027,0,0.501267096867031
3,002037,0,0.5002001929761275
3,002039,0,0.5001304046582421
3,002041,0,0.5005837230246679
3,002048,0,0.5057770866517048
3,002050,0,0.5026750929806895
3,002051,0,0.5005393817520697
3,002065,0,0.501026405360664
3,002066,0,0.5000981894270521
3,002069,0,0.5009615482611302
3,002072,0,0.5013306017812409
3,002076,0,0.5005571836830602
3,002077,0,0.5005020745167847
3,002092,0,0.5007305000795085
3,002094,0,0.5261900265544618
3,002102,0,0.5002508548915211
3,002107,0,0.5005433883778261
3,002130,0,0.5003877244703999
3,002136,0,0.507966326888111
3,002141,0,0.5013416222707887
3,002142,0,0.5003965738931313
3,002152,0,0.5001122165606906
3,002154,0,0.5002390719455071
3,002160,0,0.5000990708902577
3,002161,0,0.5017810695376331
3,002162,0,0.5008845298981593
3,002168,0,0.5003187083462368
3,002175,0,0.5135981262077791
3,002181,0,0.5016104464726197
3,002184,0,0.5057216299068636
3,002191,0,0.5009155913838891
3,002200,0,0.5001061174271191
3,002208,0,0.5002759515838676
3,002211,0,0.5002495660762087
3,002213,0,0.5006797867686179
3,002215,0,0.5191615649434553
3,002229,0,0.5011794150718889
3,002230,0,0.5057468817551322
3,002242,0,0.5005097408056081
3,002271,0,0.5001082625496607
3,002275,0,0.5000770401875118
3,002279,0,0.5009419032494105
3,002280,0,0.5002242038873846
3,002287,0,0.5003550743373488
3,002293,0,0.500191098601155
3,002306,0,0.500086187983988
3,002313,0,0.5001116007754245
3,002325,0,0.5001527486812993
3,002328,0,0.5010400403923635
3,002332,0,0.5035537606498451
3,002333,0,0.500278097808017
3,002338,0,0.5063361315331668
3,002356,0,0.5004991772869086
3,002360,0,0.5000770401875118
3,002368,0,0.5005492947928263
3,002371,0,0.5001122165606906
3,002373,0,0.5003800928900429
3,002375,0,0.5027076175675962
3,002384,0,0.5025279179715038
3,002402,0,0.5000770401875118
3,002419,0,0.5005420178283919
3,002420,0,0.5052740401217177
3,002427,0,0.5000989872654783
3,002438,0,0.5002561306060715
3,002442,0,0.500092470109314
3,002447,0,0.5000770401875118
3,002449,0,0.5005187656143897
3,002451,0,0.5014130383125251
3,002455,0,0.500378194858564
3,002456,0,0.5018987274434175
3,002466,0,0.504324699794924
3,002468,0,0.5004560349288182
3,002470,0,0.5021250473726598
3,002472,0,0.5005611695717547
3,002477,0,0.5002094256609231
3,002479,0,0.5004994551916131
3,002485,0,0.500449755490179
3,002490,0,0.5003689132034239
3,002496,0,0.5010440663460131
3,002498,0,0.5069764323925866
3,002502,0,0.5005218817931455
3,002504,0,0.5004340821585092
3,002511,0,0.5000770401875118
3,002512,0,0.5049305726762071
3,002526,0,0.5006834978705541
3,002533,0,0.5003895311339562
3,002534,0,0.5052591854249122
3,002543,0,0.5000877499556885
3,002548,0,0.5002523498695063
3,002549,0,0.500785729359111
3,002556,0,0.5006097298213407
3,002558,0,0.500087779246973
3,002562,0,0.5019773758193268
3,002567,0,0.5012266431216925
3,002568,0,0.5003529508226799
3,002574,0,0.5001942874283016
3,002585,0,0.5022965388018841
3,002588,0,0.5013774568121049
3,002591,0,0.5011158491503811
3,002603,0,0.5019953211198632
3,002610,0,0.5020059804456872
3,002612,0,0.500432746376873
3,002619,0,0.5001698633600512
3,002625,0,0.5010031019314785
3,002626,0,0.5002592603532953
3,002629,0,0.503541601951142
3,002634,0,0.500393772488846
3,002635,0,0.5004034182057878
3,002641,0,0.5008090718532451
3,002645,0,0.5002163348198339
3,002654,0,0.5004296452409024
3,002655,0,0.5000770401875118
3,002656,0,0.5018912098653548
3,002660,0,0.501256432791625
3,002670,0,0.5015089883947784
3,002681,0,0.5002068347446927
3,002705,0,0.5000770401875118
3,002714,0,0.5019592466441962
3,002718,0,0.5000866123334545
3,002726,0,0.5000965680482751
3,002731,0,0.500113877652241
3,002738,0,0.501314634783517
3,002741,0,0.5009638208250984
3,002745,0,0.5001054264386331
3,002749,0,0.5004487167011941
3,002750,0,0.5001935718119496
3,002752,0,0.5006819929654627
3,002754,0,0.500457448324261
3,002755,0,0.5002048928290439
3,002773,0,0.5000981894270521
3,002774,0,0.5007363223461434
3,002777,0,0.5001119715603352
3,002779,0,0.5002204897107643
3,002782,0,0.5015432576597658
3,002803,0,0.5002578300436825
3,002815,0,0.5001297545612661
3,002822,0,0.5021288243813862
3,002823,0,0.5012953740970925
3,002828,0,0.5002152107502993
3,002833,0,0.5040021652695599
3,002838,0,0.5004796324538916
3,002843,0,0.5000770401875118
3,002861,0,0.5000910466504556
3,002877,0,0.5010339876253932
3,002879,0,0.500864878363552
3,002880,0,0.5001017252833052
3,002894,0,0.5064566420549916
3,002904,0,0.506966266727326
3,002906,0,0.5016119421075754
3,002908,0,0.5096061999118782
3,002913,0,0.5001329276950165
3,002919,0,0.5001957993201798
3,002920,0,0.5004459334960011
3,002925,0,0.5006937538832932
3,002926,0,0.5001612592519085
3,002945,0,0.5000770401875118
3,002946,0,0.5002558773540163
3,002953,0,0.5001653283936548
3,002955,0,0.501273649023435
3,002958,0,0.5000881348693226
3,002965,0,0.5011133835080964
3,002971,0,0.500874062759427
3,002981,0,0.500550875842118
3,002982,0,0.5009490623912461
3,002985,0,0.500156347311644
3,002988,0,0.500753545440398
3,002990,0,0.5004905507744202
3,003000,0,0.5000770401875118
3,003003,0,0.5001671548922079
3,003009,0,0.5001923628114903
3,003016,0,0.5004738643153505
3,003024,0,0.5004756670680399
3,003036,0,0.5007766067639151
3,003037,0,0.5037640098511591
3,003039,0,0.5014573357014535
3,003041,0,0.5001372785076783
3,003042,0,0.5004555295328786
3,003046,0,0.5005755382040215
3,003048,0,0.5003126603584053
3,003049,0,0.5015494758345072
3,003060,0,0.5004369087703925
3,003079,0,0.5000770401875118
3,003080,0,0.5002117684054761
3,003082,0,0.5001355316600364
3,003085,0,0.5024773595308776
3,003089,0,0.5003201028876977
3,003099,0,0.5002349055177191
3,003101,0,0.5001384553983322
3,003103,0,0.5000770401875118
3,003105,0,0.500181015758493
3,003111,0,0.5017827213819377
3,003120,0,0.5002368952826727
3,003122,0,0.5008669358433193
3,003124,0,0.5001713450693738
3,003126,0,0.5002962368361522
3,003134,0,0.5001129677817288
3,003138,0,0.5000770401875118
3,003139,0,0.500245048723654
3,003141,0,0.5001041018576561
3,003152,0,0.5001298837772135
3,003161,0,0.5006446207860091
3,003169,0,0.5009322950629685
3,003171,0,0.5007814003742417
3,003175,0,0.5017764197425796
3,003182,0,0.5003477587879388
3,003185,0,0.5003084958644165
3,003187,0,0.5008911663098096
3,003192,0,0.5005949979491329
3,003202,0,0.5039548334245205
3,003206,0,0.5000770401875118
3,003208,0,0.5012432881935753
3,003216,0,0.5001936820664641
3,003220,0,0.5005774867384009
3,003229,0,0.5002382658791226
3,003233,0,0.5005752902813877
3,003243,0,0.5002686240327968
3,003248,0,0.5011948020444882
3,003252,0,0.5027417220207561
3,003260,0,0.5040981533026754
3,003271,0,0.5184133186631803
3,003275,0,0.5000770401875118
3,003279,0,0.500200157098554
3,003280,0,0.5001545925126193
3,003284,0,0.5002290317576882
3,003287,0,0.5008141137677837
3,003302,0,0.5001039270906799
3,003303,0,0.5002776462524418
3,003321,0,0.5001053673357131
3,003324,0,0.5000770401875118
3,003327,0,0.5000770401875118
3,003332,0,0.500354111323734
3,003334,0,0.5003255332023221
3,003335,0,0.5013430103061775
3,003337,0,0.5009360815183554
3,003341,0,0.5006188299092164
3,003346,0,0.5001841654044578
3,003350,0,0.5006585344059619
3,003363,0,0.5002556633109363
3,003374,0,0.500307755375569
3,003384,0,0.5024476545188347
3,003389,0,0.500362649422233
3,003397,0,0.5003135004260428
3,003401,0,0.5008767926247331
3,003410,0,0.5004125267390602
3,003411,0,0.5015127501790195
3,003413,0,0.5002278553308106
3,003421,0,0.5003877451704577
3,003423,0,0.5001753564804168
3,003424,0,0.5000879100609213
3,003431,0,0.5166562926000132
3,003432,0,0.5002144258901617
3,003434,0,0.5000906159147489
3,003436,0,0.5006089814477542
3,003439,0,0.5005506777178793
3,003447,0,0.5001947695121503
3,003451,0,0.5014236591230005
3,003457,0,0.5000863466227337
3,003458,0,0.500504154940944
3,003460,0,0.5013806166648754
3,003472,0,0.5004899922092992
3,003475,0,0.5017984840056403
3,003479,0,0.5028551892659548
3,003480,0,0.5009699747471589
3,003484,0,0.5020279237625273
3,003486,0,0.5004874243746137
3,003488,0,0.5000882620916142
3,003489,0,0.5004488623688524
3,003492,0,0.5001296561008416
3,003496,0,0.5003404276873533
3,003503,0,0.5002404599371146
3,003506,0,0.5076103127226294
3,003508,0,0.5001240543496063
3,003512,0,0.5002407403731979
3,003516,0,0.5002507172630369
3,003519,0,0.5014412720749737
3,003520,0,0.500468958589602
3,003523,0,0.5010060025127944
3,003526,0,0.5013788007647968
3,003529,0,0.5001889488015732
3,003533,0,0.5013576329803129
3,003540,0,0.5008961171402839
3,003541,0,0.5001641236396083
3,003544,0,0.50094465279201
3,003552,0,0.5005968750787999
3,003562,0,0.5001434692245725
3,003566,0,0.5008876167641745
3,003578,0,0.5001466821052544
3,003580,0,0.5005749266610178
3,003589,0,0.5039417320469255
3,003592,0,0.5003691259556091
3,003600,0,0.5005546157953951
3,003616,0,0.5006367491016095
3,003620,0,0.5003363627202202
3,003621,0,0.5002505613607736
3,003623,0,0.5000930819516494
3,003630,0,0.5002616679241428
3,003634,0,0.5001332246781542
3,003642,0,0.5008892251565064
3,003654,0,0.5005553475405768
3,003658,0,0.5004522654713309
3,003659,0,0.5004199588125058
3,003662,0,0.5003348154723414
3,003667,0,0.5000997096210544
3,003670,0,0.5001739661822385
3,003679,0,0.5001020962135567
3,003706,0,0.5002091601099744
3,003710,0,0.5001579092388323
3,003719,0,0.5002411280566822
3,003723,0,0.5007594326069911
3,003738,0,0.5015019948742896
3,003750,0,0.5002678723727354
3,003753,0,0.5006715541304199
3,003754,0,0.5001330055685949
3,003755,0,0.500314838563107
3,003756,0,0.5002720479134273
3,003762,0,0.5003348670720486
3,003763,0,0.5003198912545505
3,003764,0,0.5008264369328465
3,003765,0,0.5001524495688505
3,003777,0,0.5002885175953828
3,003778,0,0.5091331894249597
3,003781,0,0.5003404068808142
3,003785,0,0.500231129995353
3,003803,0,0.500338758720743
3,003806,0,0.5002382837294792
3,003820,0,0.5006798361731174
3,003822,0,0.5009943763303324
3,003826,0,0.5003216162003702
3,003831,0,0.5018005391064081
3,003837,0,0.5005921180207331
3,003838,0,0.5038626862763441
3,003841,0,0.5003726950624969
3,003847,0,0.5001975645333775
3,003849,0,0.500197413563086
3,003852,0,0.5001274270980618
3,003855,0,0.5006827666735856
3,003868,0,0.5743481046451163
3,003871,0,0.5002070874908888
3,003878,0,0.500114623695968
3,003882,0,0.5010055795654634
3,003883,0,0.5130483551636493
3,003884,0,0.5014514718179564
3,003889,0,0.5013936705003458
3,003891,0,0.5005112143523053
3,003893,0,0.500109718421891
3,003895,0,0.5006741722475879
3,003913,0,0.5013660062637645
3,003919,0,0.5002013405990858
3,003924,0,0.5016596842752442
3,003926,0,0.5019315117501207
3,003938,0,0.500194788040864
3,003939,0,0.5002983215603228
3,003950,0,0.5040756763351311
3,003953,0,0.5001650395546835
3,003956,0,0.5051967602511792
3,003957,0,0.502822690063557
3,003962,0,0.5009200415537031
3,003968,0,0.5011878121903977
3,003969,0,0.5012263213467567
3,003975,0,0.501820241557291
3,003980,0,0.5006627764823325
3,003984,0,0.5009245356216597
3,003986,0,0.502556613721857
3,003991,0,0.5001750701337557
3,003995,0,0.5000770401875118
3,003998,0,0.5005508934308971
3,004011,0,0.5004094882238694
3,004013,0,0.5003278092081282
3,004016,0,0.5004173921224347
3,004019,0,0.5006178581273315
3,004024,0,0.5001650209977764
3,004030,0,0.5001444450958902
3,004032,0,0.5006374563675671
3,004034,0,0.5012666158060128
3,004040,0,0.5001986793989526
3,004041,0,0.5026016621145971
3,004053,0,0.503351251195739
3,004057,0,0.5004325654718877
3,004062,0,0.5006212406112012
3,004064,0,0.5008165976883862
3,004068,0,0.5003525190357719
3,004079,0,0.5001798368766573
3,004089,0,0.5049421257928571
3,004101,0,0.5000770401875118
3,004102,0,0.5000903334151587
3,004113,0,0.5001229966491024
3,004114,0,0.5008347540992498
3,004125,0,0.5000908152809906
3,004133,0,0.5069889993825417
3,004141,0,0.5003469691179891
3,004146,0,0.50066361580317
3,004147,0,0.5030840204265361
3,004150,0,0.5004096054699155
3,004154,0,0.5006195357335493
3,004155,0,0.501637654806883
3,004156,0,0.5004260189288091
3,004159,0,0.5044663168897449
3,004160,0,0.5008959597560833
3,004162,0,0.5004892362157287
3,004165,0,0.503777496012358
3,004183,0,0.5001372785076783
3,004192,0,0.5061954216857519
3,004193,0,0.509373487721167
3,004195,0,0.500087648808959
3,004203,0,0.5003531888992965
3,004220,0,0.5001810435289524
3,004228,0,0.500143881041009
3,004234,0,0.5001249301913125
3,004238,0,0.5002971889838012
3,004241,0,0.5001840770529274
3,004245,0,0.5000770401875118
3,004246,0,0.5004021559421004
3,004247,0,0.5007053175205599
3,004254,0,0.5006337987322741
3,004265,0,0.5007014642876002
3,004268,0,0.5002942101290252
3,004274,0,0.5003025344902374
3,004281,0,0.5002642541291953
3,004287,0,0.5001152009744266
3,004289,0,0.5000770401875118
3,004304,0,0.5024799556383779
3,004308,0,0.5000999340778286
3,004309,0,0.5029103972445129
3,004314,0,0.5004720727928984
3,004317,0,0.5001438852632214
3,004318,0,0.5000770401875118
3,004321,0,0.5015089969782676
3,004323,0,0.500327022738226
3,004324,0,0.5005265002848589
3,004327,0,0.5002689248516551
3,004328,0,0.5006322441318961
3,004335,0,0.5001325660992908
3,004338,0,0.5017429217075152
3,004349,0,0.5027185456159945
3,004350,0,0.5001305844336966
3,004353,0,0.5014116007575582
3,004358,0,0.5011948679743703
3,004359,0,0.5005597382607743
3,004360,0,0.5001305844336966
3,004361,0,0.5001996457635047
3,004372,0,0.5024976534281695
3,004387,0,0.5000770401875118
3,004391,0,0.5001850660171013
3,004393,0,0.5006696252313589
3,004399,0,0.5146665446008574
3,004404,0,0.5000770401875118
3,004406,0,0.5009263380627658
3,004415,0,0.5010814658502235
3,004417,0,0.5002289871174732
3,004430,0,0.5036577237627713
3,004434,0,0.5093294915704535
3,004439,0,0.5000955947515286
3,004440,0,0.5099040792828035
3,004442,0,0.5001376898470864
3,004446,0,0.5004649599244871
3,004463,0,0.5001572582426547
3,004464,0,0.5004293057589446
3,004465,0,0.500183963369198
3,004475,0,0.5007045131993593
3,004487,0,0.5000770401875118
3,004493,0,0.5040607712892238
3,004499,0,0.502086628171477
3,004503,0,0.5001101948433256
3,004508,0,0.5001044088984051
3,004523,0,0.5001614424630147
3,004526,0,0.5031734367369992
3,004530,0,0.5000770401875118
3,004531,0,0.5003853363796122
3,004533,0,0.500195376570375
3,004534,0,0.5000878588616654
3,004547,0,0.5048807142059971
3,004557,0,0.5000880173578734
3,004578,0,0.5005300546584194
3,004580,0,0.5004341651213867
3,004582,0,0.5006443578553565
3,004584,0,0.5001027371714023
3,004585,0,0.5003224603357869
3,004587,0,0.5008148193076923
3,004614,0,0.5011741434333413
3,004616,0,0.5000913713861619
3,004629,0,0.5180470512821197
3,004630,0,0.5212087097824478
3,004631,0,0.5011215634269927
3,004632,0,0.5000770401875118
3,004640,0,0.5001121742293144
3,004651,0,0.5000987674440175
3,004664,0,0.5002585388516885
3,004674,0,0.5001444534701762
3,004675,0,0.5112462116001957
3,004678,0,0.5009483188883527
3,004679,0,0.5001223256247435
3,004684,0,0.5014864705143235
3,004686,0,0.5002551786149947
3,004688,0,0.5005285407687327
3,004689,0,0.5002931142771232
3,004690,0,0.50083343280826
3,004695,0,0.5017409400418265
3,004699,0,0.5003635161706014
3,004701,0,0.5021638937015626
3,004714,0,0.500851827031157
3,004719,0,0.5003263743445515
3,004741,0,0.5005516447061942
3,004743,0,0.5004979211422271
3,004746,0,0.500564440577793
3,004760,0,0.5003522111319023
3,004769,0,0.50104992656027
3,004775,0,0.5006023563712308
3,004781,0,0.5095709442092189
3,004788,0,0.5013773203054176
3,004789,0,0.5012751102866111
3,004792,0,0.5034678179069629
3,004796,0,0.5001322285926123
3,004797,0,0.501459382854126
3,004799,0,0.5001214434077653
3,004804,0,0.5001644526230027
3,004806,0,0.5003152474759285
3,004808,0,0.500917884190294
3,004814,0,0.5003258781885302
3,004820,0,0.5002339328256408
3,004836,0,0.5001125394626189
3,004839,0,0.5000770401875118
3,004841,0,0.5002865476909824
3,004843,0,0.5000988315291657
3,004854,0,0.5002621968258756
3,004858,0,0.5003947449825658
3,004860,0,0.5002328165725483
3,004861,0,0.5006384956635433
3,004862,0,0.5008687415607154
3,004864,0,0.5035554421815123
3,004870,0,0.5003356065490692
3,004873,0,0.5000889999844336
3,004874,0,0.5000770401875118
3,004881,0,0.5003053243000664
3,004882,0,0.5000770401875118
3,004894,0,0.500337098227603
3,004895,0,0.5019759868039358
3,004905,0,0.5000770401875118
3,004906,0,0.5012199448188714
3,004913,0,0.5068969067501018
3,004914,0,0.5000770401875118
3,004928,0,0.5004696561441999
3,004929,0,0.5001203707021342
3,004931,0,0.5002122441480255
3,004936,0,0.5002525388629214
3,004940,0,0.5010278068900188
3,004953,0,0.5019654738096354
3,004959,0,0.5001044088984051
3,004964,0,0.5002023602110887
3,004968,0,0.5000770401875118
3,004971,0,0.5001220366342554
3,004982,0,0.502251024816607
3,004986,0,0.5001743818489175
3,005006,0,0.5004526371835567
3,005010,0,0.5005874072385736
3,005016,0,0.5007190168754098
3,005019,0,0.5003263070149399
3,005024,0,0.5006891608450185
3,005028,0,0.5000770401875118
3,005043,0,0.5008571553380678
3,005046,0,0.5001830387636553
3,005058,0,0.5000770401875118
3,005072,0,0.5005145092055945
3,005079,0,0.5000876971954984
3,005094,0,0.5140601174942299
3,005096,0,0.5001694325917756
3,005100,0,0.5020015134956963
3,005116,0,0.5062215152547164
3,005119,0,0.5001840774689927
3,005121,0,0.5018918377573598
3,005134,0,0.500294281433839
3,005135,0,0.5001284328630757
3,005141,0,0.5001560254790005
3,005143,0,0.5002910507248959
3,005152,0,0.5000770401875118
3,005160,0,0.5002578758703519
3,005164,0,0.5007957611172962
3,005178,0,0.5024796481927759
3,005183,0,0.5002110888261396
3,005185,0,0.500281864564696
3,005186,0,0.5004419089330043
3,005189,0,0.5003764399926152
3,005197,0,0.5007185268320787
3,005209,0,0.500904440852865
3,005215,0,0.5022688837445657
3,005216,0,0.5002685039571841
3,005222,0,0.5012397221401551
3,005223,0,0.5021868758058756
3,005224,0,0.5001102521366875
3,005227,0,0.5001708167653799
3,005234,0,0.500989412527081
3,005236,0,0.5024332100201621
3,005238,0,0.5001418750951511
3,005241,0,0.5000889064426178
3,005249,0,0.5000877885652001
3,005252,0,0.500832385014715
3,005257,0,0.5001175371805452
3,005258,0,0.506149020343824
3,005260,0,0.5001136880620559
3,005268,0,0.5017670907326186
3,005274,0,0.5001044088984051
3,005275,0,0.502139206444132
3,005276,0,0.5006147976101464
3,005277,0,0.5003925950150928
3,005278,0,0.5002840950541393
3,005284,0,0.5033126761108773
3,005286,0,0.5001024462146982
3,005287,0,0.5001409182036431
3,005294,0,0.5018209458240815
3,005297,0,0.562980981511913
3,005298,0,0.5042504099055785
3,005304,0,0.5012754571581163
3,005306,0,0.5000969495229574
3,005310,0,0.5001521736046181
3,005313,0,0.5001950817766823
3,005321,0,0.5001127816392182
3,005323,0,0.5000770401875118
3,005324,0,0.5000879386303967
3,005326,0,0.5001479940012313
3,005334,0,0.5002605781358077
3,005337,0,0.5033222869187363
3,005345,0,0.5004186183747009
3,005346,0,0.5004441307167632
3,005348,0,0.5000770401875118
3,005349,0,0.5011820812536942
3,005351,0,0.5013790226801594
3,005366,0,0.5004225135698014
3,005367,0,0.5000770401875118
3,005372,0,0.5001312854228189
3,005374,0,0.5015112576542136
3,005381,0,0.5001376898470864
3,005391,0,0.5004866415054414
3,005394,0,0.5013568418585725
3,005399,0,0.5003293756032646
3,005401,0,0.5000995572975356
3,005418,0,0.5004357199668137
3,005422,0,0.5004297188760655
3,005423,0,0.5020558156889697
3,005433,0,0.500375161246211
3,005439,0,0.5022627104339606
3,005445,0,0.5003770569548275
3,005448,0,0.5007507204942951
3,005452,0,0.5004565522885277
3,005470,0,0.5003506158178402
3,005477,0,0.500164540953826
3,005485,0,0.5009642588667338
3,005488,0,0.5001599616282819
3,005498,0,0.5057856271281996
3,005501,0,0.5004670640901233
3,005503,0,0.5016826707742238
3,005509,0,0.5002596192734746
3,005527,0,0.5011159439141484
3,005538,0,0.5012002368093175
3,005541,0,0.5003960118098014
3,005545,0,0.5002917849423708
3,005546,0,0.5017120565700235
3,005550,0,0.5005553511961152
3,005555,0,0.5000901005738905
3,005556,0,0.5003465550770975
3,005560,0,0.5002120216299972
3,005564,0,0.500102461152545
3,005565,0,0.5000770401875118
3,005566,0,0.5001325627957584
3,005572,0,0.500281573101451
3,005575,0,0.5011691909957184
3,005578,0,0.5005494683880094
3,005583,0,0.500589990709748
3,005587,0,0.5012376458165719
3,005588,0,0.5014813510183599
3,005590,0,0.5006785974788719
3,005592,0,0.5016119975847382
3,005594,0,0.5684950372992404
3,005601,0,0.5003181846057395
3,005606,0,0.5001060072228144
3,005607,0,0.5004269093435213
3,005611,0,0.5003066383835951
3,005612,0,0.5001262857165373
3,005619,0,0.5011665882246616
3,005624,0,0.5001740604947271
3,005628,0,0.5005251246578611
3,005638,0,0.5005585571645457
3,005648,0,0.500218446915388
3,005651,0,0.5000873438945355
3,005652,0,0.5005759774344484
3,005657,0,0.5018704989931391
3,005663,0,0.5012754571268904
3,005665,0,0.5001407219778039
3,005666,0,0.5001124633142141
3,005668,0,0.5043122935867398
3,005671,0,0.5067503317597302
3,005674,0,0.5004211633088302
3,005678,0,0.5004062856482645
3,005682,0,0.5000770401875118
3,005686,0,0.5005998916578822
3,005696,0,0.5001154088884597
3,005699,0,0.5002243927150352
3,005705,0,0.5303665157147103
3,005721,0,0.5005170086722145
3,005722,0,0.5007708026832481
3,005724,0,0.5003729306392497
3,005732,0,0.5002135617225427
3,005734,0,0.5007689740397654
3,005736,0,0.5004415913860415
3,005738,0,0.5000932689955815
3,005741,0,0.5004050886094195
3,005748,0,0.5001639865841155
3,005750,0,0.5001694426392549
3,005755,0,0.50103381484623
3,005760,0,0.5025337033050183
3,005763,0,0.5014512433587971
3,005764,0,0.500307481334689
3,005774,0,0.5001812577226793
3,005775,0,0.5001889873117419
3,005778,0,0.5003961799210347
3,005786,0,0.5012845085814964
3,005798,0,0.5108986770005637
3,005802,0,0.5002206793149615
3,005813,0,0.5003508683148922
3,005821,0,0.5003653875079213
3,005823,0,0.5003200657454283
3,005824,0,0.5005232617777821
3,005826,0,0.5008152874672989
3,005830,0,0.500122643011135
3,005834,0,0.5020754882560496
3,005837,0,0.5004158831467603
3,005842,0,0.500629014550399
3,005866,0,0.5039529166638067
3,005871,0,0.5002193416912055
3,005877,0,0.5007863571756648
3,005882,0,0.5001045486331301
3,005883,0,0.5001565760750348
3,005884,0,0.5006282727725683
3,005895,0,0.5008313989637582
3,005900,0,0.5000770401875118
3,005910,0,0.5000770401875118
3,005914,0,0.5000770401875118
3,005921,0,0.5002021076938297
3,005924,0,0.5019756212673788
3,005925,0,0.5001597501043633
3,005927,0,0.5005181227174768
3,005933,0,0.5000864815811983
3,005934,0,0.5018679882516481
3,005940,0,0.5017579275402604
3,005941,0,0.5002961256897345
3,005946,0,0.5001640995705855
3,005964,0,0.5082256118196428
3,005965,0,0.5001998011999397
3,005975,0,0.5008166125779858
3,005976,0,0.5000879386303967
3,005986,0,0.5005212669857309
3,006001,0,0.5000770401875118
3,006021,0,0.5030549357426074
3,006022,0,0.5000770401875118
3,006027,0,0.5002105105207542
3,006041,0,0.5001049326814239
3,006042,0,0.5001343090710547
3,006045,0,0.5003725324183523
3,006047,0,0.500278097808017
3,006050,0,0.5018946520036046
3,006053,0,0.5001450208877352
3,006063,0,0.5001821785346243
3,006064,0,0.5008121425862385
3,006068,0,0.5000770401875118
3,006070,0,0.5001979862112683
3,006076,0,0.5005668988920645
3,006078,0,0.5001104551740584
3,006084,0,0.5014391370649787
3,006089,0,0.5001507394668246
3,006099,0,0.500190115557113
3,006105,0,0.5002603211849164
3,006106,0,0.5034006796799217
3,006113,0,0.5016823373514933
3,006114,0,0.5051653738900505
3,006115,0,0.5014243319247961
3,006124,0,0.5068123821608476
3,006128,0,0.5000862610667552
3,006136,0,0.5000770401875118
3,006142,0,0.5027654966713377
3,006148,0,0.5000770401875118
3,006155,0,0.5001742674260901
3,006161,0,0.5001083750620707
3,006169,0,0.5000874620283139
3,006173,0,0.5001562884219594
3,006175,0,0.5728268142688047
3,006183,0,0.5008086701903641
3,006185,0,0.5001294583541265
3,006196,0,0.5001843519055258
3,006209,0,0.5015886822998891
3,006218,0,0.5001096705387243
3,006219,0,0.5022043539201397
3,006224,0,0.5001292643235445
3,006225,0,0.5001590148060732
3,006226,0,0.5001901508724175
3,006230,0,0.519237677898261
3,006233,0,0.500317861968272
3,006234,0,0.5004254324506691
3,006236,0,0.5006468862399202
3,006243,0,0.5000770401875118
3,006246,0,0.5004522789213885
3,006248,0,0.5000770401875118
3,006251,0,0.5012638931542189
3,006258,0,0.5010419913814985
3,006263,0,0.5004826734655017
3,006268,0,0.5001475858241488
3,006278,0,0.5015797999835347
3,006281,0,0.5003578076326213
3,006282,0,0.5006113694568856
3,006283,0,0.5013796371330352
3,006286,0,0.5014955309634419
3,006292,0,0.500168655368813
3,006298,0,0.5052072994229233
3,006300,0,0.5055585526947771
3,006304,0,0.5002146528046829
3,006306,0,0.5011090313358375
3,006324,0,0.5002070874908888
3,006329,0,0.5002263340846038
3,006340,0,0.5002243927150352
3,006341,0,0.5016373720396465
3,006356,0,0.5001361100952144
3,006367,0,0.5001662184911828
3,006370,0,0.5013083390891245
3,006372,0,0.5024023167383945
3,006379,0,0.503457700152272
3,006384,0,0.5002278853382274
3,006386,0,0.5005233994913049
3,006390,0,0.5000986493090326
3,006391,0,0.500313852416741
3,006397,0,0.500781559310642
3,006407,0,0.508045155652045
3,006410,0,0.5001022474470542
3,006413,0,0.5003440057946981
3,006417,0,0.5000770401875118
3,006418,0,0.5001816288369434
3,006421,0,0.5009791988632032
3,006422,0,0.500244948556347
3,006429,0,0.5003504386751539
3,006433,0,0.5054257440145081
3,006434,0,0.5002226835019772
3,006441,0,0.5001771309732411
3,006443,0,0.5002573367753596
3,006452,0,0.5002782819522191
3,006465,0,0.5002137938420999
3,006471,0,0.5001939606334087
3,006493,0,0.5003991244598104
3,006496,0,0.501910621221018
3,006498,0,0.500736372946715
3,006500,0,0.5004126602994539
3,006506,0,0.5011027751473377
3,006510,0,0.5001665168505061
3,006514,0,0.5000986071584624
3,006517,0,0.5005673448562311
3,006524,0,0.5009178656000078
3,006534,0,0.5000863561181653
3,006536,0,0.5001544336394025
3,006537,0,0.5044956563883037
3,006544,0,0.5001967042566304
3,006549,0,0.5001748245707556
3,006552,0,0.50062325931458
3,006562,0,0.5006873014445626
3,006568,0,0.5001605556702791
3,006572,0,0.5002629373509092
3,006586,0,0.500273240903027
3,006588,0,0.5000770401875118
3,006610,0,0.5002981632020312
3,006618,0,0.5009489393002132
3,006629,0,0.5001842861680978
3,006632,0,0.5003066383835951
3,006643,0,0.5001010542619413
3,006644,0,0.5002490226674856
3,006645,0,0.500805295233961
3,006656,0,0.5008467112251441
3,006662,0,0.5005828220244691
3,006664,0,0.5079052806821007
3,006667,0,0.5004298438230915
3,006672,0,0.5005285775655798
3,006675,0,0.5007470907554387
3,006684,0,0.5001351202325317
3,006687,0,0.5001017574155769
3,006688,0,0.5001592821719019
3,006690,0,0.5001856989548685
3,006694,0,0.501745154503788
3,006697,0,0.5001965522404914
3,006705,0,0.5003091423723255
3,006706,0,0.5000770401875118
3,006710,0,0.5005170086722145
3,006714,0,0.5002948431734261
3,006726,0,0.5003115729956668
3,006735,0,0.5016967991536162
3,006740,0,0.5006684369410181
3,006741,0,0.5002729566221078
3,006742,0,0.5005713436286654
3,006748,0,0.5017548348496877
3,006753,0,0.5000770401875118
3,006759,0,0.5001652233090143
3,006760,0,0.5001023738268993
3,006761,0,0.5000770401875118
3,006765,0,0.5010140457269168
3,006769,0,0.5000770401875118
3,006770,0,0.5007189065340844
3,006774,0,0.5002789134967324
3,006775,0,0.5000877565739161
3,006780,0,0.5001015818962117
3,006781,0,0.5017908171262153
3,006783,0,0.5000863875779661
3,006785,0,0.5044465111240828
3,006789,0,0.5001385264796973
3,006790,0,0.5000770401875118
3,006802,0,0.5002102663987359
3,006804,0,0.5001037649328414
3,006812,0,0.5001137623276259
3,006813,0,0.5002984594624045
3,006817,0,0.5002179170499469
3,006820,0,0.5002822952206484
3,006824,0,0.5000974096927593
3,006835,0,0.5003258781885302
3,006838,0,0.5002975934241206
3,006840,0,0.50063431727055
3,006852,0,0.5002827865303688
3,006853,0,0.5009094851483596
3,006854,0,0.5002407593491492
3,006856,0,0.500433603690397
3,006857,0,0.5002999532786355
3,006861,0,0.5005535715045771
3,006864,0,0.5000889496988496
3,006865,0,0.501245583142149
3,006872,0,0.5024236159203138
3,006875,0,0.5004695621518008
3,006883,0,0.5001684934213436
3,006884,0,0.5006104305866057
3,006885,0,0.5002842609635447
3,006897,0,0.5000873378110764
3,006899,0,0.5001572060441116
3,006904,0,0.5015479436014781
3,006905,0,0.5003313006598122
3,006908,0,0.5002067630492104
3,006916,0,0.5000770401875118
3,006922,0,0.5027734081257536
3,006923,0,0.5003863138444086
3,006927,0,0.5005307441328423
3,006928,0,0.5003960118098014
3,006942,0,0.5001282000584173
3,006951,0,0.5002810118898482
3,006963,0,0.5001355676593983
3,006972,0,0.5002314221716426
3,006980,0,0.5021153308019791
3,006984,0,0.5021425339489956
3,006986,0,0.500105590646132
3,006992,0,0.5004312671896826
3,006997,0,0.5040060697515568
3,007004,0,0.5002980308163174
3,007009,0,0.5008363848422548
3,007013,0,0.5025934513379733
3,007015,0,0.5005100729677232
3,007024,0,0.5001110228194892
3,007025,0,0.5003756664007883
3,007026,0,0.5001001238224235
3,007030,0,0.5064255096754608
3,007035,0,0.5007802656152532
3,007046,0,0.5010915328421591
3,007051,0,0.50153942720292
3,007054,0,0.5084902781235386
3,007066,0,0.5002292463849064
3,007072,0,0.5022846388956693
3,007076,0,0.5004100125150932
3,007081,0,0.5003677999787851
3,007084,0,0.5004779558580315
3,007087,0,0.5010002823459797
3,007102,0,0.5002583965838523
3,007104,0,0.5040469142445455
3,007119,0,0.5001438013287134
3,007121,0,0.5013558613928093
3,007122,0,0.5003999068638085
3,007127,0,0.5031404064522901
3,007128,0,0.5002401981459487
3,007134,0,0.5001419796789994
3,007136,0,0.5008431266722732
3,007141,0,0.5004917358321725
3,007147,0,0.5000866123334545
3,007148,0,0.5069235169154914
3,007152,0,0.5005382335869452
3,007156,0,0.5018989851220915
3,007159,0,0.5000875551881441
3,007162,0,0.5006297196299618
3,007168,0,0.5001125899170625
3,007169,0,0.5009259423265554
3,007171,0,0.5023738385442414
3,007178,0,0.5002504851329395
3,007179,0,0.5003168029745967
3,007182,0,0.5006220509327797
3,007193,0,0.5000770401875118
3,007196,0,0.5007754899343565
3,007203,0,0.5002701918273003
3,007205,0,0.5012967310903513
3,007209,0,0.5001089434654102
3,007212,0,0.5001978269635046
3,007219,0,0.5004733883787924
3,007220,0,0.5004674774088038
3,007222,0,0.5001454041041588
3,007225,0,0.5001462723812189
3,007230,0,0.5000990488315196
3,007233,0,0.5000869441691214
3,007234,0,0.5003766528950323
3,007235,0,0.5001772769785373
3,007240,0,0.5003955658628718
3,007241,0,0.5001095434670015
3,007248,0,0.5013212984093876
3,007254,0,0.5001101948433256
3,007255,0,0.5001366662681813
3,007258,0,0.5002114860293922
3,007260,0,0.5018521017093177
3,007266,0,0.5002305391599836
3,007267,0,0.5000770401875118
3,007268,0,0.5076094958055829
3,007269,0,0.500187748602643
3,007271,0,0.5003293041428556
3,007274,0,0.5128748494559001
3,007282,0,0.5001647748944674
3,007284,0,0.502380759605143
3,007294,0,0.5003888542264894
3,007300,0,0.5001757906424861
3,007303,0,0.5007596829020623
3,007306,0,0.5000977868508597
3,007309,0,0.5004157179362895
3,007313,0,0.5032729673998666
3,007321,0,0.5001124534712593
3,007326,0,0.5006031911556107
3,007327,0,0.5001134447721227
3,007330,0,0.5007321737423257
3,007333,0,0.5022589987145288
3,007345,0,0.5003784690906288
3,007349,0,0.500130499809031
3,007354,0,0.500590210466233
3,007355,0,0.5002140593301941
3,007360,0,0.5011784600609446
3,007361,0,0.5003168749381144
3,007362,0,0.5000770401875118
3,007363,0,0.5003242928367665
3,007370,0,0.5002566809939254
3,007375,0,0.5007697745405589
3,007376,0,0.5020680433541413
3,007380,0,0.5029362617097821
3,007402,0,0.5001938452845299
3,007405,0,0.5003496087573461
3,007408,0,0.500922014539544
3,007411,0,0.5013360438203092
3,007413,0,0.5010354987210672
3,007429,0,0.5018581591922552
3,007438,0,0.5001369258844898
3,007461,0,0.5001964027248464
3,007465,0,0.5000770401875118
3,007475,0,0.5002767606453978
3,007482,0,0.5001207666688695
3,007487,0,0.5011009188899647
3,007506,0,0.5009898667081222
3,007510,0,0.5002273780413069
3,007513,0,0.500701513554077
3,007516,0,0.5004443098319737
3,007517,0,0.5006779830336967
3,007519,0,0.5002077599465854
3,007526,0,0.5006510114749388
3,007527,0,0.500375905400759
3,007533,0,0.5001366342132475
3,007539,0,0.50014888653737
3,007549,0,0.5003995063340557
3,007556,0,0.5013358702499547
3,007558,0,0.5001466012720189
3,007561,0,0.5000770401875118
3,007562,0,0.510945094115563
3,007563,0,0.5000770401875118
3,007571,0,0.5001341231142242
3,007581,0,0.5000867981606406
3,007583,0,0.5002212596276642
3,007594,0,0.5008806147746194
3,007595,0,0.5013147188186696
3,007596,0,0.5004840454737121
3,007608,0,0.5003407506608412
3,007612,0,0.5000999554883511
3,007621,0,0.5010208064117432
3,007632,0,0.5003147755360422
3,007633,0,0.500278097808017
3,007637,0,0.5001513065755252
3,007638,0,0.5007614412669827
3,007643,0,0.500129974270719
3,007644,0,0.5001666166400389
3,007648,0,0.5435559361789227
3,007653,0,0.5001574463873085
3,007678,0,0.50038763611527
3,007682,0,0.5380152836551735
3,007689,0,0.5002288142056008
3,007694,0,0.5012217675347815
3,007696,0,0.5004863175230629
3,007703,0,0.504523933077531
3,007704,0,0.5017651765063817
3,007705,0,0.501814736981788
3,007711,0,0.5036325750976538
3,007715,0,0.5007622746580525
3,007718,0,0.5021953145995417
3,007719,0,0.5030413849148707
3,007729,0,0.501855619850024
3,007733,0,0.5026093925612685
3,007735,0,0.5004468315666442
3,007743,0,0.501024408919316
3,007745,0,0.5013585996000477
3,007747,0,0.5025342847344473
3,007751,0,0.5006185367003274
3,007753,0,0.5003735011364157
3,007757,0,0.5001567841956933
3,007759,0,0.5040016021072232
3,007762,0,0.5011775334269652
3,007765,0,0.5031328248312509
3,007768,0,0.501560118221759
3,007781,0,0.5001164765969073
3,007783,0,0.5021490930364515
3,007784,0,0.5029760990761689
3,007794,0,0.5019459320617485
3,007802,0,0.5007175893854103
3,007808,0,0.5001958975172035
3,007809,0,0.5024132828134137
3,007819,0,0.5013925957944881
3,007820,0,0.5030855135859907
3,007826,0,0.5007859676713773
3,007828,0,0.5000770401875118
3,007837,0,0.5000770401875118
3,007840,0,0.5014332644623288
3,007847,0,0.5001601568189717
3,007856,0,0.5001448340173941
3,007859,0,0.5001821785346243
3,007865,0,0.5006092433206297
3,007879,0,0.500184360310598
3,007884,0,0.5011597135856147
3,007893,0,0.5018967366069422
3,007905,0,0.5016807852663605
3,007908,0,0.5005071156093576
3,007909,0,0.500232688336992
3,007924,0,0.5001346274578201
3,007925,0,0.5068775201226838
3,007926,0,0.5003632883543546
3,007927,0,0.5025104344463457
3,007932,0,0.5000770401875118
3,007933,0,0.5041841944753629
3,007938,0,0.500327022738226
3,007939,0,0.5005394132921562
3,007942,0,0.5003844405387231
3,007944,0,0.5006731584257407
3,007945,0,0.5001880075639191
3,007950,0,0.5002450706820958
3,007952,0,0.5001551638051542
3,007955,0,0.500192019937037
3,007957,0,0.500556523973564
3,007959,0,0.500230795647813
3,007960,0,0.5003615460692243
3,007967,0,0.5022469703884614
3,007969,0,0.5027094821256518
3,007982,0,0.5008263694446556
3,007996,0,0.5003661211934662
3,007997,0,0.5015645900836123
3,008007,0,0.5003037305146381
3,008021,0,0.5001019870262937
3,008028,0,0.5006098691011545
3,008029,0,0.500257687696868
3,008032,0,0.500167852511404
3,008035,0,0.5005884260390852
3,008039,0,0.5002625567040849
3,008043,0,0.500328247986495
3,008044,0,0.5001028409732439
3,008047,0,0.5703384092778477
3,008059,0,0.5000770401875118
3,008060,0,0.5001972595621142
3,008066,0,0.5001678253462144
3,008076,0,0.5018262502132241
3,008080,0,0.502273793039732
3,008088,0,0.5002993089168198
3,008091,0,0.5002906233531312
3,008101,0,0.5005439375301192
3,008110,0,0.500146162485802
3,008111,0,0.5010791244768543
3,008135,0,0.5001858242051561
3,008137,0,0.5000770401875118
3,008151,0,0.5007899204053183
3,008152,0,0.5001207503365288
3,008157,0,0.5009592541636267
3,008158,0,0.5059813324400846
3,008160,0,0.5006343277902219
3,008168,0,0.5003655398291821
3,008173,0,0.5000770401875118
3,008174,0,0.5001162944000306
3,008175,0,0.5003400564853346
3,008176,0,0.5006140761196782
3,008177,0,0.5266803416323873
3,008179,0,0.5016498437436585
3,008181,0,0.5004301307627282
3,008183,0,0.5002052259439985
3,008198,0,0.5002820922624422
3,008200,0,0.5000969786008804
3,008201,0,0.5003414883626245
3,008203,0,0.5033907802308979
3,008208,0,0.5001025593337972
3,008218,0,0.5011125888208979
3,008223,0,0.5003228977961439
3,008225,0,0.5001479780991621
3,008239,0,0.5001815660543569
3,008242,0,0.5012993776392612
3,008256,0,0.5016977124586481
3,008261,0,0.5002931626454632
3,008265,0,0.5002314722824563
3,008267,0,0.5008452709670418
3,008277,0,0.5004474022668106
3,008280,0,0.5004432515570957
3,008281,0,0.5007624952376941
3,008282,0,0.5012559766836345
3,008285,0,0.5033944892311811
3,008289,0,0.5000770401875118
3,008296,0,0.5001079816626826
3,008300,0,0.5011146994119758
3,008307,0,0.5030833611043997
3,008308,0,0.5005286255481141
3,008312,0,0.5010886758810779
3,008315,0,0.5017745562727433
3,008328,0,0.5013690389117327
3,008333,0,0.5014548481633967
3,008340,0,0.5003140747340636
3,008341,0,0.5001985237986956
3,008350,0,0.5005362056170509
3,008353,0,0.5011754170035698
3,008355,0,0.5001548818388034
3,008358,0,0.500814334129549
3,008359,0,0.5009993284736326
3,008362,0,0.5005878391832991
3,008364,0,0.5005440203617751
3,008369,0,0.5001981084487614
3,008374,0,0.5021057308988459
3,008377,0,0.5001434046009733
3,008381,0,0.5034548406235696
3,008384,0,0.5051213563768613
3,008390,0,0.5009188538637649
3,008391,0,0.5001466821052544
3,008397,0,0.5005239803322572
3,008400,0,0.5000870784467767
3,008407,0,0.5015385949502511
3,008423,0,0.5016813634242078
3,008424,0,0.5003813868060933
3,008425,0,0.5001563140233314
3,008427,0,0.5004300151282272
3,008428,0,0.5004005474200103
3,008430,0,0.5003077524671494
3,008437,0,0.5001458860540715
3,008444,0,0.5003484334222482
3,008449,0,0.5017058940414446
3,008452,0,0.5132096921463959
3,008457,0,0.5030628169047906
3,008459,0,0.5000995572975356
3,008472,0,0.5003221142833616
3,008476,0,0.5015573624631441
3,008479,0,0.5000770401875118
3,008481,0,0.50032001500607
3,008482,0,0.5001268877204375
3,008492,0,0.5180101123387711
3,008502,0,0.5001902975277299
3,008517,0,0.5012289086916487
3,008524,0,0.5005225695652177
3,008526,0,0.5011590733101587
3,008530,0,0.5003405921387057
3,008538,0,0.5001069203106788
3,008539,0,0.5008180231485055
3,008540,0,0.500163518596403
3,008543,0,0.5003270169841346
3,008554,0,0.5023067134089527
3,008557,0,0.5001186789830744
3,008558,0,0.5010903068653919
3,008570,0,0.5002152747172373
3,008584,0,0.5038490624692112
3,008585,0,0.500087698353054
3,008588,0,0.50038477295387
3,008590,0,0.5005495429079562
3,008594,0,0.5073158828990909
3,008595,0,0.5003645775630026
3,008602,0,0.5002502480048475
3,008607,0,0.5004972540656168
3,008620,0,0.5009292647169392
3,008625,0,0.5001129798072912
3,008631,0,0.50019075612663
3,008636,0,0.5008223421714382
3,008649,0,0.5003459151373274
3,008650,0,0.5000770401875118
3,008659,0,0.5033335620867172
3,008663,0,0.5005303659120525
3,008664,0,0.50010935042294
3,008674,0,0.5017515463468243
3,008677,0,0.5041004741319756
3,008682,0,0.5001567170002357
3,008684,0,0.5018289099150092
3,008689,0,0.5007832901261271
3,008690,0,0.5019066945089447
3,008691,0,0.50050079335197
3,008694,0,0.5014526591307432
3,008696,0,0.5003575419414231
3,008697,0,0.5004840878509328
3,008698,0,0.500201285428106
3,008699,0,0.5001591067382859
3,008702,0,0.501457213586117
3,008706,0,0.5021934521440803
3,008712,0,0.5001814614969669
3,008713,0,0.5052664630878705
3,008716,0,0.5007681434253768
3,008735,0,0.500127674760633
3,008745,0,0.5126619162267537
3,008746,0,0.5001735330678606
3,008747,0,0.5004299870143168
3,008748,0,0.500413359849914
3,008749,0,0.5016103307677725
3,008751,0,0.5004712159906651
3,008754,0,0.5012617409202637
3,008756,0,0.5016884001007609
3,008758,0,0.5006239565666024
3,008763,0,0.5000913713861619
3,008765,0,0.5001490934865948
3,008772,0,0.5000888343614909
3,008786,0,0.5028836964436344
3,008790,0,0.5011434148352523
3,008792,0,0.5001623349075665
3,008794,0,0.5000770401875118
3,008795,0,0.5028357319359128
3,008797,0,0.5013454947927548
3,008799,0,0.5001343090710547
3,008814,0,0.5001262630213226
3,008815,0,0.5006580093314601
3,008820,0,0.5008481039380651
3,008826,0,0.5002330608072105
3,008827,0,0.5006046733679693
3,008834,0,0.5001321418593266
3,008838,0,0.5002732670554777
3,008841,0,0.5008892894985991
3,008859,0,0.5003391067045987
3,008862,0,0.5011616782980742
3,008871,0,0.504081291874991
3,008880,0,0.5094781566004548
3,008884,0,0.5107762349077251
3,008887,0,0.5005876480680423
3,008898,0,0.5003635729682792
3,008899,0,0.5007156631812005
3,008901,0,0.5003126603584053
3,008908,0,0.5023391515493317
3,008914,0,0.5001858550545947
3,008917,0,0.5001497652065486
3,008919,0,0.5098617735342278
3,008922,0,0.5000884744403693
3,008926,0,0.5000882037058368
3,008929,0,0.5028478088541147
3,008938,0,0.5017777456826001
3,008940,0,0.5001101631117948
3,008943,0,0.5027477856151547
3,008944,0,0.5007146740371367
3,008946,0,0.5042142395113594
3,008948,0,0.5001770665030092
3,008953,0,0.5005517843015068
3,008954,0,0.5026530200079897
3,008955,0,0.5007917504337823
3,008956,0,0.5001437277463481
3,008959,0,0.5079986148865676
3,008963,0,0.5003614094559866
3,008975,0,0.5021386863458219
3,008978,0,0.5000974096927593
3,008984,0,0.5001884369464791
3,008998,0,0.5001602378167608
3,008999,0,0.5001858805896269
3,009004,0,0.5001505344544536
3,009005,0,0.5005280824654667
3,009022,0,0.5008615548539503
3,009025,0,0.5001930541329523
3,009032,0,0.5004233379567785
3,009034,0,0.500240533814107
3,009037,0,0.502741160167473
3,009042,0,0.500283436179657
3,009048,0,0.5037831069401523
3,009050,0,0.5018548310605493
3,009056,0,0.5002755345603294
3,009060,0,0.5022677967958971
3,009068,0,0.5010912986670963
3,009075,0,0.5011273725994617
3,009079,0,0.5004393415361564
3,009082,0,0.5000770401875118
3,009093,0,0.5044577529183382
3,009096,0,0.5005184494825551
3,009112,0,0.5009411362002945
3,009119,0,0.5006291052675275
3,009120,0,0.5074579309897634
3,009121,0,0.5008947941320813
3,009129,0,0.5012928820361534
3,009131,0,0.5002943013494704
3,009137,0,0.5007272412463376
3,009141,0,0.5006672598702002
3,009144,0,0.5011817793625227
3,009146,0,0.502470356906422
3,009156,0,0.5003224433495735
3,009157,0,0.5001194951601899
3,009182,0,0.5000865569696457
3,009185,0,0.5006198806398867
3,009186,0,0.5024393349746735
3,009189,0,0.5001137623276259
3,009191,0,0.5011871783911144
3,009204,0,0.5001366662681813
3,009205,0,0.5005963708280753
3,009207,0,0.5001832008232961
3,009212,0,0.5002289095446101
3,009233,0,0.5416986156291261
3,009236,0,0.5007533146324594
3,009237,0,0.5002471386260742
3,009239,0,0.50100567029692
3,009256,0,0.5053893842594245
3,009257,0,0.5023052517378669
3,009259,0,0.5004533109694862
3,009268,0,0.5001456643763412
3,009270,0,0.5007067925591402
3,009271,0,0.5014837195117543
3,009275,0,0.5016129283698514
3,009281,0,0.5000770401875118
3,009284,0,0.5001737877946942
3,009286,0,0.5001289095331934
3,009289,0,0.5001165336993258
3,009294,0,0.5001648223897301
3,009295,0,0.5012947000548178
3,009301,0,0.5025295751302279
3,009303,0,0.5006856715715463
3,009305,0,0.5002021094824022
3,009307,0,0.503845985380918
3,009312,0,0.5001616716949161
3,009314,0,0.5004424937437307
3,009317,0,0.5000770401875118
3,009321,0,0.5000984602075916
3,009325,0,0.5007841502744848
3,009337,0,0.5023327768979482
3,009345,0,0.5003550743373488
3,009347,0,0.5022944968419187
3,009353,0,0.5001263551608027
3,009356,0,0.500207620814867
3,009360,0,0.5004889351216792
3,009366,0,0.5002105512112228
3,009374,0,0.50031659786139
3,009378,0,0.5014889841894326
3,009384,0,0.5003916780173053
3,009392,0,0.5008093477834065
3,009393,0,0.5001667132010702
3,009396,0,0.5011836310827782
3,009397,0,0.5004331904677677
3,009398,0,0.5004253023069253
3,009416,0,0.5003281956891011
3,009420,0,0.5001459157377272
3,009425,0,0.5003914331836037
3,009434,0,0.5003217801022006
3,009439,0,0.5002833884971535
3,009443,0,0.5000770401875118
3,009444,0,0.5000770401875118
3,009448,0,0.5044685168785368
3,009449,0,0.5000864815811983
3,009450,0,0.5008297642912498
3,009465,0,0.5019901526180638
3,009479,0,0.5003877385665768
3,009480,0,0.5011594558093599
3,009487,0,0.5014617159902439
3,009498,0,0.5145521481876336
3,009507,0,0.5005833949256279
3,009516,0,0.5013213391694155
3,009519,0,0.5011957470981273
3,009523,0,0.5000883400204866
3,009525,0,0.506857171147158
3,009528,0,0.5005848650946304
3,009530,0,0.5007414417388654
3,009532,0,0.5003273417762865
3,009535,0,0.5001272358261423
3,009536,0,0.5011636715704144
3,009543,0,0.5005277903368154
3,009545,0,0.500268651744959
3,009551,0,0.5006107369212703
3,009553,0,0.5019246846435449
3,009554,0,0.5014973261649978
3,009556,0,0.5011996196796228
3,009560,0,0.500087047730411
3,009562,0,0.5025270798602167
3,009564,0,0.500265296767024
3,009566,0,0.5001766105550396
3,009571,0,0.5001453315445463
3,009572,0,0.5002179170499469
3,009584,0,0.5140589973243413
3,009590,0,0.5025417396804637
3,009594,0,0.5002439675172027
3,009596,0,0.5011588833130862
3,009601,0,0.5005889779640906
3,009602,0,0.5000860355037591
3,009612,0,0.5003480994225962
3,009618,0,0.5000770401875118
3,009624,0,0.5002814507671453
3,009629,0,0.5000770401875118
3,009632,0,0.5005866536769589
3,009634,0,0.5001284443222626
3,009635,0,0.500104005619115
3,009639,0,0.5021365029923294
3,009644,0,0.5007835426813941
3,009650,0,0.5001721064665637
3,009654,0,0.5002769896617633
3,009670,0,0.5001491180173184
3,009672,0,0.5011709375526722
3,009673,0,0.5001277129811493
3,009678,0,0.5016189376724554
3,009680,0,0.5004415595964216
3,009684,0,0.5006135237325209
3,009700,0,0.500116221109757
3,009701,0,0.5003570317784154
3,009713,0,0.5000965680482751
3,009714,0,0.5001609484909973
3,009724,0,0.50016048706311
3,009728,0,0.5057796171715173
3,009729,0,0.5011740433702239
3,009733,0,0.5004266586011955
3,009738,0,0.5001149411486321
3,009741,0,0.5005324581261462
3,009742,0,0.5002060104772313
3,009747,0,0.5001898984505638
3,009754,0,0.5153392931431694
3,009757,0,0.5001133509792313
3,009764,0,0.5005545535824082
3,009765,0,0.5002254397636492
3,009768,0,0.5000985532637322
3,009772,0,0.5002986874206415
3,009776,0,0.5001700275183015
3,009783,0,0.50179102820904
3,009784,0,0.5005812291446391
3,009795,0,0.5003989510824518
3,009797,0,0.500176039396364
3,009798,0,0.5001478159540924
3,009806,0,0.5009026605131341
3,009811,0,0.500171272847547
3,009812,0,0.5003907297906348
3,009820,0,0.5007877165375826
3,009821,0,0.5005593458992407
3,009825,0,0.5001112618316459
3,009831,0,0.5002658761342007
3,009833,0,0.5003258680344238
3,009834,0,0.5050932854217665
3,009836,0,0.5005067722533407
3,009838,0,0.5001003494032935
3,009841,0,0.5001300308956588
3,009842,0,0.5003888985930428
3,009843,0,0.5008534589506227
3,009844,0,0.5045145885070482
3,009846,0,0.5011883167607468
3,009847,0,0.5004865231562043
3,009849,0,0.5002494242411156
3,009852,0,0.5015396405172257
3,009854,0,0.5005044760075825
3,009855,0,0.5030007160366446
3,009856,0,0.5015212596227664
3,009863,0,0.5009306837191684
3,009865,0,0.5002556413279339
3,009868,0,0.5028405964402518
3,009870,0,0.500087047730411
3,009873,0,0.5003119989728723
3,009882,0,0.5002262543174221
3,009890,0,0.5006003417720392
3,009891,0,0.5001465638596042
3,009892,0,0.5013203289553294
3,009896,0,0.5001800242974674
3,009899,0,0.5000770401875118
3,009909,0,0.5139725206087512
3,009913,0,0.5001240210096528
3,009917,0,0.5033272384766044
3,009918,0,0.5003500462131861
3,009924,0,0.5011722983530982
3,009927,0,0.5001409484607717
3,009932,0,0.5034369662702538
3,009939,0,0.5005293618436438
3,009944,0,0.5001305844336966
3,009945,0,0.5001344845990751
3,009950,0,0.5013580966972582
3,009961,0,0.5002805887866391
3,009971,0,0.5003509322043793
3,009985,0,0.500819657994084
3,009994,0,0.5001181882917073
3,009996,0,0.5054283559335204
3,010001,0,0.5014883197937182
3,010002,0,0.5015477966323156
3,010004,0,0.5000932689955815
3,010005,0,0.5002144258901617
3,010006,0,0.5003035728005085
3,010008,0,0.5001500402209458
3,010011,0,0.5011979262127783
3,010013,0,0.5022660587142335
3,010021,0,0.5175154604676363
3,010026,0,0.5006505996617031
3,010038,0,0.5003647523087138
3,010039,0,0.5022641871607136
3,010042,0,0.5028991600282408
3,010050,0,0.5006823851235073
3,010065,0,0.5007670341862644
3,010068,0,0.5011288006215998
3,010073,0,0.5002140593301941
3,010083,0,0.5003063715406721
3,010084,0,0.501867857173658
3,010086,0,0.5005061374778678
3,010088,0,0.5001517196934387
3,010089,0,0.5007048366237098
3,010091,0,0.5001302264922424
3,010095,0,0.5001688661446717
3,010099,0,0.5084037266196944
3,010105,0,0.5001590148060732
3,010119,0,0.5125686140223534
3,010121,0,0.5019772041829825
3,010125,0,0.5003908226012634
3,010133,0,0.5002269106427494
3,010135,0,0.5012112290256088
3,010137,0,0.5022865799525571
3,010149,0,0.5013811579836422
3,010150,0,0.5000770401875118
3,010154,0,0.5002189169029877
3,010161,0,0.5005892617603545
3,010173,0,0.5015797612183848
3,010184,0,0.5001921892213
3,010188,0,0.5006051656389829
3,010205,0,0.5006891447490561
3,010219,0,0.5010238916492143
3,010220,0,0.5004160953776622
3,010223,0,0.5019784103237929
3,010233,0,0.5002537227786366
3,010239,0,0.51206744513543
3,010242,0,0.5004755448055476
3,010243,0,0.500420967135592
3,010244,0,0.5000770401875118
3,010245,0,0.5013573422820804
3,010250,0,0.5006044958194049
3,010275,0,0.5025460132436702
3,010277,0,0.5017041081318142
3,010278,0,0.5001018689796212
3,010279,0,0.5028728951085845
3,010283,0,0.5002480737544654
3,010285,0,0.5071537542240545
3,010291,0,0.5007993013658463
3,010296,0,0.5001221331686759
3,010297,0,0.5006191611192946
3,010299,0,0.5006648780727179
3,010312,0,0.5000770401875118
3,010316,0,0.5004829472269263
3,010320,0,0.5041970567153886
3,010329,0,0.5003796922790359
3,010334,0,0.5010787844216509
3,010337,0,0.5001006449750639
3,010342,0,0.5001455710083054
3,010344,0,0.5032171667427225
3,010349,0,0.5005301000014538
3,010353,0,0.5005654333636149
3,010358,0,0.5001737947383007
3,010363,0,0.5001155802733266
3,010367,0,0.5003314935452008
3,010371,0,0.5015699821484992
3,010375,0,0.5005219785564474
3,010385,0,0.5000770401875118
3,010391,0,0.5004395332109848
3,010396,0,0.5006578043017307
3,010405,0,0.5021527627567552
3,010406,0,0.5002638354608603
3,010408,0,0.5001344761266142
3,010411,0,0.5010823084173083
3,010413,0,0.500594468125109
3,010419,0,0.500113119371933
3,010421,0,0.5005989173425364
3,010426,0,0.5005889204571509
3,010428,0,0.5051936091327218
3,010433,0,0.5010214290734061
3,010438,0,0.5052373283859396
3,010440,0,0.5018623378398951
3,010444,0,0.5015605783491364
3,010445,0,0.5001333519602337
3,010447,0,0.5027400873572517
3,010449,0,0.5001195161823206
3,010453,0,0.5013863025009869
3,010461,0,0.5002605536139055
3,010470,0,0.500664497131057
3,010478,0,0.5025001313234374
3,010483,0,0.5003659395714548
3,010488,0,0.5001329878520465
3,010493,0,0.500916252953206
3,010501,0,0.5182341189975785
3,010503,0,0.5001366933183271
3,010506,0,0.5001630055666042
3,010509,0,0.5003586773107728
3,010512,0,0.5028565280839162
3,010526,0,0.5001712276995315
3,010528,0,0.500086187983988
3,010530,0,0.5000960825073522
3,010540,0,0.5002186296064312
3,010546,0,0.5002299748723461
3,010547,0,0.5013980073125379
3,010553,0,0.5049306802949742
3,010555,0,0.5002902616280377
3,010558,0,0.5003279742538083
3,010568,0,0.5015210379266276
3,010591,0,0.5045143415764672
3,010597,0,0.5001827733597447
3,010601,0,0.5001883976839638
3,010635,0,0.500634143489975
3,010638,0,0.5002976310874461
3,010639,0,0.5217614319820592
3,010642,0,0.5019489677387824
3,010644,0,0.5001242501208121
3,010646,0,0.5011840816158355
3,010659,0,0.5071530518894469
3,010664,0,0.5023165610258798
3,010666,0,0.5002644923744208
3,010671,0,0.5001499819067071
3,010679,0,0.5040991885967365
3,010688,0,0.5001530719634056
3,010692,0,0.5003700043960463
3,010695,0,0.5108979878390243
3,010697,0,0.5001204312563737
3,010701,0,0.500484973740694
3,010707,0,0.5003763757212043
3,010708,0,0.5003684533428506
3,010719,0,0.5005623558691863
3,010721,0,0.5010244855185871
3,010722,0,0.5005825471689868
3,010726,0,0.5023502777551393
3,010729,0,0.500325384691232
3,010730,0,0.5040001683330537
3,010754,0,0.5007265411684639
3,010776,0,0.500354151241011
3,010777,0,0.5212850945119873
3,010779,0,0.5002393937811044
3,010786,0,0.5007941597869581
3,010799,0,0.5000890477463822
3,010803,0,0.5003855666710262
3,010811,0,0.5007951498289671
3,010812,0,0.5190904321199277
3,010814,0,0.5141580462511406
3,010815,0,0.5001495394960984
3,010821,0,0.500143196231418
3,010822,0,0.5005895924354887
3,010824,0,0.5017610103868738
3,010827,0,0.5022684930704712
3,010829,0,0.502809443651509
3,010832,0,0.5001874784587271
3,010840,0,0.5019517224810338
3,010846,0,0.5002512251224079
3,010848,0,0.5027423573841413
3,010852,0,0.5004429431765649
3,010865,0,0.5017572177147507
3,010869,0,0.5025824215772196
3,010876,0,0.5000770401875118
3,010880,0,0.5011416618759398
3,010882,0,0.5020222800408474
3,010910,0,0.5001163531935326
3,010914,0,0.5002930883835252
3,010917,0,0.5004022876578766
3,010919,0,0.5002012924288346
3,010922,0,0.5001220366342554
3,010924,0,0.5012403273839761
3,010927,0,0.5034745059233062
3,010933,0,0.5105635674622009
3,010936,0,0.5001518506412093
3,010937,0,0.5014269995030772
3,010939,0,0.5008374152797149
3,010958,0,0.5005780290937593
3,010967,0,0.501417828435998
3,010972,0,0.501087356004126
3,010976,0,0.5001311826673431
3,010983,0,0.500087047730411
3,010985,0,0.5007727212847792
3,010987,0,0.5001531629477721
3,010990,0,0.5000770401875118
3,010991,0,0.500484653835297
3,010997,0,0.5001493736032714
3,010999,0,0.5014254096349423
3,011000,0,0.5034599761757602
3,011002,0,0.5001825668345327
3,011003,0,0.5001733985624675
3,011006,0,0.5004089901582223
3,011008,0,0.5001139766696422
3,011013,0,0.5013818855866832
3,011030,0,0.5006885883242486
3,011033,0,0.5003952913884048
3,011038,0,0.5144976974154938
3,011045,0,0.5004966412529797
3,011049,0,0.5002148188298763
3,011050,0,0.5024663044874464
3,011051,0,0.5003147616836777
3,011054,0,0.5001362095860417
3,011059,0,0.5006407811803524
3,011064,0,0.5015922455735214
3,011068,0,0.5007467356613811
3,011080,0,0.5004024450590276
3,011084,0,0.5002400118470172
3,011087,0,0.5019239850302529
3,011088,0,0.5013558570995692
3,011089,0,0.5049876702412557
3,011090,0,0.5004992329905718
3,011093,0,0.5001123068442098
3,011100,0,0.50094428723608
3,011101,0,0.5002892839175935
3,011104,0,0.5001639865841155
3,011109,0,0.500484140737997
3,011120,0,0.500510470689005
3,011122,0,0.5002543172874603
3,011124,0,0.5073421599662192
3,011125,0,0.5025938403914421
3,011132,0,0.5001518506412093
3,011142,0,0.501332638218499
3,011144,0,0.5010876368544984
3,011151,0,0.5017604251058568
3,011152,0,0.5001003816376911
3,011162,0,0.5001761682203668
3,011171,0,0.5010596915054896
3,011174,0,0.5095258048826488
3,011176,0,0.5006343092098441
3,011181,0,0.5001329805809772
3,011186,0,0.5001698072551903
3,011187,0,0.5225548384631439
3,011197,0,0.5002146528046829
3,011210,0,0.50471498409218
3,011213,0,0.501488376990763
3,011217,0,0.5005875496139074
3,011220,0,0.5001473522407044
3,011239,0,0.500919666541273
3,011244,0,0.5006996879277537
3,011247,0,0.5206020758223505
3,011260,0,0.5001822989502908
3,011264,0,0.5005279852207738
3,011271,0,0.5007424631711835
3,011277,0,0.5001738802300332
3,011280,0,0.5013310050795469
3,011289,0,0.5007175572366653
3,011293,0,0.5006496340238692
3,011294,0,0.5033868628328774
3,011314,0,0.5019717417461446
3,011317,0,0.500396226820151
3,011324,0,0.5019328039904428
3,011330,0,0.5001625960632705
3,011331,0,0.500403107454185
3,011339,0,0.5005694643110822
3,011340,0,0.5007021310965453
3,011341,0,0.500132421049416
3,011355,0,0.5001259064945623
3,011360,0,0.5000770401875118
3,011363,0,0.5011188768746401
3,011365,0,0.5000770401875118
3,011366,0,0.5000770401875118
3,011374,0,0.5001578107370317
3,011375,0,0.5086713147812747
3,011376,0,0.5000770401875118
3,011385,0,0.50043904862969
3,011386,0,0.5006893019862682
3,011389,0,0.5001886045102922
3,011390,0,0.5002218620314178
3,011404,0,0.5004559069270473
3,011412,0,0.5000770401875118
3,011414,0,0.5002975448753259
3,011416,0,0.5010397010609371
3,011424,0,0.5001018806478363
3,011428,0,0.5033073381358495
3,011431,0,0.5002040201607811
3,011434,0,0.5004066271207626
3,011441,0,0.5002511146506711
3,011458,0,0.5002656662462638
3,011464,0,0.500408084105651
3,011466,0,0.5002663325475609
3,011468,0,0.5001018689796212
3,011469,0,0.5001340330729183
3,011477,0,0.5011429727466467
3,011478,0,0.5003715995082075
3,011486,0,0.5006871972070706
3,011490,0,0.5117700484545662
3,011512,0,0.5013583241862183
3,011517,0,0.5000770401875118
3,011519,0,0.5004060286745707
3,011520,0,0.5032364130808772
3,011526,0,0.5002434496638536
3,011530,0,0.508103463945966
3,011532,0,0.5002441931967531
3,011534,0,0.5000770401875118
3,011544,0,0.5023335037389292
3,011548,0,0.5001786014269474
3,011554,0,0.5005558090976072
3,011558,0,0.5005499185908328
3,011564,0,0.5054301327278076
3,011577,0,0.5004372878789447
3,011592,0,0.5256328706538163
3,011594,0,0.5008738345558643
3,011605,0,0.500861793910462
3,011606,0,0.5004880911718406
3,011623,0,0.5004014630556752
3,011627,0,0.5001212813379448
3,011632,0,0.5000770401875118
3,011639,0,0.500300456767385
3,011642,0,0.501522436143926
3,011654,0,0.5001322200638552
3,011656,0,0.500513066381578
3,011663,0,0.5175634712094143
3,011669,0,0.5099833077415258
3,011680,0,0.5008361457964405
3,011685,0,0.5003643847686711
3,011686,0,0.5086985934276119
3,011695,0,0.5003747782724901
3,011696,0,0.5001582796236965
3,011699,0,0.5003993250309395
3,011700,0,0.5002361804347711
3,011702,0,0.5001475889357702
3,011703,0,0.5004308983948492
3,011710,0,0.5001017664849343
3,011711,0,0.5001359510391944
3,011723,0,0.5032255350288202
3,011730,0,0.5001369258844898
3,011732,0,0.5027456303801875
3,011744,0,0.5001645725396147
3,011747,0,0.5001817309393836
3,011756,0,0.5001268509011411
3,011767,0,0.5000982470616021
3,011770,0,0.5002907354331145
3,011775,0,0.5011386142527453
3,011776,0,0.5001226199367254
3,011777,0,0.5003246763060538
3,011783,0,0.5010528676903881
3,011789,0,0.5012836794802452
3,011791,0,0.5005790302249183
3,011794,0,0.5017198765917974
3,011799,0,0.5003167535435618
3,011801,0,0.5009005290787664
3,011805,0,0.5043807273934555
3,011812,0,0.5005746425315794
3,011818,0,0.5003620223727951
3,011820,0,0.5001172145252333
3,011821,0,0.5002065034039003
3,011823,0,0.5010534988768321
3,011834,0,0.5001005595504785
3,011836,0,0.513070826102382
3,011839,0,0.5001252132601209
3,011842,0,0.500146015443632
3,011850,0,0.5000998167495633
3,011857,0,0.5014709432803133
3,011858,0,0.5002325122438575
3,011860,0,0.5145480369071608
3,011862,0,0.5004829159939725
3,011863,0,0.5002973372738613
3,011865,0,0.5008159065763291
3,011873,0,0.5001467622254363
3,011874,0,0.5287404826797675
3,011878,0,0.5003351404079723
3,011880,0,0.5001457510511295
3,011882,0,0.5051953524453724
3,011915,0,0.5004581853629052
3,011920,0,0.5049874125630511
3,011926,0,0.500174437744632
3,011927,0,0.500145465671329
3,011931,0,0.5002974288892825
3,011941,0,0.5027967379993128
3,011942,0,0.5004826834410846
3,011949,0,0.500462462775967
3,011952,0,0.5044862593806424
3,011954,0,0.5004172204751777
3,011961,0,0.5151584661264325
3,011962,0,0.5008388630880641
3,011964,0,0.5026842342401887
3,011971,0,0.5000770401875118
3,011975,0,0.5003053672030564
3,011977,0,0.5001425396672678
3,011979,0,0.5001195200513661
3,011980,0,0.5008799767054675
3,011985,0,0.5007312030431794
3,011988,0,0.5003463881485686
3,011995,0,0.500224015532436
3,011998,0,0.5001977389500192
4,000431,1,0.5005100237705823
4,001123,1,0.5005398911470713
4,001176,1,0.5000852874516802
4,001380,1,0.5004175760314062
4,001451,1,0.5346298483673502
4,002035,1,0.5164799064813047
4,002145,1,0.5031952119731768
4,002158,1,0.5001934898929554
4,002500,1,0.5009809301599988
4,002631,1,0.5201142497383529
4,002699,1,0.5037319692109431
4,002721,1,0.5008512300928887
4,002851,1,0.500123059943876
4,002957,1,0.5003109970489533
4,003056,1,0.500578790242212
4,003104,1,0.5004171793081891
4,003935,1,0.5023434604479732
4,004087,1,0.5001680441352223
4,004506,1,0.5006007728375718
4,004855,1,0.5003472926749117
4,004930,1,0.5005721858845114
4,005457,1,0.50010914316059
4,005534,1,0.5001476136909747
4,005618,1,0.5006430526235259
4,005623,1,0.5007280201180662
4,005641,1,0.5004244262065412
4,005896,1,0.5009933591235708
4,005901,1,0.5001007726646974
4,006143,1,0.500096961788472
4,006538,1,0.5605968933131779
4,006561,1,0.5022340811731109
4,006623,1,0.5316730080629485
4,006679,1,0.5000993574928049
4,006768,1,0.5097915257898109
4,006877,1,0.5001442351526354
4,007674,1,0.5008380439769853
4,007900,1,0.5009146537202288
4,007903,1,0.5000978980566753
4,007963,1,0.5007470980757662
4,008497,1,0.5009787235834691
4,008498,1,0.5000752539068114
4,009395,1,0.500675786774122
4,009697,1,0.5001599183253964
4,010467,1,0.5012596696066146
4,010490,1,0.5013410140415836
4,010929,1,0.5009510165935558
4,011111,1,0.5256305664354
4,011580,1,0.5013415940959529
4,000002,0,0.5009724623114111
4,000003,0,0.5001782155373085
4,000008,0,0.5002123744196827
4,000009,0,0.5024119274784794
4,000020,0,0.5006196640800832
4,000026,0,0.5003937972574783
4,000048,0,0.5000946345249973
4,000049,0,0.5006544346606351
4,000053,0,0.5001286913843573
4,000059,0,0.5001954398383021
4,000061,0,0.5003945180935633
4,000065,0,0.5000752539068114
4,000071,0,0.5041923716075004
4,000083,0,0.5001579710295685
4,000087,0,0.5004187269723775
4,000097,0,0.502290049301166
4,000114,0,0.5004404697131948
4,000117,0,0.5010750468479213
4,000120,0,0.5000752539068114
4,000133,0,0.5005201688480578
4,000134,0,0.5002592188668205
4,000139,0,0.5002099795314586
4,000141,0,0.5004512976271952
4,000144,0,0.50011151187406
4,000148,0,0.5005993027686069
4,000151,0,0.5004039345538969
4,000153,0,0.5064629763532902
4,000164,0,0.5018772903626665
4,000196,0,0.500221451801724
4,000203,0,0.5004876163705394
4,000209,0,0.5000852895463328
4,000210,0,0.5006212339637107
4,000213,0,0.5001808614556723
4,000220,0,0.5010920549710569
4,000237,0,0.5002302762913744
4,000260,0,0.5006183803396539
4,000265,0,0.5013144978460704
4,000268,0,0.5009123266222316
4,000287,0,0.5000854861245159
4,000290,0,0.5000752539068114
4,000303,0,0.5005183523118706
4,000304,0,0.503551244433297
4,000307,0,0.5013107823298467
4,000309,0,0.5007372612507246
4,000310,0,0.5006355987091456
4,000315,0,0.5000848599973635
4,000323,0,0.5019798537303684
4,000326,0,0.5002779683166217
4,000329,0,0.5001066954718627
4,000330,0,0.500119662891863
4,000339,0,0.5008380516810332
4,000342,0,0.5002956921581874
4,000344,0,0.5012135607188895
4,000353,0,0.5003698949840044
4,000356,0,0.5000752539068114
4,000377,0,0.5001500914892939
4,000400,0,0.5000848671042464
4,000401,0,0.5135536660116838
4,000405,0,0.5001234277074664
4,000410,0,0.5005758266742938
4,000419,0,0.5002103323085624
4,000420,0,0.5002604812203392
4,000427,0,0.5000982231522576
4,000439,0,0.5003001188458094
4,000442,0,0.5001020109486466
4,000443,0,0.5001429391966058
4,000444,0,0.5102855602208831
4,000445,0,0.500422534674985
4,000453,0,0.5005954548484118
4,000456,0,0.5001246622267967
4,000457,0,0.5000702109635152
4,000458,0,0.5002247804687239
4,000459,0,0.501184175803036
4,000476,0,0.5041390425365028
4,000478,0,0.5008359004683283
4,000483,0,0.5000843508216838
4,000486,0,0.5001133184853311
4,000507,0,0.5005510521737868
4,000511,0,0.5003238071442014
4,000519,0,0.5000920189526581
4,000523,0,0.5003330627419362
4,000530,0,0.5063792617657903
4,000531,0,0.5002213002735507
4,000540,0,0.5002738718770869
4,000545,0,0.5001643084492075
4,000566,0,0.5003052497289652
4,000571,0,0.5000752539068114
4,000583,0,0.5004531817164456
4,000584,0,0.5005476328966902
4,000587,0,0.5002623178414907
4,000595,0,0.5005215774348035
4,000596,0,0.5001016193491782
4,000598,0,0.500168743494365
4,000599,0,0.5001394780352254
4,000618,0,0.5019320072535788
4,000619,0,0.5002696812377575
4,000626,0,0.5002134616226678
4,000631,0,0.5003880641259113
4,000632,0,0.500746762018717
4,000633,0,0.5002214640239673
4,000635,0,0.5007087206555312
4,000638,0,0.500232415024336
4,000640,0,0.5013030205467193
4,000642,0,0.5002160223320893
4,000647,0,0.5008864104463889
4,000650,0,0.5010105766554932
4,000656,0,0.5005373366603226
4,000661,0,0.5006780713111599
4,000662,0,0.5001124038248218
4,000667,0,0.5018180178891308
4,000675,0,0.5006217792032196
4,000676,0,0.5003760006050366
4,000681,0,0.5009706411612483
4,000688,0,0.5001265312724268
4,000698,0,0.5003429895604036
4,000700,0,0.500931133107143
4,000701,0,0.5006115696466737
4,000709,0,0.5004917015351797
4,000716,0,0.5010885389999297
4,000721,0,0.5002576208749335
4,000729,0,0.5000752539068114
4,000731,0,0.5000851195078708
4,000733,0,0.5022497828084237
4,000735,0,0.5001145660855395
4,000737,0,0.5001834956338789
4,000738,0,0.5003026228715475
4,000740,0,0.5001247258821828
4,000747,0,0.5022463342994751
4,000753,0,0.5001414313778192
4,000785,0,0.5006116373197022
4,000789,0,0.5020538407221502
4,000790,0,0.5038348431930725
4,000791,0,0.5011662957678514
4,000797,0,0.5004065428054468
4,000800,0,0.500094713628599
4,000806,0,0.5003699639881156
4,000808,0,0.5002473312612807
4,000830,0,0.5008891176213421
4,000831,0,0.5015532000044839
4,000833,0,0.5006004197246892
4,000838,0,0.5002449793580473
4,000839,0,0.5002741870856641
4,000845,0,0.503377641727055
4,000847,0,0.5003978792691303
4,000861,0,0.5017296435887386
4,000866,0,0.5003365336581941
4,000867,0,0.5019598548977073
4,000868,0,0.5001101190914425
4,000869,0,0.5013631018649719
4,000876,0,0.5001655251204518
4,000878,0,0.5006981476331193
4,000883,0,0.5004702440628477
4,000885,0,0.5005639630111457
4,000886,0,0.500085806763703
4,000892,0,0.5002566279889009
4,000898,0,0.5001090245344578
4,000912,0,0.5094104411054983
4,000915,0,0.5050310791680005
4,000917,0,0.5001380523298065
4,000920,0,0.500320139835426
4,000921,0,0.5000865554430963
4,000926,0,0.5006090638440218
4,000939,0,0.5001752370413296
4,000943,0,0.5001999499029536
4,000946,0,0.5008348804670986
4,000947,0,0.5001071347737992
4,000954,0,0.5001272820610886
4,000961,0,0.5009091128016043
4,000963,0,0.5016508461892726
4,000973,0,0.5033373020401661
4,000974,0,0.500234305318618
4,000980,0,0.501052496490415
4,000985,0,0.5001781018223118
4,000989,0,0.5035297911764509
4,000991,0,0.5003735106393367
4,000999,0,0.5020031138932883
4,001005,0,0.500259451948311
4,001006,0,0.5015573680985518
4,001016,0,0.5000958200916629
4,001017,0,0.5002840262121537
4,001024,0,0.5009502670368033
4,001029,0,0.5013832964059339
4,001030,0,0.508183119005662
4,001034,0,0.5001312856628616
4,001038,0,0.500096796388083
4,001039,0,0.5003705301184445
4,001041,0,0.5000972843759662
4,001042,0,0.5003204198223219
4,001048,0,0.500297811946252
4,001051,0,0.5010049598880201
4,001059,0,0.5000752539068114
4,001061,0,0.5001495062752325
4,001071,0,0.5016523853234557
4,001072,0,0.5499224149496322
4,001075,0,0.5002873022213953
4,001085,0,0.5009452064099371
4,001088,0,0.511194937466068
4,001089,0,0.5017216845039959
4,001092,0,0.5027275281079914
4,001098,0,0.5002639855418687
4,001121,0,0.5005769051976451
4,001128,0,0.5001126287275369
4,001129,0,0.5002865005102205
4,001130,0,0.5066522473368504
4,001145,0,0.500096776300503
4,001148,0,0.5001520190357781
4,001163,0,0.5013677250344054
4,001169,0,0.5045794176171567
4,001190,0,0.5001445116624756
4,001191,0,0.5015261956954054
4,001193,0,0.5002744207380685
4,001196,0,0.5006075082622196
4,001202,0,0.5002700196593489
4,001217,0,0.5002724687756008
4,001218,0,0.5000941332854756
4,001221,0,0.5001580436092992
4,001235,0,0.5019665049010081
4,001238,0,0.5003522441907265
4,001244,0,0.500592848143518
4,001247,0,0.5001310528534181
4,001271,0,0.5011471499537866
4,001278,0,0.5001096255961592
4,001282,0,0.5005228439590789
4,001283,0,0.5002338080832189
4,001285,0,0.5011390064847727
4,001288,0,0.5001584578734315
4,001297,0,0.5000854042352507
4,001302,0,0.5001865423450215
4,001315,0,0.5001460501627616
4,001323,0,0.5000752539068114
4,001324,0,0.5006323364140183
4,001325,0,0.5006723623449689
4,001326,0,0.5000752539068114
4,001332,0,0.5004968754161268
4,001334,0,0.5004368596208976
4,001340,0,0.5008969252415386
4,001341,0,0.5001629684899173
4,001348,0,0.5001502145596517
4,001353,0,0.500085806763703
4,001359,0,0.5001004654000504
4,001362,0,0.5009013529726661
4,001365,0,0.5009392629302792
4,001366,0,0.5005885230635688
4,001368,0,0.5010897055233801
4,001379,0,0.5007351093710597
4,001384,0,0.5000752539068114
4,001386,0,0.5002482609989055
4,001395,0,0.5001273938335445
4,001402,0,0.5000861302696736
4,001407,0,0.5014141873855777
4,001409,0,0.5002044263522717
4,001420,0,0.5012061379512169
4,001423,0,0.5000752539068114
4,001426,0,0.5000752539068114
4,001429,0,0.5042881139728581
4,001431,0,0.5002187240260187
4,001440,0,0.5001826073594486
4,001441,0,0.50072172524095
4,001444,0,0.5007933739526365
4,001446,0,0.5001500914892939
4,001448,0,0.505357112143704
4,001455,0,0.5004259885030679
4,001459,0,0.5003823196814284
4,001461,0,0.5014452807093205
4,001466,0,0.5005413386896967
4,001469,0,0.5018777115956796
4,001471,0,0.5001927674960559
4,001472,0,0.5009700411177607
4,001487,0,0.5013707922748595
4,001494,0,0.5003271681008633
4,001495,0,0.5004727433387199
4,001505,0,0.5000752539068114
4,001516,0,0.5014854766906688
4,001518,0,0.5003018248289899
4,001519,0,0.5029751002788618
4,001525,0,0.5019719960486281
4,001529,0,0.5000848928669905
4,001537,0,0.5001278665515295
4,001539,0,0.500120977438595
4,001551,0,0.5008243771409401
4,001556,0,0.5000752539068114
4,001561,0,0.5000966751098597
4,001565,0,0.5010535531905463
4,001567,0,0.5006423992638243
4,001576,0,0.5006408117122341
4,001579,0,0.5002746511868437
4,001585,0,0.5017954682669199
4,001586,0,0.5048098025416426
4,001594,0,0.5003970968390286
4,001600,0,0.5022307576204454
4,001602,0,0.5050596776870978
4,001604,0,0.5346054836280609
4,001607,0,0.5002593894603613
4,001609,0,0.5000976281050177
4,001610,0,0.5025911370869621
4,001613,0,0.5008802186836635
4,001615,0,0.5001506435080513
4,001618,0,0.5000752539068114
4,001621,0,0.5001271998383124
4,001624,0,0.5001151295719991
4,001626,0,0.5000752539068114
4,001630,0,0.5001168070208205
4,001638,0,0.5000857790169847
4,001646,0,0.500505312316553
4,001651,0,0.5002119618595271
4,001657,0,0.500216903026218
4,001667,0,0.503158961199035
4,001670,0,0.5003777954362227
4,001671,0,0.5005497010206057
4,001672,0,0.500891781473276
4,001674,0,0.5000887256084177
4,001677,0,0.500103256134095
4,001685,0,0.5001137999632217
4,001688,0,0.5006432108714601
4,001692,0,0.5014503297838814
4,001694,0,0.5002768972291372
4,001698,0,0.5006745955282368
4,001703,0,0.500237221100204
4,001705,0,0.500826284299076
4,001707,0,0.5000752539068114
4,001709,0,0.5012077346188921
4,001722,0,0.5006615145755533
4,001729,0,0.5007593438153816
4,001733,0,0.5007749611810695
4,001738,0,0.5004835484616637
4,001739,0,0.5001893303672532
4,001741,0,0.5000874267672938
4,001749,0,0.5006181147235143
4,001752,0,0.5001338389500344
4,001762,0,0.5010266331443596
4,001763,0,0.5002026168658116
4,001764,0,0.5001312234070966
4,001769,0,0.5147511709348964
4,001770,0,0.5000987849735361
4,001771,0,0.5001227949109222
4,001774,0,0.518967555304455
4,001778,0,0.50071609273208
4,001780,0,0.5001854069489403
4,001791,0,0.5002370049427389
4,001793,0,0.5002074734215379
4,001804,0,0.5001127612453677
4,001806,0,0.5001853731737919
4,001807,0,0.5002291192556565
4,001814,0,0.5010600690574113
4,001819,0,0.5034340053961063
4,001821,0,0.5000752539068114
4,001837,0,0.5282448811470335
4,001845,0,0.5176613528253832
4,001848,0,0.5000752539068114
4,001851,0,0.5002110325193613
4,001857,0,0.5002731984799497
4,001872,0,0.5002617301370422
4,001879,0,0.5073070093326502
4,001886,0,0.5001493667460297
4,001887,0,0.5107664971181682
4,001895,0,0.5006438446595055
4,001898,0,0.5001246128801796
4,001899,0,0.5002068764042643
4,001905,0,0.5002585669139324
4,001910,0,0.5002913373789777
4,001912,0,0.5001882348291804
4,001917,0,0.5001768471649274
4,001923,0,0.5074964491003443
4,001926,0,0.5008797739450163
4,001931,0,0.5006097542541579
4,001932,0,0.5008000118721122
4,001933,0,0.5009533125852008
4,001941,0,0.5005528969457914
4,001945,0,0.5000987917490586
4,001947,0,0.5004641689670343
4,001949,0,0.5084297110600402
4,001959,0,0.500114915482352
4,001965,0,0.5021875944641989
4,001973,0,0.5012291502560001
4,001978,0,0.500792661897022
4,001982,0,0.5003173084655524
4,001985,0,0.5003747736239901
4,001993,0,0.5005689217407451
4,001997,0,0.500107838736544
4,002001,0,0.5000858508217991
4,002003,0,0.5004924019744915
4,002013,0,0.5001815397560389
4,002028,0,0.50037324370382
4,002029,0,0.5002766211189011
4,002030,0,0.5001251865233598
4,002038,0,0.5010212882658371
4,002040,0,0.500789613634183
4,002044,0,0.5001232236513921
4,002052,0,0.502794418202918
4,002054,0,0.5010539025772694
4,002056,0,0.5004547458279648
4,002058,0,0.5001970222202532
4,002061,0,0.5003490840744167
4,002078,0,0.5010561614969368
4,002082,0,0.5004012573499749
4,002089,0,0.5001144399967218
4,002097,0,0.5004686465194417
4,002101,0,0.5003805101890146
4,002106,0,0.5000752539068114
4,002126,0,0.500126154460845
4,002131,0,0.5003583271184652
4,002133,0,0.5020177722422869
4,002139,0,0.5003117548377997
4,002143,0,0.5005394048250615
4,002147,0,0.5000861302696736
4,002148,0,0.5003431210579404
4,002167,0,0.5022456476194563
4,002172,0,0.5007572043538266
4,002174,0,0.5003404197290011
4,002187,0,0.500480169993093
4,002188,0,0.5036363463146883
4,002196,0,0.5002441355426414
4,002202,0,0.5000872495074423
4,002203,0,0.5010961601520888
4,002212,0,0.501983394960127
4,002214,0,0.5007656355213114
4,002217,0,0.5001844026098847
4,002221,0,0.5002574989527161
4,002227,0,0.5010617400565283
4,002236,0,0.5005146547232774
4,002237,0,0.5002886932770343
4,002238,0,0.5006987091771248
4,002246,0,0.5005246054998495
4,002251,0,0.5003973379935168
4,002256,0,0.503583901929798
4,002258,0,0.5001578767557896
4,002259,0,0.5000962016791765
4,002268,0,0.5019818436489731
4,002269,0,0.5010053458666544
4,002286,0,0.5011690474865712
4,002290,0,0.504818670830933
4,002291,0,0.5009733562781657
4,002294,0,0.5002604548600028
4,002297,0,0.5000752539068114
4,002299,0,0.5001934396539599
4,002305,0,0.5003365983374035
4,002309,0,0.5001437037833677
4,002311,0,0.5001478739549153
4,002317,0,0.5001973160384563
4,002322,0,0.528518593207502
4,002334,0,0.5013762236328848
4,002339,0,0.5001026083456535
4,002340,0,0.5012954555172794
4,002353,0,0.5032371835168918
4,002362,0,0.5010040546884308
4,002370,0,0.5012000734853593
4,002380,0,0.5002774894871046
4,002382,0,0.5001998056702845
4,002386,0,0.500095975231153
4,002387,0,0.5004299722556154
4,002391,0,0.5005562361486493
4,002393,0,0.5001535299390518
4,002401,0,0.5003556195602141
4,002403,0,0.5001664318835141
4,002404,0,0.5014103989854011
4,002421,0,0.5002439184604082
4,002423,0,0.5041413002692637
4,002426,0,0.5032134816781737
4,002437,0,0.5002867780174065
4,002439,0,0.5002474617646775
4,002444,0,0.5003979907858144
4,002445,0,0.5005306226998931
4,002446,0,0.501375218357319
4,002453,0,0.5003429815427601
4,002459,0,0.5001127956601128
4,002463,0,0.5008532309500321
4,002471,0,0.5001117384968372
4,002473,0,0.5005352895316327
4,002474,0,0.5007794339932338
4,002486,0,0.5001425541991884
4,002488,0,0.5068804761413032
4,002493,0,0.5011554192433791
4,002503,0,0.5000752539068114
4,002516,0,0.5001505180930582
4,002525,0,0.503635847884098
4,002527,0,0.5029520691524675
4,002532,0,0.5009115307390276
4,002536,0,0.500125092817241
4,002542,0,0.5002263333583065
4,002551,0,0.5002997120278289
4,002554,0,0.5021364040076933
4,002564,0,0.5004561885148224
4,002575,0,0.5004658255941123
4,002579,0,0.5001680461456189
4,002580,0,0.5004046350946361
4,002592,0,0.5001266007087921
4,002598,0,0.501649957785472
4,002601,0,0.5000752539068114
4,002604,0,0.5005530512660931
4,002607,0,0.5001178355094544
4,002609,0,0.5000752539068114
4,002617,0,0.5002552075546256
4,002622,0,0.5009925570089248
4,002632,0,0.500532522366135
4,002636,0,0.5004078356536421
4,002643,0,0.500328253129951
4,002644,0,0.5030853878381987
4,002651,0,0.5001570120929357
4,002659,0,0.5022242010472499
4,002667,0,0.5002313548422188
4,002669,0,0.5001286404110039
4,002672,0,0.5006419974088243
4,002676,0,0.5005255744027121
4,002679,0,0.500123880589403
4,002684,0,0.500086029940269
4,002686,0,0.5000969900837183
4,002703,0,0.5011763272980914
4,002725,0,0.5015806087397758
4,002727,0,0.5001282475837151
4,002729,0,0.500404396203473
4,002733,0,0.5001014109655737
4,002737,0,0.5005274750245338
4,002739,0,0.5000843687346599
4,002740,0,0.5000852185112613
4,002742,0,0.5026494046305269
4,002751,0,0.500219936556356
4,002757,0,0.5001215284423167
4,002762,0,0.5009034600137605
4,002771,0,0.5002656154673891
4,002775,0,0.5002565649446071
4,002778,0,0.5001444866517465
4,002789,0,0.5001181187392599
4,002797,0,0.5002286335474504
4,002804,0,0.5003071457256896
4,002806,0,0.5028234958011181
4,002812,0,0.5005877195007379
4,002813,0,0.500262639162146
4,002816,0,0.5002100280787614
4,002817,0,0.5010174354135083
4,002824,0,0.5000752539068114
4,002832,0,0.5271461533610375
4,002835,0,0.5003918541013613
4,002837,0,0.500140981100416
4,002839,0,0.5007428610332634
4,002844,0,0.5026746862420756
4,002846,0,0.5001668881311995
4,002863,0,0.5000752539068114
4,002867,0,0.5017880787440928
4,002868,0,0.5011219305551818
4,002870,0,0.5001417168393563
4,002873,0,0.5004017414917836
4,002874,0,0.5002228457401273
4,002875,0,0.5008543208700207
4,002900,0,0.5011409386286327
4,002902,0,0.5001686977285854
4,002910,0,0.500162737254724
4,002915,0,0.5003422690934024
4,002916,0,0.5004091705117514
4,002921,0,0.5082241566578061
4,002927,0,0.5002924388464641
4,002934,0,0.5004011798290087
4,002937,0,0.5001171478502595
4,002938,0,0.5034764188949895
4,002943,0,0.5016107383101316
4,002948,0,0.5004385776250934
4,002952,0,0.5005603981299047
4,002964,0,0.5002278666528485
4,002968,0,0.5001846902022066
4,002970,0,0.5031948117735494
4,002993,0,0.5008008355914363
4,002999,0,0.5002673236998106
4,003002,0,0.5001322776856117
4,003005,0,0.5001021685896188
4,003010,0,0.5038330807024222
4,003012,0,0.5051531582891046
4,003013,0,0.5001552809422143
4,003020,0,0.5005541011175476
4,003021,0,0.5002249884770952
4,003030,0,0.5003196262001226
4,003033,0,0.5048343145794734
4,003034,0,0.5000752539068114
4,003038,0,0.5004994508957039
4,003050,0,0.5001675596345698
4,003067,0,0.5004629082424079
4,003070,0,0.5009047335176049
4,003073,0,0.5001097792003574
4,003075,0,0.5003307056651792
4,003076,0,0.5007753069064647
4,003078,0,0.500227731427645
4,003084,0,0.5014570489724363
4,003087,0,0.5009757122832068
4,003092,0,0.5008298214645251
4,003093,0,0.5006371563323075
4,003097,0,0.5016547249973611
4,003100,0,0.501082956039088
4,003107,0,0.50034506671657
4,003110,0,0.5003494904289238
4,003114,0,0.5001126343562972
4,003117,0,0.5001569329832869
4,003121,0,0.5004424734207616
4,003128,0,0.500476769968507
4,003132,0,0.500115268400134
4,003137,0,0.501182283451006
4,003142,0,0.5003018722128563
4,003147,0,0.5002512436780774
4,003149,0,0.5012193498654726
4,003155,0,0.5001392467463001
4,003157,0,0.5001938742095932
4,003160,0,0.5006053238928139
4,003162,0,0.5004121042455507
4,003166,0,0.50045152264266
4,003172,0,0.50073664622294
4,003174,0,0.5002424151500657
4,003176,0,0.5006412045126959
4,003190,0,0.5004662863372785
4,003193,0,0.5000752539068114
4,003198,0,0.5006427135160011
4,003205,0,0.5000941930730992
4,003217,0,0.5015599319620527
4,003219,0,0.5000752539068114
4,003238,0,0.5011980575060518
4,003240,0,0.5011355953841463
4,003241,0,0.5003743575070044
4,003242,0,0.5004330437818991
4,003247,0,0.5002277276100922
4,003250,0,0.5023520094911
4,003254,0,0.5016116573080633
4,003261,0,0.5044552685724134
4,003266,0,0.5002823888838134
4,003277,0,0.5007627605354097
4,003283,0,0.5021896545289519
4,003285,0,0.500256407598225
4,003288,0,0.5020537394252597
4,003289,0,0.5020784974986454
4,003292,0,0.500913013802507
4,003304,0,0.5415406353756014
4,003305,0,0.5031323898510704
4,003310,0,0.5011021726662425
4,003311,0,0.5001002887313307
4,003312,0,0.5007506178951913
4,003318,0,0.5001072639425124
4,003330,0,0.5004790224677615
4,003331,0,0.5003792942964859
4,003339,0,0.5002040337164235
4,003343,0,0.5005377172498768
4,003345,0,0.500619857938365
4,003367,0,0.5020372258443868
4,003373,0,0.5607709891000366
4,003381,0,0.5016055875064525
4,003390,0,0.5003516866595885
4,003394,0,0.5003223132368158
4,003398,0,0.50032161578169
4,003399,0,0.5007770158938305
4,003407,0,0.5012672746612432
4,003422,0,0.5000887556973014
4,003428,0,0.5011345674157704
4,003435,0,0.5002605089769122
4,003445,0,0.5002363101394122
4,003453,0,0.5052374321421826
4,003454,0,0.5006658555450095
4,003455,0,0.5005928366730948
4,003462,0,0.5001202268588442
4,003463,0,0.5002561601993342
4,003466,0,0.5006411271307243
4,003467,0,0.5034927844252676
4,003468,0,0.5636471781420476
4,003469,0,0.5019344238243169
4,003485,0,0.5036668031301716
4,003487,0,0.500853333812069
4,003501,0,0.5009134942050787
4,003509,0,0.5035471523707292
4,003513,0,0.5000972651768082
4,003518,0,0.5007241127236218
4,003522,0,0.5005527894452332
4,003524,0,0.500342272363245
4,003531,0,0.5310258254689576
4,003534,0,0.5086451553747717
4,003545,0,0.5034258998618095
4,003547,0,0.5002094767078168
4,003548,0,0.5029624624647282
4,003553,0,0.5019855334720734
4,003555,0,0.5352534455356093
4,003557,0,0.5003772094544168
4,003558,0,0.5000752539068114
4,003563,0,0.5003573569370684
4,003570,0,0.5001116803242659
4,003574,0,0.502997141666653
4,003576,0,0.5026668388421062
4,003577,0,0.5001067094370675
4,003579,0,0.5000881513371552
4,003585,0,0.5004371490580363
4,003597,0,0.5001864344252754
4,003606,0,0.5004421595780036
4,003608,0,0.500424647558584
4,003612,0,0.5001046020229796
4,003622,0,0.5047593186914371
4,003626,0,0.6189069559701422
4,003629,0,0.5003012488675718
4,003631,0,0.5002697963083199
4,003633,0,0.5198393112760982
4,003637,0,0.5006488258192758
4,003643,0,0.5011081849208301
4,003644,0,0.500108657202416
4,003646,0,0.5002189122193857
4,003647,0,0.5001738007689559
4,003652,0,0.5006261731152271
4,003653,0,0.50008586695347
4,003661,0,0.5044236509361676
4,003664,0,0.500112980260831
4,003666,0,0.5257231791037068
4,003668,0,0.5001214266102563
4,003672,0,0.5002037262848893
4,003677,0,0.5001179566561306
4,003681,0,0.5001314581928802
4,003686,0,0.5005224938986007
4,003691,0,0.5000752539068114
4,003693,0,0.502874115665769
4,003704,0,0.5002104057062807
4,003707,0,0.5133891876210344
4,003708,0,0.5271975998567585
4,003718,0,0.5003290701520924
4,003725,0,0.5001457728955729
4,003728,0,0.510102351593546
4,003729,0,0.5001985031211987
4,003733,0,0.500127485804455
4,003736,0,0.5003245793161334
4,003740,0,0.500127136207361
4,003741,0,0.5002541862120548
4,003744,0,0.500097673567916
4,003746,0,0.5002989722850176
4,003747,0,0.5002731149878863
4,003760,0,0.5002330210195689
4,003767,0,0.5031955099089728
4,003769,0,0.5014053366532077
4,003771,0,0.5009062127461374
4,003772,0,0.5027553254400863
4,003780,0,0.5002417204241869
4,003809,0,0.5000752539068114
4,003810,0,0.5010791295024893
4,003815,0,0.5001349103145126
4,003817,0,0.5031606909069627
4,003843,0,0.5004657370222496
4,003848,0,0.5013226513496765
4,003853,0,0.5001603155695532
4,003858,0,0.5014601274210314
4,003860,0,0.5000865122986309
4,003862,0,0.5003304850454602
4,003863,0,0.500165476948145
4,003866,0,0.5002052830712506
4,003870,0,0.500084649859135
4,003872,0,0.5000752539068114
4,003875,0,0.5002414496339539
4,003877,0,0.5014896647870135
4,003879,0,0.5034051307269597
4,003881,0,0.5001745994777089
4,003886,0,0.5009248532032909
4,003897,0,0.5005816157566818
4,003899,0,0.5003158238156064
4,003900,0,0.5003922457968175
4,003904,0,0.5004749806665126
4,003908,0,0.500471875115823
4,003914,0,0.5027070171714435
4,003920,0,0.5000967921708244
4,003922,0,0.5002808906067256
4,003925,0,0.5001427577843974
4,003930,0,0.5001141427104575
4,003932,0,0.5011043479854197
4,003933,0,0.5001140186521084
4,003934,0,0.5017742415089184
4,003936,0,0.5003779572175517
4,003943,0,0.50037083654105
4,003946,0,0.5001170430034038
4,003951,0,0.5001722452649761
4,003954,0,0.500109038532584
4,003963,0,0.5001759310796399
4,003964,0,0.5006853061308496
4,003965,0,0.5018218194782236
4,003970,0,0.5014320252744248
4,003976,0,0.5006576717330162
4,003977,0,0.5038098783433833
4,003979,0,0.5021609486510537
4,003993,0,0.5004928918019679
4,003997,0,0.5009754853787917
4,004004,0,0.5002033539303613
4,004006,0,0.503697821301596
4,004009,0,0.5027910685167846
4,004010,0,0.5001441684616537
4,004023,0,0.5001612424062283
4,004025,0,0.5118967432709296
4,004029,0,0.5004018479198041
4,004035,0,0.5005912839343476
4,004046,0,0.5006948209587211
4,004048,0,0.5003685256906198
4,004051,0,0.500420132053987
4,004058,0,0.5002371507433586
4,004059,0,0.5000752539068114
4,004070,0,0.5001931542808703
4,004076,0,0.5012065486304997
4,004080,0,0.5001904524340824
4,004088,0,0.5001407887414602
4,004100,0,0.5004109641870983
4,004107,0,0.5000752539068114
4,004111,0,0.5002997120278289
4,004112,0,0.5026448028374829
4,004118,0,0.5007128469014807
4,004128,0,0.5001504110846823
4,004137,0,0.5001780460378674
4,004139,0,0.5002565687478397
4,004144,0,0.5003977407155947
4,004145,0,0.5069235180015552
4,004148,0,0.5003167890931097
4,004152,0,0.5000752539068114
4,004153,0,0.5001471095528007
4,004157,0,0.5001673270664025
4,004163,0,0.5014968087477177
4,004170,0,0.5006103784992197
4,004172,0,0.5001357507630857
4,004176,0,0.5015449620875743
4,004177,0,0.5009617559656516
4,004179,0,0.5001384187995518
4,004186,0,0.5001131403956187
4,004187,0,0.502037356701214
4,004188,0,0.500174672986029
4,004194,0,0.5003008074745515
4,004197,0,0.5001267318888778
4,004200,0,0.5003558514946626
4,004201,0,0.501937969354256
4,004202,0,0.5006061938684845
4,004204,0,0.5001931811956541
4,004225,0,0.5000954457727916
4,004231,0,0.5002217814562617
4,004237,0,0.500070017438825
4,004240,0,0.5002429600907579
4,004249,0,0.5005160185162223
4,004252,0,0.5001959190217511
4,004255,0,0.5002524919343697
4,004256,0,0.5002860516338452
4,004257,0,0.5005119574880635
4,004258,0,0.5080222352074449
4,004267,0,0.5000897876995104
4,004275,0,0.5001352883822235
4,004278,0,0.5000752539068114
4,004279,0,0.500118799037472
4,004291,0,0.5001601065333598
4,004292,0,0.5026580029744365
4,004294,0,0.5004078396210943
4,004298,0,0.5005139096571338
4,004307,0,0.5013204267171454
4,004310,0,0.5001853133676354
4,004313,0,0.5005290923237113
4,004319,0,0.5002187453128382
4,004322,0,0.5002924183170998
4,004331,0,0.5013514753658895
4,004351,0,0.5005432139123417
4,004352,0,0.5007970269908686
4,004366,0,0.5025407656842488
4,004368,0,0.5222849692536211
4,004377,0,0.500206171090071
4,004379,0,0.5005653749275213
4,004382,0,0.500085806763703
4,004386,0,0.500125092817241
4,004389,0,0.5002280920992372
4,004390,0,0.5016841546581391
4,004396,0,0.5000752539068114
4,004397,0,0.5022268717313962
4,004402,0,0.5002444549186013
4,004405,0,0.5000798019565179
4,004407,0,0.5000752539068114
4,004414,0,0.5001708489204673
4,004421,0,0.5058010018745734
4,004423,0,0.5011693268688655
4,004427,0,0.5002566557802589
4,004432,0,0.5062319837218082
4,004436,0,0.5001060593576998
4,004448,0,0.5008597666847889
4,004452,0,0.5002127658556764
4,004454,0,0.5036526836053817
4,004459,0,0.5001723236689948
4,004470,0,0.5007148922191447
4,004473,0,0.5020016259232893
4,004476,0,0.5003807265775557
4,004480,0,0.5015787201418329
4,004482,0,0.5001415381461493
4,004484,0,0.5007512197355869
4,004486,0,0.5028590107657587
4,004489,0,0.5083879516958086
4,004490,0,0.5006789115325575
4,004492,0,0.5001352222082345
4,004494,0,0.501315377643664
4,004497,0,0.5001850556403884
4,004513,0,0.50052655970841
4,004515,0,0.5172556208282585
4,004522,0,0.5113669357705781
4,004529,0,0.5002870648659457
4,004539,0,0.5008816256617614
4,004540,0,0.5006044864310246
4,004544,0,0.5019763474100191
4,004548,0,0.5031546910186823
4,004553,0,0.5003964848810067
4,004554,0,0.5001255939690347
4,004558,0,0.5009850654497306
4,004561,0,0.5005418188918015
4,004563,0,0.5012686278298221
4,004564,0,0.5002527519535341
4,004565,0,0.5004042882164645
4,004568,0,0.5004039502050366
4,004570,0,0.5003608480482985
4,004575,0,0.5013748178446111
4,004583,0,0.5002147360936198
4,004594,0,0.5005341980608035
4,004605,0,0.5003562124383606
4,004608,0,0.5000752539068114
4,004611,0,0.5001541930903717
4,004615,0,0.5024984659495095
4,004619,0,0.5000939258422079
4,004622,0,0.5011299957263371
4,004625,0,0.5002011962770487
4,004633,0,0.5017908743152693
4,004635,0,0.5002408702209419
4,004643,0,0.5001002552396363
4,004657,0,0.5067911197746333
4,004659,0,0.5015336503460217
4,004665,0,0.5000752539068114
4,004668,0,0.5000987917490586
4,004670,0,0.500115677543057
4,004672,0,0.5000958200627332
4,004691,0,0.5010094728447132
4,004694,0,0.5003703080772469
4,004696,0,0.5006487538147607
4,004704,0,0.5010122873729099
4,004710,0,0.5012049940285008
4,004711,0,0.5003645917194703
4,004712,0,0.500225078241011
4,004715,0,0.5000752539068114
4,004722,0,0.5003203558120594
4,004723,0,0.5015641957059543
4,004725,0,0.5007652552338151
4,004726,0,0.5000752539068114
4,004733,0,0.5219201325625649
4,004735,0,0.500800597410036
4,004739,0,0.5010689092142876
4,004744,0,0.5002451965010698
4,004747,0,0.5003444800217693
4,004748,0,0.5001562275008382
4,004749,0,0.5003486774655799
4,004750,0,0.5002948323052989
4,004751,0,0.5018375118492338
4,004762,0,0.502724508017762
4,004764,0,0.5007511050029433
4,004765,0,0.5002160223320893
4,004766,0,0.5219014128339314
4,004768,0,0.5002382670787909
4,004773,0,0.5010394316957691
4,004774,0,0.5005317182956781
4,004784,0,0.50019954154101
4,004787,0,0.500235010436498
4,004790,0,0.5002906587478001
4,004794,0,0.5005656014529302
4,004795,0,0.5000752539068114
4,004802,0,0.5016883460145549
4,004805,0,0.500181120318726
4,004807,0,0.5000752539068114
4,004810,0,0.5002114690424727
4,004832,0,0.5003614752885805
4,004834,0,0.5001760682650456
4,004847,0,0.5005993565504072
4,004852,0,0.5004236902524153
4,004857,0,0.5001398379463275
4,004859,0,0.5091342278494153
4,004868,0,0.5001834956338789
4,004875,0,0.5001151295719991
4,004876,0,0.5018083572578115
4,004883,0,0.5002326158822653
4,004888,0,0.5006154883140591
4,004891,0,0.5004338701144294
4,004898,0,0.5000752539068114
4,004900,0,0.5001855284877688
4,004901,0,0.5005518298463872
4,004908,0,0.500842033321171
4,004911,0,0.5014621223820899
4,004915,0,0.5034531216937815
4,004919,0,0.5001444322920069
4,004926,0,0.5002990331396193
4,004932,0,0.5002095933559756
4,004939,0,0.503255849306503
4,004945,0,0.5009731952143468
4,004949,0,0.5004490847362839
4,004951,0,0.501186658143895
4,004952,0,0.500291270180871
4,004954,0,0.5001585589465859
4,004972,0,0.5001532332670288
4,004980,0,0.5006663994641414
4,004987,0,0.5004653504849746
4,004999,0,0.5005411405173901
4,005001,0,0.500855334791473
4,005003,0,0.5020929027593589
4,005008,0,0.5003163335614952
4,005017,0,0.5000752539068114
4,005020,0,0.5000752539068114
4,005026,0,0.5001153491778326
4,005029,0,0.5009299015477469
4,005032,0,0.5000858507559423
4,005036,0,0.5003152549065031
4,005040,0,0.5010379492737435
4,005041,0,0.5007735996884698
4,005042,0,0.5016535781667689
4,005047,0,0.5071186699119715
4,005050,0,0.5008552870303696
4,005052,0,0.5001509361914008
4,005059,0,0.5001796323767821
4,005062,0,0.5070349798963042
4,005063,0,0.5001127956601128
4,005065,0,0.5016723912698591
4,005068,0,0.5001658958405155
4,005069,0,0.5141141584436024
4,005073,0,0.5011107619373424
4,005074,0,0.5008943068819528
4,005097,0,0.5004533651681673
4,005099,0,0.5028830331728926
4,005102,0,0.5005208022551526
4,005106,0,0.5016672841139935
4,005108,0,0.5000752539068114
4,005117,0,0.506840728045286
4,005126,0,0.5001196539518347
4,005127,0,0.5001282475837151
4,005137,0,0.5013904822536871
4,005139,0,0.5005315419056691
4,005150,0,0.5007066957215384
4,005176,0,0.5006992497726391
4,005177,0,0.5018092501295549
4,005181,0,0.5008089593443547
4,005182,0,0.5029515117488743
4,005187,0,0.5002611741561992
4,005192,0,0.5002158130886302
4,005200,0,0.5002489534392185
4,005203,0,0.5006133598449973
4,005204,0,0.5001854441957936
4,005208,0,0.5745778745867393
4,005211,0,0.5002958595088324
4,005213,0,0.5004961908739022
4,005220,0,0.5010309802771062
4,005221,0,0.5005424668007625
4,005226,0,0.5003238462373932
4,005228,0,0.5001416238525546
4,005231,0,0.5000752539068114
4,005235,0,0.5001201047083866
4,005245,0,0.5021734762217146
4,005247,0,0.5030642297947813
4,005256,0,0.501149718916823
4,005262,0,0.500507915048113
4,005269,0,0.5002419337549612
4,005270,0,0.500509263925282
4,005285,0,0.5001072456822864
4,005290,0,0.5003873246236474
4,005292,0,0.5001459969712496
4,005295,0,0.5005042260748129
4,005296,0,0.5000752539068114
4,005309,0,0.500359562478598
4,005311,0,0.5003447620176926
4,005312,0,0.5104507236959447
4,005329,0,0.502121180903861
4,005330,0,0.5000958665483486
4,005333,0,0.5004608593154571
4,005338,0,0.5013972259731241
4,005341,0,0.5001724789937223
4,005343,0,0.5003567620968913
4,005347,0,0.5022429175313942
4,005355,0,0.5000853915967817
4,005357,0,0.5004026484269058
4,005358,0,0.5006319423743995
4,005362,0,0.5013460357631105
4,005369,0,0.5003094582994996
4,005370,0,0.5001288354875701
4,005386,0,0.5004131463986019
4,005400,0,0.5038726115290749
4,005402,0,0.5000859578311998
4,005405,0,0.5004431315147736
4,005407,0,0.5004838799370748
4,005410,0,0.5003212215090405
4,005419,0,0.5003653075826269
4,005421,0,0.5005159964317983
4,005424,0,0.5005737961154476
4,005425,0,0.5014479814824842
4,005428,0,0.50028710569373
4,005431,0,0.5007562030385003
4,005435,0,0.5000862604468552
4,005436,0,0.5001765355945241
4,005440,0,0.5004710181051222
4,005444,0,0.5004945677616841
4,005449,0,0.5002924328358046
4,005469,0,0.5004858349933105
4,005473,0,0.5001262903475696
4,005475,0,0.500323993197383
4,005484,0,0.5005152557637222
4,005486,0,0.5010084166110272
4,005489,0,0.500085194201489
4,005490,0,0.5003851193881012
4,005492,0,0.5001981298412462
4,005500,0,0.5002795890827948
4,005504,0,0.5015501150206046
4,005506,0,0.5001424051886646
4,005510,0,0.5007903904722527
4,005516,0,0.5005185199583677
4,005517,0,0.5002169758689191
4,005520,0,0.500185353366082
4,005536,0,0.5000829506353375
4,005551,0,0.5012723301317002
4,005552,0,0.5001544528473539
4,005554,0,0.5023851443369248
4,005558,0,0.5004612118554082
4,005574,0,0.5001238680008437
4,005591,0,0.5000752539068114
4,005595,0,0.5004522237083295
4,005603,0,0.5001944271537182
4,005604,0,0.5005159901969651
4,005610,0,0.501482106321125
4,005613,0,0.5048240839353664
4,005616,0,0.50037961020888
4,005617,0,0.5004178418795324
4,005629,0,0.5005591512461146
4,005632,0,0.5004790431730932
4,005637,0,0.5012141363086334
4,005642,0,0.5000752539068114
4,005643,0,0.5002691091360522
4,005644,0,0.5006577527300432
4,005646,0,0.5045667565518268
4,005658,0,0.5011660721863576
4,005673,0,0.5019537030281088
4,005675,0,0.5001221848308215
4,005679,0,0.5005098541392454
4,005680,0,0.505256632210946
4,005684,0,0.500106913101327
4,005688,0,0.5001677255191479
4,005693,0,0.5010044586924672
4,005702,0,0.5001471095528007
4,005704,0,0.5006604192436195
4,005709,0,0.5005931096098523
4,005742,0,0.5001498691957269
4,005743,0,0.50027406095607
4,005745,0,0.5009774474949928
4,005747,0,0.5001130715623756
4,005752,0,0.5002310220985049
4,005779,0,0.5008335642546908
4,005789,0,0.5006231381595457
4,005790,0,0.5001072639425124
4,005796,0,0.5002961895254407
4,005797,0,0.5010408208182918
4,005801,0,0.5001055032248485
4,005803,0,0.5007387128312603
4,005811,0,0.5003400470337622
4,005825,0,0.5066074963074764
4,005828,0,0.5007787847300714
4,005829,0,0.5001140186521084
4,005835,0,0.50194379823752
4,005838,0,0.5005379536486302
4,005839,0,0.5001728722514771
4,005844,0,0.5014491236219708
4,005846,0,0.5027453516748676
4,005852,0,0.5009892660986466
4,005853,0,0.5017456069272579
4,005870,0,0.5000752539068114
4,005873,0,0.5011857518007224
4,005874,0,0.5005939115133291
4,005876,0,0.5017207134755365
4,005878,0,0.5000752539068114
4,005879,0,0.5005154408675099
4,005898,0,0.5011755247170742
4,005904,0,0.5004338002533406
4,005915,0,0.5034411508487372
4,005916,0,0.5001749725599428
4,005919,0,0.5003239610389626
4,005920,0,0.5000856218748154
4,005922,0,0.5008169875681199
4,005923,0,0.5014959653853758
4,005931,0,0.5009657555534603
4,005952,0,0.5001990116063629
4,005957,0,0.500638749966718
4,005960,0,0.5000851195078708
4,005966,0,0.5056627458159364
4,005972,0,0.5137648879531153
4,005979,0,0.5019903916407086
4,005981,0,0.5000872495074423
4,005982,0,0.5000752539068114
4,005987,0,0.5003885144120426
4,005998,0,0.5003388509235559
4,006000,0,0.5003741483549878
4,006004,0,0.5001141796075259
4,006006,0,0.5012981913355966
4,006011,0,0.5009581592253433
4,006012,0,0.5008366224778575
4,006013,0,0.5002190966357042
4,006019,0,0.5002891352612077
4,006020,0,0.5023349861331691
4,006023,0,0.5019479271082908
4,006029,0,0.5003961086869364
4,006031,0,0.5023584735469948
4,006034,0,0.5001126343562972
4,006039,0,0.5015023519375315
4,006049,0,0.5003551950175554
4,006054,0,0.5003707050210505
4,006059,0,0.5009714371151214
4,006061,0,0.5038581696050018
4,006069,0,0.5001667199892508
4,006077,0,0.5068202835230697
4,006085,0,0.5004966172311559
4,006091,0,0.5001214266102563
4,006093,0,0.5008901851669061
4,006107,0,0.5009787156023956
4,006109,0,0.5000987022533466
4,006121,0,0.5000865122986309
4,006125,0,0.5003219795293739
4,006133,0,0.5071035169219609
4,006147,0,0.5002246352189582
4,006152,0,0.5012246319803408
4,006157,0,0.5001138492417395
4,006167,0,0.5008105636392066
4,006168,0,0.5019965121948619
4,006172,0,0.513331940106491
4,006176,0,0.5006395184037576
4,006178,0,0.5001298330475524
4,006186,0,0.5001950178943511
4,006187,0,0.5001857533134307
4,006193,0,0.500408695989711
4,006197,0,0.5001768681374219
4,006198,0,0.5000752539068114
4,006199,0,0.500103419557939
4,006200,0,0.5001545094811337
4,006202,0,0.500619137253074
4,006205,0,0.5030945941938234
4,006206,0,0.5001186251568047
4,006208,0,0.5002127718396379
4,006216,0,0.5003754285346563
4,006220,0,0.5003850820867827
4,006223,0,0.5001576770746851
4,006227,0,0.5000752539068114
4,006232,0,0.5008014077157414
4,006235,0,0.500192371683911
4,006237,0,0.5001483230304056
4,006238,0,0.5054784543478568
4,006240,0,0.50024701481129
4,006242,0,0.5003142963300726
4,006250,0,0.5000752539068114
4,006260,0,0.5007927134523115
4,006261,0,0.5006483330015701
4,006274,0,0.5002750485765131
4,006290,0,0.5000752539068114
4,006294,0,0.5022585251806407
4,006296,0,0.5003384999675856
4,006308,0,0.5008113599480575
4,006317,0,0.5003442913076143
4,006321,0,0.5003989823627658
4,006323,0,0.5001297641258634
4,006332,0,0.5023128850123939
4,006333,0,0.5002501367013217
4,006335,0,0.5007818594753869
4,006346,0,0.5001543204287588
4,006348,0,0.50038230090853
4,006350,0,0.5002302826494495
4,006355,0,0.5004626238105728
4,006362,0,0.5021782961584571
4,006363,0,0.5005556137433925
4,006365,0,0.5002179908733185
4,006368,0,0.5003450976044941
4,006377,0,0.5004795632381756
4,006382,0,0.5018756592802412
4,006387,0,0.5006135966503285
4,006393,0,0.5005534972620236
4,006401,0,0.5001067094370675
4,006403,0,0.5027992660597121
4,006411,0,0.5006153649186724
4,006412,0,0.5068144211105339
4,006432,0,0.5005614018998162
4,006437,0,0.5021671912237102
4,006445,0,0.5002792717834001
4,006449,0,0.5007893001183681
4,006456,0,0.5006422965748657
4,006457,0,0.5001469677927901
4,006461,0,0.5001779712199761
4,006470,0,0.5002695346732305
4,006473,0,0.50155055596469
4,006478,0,0.500139264985627
4,006483,0,0.500188994967368
4,006487,0,0.5419276707453357
4,006488,0,0.5001206617109161
4,006497,0,0.5001174605405853
4,006504,0,0.5001216476607452
4,006508,0,0.500610271185882
4,006523,0,0.500372528891669
4,006525,0,0.5000752539068114
4,006533,0,0.5001585359753484
4,006539,0,0.5006503045778237
4,006550,0,0.5016781760492819
4,006556,0,0.5003383902872425
4,006570,0,0.500202534823801
4,006573,0,0.5014142724867389
4,006578,0,0.5001633878905517
4,006589,0,0.5220365962637498
4,006591,0,0.5016442243097288
4,006592,0,0.5004713132075875
4,006596,0,0.5000998189795731
4,006602,0,0.5000844496853005
4,006604,0,0.5001884859575968
4,006607,0,0.5034643628717905
4,006608,0,0.5002691490643314
4,006609,0,0.5003740041746787
4,006626,0,0.50427701247262
4,006627,0,0.5002419037536623
4,006635,0,0.5039857773574937
4,006636,0,0.501365496344923
4,006641,0,0.5005862999244627
4,006649,0,0.5001458704512419
4,006653,0,0.5008789808595178
4,006657,0,0.500340395927263
4,006659,0,0.5001052079783503
4,006663,0,0.5001325935941935
4,006678,0,0.5016792104041372
4,006685,0,0.5034967275381668
4,006704,0,0.5008098560108287
4,006708,0,0.5001370086003445
4,006709,0,0.5001505180930582
4,006713,0,0.5021696795286754
4,006725,0,0.5002615674985812
4,006732,0,0.500993484451691
4,006734,0,0.500105163903105
4,006744,0,0.5014608031526687
4,006746,0,0.5005069503546731
4,006754,0,0.5002806626207774
4,006756,0,0.5007776499408909
4,006762,0,0.5117863519933896
4,006763,0,0.5307047192944625
4,006766,0,0.5011549579445538
4,006784,0,0.5045000274912779
4,006787,0,0.5004842104550898
4,006791,0,0.5005887363138692
4,006795,0,0.5001097514540886
4,006810,0,0.5014582391822459
4,006811,0,0.5121180294082079
4,006815,0,0.5003995443709209
4,006819,0,0.5001294009987668
4,006823,0,0.5002288917096842
4,006827,0,0.5005351290280418
4,006828,0,0.5009878106523588
4,006831,0,0.5008190938032758
4,006837,0,0.5015522976840472
4,006847,0,0.5000862957474858
4,006849,0,0.50009589240159
4,006855,0,0.5000752539068114
4,006858,0,0.5004763637207049
4,006867,0,0.5001027861400849
4,006873,0,0.5003169477001975
4,006880,0,0.5055727955742213
4,006886,0,0.5010027986012158
4,006887,0,0.5015156866577694
4,006889,0,0.5012545806157384
4,006909,0,0.5004762441416064
4,006914,0,0.5000953186914676
4,006925,0,0.5002503787600259
4,006929,0,0.506739052483308
4,006930,0,0.5028582053717762
4,006931,0,0.500227839788755
4,006932,0,0.5002203130849401
4,006936,0,0.5001677746284869
4,006952,0,0.5002995676405029
4,006961,0,0.5003507244128451
4,006967,0,0.5009998824717781
4,006970,0,0.5001009547160405
4,006982,0,0.5020313546657875
4,007000,0,0.5022485260758036
4,007001,0,0.5000855335426859
4,007003,0,0.500194674336616
4,007006,0,0.5003969926100863
4,007011,0,0.5004085159165277
4,007019,0,0.5002071873608297
4,007027,0,0.5004069955685713
4,007028,0,0.5001674552359782
4,007033,0,0.5009774719519874
4,007034,0,0.5001663750482881
4,007040,0,0.5006972418986089
4,007042,0,0.50018627997138
4,007057,0,0.5000752539068114
4,007058,0,0.500229693589033
4,007059,0,0.500227731427645
4,007060,0,0.5013986648972464
4,007061,0,0.5011679712452078
4,007063,0,0.5006176158006118
4,007064,0,0.5003130046823563
4,007074,0,0.5007746911753009
4,007079,0,0.5006079873938302
4,007082,0,0.5036352231060788
4,007088,0,0.506228297006792
4,007092,0,0.5049767002075021
4,007094,0,0.5001444322920069
4,007106,0,0.5006466551170453
4,007107,0,0.5007245032254044
4,007113,0,0.5009574006257356
4,007114,0,0.5002940652556983
4,007125,0,0.500338181409661
4,007132,0,0.5001149648929156
4,007138,0,0.5002215533969301
4,007140,0,0.5001352936743734
4,007142,0,0.5001552809422143
4,007144,0,0.5006223460987406
4,007160,0,0.5007993268944053
4,007166,0,0.5010901495147391
4,007167,0,0.5001752443574471
4,007180,0,0.5000972651768082
4,007183,0,0.5001237706360014
4,007191,0,0.5007643676033254
4,007192,0,0.5000991473493757
4,007194,0,0.5013021686456094
4,007195,0,0.5004116774132296
4,007197,0,0.5000752539068114
4,007201,0,0.500242435734491
4,007202,0,0.5007895582585354
4,007210,0,0.5003752745291582
4,007232,0,0.5001095497576248
4,007250,0,0.5002240962180926
4,007252,0,0.5045102758690995
4,007292,0,0.5003111465673669
4,007295,0,0.5017224624371222
4,007299,0,0.5007167706784085
4,007301,0,0.5003776897223402
4,007302,0,0.5011280911295198
4,007304,0,0.5014567298000696
4,007317,0,0.5011954133502459
4,007318,0,0.5003319025944908
4,007319,0,0.5003096262674422
4,007324,0,0.5001991842210939
4,007331,0,0.5007550700929811
4,007341,0,0.5008178177931467
4,007342,0,0.5001714691958533
4,007343,0,0.5004100188125322
4,007350,0,0.5007828191024627
4,007367,0,0.5008289113033978
4,007382,0,0.5006064071239829
4,007383,0,0.5012018729219614
4,007385,0,0.5001404836954646
4,007388,0,0.5001224175313166
4,007394,0,0.501663979229929
4,007398,0,0.5001725207500782
4,007403,0,0.5002610463223227
4,007417,0,0.5002635093824416
4,007418,0,0.5000752539068114
4,007419,0,0.5003171289314419
4,007425,0,0.5008082636037605
4,007427,0,0.5005429786457762
4,007430,0,0.5002250682427101
4,007432,0,0.5004622191559175
4,007439,0,0.5007402966392197
4,007440,0,0.5002059409821248
4,007445,0,0.5015298396754322
4,007447,0,0.5045772995193711
4,007449,0,0.5032535952309076
4,007451,0,0.5080970384428399
4,007456,0,0.5000986220288945
4,007467,0,0.5001687205623925
4,007468,0,0.5001686977285854
4,007472,0,0.5027188965744082
4,007476,0,0.5003352557995273
4,007478,0,0.5001921883905689
4,007479,0,0.500475171761075
4,007485,0,0.5001525149044561
4,007486,0,0.5054498747483674
4,007488,0,0.500197047312926
4,007491,0,0.5011785434005782
4,007495,0,0.5567298725182834
4,007496,0,0.5004154354409467
4,007498,0,0.5008131155200822
4,007499,0,0.5005545890457689
4,007502,0,0.5000840391505661
4,007505,0,0.5010411396014731
4,007523,0,0.5006237118692028
4,007525,0,0.5022405385781978
4,007531,0,0.5001074875688295
4,007538,0,0.5003840738942383
4,007546,0,0.5012048495450205
4,007550,0,0.5001711260035899
4,007552,0,0.5086769232984895
4,007553,0,0.50009589240159
4,007560,0,0.5000841994641078
4,007572,0,0.5005317678632708
4,007578,0,0.5014749410971783
4,007582,0,0.5001585405028308
4,007586,0,0.5028446748608394
4,007591,0,0.5002743644695838
4,007602,0,0.5002341115127109
4,007605,0,0.5000752539068114
4,007607,0,0.5014235782743651
4,007614,0,0.5008038866465736
4,007619,0,0.5008189940443781
4,007622,0,0.5008794471288343
4,007624,0,0.5004623080708583
4,007625,0,0.5005640119573724
4,007626,0,0.5009335985745591
4,007631,0,0.5003065468117888
4,007640,0,0.5007187110823812
4,007646,0,0.5000752539068114
4,007649,0,0.5001244322654458
4,007650,0,0.5016334206771623
4,007652,0,0.5007350517573299
4,007654,0,0.5001429391966058
4,007659,0,0.5008716107534258
4,007660,0,0.5002361419692142
4,007661,0,0.5001484671542074
4,007663,0,0.5000752539068114
4,007664,0,0.5004075307272132
4,007666,0,0.5009747750633642
4,007686,0,0.5004034240913598
4,007707,0,0.5000788471385847
4,007710,0,0.5003898476763214
4,007716,0,0.502219890981034
4,007717,0,0.5002509098800838
4,007723,0,0.5002267584579032
4,007737,0,0.50026879165484
4,007738,0,0.5001422826102784
4,007740,0,0.5001959538504178
4,007754,0,0.5027114013001039
4,007755,0,0.5013102264794222
4,007764,0,0.5000752539068114
4,007767,0,0.5001513249547844
4,007771,0,0.5001534853383928
4,007772,0,0.5227285604385875
4,007776,0,0.5001539449438427
4,007777,0,0.5005250147181116
4,007779,0,0.5001198523732187
4,007785,0,0.5068165225269549
4,007788,0,0.5008497181859403
4,007789,0,0.5025120391705119
4,007790,0,0.5034747640498421
4,007791,0,0.5002417380833848
4,007796,0,0.5021950796007684
4,007798,0,0.500151084220754
4,007799,0,0.5000752539068114
4,007801,0,0.5001988195773387
4,007814,0,0.5015860749491168
4,007815,0,0.5004566305217544
4,007824,0,0.5003630041622185
4,007830,0,0.5020950373678089
4,007838,0,0.5004868509839717
4,007845,0,0.5000872495074423
4,007849,0,0.5010119454709897
4,007855,0,0.5008569166843746
4,007868,0,0.5030771300738374
4,007880,0,0.5003934873448055
4,007887,0,0.5041721669345893
4,007892,0,0.5013256720957938
4,007906,0,0.5001388380794407
4,007910,0,0.5006717473802295
4,007918,0,0.5004136920604303
4,007921,0,0.5036228815555257
4,007923,0,0.5002688348473585
4,007928,0,0.5164203381544525
4,007943,0,0.5000752539068114
4,007954,0,0.5027797032463682
4,007966,0,0.5001010210166007
4,007968,0,0.5001987563261417
4,007973,0,0.5007330429765794
4,007974,0,0.5001896892997435
4,007989,0,0.5004202437294981
4,007991,0,0.5022466973566843
4,007992,0,0.5002208682249729
4,007998,0,0.5000851195078708
4,008001,0,0.5010241714188374
4,008008,0,0.5008048402885066
4,008010,0,0.5001482206515553
4,008012,0,0.5008732423238115
4,008014,0,0.5001436294556991
4,008019,0,0.5032271546231295
4,008020,0,0.5066776790055234
4,008025,0,0.5158047947420561
4,008027,0,0.5025723363268948
4,008033,0,0.500094359226261
4,008038,0,0.5075091875643731
4,008051,0,0.5000752539068114
4,008057,0,0.5001369660908429
4,008058,0,0.5037974530183453
4,008061,0,0.5012473576948828
4,008062,0,0.5072606339771357
4,008063,0,0.5006953797098278
4,008064,0,0.5001831273720256
4,008065,0,0.5004368081219163
4,008068,0,0.502378793837303
4,008071,0,0.5021130257839198
4,008073,0,0.5001332728932447
4,008087,0,0.5000752539068114
4,008092,0,0.5551989053164843
4,008093,0,0.500147211271867
4,008096,0,0.5001109420004153
4,008097,0,0.5004568880435094
4,008108,0,0.5007756524292185
4,008116,0,0.5004691262530072
4,008117,0,0.500913013802507
4,008118,0,0.5002275837917135
4,008120,0,0.5007585217843404
4,008134,0,0.5000928962836138
4,008144,0,0.5150153450665437
4,008147,0,0.5009043972108594
4,008150,0,0.5007994510506434
4,008154,0,0.5003355384474986
4,008155,0,0.5001131918423543
4,008163,0,0.5001255244172635
4,008166,0,0.5000752539068114
4,008186,0,0.5001573733765506
4,008188,0,0.5001398612305887
4,008196,0,0.5008137788982742
4,008199,0,0.5004915746647314
4,008220,0,0.5001277781416663
4,008222,0,0.500493767391158
4,008229,0,0.5001749725599428
4,008230,0,0.5002379758157446
4,008232,0,0.5024856246294281
4,008237,0,0.5001258665206271
4,008243,0,0.5003317968378685
4,008244,0,0.5009958103676516
4,008247,0,0.500129384335632
4,008251,0,0.5000951470695278
4,008255,0,0.5006371836609189
4,008258,0,0.5009649627413645
4,008260,0,0.500094713628599
4,008273,0,0.5043981256386607
4,008278,0,0.5007696353320088
4,008283,0,0.501662847324175
4,008287,0,0.500111612979972
4,008292,0,0.5006402532949258
4,008295,0,0.5001171478502595
4,008305,0,0.5003865603983996
4,008309,0,0.5001525398965498
4,008313,0,0.5002742930586364
4,008314,0,0.5003143490787264
4,008318,0,0.5003809350187288
4,008326,0,0.5007552349786649
4,008329,0,0.5001338389500344
4,008331,0,0.5001240492699917
4,008342,0,0.5006744971937757
4,008349,0,0.5001581009341446
4,008361,0,0.5100773453085716
4,008363,0,0.5003479121405459
4,008368,0,0.502946949554863
4,008370,0,0.5009840383970544
4,008371,0,0.5006000116147837
4,008378,0,0.5003522441907265
4,008379,0,0.5003102293040492
4,008386,0,0.5008161167734763
4,008388,0,0.5005954955959437
4,008394,0,0.5001327260372395
4,008399,0,0.5005061211131366
4,008403,0,0.5005106253024201
4,008404,0,0.5004512977030812
4,008410,0,0.5013020840604907
4,008411,0,0.500451806739367
4,008418,0,0.5003108825086622
4,008432,0,0.5002267573735973
4,008434,0,0.5004972134951307
4,008436,0,0.5005735736757493
4,008446,0,0.5003827755823038
4,008451,0,0.5000920713770765
4,008453,0,0.5093423125922723
4,008456,0,0.5003297588134656
4,008461,0,0.5002145278896302
4,008464,0,0.5003926390470019
4,008470,0,0.5021048171673907
4,008474,0,0.5065069397784797
4,008477,0,0.5021967022558361
4,008478,0,0.5018869193195882
4,008487,0,0.5003555199972226
4,008488,0,0.5008024614852657
4,008490,0,0.5002066592439959
4,008491,0,0.5025528543245209
4,008494,0,0.5008501855026783
4,008500,0,0.5006489543102784
4,008509,0,0.5001837977048638
4,008515,0,0.5025623418396913
4,008525,0,0.5010452442122891
4,008533,0,0.5001932197794401
4,008547,0,0.5006405136085222
4,008556,0,0.5002338080832189
4,008560,0,0.5003522441907265
4,008561,0,0.5002052320559179
4,008566,0,0.5001324440028972
4,008568,0,0.5001245180301495
4,008571,0,0.5005913380079607
4,008575,0,0.500335150466778
4,008577,0,0.5003252340098456
4,008587,0,0.5012865271500501
4,008592,0,0.50165214676652
4,008600,0,0.5003861654065183
4,008603,0,0.5007085670924304
4,008609,0,0.5003993794771062
4,008615,0,0.5001109420004153
4,008626,0,0.5032794204549863
4,008638,0,0.5003686995793555
4,008639,0,0.5004659074432255
4,008640,0,0.500079911300481
4,008642,0,0.5001215565743236
4,008644,0,0.5001787710708095
4,008645,0,0.5058422291395516
4,008647,0,0.500123059943876
4,008648,0,0.500186940391782
4,008653,0,0.5002554472399081
4,008669,0,0.500085806763703
4,008671,0,0.5001741665700216
4,008673,0,0.5018042811633202
4,008675,0,0.5001872471062483
4,008685,0,0.5001062310356386
4,008693,0,0.5002967965631929
4,008701,0,0.5020091742556989
4,008709,0,0.5009570732889687
4,008717,0,0.5005914506494653
4,008723,0,0.5028673230625658
4,008725,0,0.5011346950842138
4,008726,0,0.500169248249893
4,008734,0,0.5001137578428254
4,008736,0,0.5018069463823891
4,008738,0,0.5004529844857686
4,008750,0,0.5001714215929242
4,008753,0,0.5001717697360989
4,008757,0,0.5004581202507122
4,008767,0,0.5001384001628412
4,008773,0,0.5001453843948853
4,008781,0,0.5000987022533466
4,008783,0,0.5007532761192102
4,008784,0,0.5000957073602724
4,008791,0,0.500466513958508
4,008800,0,0.5011730073951927
4,008801,0,0.5001736261449966
4,008811,0,0.5001267996400077
4,008822,0,0.5001616445701337
4,008835,0,0.5000752539068114
4,008839,0,0.5002838412022322
4,008846,0,0.5008148489606811
4,008847,0,0.5002109997436276
4,008858,0,0.5008899010025621
4,008860,0,0.5016047272282745
4,008863,0,0.5004918492591673
4,008866,0,0.5021536040237924
4,008873,0,0.5000752539068114
4,008876,0,0.5020138714631678
4,008881,0,0.5006853246439296
4,008886,0,0.5016356314160496
4,008888,0,0.5022598078470887
4,008895,0,0.500529820917038
4,008896,0,0.5123483771946641
4,008900,0,0.5005792187082642
4,008909,0,0.5000843052953364
4,008913,0,0.5001690204473039
4,008920,0,0.5002319725261606
4,008923,0,0.5001826374644639
4,008925,0,0.5022252625019136
4,008933,0,0.5002891062004695
4,008949,0,0.5038879928549214
4,008952,0,0.5001156913679875
4,008961,0,0.5003250621973792
4,008965,0,0.5003900989176234
4,008967,0,0.5007392898815425
4,008971,0,0.5008500578821565
4,008981,0,0.5002421970556685
4,008983,0,0.5007485721907741
4,008985,0,0.5002849096292988
4,009003,0,0.500283539620042
4,009010,0,0.5000863536411388
4,009013,0,0.5002777365746096
4,009014,0,0.500663271621968
4,009017,0,0.5002959379446897
4,009033,0,0.5001581009341446
4,009036,0,0.5000752539068114
4,009044,0,0.5002936335386439
4,009052,0,0.500717356793148
4,009053,0,0.5010071140517423
4,009069,0,0.504119384984314
4,009076,0,0.5001333196714977
4,009078,0,0.5002277198308038
4,009081,0,0.5022195854784025
4,009083,0,0.5000843484256051
4,009085,0,0.500211417131665
4,009090,0,0.5001554942859456
4,009104,0,0.5003148502594393
4,009109,0,0.5004800622554965
4,009110,0,0.5001708296101153
4,009114,0,0.5004890740352427
4,009117,0,0.510305885160883
4,009124,0,0.500715440636389
4,009136,0,0.5000961351354833
4,009150,0,0.5010679669213502
4,009159,0,0.5001860427085886
4,009164,0,0.5002859337365048
4,009167,0,0.5000843052953364
4,009172,0,0.5007640883039882
4,009179,0,0.5000848599973635
4,009183,0,0.5001576839021247
4,009184,0,0.5002207329066127
4,009188,0,0.5012235188141472
4,009192,0,0.5002752746626485
4,009193,0,0.5016922832592254
4,009194,0,0.5000752539068114
4,009199,0,0.5026254293844002
4,009202,0,0.5012150791359823
4,009216,0,0.5007036825571046
4,009219,0,0.5012010878945339
4,009225,0,0.5007780077653057
4,009226,0,0.5000752539068114
4,009228,0,0.5003306171801125
4,009234,0,0.5000752539068114
4,009235,0,0.5001673251556812
4,009244,0,0.5000752539068114
4,009248,0,0.5002219063418005
4,009250,0,0.5001020109486466
4,009251,0,0.5001960082671658
4,009258,0,0.5007455409571551
4,009262,0,0.5034763030222128
4,009267,0,0.502836019108599
4,009269,0,0.5008318051687205
4,009272,0,0.5015820704043966
4,009274,0,0.5002250061730709
4,009278,0,0.5001854836934209
4,009279,0,0.5105366657165619
4,009280,0,0.5008666716468355
4,009283,0,0.5002793764152793
4,009297,0,0.5005091178948757
4,009306,0,0.5015678464980149
4,009310,0,0.5002295777554875
4,009313,0,0.502104166316734
4,009318,0,0.501530395891136
4,009319,0,0.5003760381985393
4,009320,0,0.5001465479359686
4,009336,0,0.5001278665515295
4,009341,0,0.5012466030129901
4,009344,0,0.501097662910956
4,009346,0,0.5029582973195893
4,009348,0,0.5007622484915549
4,009349,0,0.5002094690750009
4,009350,0,0.5014504444003105
4,009358,0,0.5005480195437894
4,009364,0,0.5011988003063502
4,009365,0,0.500096796388083
4,009369,0,0.5003964210672434
4,009371,0,0.5003655738923549
4,009373,0,0.5032914213802998
4,009382,0,0.5006520474448922
4,009385,0,0.50174852516978
4,009386,0,0.5001452337823755
4,009387,0,0.5022225644530338
4,009388,0,0.5015302691967811
4,009406,0,0.5001908227817905
4,009411,0,0.5005040301423922
4,009415,0,0.500640822199059
4,009435,0,0.5002130642295892
4,009442,0,0.5003932429109809
4,009446,0,0.5003814174974579
4,009455,0,0.5007321308087179
4,009460,0,0.5015090765620397
4,009469,0,0.5001704298134705
4,009470,0,0.5006377068181389
4,009471,0,0.5001580656401705
4,009474,0,0.5007449609762763
4,009490,0,0.5000752539068114
4,009491,0,0.5152954897405653
4,009492,0,0.5002608200204417
4,009493,0,0.5000752539068114
4,009501,0,0.500213708936308
4,009502,0,0.5004431497755755
4,009515,0,0.5000752539068114
4,009524,0,0.5032579144891848
4,009527,0,0.5001181187392599
4,009531,0,0.5009452963481976
4,009539,0,0.5001463490774497
4,009550,0,0.5000752539068114
4,009559,0,0.5008405940305316
4,009561,0,0.5000752539068114
4,009568,0,0.5001925954635102
4,009570,0,0.5002777903883525
4,009576,0,0.5001446436998368
4,009582,0,0.5073912139150069
4,009583,0,0.5000907857235615
4,009585,0,0.5008142499994143
4,009593,0,0.500097409447334
4,009599,0,0.5007716576778659
4,009600,0,0.5003727298229163
4,009603,0,0.5003098868370538
4,009608,0,0.5007185478066205
4,009609,0,0.5007616563541226
4,009617,0,0.5003562083769912
4,009622,0,0.5002079596241761
4,009631,0,0.5009424933549729
4,009641,0,0.500344683497645
4,009642,0,0.5006551228315348
4,009660,0,0.5165018856247369
4,009662,0,0.5003684178475964
4,009675,0,0.5078513269179473
4,009676,0,0.5001661154842263
4,009677,0,0.5000875840254891
4,009679,0,0.5030449707568581
4,009682,0,0.50107229939425
4,009683,0,0.5008907080438133
4,009689,0,0.5004606638561958
4,009699,0,0.5098999136253306
4,009703,0,0.5003358301702046
4,009704,0,0.5004210902715185
4,009712,0,0.5010111273043855
4,009721,0,0.5000848928669905
4,009722,0,0.5002314879847759
4,009725,0,0.5003063337936926
4,009735,0,0.509902674139564
4,009737,0,0.5004317439762247
4,009743,0,0.5053110009222911
4,009745,0,0.5000752539068114
4,009751,0,0.5049007108710278
4,009758,0,0.5002557533757827
4,009763,0,0.5094105334215995
4,009774,0,0.5042076459135385
4,009778,0,0.5001746316087645
4,009779,0,0.5024721930876143
4,009782,0,0.5003675004773659
4,009785,0,0.50043043901831
4,009787,0,0.5007223128427037
4,009788,0,0.5002621763908319
4,009789,0,0.5000957073602724
4,009791,0,0.5020157134136995
4,009792,0,0.500448527824613
4,009803,0,0.5002586072380155
4,009805,0,0.5004180021789018
4,009808,0,0.5001996199064981
4,009810,0,0.5001538822718417
4,009814,0,0.5005768913396431
4,009818,0,0.5002787687037454
4,009819,0,0.50374182885795
4,009826,0,0.5001697955974602
4,009828,0,0.5003436392928434
4,009845,0,0.5061942476423987
4,009860,0,0.5001300672859335
4,009862,0,0.5001124187735803
4,009874,0,0.5012097900923366
4,009880,0,0.5002040079168372
4,009888,0,0.5003216750231471
4,009889,0,0.5001128581122735
4,009901,0,0.5000752539068114
4,009910,0,0.5120104150076374
4,009911,0,0.500706328418992
4,009919,0,0.5016378104610912
4,009921,0,0.5005514804572865
4,009926,0,0.5006510050477548
4,009935,0,0.5001346947699671
4,009936,0,0.5005369078857589
4,009940,0,0.5012467933509978
4,009946,0,0.5004054033576002
4,009948,0,0.5003866759355416
4,009949,0,0.5002996378703957
4,009951,0,0.500197662936287
4,009958,0,0.5004733422157233
4,009959,0,0.5002433083776984
4,009960,0,0.5012234719185111
4,009962,0,0.5001304626464884
4,009966,0,0.5014145861852668
4,009967,0,0.5001576800068367
4,009968,0,0.5062137384723151
4,009975,0,0.5009142903680555
4,009984,0,0.5002315206942108
4,009989,0,0.5017680292252914
4,010003,0,0.5001188596835108
4,010007,0,0.5010170690238882
4,010016,0,0.5006360765950306
4,010024,0,0.500186940391782
4,010028,0,0.5003213780142964
4,010031,0,0.5001243468127087
4,010035,0,0.5003561703124629
4,010041,0,0.5007097532588731
4,010043,0,0.5006256093128892
4,010046,0,0.5001996080363045
4,010048,0,0.5003476405481682
4,010056,0,0.5135250612125801
4,010057,0,0.5007001952802473
4,010058,0,0.5072953343846065
4,010071,0,0.5009722013487058
4,010072,0,0.5002261544831371
4,010074,0,0.5002514829546819
4,010078,0,0.5002217814562617
4,010080,0,0.5460828245650696
4,010082,0,0.5000752539068114
4,010087,0,0.500087244413906
4,010100,0,0.5003902452392001
4,010109,0,0.500659981941825
4,010113,0,0.5008372005406565
4,010116,0,0.5003663661235375
4,010118,0,0.5011356516102364
4,010120,0,0.501972624695067
4,010123,0,0.5005740290384564
4,010126,0,0.5000752539068114
4,010136,0,0.5005646908785553
4,010141,0,0.5001052079783503
4,010171,0,0.502532263146532
4,010176,0,0.5002151790971325
4,010179,0,0.5002109999070178
4,010182,0,0.501422287653285
4,010183,0,0.5010987478743468
4,010186,0,0.5000889108276416
4,010187,0,0.500814828578743
4,010198,0,0.5013676676588141
4,010199,0,0.5000972575155376
4,010207,0,0.5008324399240769
4,010210,0,0.5017690279877695
4,010225,0,0.5003474980294732
4,010226,0,0.5002070352079776
4,010231,0,0.5005006318331423
4,010241,0,0.5004717755877436
4,010247,0,0.5062657892063424
4,010248,0,0.5009203177767351
4,010252,0,0.5016412628292037
4,010258,0,0.5001790274055902
4,010261,0,0.5002397631545368
4,010262,0,0.5000958635400062
4,010265,0,0.5016268353426945
4,010273,0,0.5002251895716565
4,010281,0,0.500561683268129
4,010282,0,0.5013107461588635
4,010288,0,0.5003302897308698
4,010289,0,0.5003479568237617
4,010293,0,0.5023896468640666
4,010295,0,0.5001619607455102
4,010309,0,0.5001974368353095
4,010314,0,0.5002354131095681
4,010318,0,0.5002820116582196
4,010321,0,0.5005030229773438
4,010323,0,0.5003462637608326
4,010325,0,0.5006487313837221
4,010326,0,0.5002582701918611
4,010336,0,0.5003031787381664
4,010339,0,0.5012274451871029
4,010340,0,0.5009230506362328
4,010345,0,0.5001673929242673
4,010347,0,0.5015291884797132
4,010364,0,0.5004773615006934
4,010365,0,0.5001147401758634
4,010370,0,0.5000969888714633
4,010372,0,0.5010263870573244
4,010384,0,0.5007318146304592
4,010387,0,0.5008566829449025
4,010393,0,0.5006193674848775
4,010394,0,0.5001876765709132
4,010401,0,0.503605185164781
4,010415,0,0.500115555477905
4,010422,0,0.5002723898720234
4,010423,0,0.5019334758369868
4,010424,0,0.5010119911973726
4,010434,0,0.5008540755254662
4,010439,0,0.5001778076014781
4,010441,0,0.5004987682348165
4,010442,0,0.5030018323295444
4,010450,0,0.503000184371514
4,010457,0,0.5009511392601494
4,010458,0,0.5002450780485115
4,010459,0,0.5004886058136102
4,010471,0,0.5025222807097859
4,010472,0,0.500145106361921
4,010473,0,0.5014905269044357
4,010475,0,0.5004547660703349
4,010477,0,0.5005498451293822
4,010484,0,0.5011954588236375
4,010489,0,0.5001025705155432
4,010491,0,0.501199808329223
4,010498,0,0.5000979546252127
4,010499,0,0.5006066453454131
4,010502,0,0.500579996228928
4,010507,0,0.5062489604896389
4,010514,0,0.5002694572879971
4,010524,0,0.5031541021089535
4,010525,0,0.5002692927848743
4,010535,0,0.5007741032449912
4,010542,0,0.5003930533181467
4,010550,0,0.5009136053936241
4,010562,0,0.5008989829429403
4,010566,0,0.5001284180681972
4,010575,0,0.5006948078352723
4,010577,0,0.5005876392356091
4,010578,0,0.500335990416395
4,010580,0,0.5008792773811414
4,010584,0,0.500115268400134
4,010585,0,0.500803553597498
4,010587,0,0.500175126030389
4,010592,0,0.5012098293364682
4,010594,0,0.5001850135750868
4,010595,0,0.5000954228483832
4,010600,0,0.5002214639311175
4,010605,0,0.5004098993253847
4,010607,0,0.5018868839073948
4,010620,0,0.5005448064870409
4,010621,0,0.5002661604622871
4,010623,0,0.5001718542774222
4,010627,0,0.5009189354586279
4,010628,0,0.502611278625778
4,010630,0,0.5001933900229303
4,010632,0,0.5001357449514228
4,010648,0,0.5001559184038826
4,010650,0,0.5001178355094544
4,010658,0,0.5001158838961047
4,010661,0,0.5004511585965272
4,010665,0,0.5027678158503576
4,010667,0,0.5030278432668823
4,010670,0,0.5000972843759662
4,010680,0,0.5003549494260119
4,010682,0,0.5001246622267967
4,010694,0,0.5003828772800115
4,010699,0,0.5047297805193105
4,010702,0,0.5009673680188355
4,010714,0,0.5014313844855358
4,010716,0,0.5003964210672434
4,010724,0,0.5009953843026479
4,010727,0,0.5003943049354739
4,010739,0,0.5000981075864075
4,010747,0,0.5002116246956245
4,010752,0,0.5013263547532
4,010757,0,0.5006364574477086
4,010765,0,0.5001618693486468
4,010766,0,0.5012301081018935
4,010767,0,0.500941434909193
4,010770,0,0.5089430262356371
4,010781,0,0.5003793723775968
4,010782,0,0.500171793745765
4,010789,0,0.5002723605838801
4,010795,0,0.5010064507290567
4,010796,0,0.5017656450617126
4,010797,0,0.5011419787729433
4,010798,0,0.5002470181373663
4,010802,0,0.5002515875665207
4,010810,0,0.5003294797039582
4,010825,0,0.5006876757707748
4,010837,0,0.5006559048925007
4,010841,0,0.5006586795038573
4,010842,0,0.5003584441275886
4,010843,0,0.507836399257069
4,010844,0,0.5000993603058353
4,010851,0,0.5002963270201096
4,010862,0,0.5001948704079504
4,010864,0,0.5017030732789318
4,010872,0,0.505003812618446
4,010873,0,0.500394389897558
4,010874,0,0.5028211570189228
4,010877,0,0.5000974248596304
4,010879,0,0.5000939258422079
4,010881,0,0.5004174870341542
4,010888,0,0.5001097514540886
4,010890,0,0.5008420396822997
4,010894,0,0.5053624912921847
4,010895,0,0.5003769816554186
4,010900,0,0.5004047168362402
4,010907,0,0.5046139891312825
4,010918,0,0.5000854861245159
4,010943,0,0.5003597970916617
4,010946,0,0.5006560111107096
4,010952,0,0.5001201047083866
4,010955,0,0.500178053296111
4,010956,0,0.5001021685896188
4,010962,0,0.5013152199702354
4,010968,0,0.5002338946576387
4,010969,0,0.5001324440028972
4,010970,0,0.500246658863717
4,010977,0,0.5045240253492662
4,010988,0,0.5006086845125794
4,010989,0,0.5006217798185733
4,010992,0,0.5001709762307917
4,010994,0,0.5003290923322137
4,010995,0,0.5013710212341013
4,011009,0,0.5002434892167845
4,011010,0,0.5009336656835889
4,011011,0,0.5004531266395326
4,011016,0,0.5002293635609969
4,011019,0,0.5001228753736195
4,011020,0,0.5001106249767479
4,011023,0,0.5015035679971855
4,011027,0,0.5026084852120243
4,011028,0,0.5023018538641671
4,011037,0,0.5002899327231245
4,011039,0,0.5008515333106557
4,011040,0,0.5004082951952846
4,011046,0,0.5001800043864725
4,011047,0,0.5004300554383297
4,011048,0,0.524558208885178
4,011057,0,0.500204701558205
4,011058,0,0.5002319051244857
4,011065,0,0.5026892859946502
4,011067,0,0.50498223604791
4,011075,0,0.5046605540901138
4,011078,0,0.5003033757684742
4,011096,0,0.5009085459209994
4,011107,0,0.5002996378703957
4,011115,0,0.5045760383590356
4,011131,0,0.5001507245023343
4,011141,0,0.5003299246599796
4,011147,0,0.5008691915770305
4,011150,0,0.5002393080505759
4,011158,0,0.5004029595815296
4,011159,0,0.5006507648609876
4,011165,0,0.5018714563807561
4,011178,0,0.507824711259544
4,011182,0,0.5011979135679357
4,011184,0,0.5001938829205204
4,011188,0,0.500085582437962
4,011189,0,0.5000924194602575
4,011190,0,0.5013852370616081
4,011193,0,0.5001302714691224
4,011201,0,0.5005519161925418
4,011202,0,0.500225904326811
4,011203,0,0.5001280275027694
4,011215,0,0.5002428528397563
4,011221,0,0.5006356434830717
4,011227,0,0.5010962021239314
4,011238,0,0.5008063667579258
4,011243,0,0.5004125302380806
4,011249,0,0.500125092817241
4,011250,0,0.5012077144520234
4,011258,0,0.5001327551630618
4,011261,0,0.5004721602463322
4,011262,0,0.5001046638632081
4,011268,0,0.5004008896069361
4,011276,0,0.5000907857235615
4,011290,0,0.5002121839657381
4,011295,0,0.5005089043665901
4,011297,0,0.5016829307983682
4,011303,0,0.5003439459285629
4,011307,0,0.5061463954901516
4,011309,0,0.5004068668885815
4,011316,0,0.5001592241396345
4,011321,0,0.5001635635646445
4,011325,0,0.5029721147698158
4,011334,0,0.500822508090188
4,011335,0,0.5003724953586738
4,011347,0,0.5002720825591899
4,011348,0,0.5002753775319753
4,011350,0,0.5001258665206271
4,011354,0,0.500116009890006
4,011357,0,0.500219647892788
4,011358,0,0.5000848258604433
4,011359,0,0.5001824872737071
4,011362,0,0.5008899002724582
4,011369,0,0.5019316080228918
4,011381,0,0.5003188633083822
4,011399,0,0.500594216522674
4,011411,0,0.5007121251879751
4,011417,0,0.5006735990757585
4,011427,0,0.5036803423081148
4,011430,0,0.5001011130004936
4,011436,0,0.5005149539581474
4,011438,0,0.5004221201088013
4,011450,0,0.5006277046167323
4,011451,0,0.501133566205521
4,011465,0,0.5002249955669379
4,011472,0,0.5009121346056739
4,011473,0,0.5004351999881684
4,011475,0,0.5001123144308413
4,011480,0,0.5014938027309522
4,011484,0,0.5003218047656546
4,011487,0,0.5030654104103485
4,011494,0,0.501214273014763
4,011495,0,0.5019230379201883
4,011508,0,0.5106764611223001
4,011510,0,0.501215456220546
4,011513,0,0.5000752539068114
4,011515,0,0.5009273946192604
4,011522,0,0.5002611662985199
4,011541,0,0.5002988907324496
4,011545,0,0.5001357898968883
4,011566,0,0.5073705777494142
4,011569,0,0.5013089000637695
4,011570,0,0.5005450293279569
4,011571,0,0.5003022258454861
4,011572,0,0.5002251895716565
4,011574,0,0.5014031485905535
4,011576,0,0.5000853864355584
4,011581,0,0.5000970868211569
4,011583,0,0.5006653262590943
4,011587,0,0.5000752539068114
4,011590,0,0.5005501416638785
4,011591,0,0.5001783144540051
4,011595,0,0.5001613296984995
4,011598,0,0.500629687725805
4,011600,0,0.5005228277238292
4,011601,0,0.5000752539068114
4,011608,0,0.5003002794825187
4,011610,0,0.5009382128061736
4,011611,0,0.5000858791953453
4,011612,0,0.5016106502019816
4,011614,0,0.5003176946156898
4,011615,0,0.5015106166936615
4,011628,0,0.5180111733798249
4,011638,0,0.5003556195602141
4,011643,0,0.5000752539068114
4,011644,0,0.5013257620471694
4,011649,0,0.5025082139817412
4,011651,0,0.5000752539068114
4,011660,0,0.5002158078084968
4,011671,0,0.5012950448439746
4,011674,0,0.5019995401485435
4,011690,0,0.500243179689404
4,011692,0,0.5037617247361994
4,011698,0,0.5001480212662303
4,011705,0,0.5002503677906935
4,011715,0,0.5002868350758094
4,011718,0,0.5001772960209548
4,011719,0,0.5000752539068114
4,011720,0,0.5001641445990401
4,011725,0,0.5047461953652934
4,011726,0,0.5001366764351978
4,011733,0,0.5050791418053203
4,011742,0,0.5004092817601047
4,011743,0,0.5001659902709791
4,011750,0,0.5016858832061584
4,011752,0,0.5004753406491232
4,011768,0,0.5008649657353159
4,011773,0,0.5002142098886246
4,011774,0,0.5001620917256638
4,011778,0,0.5001471679170901
4,011781,0,0.5001567187595777
4,011782,0,0.500616855273973
4,011786,0,0.500234415652987
4,011792,0,0.5023522020424962
4,011793,0,0.5001082202221352
4,011797,0,0.5006610724058275
4,011803,0,0.5007078616858723
4,011804,0,0.500200521417807
4,011806,0,0.5004033478390998
4,011816,0,0.5000948944147788
4,011825,0,0.5038795379176048
4,011837,0,0.5002342239084648
4,011841,0,0.5000752539068114
4,011844,0,0.5000987849735361
4,011845,0,0.500095193831572
4,011851,0,0.5000858507559423
4,011854,0,0.5002416671015891
4,011855,0,0.5001427152163399
4,011868,0,0.5001480491583069
4,011871,0,0.5010009140392844
4,011872,0,0.5003954750777764
4,011875,0,0.5001297849496503
4,011884,0,0.5003922157128214
4,011885,0,0.5000951905742874
4,011888,0,0.505802539841353
4,011895,0,0.5001286848891001
4,011898,0,0.5002781176494686
4,011899,0,0.500232295694352
4,011900,0,0.5003087223508651
4,011901,0,0.5004472080665796
4,011905,0,0.5019093277431584
4,011906,0,0.5004973597564379
4,011907,0,0.5000752539068114
4,011909,0,0.5001122827774676
4,011910,0,0.5026307419432134
4,011916,0,0.5018026652647747
4,011921,0,0.500964248562238
4,011925,0,0.5003328007668566
4,011929,0,0.5013601658742399
4,011930,0,0.5053895123949658
4,011932,0,0.5005565997250416
4,011934,0,0.5004677305468513
4,011936,0,0.5001086553824251
4,011938,0,0.500260819696674
4,011943,0,0.5007657204516909
4,011944,0,0.5050940899433777
4,011957,0,0.5007917409080895
4,011967,0,0.5007449379501797
4,011969,0,0.5011490013635355
4,011984,0,0.5135910289961455
4,011992,0,0.5011028158937235
4,011994,0,0.5090662776421311
5,000024,1,0.5003542782316518
5,000056,1,0.5083864991979171
5,000198,1,0.5002410083588924
5,000432,1,0.5178417422989109
5,000558,1,0.5013252557942204
5,000592,1,0.5008163307374093
5,000703,1,0.5213469866520053
5,000727,1,0.5006763932466948
5,000764,1,0.5017226264473098
5,000872,1,0.5002188935684617
5,000907,1,0.5024824116887029
5,001267,1,0.5013675948087054
5,001299,1,0.5005486088811985
5,002398,1,0.5028162074422772
5,002563,1,0.5030182174569598
5,003109,1,0.5049752129285786
5,003180,1,0.5001189684182011
5,003325,1,0.5001460528356054
5,003537,1,0.5089186350493322
5,004020,1,0.5043602548456537
5,004742,1,0.5009348816197794
5,004826,1,0.5002157427089869
5,005039,1,0.5049767062600025
5,005095,1,0.5045307644271616
5,005373,1,0.5004223577992338
5,005548,1,0.5017561709402633
5,005716,1,0.501315380265229
5,005794,1,0.5036262217018205
5,006119,1,0.5047026118344059
5,006191,1,0.5000833138139683
5,006409,1,0.5057651253608009
5,006430,1,0.5224312302811952
5,006580,1,0.5048346077369045
5,006622,1,0.5010233619860365
5,006715,1,0.5084094975574965
5,007634,1,0.5020783155433544
5,008345,1,0.5114984642864233
5,008614,1,0.5000833138139683
5,008850,1,0.500636725606541
5,009332,1,0.5006396027807057
5,009591,1,0.5001963787516507
5,009953,1,0.5004970975441244
5,010229,1,0.5106434627389869
5,010536,1,0.5031836299841148
5,011287,1,0.5009247889940529
5,011637,1,0.5008388722462428
5,011761,1,0.5005821360719244
5,011950,1,0.5010221018205808
5,000001,0,0.5005020442894497
5,000016,0,0.5027387582146384
5,000022,0,0.5048329387322719
5,000023,0,0.5118261380339045
5,000035,0,0.5004141585225541
5,000036,0,0.506915250609499
5,000046,0,0.5047575174229475
5,000055,0,0.5001548271702866
5,000060,0,0.5001095212344348
5,000064,0,0.50023067973436
5,000067,0,0.5003075560667971
5,000069,0,0.5002043413860024
5,000072,0,0.5002106783347072
5,000073,0,0.5002076423066512
5,000074,0,0.5011086856233393
5,000076,0,0.5004405433422005
5,000081,0,0.5010488121713587
5,000086,0,0.5003814538072687
5,000089,0,0.5029296723183656
5,000091,0,0.5000833138139683
5,000093,0,0.5009009824724339
5,000096,0,0.5001285358551605
5,000098,0,0.5003862119255466
5,000099,0,0.5007206201635133
5,000101,0,0.500123760522718
5,000104,0,0.5016526476429822
5,000112,0,0.5033708392665447
5,000121,0,0.5005878748270511
5,000136,0,0.5002043816715604
5,000140,0,0.5005625906134323
5,000146,0,0.5001149049742634
5,000156,0,0.5014324511668946
5,000157,0,0.5013513633114559
5,000163,0,0.5004617320235417
5,000165,0,0.5001431141607567
5,000174,0,0.5002522539341566
5,000179,0,0.5005542011775562
5,000180,0,0.5003272102562182
5,000185,0,0.5002163336153342
5,000195,0,0.5018433937074697
5,000201,0,0.5002366999281357
5,000206,0,0.5000980316678199
5,000211,0,0.5002826044415442
5,000215,0,0.5021770253332781
5,000216,0,0.5008119145500904
5,000217,0,0.5001773581820553
5,000230,0,0.5001606542360968
5,000232,0,0.5007842051831197
5,000234,0,0.502912728642801
5,000235,0,0.5006898375959419
5,000236,0,0.5004062224091633
5,000241,0,0.5071528404259134
5,000244,0,0.5028474921414677
5,000246,0,0.5064979956371142
5,000250,0,0.5013708334095214
5,000251,0,0.5125473864609196
5,000253,0,0.5003094241524423
5,000255,0,0.5001402683718112
5,000261,0,0.5016605423079049
5,000262,0,0.5001320858553605
5,000266,0,0.500293216523544
5,000270,0,0.502104506595205
5,000272,0,0.5002428039558964
5,000274,0,0.50078385591569
5,000284,0,0.5005793230838507
5,000292,0,0.5000943864991475
5,000301,0,0.5022598505798425
5,000312,0,0.5007207595566802
5,000313,0,0.5000833138139683
5,000324,0,0.5001130471577977
5,000328,0,0.5002327603562401
5,000336,0,0.5006186511201364
5,000338,0,0.5001701759828776
5,000347,0,0.5002977413269617
5,000349,0,0.5001340436391134
5,000361,0,0.5001775175394553
5,000367,0,0.5002468522669574
5,000369,0,0.5004766575184543
5,000370,0,0.5002556359548175
5,000371,0,0.5013945360648329
5,000378,0,0.500259077732984
5,000385,0,0.5009403969495795
5,000388,0,0.5000833138139683
5,000389,0,0.5008149519036021
5,000393,0,0.5070946612539972
5,000394,0,0.5000947947257145
5,000414,0,0.5002654836638553
5,000416,0,0.5001863701823228
5,000418,0,0.5123015840773437
5,000421,0,0.5024302657417509
5,000423,0,0.5007979293461581
5,000434,0,0.5010581393785712
5,000435,0,0.5001129627673419
5,000438,0,0.5008059509059666
5,000448,0,0.5004610454963121
5,000454,0,0.5057083506110456
5,000463,0,0.5004393729703449
5,000465,0,0.5002821112707403
5,000467,0,0.500192684125263
5,000468,0,0.5001879993996012
5,000470,0,0.5004786123366948
5,000471,0,0.5001624278392693
5,000472,0,0.5001993134521793
5,000479,0,0.5002998226439092
5,000481,0,0.5001701138287381
5,000482,0,0.5002008464698501
5,000485,0,0.5005093979182499
5,000492,0,0.5002162832664978
5,000499,0,0.5007305979743509
5,000503,0,0.5001793205322457
5,000504,0,0.5020385025766664
5,000520,0,0.5028280352346846
5,000521,0,0.5004333547965398
5,000534,0,0.5015084462132906
5,000535,0,0.5020756699416532
5,000536,0,0.5000833138139683
5,000537,0,0.5005852689014249
5,000539,0,0.5018100282412888
5,000541,0,0.5004669799703296
5,000543,0,0.5001948325502247
5,000546,0,0.5024256801158601
5,000547,0,0.5000833138139683
5,000548,0,0.5012582237206081
5,000549,0,0.5007055139925348
5,000554,0,0.5002265405950956
5,000556,0,0.5021683599925748
5,000557,0,0.5001902981436765
5,000591,0,0.5003089692058227
5,000606,0,0.5075894930230771
5,000609,0,0.5001875906735711
5,000611,0,0.5013238729950766
5,000612,0,0.5000833138139683
5,000615,0,0.5000833138139683
5,000622,0,0.5020236777514705
5,000627,0,0.5001912794097825
5,000639,0,0.5000933800105668
5,000644,0,0.5014541934165067
5,000649,0,0.5001112963533391
5,000651,0,0.5006487241492776
5,000652,0,0.5017373455465372
5,000654,0,0.5004732559475241
5,000660,0,0.5001191565869139
5,000665,0,0.5004513138808766
5,000673,0,0.5120287008377193
5,000678,0,0.5014813526372078
5,000680,0,0.5010356552481185
5,000682,0,0.505119185461465
5,000686,0,0.5001556397357813
5,000694,0,0.5001860665209583
5,000699,0,0.500181826998987
5,000705,0,0.5004945850833957
5,000713,0,0.5096988232278743
5,000717,0,0.5036135596805715
5,000734,0,0.500355496421067
5,000745,0,0.5008303910349987
5,000755,0,0.511825928608455
5,000756,0,0.5003847230331263
5,000768,0,0.500164134812756
5,000778,0,0.5002419445203323
5,000795,0,0.5003592193958153
5,000804,0,0.5016660521425654
5,000807,0,0.5001962684514873
5,000811,0,0.5033285586038058
5,000816,0,0.5024783272679865
5,000819,0,0.5001684562827419
5,000820,0,0.5005231110741946
5,000836,0,0.5057205991971986
5,000840,0,0.5016719512426201
5,000848,0,0.504482416182355
5,000849,0,0.500269229580016
5,000854,0,0.5021120084843648
5,000863,0,0.5002874836296223
5,000864,0,0.5004147751499909
5,000874,0,0.5007525414808087
5,000875,0,0.500595414244735
5,000897,0,0.5001399065799782
5,000899,0,0.5021474238279893
5,000904,0,0.5001078976480527
5,000908,0,0.5008228438634419
5,000909,0,0.5004087202353437
5,000924,0,0.5025780289074288
5,000937,0,0.5027274572156506
5,000940,0,0.5006119185962322
5,000942,0,0.5001366283084775
5,000945,0,0.500361518174391
5,000955,0,0.5005478542651172
5,000958,0,0.5002463518000785
5,000962,0,0.5609697230192177
5,000975,0,0.5009687140380898
5,000981,0,0.5003443987578015
5,000982,0,0.500547112576465
5,000984,0,0.5002529167100939
5,000986,0,0.5018877910035742
5,001001,0,0.5178760630003113
5,001002,0,0.500477291445308
5,001013,0,0.5001466065265334
5,001021,0,0.5006681607166265
5,001027,0,0.5007974125198549
5,001031,0,0.5012028311863226
5,001032,0,0.5008613556849486
5,001046,0,0.5157148079815609
5,001049,0,0.5004289120569112
5,001057,0,0.5039371863091976
5,001058,0,0.5003929697408591
5,001067,0,0.5001650378602466
5,001076,0,0.5007052639105368
5,001090,0,0.5004835609652057
5,001091,0,0.5004632977223532
5,001105,0,0.50149527854034
5,001117,0,0.5000942714712653
5,001118,0,0.5001865180145765
5,001119,0,0.5004371354198284
5,001122,0,0.5003018630578987
5,001126,0,0.5004628422296246
5,001133,0,0.5002441122011484
5,001137,0,0.5001509248508916
5,001141,0,0.5015650419581196
5,001144,0,0.5004946013338134
5,001149,0,0.5011432809315866
5,001153,0,0.5007017690506199
5,001154,0,0.5015516591984907
5,001157,0,0.500224118722563
5,001179,0,0.500201657119452
5,001180,0,0.5020594604180653
5,001183,0,0.5004683637606887
5,001200,0,0.500242291528232
5,001212,0,0.5004636303318922
5,001223,0,0.5000833138139683
5,001225,0,0.5004211424163155
5,001233,0,0.5012082576929413
5,001239,0,0.5018215239897353
5,001240,0,0.5002073828486774
5,001245,0,0.5002894246265909
5,001249,0,0.500327189607952
5,001250,0,0.5039520756215216
5,001255,0,0.5001230294993789
5,001274,0,0.5002089288457398
5,001275,0,0.5007668167933405
5,001279,0,0.5001427965580328
5,001281,0,0.5001457616316148
5,001290,0,0.5003143374114907
5,001293,0,0.5001087314423502
5,001301,0,0.5001872480711738
5,001310,0,0.500232111164989
5,001311,0,0.5020117831088696
5,001313,0,0.5026300737144858
5,001316,0,0.5004219764006465
5,001318,0,0.504884451028115
5,001321,0,0.5007993233230735
5,001322,0,0.5007149165824085
5,001330,0,0.5019823563984552
5,001339,0,0.5003077474868328
5,001344,0,0.5020064933950948
5,001347,0,0.5016875950218164
5,001349,0,0.5009036428066715
5,001354,0,0.5003129570634737
5,001356,0,0.5004253224352475
5,001360,0,0.5019117761829617
5,001370,0,0.500702381880447
5,001373,0,0.5013070648163387
5,001375,0,0.5016245401779507
5,001377,0,0.501856691064864
5,001385,0,0.5010614771244133
5,001390,0,0.5004616711717824
5,001393,0,0.5005999550193452
5,001396,0,0.5004510194161336
5,001403,0,0.5002097873925803
5,001404,0,0.5012270168988293
5,001413,0,0.5017006286023494
5,001415,0,0.5001985062949704
5,001417,0,0.5045196384965525
5,001419,0,0.500179638616492
5,001427,0,0.5000964051690346
5,001433,0,0.501119204630108
5,001435,0,0.5002485803526556
5,001450,0,0.5178819285637118
5,001463,0,0.500390456680378
5,001468,0,0.5000940241695013
5,001475,0,0.5018544924692954
5,001477,0,0.5028391813873976
5,001488,0,0.5008574638564968
5,001490,0,0.5010258686735263
5,001496,0,0.5005642192395318
5,001498,0,0.5012037363014179
5,001502,0,0.5008574522531848
5,001509,0,0.5013682327514629
5,001511,0,0.5044313981291949
5,001523,0,0.5081339636818326
5,001535,0,0.5109885278257008
5,001549,0,0.5001291963439656
5,001550,0,0.5031127933490989
5,001553,0,0.5000833138139683
5,001570,0,0.5033900807053274
5,001572,0,0.5007836694492847
5,001573,0,0.5007041123614712
5,001581,0,0.5001904746641556
5,001588,0,0.5006008243008625
5,001603,0,0.5012699225363139
5,001605,0,0.5025832409336521
5,001611,0,0.5009554665376336
5,001625,0,0.5004753646687323
5,001633,0,0.5136966286283324
5,001640,0,0.5006109286285314
5,001643,0,0.5002166684327038
5,001644,0,0.5008799106686331
5,001645,0,0.5003554468488153
5,001655,0,0.5035438160609955
5,001656,0,0.5003688410672633
5,001659,0,0.5000833138139683
5,001668,0,0.5011403200347457
5,001680,0,0.5013503205289664
5,001682,0,0.5003683258610788
5,001686,0,0.5002882784617794
5,001689,0,0.5002621827161835
5,001690,0,0.5051756001020803
5,001696,0,0.5100940025884075
5,001697,0,0.501009415277917
5,001700,0,0.5003067081034277
5,001704,0,0.5001548762112367
5,001716,0,0.501141084477479
5,001719,0,0.5009325486272782
5,001724,0,0.5002112814490354
5,001725,0,0.5006111568609606
5,001732,0,0.5002115591737755
5,001734,0,0.5003430256010941
5,001737,0,0.5032979905837093
5,001740,0,0.5016766305170273
5,001745,0,0.5004471882508383
5,001746,0,0.5006790073797144
5,001756,0,0.5003752398573721
5,001765,0,0.5011490363214602
5,001775,0,0.5002552130863511
5,001779,0,0.5013056051491434
5,001785,0,0.5141874845576727
5,001786,0,0.5035378767770858
5,001795,0,0.5002617249641358
5,001796,0,0.5003495612725134
5,001799,0,0.5003604576636507
5,001803,0,0.5017010036403797
5,001805,0,0.500242368933455
5,001809,0,0.5001502761830711
5,001810,0,0.5001159913086116
5,001811,0,0.500172440055172
5,001812,0,0.5003744695812371
5,001813,0,0.5008174771000168
5,001817,0,0.5012260060071992
5,001830,0,0.5001043986046984
5,001832,0,0.5001333955631423
5,001849,0,0.5001046978136539
5,001852,0,0.5194973849250111
5,001853,0,0.5002977764138007
5,001856,0,0.5003744937870429
5,001860,0,0.5005163934177957
5,001867,0,0.5005833483051166
5,001868,0,0.5046771228802847
5,001881,0,0.50016140099144
5,001885,0,0.5009832456819769
5,001892,0,0.5003092103523309
5,001901,0,0.5006225082956142
5,001902,0,0.5005542011775562
5,001907,0,0.5006519543014488
5,001908,0,0.500598017971721
5,001914,0,0.5002612874912514
5,001916,0,0.5025850278510867
5,001920,0,0.5005165430869187
5,001927,0,0.5014880418034058
5,001928,0,0.5001900609938629
5,001934,0,0.5001593840293225
5,001935,0,0.5057927995220916
5,001936,0,0.5011903854131388
5,001938,0,0.5002016155319605
5,001939,0,0.5000833138139683
5,001943,0,0.503415463003019
5,001944,0,0.5003333951518742
5,001950,0,0.5016734986369391
5,001956,0,0.5003125039894745
5,001957,0,0.5001212499992241
5,001958,0,0.5003549508864101
5,001967,0,0.5035206419874819
5,001975,0,0.5001281338693133
5,001976,0,0.5031537873528149
5,001988,0,0.5001023196723674
5,001999,0,0.5003543561580914
5,002002,0,0.5001865180145765
5,002004,0,0.5013151716857756
5,002009,0,0.5001117865852155
5,002012,0,0.5005339120365736
5,002014,0,0.5001762162694559
5,002015,0,0.500248746776921
5,002016,0,0.5006405727444596
5,002017,0,0.5007396846032734
5,002022,0,0.5005562182917132
5,002026,0,0.5007529076864339
5,002031,0,0.5042824740758443
5,002055,0,0.50340014559761
5,002060,0,0.5018799837314739
5,002063,0,0.5001845536298387
5,002064,0,0.5003788524479017
5,002067,0,0.5006998151707072
5,002071,0,0.5005770756885364
5,002073,0,0.5001434368217966
5,002079,0,0.5001812381731832
5,002081,0,0.503602292726143
5,002087,0,0.5001382769402165
5,002091,0,0.5001091436996811
5,002098,0,0.5006892382452757
5,002099,0,0.5017603543966256
5,002104,0,0.5133834977011934
5,002108,0,0.500501100022343
5,002114,0,0.5002140747217216
5,002118,0,0.50020940105034
5,002119,0,0.5001199963667086
5,002123,0,0.5006468400629344
5,002124,0,0.5000989014474274
5,002127,0,0.5054590305347505
5,002138,0,0.5007838958570613
5,002146,0,0.5001198369876494
5,002151,0,0.5007553781499254
5,002155,0,0.5030255927379352
5,002164,0,0.5001895522991024
5,002165,0,0.5010748778573862
5,002177,0,0.5023614616542518
5,002179,0,0.5035123388039658
5,002180,0,0.5001282932454963
5,002183,0,0.5001945832057595
5,002186,0,0.5001546722551198
5,002189,0,0.5082840740968102
5,002190,0,0.5003397384123625
5,002192,0,0.5006509028998574
5,002195,0,0.5002458164837192
5,002206,0,0.5002823541622119
5,002207,0,0.5001098565641624
5,002220,0,0.5027787255415561
5,002223,0,0.5001080352518753
5,002224,0,0.5059149871449561
5,002228,0,0.5001461152511423
5,002231,0,0.5006021422057084
5,002232,0,0.5003313550635761
5,002233,0,0.5005965017841038
5,002239,0,0.5003751441948664
5,002244,0,0.5348100220093795
5,002247,0,0.5001679606554049
5,002252,0,0.5013526280566356
5,002257,0,0.5006786207944319
5,002270,0,0.5035346578769699
5,002276,0,0.5008735359942835
5,002281,0,0.5003022256938634
5,002282,0,0.5028008365068912
5,002296,0,0.5027937823767944
5,002298,0,0.5000963093749067
5,002304,0,0.5007970971292919
5,002315,0,0.5002729050671936
5,002321,0,0.5008115786678113
5,002327,0,0.5001371307044209
5,002335,0,0.5003386956484729
5,002341,0,0.5002938581878438
5,002343,0,0.5002235511093981
5,002347,0,0.5007411715386157
5,002348,0,0.5001362683195658
5,002349,0,0.5002659905005752
5,002350,0,0.5047735420519714
5,002359,0,0.5001796165235416
5,002363,0,0.5001095331012496
5,002366,0,0.5005263436649046
5,002381,0,0.5068350799343028
5,002383,0,0.5008670875485836
5,002389,0,0.5035683828525538
5,002390,0,0.5001134991876628
5,002394,0,0.5000833138139683
5,002399,0,0.5008479488994083
5,002413,0,0.5019972694348581
5,002414,0,0.5006620630260327
5,002416,0,0.5012129087536742
5,002417,0,0.5002817627535737
5,002418,0,0.5011111739506564
5,002424,0,0.5000833138139683
5,002428,0,0.5017118262076263
5,002429,0,0.5000833138139683
5,002431,0,0.5008550874031239
5,002434,0,0.5001556821985985
5,002441,0,0.5001486517752675
5,002443,0,0.5001371999396311
5,002454,0,0.5003726429604121
5,002462,0,0.5010096399410612
5,002465,0,0.501188633027979
5,002475,0,0.5001618886648274
5,002476,0,0.5006082269901247
5,002478,0,0.5003150680031339
5,002489,0,0.5004572524869897
5,002491,0,0.5001227954909202
5,002492,0,0.5024241713199151
5,002495,0,0.5001082354534503
5,002501,0,0.5010275241901679
5,002505,0,0.5121663853781442
5,002506,0,0.5001458454396546
5,002513,0,0.5001611624574034
5,002514,0,0.5157339578398881
5,002521,0,0.5002655204883679
5,002523,0,0.5198490046071231
5,002524,0,0.5002307551829808
5,002546,0,0.500245361952106
5,002553,0,0.5007325933825544
5,002559,0,0.5063126107667647
5,002566,0,0.5016526976979047
5,002569,0,0.5005432023383553
5,002570,0,0.5089268821012765
5,002571,0,0.5009722599290016
5,002572,0,0.5002273130445228
5,002576,0,0.5003100938909313
5,002577,0,0.5007179289197974
5,002578,0,0.5000833138139683
5,002590,0,0.5005967370209278
5,002595,0,0.5015251562347034
5,002602,0,0.5002970668181222
5,002606,0,0.5000938342329911
5,002615,0,0.5046737543316367
5,002618,0,0.5080286061146837
5,002620,0,0.5000948690391246
5,002624,0,0.5002646436665544
5,002627,0,0.5008178389152494
5,002630,0,0.5002882582633602
5,002637,0,0.5003553830497408
5,002640,0,0.5010553848812094
5,002652,0,0.5013473404662934
5,002657,0,0.521741529009674
5,002662,0,0.5001249961555142
5,002663,0,0.5020812708186099
5,002666,0,0.5016089902604751
5,002668,0,0.5015099065670392
5,002678,0,0.5006851212411445
5,002680,0,0.5010098072500339
5,002682,0,0.502093441991485
5,002683,0,0.5002738516888883
5,002690,0,0.5011337551074421
5,002702,0,0.5002483700876238
5,002711,0,0.5005388725774356
5,002715,0,0.5001220136192686
5,002719,0,0.5012297765303996
5,002722,0,0.5003766751657153
5,002723,0,0.5005745737305644
5,002730,0,0.5004324819383775
5,002747,0,0.5019127945829673
5,002759,0,0.5010356835405962
5,002764,0,0.5024798824264232
5,002765,0,0.500233297287256
5,002766,0,0.500502004404787
5,002768,0,0.5005525948182247
5,002769,0,0.5033731774377141
5,002770,0,0.500122378858694
5,002783,0,0.5202935099342945
5,002785,0,0.5021639513390129
5,002786,0,0.5007291180520814
5,002787,0,0.5022597241799401
5,002791,0,0.5007688731500433
5,002796,0,0.500749459672424
5,002799,0,0.5002983427959588
5,002807,0,0.5004682127481906
5,002808,0,0.5013585455423951
5,002818,0,0.5002765363829684
5,002830,0,0.5003413051405676
5,002831,0,0.5001409472857882
5,002841,0,0.5002517396702225
5,002845,0,0.5017792330851921
5,002852,0,0.5005623673530283
5,002858,0,0.5001786218517531
5,002869,0,0.5000833138139683
5,002871,0,0.5003397384123625
5,002882,0,0.506393563559287
5,002885,0,0.5021014616502371
5,002886,0,0.5006691105137325
5,002887,0,0.5016077468207307
5,002889,0,0.5011973794448598
5,002890,0,0.5011207245331907
5,002891,0,0.500093516859566
5,002892,0,0.5000833138139683
5,002896,0,0.5005838288685888
5,002911,0,0.5000935609540801
5,002912,0,0.5051559743450253
5,002917,0,0.5028995728165545
5,002930,0,0.5005049042009416
5,002941,0,0.5006261082918749
5,002942,0,0.5001144587670441
5,002944,0,0.5003886538223908
5,002954,0,0.5011153441321172
5,002956,0,0.5001893912075676
5,002959,0,0.500230724163911
5,002969,0,0.5011075901015343
5,002979,0,0.500699371090984
5,002984,0,0.5001125286151162
5,002992,0,0.50042876484158
5,002995,0,0.5000833138139683
5,003004,0,0.500338952185429
5,003006,0,0.5008196815250514
5,003014,0,0.5006333728384815
5,003018,0,0.5016054797286988
5,003019,0,0.5000833138139683
5,003029,0,0.500163617995905
5,003040,0,0.5009548493253833
5,003044,0,0.5002808233141284
5,003047,0,0.500715474237211
5,003051,0,0.500225046205234
5,003062,0,0.5005444687879813
5,003063,0,0.5001663683371029
5,003083,0,0.5005273713802473
5,003090,0,0.5001416797390743
5,003091,0,0.5003221151622814
5,003095,0,0.5011188749324409
5,003106,0,0.5099134668094913
5,003112,0,0.5003100737734361
5,003115,0,0.5012220857354452
5,003119,0,0.5107384096023374
5,003130,0,0.5040349809748023
5,003131,0,0.5002551229129016
5,003135,0,0.5001954198360732
5,003143,0,0.5002187630930748
5,003146,0,0.5001086508191172
5,003148,0,0.5001471346409091
5,003154,0,0.5003237204002612
5,003165,0,0.5004328198874188
5,003181,0,0.5002820155744967
5,003186,0,0.5015159593152305
5,003188,0,0.5055155694565296
5,003189,0,0.5020445802664143
5,003191,0,0.5004305652413313
5,003194,0,0.5109032121257956
5,003195,0,0.5030271215687665
5,003196,0,0.5004823203763247
5,003199,0,0.5003180123773184
5,003201,0,0.5005803018661212
5,003204,0,0.5001728661591678
5,003209,0,0.5014576932532734
5,003210,0,0.5020285867570252
5,003215,0,0.5006477183729426
5,003218,0,0.5001191565869139
5,003221,0,0.5001092222052655
5,003228,0,0.500394831614127
5,003230,0,0.5018096814416367
5,003231,0,0.5003573710424024
5,003234,0,0.5003769079692788
5,003244,0,0.5006110857278407
5,003246,0,0.5001055095750224
5,003256,0,0.5002279130021965
5,003263,0,0.5006124330619843
5,003265,0,0.5001253694959418
5,003272,0,0.5002311199113815
5,003273,0,0.5002676054371903
5,003274,0,0.5024489496800145
5,003282,0,0.5012122103900398
5,003291,0,0.5001056355933589
5,003296,0,0.5003012788750995
5,003307,0,0.5046608356941829
5,003328,0,0.5003610468364473
5,003347,0,0.5001978188195605
5,003348,0,0.5003413549454458
5,003356,0,0.5046977294079359
5,003358,0,0.5002481556827914
5,003364,0,0.5011291382914602
5,003370,0,0.5001165155428566
5,003372,0,0.5039961251111807
5,003382,0,0.5002573458274364
5,003385,0,0.500130210463683
5,003387,0,0.5005582572827137
5,003400,0,0.5005682090337358
5,003402,0,0.5009179980809787
5,003405,0,0.5002789934185979
5,003409,0,0.5002797715512799
5,003415,0,0.5069676529745288
5,003416,0,0.5001356927180584
5,003429,0,0.5006245922290373
5,003433,0,0.503892844909717
5,003438,0,0.5003120491236905
5,003441,0,0.5004309359086957
5,003443,0,0.500106821422593
5,003449,0,0.5003708860089351
5,003459,0,0.5010686901166658
5,003461,0,0.502176217859256
5,003483,0,0.5234297171261042
5,003490,0,0.5001259558980952
5,003494,0,0.5024805319428584
5,003495,0,0.5003589580584895
5,003528,0,0.5004966903641429
5,003532,0,0.501120274966956
5,003539,0,0.5003396056293167
5,003542,0,0.5004528886216313
5,003546,0,0.5008615471768554
5,003550,0,0.5002449074902932
5,003551,0,0.5019235665103755
5,003569,0,0.5019268811689663
5,003584,0,0.5012810636117052
5,003586,0,0.5003081340953918
5,003588,0,0.5011983349765482
5,003590,0,0.5003372879071915
5,003593,0,0.5002664168072923
5,003594,0,0.5001497428645025
5,003602,0,0.520871891766858
5,003607,0,0.5013853951556912
5,003613,0,0.5014042115232297
5,003614,0,0.5002669062756029
5,003617,0,0.5001205989995305
5,003618,0,0.5006369459417607
5,003625,0,0.5002050527081996
5,003632,0,0.5001063316356354
5,003638,0,0.5002842565820707
5,003648,0,0.5016500609190665
5,003656,0,0.5003938587768131
5,003663,0,0.5020977724001532
5,003665,0,0.5009068869737799
5,003671,0,0.5004908074213138
5,003674,0,0.5010331901079479
5,003694,0,0.5005289606712766
5,003701,0,0.5001207935147287
5,003711,0,0.500384585276451
5,003715,0,0.5002761917950344
5,003720,0,0.5003055652513271
5,003724,0,0.5006803672848635
5,003726,0,0.5044807807277047
5,003731,0,0.5002594218366345
5,003742,0,0.5001073174669296
5,003758,0,0.501024816093764
5,003759,0,0.5002171516923477
5,003766,0,0.5004778103123405
5,003774,0,0.500548151096314
5,003776,0,0.5009486532162052
5,003779,0,0.5002862737827554
5,003784,0,0.5002190857820527
5,003789,0,0.5007262135738912
5,003790,0,0.500163062326499
5,003793,0,0.5009992647987697
5,003795,0,0.5001679836196886
5,003797,0,0.5004609635624985
5,003805,0,0.5008051415419641
5,003816,0,0.5003820109919117
5,003819,0,0.5014262195398735
5,003824,0,0.500386113576932
5,003827,0,0.5004977503931295
5,003829,0,0.5013270905124695
5,003833,0,0.5005173174483466
5,003834,0,0.5002789898163085
5,003835,0,0.5000833138139683
5,003836,0,0.5017020879963208
5,003842,0,0.5006394905585456
5,003844,0,0.5028584510820461
5,003845,0,0.5011210835019666
5,003846,0,0.5011448002573312
5,003887,0,0.5002840960492676
5,003901,0,0.5002431333699774
5,003906,0,0.500223700788324
5,003915,0,0.5000997841702179
5,003916,0,0.5001481071926213
5,003917,0,0.5012561811670622
5,003918,0,0.5004440471992802
5,003928,0,0.500230214464057
5,003947,0,0.5013298527181452
5,003952,0,0.5001079973019833
5,003961,0,0.5001761066476953
5,003971,0,0.5006914057935612
5,003973,0,0.5003106199340336
5,003978,0,0.500374414932508
5,003981,0,0.5002292733631042
5,003982,0,0.5050911448998213
5,003985,0,0.5002256406460678
5,003990,0,0.5001127888651486
5,003999,0,0.500427932460379
5,004000,0,0.5006311981989305
5,004001,0,0.5016391666282927
5,004002,0,0.5004087312708969
5,004007,0,0.5001458665452111
5,004008,0,0.5009087639424483
5,004014,0,0.5002706559530181
5,004021,0,0.5000833138139683
5,004031,0,0.5005007566401171
5,004033,0,0.5002736151986054
5,004045,0,0.5006177215030918
5,004061,0,0.5000833138139683
5,004063,0,0.5007038046398543
5,004072,0,0.5004061421816436
5,004073,0,0.5007606105988833
5,004074,0,0.5004026525107674
5,004075,0,0.5003454821051594
5,004081,0,0.5003064545101135
5,004083,0,0.5001089441765549
5,004085,0,0.5003671066625528
5,004103,0,0.5005315499341191
5,004120,0,0.5001561563576765
5,004121,0,0.5001524297989144
5,004122,0,0.5008508553256593
5,004124,0,0.5003602072951536
5,004126,0,0.5002347699319374
5,004132,0,0.5004256641423106
5,004134,0,0.5085993748191934
5,004138,0,0.5003467823316033
5,004140,0,0.5003439393243044
5,004143,0,0.5002332335456963
5,004151,0,0.5001278599062757
5,004164,0,0.5011002829402426
5,004167,0,0.5003791863233181
5,004168,0,0.5006084746843937
5,004173,0,0.5004554881338459
5,004181,0,0.5005013789915311
5,004184,0,0.5005130403691698
5,004190,0,0.5002533686677678
5,004191,0,0.5000833138139683
5,004198,0,0.5001058504172884
5,004205,0,0.5004829785128609
5,004207,0,0.5134138193991695
5,004211,0,0.509614523775861
5,004212,0,0.500700659142547
5,004213,0,0.5044831543438957
5,004217,0,0.5001534368264526
5,004218,0,0.5004696386600689
5,004219,0,0.5008883647714442
5,004221,0,0.5000961862837302
5,004222,0,0.5029648370672842
5,004232,0,0.5001506151980273
5,004235,0,0.50373101943975
5,004243,0,0.5003613486377897
5,004248,0,0.5002766534093074
5,004253,0,0.5002908589794571
5,004261,0,0.5009474547929657
5,004262,0,0.504225662894232
5,004269,0,0.5047767981806366
5,004273,0,0.5001328549531191
5,004285,0,0.5002199968118493
5,004286,0,0.5001995070950637
5,004293,0,0.500218785789952
5,004295,0,0.5000986130896365
5,004300,0,0.5012039269836417
5,004302,0,0.5001669496066944
5,004305,0,0.5009143190553649
5,004326,0,0.5002691295769334
5,004330,0,0.5001513649306472
5,004334,0,0.5059545518755284
5,004342,0,0.5002610502966897
5,004343,0,0.5001991825344173
5,004344,0,0.5011898550769461
5,004346,0,0.5006888977707575
5,004348,0,0.5090316478073493
5,004355,0,0.5005711924689292
5,004365,0,0.5001435015846706
5,004367,0,0.5000833138139683
5,004371,0,0.5003798447787062
5,004373,0,0.5051621019133343
5,004375,0,0.5023214997892542
5,004376,0,0.5001012335109303
5,004381,0,0.5001931038960371
5,004385,0,0.5006430560816124
5,004388,0,0.5009975474389121
5,004394,0,0.5016676799646117
5,004395,0,0.5001996402106127
5,004400,0,0.5002598578948354
5,004401,0,0.5006397631720562
5,004411,0,0.5002625490810398
5,004416,0,0.5003376877869692
5,004418,0,0.504872437257766
5,004420,0,0.5000833138139683
5,004422,0,0.501297895514565
5,004424,0,0.5007457825919508
5,004426,0,0.5012038989418759
5,004429,0,0.5075901316448629
5,004438,0,0.5010752179685786
5,004444,0,0.5020663876491281
5,004445,0,0.5002109789081007
5,004453,0,0.5008577216147979
5,004457,0,0.5014223762302987
5,004458,0,0.5037626308390355
5,004461,0,0.5000833138139683
5,004462,0,0.5001263494779877
5,004466,0,0.5008200709237882
5,004469,0,0.5001021492237567
5,004477,0,0.5008371760607664
5,004478,0,0.5004665676146242
5,004481,0,0.5010559040356759
5,004483,0,0.5002338207386835
5,004491,0,0.5002106913224429
5,004502,0,0.5003821774982633
5,004504,0,0.5001545611679377
5,004510,0,0.5007042474650841
5,004511,0,0.500348747281624
5,004516,0,0.5009686084824037
5,004519,0,0.5002109333863219
5,004536,0,0.5052337987040204
5,004550,0,0.5003919576175895
5,004572,0,0.5000936384503486
5,004576,0,0.5001376293413591
5,004577,0,0.5001493783548416
5,004589,0,0.5000833138139683
5,004591,0,0.5001227954909202
5,004592,0,0.5001553287030523
5,004602,0,0.500222679823402
5,004603,0,0.5073684510289989
5,004604,0,0.5003186606828698
5,004610,0,0.5002983648941631
5,004613,0,0.5014251558326562
5,004628,0,0.500161793975516
5,004639,0,0.501912418577855
5,004641,0,0.5001076928906175
5,004642,0,0.5004586980014487
5,004648,0,0.5001136341528293
5,004649,0,0.5004376632475384
5,004650,0,0.5004048438967946
5,004654,0,0.5003956396587809
5,004656,0,0.5000928236648318
5,004662,0,0.5003301973432835
5,004671,0,0.5008639214905721
5,004676,0,0.5001684715853638
5,004682,0,0.5026883072580834
5,004683,0,0.5011428322047712
5,004687,0,0.5016030455383914
5,004692,0,0.500396345672111
5,004698,0,0.5009817700569882
5,004702,0,0.5004030502690276
5,004706,0,0.5014396838923286
5,004713,0,0.5000833138139683
5,004731,0,0.5001041033845138
5,004732,0,0.5004039722606558
5,004734,0,0.5004850418428712
5,004736,0,0.5023124789470413
5,004738,0,0.5001378228458883
5,004740,0,0.5028215013881593
5,004745,0,0.5021791342760193
5,004752,0,0.50012995624881
5,004753,0,0.5009390344786692
5,004754,0,0.5000973378830017
5,004756,0,0.5006860462486566
5,004757,0,0.5004272180300691
5,004758,0,0.5015920950630218
5,004763,0,0.5031812691745491
5,004771,0,0.5012077666121773
5,004772,0,0.5014011707263416
5,004777,0,0.5000833138139683
5,004779,0,0.5003600211466781
5,004780,0,0.5002745670954624
5,004783,0,0.5009750926861554
5,004786,0,0.5010890024823723
5,004800,0,0.5005867637344761
5,004801,0,0.5001098565641624
5,004811,0,0.5004240035726885
5,004815,0,0.5006236441642996
5,004816,0,0.5001466568713343
5,004817,0,0.5020456439764158
5,004821,0,0.5041699773690631
5,004822,0,0.500790389007313
5,004827,0,0.5003869401664419
5,004829,0,0.500567836026022
5,004830,0,0.5003560221164657
5,004845,0,0.5006565313064781
5,004849,0,0.5001470962137278
5,004856,0,0.5001041031595767
5,004867,0,0.5029500316490068
5,004871,0,0.5045510654350062
5,004879,0,0.5003121659764315
5,004884,0,0.5002705635765582
5,004887,0,0.5002702473098799
5,004889,0,0.5022104339803901
5,004893,0,0.5000833138139683
5,004896,0,0.5000833138139683
5,004907,0,0.5008744258902628
5,004912,0,0.5001817030060485
5,004917,0,0.5072478912408956
5,004922,0,0.5001182992790074
5,004925,0,0.500191791304636
5,004937,0,0.5010800412041148
5,004938,0,0.5029679867109299
5,004941,0,0.5001391233526059
5,004942,0,0.5004836794285632
5,004943,0,0.5009837533909143
5,004946,0,0.5003279152109043
5,004947,0,0.5001444932027718
5,004950,0,0.5005931047205018
5,004955,0,0.5020985952145444
5,004956,0,0.5025718084622205
5,004960,0,0.501868020090598
5,004966,0,0.5002798957417219
5,004975,0,0.5004171351393658
5,004979,0,0.5000833138139683
5,004985,0,0.5020449383813677
5,004989,0,0.500778815370009
5,004992,0,0.5078570122582671
5,004993,0,0.5002445601857131
5,004996,0,0.5003974252997537
5,004998,0,0.5000833138139683
5,005004,0,0.5005155791053351
5,005005,0,0.5023364737212426
5,005007,0,0.5001831989325283
5,005011,0,0.5013833332308824
5,005023,0,0.5014192450462183
5,005030,0,0.5071684530919719
5,005049,0,0.5005514920802634
5,005056,0,0.5002428606078846
5,005061,0,0.5003416078488897
5,005064,0,0.5086317882741329
5,005066,0,0.5004198824783412
5,005067,0,0.5014663889216188
5,005070,0,0.5003828175269841
5,005078,0,0.5002538739843932
5,005081,0,0.5015827250866188
5,005082,0,0.5001687771364525
5,005087,0,0.5002090547902336
5,005090,0,0.5000833138139683
5,005103,0,0.5001191565869139
5,005107,0,0.5003141367496973
5,005113,0,0.500216307223228
5,005118,0,0.5002438151353166
5,005120,0,0.500490037521612
5,005122,0,0.5001920528286362
5,005128,0,0.5065277109598028
5,005129,0,0.5020395121734081
5,005130,0,0.5002530567213318
5,005131,0,0.5024653297930555
5,005132,0,0.5008494167146685
5,005146,0,0.5002481132248523
5,005147,0,0.5007544525032569
5,005154,0,0.5001386029841791
5,005157,0,0.5001837137163845
5,005163,0,0.5005092539486886
5,005169,0,0.5019792488821943
5,005173,0,0.5003306182713743
5,005175,0,0.5031385985367159
5,005188,0,0.5003035021842198
5,005191,0,0.5026379938734927
5,005193,0,0.5001341802313117
5,005195,0,0.5003887211042697
5,005199,0,0.5004461233453628
5,005202,0,0.5008656474114408
5,005205,0,0.5003443634843219
5,005206,0,0.5011387775042568
5,005214,0,0.5010051922100953
5,005232,0,0.500330445671247
5,005237,0,0.5002591040204475
5,005244,0,0.5003750416873446
5,005248,0,0.5013177031843881
5,005253,0,0.5006372019284152
5,005265,0,0.5002205345828798
5,005273,0,0.500153066782321
5,005289,0,0.5002840935486877
5,005303,0,0.5012990516538509
5,005308,0,0.506328853844841
5,005320,0,0.5006255234924746
5,005322,0,0.5003269800727252
5,005327,0,0.5005503837958383
5,005332,0,0.5007427418791681
5,005336,0,0.5008383887711465
5,005342,0,0.5002403951059018
5,005352,0,0.5010331731203159
5,005368,0,0.5003706092951686
5,005376,0,0.504571355314904
5,005378,0,0.5021561016963568
5,005380,0,0.5002425521003252
5,005384,0,0.5002759214556126
5,005385,0,0.5005540746294094
5,005387,0,0.5001377737559761
5,005388,0,0.5003149075996356
5,005390,0,0.5004295674443872
5,005393,0,0.5000833138139683
5,005396,0,0.502673190745803
5,005398,0,0.5001985672325979
5,005413,0,0.5005762297387261
5,005414,0,0.5002226004453817
5,005416,0,0.5011663643021577
5,005451,0,0.5002978087779655
5,005453,0,0.5009715692532593
5,005460,0,0.5002724945128734
5,005465,0,0.500547790534003
5,005466,0,0.5001186295090384
5,005467,0,0.5003918319568275
5,005471,0,0.5001328545295654
5,005474,0,0.5002344565946663
5,005482,0,0.5001593840293225
5,005483,0,0.5003542426127642
5,005493,0,0.5002993596519945
5,005502,0,0.500157451384539
5,005514,0,0.5002285473481228
5,005515,0,0.5009222168198129
5,005518,0,0.5003592960612862
5,005519,0,0.5004491276108418
5,005544,0,0.5042662945461911
5,005553,0,0.5084418519664443
5,005557,0,0.5005072013229218
5,005561,0,0.5029333052823408
5,005569,0,0.5001362638770328
5,005584,0,0.5000833138139683
5,005585,0,0.5006892401505159
5,005586,0,0.5000833138139683
5,005596,0,0.5001776902499021
5,005597,0,0.5000953411027843
5,005620,0,0.5013119995327133
5,005627,0,0.500191916512158
5,005631,0,0.5002468787928788
5,005639,0,0.5006741605871361
5,005645,0,0.5013919949051254
5,005650,0,0.5002196332791873
5,005660,0,0.5000833138139683
5,005662,0,0.5001028185314329
5,005669,0,0.5006168616920689
5,005670,0,0.5002470886615465
5,005672,0,0.502281683818612
5,005685,0,0.5003658875860676
5,005687,0,0.5001472778600675
5,005689,0,0.5001576586630386
5,005694,0,0.5007186005015065
5,005701,0,0.5000937697770951
5,005706,0,0.5001261839357898
5,005723,0,0.5000833138139683
5,005728,0,0.5002325682375903
5,005729,0,0.5002907036949192
5,005739,0,0.5008010483885088
5,005740,0,0.5002668062719282
5,005746,0,0.5003165528547193
5,005754,0,0.5004396455024707
5,005759,0,0.5008543128141573
5,005762,0,0.5012946982792075
5,005766,0,0.5001458665452111
5,005767,0,0.5000833138139683
5,005770,0,0.5003836964457087
5,005773,0,0.5032753177094359
5,005784,0,0.500394696688137
5,005785,0,0.5010127720685171
5,005788,0,0.5001851443391576
5,005800,0,0.5000833138139683
5,005807,0,0.5000930189592029
5,005808,0,0.5004869141604019
5,005809,0,0.5010071758907866
5,005810,0,0.5017589282983203
5,005816,0,0.5001295736874135
5,005831,0,0.5020480065708719
5,005832,0,0.5005471158315008
5,005848,0,0.5025440864094467
5,005849,0,0.5001793505950529
5,005850,0,0.5001287584573095
5,005860,0,0.505730703924234
5,005861,0,0.5014160851557323
5,005862,0,0.50499909796398
5,005863,0,0.5000961107239178
5,005867,0,0.500275984026092
5,005869,0,0.5003478009356674
5,005887,0,0.5010155642805744
5,005890,0,0.5008997980609268
5,005893,0,0.5005458899394359
5,005897,0,0.5000833138139683
5,005903,0,0.5000936384503486
5,005909,0,0.5002385066732356
5,005912,0,0.501646851503671
5,005913,0,0.5017860842195053
5,005917,0,0.5000943236671052
5,005929,0,0.500818766439913
5,005932,0,0.5010911067449609
5,005944,0,0.5005421570541468
5,005945,0,0.5009660616688101
5,005949,0,0.5003872704729774
5,005951,0,0.5012700800776619
5,005953,0,0.5011754754371144
5,005955,0,0.5008437619897981
5,005961,0,0.5047065287152515
5,005967,0,0.5002792048966189
5,005978,0,0.5000929193396851
5,005980,0,0.5060186319763936
5,005989,0,0.5001428813343508
5,005992,0,0.5471722432758408
5,005993,0,0.5006637289981767
5,005995,0,0.5001302255601472
5,006002,0,0.5002316388483765
5,006005,0,0.5007230085740172
5,006007,0,0.5043483509416933
5,006010,0,0.5006575770356086
5,006014,0,0.5009865158402779
5,006017,0,0.5013320751785947
5,006026,0,0.5001127888651486
5,006030,0,0.5001570873635416
5,006037,0,0.5002249642870965
5,006038,0,0.5000957156884183
5,006055,0,0.5000996690473379
5,006057,0,0.5016872189191884
5,006058,0,0.5005335682846626
5,006066,0,0.5001112355668313
5,006067,0,0.5006074281410495
5,006072,0,0.5003812168650668
5,006074,0,0.5006983319128427
5,006087,0,0.5003431159715874
5,006090,0,0.5002761465166372
5,006097,0,0.5004674506115847
5,006100,0,0.5010194370798324
5,006101,0,0.5025156807791549
5,006103,0,0.5005287147161152
5,006118,0,0.5015260454200973
5,006130,0,0.5001349573629748
5,006135,0,0.500516109680625
5,006144,0,0.5016498282923967
5,006149,0,0.5011742823884371
5,006150,0,0.5001806296156641
5,006177,0,0.5001684921062681
5,006184,0,0.5006526860360948
5,006189,0,0.5012513064574571
5,006192,0,0.5000936384503486
5,006207,0,0.5001662820988206
5,006210,0,0.5002197541989885
5,006214,0,0.5007877534571118
5,006217,0,0.5010851489237789
5,006222,0,0.5000919749663728
5,006239,0,0.5042405182147552
5,006245,0,0.502890320278133
5,006254,0,0.5006320247816022
5,006270,0,0.5009165279398252
5,006271,0,0.5005392411472238
5,006275,0,0.5002842728269917
5,006276,0,0.5001336628786569
5,006287,0,0.5008692544868327
5,006288,0,0.5001693080110061
5,006289,0,0.500293082628331
5,006297,0,0.5008525746799513
5,006303,0,0.5007955064658922
5,006309,0,0.5002565487502909
5,006311,0,0.5016533971680541
5,006314,0,0.500317303687082
5,006316,0,0.5007796626992086
5,006320,0,0.5002894996528705
5,006325,0,0.5004017438953444
5,006327,0,0.5008816918458913
5,006328,0,0.5005373796419098
5,006334,0,0.5004004891568186
5,006344,0,0.5001469821613438
5,006352,0,0.5004171351393658
5,006353,0,0.5045700890376541
5,006359,0,0.5003614921274365
5,006361,0,0.50013213192569
5,006371,0,0.5001052892103888
5,006374,0,0.5004685935807138
5,006375,0,0.5006433961164428
5,006381,0,0.5003282623461165
5,006383,0,0.500596322731605
5,006385,0,0.5002961576940924
5,006388,0,0.5361464789902443
5,006396,0,0.5001741881943264
5,006400,0,0.5001965152313993
5,006414,0,0.5003645308045078
5,006416,0,0.5000930637568669
5,006419,0,0.5032342238427989
5,006420,0,0.5003513980816992
5,006431,0,0.500251878365179
5,006436,0,0.5000948988057274
5,006438,0,0.5001492034351595
5,006448,0,0.5002372981417303
5,006451,0,0.5002656123612714
5,006454,0,0.5003330157997735
5,006455,0,0.5004481636805831
5,006458,0,0.5023101375918336
5,006463,0,0.5001396553122259
5,006466,0,0.5008770937871219
5,006479,0,0.5010998986815507
5,006480,0,0.5032978058322695
5,006481,0,0.5002173034740564
5,006482,0,0.5002006269460898
5,006485,0,0.5002607529436034
5,006489,0,0.5035276657676004
5,006495,0,0.5020002753675838
5,006509,0,0.5001414344541736
5,006511,0,0.5002778079672756
5,006516,0,0.5028655963737231
5,006519,0,0.500151618384784
5,006526,0,0.5001565261271647
5,006530,0,0.5006321134919818
5,006531,0,0.5002954194365515
5,006532,0,0.50460832700101
5,006535,0,0.500821870910195
5,006540,0,0.5001111785054757
5,006541,0,0.500579318826214
5,006543,0,0.5001764412396987
5,006546,0,0.5004989606728166
5,006547,0,0.5006256928666615
5,006551,0,0.5002096711579225
5,006554,0,0.5001437848921938
5,006560,0,0.5012919449856309
5,006563,0,0.5000833138139683
5,006567,0,0.5000936040521493
5,006571,0,0.5002935185203059
5,006575,0,0.5017734568584062
5,006583,0,0.5001928776617346
5,006587,0,0.5007360049883101
5,006597,0,0.5003588184723359
5,006605,0,0.5002198563136976
5,006614,0,0.5006392924348031
5,006615,0,0.500172942145983
5,006617,0,0.5002866354259697
5,006619,0,0.5003131433317838
5,006620,0,0.5004733244520094
5,006625,0,0.5002032845583128
5,006628,0,0.5014700676774544
5,006631,0,0.5014632351877556
5,006634,0,0.5001055095750224
5,006642,0,0.5002090832846492
5,006646,0,0.5016585653235455
5,006647,0,0.5002078120616874
5,006650,0,0.5004897146696663
5,006652,0,0.5001061410729496
5,006658,0,0.50043134940171
5,006661,0,0.5135603244886908
5,006670,0,0.5000833138139683
5,006671,0,0.5011777846163143
5,006673,0,0.5001559085893448
5,006681,0,0.5288235144450635
5,006691,0,0.5002425521003252
5,006693,0,0.5006700686152104
5,006698,0,0.5002603264892982
5,006702,0,0.5001816082331029
5,006707,0,0.5001869487645626
5,006712,0,0.5094735509195975
5,006718,0,0.5016853269027783
5,006719,0,0.5001833670569763
5,006722,0,0.5009695928729839
5,006723,0,0.5003522717506051
5,006749,0,0.5039736352907244
5,006750,0,0.5002451004342992
5,006751,0,0.5003380283306454
5,006757,0,0.5033819624710144
5,006758,0,0.5002750821238423
5,006767,0,0.500578825382004
5,006779,0,0.5068203420007436
5,006782,0,0.5002271873608454
5,006786,0,0.500152124337313
5,006794,0,0.5005995238616953
5,006798,0,0.5001487410793142
5,006799,0,0.5017171606555971
5,006805,0,0.5010077018030271
5,006806,0,0.503137577486945
5,006816,0,0.5001762979015308
5,006825,0,0.5006585297911441
5,006832,0,0.5005990210173576
5,006833,0,0.5002659361340384
5,006842,0,0.5006633309953213
5,006846,0,0.5009803012868422
5,006860,0,0.5008971660208833
5,006868,0,0.5018118831408419
5,006870,0,0.5007235223986535
5,006888,0,0.5002840666079726
5,006892,0,0.5007885264557191
5,006894,0,0.5001239492962847
5,006896,0,0.5000833138139683
5,006898,0,0.5016346290857908
5,006900,0,0.5001645751147017
5,006902,0,0.500134635498957
5,006910,0,0.5005089352356259
5,006913,0,0.5000930283952806
5,006915,0,0.5008516998456995
5,006917,0,0.5030195594617382
5,006924,0,0.5004408636891854
5,006935,0,0.5002315521839237
5,006940,0,0.5002114664304066
5,006941,0,0.5003436216571339
5,006944,0,0.5002382676539172
5,006949,0,0.5003042657899063
5,006953,0,0.50030481556304
5,006954,0,0.50072353075176
5,006959,0,0.5006198667065169
5,006969,0,0.5094321021282757
5,006971,0,0.5006141088775642
5,006973,0,0.5005007298486398
5,006978,0,0.5004570673627121
5,006987,0,0.5009801656527397
5,006996,0,0.5002246905804622
5,007007,0,0.5000833138139683
5,007008,0,0.5004970627856471
5,007010,0,0.5000928997577235
5,007016,0,0.5002686959627379
5,007018,0,0.5012324594075632
5,007020,0,0.500612300740474
5,007021,0,0.5002339913263961
5,007031,0,0.5009935167970937
5,007037,0,0.5007895929905987
5,007038,0,0.5060036413943401
5,007039,0,0.5018718392542937
5,007041,0,0.5003010517411435
5,007044,0,0.5003047715100307
5,007048,0,0.5076993668756504
5,007052,0,0.5005303217531565
5,007062,0,0.5002177563676794
5,007067,0,0.5004355130165826
5,007069,0,0.5094736785473842
5,007070,0,0.5014233622221188
5,007071,0,0.5001118428361094
5,007073,0,0.5007220439519174
5,007077,0,0.5009069553820658
5,007083,0,0.5007556721397375
5,007085,0,0.5001966081619317
5,007090,0,0.5016679102460334
5,007101,0,0.5004960413929581
5,007105,0,0.500267164168531
5,007112,0,0.5054761919732664
5,007118,0,0.5004853529109582
5,007137,0,0.5005727828248434
5,007139,0,0.5018940710154403
5,007150,0,0.5014255198378293
5,007161,0,0.5000981270036456
5,007177,0,0.500196092030428
5,007184,0,0.5001760962176476
5,007185,0,0.5004871772051136
5,007188,0,0.5005700095268955
5,007198,0,0.5003289822377323
5,007211,0,0.5001290816392591
5,007226,0,0.5001526958809543
5,007228,0,0.5000937283768678
5,007229,0,0.5004069768267867
5,007231,0,0.5007326293242891
5,007236,0,0.5010517431763891
5,007243,0,0.5017346912649192
5,007245,0,0.5019861050811584
5,007246,0,0.5013992300866162
5,007247,0,0.5003816395078946
5,007251,0,0.5001149049742634
5,007256,0,0.5008361554520411
5,007259,0,0.5008548696921852
5,007261,0,0.5000833138139683
5,007262,0,0.5116762245666457
5,007264,0,0.5007830549723385
5,007275,0,0.5026771236869388
5,007278,0,0.5041796845514583
5,007287,0,0.5034143911047761
5,007288,0,0.5012511293926326
5,007291,0,0.5016325924510726
5,007298,0,0.5001781275223547
5,007311,0,0.5001083991832006
5,007312,0,0.5010607709966672
5,007316,0,0.5012544894451406
5,007325,0,0.5002197541989885
5,007328,0,0.5001411558433765
5,007329,0,0.5007742618248419
5,007335,0,0.5007519337512812
5,007338,0,0.5022331177961672
5,007339,0,0.5001012335109303
5,007340,0,0.503263822533798
5,007353,0,0.5003989806126681
5,007357,0,0.5001614344634191
5,007359,0,0.5001356555091726
5,007368,0,0.5013710381896685
5,007374,0,0.5001253694959418
5,007381,0,0.5002795050904204
5,007384,0,0.5001091095115798
5,007387,0,0.5005606294900692
5,007390,0,0.5003847019318193
5,007395,0,0.5088187706354851
5,007396,0,0.5102086261722519
5,007400,0,0.5040193575735961
5,007404,0,0.502000676027604
5,007409,0,0.5058859172365161
5,007416,0,0.500368782581176
5,007422,0,0.500096223736055
5,007424,0,0.5002936981020015
5,007428,0,0.5034982119178091
5,007437,0,0.5034220075830979
5,007442,0,0.5018617134228524
5,007444,0,0.5120253012176317
5,007454,0,0.5002404985679201
5,007455,0,0.5017635331876173
5,007460,0,0.5018043987956938
5,007463,0,0.5000833138139683
5,007464,0,0.5000833138139683
5,007466,0,0.5000989275301043
5,007469,0,0.5000961746330689
5,007471,0,0.500436208910781
5,007483,0,0.5014201641003254
5,007492,0,0.5000936247326895
5,007500,0,0.5008491603036328
5,007503,0,0.5006127703921661
5,007518,0,0.5002338982012731
5,007520,0,0.5003945071495437
5,007528,0,0.5004488461951668
5,007540,0,0.5000942714712653
5,007542,0,0.5001226063493226
5,007545,0,0.5004222213227526
5,007547,0,0.5003287593530246
5,007548,0,0.5001729308180249
5,007551,0,0.5007503785405049
5,007557,0,0.5007437150766252
5,007570,0,0.5011867057495241
5,007573,0,0.501695963753445
5,007574,0,0.5001278599062757
5,007580,0,0.5005148655310084
5,007589,0,0.5010769332419911
5,007590,0,0.5001029748184221
5,007593,0,0.5010408740243478
5,007600,0,0.500533990052238
5,007603,0,0.5007173801023013
5,007606,0,0.5003098502021833
5,007610,0,0.5012744298403569
5,007616,0,0.5000833138139683
5,007620,0,0.5002051340000052
5,007623,0,0.5009384833576568
5,007628,0,0.5003233672995777
5,007641,0,0.5013724053835158
5,007655,0,0.5017217643050279
5,007656,0,0.5003165350541096
5,007657,0,0.5004386138685883
5,007662,0,0.5003293734028245
5,007671,0,0.500362602544597
5,007673,0,0.5027170007873349
5,007676,0,0.5004807224747486
5,007680,0,0.5003117568763771
5,007681,0,0.5068140184309281
5,007683,0,0.5011329127556161
5,007691,0,0.5001403809862264
5,007692,0,0.5006207464128556
5,007697,0,0.5004628286599595
5,007698,0,0.5002336567861443
5,007706,0,0.5010567896683265
5,007709,0,0.5007305076086442
5,007712,0,0.5009077240360308
5,007720,0,0.5002427969426083
5,007722,0,0.50148262643984
5,007725,0,0.5031268732316374
5,007728,0,0.5003268023978528
5,007730,0,0.500667783809513
5,007731,0,0.5003018050767386
5,007739,0,0.5005747798086211
5,007749,0,0.5013509568410677
5,007752,0,0.505938787077303
5,007760,0,0.5003435571688605
5,007769,0,0.5003757398575853
5,007770,0,0.5006243247998675
5,007773,0,0.5002016155319605
5,007778,0,0.5004023769446836
5,007780,0,0.5011989832397096
5,007822,0,0.5006146743662092
5,007823,0,0.5002291118993605
5,007827,0,0.501131739937737
5,007831,0,0.500154853963983
5,007834,0,0.5001237466704379
5,007836,0,0.5040612566292965
5,007841,0,0.5011302259573748
5,007842,0,0.5007179790729365
5,007846,0,0.503127079883674
5,007850,0,0.5011984254244382
5,007857,0,0.5013213891723844
5,007858,0,0.5000833138139683
5,007869,0,0.5001290683812037
5,007871,0,0.5001440378078096
5,007881,0,0.5005356448441249
5,007882,0,0.5000833138139683
5,007883,0,0.5000901922023858
5,007885,0,0.5016183023053343
5,007890,0,0.5005775222696147
5,007896,0,0.5007695116213101
5,007897,0,0.5002541438827176
5,007898,0,0.5002381894972635
5,007912,0,0.5004975164475262
5,007913,0,0.5010105710758529
5,007914,0,0.5032167596958235
5,007920,0,0.5001360861763413
5,007929,0,0.5007418990684014
5,007936,0,0.5061050267641091
5,007940,0,0.511203380813302
5,007941,0,0.5001068172976191
5,007947,0,0.5006243962711386
5,007948,0,0.5001236974950071
5,007951,0,0.5021421775392215
5,007961,0,0.5001773233962473
5,007962,0,0.5001272012055138
5,007964,0,0.5019583484692762
5,007965,0,0.5001570873635416
5,007972,0,0.5006819362518594
5,007977,0,0.501331318000737
5,007979,0,0.5001957974008678
5,007986,0,0.500393300365304
5,007987,0,0.5001293576213925
5,007990,0,0.5001748736208561
5,007993,0,0.5001909998416983
5,007994,0,0.5038095958656111
5,007995,0,0.500120857432915
5,008000,0,0.5006184034652722
5,008002,0,0.5001210042950637
5,008016,0,0.5028421053788573
5,008022,0,0.5002062909838307
5,008023,0,0.5024803362714086
5,008030,0,0.5000833138139683
5,008031,0,0.5004155950530399
5,008045,0,0.5015199348709044
5,008055,0,0.5001282306345459
5,008069,0,0.5001370669559984
5,008072,0,0.5004617506419408
5,008085,0,0.5004938471878049
5,008095,0,0.5001191565869139
5,008099,0,0.5002906635969989
5,008106,0,0.501709241485398
5,008114,0,0.5010785991840122
5,008123,0,0.5013858578280921
5,008127,0,0.5011269903661172
5,008136,0,0.5010928967819475
5,008138,0,0.5004990942713646
5,008142,0,0.500764199782342
5,008156,0,0.5002502145867934
5,008161,0,0.5000833138139683
5,008167,0,0.5002514935277804
5,008171,0,0.5012962197139785
5,008178,0,0.5000833138139683
5,008184,0,0.504318298654153
5,008187,0,0.5010825029125057
5,008190,0,0.5002043984365184
5,008191,0,0.5001781308740179
5,008207,0,0.5000833138139683
5,008209,0,0.5001910633598788
5,008212,0,0.5000937067740723
5,008219,0,0.50010291580856
5,008221,0,0.5001265567716798
5,008228,0,0.5002313699057601
5,008236,0,0.5002267576793542
5,008245,0,0.5007204979401486
5,008246,0,0.5058868075292632
5,008252,0,0.5001208204756294
5,008257,0,0.5003743271807738
5,008268,0,0.5012745553943175
5,008297,0,0.5001138330100406
5,008298,0,0.5020825006850508
5,008301,0,0.5002395947521282
5,008306,0,0.5007146580924863
5,008316,0,0.5000833138139683
5,008327,0,0.5045415946360488
5,008334,0,0.5003273815622881
5,008336,0,0.5076413878759537
5,008338,0,0.5001080455808239
5,008343,0,0.500430517534751
5,008347,0,0.5001550906497567
5,008348,0,0.5010302837734107
5,008354,0,0.5001386000248232
5,008356,0,0.5000928236648318
5,008357,0,0.5020027368981195
5,008367,0,0.5042087951948728
5,008373,0,0.502323707987931
5,008380,0,0.500798650884284
5,008385,0,0.5006130946429554
5,008389,0,0.5010327183148532
5,008401,0,0.5086169437601337
5,008405,0,0.5016999744929449
5,008417,0,0.5003986519544107
5,008429,0,0.5001472778600675
5,008433,0,0.5027541434832424
5,008441,0,0.501145770122611
5,008443,0,0.5022350254229266
5,008448,0,0.5006821737364333
5,008450,0,0.5002964166092769
5,008460,0,0.5016738892896851
5,008466,0,0.5021560405456411
5,008467,0,0.5001229596943366
5,008468,0,0.500113569140673
5,008471,0,0.5003029472421895
5,008480,0,0.5022450756184037
5,008484,0,0.5000833138139683
5,008485,0,0.5001653985444591
5,008493,0,0.5025309997036493
5,008499,0,0.5004232943971288
5,008503,0,0.500371078605272
5,008504,0,0.5003686378277691
5,008505,0,0.5001946664425327
5,008508,0,0.5010519042864643
5,008511,0,0.5003505838108385
5,008512,0,0.5001783792183827
5,008513,0,0.5056021234556144
5,008514,0,0.5013455084646541
5,008516,0,0.5001313200276869
5,008523,0,0.5006629791690712
5,008528,0,0.5005439954658184
5,008531,0,0.500464147267285
5,008536,0,0.5010544453585722
5,008541,0,0.500251115745672
5,008545,0,0.5001729778575905
5,008549,0,0.5001909998416983
5,008553,0,0.500327995332939
5,008555,0,0.5003028675097205
5,008559,0,0.5002594434934844
5,008565,0,0.5012701264134664
5,008572,0,0.5005875151838666
5,008574,0,0.5001377107139109
5,008579,0,0.5008284392651063
5,008581,0,0.5009232290304599
5,008582,0,0.5004136081288907
5,008583,0,0.5023620806463939
5,008586,0,0.5010774197133873
5,008593,0,0.500942228847004
5,008597,0,0.5001374164811432
5,008606,0,0.5012631434495417
5,008610,0,0.5003919516900069
5,008613,0,0.5003123143485374
5,008622,0,0.5006630338107366
5,008646,0,0.5111867226855843
5,008656,0,0.5003705290835103
5,008657,0,0.507583105365041
5,008658,0,0.5000982960362264
5,008660,0,0.5002577090446124
5,008661,0,0.5004972019388854
5,008662,0,0.500791129585309
5,008667,0,0.5001985051528882
5,008676,0,0.5004744531650116
5,008681,0,0.5001168668696383
5,008686,0,0.5004904268277894
5,008692,0,0.5270416052549495
5,008695,0,0.5002418665913992
5,008718,0,0.5029120796839736
5,008722,0,0.5001614116577182
5,008727,0,0.5006703201223534
5,008729,0,0.5005107796544769
5,008732,0,0.5002573435943654
5,008733,0,0.5140687335033541
5,008742,0,0.5002513717466806
5,008744,0,0.5009294510727291
5,008762,0,0.5004117580118383
5,008774,0,0.5003368777623189
5,008777,0,0.500807334383301
5,008778,0,0.5011522552670068
5,008782,0,0.500451847380823
5,008788,0,0.5000833138139683
5,008793,0,0.5014868321179837
5,008796,0,0.5000961862837302
5,008804,0,0.5002442125773977
5,008805,0,0.5004461346308927
5,008808,0,0.5001434368217966
5,008810,0,0.5009526482560749
5,008812,0,0.500352166889033
5,008817,0,0.5019707800331354
5,008818,0,0.5004932550104969
5,008829,0,0.503510294649222
5,008830,0,0.5007497784845759
5,008836,0,0.504293314100514
5,008842,0,0.5039118261292445
5,008852,0,0.5001207935147287
5,008856,0,0.5001328545295654
5,008861,0,0.5010627136840019
5,008867,0,0.5001275895391215
5,008872,0,0.5008942155358556
5,008883,0,0.5011245268275567
5,008891,0,0.5003342577037337
5,008897,0,0.5002430272372611
5,008902,0,0.5002192016271765
5,008907,0,0.5006189252533875
5,008921,0,0.5003706953964885
5,008931,0,0.501567223443312
5,008935,0,0.5006069827857574
5,008936,0,0.5009184102100032
5,008937,0,0.5004037025611338
5,008945,0,0.5001678799916194
5,008958,0,0.5025753314384972
5,008962,0,0.5013139941941953
5,008977,0,0.5003350319764533
5,008980,0,0.5002972583238093
5,008982,0,0.5005109132893083
5,008986,0,0.5067520967419461
5,008989,0,0.5003467092917083
5,008995,0,0.5009238642199674
5,009000,0,0.5016164470585273
5,009002,0,0.5004210540880656
5,009008,0,0.5005202943172912
5,009016,0,0.5001168735261553
5,009018,0,0.5006764063197169
5,009027,0,0.5049188196027682
5,009028,0,0.5014552059014259
5,009029,0,0.5005345769871045
5,009031,0,0.500475745595162
5,009035,0,0.5009794083534285
5,009038,0,0.5003804792739378
5,009039,0,0.500686740219661
5,009058,0,0.5061817110745137
5,009059,0,0.5010162985094736
5,009064,0,0.5001094810501739
5,009065,0,0.5047664166719964
5,009067,0,0.500462582453821
5,009070,0,0.5017430478927747
5,009071,0,0.5001912323237793
5,009080,0,0.5011307215843561
5,009098,0,0.5082476656358078
5,009099,0,0.5004889895699869
5,009102,0,0.5023851994840116
5,009106,0,0.500306076160104
5,009107,0,0.5010519681407516
5,009115,0,0.5000833138139683
5,009116,0,0.5008883771032145
5,009118,0,0.5009970476430796
5,009132,0,0.5024142104594987
5,009133,0,0.5000833138139683
5,009134,0,0.5000833138139683
5,009139,0,0.5014808091696507
5,009142,0,0.5001390726389371
5,009151,0,0.5001865180145765
5,009153,0,0.5001722778840723
5,009155,0,0.5002791445883396
5,009158,0,0.5004929725877089
5,009161,0,0.5002221904929524
5,009162,0,0.5029205499399262
5,009165,0,0.5003470696023876
5,009170,0,0.5003877907411577
5,009173,0,0.5044299310890688
5,009174,0,0.5021347058070958
5,009180,0,0.5002145380149103
5,009181,0,0.5002859819027824
5,009195,0,0.5003255100794715
5,009201,0,0.5012765414542827
5,009208,0,0.500277179443571
5,009209,0,0.5010276382971588
5,009210,0,0.5026136750941819
5,009218,0,0.5013244629602505
5,009227,0,0.5001223851674955
5,009231,0,0.5018155092909448
5,009238,0,0.500358949097845
5,009240,0,0.5010982549570512
5,009242,0,0.5046074316304403
5,009243,0,0.5005185556947559
5,009246,0,0.5003035939487903
5,009253,0,0.5001343637785525
5,009261,0,0.5007566959761057
5,009265,0,0.501816063376835
5,009276,0,0.500537410704279
5,009282,0,0.5001633058755883
5,009285,0,0.5002936432557323
5,009290,0,0.5019243598903841
5,009291,0,0.5000833138139683
5,009292,0,0.5001467950818722
5,009299,0,0.5005654402531082
5,009302,0,0.5002149860610113
5,009304,0,0.502661025690058
5,009323,0,0.5001056825719435
5,009324,0,0.5015745690194449
5,009326,0,0.5007474075296792
5,009327,0,0.5001766450444715
5,009339,0,0.5018032290968316
5,009355,0,0.5003118930258401
5,009361,0,0.5012235267238667
5,009372,0,0.5003444403832463
5,009377,0,0.5002646891775611
5,009379,0,0.5012920509773465
5,009383,0,0.5006299440824025
5,009389,0,0.5000932970453554
5,009391,0,0.5003176001256194
5,009399,0,0.5013969723981098
5,009400,0,0.5004399772117385
5,009401,0,0.5003627491851254
5,009403,0,0.5024133345784844
5,009405,0,0.500412261814077
5,009410,0,0.502016871254299
5,009414,0,0.5001626194630598
5,009418,0,0.5007470878522118
5,009428,0,0.5002443419927576
5,009429,0,0.5004366148683844
5,009430,0,0.5010490671973629
5,009432,0,0.5005235131586871
5,009433,0,0.5001859772064867
5,009436,0,0.5003125161294955
5,009440,0,0.5005027559227349
5,009441,0,0.5004495887486349
5,009453,0,0.5001399667666344
5,009454,0,0.5003677036323053
5,009461,0,0.5002691942949259
5,009464,0,0.5029163745656452
5,009468,0,0.5012348598681385
5,009472,0,0.5038251371494794
5,009476,0,0.5001552056329771
5,009478,0,0.5002010033916837
5,009483,0,0.5000833138139683
5,009484,0,0.5006316107603908
5,009486,0,0.5005907284549096
5,009489,0,0.5000833138139683
5,009495,0,0.500285303523776
5,009496,0,0.5001472987496501
5,009505,0,0.5087547131966471
5,009510,0,0.5005145099436672
5,009511,0,0.5014860630880836
5,009512,0,0.5027638494927035
5,009514,0,0.5002823204998754
5,009517,0,0.5006639086299552
5,009518,0,0.5008998488960781
5,009520,0,0.5002472888181259
5,009521,0,0.5006961633678042
5,009522,0,0.5030187030404477
5,009548,0,0.5004803813375647
5,009549,0,0.5013857487888037
5,009552,0,0.5046038675744531
5,009577,0,0.5015329484432699
5,009578,0,0.5037230793010888
5,009588,0,0.5001798756634525
5,009589,0,0.5003379516646855
5,009595,0,0.5002369009271781
5,009598,0,0.5352998573285378
5,009605,0,0.5005305940722243
5,009611,0,0.5082262955158812
5,009614,0,0.5001569951319045
5,009615,0,0.5042024818930865
5,009633,0,0.5003288353830324
5,009636,0,0.5002497354536686
5,009643,0,0.5002233418990893
5,009648,0,0.5005343194361137
5,009651,0,0.5004074281840625
5,009653,0,0.5002070865679485
5,009656,0,0.5002017160551716
5,009658,0,0.5024945198201689
5,009659,0,0.5011862456387308
5,009664,0,0.5009764547192365
5,009681,0,0.5004332269488518
5,009686,0,0.5001117865852155
5,009690,0,0.5018810995856247
5,009693,0,0.5004100192643494
5,009695,0,0.5051942724793154
5,009698,0,0.5002253332075798
5,009705,0,0.5002600600582302
5,009716,0,0.5001118736857605
5,009718,0,0.5015594510545037
5,009719,0,0.5004247063932522
5,009726,0,0.5027388549862828
5,009732,0,0.5005765459039481
5,009734,0,0.5009333261301956
5,009736,0,0.5022823148059802
5,009744,0,0.5007147427049008
5,009748,0,0.5004110503365693
5,009750,0,0.5005207575567905
5,009755,0,0.5023779190616008
5,009756,0,0.5013615279529605
5,009761,0,0.5014752600469022
5,009770,0,0.5007260070051468
5,009773,0,0.5046107391003845
5,009793,0,0.5003968190616462
5,009817,0,0.5004772294017004
5,009827,0,0.5021602440379678
5,009830,0,0.5034502843810933
5,009832,0,0.5025593783737641
5,009853,0,0.5006785904371945
5,009867,0,0.5009025575567704
5,009871,0,0.5011934423561438
5,009872,0,0.5007510744459823
5,009876,0,0.500504045956307
5,009881,0,0.500154010710173
5,009884,0,0.5063922104005348
5,009885,0,0.5001782272895889
5,009886,0,0.5002366999281357
5,009893,0,0.5001364250282321
5,009894,0,0.5016053608637127
5,009897,0,0.5006988490652455
5,009905,0,0.5008602232687628
5,009908,0,0.5009037159622273
5,009923,0,0.5000833138139683
5,009937,0,0.5030427220319733
5,009947,0,0.5001435331001499
5,009952,0,0.5036063156897526
5,009955,0,0.5004227234646744
5,009956,0,0.5002595875163102
5,009957,0,0.5056749503541674
5,009974,0,0.5032633679723022
5,009983,0,0.5001336334674529
5,009990,0,0.5001500269639578
5,010009,0,0.5035187483112614
5,010012,0,0.5000833138139683
5,010014,0,0.5004057351655623
5,010017,0,0.5016579386937168
5,010019,0,0.5004946802926244
5,010020,0,0.5000933800105668
5,010029,0,0.5011030766335222
5,010030,0,0.5000833138139683
5,010033,0,0.5001424792294313
5,010037,0,0.5045052311844914
5,010061,0,0.5009161941081091
5,010064,0,0.5017711263719464
5,010075,0,0.5026129489211015
5,010079,0,0.5030515600035991
5,010081,0,0.500823230528736
5,010090,0,0.5013910283573915
5,010092,0,0.5048217309442502
5,010096,0,0.5009669288778176
5,010112,0,0.5000981270036456
5,010124,0,0.5077109000330672
5,010127,0,0.500392988964099
5,010128,0,0.5026812806955648
5,010132,0,0.5015408908481891
5,010134,0,0.5004200391741326
5,010138,0,0.5001248608057164
5,010139,0,0.5005346458824103
5,010142,0,0.500160981872744
5,010148,0,0.5008232702511679
5,010152,0,0.5003484599737636
5,010163,0,0.5001450370886613
5,010180,0,0.504369930338226
5,010181,0,0.5001711183285615
5,010185,0,0.5001905918563586
5,010189,0,0.5001500555732368
5,010192,0,0.50009547109626
5,010194,0,0.5001214631499378
5,010196,0,0.5002267479468531
5,010206,0,0.5002325781802646
5,010215,0,0.5008319351700308
5,010217,0,0.5020925547404664
5,010224,0,0.5023302973834821
5,010236,0,0.5007743828880292
5,010237,0,0.5002694086913438
5,010254,0,0.5002662989134791
5,010259,0,0.5007028661359598
5,010264,0,0.5002049706611283
5,010266,0,0.5014549242134351
5,010267,0,0.5005391285510503
5,010274,0,0.5022918833100162
5,010284,0,0.5000833138139683
5,010300,0,0.5002018147004108
5,010303,0,0.5001464649293336
5,010311,0,0.5003707999009961
5,010313,0,0.5002126351588979
5,010315,0,0.5000969157033288
5,010317,0,0.5004557869868862
5,010328,0,0.5004308429418995
5,010330,0,0.510471320936976
5,010332,0,0.5003272653355644
5,010341,0,0.5000833138139683
5,010348,0,0.5012420435167682
5,010350,0,0.5002750821238423
5,010351,0,0.5001384532364317
5,010357,0,0.5002121876121607
5,010360,0,0.5013986190426368
5,010362,0,0.5003394631824755
5,010366,0,0.5010225008130202
5,010374,0,0.5015472072718989
5,010377,0,0.5000833138139683
5,010379,0,0.5003005386458308
5,010383,0,0.5006253140016431
5,010386,0,0.5011532767732425
5,010395,0,0.500404914119255
5,010403,0,0.5005682866615977
5,010404,0,0.5005735152734453
5,010412,0,0.5009372536532765
5,010437,0,0.5003657196303068
5,010443,0,0.5007194392360965
5,010454,0,0.5001867633418374
5,010464,0,0.5010791115009736
5,010466,0,0.5011775218795715
5,010468,0,0.5001083543184907
5,010479,0,0.5006153772276885
5,010485,0,0.5030678685255348
5,010486,0,0.5049420624929295
5,010487,0,0.5037839925015165
5,010497,0,0.5010732531715895
5,010504,0,0.5009187959238758
5,010505,0,0.5006757842662979
5,010517,0,0.5000833138139683
5,010527,0,0.5024989750977082
5,010529,0,0.5038756658355747
5,010531,0,0.5002277275474786
5,010532,0,0.5001309434144223
5,010549,0,0.5016938383277304
5,010551,0,0.5328435652362333
5,010552,0,0.5006067580711496
5,010561,0,0.5002291118993605
5,010563,0,0.5001827799203464
5,010567,0,0.5005143086612067
5,010574,0,0.5010173511197401
5,010576,0,0.5002634068468229
5,010581,0,0.5011490556796308
5,010589,0,0.5010591876275694
5,010593,0,0.50027219432003
5,010596,0,0.5002389962924387
5,010602,0,0.5002266119827898
5,010604,0,0.5004862618347063
5,010606,0,0.5001769608139797
5,010613,0,0.500122378858694
5,010617,0,0.5000833138139683
5,010631,0,0.5011110433971955
5,010636,0,0.5002757047362767
5,010640,0,0.5001811665704351
5,010645,0,0.5001174603832264
5,010651,0,0.5016969199099567
5,010652,0,0.5002226969169973
5,010655,0,0.5004045143997098
5,010656,0,0.5001926442563073
5,010672,0,0.5063009994054841
5,010674,0,0.5009626402907227
5,010678,0,0.5008691820744882
5,010683,0,0.5009091301873032
5,010685,0,0.5007553552302781
5,010690,0,0.5016336707280233
5,010693,0,0.5001535241688587
5,010705,0,0.5001832985773257
5,010709,0,0.5002606835001421
5,010710,0,0.5005052847153205
5,010713,0,0.5001666046929362
5,010717,0,0.5399226739119889
5,010732,0,0.5001034297829983
5,010733,0,0.5002487848351894
5,010734,0,0.5011081396813812
5,010736,0,0.5002739213241729
5,010737,0,0.5170624287096013
5,010741,0,0.5023596220947679
5,010748,0,0.5001427033107861
5,010750,0,0.5011817627039489
5,010760,0,0.5011747774668805
5,010761,0,0.5002045345891368
5,010763,0,0.5004637802570926
5,010768,0,0.5001227954909202
5,010769,0,0.500462249678057
5,010771,0,0.5000937697770951
5,010772,0,0.5002295223901777
5,010773,0,0.500676829249042
5,010785,0,0.5007108890647298
5,010790,0,0.5001985485342004
5,010792,0,0.5004998030381208
5,010801,0,0.5000833138139683
5,010805,0,0.5001129261428998
5,010809,0,0.5018027573368642
5,010813,0,0.5000930950915016
5,010816,0,0.5000833138139683
5,010817,0,0.5027466352198943
5,010820,0,0.5013715623788645
5,010831,0,0.5002943337764373
5,010836,0,0.5002427969426083
5,010847,0,0.5009495590891836
5,010849,0,0.500898400750921
5,010863,0,0.5092787151636378
5,010866,0,0.5001125286151162
5,010868,0,0.5003171140631367
5,010870,0,0.5001969625073788
5,010871,0,0.5016995798667119
5,010875,0,0.5023249079868716
5,010883,0,0.5017338463337697
5,010884,0,0.5006457238401131
5,010886,0,0.5102680004283878
5,010891,0,0.5056827198346049
5,010896,0,0.5046481731466933
5,010899,0,0.500630467052882
5,010908,0,0.5010225500415806
5,010912,0,0.5005061946938082
5,010923,0,0.500512436319828
5,010925,0,0.5011364767305299
5,010928,0,0.5037011668894519
5,010930,0,0.5000833138139683
5,010931,0,0.5034796925482478
5,010932,0,0.5002573458274364
5,010935,0,0.5031276290147508
5,010941,0,0.500104353406049
5,010947,0,0.5003705846661187
5,010954,0,0.5005612387142324
5,010964,0,0.5017607732685196
5,010974,0,0.50010291580856
5,010979,0,0.5000833138139683
5,010980,0,0.5015888150326908
5,011001,0,0.5008514862004627
5,011004,0,0.5001789556862964
5,011005,0,0.500805693935538
5,011007,0,0.5010274795356632
5,011024,0,0.5007186928569727
5,011025,0,0.5015027944920394
5,011026,0,0.5044002839221962
5,011029,0,0.5001842684857413
5,011036,0,0.5035430950976238
5,011042,0,0.5000833138139683
5,011052,0,0.5002946832355871
5,011053,0,0.5002010541405093
5,011060,0,0.5006692857397245
5,011062,0,0.5006292993341197
5,011063,0,0.5008875305744784
5,011066,0,0.5000833138139683
5,011077,0,0.5001397324971463
5,011079,0,0.5011050702422457
5,011083,0,0.5007973051951328
5,011097,0,0.5006135707693999
5,011098,0,0.5004749084994112
5,011103,0,0.5005175882691716
5,011106,0,0.5001056088407432
5,011130,0,0.5109201137367786
5,011135,0,0.5002652850112318
5,011137,0,0.5035992486844847
5,011145,0,0.5003719042847211
5,011146,0,0.500524334420599
5,011153,0,0.5005339869775937
5,011156,0,0.5002591040204475
5,011157,0,0.5002922979834727
5,011161,0,0.5009027000563375
5,011163,0,0.5004073813909258
5,011164,0,0.5005471703176315
5,011172,0,0.5008986041001771
5,011185,0,0.5002426834062178
5,011211,0,0.5011047201816629
5,011219,0,0.5043418639112949
5,011223,0,0.5020374352588245
5,011226,0,0.5007019156501139
5,011229,0,0.5010281019384792
5,011230,0,0.5021034103129005
5,011232,0,0.5001557371124848
5,011235,0,0.5004069488494357
5,011236,0,0.5001498100798213
5,011237,0,0.5007414002927535
5,011240,0,0.5009672663944414
5,011255,0,0.500157830341985
5,011256,0,0.5001144587670441
5,011259,0,0.5019915464809541
5,011267,0,0.5007946414549006
5,011269,0,0.500274625791754
5,011272,0,0.5006469931267598
5,011273,0,0.5003225552738632
5,011279,0,0.5009007788620884
5,011282,0,0.5002392164312894
5,011283,0,0.5015614117540538
5,011285,0,0.5004510622940943
5,011288,0,0.5007515137951499
5,011291,0,0.5014375256179124
5,011292,0,0.5005004027108002
5,011299,0,0.500190789519051
5,011301,0,0.500325824258664
5,011304,0,0.500901168260649
5,011308,0,0.5022178343879854
5,011311,0,0.500259295933881
5,011312,0,0.5001107349873937
5,011313,0,0.5001616223982417
5,011315,0,0.5001598101725441
5,011319,0,0.5050631293794018
5,011326,0,0.5029607729726587
5,011328,0,0.5003169780797428
5,011329,0,0.5002885037728526
5,011338,0,0.5001347936813543
5,011342,0,0.5008757236844423
5,011343,0,0.5003596640918232
5,011351,0,0.5004264433853902
5,011353,0,0.5002772117424117
5,011356,0,0.50029089821739
5,011368,0,0.5004230047061823
5,011372,0,0.5005310772290004
5,011373,0,0.50042328689738
5,011378,0,0.5020429148044465
5,011382,0,0.5001164913592271
5,011383,0,0.5014962405561911
5,011388,0,0.5001583872343967
5,011391,0,0.5006201652566687
5,011392,0,0.5001008214591958
5,011393,0,0.5012506601624245
5,011395,0,0.5004766660260086
5,011396,0,0.5021325934036162
5,011400,0,0.500491965232661
5,011409,0,0.5010452386345874
5,011410,0,0.5004992096256153
5,011418,0,0.5000982960362264
5,011422,0,0.5003300708321506
5,011423,0,0.503203826429373
5,011432,0,0.500606978920758
5,011435,0,0.5003404195497335
5,011439,0,0.5001799998767474
5,011448,0,0.5016363853171496
5,011449,0,0.500106877928987
5,011456,0,0.5000833138139683
5,011457,0,0.500369928990454
5,011460,0,0.5000833138139683
5,011470,0,0.5008051384964266
5,011471,0,0.5003664939961777
5,011476,0,0.5005474593904672
5,011483,0,0.5000937067740723
5,011485,0,0.5015581379189205
5,011489,0,0.5003828626339164
5,011497,0,0.5007602645038309
5,011503,0,0.5001118608969093
5,011507,0,0.5015639606768719
5,011509,0,0.5286732616048183
5,011516,0,0.5002724741647764
5,011521,0,0.5002344181545022
5,011527,0,0.500368554913927
5,011531,0,0.5019454719695075
5,011537,0,0.5005449046628558
5,011539,0,0.5002148223121442
5,011543,0,0.5009696775583724
5,011546,0,0.5000833138139683
5,011547,0,0.5002081328653941
5,011549,0,0.5007752536616719
5,011551,0,0.5061007103445496
5,011552,0,0.5001293520857653
5,011557,0,0.5002641697596427
5,011560,0,0.5045136949580505
5,011562,0,0.5002011905039745
5,011563,0,0.5005123014479875
5,011565,0,0.5019418997977856
5,011573,0,0.5003462864492123
5,011582,0,0.5005661097370748
5,011586,0,0.5009234738053042
5,011588,0,0.5001645281277655
5,011596,0,0.5001934102066209
5,011599,0,0.5003389321347707
5,011603,0,0.5016930209620504
5,011613,0,0.5052308228983207
5,011629,0,0.5003919149870352
5,011631,0,0.5005110502545254
5,011640,0,0.500252001552428
5,011641,0,0.5007269298502708
5,011645,0,0.5018193773069225
5,011647,0,0.5001223924614048
5,011648,0,0.5014446047589602
5,011655,0,0.5000997841702179
5,011659,0,0.5015656719204596
5,011664,0,0.5001762162694559
5,011666,0,0.5004161364721587
5,011668,0,0.5028258000497331
5,011670,0,0.5001392070766763
5,011673,0,0.5001155974914802
5,011675,0,0.5006247418016715
5,011677,0,0.5014137262348581
5,011678,0,0.5002428186820648
5,011679,0,0.5007677976974074
5,011682,0,0.5003442441207019
5,011684,0,0.5002050327828768
5,011687,0,0.5011759524003367
5,011688,0,0.500192684125263
5,011694,0,0.50345573374198
5,011707,0,0.5001827817370187
5,011708,0,0.5031494455218962
5,011717,0,0.5004706009338795
5,011727,0,0.5005170326387121
5,011728,0,0.5005303206804608
5,011729,0,0.5003255038782501
5,011735,0,0.5028048763629218
5,011738,0,0.500207189429212
5,011741,0,0.5004385125735121
5,011745,0,0.5001832985773257
5,011746,0,0.5004069488494357
5,011748,0,0.5012278839352358
5,011758,0,0.5006006587190148
5,011760,0,0.5039450211060578
5,011762,0,0.504722564587654
5,011764,0,0.5003266338577764
5,011772,0,0.5018590634695069
5,011785,0,0.5002691295769334
5,011787,0,0.5001634192194183
5,011790,0,0.5009276740870097
5,011795,0,0.5001243914138038
5,011802,0,0.5000833138139683
5,011808,0,0.5006201832865792
5,011813,0,0.5020256124377123
5,011814,0,0.5003019743244698
5,011815,0,0.5000935319034134
5,011817,0,0.500467409458637
5,011822,0,0.5000833138139683
5,011824,0,0.500343764578746
5,011832,0,0.5006110051843607
5,011843,0,0.5017379178227315
5,011846,0,0.5006441628163912
5,011847,0,0.5182880188206512
5,011859,0,0.5081341552976016
5,011866,0,0.5017256541046502
5,011867,0,0.5002346626111064
5,011881,0,0.5029157723341278
5,011887,0,0.503655255925092
5,011889,0,0.500317075004733
5,011911,0,0.5081933907824109
5,011917,0,0.500497887116339
5,011919,0,0.5006106030313825
5,011922,0,0.5002569017634684
5,011924,0,0.500366198621747
5,011939,0,0.5013431820276316
5,011947,0,0.5001399019947025
5,011951,0,0.5104260510532799
5,011953,0,0.5003389443258601
5,011958,0,0.5001098809145946
5,011963,0,0.5002815214493787
5,011968,0,0.5002044069103774
5,011970,0,0.5003543644442136
5,011976,0,0.5001417646836334
5,011978,0,0.5002895175314763
5,011989,0,0.5000833138139683
5,011991,0,0.5001621211912054
5,011993,0,0.5004130807856838
5,011996,0,0.5002110966110468
5,011999,0,0.5011223297277625
