motif,chi2,p_value,region
AACA,231.73842761606682,2.490156155882034e-52,1
CGAT,192.79454530341349,7.804857315963959e-44,1
TGAC,172.2970281131035,2.3307293334533482e-39,1
TATAT,162.81657180693185,2.7434294215377744e-37,1
AGAC,156.46645355813698,6.694807926659861e-36,1
TATT,250.40155279910886,2.122744989880743e-56,2
TATA,243.5097624487532,6.752168684304277e-55,2
TATAT,219.08220591509576,1.4341010198020415e-49,2
GCAC,199.76859878562846,2.346005167835495e-45,2
CATG,190.3889178335528,2.6148039180212766e-43,2
TATT,260.2768282720326,1.4933936838622326e-58,3
TATA,253.23826904218183,5.110761482907967e-57,3
TATAT,224.4523570333445,9.666162824116979e-51,3
ATTT,171.86070205737934,2.9025734778803787e-39,3
AATT,169.16893612416214,1.1237809648823736e-38,3
TCAA,159.34104333553373,1.576246851868837e-36,4
TCAG,156.7222482547574,5.886304086906036e-36,4
TGTC,145.1687569492312,1.9727254009076108e-33,4
TGAT,140.32567203563298,2.2594220726360707e-32,4
CTAC,139.2663604516378,3.8516486757818444e-32,4
