motif,chi2,p_value,region
CGTGT,334.05242796539534,1.2594449500925395e-74,1
GTCGTG,306.01794648675263,1.6095559706503507e-68,1
TCGTGT,251.39545000836088,1.2889091721174734e-56,1
CGTG,202.6752948732738,5.445547675959611e-46,1
CGTGTG,202.39488987413466,6.269436006442862e-46,1
CGTGT,372.0681964061318,6.635703740154788e-83,2
GTCGTG,333.04693964614495,2.0853018520622473e-74,2
TCGTGT,274.4703051250323,1.204078376715178e-61,2
CGTG,242.75331696067352,9.871280425533973e-55,2
CGTGTG,221.50928446782493,4.238138666293235e-50,2
CGTGT,378.05687186051046,3.2962002704202803e-84,3
TCGTGT,278.084745452864,1.963217043134838e-62,3
CGTG,249.19926774322883,3.8815718549786345e-56,3
TCGTG,204.57163399081907,2.100167094847288e-46,3
CGTCGT,172.7366271264888,1.868473923336434e-39,3
CGTGT,367.4953738355182,6.569522393007869e-82,4
GTCGTG,329.80404552758654,1.0603922404962433e-73,4
TCGTGT,271.7009374036048,4.8328308045816596e-61,4
CGTG,237.8761633203334,1.142365635663547e-53,4
CGTGTG,219.21462025549135,1.3418263058001308e-49,4
